[0.000000] (-) TimerEvent: {}
[0.000322] (px4_msgs) JobQueued: {'identifier': 'px4_msgs', 'dependencies': OrderedDict()}
[0.000382] (px4_ros2_cpp) JobQueued: {'identifier': 'px4_ros2_cpp', 'dependencies': OrderedDict([('px4_msgs', '/root/ws_sensor_combined/install/px4_msgs')])}
[0.000410] (px4_ros_com) JobQueued: {'identifier': 'px4_ros_com', 'dependencies': OrderedDict([('px4_msgs', '/root/ws_sensor_combined/install/px4_msgs')])}
[0.000447] (example_executor_with_multiple_modes_cpp) JobQueued: {'identifier': 'example_executor_with_multiple_modes_cpp', 'dependencies': OrderedDict([('px4_msgs', '/root/ws_sensor_combined/install/px4_msgs'), ('px4_ros2_cpp', '/root/ws_sensor_combined/install/px4_ros2_cpp')])}
[0.000912] (example_global_navigation_cpp) JobQueued: {'identifier': 'example_global_navigation_cpp', 'dependencies': OrderedDict([('px4_msgs', '/root/ws_sensor_combined/install/px4_msgs'), ('px4_ros2_cpp', '/root/ws_sensor_combined/install/px4_ros2_cpp')])}
[0.000951] (example_local_navigation_cpp) JobQueued: {'identifier': 'example_local_navigation_cpp', 'dependencies': OrderedDict([('px4_msgs', '/root/ws_sensor_combined/install/px4_msgs'), ('px4_ros2_cpp', '/root/ws_sensor_combined/install/px4_ros2_cpp')])}
[0.000984] (example_mode_fw_attitude_cpp) JobQueued: {'identifier': 'example_mode_fw_attitude_cpp', 'dependencies': OrderedDict([('px4_msgs', '/root/ws_sensor_combined/install/px4_msgs'), ('px4_ros2_cpp', '/root/ws_sensor_combined/install/px4_ros2_cpp')])}
[0.001012] (example_mode_goto_cpp) JobQueued: {'identifier': 'example_mode_goto_cpp', 'dependencies': OrderedDict([('px4_msgs', '/root/ws_sensor_combined/install/px4_msgs'), ('px4_ros2_cpp', '/root/ws_sensor_combined/install/px4_ros2_cpp')])}
[0.001038] (example_mode_goto_global_cpp) JobQueued: {'identifier': 'example_mode_goto_global_cpp', 'dependencies': OrderedDict([('px4_msgs', '/root/ws_sensor_combined/install/px4_msgs'), ('px4_ros2_cpp', '/root/ws_sensor_combined/install/px4_ros2_cpp')])}
[0.001072] (example_mode_manual_cpp) JobQueued: {'identifier': 'example_mode_manual_cpp', 'dependencies': OrderedDict([('px4_msgs', '/root/ws_sensor_combined/install/px4_msgs'), ('px4_ros2_cpp', '/root/ws_sensor_combined/install/px4_ros2_cpp')])}
[0.001101] (example_mode_rtl_replacement_cpp) JobQueued: {'identifier': 'example_mode_rtl_replacement_cpp', 'dependencies': OrderedDict([('px4_msgs', '/root/ws_sensor_combined/install/px4_msgs'), ('px4_ros2_cpp', '/root/ws_sensor_combined/install/px4_ros2_cpp')])}
[0.001137] (example_mode_vtol_cpp) JobQueued: {'identifier': 'example_mode_vtol_cpp', 'dependencies': OrderedDict([('px4_msgs', '/root/ws_sensor_combined/install/px4_msgs'), ('px4_ros2_cpp', '/root/ws_sensor_combined/install/px4_ros2_cpp')])}
[0.001177] (example_mode_with_executor_cpp) JobQueued: {'identifier': 'example_mode_with_executor_cpp', 'dependencies': OrderedDict([('px4_msgs', '/root/ws_sensor_combined/install/px4_msgs'), ('px4_ros2_cpp', '/root/ws_sensor_combined/install/px4_ros2_cpp')])}
[0.001211] (px4_msgs) JobStarted: {'identifier': 'px4_msgs'}
[0.014748] (px4_msgs) JobProgress: {'identifier': 'px4_msgs', 'progress': 'cmake'}
[0.016345] (px4_msgs) JobProgress: {'identifier': 'px4_msgs', 'progress': 'build'}
[0.017152] (px4_msgs) Command: {'cmd': ['/usr/bin/cmake', '--build', '/root/ws_sensor_combined/build/px4_msgs', '--', '-j20', '-l20'], 'cwd': '/root/ws_sensor_combined/build/px4_msgs', 'env': OrderedDict([('LESSOPEN', '| /usr/bin/lesspipe %s'), ('USER', 'root'), ('GIT_ASKPASS', '/root/.vscode-server/bin/360a4e4fd251bfce169a4ddf857c7d25d1ad40da/extensions/git/dist/askpass.sh'), ('SHLVL', '2'), ('LD_LIBRARY_PATH', '/root/ws_sensor_combined/install/px4_ros_com/lib:/root/ws_sensor_combined/install/px4_ros2_cpp/lib:/root/ws_sensor_combined/install/px4_msgs/lib:/opt/ros/humble/opt/rviz_ogre_vendor/lib:/opt/ros/humble/lib/x86_64-linux-gnu:/opt/ros/humble/lib'), ('WT_PROFILE_ID', '{4ff56d04-d9cf-57ea-bae2-ad396374e7e3}'), ('HOME', '/root'), ('TERM_PROGRAM_VERSION', '1.103.1'), ('VSCODE_IPC_HOOK_CLI', '/run/user/0/vscode-ipc-7c4c6447-ae3c-495f-b12e-4b258fca685d.sock'), ('ROS_PYTHON_VERSION', '3'), ('VSCODE_GIT_ASKPASS_MAIN', '/root/.vscode-server/bin/360a4e4fd251bfce169a4ddf857c7d25d1ad40da/extensions/git/dist/askpass-main.js'), ('VSCODE_GIT_ASKPASS_NODE', '/root/.vscode-server/bin/360a4e4fd251bfce169a4ddf857c7d25d1ad40da/node'), ('PYDEVD_DISABLE_FILE_VALIDATION', '1'), ('BUNDLED_DEBUGPY_PATH', '/root/.vscode-server/extensions/ms-python.debugpy-2025.10.0-linux-x64/bundled/libs/debugpy'), ('DBUS_SESSION_BUS_ADDRESS', 'unix:path=/run/user/0/bus'), ('COLORTERM', 'truecolor'), ('WSL_DISTRO_NAME', 'Ubuntu-22.04'), ('DEBUGINFOD_URLS', ''), ('WAYLAND_DISPLAY', 'wayland-0'), ('COLCON_PREFIX_PATH', '/root/ws_sensor_combined/install'), ('ROS_DISTRO', 'humble'), ('LOGNAME', 'root'), ('NAME', 'Code'), ('WSL_INTEROP', '/run/WSL/487_interop'), ('PULSE_SERVER', 'unix:/mnt/wslg/PulseServer'), ('_', '/usr/bin/colcon'), ('ROS_VERSION', '2'), ('TERM', 'xterm-256color'), ('ROS_LOCALHOST_ONLY', '0'), ('PATH', '/root/.vscode-server/bin/360a4e4fd251bfce169a4ddf857c7d25d1ad40da/bin/remote-cli:/opt/ros/humble/bin:/usr/local/sbin:/usr/local/bin:/usr/sbin:/usr/bin:/sbin:/bin:/usr/games:/usr/local/games:/usr/lib/wsl/lib:/mnt/c/Windows/system32:/mnt/c/Windows:/mnt/c/Windows/System32/Wbem:/mnt/c/Windows/System32/WindowsPowerShell/v1.0/:/mnt/c/Windows/System32/OpenSSH/:/mnt/c/Program Files (x86)/NVIDIA Corporation/PhysX/Common:/mnt/c/WINDOWS/system32:/mnt/c/WINDOWS:/mnt/c/WINDOWS/System32/Wbem:/mnt/c/WINDOWS/System32/WindowsPowerShell/v1.0/:/mnt/c/WINDOWS/System32/OpenSSH/:/mnt/c/Program Files/dotnet/:/mnt/c/Program Files/NVIDIA Corporation/NVIDIA App/NvDLISR:/mnt/c/Program Files/Git/cmd:/mnt/c/Users/chris/AppData/Local/Microsoft/WindowsApps:/mnt/c/Users/chris/AppData/Local/Programs/Microsoft VS Code/bin:/snap/bin:/root/.vscode-server/extensions/ms-python.debugpy-2025.10.0-linux-x64/bundled/scripts/noConfigScripts:/root/.vscode-server/data/User/globalStorage/github.copilot-chat/debugCommand'), ('WT_SESSION', '402ded2a-7e1d-4116-8c7a-81d3b47e82bd'), ('XDG_RUNTIME_DIR', '/run/user/0/'), ('DISPLAY', ':0'), ('VSCODE_DEBUGPY_ADAPTER_ENDPOINTS', '/root/.vscode-server/extensions/ms-python.debugpy-2025.10.0-linux-x64/.noConfigDebugAdapterEndpoints/endpoint-d6e2528f5321a076.txt'), ('LANG', 'en_US.UTF-8'), ('LS_COLORS', 'rs=0:di=01;34:ln=01;36:mh=00:pi=40;33:so=01;35:do=01;35:bd=40;33;01:cd=40;33;01:or=40;31;01:mi=00:su=37;41:sg=30;43:ca=30;41:tw=30;42:ow=34;42:st=37;44:ex=01;32:*.tar=01;31:*.tgz=01;31:*.arc=01;31:*.arj=01;31:*.taz=01;31:*.lha=01;31:*.lz4=01;31:*.lzh=01;31:*.lzma=01;31:*.tlz=01;31:*.txz=01;31:*.tzo=01;31:*.t7z=01;31:*.zip=01;31:*.z=01;31:*.dz=01;31:*.gz=01;31:*.lrz=01;31:*.lz=01;31:*.lzo=01;31:*.xz=01;31:*.zst=01;31:*.tzst=01;31:*.bz2=01;31:*.bz=01;31:*.tbz=01;31:*.tbz2=01;31:*.tz=01;31:*.deb=01;31:*.rpm=01;31:*.jar=01;31:*.war=01;31:*.ear=01;31:*.sar=01;31:*.rar=01;31:*.alz=01;31:*.ace=01;31:*.zoo=01;31:*.cpio=01;31:*.7z=01;31:*.rz=01;31:*.cab=01;31:*.wim=01;31:*.swm=01;31:*.dwm=01;31:*.esd=01;31:*.jpg=01;35:*.jpeg=01;35:*.mjpg=01;35:*.mjpeg=01;35:*.gif=01;35:*.bmp=01;35:*.pbm=01;35:*.pgm=01;35:*.ppm=01;35:*.tga=01;35:*.xbm=01;35:*.xpm=01;35:*.tif=01;35:*.tiff=01;35:*.png=01;35:*.svg=01;35:*.svgz=01;35:*.mng=01;35:*.pcx=01;35:*.mov=01;35:*.mpg=01;35:*.mpeg=01;35:*.m2v=01;35:*.mkv=01;35:*.webm=01;35:*.webp=01;35:*.ogm=01;35:*.mp4=01;35:*.m4v=01;35:*.mp4v=01;35:*.vob=01;35:*.qt=01;35:*.nuv=01;35:*.wmv=01;35:*.asf=01;35:*.rm=01;35:*.rmvb=01;35:*.flc=01;35:*.avi=01;35:*.fli=01;35:*.flv=01;35:*.gl=01;35:*.dl=01;35:*.xcf=01;35:*.xwd=01;35:*.yuv=01;35:*.cgm=01;35:*.emf=01;35:*.ogv=01;35:*.ogx=01;35:*.aac=00;36:*.au=00;36:*.flac=00;36:*.m4a=00;36:*.mid=00;36:*.midi=00;36:*.mka=00;36:*.mp3=00;36:*.mpc=00;36:*.ogg=00;36:*.ra=00;36:*.wav=00;36:*.oga=00;36:*.opus=00;36:*.spx=00;36:*.xspf=00;36:'), ('VSCODE_GIT_IPC_HANDLE', '/run/user/0/vscode-git-c1d1440c90.sock'), ('TERM_PROGRAM', 'vscode'), ('AMENT_PREFIX_PATH', '/root/ws_sensor_combined/install/px4_ros_com:/root/ws_sensor_combined/install/example_mode_with_executor_cpp:/root/ws_sensor_combined/install/example_mode_vtol_cpp:/root/ws_sensor_combined/install/example_mode_rtl_replacement_cpp:/root/ws_sensor_combined/install/example_mode_manual_cpp:/root/ws_sensor_combined/install/example_mode_goto_global_cpp:/root/ws_sensor_combined/install/example_mode_goto_cpp:/root/ws_sensor_combined/install/example_mode_fw_attitude_cpp:/root/ws_sensor_combined/install/example_local_navigation_cpp:/root/ws_sensor_combined/install/example_global_navigation_cpp:/root/ws_sensor_combined/install/example_executor_with_multiple_modes_cpp:/root/ws_sensor_combined/install/px4_ros2_cpp:/root/ws_sensor_combined/install/px4_msgs:/opt/ros/humble'), ('SHELL', '/bin/bash'), ('LESSCLOSE', '/usr/bin/lesspipe %s %s'), ('VSCODE_GIT_ASKPASS_EXTRA_ARGS', ''), ('PWD', '/root/ws_sensor_combined/build/px4_msgs'), ('XDG_DATA_DIRS', '/usr/local/share:/usr/share:/var/lib/snapd/desktop'), ('PYTHONPATH', '/root/ws_sensor_combined/install/px4_ros_com/local/lib/python3.10/dist-packages:/root/ws_sensor_combined/install/px4_msgs/local/lib/python3.10/dist-packages:/opt/ros/humble/lib/python3.10/site-packages:/opt/ros/humble/local/lib/python3.10/dist-packages'), ('COLCON', '1'), ('WSL2_GUI_APPS_ENABLED', '1'), ('HOSTTYPE', 'x86_64'), ('CMAKE_PREFIX_PATH', '/root/ws_sensor_combined/install/px4_ros_com:/root/ws_sensor_combined/install/example_mode_with_executor_cpp:/root/ws_sensor_combined/install/example_mode_vtol_cpp:/root/ws_sensor_combined/install/example_mode_rtl_replacement_cpp:/root/ws_sensor_combined/install/example_mode_manual_cpp:/root/ws_sensor_combined/install/example_mode_goto_global_cpp:/root/ws_sensor_combined/install/example_mode_goto_cpp:/root/ws_sensor_combined/install/example_mode_fw_attitude_cpp:/root/ws_sensor_combined/install/example_local_navigation_cpp:/root/ws_sensor_combined/install/example_global_navigation_cpp:/root/ws_sensor_combined/install/example_executor_with_multiple_modes_cpp:/root/ws_sensor_combined/install/px4_ros2_cpp:/root/ws_sensor_combined/install/px4_msgs:/opt/ros/humble'), ('WSLENV', 'ELECTRON_RUN_AS_NODE/w:WT_SESSION:WT_PROFILE_ID:')]), 'shell': False}
[0.099714] (-) TimerEvent: {}
[0.200134] (-) TimerEvent: {}
[0.300618] (-) TimerEvent: {}
[0.401271] (-) TimerEvent: {}
[0.501655] (-) TimerEvent: {}
[0.601994] (-) TimerEvent: {}
[0.610353] (px4_msgs) StdoutLine: {'line': b'[  0%] Built target ament_cmake_python_symlink_px4_msgs\n'}
[0.633115] (px4_msgs) StdoutLine: {'line': b'[  0%] Built target px4_msgs__cpp\n'}
[0.671435] (px4_msgs) StdoutLine: {'line': b'[ 12%] Built target px4_msgs__rosidl_generator_c\n'}
[0.702235] (-) TimerEvent: {}
[0.726193] (px4_msgs) StdoutLine: {'line': b'[ 24%] Built target px4_msgs__rosidl_typesupport_cpp\n'}
[0.735418] (px4_msgs) StdoutLine: {'line': b'[ 44%] Built target px4_msgs__rosidl_typesupport_c\n'}
[0.735646] (px4_msgs) StdoutLine: {'line': b'[ 50%] Built target px4_msgs__rosidl_typesupport_introspection_cpp\n'}
[0.741198] (px4_msgs) StdoutLine: {'line': b'[ 63%] Built target px4_msgs__rosidl_typesupport_introspection_c\n'}
[0.751290] (px4_msgs) StdoutLine: {'line': b'[ 75%] Built target px4_msgs__rosidl_typesupport_fastrtps_cpp\n'}
[0.766267] (px4_msgs) StdoutLine: {'line': b'[ 88%] Built target px4_msgs__rosidl_typesupport_fastrtps_c\n'}
[0.782341] (px4_msgs) StdoutLine: {'line': b'running egg_info\n'}
[0.782829] (px4_msgs) StdoutLine: {'line': b'[ 88%] Built target px4_msgs\n'}
[0.792241] (px4_msgs) StdoutLine: {'line': b'writing px4_msgs.egg-info/PKG-INFO\n'}
[0.793401] (px4_msgs) StdoutLine: {'line': b'writing dependency_links to px4_msgs.egg-info/dependency_links.txt\n'}
[0.793727] (px4_msgs) StdoutLine: {'line': b'writing top-level names to px4_msgs.egg-info/top_level.txt\n'}
[0.802417] (-) TimerEvent: {}
[0.812981] (px4_msgs) StdoutLine: {'line': b'[ 88%] Built target px4_msgs__py\n'}
[0.821527] (px4_msgs) StdoutLine: {'line': b"reading manifest file 'px4_msgs.egg-info/SOURCES.txt'\n"}
[0.825651] (px4_msgs) StdoutLine: {'line': b"writing manifest file 'px4_msgs.egg-info/SOURCES.txt'\n"}
[0.846471] (px4_msgs) StdoutLine: {'line': b'[ 88%] Built target ament_cmake_python_build_px4_msgs_egg\n'}
[0.892256] (px4_msgs) StdoutLine: {'line': b'[100%] Built target px4_msgs__rosidl_generator_py\n'}
[0.902547] (-) TimerEvent: {}
[0.913115] (px4_msgs) StdoutLine: {'line': b'[100%] Built target px4_msgs__rosidl_typesupport_fastrtps_c__pyext\n'}
[0.913408] (px4_msgs) StdoutLine: {'line': b'[100%] Built target px4_msgs__rosidl_typesupport_introspection_c__pyext\n'}
[0.913789] (px4_msgs) StdoutLine: {'line': b'[100%] Built target px4_msgs__rosidl_typesupport_c__pyext\n'}
[0.922744] (px4_msgs) CommandEnded: {'returncode': 0}
[0.924103] (px4_msgs) JobProgress: {'identifier': 'px4_msgs', 'progress': 'install'}
[0.930548] (px4_msgs) Command: {'cmd': ['/usr/bin/cmake', '--install', '/root/ws_sensor_combined/build/px4_msgs'], 'cwd': '/root/ws_sensor_combined/build/px4_msgs', 'env': OrderedDict([('LESSOPEN', '| /usr/bin/lesspipe %s'), ('USER', 'root'), ('GIT_ASKPASS', '/root/.vscode-server/bin/360a4e4fd251bfce169a4ddf857c7d25d1ad40da/extensions/git/dist/askpass.sh'), ('SHLVL', '2'), ('LD_LIBRARY_PATH', '/root/ws_sensor_combined/install/px4_ros_com/lib:/root/ws_sensor_combined/install/px4_ros2_cpp/lib:/root/ws_sensor_combined/install/px4_msgs/lib:/opt/ros/humble/opt/rviz_ogre_vendor/lib:/opt/ros/humble/lib/x86_64-linux-gnu:/opt/ros/humble/lib'), ('WT_PROFILE_ID', '{4ff56d04-d9cf-57ea-bae2-ad396374e7e3}'), ('HOME', '/root'), ('TERM_PROGRAM_VERSION', '1.103.1'), ('VSCODE_IPC_HOOK_CLI', '/run/user/0/vscode-ipc-7c4c6447-ae3c-495f-b12e-4b258fca685d.sock'), ('ROS_PYTHON_VERSION', '3'), ('VSCODE_GIT_ASKPASS_MAIN', '/root/.vscode-server/bin/360a4e4fd251bfce169a4ddf857c7d25d1ad40da/extensions/git/dist/askpass-main.js'), ('VSCODE_GIT_ASKPASS_NODE', '/root/.vscode-server/bin/360a4e4fd251bfce169a4ddf857c7d25d1ad40da/node'), ('PYDEVD_DISABLE_FILE_VALIDATION', '1'), ('BUNDLED_DEBUGPY_PATH', '/root/.vscode-server/extensions/ms-python.debugpy-2025.10.0-linux-x64/bundled/libs/debugpy'), ('DBUS_SESSION_BUS_ADDRESS', 'unix:path=/run/user/0/bus'), ('COLORTERM', 'truecolor'), ('WSL_DISTRO_NAME', 'Ubuntu-22.04'), ('DEBUGINFOD_URLS', ''), ('WAYLAND_DISPLAY', 'wayland-0'), ('COLCON_PREFIX_PATH', '/root/ws_sensor_combined/install'), ('ROS_DISTRO', 'humble'), ('LOGNAME', 'root'), ('NAME', 'Code'), ('WSL_INTEROP', '/run/WSL/487_interop'), ('PULSE_SERVER', 'unix:/mnt/wslg/PulseServer'), ('_', '/usr/bin/colcon'), ('ROS_VERSION', '2'), ('TERM', 'xterm-256color'), ('ROS_LOCALHOST_ONLY', '0'), ('PATH', '/root/.vscode-server/bin/360a4e4fd251bfce169a4ddf857c7d25d1ad40da/bin/remote-cli:/opt/ros/humble/bin:/usr/local/sbin:/usr/local/bin:/usr/sbin:/usr/bin:/sbin:/bin:/usr/games:/usr/local/games:/usr/lib/wsl/lib:/mnt/c/Windows/system32:/mnt/c/Windows:/mnt/c/Windows/System32/Wbem:/mnt/c/Windows/System32/WindowsPowerShell/v1.0/:/mnt/c/Windows/System32/OpenSSH/:/mnt/c/Program Files (x86)/NVIDIA Corporation/PhysX/Common:/mnt/c/WINDOWS/system32:/mnt/c/WINDOWS:/mnt/c/WINDOWS/System32/Wbem:/mnt/c/WINDOWS/System32/WindowsPowerShell/v1.0/:/mnt/c/WINDOWS/System32/OpenSSH/:/mnt/c/Program Files/dotnet/:/mnt/c/Program Files/NVIDIA Corporation/NVIDIA App/NvDLISR:/mnt/c/Program Files/Git/cmd:/mnt/c/Users/chris/AppData/Local/Microsoft/WindowsApps:/mnt/c/Users/chris/AppData/Local/Programs/Microsoft VS Code/bin:/snap/bin:/root/.vscode-server/extensions/ms-python.debugpy-2025.10.0-linux-x64/bundled/scripts/noConfigScripts:/root/.vscode-server/data/User/globalStorage/github.copilot-chat/debugCommand'), ('WT_SESSION', '402ded2a-7e1d-4116-8c7a-81d3b47e82bd'), ('XDG_RUNTIME_DIR', '/run/user/0/'), ('DISPLAY', ':0'), ('VSCODE_DEBUGPY_ADAPTER_ENDPOINTS', '/root/.vscode-server/extensions/ms-python.debugpy-2025.10.0-linux-x64/.noConfigDebugAdapterEndpoints/endpoint-d6e2528f5321a076.txt'), ('LANG', 'en_US.UTF-8'), ('LS_COLORS', 'rs=0:di=01;34:ln=01;36:mh=00:pi=40;33:so=01;35:do=01;35:bd=40;33;01:cd=40;33;01:or=40;31;01:mi=00:su=37;41:sg=30;43:ca=30;41:tw=30;42:ow=34;42:st=37;44:ex=01;32:*.tar=01;31:*.tgz=01;31:*.arc=01;31:*.arj=01;31:*.taz=01;31:*.lha=01;31:*.lz4=01;31:*.lzh=01;31:*.lzma=01;31:*.tlz=01;31:*.txz=01;31:*.tzo=01;31:*.t7z=01;31:*.zip=01;31:*.z=01;31:*.dz=01;31:*.gz=01;31:*.lrz=01;31:*.lz=01;31:*.lzo=01;31:*.xz=01;31:*.zst=01;31:*.tzst=01;31:*.bz2=01;31:*.bz=01;31:*.tbz=01;31:*.tbz2=01;31:*.tz=01;31:*.deb=01;31:*.rpm=01;31:*.jar=01;31:*.war=01;31:*.ear=01;31:*.sar=01;31:*.rar=01;31:*.alz=01;31:*.ace=01;31:*.zoo=01;31:*.cpio=01;31:*.7z=01;31:*.rz=01;31:*.cab=01;31:*.wim=01;31:*.swm=01;31:*.dwm=01;31:*.esd=01;31:*.jpg=01;35:*.jpeg=01;35:*.mjpg=01;35:*.mjpeg=01;35:*.gif=01;35:*.bmp=01;35:*.pbm=01;35:*.pgm=01;35:*.ppm=01;35:*.tga=01;35:*.xbm=01;35:*.xpm=01;35:*.tif=01;35:*.tiff=01;35:*.png=01;35:*.svg=01;35:*.svgz=01;35:*.mng=01;35:*.pcx=01;35:*.mov=01;35:*.mpg=01;35:*.mpeg=01;35:*.m2v=01;35:*.mkv=01;35:*.webm=01;35:*.webp=01;35:*.ogm=01;35:*.mp4=01;35:*.m4v=01;35:*.mp4v=01;35:*.vob=01;35:*.qt=01;35:*.nuv=01;35:*.wmv=01;35:*.asf=01;35:*.rm=01;35:*.rmvb=01;35:*.flc=01;35:*.avi=01;35:*.fli=01;35:*.flv=01;35:*.gl=01;35:*.dl=01;35:*.xcf=01;35:*.xwd=01;35:*.yuv=01;35:*.cgm=01;35:*.emf=01;35:*.ogv=01;35:*.ogx=01;35:*.aac=00;36:*.au=00;36:*.flac=00;36:*.m4a=00;36:*.mid=00;36:*.midi=00;36:*.mka=00;36:*.mp3=00;36:*.mpc=00;36:*.ogg=00;36:*.ra=00;36:*.wav=00;36:*.oga=00;36:*.opus=00;36:*.spx=00;36:*.xspf=00;36:'), ('VSCODE_GIT_IPC_HANDLE', '/run/user/0/vscode-git-c1d1440c90.sock'), ('TERM_PROGRAM', 'vscode'), ('AMENT_PREFIX_PATH', '/root/ws_sensor_combined/install/px4_ros_com:/root/ws_sensor_combined/install/example_mode_with_executor_cpp:/root/ws_sensor_combined/install/example_mode_vtol_cpp:/root/ws_sensor_combined/install/example_mode_rtl_replacement_cpp:/root/ws_sensor_combined/install/example_mode_manual_cpp:/root/ws_sensor_combined/install/example_mode_goto_global_cpp:/root/ws_sensor_combined/install/example_mode_goto_cpp:/root/ws_sensor_combined/install/example_mode_fw_attitude_cpp:/root/ws_sensor_combined/install/example_local_navigation_cpp:/root/ws_sensor_combined/install/example_global_navigation_cpp:/root/ws_sensor_combined/install/example_executor_with_multiple_modes_cpp:/root/ws_sensor_combined/install/px4_ros2_cpp:/root/ws_sensor_combined/install/px4_msgs:/opt/ros/humble'), ('SHELL', '/bin/bash'), ('LESSCLOSE', '/usr/bin/lesspipe %s %s'), ('VSCODE_GIT_ASKPASS_EXTRA_ARGS', ''), ('PWD', '/root/ws_sensor_combined/build/px4_msgs'), ('XDG_DATA_DIRS', '/usr/local/share:/usr/share:/var/lib/snapd/desktop'), ('PYTHONPATH', '/root/ws_sensor_combined/install/px4_ros_com/local/lib/python3.10/dist-packages:/root/ws_sensor_combined/install/px4_msgs/local/lib/python3.10/dist-packages:/opt/ros/humble/lib/python3.10/site-packages:/opt/ros/humble/local/lib/python3.10/dist-packages'), ('COLCON', '1'), ('WSL2_GUI_APPS_ENABLED', '1'), ('HOSTTYPE', 'x86_64'), ('CMAKE_PREFIX_PATH', '/root/ws_sensor_combined/install/px4_ros_com:/root/ws_sensor_combined/install/example_mode_with_executor_cpp:/root/ws_sensor_combined/install/example_mode_vtol_cpp:/root/ws_sensor_combined/install/example_mode_rtl_replacement_cpp:/root/ws_sensor_combined/install/example_mode_manual_cpp:/root/ws_sensor_combined/install/example_mode_goto_global_cpp:/root/ws_sensor_combined/install/example_mode_goto_cpp:/root/ws_sensor_combined/install/example_mode_fw_attitude_cpp:/root/ws_sensor_combined/install/example_local_navigation_cpp:/root/ws_sensor_combined/install/example_global_navigation_cpp:/root/ws_sensor_combined/install/example_executor_with_multiple_modes_cpp:/root/ws_sensor_combined/install/px4_ros2_cpp:/root/ws_sensor_combined/install/px4_msgs:/opt/ros/humble'), ('WSLENV', 'ELECTRON_RUN_AS_NODE/w:WT_SESSION:WT_PROFILE_ID:')]), 'shell': False}
[0.940146] (px4_msgs) StdoutLine: {'line': b'-- Install configuration: ""\n'}
[0.943319] (px4_msgs) StdoutLine: {'line': b'-- Execute custom install script\n'}
[0.944281] (px4_msgs) StdoutLine: {'line': b'-- Up-to-date symlink: /root/ws_sensor_combined/install/px4_msgs/share/ament_index/resource_index/rosidl_interfaces/px4_msgs\n'}
[0.950942] (px4_msgs) StdoutLine: {'line': b'-- Up-to-date symlink: /root/ws_sensor_combined/install/px4_msgs/include/px4_msgs/px4_msgs/msg/action_request.h\n'}
[0.951235] (px4_msgs) StdoutLine: {'line': b'-- Up-to-date symlink: /root/ws_sensor_combined/install/px4_msgs/include/px4_msgs/px4_msgs/msg/actuator_armed.h\n'}
[0.951354] (px4_msgs) StdoutLine: {'line': b'-- Up-to-date symlink: /root/ws_sensor_combined/install/px4_msgs/include/px4_msgs/px4_msgs/msg/actuator_controls_status.h\n'}
[0.951555] (px4_msgs) StdoutLine: {'line': b'-- Up-to-date symlink: /root/ws_sensor_combined/install/px4_msgs/include/px4_msgs/px4_msgs/msg/actuator_motors.h\n'}
[0.951628] (px4_msgs) StdoutLine: {'line': b'-- Up-to-date symlink: /root/ws_sensor_combined/install/px4_msgs/include/px4_msgs/px4_msgs/msg/actuator_outputs.h\n'}
[0.951704] (px4_msgs) StdoutLine: {'line': b'-- Up-to-date symlink: /root/ws_sensor_combined/install/px4_msgs/include/px4_msgs/px4_msgs/msg/actuator_servos.h\n'}
[0.951787] (px4_msgs) StdoutLine: {'line': b'-- Up-to-date symlink: /root/ws_sensor_combined/install/px4_msgs/include/px4_msgs/px4_msgs/msg/actuator_servos_trim.h\n'}
[0.951897] (px4_msgs) StdoutLine: {'line': b'-- Up-to-date symlink: /root/ws_sensor_combined/install/px4_msgs/include/px4_msgs/px4_msgs/msg/actuator_test.h\n'}
[0.952124] (px4_msgs) StdoutLine: {'line': b'-- Up-to-date symlink: /root/ws_sensor_combined/install/px4_msgs/include/px4_msgs/px4_msgs/msg/adc_report.h\n'}
[0.952195] (px4_msgs) StdoutLine: {'line': b'-- Up-to-date symlink: /root/ws_sensor_combined/install/px4_msgs/include/px4_msgs/px4_msgs/msg/airspeed.h\n'}
[0.952227] (px4_msgs) StdoutLine: {'line': b'-- Up-to-date symlink: /root/ws_sensor_combined/install/px4_msgs/include/px4_msgs/px4_msgs/msg/airspeed_validated.h\n'}
[0.952290] (px4_msgs) StdoutLine: {'line': b'-- Up-to-date symlink: /root/ws_sensor_combined/install/px4_msgs/include/px4_msgs/px4_msgs/msg/airspeed_wind.h\n'}
[0.952373] (px4_msgs) StdoutLine: {'line': b'-- Up-to-date symlink: /root/ws_sensor_combined/install/px4_msgs/include/px4_msgs/px4_msgs/msg/arming_check_reply.h\n'}
[0.952537] (px4_msgs) StdoutLine: {'line': b'-- Up-to-date symlink: /root/ws_sensor_combined/install/px4_msgs/include/px4_msgs/px4_msgs/msg/arming_check_request.h\n'}
[0.952598] (px4_msgs) StdoutLine: {'line': b'-- Up-to-date symlink: /root/ws_sensor_combined/install/px4_msgs/include/px4_msgs/px4_msgs/msg/autotune_attitude_control_status.h\n'}
[0.952687] (px4_msgs) StdoutLine: {'line': b'-- Up-to-date symlink: /root/ws_sensor_combined/install/px4_msgs/include/px4_msgs/px4_msgs/msg/battery_info.h\n'}
[0.952792] (px4_msgs) StdoutLine: {'line': b'-- Up-to-date symlink: /root/ws_sensor_combined/install/px4_msgs/include/px4_msgs/px4_msgs/msg/battery_status.h\n'}
[0.952873] (px4_msgs) StdoutLine: {'line': b'-- Up-to-date symlink: /root/ws_sensor_combined/install/px4_msgs/include/px4_msgs/px4_msgs/msg/button_event.h\n'}
[0.953025] (px4_msgs) StdoutLine: {'line': b'-- Up-to-date symlink: /root/ws_sensor_combined/install/px4_msgs/include/px4_msgs/px4_msgs/msg/camera_capture.h\n'}
[0.953274] (px4_msgs) StdoutLine: {'line': b'-- Up-to-date symlink: /root/ws_sensor_combined/install/px4_msgs/include/px4_msgs/px4_msgs/msg/camera_status.h\n'}
[0.953412] (px4_msgs) StdoutLine: {'line': b'-- Up-to-date symlink: /root/ws_sensor_combined/install/px4_msgs/include/px4_msgs/px4_msgs/msg/camera_trigger.h\n'}
[0.953608] (px4_msgs) StdoutLine: {'line': b'-- Up-to-date symlink: /root/ws_sensor_combined/install/px4_msgs/include/px4_msgs/px4_msgs/msg/can_interface_status.h\n'}
[0.953677] (px4_msgs) StdoutLine: {'line': b'-- Up-to-date symlink: /root/ws_sensor_combined/install/px4_msgs/include/px4_msgs/px4_msgs/msg/cellular_status.h\n'}
[0.953744] (px4_msgs) StdoutLine: {'line': b'-- Up-to-date symlink: /root/ws_sensor_combined/install/px4_msgs/include/px4_msgs/px4_msgs/msg/collision_constraints.h\n'}
[0.953792] (px4_msgs) StdoutLine: {'line': b'-- Up-to-date symlink: /root/ws_sensor_combined/install/px4_msgs/include/px4_msgs/px4_msgs/msg/config_overrides.h\n'}
[0.953844] (px4_msgs) StdoutLine: {'line': b'-- Up-to-date symlink: /root/ws_sensor_combined/install/px4_msgs/include/px4_msgs/px4_msgs/msg/control_allocator_status.h\n'}
[0.953887] (px4_msgs) StdoutLine: {'line': b'-- Up-to-date symlink: /root/ws_sensor_combined/install/px4_msgs/include/px4_msgs/px4_msgs/msg/cpuload.h\n'}
[0.953930] (px4_msgs) StdoutLine: {'line': b'-- Up-to-date symlink: /root/ws_sensor_combined/install/px4_msgs/include/px4_msgs/px4_msgs/msg/dataman_request.h\n'}
[0.953976] (px4_msgs) StdoutLine: {'line': b'-- Up-to-date symlink: /root/ws_sensor_combined/install/px4_msgs/include/px4_msgs/px4_msgs/msg/dataman_response.h\n'}
[0.954055] (px4_msgs) StdoutLine: {'line': b'-- Up-to-date symlink: /root/ws_sensor_combined/install/px4_msgs/include/px4_msgs/px4_msgs/msg/debug_array.h\n'}
[0.954168] (px4_msgs) StdoutLine: {'line': b'-- Up-to-date symlink: /root/ws_sensor_combined/install/px4_msgs/include/px4_msgs/px4_msgs/msg/debug_key_value.h\n'}
[0.954534] (px4_msgs) StdoutLine: {'line': b'-- Up-to-date symlink: /root/ws_sensor_combined/install/px4_msgs/include/px4_msgs/px4_msgs/msg/debug_value.h\n'}
[0.954607] (px4_msgs) StdoutLine: {'line': b'-- Up-to-date symlink: /root/ws_sensor_combined/install/px4_msgs/include/px4_msgs/px4_msgs/msg/debug_vect.h\n'}
[0.954639] (px4_msgs) StdoutLine: {'line': b'-- Up-to-date symlink: /root/ws_sensor_combined/install/px4_msgs/include/px4_msgs/px4_msgs/msg/detail/action_request__functions.h\n'}
[0.954667] (px4_msgs) StdoutLine: {'line': b'-- Up-to-date symlink: /root/ws_sensor_combined/install/px4_msgs/include/px4_msgs/px4_msgs/msg/detail/action_request__struct.h\n'}
[0.954694] (px4_msgs) StdoutLine: {'line': b'-- Up-to-date symlink: /root/ws_sensor_combined/install/px4_msgs/include/px4_msgs/px4_msgs/msg/detail/action_request__type_support.h\n'}
[0.954786] (px4_msgs) StdoutLine: {'line': b'-- Up-to-date symlink: /root/ws_sensor_combined/install/px4_msgs/include/px4_msgs/px4_msgs/msg/detail/actuator_armed__functions.h\n'}
[0.954933] (px4_msgs) StdoutLine: {'line': b'-- Up-to-date symlink: /root/ws_sensor_combined/install/px4_msgs/include/px4_msgs/px4_msgs/msg/detail/actuator_armed__struct.h\n'}
[0.955072] (px4_msgs) StdoutLine: {'line': b'-- Up-to-date symlink: /root/ws_sensor_combined/install/px4_msgs/include/px4_msgs/px4_msgs/msg/detail/actuator_armed__type_support.h\n'}
[0.955501] (px4_msgs) StdoutLine: {'line': b'-- Up-to-date symlink: /root/ws_sensor_combined/install/px4_msgs/include/px4_msgs/px4_msgs/msg/detail/actuator_controls_status__functions.h\n'}
[0.955669] (px4_msgs) StdoutLine: {'line': b'-- Up-to-date symlink: /root/ws_sensor_combined/install/px4_msgs/include/px4_msgs/px4_msgs/msg/detail/actuator_controls_status__struct.h\n'}
[0.955954] (px4_msgs) StdoutLine: {'line': b'-- Up-to-date symlink: /root/ws_sensor_combined/install/px4_msgs/include/px4_msgs/px4_msgs/msg/detail/actuator_controls_status__type_support.h\n'}
[0.956199] (px4_msgs) StdoutLine: {'line': b'-- Up-to-date symlink: /root/ws_sensor_combined/install/px4_msgs/include/px4_msgs/px4_msgs/msg/detail/actuator_motors__functions.h\n'}
[0.956481] (px4_msgs) StdoutLine: {'line': b'-- Up-to-date symlink: /root/ws_sensor_combined/install/px4_msgs/include/px4_msgs/px4_msgs/msg/detail/actuator_motors__struct.h\n'}
[0.956727] (px4_msgs) StdoutLine: {'line': b'-- Up-to-date symlink: /root/ws_sensor_combined/install/px4_msgs/include/px4_msgs/px4_msgs/msg/detail/actuator_motors__type_support.h\n'}
[0.956865] (px4_msgs) StdoutLine: {'line': b'-- Up-to-date symlink: /root/ws_sensor_combined/install/px4_msgs/include/px4_msgs/px4_msgs/msg/detail/actuator_outputs__functions.h\n'}
[0.957010] (px4_msgs) StdoutLine: {'line': b'-- Up-to-date symlink: /root/ws_sensor_combined/install/px4_msgs/include/px4_msgs/px4_msgs/msg/detail/actuator_outputs__struct.h\n'}
[0.957442] (px4_msgs) StdoutLine: {'line': b'-- Up-to-date symlink: /root/ws_sensor_combined/install/px4_msgs/include/px4_msgs/px4_msgs/msg/detail/actuator_outputs__type_support.h\n'}
[0.957524] (px4_msgs) StdoutLine: {'line': b'-- Up-to-date symlink: /root/ws_sensor_combined/install/px4_msgs/include/px4_msgs/px4_msgs/msg/detail/actuator_servos__functions.h\n'}
[0.957562] (px4_msgs) StdoutLine: {'line': b'-- Up-to-date symlink: /root/ws_sensor_combined/install/px4_msgs/include/px4_msgs/px4_msgs/msg/detail/actuator_servos__struct.h\n'}
[0.957694] (px4_msgs) StdoutLine: {'line': b'-- Up-to-date symlink: /root/ws_sensor_combined/install/px4_msgs/include/px4_msgs/px4_msgs/msg/detail/actuator_servos__type_support.h\n'}
[0.958314] (px4_msgs) StdoutLine: {'line': b'-- Up-to-date symlink: /root/ws_sensor_combined/install/px4_msgs/include/px4_msgs/px4_msgs/msg/detail/actuator_servos_trim__functions.h\n'}
[0.958674] (px4_msgs) StdoutLine: {'line': b'-- Up-to-date symlink: /root/ws_sensor_combined/install/px4_msgs/include/px4_msgs/px4_msgs/msg/detail/actuator_servos_trim__struct.h\n'}
[0.958881] (px4_msgs) StdoutLine: {'line': b'-- Up-to-date symlink: /root/ws_sensor_combined/install/px4_msgs/include/px4_msgs/px4_msgs/msg/detail/actuator_servos_trim__type_support.h\n'}
[0.958974] (px4_msgs) StdoutLine: {'line': b'-- Up-to-date symlink: /root/ws_sensor_combined/install/px4_msgs/include/px4_msgs/px4_msgs/msg/detail/actuator_test__functions.h\n'}
[0.959171] (px4_msgs) StdoutLine: {'line': b'-- Up-to-date symlink: /root/ws_sensor_combined/install/px4_msgs/include/px4_msgs/px4_msgs/msg/detail/actuator_test__struct.h\n'}
[0.959203] (px4_msgs) StdoutLine: {'line': b'-- Up-to-date symlink: /root/ws_sensor_combined/install/px4_msgs/include/px4_msgs/px4_msgs/msg/detail/actuator_test__type_support.h\n'}
[0.959238] (px4_msgs) StdoutLine: {'line': b'-- Up-to-date symlink: /root/ws_sensor_combined/install/px4_msgs/include/px4_msgs/px4_msgs/msg/detail/adc_report__functions.h\n'}
[0.959285] (px4_msgs) StdoutLine: {'line': b'-- Up-to-date symlink: /root/ws_sensor_combined/install/px4_msgs/include/px4_msgs/px4_msgs/msg/detail/adc_report__struct.h\n'}
[0.959343] (px4_msgs) StdoutLine: {'line': b'-- Up-to-date symlink: /root/ws_sensor_combined/install/px4_msgs/include/px4_msgs/px4_msgs/msg/detail/adc_report__type_support.h\n'}
[0.959535] (px4_msgs) StdoutLine: {'line': b'-- Up-to-date symlink: /root/ws_sensor_combined/install/px4_msgs/include/px4_msgs/px4_msgs/msg/detail/airspeed__functions.h\n'}
[0.959837] (px4_msgs) StdoutLine: {'line': b'-- Up-to-date symlink: /root/ws_sensor_combined/install/px4_msgs/include/px4_msgs/px4_msgs/msg/detail/airspeed__struct.h\n'}
[0.959897] (px4_msgs) StdoutLine: {'line': b'-- Up-to-date symlink: /root/ws_sensor_combined/install/px4_msgs/include/px4_msgs/px4_msgs/msg/detail/airspeed__type_support.h\n'}
[0.959928] (px4_msgs) StdoutLine: {'line': b'-- Up-to-date symlink: /root/ws_sensor_combined/install/px4_msgs/include/px4_msgs/px4_msgs/msg/detail/airspeed_validated__functions.h\n'}
[0.959954] (px4_msgs) StdoutLine: {'line': b'-- Up-to-date symlink: /root/ws_sensor_combined/install/px4_msgs/include/px4_msgs/px4_msgs/msg/detail/airspeed_validated__struct.h\n'}
[0.959978] (px4_msgs) StdoutLine: {'line': b'-- Up-to-date symlink: /root/ws_sensor_combined/install/px4_msgs/include/px4_msgs/px4_msgs/msg/detail/airspeed_validated__type_support.h\n'}
[0.960003] (px4_msgs) StdoutLine: {'line': b'-- Up-to-date symlink: /root/ws_sensor_combined/install/px4_msgs/include/px4_msgs/px4_msgs/msg/detail/airspeed_wind__functions.h\n'}
[0.960026] (px4_msgs) StdoutLine: {'line': b'-- Up-to-date symlink: /root/ws_sensor_combined/install/px4_msgs/include/px4_msgs/px4_msgs/msg/detail/airspeed_wind__struct.h\n'}
[0.960051] (px4_msgs) StdoutLine: {'line': b'-- Up-to-date symlink: /root/ws_sensor_combined/install/px4_msgs/include/px4_msgs/px4_msgs/msg/detail/airspeed_wind__type_support.h\n'}
[0.960123] (px4_msgs) StdoutLine: {'line': b'-- Up-to-date symlink: /root/ws_sensor_combined/install/px4_msgs/include/px4_msgs/px4_msgs/msg/detail/arming_check_reply__functions.h\n'}
[0.960301] (px4_msgs) StdoutLine: {'line': b'-- Up-to-date symlink: /root/ws_sensor_combined/install/px4_msgs/include/px4_msgs/px4_msgs/msg/detail/arming_check_reply__struct.h\n'}
[0.960447] (px4_msgs) StdoutLine: {'line': b'-- Up-to-date symlink: /root/ws_sensor_combined/install/px4_msgs/include/px4_msgs/px4_msgs/msg/detail/arming_check_reply__type_support.h\n'}
[0.960568] (px4_msgs) StdoutLine: {'line': b'-- Up-to-date symlink: /root/ws_sensor_combined/install/px4_msgs/include/px4_msgs/px4_msgs/msg/detail/arming_check_request__functions.h\n'}
[0.960690] (px4_msgs) StdoutLine: {'line': b'-- Up-to-date symlink: /root/ws_sensor_combined/install/px4_msgs/include/px4_msgs/px4_msgs/msg/detail/arming_check_request__struct.h\n'}
[0.960875] (px4_msgs) StdoutLine: {'line': b'-- Up-to-date symlink: /root/ws_sensor_combined/install/px4_msgs/include/px4_msgs/px4_msgs/msg/detail/arming_check_request__type_support.h\n'}
[0.960935] (px4_msgs) StdoutLine: {'line': b'-- Up-to-date symlink: /root/ws_sensor_combined/install/px4_msgs/include/px4_msgs/px4_msgs/msg/detail/autotune_attitude_control_status__functions.h\n'}
[0.960979] (px4_msgs) StdoutLine: {'line': b'-- Up-to-date symlink: /root/ws_sensor_combined/install/px4_msgs/include/px4_msgs/px4_msgs/msg/detail/autotune_attitude_control_status__struct.h\n'}
[0.961027] (px4_msgs) StdoutLine: {'line': b'-- Up-to-date symlink: /root/ws_sensor_combined/install/px4_msgs/include/px4_msgs/px4_msgs/msg/detail/autotune_attitude_control_status__type_support.h\n'}
[0.961073] (px4_msgs) StdoutLine: {'line': b'-- Up-to-date symlink: /root/ws_sensor_combined/install/px4_msgs/include/px4_msgs/px4_msgs/msg/detail/battery_info__functions.h\n'}
[0.961118] (px4_msgs) StdoutLine: {'line': b'-- Up-to-date symlink: /root/ws_sensor_combined/install/px4_msgs/include/px4_msgs/px4_msgs/msg/detail/battery_info__struct.h\n'}
[0.961163] (px4_msgs) StdoutLine: {'line': b'-- Up-to-date symlink: /root/ws_sensor_combined/install/px4_msgs/include/px4_msgs/px4_msgs/msg/detail/battery_info__type_support.h\n'}
[0.961205] (px4_msgs) StdoutLine: {'line': b'-- Up-to-date symlink: /root/ws_sensor_combined/install/px4_msgs/include/px4_msgs/px4_msgs/msg/detail/battery_status__functions.h\n'}
[0.961353] (px4_msgs) StdoutLine: {'line': b'-- Up-to-date symlink: /root/ws_sensor_combined/install/px4_msgs/include/px4_msgs/px4_msgs/msg/detail/battery_status__struct.h\n'}
[0.961667] (px4_msgs) StdoutLine: {'line': b'-- Up-to-date symlink: /root/ws_sensor_combined/install/px4_msgs/include/px4_msgs/px4_msgs/msg/detail/battery_status__type_support.h\n'}
[0.961971] (px4_msgs) StdoutLine: {'line': b'-- Up-to-date symlink: /root/ws_sensor_combined/install/px4_msgs/include/px4_msgs/px4_msgs/msg/detail/button_event__functions.h\n'}
[0.962246] (px4_msgs) StdoutLine: {'line': b'-- Up-to-date symlink: /root/ws_sensor_combined/install/px4_msgs/include/px4_msgs/px4_msgs/msg/detail/button_event__struct.h\n'}
[0.962361] (px4_msgs) StdoutLine: {'line': b'-- Up-to-date symlink: /root/ws_sensor_combined/install/px4_msgs/include/px4_msgs/px4_msgs/msg/detail/button_event__type_support.h\n'}
[0.962441] (px4_msgs) StdoutLine: {'line': b'-- Up-to-date symlink: /root/ws_sensor_combined/install/px4_msgs/include/px4_msgs/px4_msgs/msg/detail/camera_capture__functions.h\n'}
[0.962676] (px4_msgs) StdoutLine: {'line': b'-- Up-to-date symlink: /root/ws_sensor_combined/install/px4_msgs/include/px4_msgs/px4_msgs/msg/detail/camera_capture__struct.h\n'}
[0.962845] (px4_msgs) StdoutLine: {'line': b'-- Up-to-date symlink: /root/ws_sensor_combined/install/px4_msgs/include/px4_msgs/px4_msgs/msg/detail/camera_capture__type_support.h\n'}
[0.963005] (px4_msgs) StdoutLine: {'line': b'-- Up-to-date symlink: /root/ws_sensor_combined/install/px4_msgs/include/px4_msgs/px4_msgs/msg/detail/camera_status__functions.h\n'}
[0.963332] (px4_msgs) StdoutLine: {'line': b'-- Up-to-date symlink: /root/ws_sensor_combined/install/px4_msgs/include/px4_msgs/px4_msgs/msg/detail/camera_status__struct.h\n'}
[0.963544] (px4_msgs) StdoutLine: {'line': b'-- Up-to-date symlink: /root/ws_sensor_combined/install/px4_msgs/include/px4_msgs/px4_msgs/msg/detail/camera_status__type_support.h\n'}
[0.963579] (px4_msgs) StdoutLine: {'line': b'-- Up-to-date symlink: /root/ws_sensor_combined/install/px4_msgs/include/px4_msgs/px4_msgs/msg/detail/camera_trigger__functions.h\n'}
[0.963633] (px4_msgs) StdoutLine: {'line': b'-- Up-to-date symlink: /root/ws_sensor_combined/install/px4_msgs/include/px4_msgs/px4_msgs/msg/detail/camera_trigger__struct.h\n'}
[0.963787] (px4_msgs) StdoutLine: {'line': b'-- Up-to-date symlink: /root/ws_sensor_combined/install/px4_msgs/include/px4_msgs/px4_msgs/msg/detail/camera_trigger__type_support.h\n'}
[0.963869] (px4_msgs) StdoutLine: {'line': b'-- Up-to-date symlink: /root/ws_sensor_combined/install/px4_msgs/include/px4_msgs/px4_msgs/msg/detail/can_interface_status__functions.h\n'}
[0.963925] (px4_msgs) StdoutLine: {'line': b'-- Up-to-date symlink: /root/ws_sensor_combined/install/px4_msgs/include/px4_msgs/px4_msgs/msg/detail/can_interface_status__struct.h\n'}
[0.964087] (px4_msgs) StdoutLine: {'line': b'-- Up-to-date symlink: /root/ws_sensor_combined/install/px4_msgs/include/px4_msgs/px4_msgs/msg/detail/can_interface_status__type_support.h\n'}
[0.964152] (px4_msgs) StdoutLine: {'line': b'-- Up-to-date symlink: /root/ws_sensor_combined/install/px4_msgs/include/px4_msgs/px4_msgs/msg/detail/cellular_status__functions.h\n'}
[0.964207] (px4_msgs) StdoutLine: {'line': b'-- Up-to-date symlink: /root/ws_sensor_combined/install/px4_msgs/include/px4_msgs/px4_msgs/msg/detail/cellular_status__struct.h\n'}
[0.964400] (px4_msgs) StdoutLine: {'line': b'-- Up-to-date symlink: /root/ws_sensor_combined/install/px4_msgs/include/px4_msgs/px4_msgs/msg/detail/cellular_status__type_support.h\n'}
[0.964511] (px4_msgs) StdoutLine: {'line': b'-- Up-to-date symlink: /root/ws_sensor_combined/install/px4_msgs/include/px4_msgs/px4_msgs/msg/detail/collision_constraints__functions.h\n'}
[0.964790] (px4_msgs) StdoutLine: {'line': b'-- Up-to-date symlink: /root/ws_sensor_combined/install/px4_msgs/include/px4_msgs/px4_msgs/msg/detail/collision_constraints__struct.h\n'}
[0.965327] (px4_msgs) StdoutLine: {'line': b'-- Up-to-date symlink: /root/ws_sensor_combined/install/px4_msgs/include/px4_msgs/px4_msgs/msg/detail/collision_constraints__type_support.h\n'}
[0.965493] (px4_msgs) StdoutLine: {'line': b'-- Up-to-date symlink: /root/ws_sensor_combined/install/px4_msgs/include/px4_msgs/px4_msgs/msg/detail/config_overrides__functions.h\n'}
[0.965732] (px4_msgs) StdoutLine: {'line': b'-- Up-to-date symlink: /root/ws_sensor_combined/install/px4_msgs/include/px4_msgs/px4_msgs/msg/detail/config_overrides__struct.h\n'}
[0.965774] (px4_msgs) StdoutLine: {'line': b'-- Up-to-date symlink: /root/ws_sensor_combined/install/px4_msgs/include/px4_msgs/px4_msgs/msg/detail/config_overrides__type_support.h\n'}
[0.965845] (px4_msgs) StdoutLine: {'line': b'-- Up-to-date symlink: /root/ws_sensor_combined/install/px4_msgs/include/px4_msgs/px4_msgs/msg/detail/control_allocator_status__functions.h\n'}
[0.965907] (px4_msgs) StdoutLine: {'line': b'-- Up-to-date symlink: /root/ws_sensor_combined/install/px4_msgs/include/px4_msgs/px4_msgs/msg/detail/control_allocator_status__struct.h\n'}
[0.965992] (px4_msgs) StdoutLine: {'line': b'-- Up-to-date symlink: /root/ws_sensor_combined/install/px4_msgs/include/px4_msgs/px4_msgs/msg/detail/control_allocator_status__type_support.h\n'}
[0.966056] (px4_msgs) StdoutLine: {'line': b'-- Up-to-date symlink: /root/ws_sensor_combined/install/px4_msgs/include/px4_msgs/px4_msgs/msg/detail/cpuload__functions.h\n'}
[0.966120] (px4_msgs) StdoutLine: {'line': b'-- Up-to-date symlink: /root/ws_sensor_combined/install/px4_msgs/include/px4_msgs/px4_msgs/msg/detail/cpuload__struct.h\n'}
[0.966181] (px4_msgs) StdoutLine: {'line': b'-- Up-to-date symlink: /root/ws_sensor_combined/install/px4_msgs/include/px4_msgs/px4_msgs/msg/detail/cpuload__type_support.h\n'}
[0.966312] (px4_msgs) StdoutLine: {'line': b'-- Up-to-date symlink: /root/ws_sensor_combined/install/px4_msgs/include/px4_msgs/px4_msgs/msg/detail/dataman_request__functions.h\n'}
[0.966378] (px4_msgs) StdoutLine: {'line': b'-- Up-to-date symlink: /root/ws_sensor_combined/install/px4_msgs/include/px4_msgs/px4_msgs/msg/detail/dataman_request__struct.h\n'}
[0.966441] (px4_msgs) StdoutLine: {'line': b'-- Up-to-date symlink: /root/ws_sensor_combined/install/px4_msgs/include/px4_msgs/px4_msgs/msg/detail/dataman_request__type_support.h\n'}
[0.966503] (px4_msgs) StdoutLine: {'line': b'-- Up-to-date symlink: /root/ws_sensor_combined/install/px4_msgs/include/px4_msgs/px4_msgs/msg/detail/dataman_response__functions.h\n'}
[0.966551] (px4_msgs) StdoutLine: {'line': b'-- Up-to-date symlink: /root/ws_sensor_combined/install/px4_msgs/include/px4_msgs/px4_msgs/msg/detail/dataman_response__struct.h\n'}
[0.966585] (px4_msgs) StdoutLine: {'line': b'-- Up-to-date symlink: /root/ws_sensor_combined/install/px4_msgs/include/px4_msgs/px4_msgs/msg/detail/dataman_response__type_support.h\n'}
[0.966611] (px4_msgs) StdoutLine: {'line': b'-- Up-to-date symlink: /root/ws_sensor_combined/install/px4_msgs/include/px4_msgs/px4_msgs/msg/detail/debug_array__functions.h\n'}
[0.966637] (px4_msgs) StdoutLine: {'line': b'-- Up-to-date symlink: /root/ws_sensor_combined/install/px4_msgs/include/px4_msgs/px4_msgs/msg/detail/debug_array__struct.h\n'}
[0.966669] (px4_msgs) StdoutLine: {'line': b'-- Up-to-date symlink: /root/ws_sensor_combined/install/px4_msgs/include/px4_msgs/px4_msgs/msg/detail/debug_array__type_support.h\n'}
[0.966746] (px4_msgs) StdoutLine: {'line': b'-- Up-to-date symlink: /root/ws_sensor_combined/install/px4_msgs/include/px4_msgs/px4_msgs/msg/detail/debug_key_value__functions.h\n'}
[0.966846] (px4_msgs) StdoutLine: {'line': b'-- Up-to-date symlink: /root/ws_sensor_combined/install/px4_msgs/include/px4_msgs/px4_msgs/msg/detail/debug_key_value__struct.h\n'}
[0.966932] (px4_msgs) StdoutLine: {'line': b'-- Up-to-date symlink: /root/ws_sensor_combined/install/px4_msgs/include/px4_msgs/px4_msgs/msg/detail/debug_key_value__type_support.h\n'}
[0.967028] (px4_msgs) StdoutLine: {'line': b'-- Up-to-date symlink: /root/ws_sensor_combined/install/px4_msgs/include/px4_msgs/px4_msgs/msg/detail/debug_value__functions.h\n'}
[0.967118] (px4_msgs) StdoutLine: {'line': b'-- Up-to-date symlink: /root/ws_sensor_combined/install/px4_msgs/include/px4_msgs/px4_msgs/msg/detail/debug_value__struct.h\n'}
[0.967207] (px4_msgs) StdoutLine: {'line': b'-- Up-to-date symlink: /root/ws_sensor_combined/install/px4_msgs/include/px4_msgs/px4_msgs/msg/detail/debug_value__type_support.h\n'}
[0.967584] (px4_msgs) StdoutLine: {'line': b'-- Up-to-date symlink: /root/ws_sensor_combined/install/px4_msgs/include/px4_msgs/px4_msgs/msg/detail/debug_vect__functions.h\n'}
[0.967886] (px4_msgs) StdoutLine: {'line': b'-- Up-to-date symlink: /root/ws_sensor_combined/install/px4_msgs/include/px4_msgs/px4_msgs/msg/detail/debug_vect__struct.h\n'}
[0.968092] (px4_msgs) StdoutLine: {'line': b'-- Up-to-date symlink: /root/ws_sensor_combined/install/px4_msgs/include/px4_msgs/px4_msgs/msg/detail/debug_vect__type_support.h\n'}
[0.968192] (px4_msgs) StdoutLine: {'line': b'-- Up-to-date symlink: /root/ws_sensor_combined/install/px4_msgs/include/px4_msgs/px4_msgs/msg/detail/differential_pressure__functions.h\n'}
[0.968277] (px4_msgs) StdoutLine: {'line': b'-- Up-to-date symlink: /root/ws_sensor_combined/install/px4_msgs/include/px4_msgs/px4_msgs/msg/detail/differential_pressure__struct.h\n'}
[0.968340] (px4_msgs) StdoutLine: {'line': b'-- Up-to-date symlink: /root/ws_sensor_combined/install/px4_msgs/include/px4_msgs/px4_msgs/msg/detail/differential_pressure__type_support.h\n'}
[0.968455] (px4_msgs) StdoutLine: {'line': b'-- Up-to-date symlink: /root/ws_sensor_combined/install/px4_msgs/include/px4_msgs/px4_msgs/msg/detail/distance_sensor__functions.h\n'}
[0.968562] (px4_msgs) StdoutLine: {'line': b'-- Up-to-date symlink: /root/ws_sensor_combined/install/px4_msgs/include/px4_msgs/px4_msgs/msg/detail/distance_sensor__struct.h\n'}
[0.968646] (px4_msgs) StdoutLine: {'line': b'-- Up-to-date symlink: /root/ws_sensor_combined/install/px4_msgs/include/px4_msgs/px4_msgs/msg/detail/distance_sensor__type_support.h\n'}
[0.968729] (px4_msgs) StdoutLine: {'line': b'-- Up-to-date symlink: /root/ws_sensor_combined/install/px4_msgs/include/px4_msgs/px4_msgs/msg/detail/distance_sensor_mode_change_request__functions.h\n'}
[0.968810] (px4_msgs) StdoutLine: {'line': b'-- Up-to-date symlink: /root/ws_sensor_combined/install/px4_msgs/include/px4_msgs/px4_msgs/msg/detail/distance_sensor_mode_change_request__struct.h\n'}
[0.968858] (px4_msgs) StdoutLine: {'line': b'-- Up-to-date symlink: /root/ws_sensor_combined/install/px4_msgs/include/px4_msgs/px4_msgs/msg/detail/distance_sensor_mode_change_request__type_support.h\n'}
[0.968951] (px4_msgs) StdoutLine: {'line': b'-- Up-to-date symlink: /root/ws_sensor_combined/install/px4_msgs/include/px4_msgs/px4_msgs/msg/detail/dronecan_node_status__functions.h\n'}
[0.969034] (px4_msgs) StdoutLine: {'line': b'-- Up-to-date symlink: /root/ws_sensor_combined/install/px4_msgs/include/px4_msgs/px4_msgs/msg/detail/dronecan_node_status__struct.h\n'}
[0.969116] (px4_msgs) StdoutLine: {'line': b'-- Up-to-date symlink: /root/ws_sensor_combined/install/px4_msgs/include/px4_msgs/px4_msgs/msg/detail/dronecan_node_status__type_support.h\n'}
[0.969168] (px4_msgs) StdoutLine: {'line': b'-- Up-to-date symlink: /root/ws_sensor_combined/install/px4_msgs/include/px4_msgs/px4_msgs/msg/detail/ekf2_timestamps__functions.h\n'}
[0.969351] (px4_msgs) StdoutLine: {'line': b'-- Up-to-date symlink: /root/ws_sensor_combined/install/px4_msgs/include/px4_msgs/px4_msgs/msg/detail/ekf2_timestamps__struct.h\n'}
[0.969447] (px4_msgs) StdoutLine: {'line': b'-- Up-to-date symlink: /root/ws_sensor_combined/install/px4_msgs/include/px4_msgs/px4_msgs/msg/detail/ekf2_timestamps__type_support.h\n'}
[0.969538] (px4_msgs) StdoutLine: {'line': b'-- Up-to-date symlink: /root/ws_sensor_combined/install/px4_msgs/include/px4_msgs/px4_msgs/msg/detail/esc_report__functions.h\n'}
[0.969624] (px4_msgs) StdoutLine: {'line': b'-- Up-to-date symlink: /root/ws_sensor_combined/install/px4_msgs/include/px4_msgs/px4_msgs/msg/detail/esc_report__struct.h\n'}
[0.969708] (px4_msgs) StdoutLine: {'line': b'-- Up-to-date symlink: /root/ws_sensor_combined/install/px4_msgs/include/px4_msgs/px4_msgs/msg/detail/esc_report__type_support.h\n'}
[0.969798] (px4_msgs) StdoutLine: {'line': b'-- Up-to-date symlink: /root/ws_sensor_combined/install/px4_msgs/include/px4_msgs/px4_msgs/msg/detail/esc_status__functions.h\n'}
[0.969881] (px4_msgs) StdoutLine: {'line': b'-- Up-to-date symlink: /root/ws_sensor_combined/install/px4_msgs/include/px4_msgs/px4_msgs/msg/detail/esc_status__struct.h\n'}
[0.969963] (px4_msgs) StdoutLine: {'line': b'-- Up-to-date symlink: /root/ws_sensor_combined/install/px4_msgs/include/px4_msgs/px4_msgs/msg/detail/esc_status__type_support.h\n'}
[0.970046] (px4_msgs) StdoutLine: {'line': b'-- Up-to-date symlink: /root/ws_sensor_combined/install/px4_msgs/include/px4_msgs/px4_msgs/msg/detail/estimator_aid_source1d__functions.h\n'}
[0.970121] (px4_msgs) StdoutLine: {'line': b'-- Up-to-date symlink: /root/ws_sensor_combined/install/px4_msgs/include/px4_msgs/px4_msgs/msg/detail/estimator_aid_source1d__struct.h\n'}
[0.970204] (px4_msgs) StdoutLine: {'line': b'-- Up-to-date symlink: /root/ws_sensor_combined/install/px4_msgs/include/px4_msgs/px4_msgs/msg/detail/estimator_aid_source1d__type_support.h\n'}
[0.970286] (px4_msgs) StdoutLine: {'line': b'-- Up-to-date symlink: /root/ws_sensor_combined/install/px4_msgs/include/px4_msgs/px4_msgs/msg/detail/estimator_aid_source2d__functions.h\n'}
[0.970369] (px4_msgs) StdoutLine: {'line': b'-- Up-to-date symlink: /root/ws_sensor_combined/install/px4_msgs/include/px4_msgs/px4_msgs/msg/detail/estimator_aid_source2d__struct.h\n'}
[0.970416] (px4_msgs) StdoutLine: {'line': b'-- Up-to-date symlink: /root/ws_sensor_combined/install/px4_msgs/include/px4_msgs/px4_msgs/msg/detail/estimator_aid_source2d__type_support.h\n'}
[0.970574] (px4_msgs) StdoutLine: {'line': b'-- Up-to-date symlink: /root/ws_sensor_combined/install/px4_msgs/include/px4_msgs/px4_msgs/msg/detail/estimator_aid_source3d__functions.h\n'}
[0.970659] (px4_msgs) StdoutLine: {'line': b'-- Up-to-date symlink: /root/ws_sensor_combined/install/px4_msgs/include/px4_msgs/px4_msgs/msg/detail/estimator_aid_source3d__struct.h\n'}
[0.970741] (px4_msgs) StdoutLine: {'line': b'-- Up-to-date symlink: /root/ws_sensor_combined/install/px4_msgs/include/px4_msgs/px4_msgs/msg/detail/estimator_aid_source3d__type_support.h\n'}
[0.970824] (px4_msgs) StdoutLine: {'line': b'-- Up-to-date symlink: /root/ws_sensor_combined/install/px4_msgs/include/px4_msgs/px4_msgs/msg/detail/estimator_bias3d__functions.h\n'}
[0.970911] (px4_msgs) StdoutLine: {'line': b'-- Up-to-date symlink: /root/ws_sensor_combined/install/px4_msgs/include/px4_msgs/px4_msgs/msg/detail/estimator_bias3d__struct.h\n'}
[0.970996] (px4_msgs) StdoutLine: {'line': b'-- Up-to-date symlink: /root/ws_sensor_combined/install/px4_msgs/include/px4_msgs/px4_msgs/msg/detail/estimator_bias3d__type_support.h\n'}
[0.971079] (px4_msgs) StdoutLine: {'line': b'-- Up-to-date symlink: /root/ws_sensor_combined/install/px4_msgs/include/px4_msgs/px4_msgs/msg/detail/estimator_bias__functions.h\n'}
[0.971164] (px4_msgs) StdoutLine: {'line': b'-- Up-to-date symlink: /root/ws_sensor_combined/install/px4_msgs/include/px4_msgs/px4_msgs/msg/detail/estimator_bias__struct.h\n'}
[0.971248] (px4_msgs) StdoutLine: {'line': b'-- Up-to-date symlink: /root/ws_sensor_combined/install/px4_msgs/include/px4_msgs/px4_msgs/msg/detail/estimator_bias__type_support.h\n'}
[0.971324] (px4_msgs) StdoutLine: {'line': b'-- Up-to-date symlink: /root/ws_sensor_combined/install/px4_msgs/include/px4_msgs/px4_msgs/msg/detail/estimator_event_flags__functions.h\n'}
[0.971381] (px4_msgs) StdoutLine: {'line': b'-- Up-to-date symlink: /root/ws_sensor_combined/install/px4_msgs/include/px4_msgs/px4_msgs/msg/detail/estimator_event_flags__struct.h\n'}
[0.971775] (px4_msgs) StdoutLine: {'line': b'-- Up-to-date symlink: /root/ws_sensor_combined/install/px4_msgs/include/px4_msgs/px4_msgs/msg/detail/estimator_event_flags__type_support.h\n'}
[0.972124] (px4_msgs) StdoutLine: {'line': b'-- Up-to-date symlink: /root/ws_sensor_combined/install/px4_msgs/include/px4_msgs/px4_msgs/msg/detail/estimator_gps_status__functions.h\n'}
[0.972245] (px4_msgs) StdoutLine: {'line': b'-- Up-to-date symlink: /root/ws_sensor_combined/install/px4_msgs/include/px4_msgs/px4_msgs/msg/detail/estimator_gps_status__struct.h\n'}
[0.972421] (px4_msgs) StdoutLine: {'line': b'-- Up-to-date symlink: /root/ws_sensor_combined/install/px4_msgs/include/px4_msgs/px4_msgs/msg/detail/estimator_gps_status__type_support.h\n'}
[0.972534] (px4_msgs) StdoutLine: {'line': b'-- Up-to-date symlink: /root/ws_sensor_combined/install/px4_msgs/include/px4_msgs/px4_msgs/msg/detail/estimator_innovations__functions.h\n'}
[0.972931] (px4_msgs) StdoutLine: {'line': b'-- Up-to-date symlink: /root/ws_sensor_combined/install/px4_msgs/include/px4_msgs/px4_msgs/msg/detail/estimator_innovations__struct.h\n'}
[0.973162] (px4_msgs) StdoutLine: {'line': b'-- Up-to-date symlink: /root/ws_sensor_combined/install/px4_msgs/include/px4_msgs/px4_msgs/msg/detail/estimator_innovations__type_support.h\n'}
[0.973218] (px4_msgs) StdoutLine: {'line': b'-- Up-to-date symlink: /root/ws_sensor_combined/install/px4_msgs/include/px4_msgs/px4_msgs/msg/detail/estimator_selector_status__functions.h\n'}
[0.973253] (px4_msgs) StdoutLine: {'line': b'-- Up-to-date symlink: /root/ws_sensor_combined/install/px4_msgs/include/px4_msgs/px4_msgs/msg/detail/estimator_selector_status__struct.h\n'}
[0.973302] (px4_msgs) StdoutLine: {'line': b'-- Up-to-date symlink: /root/ws_sensor_combined/install/px4_msgs/include/px4_msgs/px4_msgs/msg/detail/estimator_selector_status__type_support.h\n'}
[0.973646] (px4_msgs) StdoutLine: {'line': b'-- Up-to-date symlink: /root/ws_sensor_combined/install/px4_msgs/include/px4_msgs/px4_msgs/msg/detail/estimator_sensor_bias__functions.h\n'}
[0.973720] (px4_msgs) StdoutLine: {'line': b'-- Up-to-date symlink: /root/ws_sensor_combined/install/px4_msgs/include/px4_msgs/px4_msgs/msg/detail/estimator_sensor_bias__struct.h\n'}
[0.973791] (px4_msgs) StdoutLine: {'line': b'-- Up-to-date symlink: /root/ws_sensor_combined/install/px4_msgs/include/px4_msgs/px4_msgs/msg/detail/estimator_sensor_bias__type_support.h\n'}
[0.973866] (px4_msgs) StdoutLine: {'line': b'-- Up-to-date symlink: /root/ws_sensor_combined/install/px4_msgs/include/px4_msgs/px4_msgs/msg/detail/estimator_states__functions.h\n'}
[0.973973] (px4_msgs) StdoutLine: {'line': b'-- Up-to-date symlink: /root/ws_sensor_combined/install/px4_msgs/include/px4_msgs/px4_msgs/msg/detail/estimator_states__struct.h\n'}
[0.974021] (px4_msgs) StdoutLine: {'line': b'-- Up-to-date symlink: /root/ws_sensor_combined/install/px4_msgs/include/px4_msgs/px4_msgs/msg/detail/estimator_states__type_support.h\n'}
[0.974077] (px4_msgs) StdoutLine: {'line': b'-- Up-to-date symlink: /root/ws_sensor_combined/install/px4_msgs/include/px4_msgs/px4_msgs/msg/detail/estimator_status__functions.h\n'}
[0.974257] (px4_msgs) StdoutLine: {'line': b'-- Up-to-date symlink: /root/ws_sensor_combined/install/px4_msgs/include/px4_msgs/px4_msgs/msg/detail/estimator_status__struct.h\n'}
[0.974427] (px4_msgs) StdoutLine: {'line': b'-- Up-to-date symlink: /root/ws_sensor_combined/install/px4_msgs/include/px4_msgs/px4_msgs/msg/detail/estimator_status__type_support.h\n'}
[0.974533] (px4_msgs) StdoutLine: {'line': b'-- Up-to-date symlink: /root/ws_sensor_combined/install/px4_msgs/include/px4_msgs/px4_msgs/msg/detail/estimator_status_flags__functions.h\n'}
[0.974621] (px4_msgs) StdoutLine: {'line': b'-- Up-to-date symlink: /root/ws_sensor_combined/install/px4_msgs/include/px4_msgs/px4_msgs/msg/detail/estimator_status_flags__struct.h\n'}
[0.974734] (px4_msgs) StdoutLine: {'line': b'-- Up-to-date symlink: /root/ws_sensor_combined/install/px4_msgs/include/px4_msgs/px4_msgs/msg/detail/estimator_status_flags__type_support.h\n'}
[0.974907] (px4_msgs) StdoutLine: {'line': b'-- Up-to-date symlink: /root/ws_sensor_combined/install/px4_msgs/include/px4_msgs/px4_msgs/msg/detail/event__functions.h\n'}
[0.975004] (px4_msgs) StdoutLine: {'line': b'-- Up-to-date symlink: /root/ws_sensor_combined/install/px4_msgs/include/px4_msgs/px4_msgs/msg/detail/event__struct.h\n'}
[0.975093] (px4_msgs) StdoutLine: {'line': b'-- Up-to-date symlink: /root/ws_sensor_combined/install/px4_msgs/include/px4_msgs/px4_msgs/msg/detail/event__type_support.h\n'}
[0.975179] (px4_msgs) StdoutLine: {'line': b'-- Up-to-date symlink: /root/ws_sensor_combined/install/px4_msgs/include/px4_msgs/px4_msgs/msg/detail/failsafe_flags__functions.h\n'}
[0.975254] (px4_msgs) StdoutLine: {'line': b'-- Up-to-date symlink: /root/ws_sensor_combined/install/px4_msgs/include/px4_msgs/px4_msgs/msg/detail/failsafe_flags__struct.h\n'}
[0.975399] (px4_msgs) StdoutLine: {'line': b'-- Up-to-date symlink: /root/ws_sensor_combined/install/px4_msgs/include/px4_msgs/px4_msgs/msg/detail/failsafe_flags__type_support.h\n'}
[0.975491] (px4_msgs) StdoutLine: {'line': b'-- Up-to-date symlink: /root/ws_sensor_combined/install/px4_msgs/include/px4_msgs/px4_msgs/msg/detail/failure_detector_status__functions.h\n'}
[0.975594] (px4_msgs) StdoutLine: {'line': b'-- Up-to-date symlink: /root/ws_sensor_combined/install/px4_msgs/include/px4_msgs/px4_msgs/msg/detail/failure_detector_status__struct.h\n'}
[0.975689] (px4_msgs) StdoutLine: {'line': b'-- Up-to-date symlink: /root/ws_sensor_combined/install/px4_msgs/include/px4_msgs/px4_msgs/msg/detail/failure_detector_status__type_support.h\n'}
[0.975779] (px4_msgs) StdoutLine: {'line': b'-- Up-to-date symlink: /root/ws_sensor_combined/install/px4_msgs/include/px4_msgs/px4_msgs/msg/detail/figure_eight_status__functions.h\n'}
[0.975846] (px4_msgs) StdoutLine: {'line': b'-- Up-to-date symlink: /root/ws_sensor_combined/install/px4_msgs/include/px4_msgs/px4_msgs/msg/detail/figure_eight_status__struct.h\n'}
[0.975913] (px4_msgs) StdoutLine: {'line': b'-- Up-to-date symlink: /root/ws_sensor_combined/install/px4_msgs/include/px4_msgs/px4_msgs/msg/detail/figure_eight_status__type_support.h\n'}
[0.975982] (px4_msgs) StdoutLine: {'line': b'-- Up-to-date symlink: /root/ws_sensor_combined/install/px4_msgs/include/px4_msgs/px4_msgs/msg/detail/fixed_wing_lateral_guidance_status__functions.h\n'}
[0.976146] (px4_msgs) StdoutLine: {'line': b'-- Up-to-date symlink: /root/ws_sensor_combined/install/px4_msgs/include/px4_msgs/px4_msgs/msg/detail/fixed_wing_lateral_guidance_status__struct.h\n'}
[0.976240] (px4_msgs) StdoutLine: {'line': b'-- Up-to-date symlink: /root/ws_sensor_combined/install/px4_msgs/include/px4_msgs/px4_msgs/msg/detail/fixed_wing_lateral_guidance_status__type_support.h\n'}
[0.976327] (px4_msgs) StdoutLine: {'line': b'-- Up-to-date symlink: /root/ws_sensor_combined/install/px4_msgs/include/px4_msgs/px4_msgs/msg/detail/fixed_wing_lateral_setpoint__functions.h\n'}
[0.976655] (px4_msgs) StdoutLine: {'line': b'-- Up-to-date symlink: /root/ws_sensor_combined/install/px4_msgs/include/px4_msgs/px4_msgs/msg/detail/fixed_wing_lateral_setpoint__struct.h\n'}
[0.976731] (px4_msgs) StdoutLine: {'line': b'-- Up-to-date symlink: /root/ws_sensor_combined/install/px4_msgs/include/px4_msgs/px4_msgs/msg/detail/fixed_wing_lateral_setpoint__type_support.h\n'}
[0.976816] (px4_msgs) StdoutLine: {'line': b'-- Up-to-date symlink: /root/ws_sensor_combined/install/px4_msgs/include/px4_msgs/px4_msgs/msg/detail/fixed_wing_lateral_status__functions.h\n'}
[0.976953] (px4_msgs) StdoutLine: {'line': b'-- Up-to-date symlink: /root/ws_sensor_combined/install/px4_msgs/include/px4_msgs/px4_msgs/msg/detail/fixed_wing_lateral_status__struct.h\n'}
[0.977052] (px4_msgs) StdoutLine: {'line': b'-- Up-to-date symlink: /root/ws_sensor_combined/install/px4_msgs/include/px4_msgs/px4_msgs/msg/detail/fixed_wing_lateral_status__type_support.h\n'}
[0.977137] (px4_msgs) StdoutLine: {'line': b'-- Up-to-date symlink: /root/ws_sensor_combined/install/px4_msgs/include/px4_msgs/px4_msgs/msg/detail/fixed_wing_longitudinal_setpoint__functions.h\n'}
[0.977212] (px4_msgs) StdoutLine: {'line': b'-- Up-to-date symlink: /root/ws_sensor_combined/install/px4_msgs/include/px4_msgs/px4_msgs/msg/detail/fixed_wing_longitudinal_setpoint__struct.h\n'}
[0.977295] (px4_msgs) StdoutLine: {'line': b'-- Up-to-date symlink: /root/ws_sensor_combined/install/px4_msgs/include/px4_msgs/px4_msgs/msg/detail/fixed_wing_longitudinal_setpoint__type_support.h\n'}
[0.977359] (px4_msgs) StdoutLine: {'line': b'-- Up-to-date symlink: /root/ws_sensor_combined/install/px4_msgs/include/px4_msgs/px4_msgs/msg/detail/fixed_wing_runway_control__functions.h\n'}
[0.977422] (px4_msgs) StdoutLine: {'line': b'-- Up-to-date symlink: /root/ws_sensor_combined/install/px4_msgs/include/px4_msgs/px4_msgs/msg/detail/fixed_wing_runway_control__struct.h\n'}
[0.977682] (px4_msgs) StdoutLine: {'line': b'-- Up-to-date symlink: /root/ws_sensor_combined/install/px4_msgs/include/px4_msgs/px4_msgs/msg/detail/fixed_wing_runway_control__type_support.h\n'}
[0.977919] (px4_msgs) StdoutLine: {'line': b'-- Up-to-date symlink: /root/ws_sensor_combined/install/px4_msgs/include/px4_msgs/px4_msgs/msg/detail/flight_phase_estimation__functions.h\n'}
[0.978042] (px4_msgs) StdoutLine: {'line': b'-- Up-to-date symlink: /root/ws_sensor_combined/install/px4_msgs/include/px4_msgs/px4_msgs/msg/detail/flight_phase_estimation__struct.h\n'}
[0.978117] (px4_msgs) StdoutLine: {'line': b'-- Up-to-date symlink: /root/ws_sensor_combined/install/px4_msgs/include/px4_msgs/px4_msgs/msg/detail/flight_phase_estimation__type_support.h\n'}
[0.978151] (px4_msgs) StdoutLine: {'line': b'-- Up-to-date symlink: /root/ws_sensor_combined/install/px4_msgs/include/px4_msgs/px4_msgs/msg/detail/follow_target__functions.h\n'}
[0.978235] (px4_msgs) StdoutLine: {'line': b'-- Up-to-date symlink: /root/ws_sensor_combined/install/px4_msgs/include/px4_msgs/px4_msgs/msg/detail/follow_target__struct.h\n'}
[0.978272] (px4_msgs) StdoutLine: {'line': b'-- Up-to-date symlink: /root/ws_sensor_combined/install/px4_msgs/include/px4_msgs/px4_msgs/msg/detail/follow_target__type_support.h\n'}
[0.978449] (px4_msgs) StdoutLine: {'line': b'-- Up-to-date symlink: /root/ws_sensor_combined/install/px4_msgs/include/px4_msgs/px4_msgs/msg/detail/follow_target_estimator__functions.h\n'}
[0.978543] (px4_msgs) StdoutLine: {'line': b'-- Up-to-date symlink: /root/ws_sensor_combined/install/px4_msgs/include/px4_msgs/px4_msgs/msg/detail/follow_target_estimator__struct.h\n'}
[0.978611] (px4_msgs) StdoutLine: {'line': b'-- Up-to-date symlink: /root/ws_sensor_combined/install/px4_msgs/include/px4_msgs/px4_msgs/msg/detail/follow_target_estimator__type_support.h\n'}
[0.978676] (px4_msgs) StdoutLine: {'line': b'-- Up-to-date symlink: /root/ws_sensor_combined/install/px4_msgs/include/px4_msgs/px4_msgs/msg/detail/follow_target_status__functions.h\n'}
[0.978741] (px4_msgs) StdoutLine: {'line': b'-- Up-to-date symlink: /root/ws_sensor_combined/install/px4_msgs/include/px4_msgs/px4_msgs/msg/detail/follow_target_status__struct.h\n'}
[0.978916] (px4_msgs) StdoutLine: {'line': b'-- Up-to-date symlink: /root/ws_sensor_combined/install/px4_msgs/include/px4_msgs/px4_msgs/msg/detail/follow_target_status__type_support.h\n'}
[0.979047] (px4_msgs) StdoutLine: {'line': b'-- Up-to-date symlink: /root/ws_sensor_combined/install/px4_msgs/include/px4_msgs/px4_msgs/msg/detail/fuel_tank_status__functions.h\n'}
[0.979170] (px4_msgs) StdoutLine: {'line': b'-- Up-to-date symlink: /root/ws_sensor_combined/install/px4_msgs/include/px4_msgs/px4_msgs/msg/detail/fuel_tank_status__struct.h\n'}
[0.979252] (px4_msgs) StdoutLine: {'line': b'-- Up-to-date symlink: /root/ws_sensor_combined/install/px4_msgs/include/px4_msgs/px4_msgs/msg/detail/fuel_tank_status__type_support.h\n'}
[0.979348] (px4_msgs) StdoutLine: {'line': b'-- Up-to-date symlink: /root/ws_sensor_combined/install/px4_msgs/include/px4_msgs/px4_msgs/msg/detail/generator_status__functions.h\n'}
[0.979422] (px4_msgs) StdoutLine: {'line': b'-- Up-to-date symlink: /root/ws_sensor_combined/install/px4_msgs/include/px4_msgs/px4_msgs/msg/detail/generator_status__struct.h\n'}
[0.979587] (px4_msgs) StdoutLine: {'line': b'-- Up-to-date symlink: /root/ws_sensor_combined/install/px4_msgs/include/px4_msgs/px4_msgs/msg/detail/generator_status__type_support.h\n'}
[0.979696] (px4_msgs) StdoutLine: {'line': b'-- Up-to-date symlink: /root/ws_sensor_combined/install/px4_msgs/include/px4_msgs/px4_msgs/msg/detail/geofence_result__functions.h\n'}
[0.979779] (px4_msgs) StdoutLine: {'line': b'-- Up-to-date symlink: /root/ws_sensor_combined/install/px4_msgs/include/px4_msgs/px4_msgs/msg/detail/geofence_result__struct.h\n'}
[0.979828] (px4_msgs) StdoutLine: {'line': b'-- Up-to-date symlink: /root/ws_sensor_combined/install/px4_msgs/include/px4_msgs/px4_msgs/msg/detail/geofence_result__type_support.h\n'}
[0.979862] (px4_msgs) StdoutLine: {'line': b'-- Up-to-date symlink: /root/ws_sensor_combined/install/px4_msgs/include/px4_msgs/px4_msgs/msg/detail/geofence_status__functions.h\n'}
[0.980174] (px4_msgs) StdoutLine: {'line': b'-- Up-to-date symlink: /root/ws_sensor_combined/install/px4_msgs/include/px4_msgs/px4_msgs/msg/detail/geofence_status__struct.h\n'}
[0.980326] (px4_msgs) StdoutLine: {'line': b'-- Up-to-date symlink: /root/ws_sensor_combined/install/px4_msgs/include/px4_msgs/px4_msgs/msg/detail/geofence_status__type_support.h\n'}
[0.980415] (px4_msgs) StdoutLine: {'line': b'-- Up-to-date symlink: /root/ws_sensor_combined/install/px4_msgs/include/px4_msgs/px4_msgs/msg/detail/gimbal_controls__functions.h\n'}
[0.980478] (px4_msgs) StdoutLine: {'line': b'-- Up-to-date symlink: /root/ws_sensor_combined/install/px4_msgs/include/px4_msgs/px4_msgs/msg/detail/gimbal_controls__struct.h\n'}
[0.980512] (px4_msgs) StdoutLine: {'line': b'-- Up-to-date symlink: /root/ws_sensor_combined/install/px4_msgs/include/px4_msgs/px4_msgs/msg/detail/gimbal_controls__type_support.h\n'}
[0.980562] (px4_msgs) StdoutLine: {'line': b'-- Up-to-date symlink: /root/ws_sensor_combined/install/px4_msgs/include/px4_msgs/px4_msgs/msg/detail/gimbal_device_attitude_status__functions.h\n'}
[0.980626] (px4_msgs) StdoutLine: {'line': b'-- Up-to-date symlink: /root/ws_sensor_combined/install/px4_msgs/include/px4_msgs/px4_msgs/msg/detail/gimbal_device_attitude_status__struct.h\n'}
[0.980768] (px4_msgs) StdoutLine: {'line': b'-- Up-to-date symlink: /root/ws_sensor_combined/install/px4_msgs/include/px4_msgs/px4_msgs/msg/detail/gimbal_device_attitude_status__type_support.h\n'}
[0.980811] (px4_msgs) StdoutLine: {'line': b'-- Up-to-date symlink: /root/ws_sensor_combined/install/px4_msgs/include/px4_msgs/px4_msgs/msg/detail/gimbal_device_information__functions.h\n'}
[0.980839] (px4_msgs) StdoutLine: {'line': b'-- Up-to-date symlink: /root/ws_sensor_combined/install/px4_msgs/include/px4_msgs/px4_msgs/msg/detail/gimbal_device_information__struct.h\n'}
[0.981038] (px4_msgs) StdoutLine: {'line': b'-- Up-to-date symlink: /root/ws_sensor_combined/install/px4_msgs/include/px4_msgs/px4_msgs/msg/detail/gimbal_device_information__type_support.h\n'}
[0.981132] (px4_msgs) StdoutLine: {'line': b'-- Up-to-date symlink: /root/ws_sensor_combined/install/px4_msgs/include/px4_msgs/px4_msgs/msg/detail/gimbal_device_set_attitude__functions.h\n'}
[0.981218] (px4_msgs) StdoutLine: {'line': b'-- Up-to-date symlink: /root/ws_sensor_combined/install/px4_msgs/include/px4_msgs/px4_msgs/msg/detail/gimbal_device_set_attitude__struct.h\n'}
[0.981304] (px4_msgs) StdoutLine: {'line': b'-- Up-to-date symlink: /root/ws_sensor_combined/install/px4_msgs/include/px4_msgs/px4_msgs/msg/detail/gimbal_device_set_attitude__type_support.h\n'}
[0.981456] (px4_msgs) StdoutLine: {'line': b'-- Up-to-date symlink: /root/ws_sensor_combined/install/px4_msgs/include/px4_msgs/px4_msgs/msg/detail/gimbal_manager_information__functions.h\n'}
[0.981662] (px4_msgs) StdoutLine: {'line': b'-- Up-to-date symlink: /root/ws_sensor_combined/install/px4_msgs/include/px4_msgs/px4_msgs/msg/detail/gimbal_manager_information__struct.h\n'}
[0.981713] (px4_msgs) StdoutLine: {'line': b'-- Up-to-date symlink: /root/ws_sensor_combined/install/px4_msgs/include/px4_msgs/px4_msgs/msg/detail/gimbal_manager_information__type_support.h\n'}
[0.981761] (px4_msgs) StdoutLine: {'line': b'-- Up-to-date symlink: /root/ws_sensor_combined/install/px4_msgs/include/px4_msgs/px4_msgs/msg/detail/gimbal_manager_set_attitude__functions.h\n'}
[0.981890] (px4_msgs) StdoutLine: {'line': b'-- Up-to-date symlink: /root/ws_sensor_combined/install/px4_msgs/include/px4_msgs/px4_msgs/msg/detail/gimbal_manager_set_attitude__struct.h\n'}
[0.981999] (px4_msgs) StdoutLine: {'line': b'-- Up-to-date symlink: /root/ws_sensor_combined/install/px4_msgs/include/px4_msgs/px4_msgs/msg/detail/gimbal_manager_set_attitude__type_support.h\n'}
[0.982105] (px4_msgs) StdoutLine: {'line': b'-- Up-to-date symlink: /root/ws_sensor_combined/install/px4_msgs/include/px4_msgs/px4_msgs/msg/detail/gimbal_manager_set_manual_control__functions.h\n'}
[0.982153] (px4_msgs) StdoutLine: {'line': b'-- Up-to-date symlink: /root/ws_sensor_combined/install/px4_msgs/include/px4_msgs/px4_msgs/msg/detail/gimbal_manager_set_manual_control__struct.h\n'}
[0.982209] (px4_msgs) StdoutLine: {'line': b'-- Up-to-date symlink: /root/ws_sensor_combined/install/px4_msgs/include/px4_msgs/px4_msgs/msg/detail/gimbal_manager_set_manual_control__type_support.h\n'}
[0.982240] (px4_msgs) StdoutLine: {'line': b'-- Up-to-date symlink: /root/ws_sensor_combined/install/px4_msgs/include/px4_msgs/px4_msgs/msg/detail/gimbal_manager_status__functions.h\n'}
[0.982288] (px4_msgs) StdoutLine: {'line': b'-- Up-to-date symlink: /root/ws_sensor_combined/install/px4_msgs/include/px4_msgs/px4_msgs/msg/detail/gimbal_manager_status__struct.h\n'}
[0.982446] (px4_msgs) StdoutLine: {'line': b'-- Up-to-date symlink: /root/ws_sensor_combined/install/px4_msgs/include/px4_msgs/px4_msgs/msg/detail/gimbal_manager_status__type_support.h\n'}
[0.982535] (px4_msgs) StdoutLine: {'line': b'-- Up-to-date symlink: /root/ws_sensor_combined/install/px4_msgs/include/px4_msgs/px4_msgs/msg/detail/goto_setpoint__functions.h\n'}
[0.982620] (px4_msgs) StdoutLine: {'line': b'-- Up-to-date symlink: /root/ws_sensor_combined/install/px4_msgs/include/px4_msgs/px4_msgs/msg/detail/goto_setpoint__struct.h\n'}
[0.982669] (px4_msgs) StdoutLine: {'line': b'-- Up-to-date symlink: /root/ws_sensor_combined/install/px4_msgs/include/px4_msgs/px4_msgs/msg/detail/goto_setpoint__type_support.h\n'}
[0.982784] (px4_msgs) StdoutLine: {'line': b'-- Up-to-date symlink: /root/ws_sensor_combined/install/px4_msgs/include/px4_msgs/px4_msgs/msg/detail/gpio_config__functions.h\n'}
[0.982860] (px4_msgs) StdoutLine: {'line': b'-- Up-to-date symlink: /root/ws_sensor_combined/install/px4_msgs/include/px4_msgs/px4_msgs/msg/detail/gpio_config__struct.h\n'}
[0.982945] (px4_msgs) StdoutLine: {'line': b'-- Up-to-date symlink: /root/ws_sensor_combined/install/px4_msgs/include/px4_msgs/px4_msgs/msg/detail/gpio_config__type_support.h\n'}
[0.983028] (px4_msgs) StdoutLine: {'line': b'-- Up-to-date symlink: /root/ws_sensor_combined/install/px4_msgs/include/px4_msgs/px4_msgs/msg/detail/gpio_in__functions.h\n'}
[0.983119] (px4_msgs) StdoutLine: {'line': b'-- Up-to-date symlink: /root/ws_sensor_combined/install/px4_msgs/include/px4_msgs/px4_msgs/msg/detail/gpio_in__struct.h\n'}
[0.983204] (px4_msgs) StdoutLine: {'line': b'-- Up-to-date symlink: /root/ws_sensor_combined/install/px4_msgs/include/px4_msgs/px4_msgs/msg/detail/gpio_in__type_support.h\n'}
[0.983268] (px4_msgs) StdoutLine: {'line': b'-- Up-to-date symlink: /root/ws_sensor_combined/install/px4_msgs/include/px4_msgs/px4_msgs/msg/detail/gpio_out__functions.h\n'}
[0.983354] (px4_msgs) StdoutLine: {'line': b'-- Up-to-date symlink: /root/ws_sensor_combined/install/px4_msgs/include/px4_msgs/px4_msgs/msg/detail/gpio_out__struct.h\n'}
[0.983438] (px4_msgs) StdoutLine: {'line': b'-- Up-to-date symlink: /root/ws_sensor_combined/install/px4_msgs/include/px4_msgs/px4_msgs/msg/detail/gpio_out__type_support.h\n'}
[0.983521] (px4_msgs) StdoutLine: {'line': b'-- Up-to-date symlink: /root/ws_sensor_combined/install/px4_msgs/include/px4_msgs/px4_msgs/msg/detail/gpio_request__functions.h\n'}
[0.983605] (px4_msgs) StdoutLine: {'line': b'-- Up-to-date symlink: /root/ws_sensor_combined/install/px4_msgs/include/px4_msgs/px4_msgs/msg/detail/gpio_request__struct.h\n'}
[0.983689] (px4_msgs) StdoutLine: {'line': b'-- Up-to-date symlink: /root/ws_sensor_combined/install/px4_msgs/include/px4_msgs/px4_msgs/msg/detail/gpio_request__type_support.h\n'}
[0.983773] (px4_msgs) StdoutLine: {'line': b'-- Up-to-date symlink: /root/ws_sensor_combined/install/px4_msgs/include/px4_msgs/px4_msgs/msg/detail/gps_dump__functions.h\n'}
[0.983857] (px4_msgs) StdoutLine: {'line': b'-- Up-to-date symlink: /root/ws_sensor_combined/install/px4_msgs/include/px4_msgs/px4_msgs/msg/detail/gps_dump__struct.h\n'}
[0.983941] (px4_msgs) StdoutLine: {'line': b'-- Up-to-date symlink: /root/ws_sensor_combined/install/px4_msgs/include/px4_msgs/px4_msgs/msg/detail/gps_dump__type_support.h\n'}
[0.984025] (px4_msgs) StdoutLine: {'line': b'-- Up-to-date symlink: /root/ws_sensor_combined/install/px4_msgs/include/px4_msgs/px4_msgs/msg/detail/gps_inject_data__functions.h\n'}
[0.984112] (px4_msgs) StdoutLine: {'line': b'-- Up-to-date symlink: /root/ws_sensor_combined/install/px4_msgs/include/px4_msgs/px4_msgs/msg/detail/gps_inject_data__struct.h\n'}
[0.984196] (px4_msgs) StdoutLine: {'line': b'-- Up-to-date symlink: /root/ws_sensor_combined/install/px4_msgs/include/px4_msgs/px4_msgs/msg/detail/gps_inject_data__type_support.h\n'}
[0.984280] (px4_msgs) StdoutLine: {'line': b'-- Up-to-date symlink: /root/ws_sensor_combined/install/px4_msgs/include/px4_msgs/px4_msgs/msg/detail/gripper__functions.h\n'}
[0.984364] (px4_msgs) StdoutLine: {'line': b'-- Up-to-date symlink: /root/ws_sensor_combined/install/px4_msgs/include/px4_msgs/px4_msgs/msg/detail/gripper__struct.h\n'}
[0.984447] (px4_msgs) StdoutLine: {'line': b'-- Up-to-date symlink: /root/ws_sensor_combined/install/px4_msgs/include/px4_msgs/px4_msgs/msg/detail/gripper__type_support.h\n'}
[0.984531] (px4_msgs) StdoutLine: {'line': b'-- Up-to-date symlink: /root/ws_sensor_combined/install/px4_msgs/include/px4_msgs/px4_msgs/msg/detail/health_report__functions.h\n'}
[0.984615] (px4_msgs) StdoutLine: {'line': b'-- Up-to-date symlink: /root/ws_sensor_combined/install/px4_msgs/include/px4_msgs/px4_msgs/msg/detail/health_report__struct.h\n'}
[0.984699] (px4_msgs) StdoutLine: {'line': b'-- Up-to-date symlink: /root/ws_sensor_combined/install/px4_msgs/include/px4_msgs/px4_msgs/msg/detail/health_report__type_support.h\n'}
[0.984782] (px4_msgs) StdoutLine: {'line': b'-- Up-to-date symlink: /root/ws_sensor_combined/install/px4_msgs/include/px4_msgs/px4_msgs/msg/detail/heater_status__functions.h\n'}
[0.984817] (px4_msgs) StdoutLine: {'line': b'-- Up-to-date symlink: /root/ws_sensor_combined/install/px4_msgs/include/px4_msgs/px4_msgs/msg/detail/heater_status__struct.h\n'}
[0.984854] (px4_msgs) StdoutLine: {'line': b'-- Up-to-date symlink: /root/ws_sensor_combined/install/px4_msgs/include/px4_msgs/px4_msgs/msg/detail/heater_status__type_support.h\n'}
[0.984969] (px4_msgs) StdoutLine: {'line': b'-- Up-to-date symlink: /root/ws_sensor_combined/install/px4_msgs/include/px4_msgs/px4_msgs/msg/detail/home_position__functions.h\n'}
[0.985414] (px4_msgs) StdoutLine: {'line': b'-- Up-to-date symlink: /root/ws_sensor_combined/install/px4_msgs/include/px4_msgs/px4_msgs/msg/detail/home_position__struct.h\n'}
[0.985948] (px4_msgs) StdoutLine: {'line': b'-- Up-to-date symlink: /root/ws_sensor_combined/install/px4_msgs/include/px4_msgs/px4_msgs/msg/detail/home_position__type_support.h\n'}
[0.986271] (px4_msgs) StdoutLine: {'line': b'-- Up-to-date symlink: /root/ws_sensor_combined/install/px4_msgs/include/px4_msgs/px4_msgs/msg/detail/hover_thrust_estimate__functions.h\n'}
[0.986393] (px4_msgs) StdoutLine: {'line': b'-- Up-to-date symlink: /root/ws_sensor_combined/install/px4_msgs/include/px4_msgs/px4_msgs/msg/detail/hover_thrust_estimate__struct.h\n'}
[0.986625] (px4_msgs) StdoutLine: {'line': b'-- Up-to-date symlink: /root/ws_sensor_combined/install/px4_msgs/include/px4_msgs/px4_msgs/msg/detail/hover_thrust_estimate__type_support.h\n'}
[0.986773] (px4_msgs) StdoutLine: {'line': b'-- Up-to-date symlink: /root/ws_sensor_combined/install/px4_msgs/include/px4_msgs/px4_msgs/msg/detail/input_rc__functions.h\n'}
[0.986847] (px4_msgs) StdoutLine: {'line': b'-- Up-to-date symlink: /root/ws_sensor_combined/install/px4_msgs/include/px4_msgs/px4_msgs/msg/detail/input_rc__struct.h\n'}
[0.986931] (px4_msgs) StdoutLine: {'line': b'-- Up-to-date symlink: /root/ws_sensor_combined/install/px4_msgs/include/px4_msgs/px4_msgs/msg/detail/input_rc__type_support.h\n'}
[0.987017] (px4_msgs) StdoutLine: {'line': b'-- Up-to-date symlink: /root/ws_sensor_combined/install/px4_msgs/include/px4_msgs/px4_msgs/msg/detail/internal_combustion_engine_control__functions.h\n'}
[0.987091] (px4_msgs) StdoutLine: {'line': b'-- Up-to-date symlink: /root/ws_sensor_combined/install/px4_msgs/include/px4_msgs/px4_msgs/msg/detail/internal_combustion_engine_control__struct.h\n'}
[0.987174] (px4_msgs) StdoutLine: {'line': b'-- Up-to-date symlink: /root/ws_sensor_combined/install/px4_msgs/include/px4_msgs/px4_msgs/msg/detail/internal_combustion_engine_control__type_support.h\n'}
[0.987237] (px4_msgs) StdoutLine: {'line': b'-- Up-to-date symlink: /root/ws_sensor_combined/install/px4_msgs/include/px4_msgs/px4_msgs/msg/detail/internal_combustion_engine_status__functions.h\n'}
[0.987321] (px4_msgs) StdoutLine: {'line': b'-- Up-to-date symlink: /root/ws_sensor_combined/install/px4_msgs/include/px4_msgs/px4_msgs/msg/detail/internal_combustion_engine_status__struct.h\n'}
[0.987404] (px4_msgs) StdoutLine: {'line': b'-- Up-to-date symlink: /root/ws_sensor_combined/install/px4_msgs/include/px4_msgs/px4_msgs/msg/detail/internal_combustion_engine_status__type_support.h\n'}
[0.987486] (px4_msgs) StdoutLine: {'line': b'-- Up-to-date symlink: /root/ws_sensor_combined/install/px4_msgs/include/px4_msgs/px4_msgs/msg/detail/iridiumsbd_status__functions.h\n'}
[0.987569] (px4_msgs) StdoutLine: {'line': b'-- Up-to-date symlink: /root/ws_sensor_combined/install/px4_msgs/include/px4_msgs/px4_msgs/msg/detail/iridiumsbd_status__struct.h\n'}
[0.987650] (px4_msgs) StdoutLine: {'line': b'-- Up-to-date symlink: /root/ws_sensor_combined/install/px4_msgs/include/px4_msgs/px4_msgs/msg/detail/iridiumsbd_status__type_support.h\n'}
[0.987720] (px4_msgs) StdoutLine: {'line': b'-- Up-to-date symlink: /root/ws_sensor_combined/install/px4_msgs/include/px4_msgs/px4_msgs/msg/detail/irlock_report__functions.h\n'}
[0.987801] (px4_msgs) StdoutLine: {'line': b'-- Up-to-date symlink: /root/ws_sensor_combined/install/px4_msgs/include/px4_msgs/px4_msgs/msg/detail/irlock_report__struct.h\n'}
[0.987886] (px4_msgs) StdoutLine: {'line': b'-- Up-to-date symlink: /root/ws_sensor_combined/install/px4_msgs/include/px4_msgs/px4_msgs/msg/detail/irlock_report__type_support.h\n'}
[0.987967] (px4_msgs) StdoutLine: {'line': b'-- Up-to-date symlink: /root/ws_sensor_combined/install/px4_msgs/include/px4_msgs/px4_msgs/msg/detail/landing_gear__functions.h\n'}
[0.988048] (px4_msgs) StdoutLine: {'line': b'-- Up-to-date symlink: /root/ws_sensor_combined/install/px4_msgs/include/px4_msgs/px4_msgs/msg/detail/landing_gear__struct.h\n'}
[0.988121] (px4_msgs) StdoutLine: {'line': b'-- Up-to-date symlink: /root/ws_sensor_combined/install/px4_msgs/include/px4_msgs/px4_msgs/msg/detail/landing_gear__type_support.h\n'}
[0.988202] (px4_msgs) StdoutLine: {'line': b'-- Up-to-date symlink: /root/ws_sensor_combined/install/px4_msgs/include/px4_msgs/px4_msgs/msg/detail/landing_gear_wheel__functions.h\n'}
[0.988284] (px4_msgs) StdoutLine: {'line': b'-- Up-to-date symlink: /root/ws_sensor_combined/install/px4_msgs/include/px4_msgs/px4_msgs/msg/detail/landing_gear_wheel__struct.h\n'}
[0.988366] (px4_msgs) StdoutLine: {'line': b'-- Up-to-date symlink: /root/ws_sensor_combined/install/px4_msgs/include/px4_msgs/px4_msgs/msg/detail/landing_gear_wheel__type_support.h\n'}
[0.988446] (px4_msgs) StdoutLine: {'line': b'-- Up-to-date symlink: /root/ws_sensor_combined/install/px4_msgs/include/px4_msgs/px4_msgs/msg/detail/landing_target_innovations__functions.h\n'}
[0.988527] (px4_msgs) StdoutLine: {'line': b'-- Up-to-date symlink: /root/ws_sensor_combined/install/px4_msgs/include/px4_msgs/px4_msgs/msg/detail/landing_target_innovations__struct.h\n'}
[0.988608] (px4_msgs) StdoutLine: {'line': b'-- Up-to-date symlink: /root/ws_sensor_combined/install/px4_msgs/include/px4_msgs/px4_msgs/msg/detail/landing_target_innovations__type_support.h\n'}
[0.988688] (px4_msgs) StdoutLine: {'line': b'-- Up-to-date symlink: /root/ws_sensor_combined/install/px4_msgs/include/px4_msgs/px4_msgs/msg/detail/landing_target_pose__functions.h\n'}
[0.988758] (px4_msgs) StdoutLine: {'line': b'-- Up-to-date symlink: /root/ws_sensor_combined/install/px4_msgs/include/px4_msgs/px4_msgs/msg/detail/landing_target_pose__struct.h\n'}
[0.988839] (px4_msgs) StdoutLine: {'line': b'-- Up-to-date symlink: /root/ws_sensor_combined/install/px4_msgs/include/px4_msgs/px4_msgs/msg/detail/landing_target_pose__type_support.h\n'}
[0.988920] (px4_msgs) StdoutLine: {'line': b'-- Up-to-date symlink: /root/ws_sensor_combined/install/px4_msgs/include/px4_msgs/px4_msgs/msg/detail/lateral_control_configuration__functions.h\n'}
[0.988990] (px4_msgs) StdoutLine: {'line': b'-- Up-to-date symlink: /root/ws_sensor_combined/install/px4_msgs/include/px4_msgs/px4_msgs/msg/detail/lateral_control_configuration__struct.h\n'}
[0.989075] (px4_msgs) StdoutLine: {'line': b'-- Up-to-date symlink: /root/ws_sensor_combined/install/px4_msgs/include/px4_msgs/px4_msgs/msg/detail/lateral_control_configuration__type_support.h\n'}
[0.989146] (px4_msgs) StdoutLine: {'line': b'-- Up-to-date symlink: /root/ws_sensor_combined/install/px4_msgs/include/px4_msgs/px4_msgs/msg/detail/launch_detection_status__functions.h\n'}
[0.989228] (px4_msgs) StdoutLine: {'line': b'-- Up-to-date symlink: /root/ws_sensor_combined/install/px4_msgs/include/px4_msgs/px4_msgs/msg/detail/launch_detection_status__struct.h\n'}
[0.989310] (px4_msgs) StdoutLine: {'line': b'-- Up-to-date symlink: /root/ws_sensor_combined/install/px4_msgs/include/px4_msgs/px4_msgs/msg/detail/launch_detection_status__type_support.h\n'}
[0.989372] (px4_msgs) StdoutLine: {'line': b'-- Up-to-date symlink: /root/ws_sensor_combined/install/px4_msgs/include/px4_msgs/px4_msgs/msg/detail/led_control__functions.h\n'}
[0.989457] (px4_msgs) StdoutLine: {'line': b'-- Up-to-date symlink: /root/ws_sensor_combined/install/px4_msgs/include/px4_msgs/px4_msgs/msg/detail/led_control__struct.h\n'}
[0.989663] (px4_msgs) StdoutLine: {'line': b'-- Up-to-date symlink: /root/ws_sensor_combined/install/px4_msgs/include/px4_msgs/px4_msgs/msg/detail/led_control__type_support.h\n'}
[0.989729] (px4_msgs) StdoutLine: {'line': b'-- Up-to-date symlink: /root/ws_sensor_combined/install/px4_msgs/include/px4_msgs/px4_msgs/msg/detail/log_message__functions.h\n'}
[0.989814] (px4_msgs) StdoutLine: {'line': b'-- Up-to-date symlink: /root/ws_sensor_combined/install/px4_msgs/include/px4_msgs/px4_msgs/msg/detail/log_message__struct.h\n'}
[0.989887] (px4_msgs) StdoutLine: {'line': b'-- Up-to-date symlink: /root/ws_sensor_combined/install/px4_msgs/include/px4_msgs/px4_msgs/msg/detail/log_message__type_support.h\n'}
[0.989974] (px4_msgs) StdoutLine: {'line': b'-- Up-to-date symlink: /root/ws_sensor_combined/install/px4_msgs/include/px4_msgs/px4_msgs/msg/detail/logger_status__functions.h\n'}
[0.990057] (px4_msgs) StdoutLine: {'line': b'-- Up-to-date symlink: /root/ws_sensor_combined/install/px4_msgs/include/px4_msgs/px4_msgs/msg/detail/logger_status__struct.h\n'}
[0.990140] (px4_msgs) StdoutLine: {'line': b'-- Up-to-date symlink: /root/ws_sensor_combined/install/px4_msgs/include/px4_msgs/px4_msgs/msg/detail/logger_status__type_support.h\n'}
[0.990189] (px4_msgs) StdoutLine: {'line': b'-- Up-to-date symlink: /root/ws_sensor_combined/install/px4_msgs/include/px4_msgs/px4_msgs/msg/detail/longitudinal_control_configuration__functions.h\n'}
[0.990217] (px4_msgs) StdoutLine: {'line': b'-- Up-to-date symlink: /root/ws_sensor_combined/install/px4_msgs/include/px4_msgs/px4_msgs/msg/detail/longitudinal_control_configuration__struct.h\n'}
[0.990365] (px4_msgs) StdoutLine: {'line': b'-- Up-to-date symlink: /root/ws_sensor_combined/install/px4_msgs/include/px4_msgs/px4_msgs/msg/detail/longitudinal_control_configuration__type_support.h\n'}
[0.990463] (px4_msgs) StdoutLine: {'line': b'-- Up-to-date symlink: /root/ws_sensor_combined/install/px4_msgs/include/px4_msgs/px4_msgs/msg/detail/mag_worker_data__functions.h\n'}
[0.990538] (px4_msgs) StdoutLine: {'line': b'-- Up-to-date symlink: /root/ws_sensor_combined/install/px4_msgs/include/px4_msgs/px4_msgs/msg/detail/mag_worker_data__struct.h\n'}
[0.990621] (px4_msgs) StdoutLine: {'line': b'-- Up-to-date symlink: /root/ws_sensor_combined/install/px4_msgs/include/px4_msgs/px4_msgs/msg/detail/mag_worker_data__type_support.h\n'}
[0.990694] (px4_msgs) StdoutLine: {'line': b'-- Up-to-date symlink: /root/ws_sensor_combined/install/px4_msgs/include/px4_msgs/px4_msgs/msg/detail/magnetometer_bias_estimate__functions.h\n'}
[0.990779] (px4_msgs) StdoutLine: {'line': b'-- Up-to-date symlink: /root/ws_sensor_combined/install/px4_msgs/include/px4_msgs/px4_msgs/msg/detail/magnetometer_bias_estimate__struct.h\n'}
[0.990851] (px4_msgs) StdoutLine: {'line': b'-- Up-to-date symlink: /root/ws_sensor_combined/install/px4_msgs/include/px4_msgs/px4_msgs/msg/detail/magnetometer_bias_estimate__type_support.h\n'}
[0.990914] (px4_msgs) StdoutLine: {'line': b'-- Up-to-date symlink: /root/ws_sensor_combined/install/px4_msgs/include/px4_msgs/px4_msgs/msg/detail/manual_control_setpoint__functions.h\n'}
[0.990947] (px4_msgs) StdoutLine: {'line': b'-- Up-to-date symlink: /root/ws_sensor_combined/install/px4_msgs/include/px4_msgs/px4_msgs/msg/detail/manual_control_setpoint__struct.h\n'}
[0.990976] (px4_msgs) StdoutLine: {'line': b'-- Up-to-date symlink: /root/ws_sensor_combined/install/px4_msgs/include/px4_msgs/px4_msgs/msg/detail/manual_control_setpoint__type_support.h\n'}
[0.991034] (px4_msgs) StdoutLine: {'line': b'-- Up-to-date symlink: /root/ws_sensor_combined/install/px4_msgs/include/px4_msgs/px4_msgs/msg/detail/manual_control_switches__functions.h\n'}
[0.991074] (px4_msgs) StdoutLine: {'line': b'-- Up-to-date symlink: /root/ws_sensor_combined/install/px4_msgs/include/px4_msgs/px4_msgs/msg/detail/manual_control_switches__struct.h\n'}
[0.991108] (px4_msgs) StdoutLine: {'line': b'-- Up-to-date symlink: /root/ws_sensor_combined/install/px4_msgs/include/px4_msgs/px4_msgs/msg/detail/manual_control_switches__type_support.h\n'}
[0.991296] (px4_msgs) StdoutLine: {'line': b'-- Up-to-date symlink: /root/ws_sensor_combined/install/px4_msgs/include/px4_msgs/px4_msgs/msg/detail/mavlink_log__functions.h\n'}
[0.991357] (px4_msgs) StdoutLine: {'line': b'-- Up-to-date symlink: /root/ws_sensor_combined/install/px4_msgs/include/px4_msgs/px4_msgs/msg/detail/mavlink_log__struct.h\n'}
[0.991638] (px4_msgs) StdoutLine: {'line': b'-- Up-to-date symlink: /root/ws_sensor_combined/install/px4_msgs/include/px4_msgs/px4_msgs/msg/detail/mavlink_log__type_support.h\n'}
[0.991850] (px4_msgs) StdoutLine: {'line': b'-- Up-to-date symlink: /root/ws_sensor_combined/install/px4_msgs/include/px4_msgs/px4_msgs/msg/detail/mavlink_tunnel__functions.h\n'}
[0.991897] (px4_msgs) StdoutLine: {'line': b'-- Up-to-date symlink: /root/ws_sensor_combined/install/px4_msgs/include/px4_msgs/px4_msgs/msg/detail/mavlink_tunnel__struct.h\n'}
[0.991923] (px4_msgs) StdoutLine: {'line': b'-- Up-to-date symlink: /root/ws_sensor_combined/install/px4_msgs/include/px4_msgs/px4_msgs/msg/detail/mavlink_tunnel__type_support.h\n'}
[0.991947] (px4_msgs) StdoutLine: {'line': b'-- Up-to-date symlink: /root/ws_sensor_combined/install/px4_msgs/include/px4_msgs/px4_msgs/msg/detail/message_format_request__functions.h\n'}
[0.991978] (px4_msgs) StdoutLine: {'line': b'-- Up-to-date symlink: /root/ws_sensor_combined/install/px4_msgs/include/px4_msgs/px4_msgs/msg/detail/message_format_request__struct.h\n'}
[0.992057] (px4_msgs) StdoutLine: {'line': b'-- Up-to-date symlink: /root/ws_sensor_combined/install/px4_msgs/include/px4_msgs/px4_msgs/msg/detail/message_format_request__type_support.h\n'}
[0.992123] (px4_msgs) StdoutLine: {'line': b'-- Up-to-date symlink: /root/ws_sensor_combined/install/px4_msgs/include/px4_msgs/px4_msgs/msg/detail/message_format_response__functions.h\n'}
[0.992205] (px4_msgs) StdoutLine: {'line': b'-- Up-to-date symlink: /root/ws_sensor_combined/install/px4_msgs/include/px4_msgs/px4_msgs/msg/detail/message_format_response__struct.h\n'}
[0.992286] (px4_msgs) StdoutLine: {'line': b'-- Up-to-date symlink: /root/ws_sensor_combined/install/px4_msgs/include/px4_msgs/px4_msgs/msg/detail/message_format_response__type_support.h\n'}
[0.992358] (px4_msgs) StdoutLine: {'line': b'-- Up-to-date symlink: /root/ws_sensor_combined/install/px4_msgs/include/px4_msgs/px4_msgs/msg/detail/mission__functions.h\n'}
[0.992550] (px4_msgs) StdoutLine: {'line': b'-- Up-to-date symlink: /root/ws_sensor_combined/install/px4_msgs/include/px4_msgs/px4_msgs/msg/detail/mission__struct.h\n'}
[0.992649] (px4_msgs) StdoutLine: {'line': b'-- Up-to-date symlink: /root/ws_sensor_combined/install/px4_msgs/include/px4_msgs/px4_msgs/msg/detail/mission__type_support.h\n'}
[0.992684] (px4_msgs) StdoutLine: {'line': b'-- Up-to-date symlink: /root/ws_sensor_combined/install/px4_msgs/include/px4_msgs/px4_msgs/msg/detail/mission_result__functions.h\n'}
[0.992830] (px4_msgs) StdoutLine: {'line': b'-- Up-to-date symlink: /root/ws_sensor_combined/install/px4_msgs/include/px4_msgs/px4_msgs/msg/detail/mission_result__struct.h\n'}
[0.993065] (px4_msgs) StdoutLine: {'line': b'-- Up-to-date symlink: /root/ws_sensor_combined/install/px4_msgs/include/px4_msgs/px4_msgs/msg/detail/mission_result__type_support.h\n'}
[0.993154] (px4_msgs) StdoutLine: {'line': b'-- Up-to-date symlink: /root/ws_sensor_combined/install/px4_msgs/include/px4_msgs/px4_msgs/msg/detail/mode_completed__functions.h\n'}
[0.993237] (px4_msgs) StdoutLine: {'line': b'-- Up-to-date symlink: /root/ws_sensor_combined/install/px4_msgs/include/px4_msgs/px4_msgs/msg/detail/mode_completed__struct.h\n'}
[0.993318] (px4_msgs) StdoutLine: {'line': b'-- Up-to-date symlink: /root/ws_sensor_combined/install/px4_msgs/include/px4_msgs/px4_msgs/msg/detail/mode_completed__type_support.h\n'}
[0.993387] (px4_msgs) StdoutLine: {'line': b'-- Up-to-date symlink: /root/ws_sensor_combined/install/px4_msgs/include/px4_msgs/px4_msgs/msg/detail/mount_orientation__functions.h\n'}
[0.993459] (px4_msgs) StdoutLine: {'line': b'-- Up-to-date symlink: /root/ws_sensor_combined/install/px4_msgs/include/px4_msgs/px4_msgs/msg/detail/mount_orientation__struct.h\n'}
[0.993661] (px4_msgs) StdoutLine: {'line': b'-- Up-to-date symlink: /root/ws_sensor_combined/install/px4_msgs/include/px4_msgs/px4_msgs/msg/detail/mount_orientation__type_support.h\n'}
[0.993747] (px4_msgs) StdoutLine: {'line': b'-- Up-to-date symlink: /root/ws_sensor_combined/install/px4_msgs/include/px4_msgs/px4_msgs/msg/detail/navigator_mission_item__functions.h\n'}
[0.993818] (px4_msgs) StdoutLine: {'line': b'-- Up-to-date symlink: /root/ws_sensor_combined/install/px4_msgs/include/px4_msgs/px4_msgs/msg/detail/navigator_mission_item__struct.h\n'}
[0.993900] (px4_msgs) StdoutLine: {'line': b'-- Up-to-date symlink: /root/ws_sensor_combined/install/px4_msgs/include/px4_msgs/px4_msgs/msg/detail/navigator_mission_item__type_support.h\n'}
[0.993987] (px4_msgs) StdoutLine: {'line': b'-- Up-to-date symlink: /root/ws_sensor_combined/install/px4_msgs/include/px4_msgs/px4_msgs/msg/detail/navigator_status__functions.h\n'}
[0.994068] (px4_msgs) StdoutLine: {'line': b'-- Up-to-date symlink: /root/ws_sensor_combined/install/px4_msgs/include/px4_msgs/px4_msgs/msg/detail/navigator_status__struct.h\n'}
[0.994139] (px4_msgs) StdoutLine: {'line': b'-- Up-to-date symlink: /root/ws_sensor_combined/install/px4_msgs/include/px4_msgs/px4_msgs/msg/detail/navigator_status__type_support.h\n'}
[0.994220] (px4_msgs) StdoutLine: {'line': b'-- Up-to-date symlink: /root/ws_sensor_combined/install/px4_msgs/include/px4_msgs/px4_msgs/msg/detail/neural_control__functions.h\n'}
[0.994295] (px4_msgs) StdoutLine: {'line': b'-- Up-to-date symlink: /root/ws_sensor_combined/install/px4_msgs/include/px4_msgs/px4_msgs/msg/detail/neural_control__struct.h\n'}
[0.994377] (px4_msgs) StdoutLine: {'line': b'-- Up-to-date symlink: /root/ws_sensor_combined/install/px4_msgs/include/px4_msgs/px4_msgs/msg/detail/neural_control__type_support.h\n'}
[0.994464] (px4_msgs) StdoutLine: {'line': b'-- Up-to-date symlink: /root/ws_sensor_combined/install/px4_msgs/include/px4_msgs/px4_msgs/msg/detail/normalized_unsigned_setpoint__functions.h\n'}
[0.994545] (px4_msgs) StdoutLine: {'line': b'-- Up-to-date symlink: /root/ws_sensor_combined/install/px4_msgs/include/px4_msgs/px4_msgs/msg/detail/normalized_unsigned_setpoint__struct.h\n'}
[0.994615] (px4_msgs) StdoutLine: {'line': b'-- Up-to-date symlink: /root/ws_sensor_combined/install/px4_msgs/include/px4_msgs/px4_msgs/msg/detail/normalized_unsigned_setpoint__type_support.h\n'}
[0.994697] (px4_msgs) StdoutLine: {'line': b'-- Up-to-date symlink: /root/ws_sensor_combined/install/px4_msgs/include/px4_msgs/px4_msgs/msg/detail/obstacle_distance__functions.h\n'}
[0.994777] (px4_msgs) StdoutLine: {'line': b'-- Up-to-date symlink: /root/ws_sensor_combined/install/px4_msgs/include/px4_msgs/px4_msgs/msg/detail/obstacle_distance__struct.h\n'}
[0.994859] (px4_msgs) StdoutLine: {'line': b'-- Up-to-date symlink: /root/ws_sensor_combined/install/px4_msgs/include/px4_msgs/px4_msgs/msg/detail/obstacle_distance__type_support.h\n'}
[0.995066] (px4_msgs) StdoutLine: {'line': b'-- Up-to-date symlink: /root/ws_sensor_combined/install/px4_msgs/include/px4_msgs/px4_msgs/msg/detail/offboard_control_mode__functions.h\n'}
[0.995159] (px4_msgs) StdoutLine: {'line': b'-- Up-to-date symlink: /root/ws_sensor_combined/install/px4_msgs/include/px4_msgs/px4_msgs/msg/detail/offboard_control_mode__struct.h\n'}
[0.995243] (px4_msgs) StdoutLine: {'line': b'-- Up-to-date symlink: /root/ws_sensor_combined/install/px4_msgs/include/px4_msgs/px4_msgs/msg/detail/offboard_control_mode__type_support.h\n'}
[0.995327] (px4_msgs) StdoutLine: {'line': b'-- Up-to-date symlink: /root/ws_sensor_combined/install/px4_msgs/include/px4_msgs/px4_msgs/msg/detail/onboard_computer_status__functions.h\n'}
[0.995401] (px4_msgs) StdoutLine: {'line': b'-- Up-to-date symlink: /root/ws_sensor_combined/install/px4_msgs/include/px4_msgs/px4_msgs/msg/detail/onboard_computer_status__struct.h\n'}
[0.995433] (px4_msgs) StdoutLine: {'line': b'-- Up-to-date symlink: /root/ws_sensor_combined/install/px4_msgs/include/px4_msgs/px4_msgs/msg/detail/onboard_computer_status__type_support.h\n'}
[0.995590] (px4_msgs) StdoutLine: {'line': b'-- Up-to-date symlink: /root/ws_sensor_combined/install/px4_msgs/include/px4_msgs/px4_msgs/msg/detail/open_drone_id_arm_status__functions.h\n'}
[0.995673] (px4_msgs) StdoutLine: {'line': b'-- Up-to-date symlink: /root/ws_sensor_combined/install/px4_msgs/include/px4_msgs/px4_msgs/msg/detail/open_drone_id_arm_status__struct.h\n'}
[0.995756] (px4_msgs) StdoutLine: {'line': b'-- Up-to-date symlink: /root/ws_sensor_combined/install/px4_msgs/include/px4_msgs/px4_msgs/msg/detail/open_drone_id_arm_status__type_support.h\n'}
[0.995839] (px4_msgs) StdoutLine: {'line': b'-- Up-to-date symlink: /root/ws_sensor_combined/install/px4_msgs/include/px4_msgs/px4_msgs/msg/detail/open_drone_id_operator_id__functions.h\n'}
[0.995975] (px4_msgs) StdoutLine: {'line': b'-- Up-to-date symlink: /root/ws_sensor_combined/install/px4_msgs/include/px4_msgs/px4_msgs/msg/detail/open_drone_id_operator_id__struct.h\n'}
[0.996063] (px4_msgs) StdoutLine: {'line': b'-- Up-to-date symlink: /root/ws_sensor_combined/install/px4_msgs/include/px4_msgs/px4_msgs/msg/detail/open_drone_id_operator_id__type_support.h\n'}
[0.996147] (px4_msgs) StdoutLine: {'line': b'-- Up-to-date symlink: /root/ws_sensor_combined/install/px4_msgs/include/px4_msgs/px4_msgs/msg/detail/open_drone_id_self_id__functions.h\n'}
[0.996229] (px4_msgs) StdoutLine: {'line': b'-- Up-to-date symlink: /root/ws_sensor_combined/install/px4_msgs/include/px4_msgs/px4_msgs/msg/detail/open_drone_id_self_id__struct.h\n'}
[0.996311] (px4_msgs) StdoutLine: {'line': b'-- Up-to-date symlink: /root/ws_sensor_combined/install/px4_msgs/include/px4_msgs/px4_msgs/msg/detail/open_drone_id_self_id__type_support.h\n'}
[0.996394] (px4_msgs) StdoutLine: {'line': b'-- Up-to-date symlink: /root/ws_sensor_combined/install/px4_msgs/include/px4_msgs/px4_msgs/msg/detail/open_drone_id_system__functions.h\n'}
[0.996477] (px4_msgs) StdoutLine: {'line': b'-- Up-to-date symlink: /root/ws_sensor_combined/install/px4_msgs/include/px4_msgs/px4_msgs/msg/detail/open_drone_id_system__struct.h\n'}
[0.996523] (px4_msgs) StdoutLine: {'line': b'-- Up-to-date symlink: /root/ws_sensor_combined/install/px4_msgs/include/px4_msgs/px4_msgs/msg/detail/open_drone_id_system__type_support.h\n'}
[0.996625] (px4_msgs) StdoutLine: {'line': b'-- Up-to-date symlink: /root/ws_sensor_combined/install/px4_msgs/include/px4_msgs/px4_msgs/msg/detail/orb_test__functions.h\n'}
[0.996701] (px4_msgs) StdoutLine: {'line': b'-- Up-to-date symlink: /root/ws_sensor_combined/install/px4_msgs/include/px4_msgs/px4_msgs/msg/detail/orb_test__struct.h\n'}
[0.996970] (px4_msgs) StdoutLine: {'line': b'-- Up-to-date symlink: /root/ws_sensor_combined/install/px4_msgs/include/px4_msgs/px4_msgs/msg/detail/orb_test__type_support.h\n'}
[0.997242] (px4_msgs) StdoutLine: {'line': b'-- Up-to-date symlink: /root/ws_sensor_combined/install/px4_msgs/include/px4_msgs/px4_msgs/msg/detail/orb_test_large__functions.h\n'}
[0.997571] (px4_msgs) StdoutLine: {'line': b'-- Up-to-date symlink: /root/ws_sensor_combined/install/px4_msgs/include/px4_msgs/px4_msgs/msg/detail/orb_test_large__struct.h\n'}
[0.997784] (px4_msgs) StdoutLine: {'line': b'-- Up-to-date symlink: /root/ws_sensor_combined/install/px4_msgs/include/px4_msgs/px4_msgs/msg/detail/orb_test_large__type_support.h\n'}
[0.998038] (px4_msgs) StdoutLine: {'line': b'-- Up-to-date symlink: /root/ws_sensor_combined/install/px4_msgs/include/px4_msgs/px4_msgs/msg/detail/orb_test_medium__functions.h\n'}
[0.998198] (px4_msgs) StdoutLine: {'line': b'-- Up-to-date symlink: /root/ws_sensor_combined/install/px4_msgs/include/px4_msgs/px4_msgs/msg/detail/orb_test_medium__struct.h\n'}
[0.998375] (px4_msgs) StdoutLine: {'line': b'-- Up-to-date symlink: /root/ws_sensor_combined/install/px4_msgs/include/px4_msgs/px4_msgs/msg/detail/orb_test_medium__type_support.h\n'}
[0.998459] (px4_msgs) StdoutLine: {'line': b'-- Up-to-date symlink: /root/ws_sensor_combined/install/px4_msgs/include/px4_msgs/px4_msgs/msg/detail/orbit_status__functions.h\n'}
[0.998541] (px4_msgs) StdoutLine: {'line': b'-- Up-to-date symlink: /root/ws_sensor_combined/install/px4_msgs/include/px4_msgs/px4_msgs/msg/detail/orbit_status__struct.h\n'}
[0.998621] (px4_msgs) StdoutLine: {'line': b'-- Up-to-date symlink: /root/ws_sensor_combined/install/px4_msgs/include/px4_msgs/px4_msgs/msg/detail/orbit_status__type_support.h\n'}
[0.998701] (px4_msgs) StdoutLine: {'line': b'-- Up-to-date symlink: /root/ws_sensor_combined/install/px4_msgs/include/px4_msgs/px4_msgs/msg/detail/parameter_reset_request__functions.h\n'}
[0.998762] (px4_msgs) StdoutLine: {'line': b'-- Up-to-date symlink: /root/ws_sensor_combined/install/px4_msgs/include/px4_msgs/px4_msgs/msg/detail/parameter_reset_request__struct.h\n'}
[0.998829] (px4_msgs) StdoutLine: {'line': b'-- Up-to-date symlink: /root/ws_sensor_combined/install/px4_msgs/include/px4_msgs/px4_msgs/msg/detail/parameter_reset_request__type_support.h\n'}
[0.998911] (px4_msgs) StdoutLine: {'line': b'-- Up-to-date symlink: /root/ws_sensor_combined/install/px4_msgs/include/px4_msgs/px4_msgs/msg/detail/parameter_set_used_request__functions.h\n'}
[0.998991] (px4_msgs) StdoutLine: {'line': b'-- Up-to-date symlink: /root/ws_sensor_combined/install/px4_msgs/include/px4_msgs/px4_msgs/msg/detail/parameter_set_used_request__struct.h\n'}
[0.999062] (px4_msgs) StdoutLine: {'line': b'-- Up-to-date symlink: /root/ws_sensor_combined/install/px4_msgs/include/px4_msgs/px4_msgs/msg/detail/parameter_set_used_request__type_support.h\n'}
[0.999143] (px4_msgs) StdoutLine: {'line': b'-- Up-to-date symlink: /root/ws_sensor_combined/install/px4_msgs/include/px4_msgs/px4_msgs/msg/detail/parameter_set_value_request__functions.h\n'}
[0.999224] (px4_msgs) StdoutLine: {'line': b'-- Up-to-date symlink: /root/ws_sensor_combined/install/px4_msgs/include/px4_msgs/px4_msgs/msg/detail/parameter_set_value_request__struct.h\n'}
[0.999305] (px4_msgs) StdoutLine: {'line': b'-- Up-to-date symlink: /root/ws_sensor_combined/install/px4_msgs/include/px4_msgs/px4_msgs/msg/detail/parameter_set_value_request__type_support.h\n'}
[0.999387] (px4_msgs) StdoutLine: {'line': b'-- Up-to-date symlink: /root/ws_sensor_combined/install/px4_msgs/include/px4_msgs/px4_msgs/msg/detail/parameter_set_value_response__functions.h\n'}
[0.999533] (px4_msgs) StdoutLine: {'line': b'-- Up-to-date symlink: /root/ws_sensor_combined/install/px4_msgs/include/px4_msgs/px4_msgs/msg/detail/parameter_set_value_response__struct.h\n'}
[0.999608] (px4_msgs) StdoutLine: {'line': b'-- Up-to-date symlink: /root/ws_sensor_combined/install/px4_msgs/include/px4_msgs/px4_msgs/msg/detail/parameter_set_value_response__type_support.h\n'}
[0.999689] (px4_msgs) StdoutLine: {'line': b'-- Up-to-date symlink: /root/ws_sensor_combined/install/px4_msgs/include/px4_msgs/px4_msgs/msg/detail/parameter_update__functions.h\n'}
[0.999750] (px4_msgs) StdoutLine: {'line': b'-- Up-to-date symlink: /root/ws_sensor_combined/install/px4_msgs/include/px4_msgs/px4_msgs/msg/detail/parameter_update__struct.h\n'}
[0.999794] (px4_msgs) StdoutLine: {'line': b'-- Up-to-date symlink: /root/ws_sensor_combined/install/px4_msgs/include/px4_msgs/px4_msgs/msg/detail/parameter_update__type_support.h\n'}
[0.999874] (px4_msgs) StdoutLine: {'line': b'-- Up-to-date symlink: /root/ws_sensor_combined/install/px4_msgs/include/px4_msgs/px4_msgs/msg/detail/ping__functions.h\n'}
[0.999955] (px4_msgs) StdoutLine: {'line': b'-- Up-to-date symlink: /root/ws_sensor_combined/install/px4_msgs/include/px4_msgs/px4_msgs/msg/detail/ping__struct.h\n'}
[1.000034] (px4_msgs) StdoutLine: {'line': b'-- Up-to-date symlink: /root/ws_sensor_combined/install/px4_msgs/include/px4_msgs/px4_msgs/msg/detail/ping__type_support.h\n'}
[1.000106] (px4_msgs) StdoutLine: {'line': b'-- Up-to-date symlink: /root/ws_sensor_combined/install/px4_msgs/include/px4_msgs/px4_msgs/msg/detail/position_controller_landing_status__functions.h\n'}
[1.000189] (px4_msgs) StdoutLine: {'line': b'-- Up-to-date symlink: /root/ws_sensor_combined/install/px4_msgs/include/px4_msgs/px4_msgs/msg/detail/position_controller_landing_status__struct.h\n'}
[1.000319] (px4_msgs) StdoutLine: {'line': b'-- Up-to-date symlink: /root/ws_sensor_combined/install/px4_msgs/include/px4_msgs/px4_msgs/msg/detail/position_controller_landing_status__type_support.h\n'}
[1.000350] (px4_msgs) StdoutLine: {'line': b'-- Up-to-date symlink: /root/ws_sensor_combined/install/px4_msgs/include/px4_msgs/px4_msgs/msg/detail/position_controller_status__functions.h\n'}
[1.000434] (px4_msgs) StdoutLine: {'line': b'-- Up-to-date symlink: /root/ws_sensor_combined/install/px4_msgs/include/px4_msgs/px4_msgs/msg/detail/position_controller_status__struct.h\n'}
[1.000514] (px4_msgs) StdoutLine: {'line': b'-- Up-to-date symlink: /root/ws_sensor_combined/install/px4_msgs/include/px4_msgs/px4_msgs/msg/detail/position_controller_status__type_support.h\n'}
[1.000601] (px4_msgs) StdoutLine: {'line': b'-- Up-to-date symlink: /root/ws_sensor_combined/install/px4_msgs/include/px4_msgs/px4_msgs/msg/detail/position_setpoint__functions.h\n'}
[1.000681] (px4_msgs) StdoutLine: {'line': b'-- Up-to-date symlink: /root/ws_sensor_combined/install/px4_msgs/include/px4_msgs/px4_msgs/msg/detail/position_setpoint__struct.h\n'}
[1.000761] (px4_msgs) StdoutLine: {'line': b'-- Up-to-date symlink: /root/ws_sensor_combined/install/px4_msgs/include/px4_msgs/px4_msgs/msg/detail/position_setpoint__type_support.h\n'}
[1.000842] (px4_msgs) StdoutLine: {'line': b'-- Up-to-date symlink: /root/ws_sensor_combined/install/px4_msgs/include/px4_msgs/px4_msgs/msg/detail/position_setpoint_triplet__functions.h\n'}
[1.000921] (px4_msgs) StdoutLine: {'line': b'-- Up-to-date symlink: /root/ws_sensor_combined/install/px4_msgs/include/px4_msgs/px4_msgs/msg/detail/position_setpoint_triplet__struct.h\n'}
[1.000994] (px4_msgs) StdoutLine: {'line': b'-- Up-to-date symlink: /root/ws_sensor_combined/install/px4_msgs/include/px4_msgs/px4_msgs/msg/detail/position_setpoint_triplet__type_support.h\n'}
[1.001075] (px4_msgs) StdoutLine: {'line': b'-- Up-to-date symlink: /root/ws_sensor_combined/install/px4_msgs/include/px4_msgs/px4_msgs/msg/detail/power_button_state__functions.h\n'}
[1.001155] (px4_msgs) StdoutLine: {'line': b'-- Up-to-date symlink: /root/ws_sensor_combined/install/px4_msgs/include/px4_msgs/px4_msgs/msg/detail/power_button_state__struct.h\n'}
[1.001234] (px4_msgs) StdoutLine: {'line': b'-- Up-to-date symlink: /root/ws_sensor_combined/install/px4_msgs/include/px4_msgs/px4_msgs/msg/detail/power_button_state__type_support.h\n'}
[1.001295] (px4_msgs) StdoutLine: {'line': b'-- Up-to-date symlink: /root/ws_sensor_combined/install/px4_msgs/include/px4_msgs/px4_msgs/msg/detail/power_monitor__functions.h\n'}
[1.001328] (px4_msgs) StdoutLine: {'line': b'-- Up-to-date symlink: /root/ws_sensor_combined/install/px4_msgs/include/px4_msgs/px4_msgs/msg/detail/power_monitor__struct.h\n'}
[1.001401] (px4_msgs) StdoutLine: {'line': b'-- Up-to-date symlink: /root/ws_sensor_combined/install/px4_msgs/include/px4_msgs/px4_msgs/msg/detail/power_monitor__type_support.h\n'}
[1.001550] (px4_msgs) StdoutLine: {'line': b'-- Up-to-date symlink: /root/ws_sensor_combined/install/px4_msgs/include/px4_msgs/px4_msgs/msg/detail/pps_capture__functions.h\n'}
[1.001629] (px4_msgs) StdoutLine: {'line': b'-- Up-to-date symlink: /root/ws_sensor_combined/install/px4_msgs/include/px4_msgs/px4_msgs/msg/detail/pps_capture__struct.h\n'}
[1.001710] (px4_msgs) StdoutLine: {'line': b'-- Up-to-date symlink: /root/ws_sensor_combined/install/px4_msgs/include/px4_msgs/px4_msgs/msg/detail/pps_capture__type_support.h\n'}
[1.001780] (px4_msgs) StdoutLine: {'line': b'-- Up-to-date symlink: /root/ws_sensor_combined/install/px4_msgs/include/px4_msgs/px4_msgs/msg/detail/pure_pursuit_status__functions.h\n'}
[1.001862] (px4_msgs) StdoutLine: {'line': b'-- Up-to-date symlink: /root/ws_sensor_combined/install/px4_msgs/include/px4_msgs/px4_msgs/msg/detail/pure_pursuit_status__struct.h\n'}
[1.001932] (px4_msgs) StdoutLine: {'line': b'-- Up-to-date symlink: /root/ws_sensor_combined/install/px4_msgs/include/px4_msgs/px4_msgs/msg/detail/pure_pursuit_status__type_support.h\n'}
[1.002013] (px4_msgs) StdoutLine: {'line': b'-- Up-to-date symlink: /root/ws_sensor_combined/install/px4_msgs/include/px4_msgs/px4_msgs/msg/detail/pwm_input__functions.h\n'}
[1.002095] (px4_msgs) StdoutLine: {'line': b'-- Up-to-date symlink: /root/ws_sensor_combined/install/px4_msgs/include/px4_msgs/px4_msgs/msg/detail/pwm_input__struct.h\n'}
[1.002176] (px4_msgs) StdoutLine: {'line': b'-- Up-to-date symlink: /root/ws_sensor_combined/install/px4_msgs/include/px4_msgs/px4_msgs/msg/detail/pwm_input__type_support.h\n'}
[1.002257] (px4_msgs) StdoutLine: {'line': b'-- Up-to-date symlink: /root/ws_sensor_combined/install/px4_msgs/include/px4_msgs/px4_msgs/msg/detail/px4io_status__functions.h\n'}
[1.002338] (px4_msgs) StdoutLine: {'line': b'-- Up-to-date symlink: /root/ws_sensor_combined/install/px4_msgs/include/px4_msgs/px4_msgs/msg/detail/px4io_status__struct.h\n'}
[1.002422] (px4_msgs) StdoutLine: {'line': b'-- Up-to-date symlink: /root/ws_sensor_combined/install/px4_msgs/include/px4_msgs/px4_msgs/msg/detail/px4io_status__type_support.h\n'}
[1.002485] (px4_msgs) StdoutLine: {'line': b'-- Up-to-date symlink: /root/ws_sensor_combined/install/px4_msgs/include/px4_msgs/px4_msgs/msg/detail/qshell_req__functions.h\n'}
[1.002594] (-) TimerEvent: {}
[1.002734] (px4_msgs) StdoutLine: {'line': b'-- Up-to-date symlink: /root/ws_sensor_combined/install/px4_msgs/include/px4_msgs/px4_msgs/msg/detail/qshell_req__struct.h\n'}
[1.002846] (px4_msgs) StdoutLine: {'line': b'-- Up-to-date symlink: /root/ws_sensor_combined/install/px4_msgs/include/px4_msgs/px4_msgs/msg/detail/qshell_req__type_support.h\n'}
[1.002932] (px4_msgs) StdoutLine: {'line': b'-- Up-to-date symlink: /root/ws_sensor_combined/install/px4_msgs/include/px4_msgs/px4_msgs/msg/detail/qshell_retval__functions.h\n'}
[1.002983] (px4_msgs) StdoutLine: {'line': b'-- Up-to-date symlink: /root/ws_sensor_combined/install/px4_msgs/include/px4_msgs/px4_msgs/msg/detail/qshell_retval__struct.h\n'}
[1.003122] (px4_msgs) StdoutLine: {'line': b'-- Up-to-date symlink: /root/ws_sensor_combined/install/px4_msgs/include/px4_msgs/px4_msgs/msg/detail/qshell_retval__type_support.h\n'}
[1.003173] (px4_msgs) StdoutLine: {'line': b'-- Up-to-date symlink: /root/ws_sensor_combined/install/px4_msgs/include/px4_msgs/px4_msgs/msg/detail/radio_status__functions.h\n'}
[1.003513] (px4_msgs) StdoutLine: {'line': b'-- Up-to-date symlink: /root/ws_sensor_combined/install/px4_msgs/include/px4_msgs/px4_msgs/msg/detail/radio_status__struct.h\n'}
[1.003767] (px4_msgs) StdoutLine: {'line': b'-- Up-to-date symlink: /root/ws_sensor_combined/install/px4_msgs/include/px4_msgs/px4_msgs/msg/detail/radio_status__type_support.h\n'}
[1.003862] (px4_msgs) StdoutLine: {'line': b'-- Up-to-date symlink: /root/ws_sensor_combined/install/px4_msgs/include/px4_msgs/px4_msgs/msg/detail/rate_ctrl_status__functions.h\n'}
[1.004016] (px4_msgs) StdoutLine: {'line': b'-- Up-to-date symlink: /root/ws_sensor_combined/install/px4_msgs/include/px4_msgs/px4_msgs/msg/detail/rate_ctrl_status__struct.h\n'}
[1.004064] (px4_msgs) StdoutLine: {'line': b'-- Up-to-date symlink: /root/ws_sensor_combined/install/px4_msgs/include/px4_msgs/px4_msgs/msg/detail/rate_ctrl_status__type_support.h\n'}
[1.004097] (px4_msgs) StdoutLine: {'line': b'-- Up-to-date symlink: /root/ws_sensor_combined/install/px4_msgs/include/px4_msgs/px4_msgs/msg/detail/rc_channels__functions.h\n'}
[1.004183] (px4_msgs) StdoutLine: {'line': b'-- Up-to-date symlink: /root/ws_sensor_combined/install/px4_msgs/include/px4_msgs/px4_msgs/msg/detail/rc_channels__struct.h\n'}
[1.004268] (px4_msgs) StdoutLine: {'line': b'-- Up-to-date symlink: /root/ws_sensor_combined/install/px4_msgs/include/px4_msgs/px4_msgs/msg/detail/rc_channels__type_support.h\n'}
[1.004400] (px4_msgs) StdoutLine: {'line': b'-- Up-to-date symlink: /root/ws_sensor_combined/install/px4_msgs/include/px4_msgs/px4_msgs/msg/detail/rc_parameter_map__functions.h\n'}
[1.004457] (px4_msgs) StdoutLine: {'line': b'-- Up-to-date symlink: /root/ws_sensor_combined/install/px4_msgs/include/px4_msgs/px4_msgs/msg/detail/rc_parameter_map__struct.h\n'}
[1.004512] (px4_msgs) StdoutLine: {'line': b'-- Up-to-date symlink: /root/ws_sensor_combined/install/px4_msgs/include/px4_msgs/px4_msgs/msg/detail/rc_parameter_map__type_support.h\n'}
[1.004566] (px4_msgs) StdoutLine: {'line': b'-- Up-to-date symlink: /root/ws_sensor_combined/install/px4_msgs/include/px4_msgs/px4_msgs/msg/detail/register_ext_component_reply__functions.h\n'}
[1.004617] (px4_msgs) StdoutLine: {'line': b'-- Up-to-date symlink: /root/ws_sensor_combined/install/px4_msgs/include/px4_msgs/px4_msgs/msg/detail/register_ext_component_reply__struct.h\n'}
[1.004689] (px4_msgs) StdoutLine: {'line': b'-- Up-to-date symlink: /root/ws_sensor_combined/install/px4_msgs/include/px4_msgs/px4_msgs/msg/detail/register_ext_component_reply__type_support.h\n'}
[1.004889] (px4_msgs) StdoutLine: {'line': b'-- Up-to-date symlink: /root/ws_sensor_combined/install/px4_msgs/include/px4_msgs/px4_msgs/msg/detail/register_ext_component_request__functions.h\n'}
[1.004949] (px4_msgs) StdoutLine: {'line': b'-- Up-to-date symlink: /root/ws_sensor_combined/install/px4_msgs/include/px4_msgs/px4_msgs/msg/detail/register_ext_component_request__struct.h\n'}
[1.005035] (px4_msgs) StdoutLine: {'line': b'-- Up-to-date symlink: /root/ws_sensor_combined/install/px4_msgs/include/px4_msgs/px4_msgs/msg/detail/register_ext_component_request__type_support.h\n'}
[1.005099] (px4_msgs) StdoutLine: {'line': b'-- Up-to-date symlink: /root/ws_sensor_combined/install/px4_msgs/include/px4_msgs/px4_msgs/msg/detail/rover_attitude_setpoint__functions.h\n'}
[1.005279] (px4_msgs) StdoutLine: {'line': b'-- Up-to-date symlink: /root/ws_sensor_combined/install/px4_msgs/include/px4_msgs/px4_msgs/msg/detail/rover_attitude_setpoint__struct.h\n'}
[1.005343] (px4_msgs) StdoutLine: {'line': b'-- Up-to-date symlink: /root/ws_sensor_combined/install/px4_msgs/include/px4_msgs/px4_msgs/msg/detail/rover_attitude_setpoint__type_support.h\n'}
[1.005396] (px4_msgs) StdoutLine: {'line': b'-- Up-to-date symlink: /root/ws_sensor_combined/install/px4_msgs/include/px4_msgs/px4_msgs/msg/detail/rover_attitude_status__functions.h\n'}
[1.005455] (px4_msgs) StdoutLine: {'line': b'-- Up-to-date symlink: /root/ws_sensor_combined/install/px4_msgs/include/px4_msgs/px4_msgs/msg/detail/rover_attitude_status__struct.h\n'}
[1.005678] (px4_msgs) StdoutLine: {'line': b'-- Up-to-date symlink: /root/ws_sensor_combined/install/px4_msgs/include/px4_msgs/px4_msgs/msg/detail/rover_attitude_status__type_support.h\n'}
[1.005779] (px4_msgs) StdoutLine: {'line': b'-- Up-to-date symlink: /root/ws_sensor_combined/install/px4_msgs/include/px4_msgs/px4_msgs/msg/detail/rover_position_setpoint__functions.h\n'}
[1.005898] (px4_msgs) StdoutLine: {'line': b'-- Up-to-date symlink: /root/ws_sensor_combined/install/px4_msgs/include/px4_msgs/px4_msgs/msg/detail/rover_position_setpoint__struct.h\n'}
[1.005931] (px4_msgs) StdoutLine: {'line': b'-- Up-to-date symlink: /root/ws_sensor_combined/install/px4_msgs/include/px4_msgs/px4_msgs/msg/detail/rover_position_setpoint__type_support.h\n'}
[1.006003] (px4_msgs) StdoutLine: {'line': b'-- Up-to-date symlink: /root/ws_sensor_combined/install/px4_msgs/include/px4_msgs/px4_msgs/msg/detail/rover_rate_setpoint__functions.h\n'}
[1.006086] (px4_msgs) StdoutLine: {'line': b'-- Up-to-date symlink: /root/ws_sensor_combined/install/px4_msgs/include/px4_msgs/px4_msgs/msg/detail/rover_rate_setpoint__struct.h\n'}
[1.006158] (px4_msgs) StdoutLine: {'line': b'-- Up-to-date symlink: /root/ws_sensor_combined/install/px4_msgs/include/px4_msgs/px4_msgs/msg/detail/rover_rate_setpoint__type_support.h\n'}
[1.006242] (px4_msgs) StdoutLine: {'line': b'-- Up-to-date symlink: /root/ws_sensor_combined/install/px4_msgs/include/px4_msgs/px4_msgs/msg/detail/rover_rate_status__functions.h\n'}
[1.006324] (px4_msgs) StdoutLine: {'line': b'-- Up-to-date symlink: /root/ws_sensor_combined/install/px4_msgs/include/px4_msgs/px4_msgs/msg/detail/rover_rate_status__struct.h\n'}
[1.006457] (px4_msgs) StdoutLine: {'line': b'-- Up-to-date symlink: /root/ws_sensor_combined/install/px4_msgs/include/px4_msgs/px4_msgs/msg/detail/rover_rate_status__type_support.h\n'}
[1.006489] (px4_msgs) StdoutLine: {'line': b'-- Up-to-date symlink: /root/ws_sensor_combined/install/px4_msgs/include/px4_msgs/px4_msgs/msg/detail/rover_steering_setpoint__functions.h\n'}
[1.006560] (px4_msgs) StdoutLine: {'line': b'-- Up-to-date symlink: /root/ws_sensor_combined/install/px4_msgs/include/px4_msgs/px4_msgs/msg/detail/rover_steering_setpoint__struct.h\n'}
[1.006644] (px4_msgs) StdoutLine: {'line': b'-- Up-to-date symlink: /root/ws_sensor_combined/install/px4_msgs/include/px4_msgs/px4_msgs/msg/detail/rover_steering_setpoint__type_support.h\n'}
[1.006677] (px4_msgs) StdoutLine: {'line': b'-- Up-to-date symlink: /root/ws_sensor_combined/install/px4_msgs/include/px4_msgs/px4_msgs/msg/detail/rover_throttle_setpoint__functions.h\n'}
[1.006824] (px4_msgs) StdoutLine: {'line': b'-- Up-to-date symlink: /root/ws_sensor_combined/install/px4_msgs/include/px4_msgs/px4_msgs/msg/detail/rover_throttle_setpoint__struct.h\n'}
[1.006908] (px4_msgs) StdoutLine: {'line': b'-- Up-to-date symlink: /root/ws_sensor_combined/install/px4_msgs/include/px4_msgs/px4_msgs/msg/detail/rover_throttle_setpoint__type_support.h\n'}
[1.007024] (px4_msgs) StdoutLine: {'line': b'-- Up-to-date symlink: /root/ws_sensor_combined/install/px4_msgs/include/px4_msgs/px4_msgs/msg/detail/rover_velocity_setpoint__functions.h\n'}
[1.007057] (px4_msgs) StdoutLine: {'line': b'-- Up-to-date symlink: /root/ws_sensor_combined/install/px4_msgs/include/px4_msgs/px4_msgs/msg/detail/rover_velocity_setpoint__struct.h\n'}
[1.007137] (px4_msgs) StdoutLine: {'line': b'-- Up-to-date symlink: /root/ws_sensor_combined/install/px4_msgs/include/px4_msgs/px4_msgs/msg/detail/rover_velocity_setpoint__type_support.h\n'}
[1.007167] (px4_msgs) StdoutLine: {'line': b'-- Up-to-date symlink: /root/ws_sensor_combined/install/px4_msgs/include/px4_msgs/px4_msgs/msg/detail/rover_velocity_status__functions.h\n'}
[1.007192] (px4_msgs) StdoutLine: {'line': b'-- Up-to-date symlink: /root/ws_sensor_combined/install/px4_msgs/include/px4_msgs/px4_msgs/msg/detail/rover_velocity_status__struct.h\n'}
[1.007216] (px4_msgs) StdoutLine: {'line': b'-- Up-to-date symlink: /root/ws_sensor_combined/install/px4_msgs/include/px4_msgs/px4_msgs/msg/detail/rover_velocity_status__type_support.h\n'}
[1.007283] (px4_msgs) StdoutLine: {'line': b'-- Up-to-date symlink: /root/ws_sensor_combined/install/px4_msgs/include/px4_msgs/px4_msgs/msg/detail/rpm__functions.h\n'}
[1.007365] (px4_msgs) StdoutLine: {'line': b'-- Up-to-date symlink: /root/ws_sensor_combined/install/px4_msgs/include/px4_msgs/px4_msgs/msg/detail/rpm__struct.h\n'}
[1.007447] (px4_msgs) StdoutLine: {'line': b'-- Up-to-date symlink: /root/ws_sensor_combined/install/px4_msgs/include/px4_msgs/px4_msgs/msg/detail/rpm__type_support.h\n'}
[1.007530] (px4_msgs) StdoutLine: {'line': b'-- Up-to-date symlink: /root/ws_sensor_combined/install/px4_msgs/include/px4_msgs/px4_msgs/msg/detail/rtl_status__functions.h\n'}
[1.007601] (px4_msgs) StdoutLine: {'line': b'-- Up-to-date symlink: /root/ws_sensor_combined/install/px4_msgs/include/px4_msgs/px4_msgs/msg/detail/rtl_status__struct.h\n'}
[1.007674] (px4_msgs) StdoutLine: {'line': b'-- Up-to-date symlink: /root/ws_sensor_combined/install/px4_msgs/include/px4_msgs/px4_msgs/msg/detail/rtl_status__type_support.h\n'}
[1.007759] (px4_msgs) StdoutLine: {'line': b'-- Up-to-date symlink: /root/ws_sensor_combined/install/px4_msgs/include/px4_msgs/px4_msgs/msg/detail/rtl_time_estimate__functions.h\n'}
[1.007842] (px4_msgs) StdoutLine: {'line': b'-- Up-to-date symlink: /root/ws_sensor_combined/install/px4_msgs/include/px4_msgs/px4_msgs/msg/detail/rtl_time_estimate__struct.h\n'}
[1.007924] (px4_msgs) StdoutLine: {'line': b'-- Up-to-date symlink: /root/ws_sensor_combined/install/px4_msgs/include/px4_msgs/px4_msgs/msg/detail/rtl_time_estimate__type_support.h\n'}
[1.008012] (px4_msgs) StdoutLine: {'line': b'-- Up-to-date symlink: /root/ws_sensor_combined/install/px4_msgs/include/px4_msgs/px4_msgs/msg/detail/satellite_info__functions.h\n'}
[1.008083] (px4_msgs) StdoutLine: {'line': b'-- Up-to-date symlink: /root/ws_sensor_combined/install/px4_msgs/include/px4_msgs/px4_msgs/msg/detail/satellite_info__struct.h\n'}
[1.008166] (px4_msgs) StdoutLine: {'line': b'-- Up-to-date symlink: /root/ws_sensor_combined/install/px4_msgs/include/px4_msgs/px4_msgs/msg/detail/satellite_info__type_support.h\n'}
[1.008238] (px4_msgs) StdoutLine: {'line': b'-- Up-to-date symlink: /root/ws_sensor_combined/install/px4_msgs/include/px4_msgs/px4_msgs/msg/detail/sensor_accel__functions.h\n'}
[1.008322] (px4_msgs) StdoutLine: {'line': b'-- Up-to-date symlink: /root/ws_sensor_combined/install/px4_msgs/include/px4_msgs/px4_msgs/msg/detail/sensor_accel__struct.h\n'}
[1.008404] (px4_msgs) StdoutLine: {'line': b'-- Up-to-date symlink: /root/ws_sensor_combined/install/px4_msgs/include/px4_msgs/px4_msgs/msg/detail/sensor_accel__type_support.h\n'}
[1.008488] (px4_msgs) StdoutLine: {'line': b'-- Up-to-date symlink: /root/ws_sensor_combined/install/px4_msgs/include/px4_msgs/px4_msgs/msg/detail/sensor_accel_fifo__functions.h\n'}
[1.008570] (px4_msgs) StdoutLine: {'line': b'-- Up-to-date symlink: /root/ws_sensor_combined/install/px4_msgs/include/px4_msgs/px4_msgs/msg/detail/sensor_accel_fifo__struct.h\n'}
[1.008652] (px4_msgs) StdoutLine: {'line': b'-- Up-to-date symlink: /root/ws_sensor_combined/install/px4_msgs/include/px4_msgs/px4_msgs/msg/detail/sensor_accel_fifo__type_support.h\n'}
[1.008737] (px4_msgs) StdoutLine: {'line': b'-- Up-to-date symlink: /root/ws_sensor_combined/install/px4_msgs/include/px4_msgs/px4_msgs/msg/detail/sensor_airflow__functions.h\n'}
[1.008819] (px4_msgs) StdoutLine: {'line': b'-- Up-to-date symlink: /root/ws_sensor_combined/install/px4_msgs/include/px4_msgs/px4_msgs/msg/detail/sensor_airflow__struct.h\n'}
[1.008901] (px4_msgs) StdoutLine: {'line': b'-- Up-to-date symlink: /root/ws_sensor_combined/install/px4_msgs/include/px4_msgs/px4_msgs/msg/detail/sensor_airflow__type_support.h\n'}
[1.008984] (px4_msgs) StdoutLine: {'line': b'-- Up-to-date symlink: /root/ws_sensor_combined/install/px4_msgs/include/px4_msgs/px4_msgs/msg/detail/sensor_baro__functions.h\n'}
[1.009067] (px4_msgs) StdoutLine: {'line': b'-- Up-to-date symlink: /root/ws_sensor_combined/install/px4_msgs/include/px4_msgs/px4_msgs/msg/detail/sensor_baro__struct.h\n'}
[1.009150] (px4_msgs) StdoutLine: {'line': b'-- Up-to-date symlink: /root/ws_sensor_combined/install/px4_msgs/include/px4_msgs/px4_msgs/msg/detail/sensor_baro__type_support.h\n'}
[1.009231] (px4_msgs) StdoutLine: {'line': b'-- Up-to-date symlink: /root/ws_sensor_combined/install/px4_msgs/include/px4_msgs/px4_msgs/msg/detail/sensor_combined__functions.h\n'}
[1.009315] (px4_msgs) StdoutLine: {'line': b'-- Up-to-date symlink: /root/ws_sensor_combined/install/px4_msgs/include/px4_msgs/px4_msgs/msg/detail/sensor_combined__struct.h\n'}
[1.009390] (px4_msgs) StdoutLine: {'line': b'-- Up-to-date symlink: /root/ws_sensor_combined/install/px4_msgs/include/px4_msgs/px4_msgs/msg/detail/sensor_combined__type_support.h\n'}
[1.009449] (px4_msgs) StdoutLine: {'line': b'-- Up-to-date symlink: /root/ws_sensor_combined/install/px4_msgs/include/px4_msgs/px4_msgs/msg/detail/sensor_correction__functions.h\n'}
[1.009638] (px4_msgs) StdoutLine: {'line': b'-- Up-to-date symlink: /root/ws_sensor_combined/install/px4_msgs/include/px4_msgs/px4_msgs/msg/detail/sensor_correction__struct.h\n'}
[1.009759] (px4_msgs) StdoutLine: {'line': b'-- Up-to-date symlink: /root/ws_sensor_combined/install/px4_msgs/include/px4_msgs/px4_msgs/msg/detail/sensor_correction__type_support.h\n'}
[1.009847] (px4_msgs) StdoutLine: {'line': b'-- Up-to-date symlink: /root/ws_sensor_combined/install/px4_msgs/include/px4_msgs/px4_msgs/msg/detail/sensor_gnss_relative__functions.h\n'}
[1.009909] (px4_msgs) StdoutLine: {'line': b'-- Up-to-date symlink: /root/ws_sensor_combined/install/px4_msgs/include/px4_msgs/px4_msgs/msg/detail/sensor_gnss_relative__struct.h\n'}
[1.010208] (px4_msgs) StdoutLine: {'line': b'-- Up-to-date symlink: /root/ws_sensor_combined/install/px4_msgs/include/px4_msgs/px4_msgs/msg/detail/sensor_gnss_relative__type_support.h\n'}
[1.010304] (px4_msgs) StdoutLine: {'line': b'-- Up-to-date symlink: /root/ws_sensor_combined/install/px4_msgs/include/px4_msgs/px4_msgs/msg/detail/sensor_gps__functions.h\n'}
[1.010386] (px4_msgs) StdoutLine: {'line': b'-- Up-to-date symlink: /root/ws_sensor_combined/install/px4_msgs/include/px4_msgs/px4_msgs/msg/detail/sensor_gps__struct.h\n'}
[1.010528] (px4_msgs) StdoutLine: {'line': b'-- Up-to-date symlink: /root/ws_sensor_combined/install/px4_msgs/include/px4_msgs/px4_msgs/msg/detail/sensor_gps__type_support.h\n'}
[1.010564] (px4_msgs) StdoutLine: {'line': b'-- Up-to-date symlink: /root/ws_sensor_combined/install/px4_msgs/include/px4_msgs/px4_msgs/msg/detail/sensor_gyro__functions.h\n'}
[1.010632] (px4_msgs) StdoutLine: {'line': b'-- Up-to-date symlink: /root/ws_sensor_combined/install/px4_msgs/include/px4_msgs/px4_msgs/msg/detail/sensor_gyro__struct.h\n'}
[1.010717] (px4_msgs) StdoutLine: {'line': b'-- Up-to-date symlink: /root/ws_sensor_combined/install/px4_msgs/include/px4_msgs/px4_msgs/msg/detail/sensor_gyro__type_support.h\n'}
[1.010871] (px4_msgs) StdoutLine: {'line': b'-- Up-to-date symlink: /root/ws_sensor_combined/install/px4_msgs/include/px4_msgs/px4_msgs/msg/detail/sensor_gyro_fft__functions.h\n'}
[1.010963] (px4_msgs) StdoutLine: {'line': b'-- Up-to-date symlink: /root/ws_sensor_combined/install/px4_msgs/include/px4_msgs/px4_msgs/msg/detail/sensor_gyro_fft__struct.h\n'}
[1.011095] (px4_msgs) StdoutLine: {'line': b'-- Up-to-date symlink: /root/ws_sensor_combined/install/px4_msgs/include/px4_msgs/px4_msgs/msg/detail/sensor_gyro_fft__type_support.h\n'}
[1.011186] (px4_msgs) StdoutLine: {'line': b'-- Up-to-date symlink: /root/ws_sensor_combined/install/px4_msgs/include/px4_msgs/px4_msgs/msg/detail/sensor_gyro_fifo__functions.h\n'}
[1.011269] (px4_msgs) StdoutLine: {'line': b'-- Up-to-date symlink: /root/ws_sensor_combined/install/px4_msgs/include/px4_msgs/px4_msgs/msg/detail/sensor_gyro_fifo__struct.h\n'}
[1.011343] (px4_msgs) StdoutLine: {'line': b'-- Up-to-date symlink: /root/ws_sensor_combined/install/px4_msgs/include/px4_msgs/px4_msgs/msg/detail/sensor_gyro_fifo__type_support.h\n'}
[1.011405] (px4_msgs) StdoutLine: {'line': b'-- Up-to-date symlink: /root/ws_sensor_combined/install/px4_msgs/include/px4_msgs/px4_msgs/msg/detail/sensor_hygrometer__functions.h\n'}
[1.011458] (px4_msgs) StdoutLine: {'line': b'-- Up-to-date symlink: /root/ws_sensor_combined/install/px4_msgs/include/px4_msgs/px4_msgs/msg/detail/sensor_hygrometer__struct.h\n'}
[1.011489] (px4_msgs) StdoutLine: {'line': b'-- Up-to-date symlink: /root/ws_sensor_combined/install/px4_msgs/include/px4_msgs/px4_msgs/msg/detail/sensor_hygrometer__type_support.h\n'}
[1.011572] (px4_msgs) StdoutLine: {'line': b'-- Up-to-date symlink: /root/ws_sensor_combined/install/px4_msgs/include/px4_msgs/px4_msgs/msg/detail/sensor_mag__functions.h\n'}
[1.011607] (px4_msgs) StdoutLine: {'line': b'-- Up-to-date symlink: /root/ws_sensor_combined/install/px4_msgs/include/px4_msgs/px4_msgs/msg/detail/sensor_mag__struct.h\n'}
[1.011635] (px4_msgs) StdoutLine: {'line': b'-- Up-to-date symlink: /root/ws_sensor_combined/install/px4_msgs/include/px4_msgs/px4_msgs/msg/detail/sensor_mag__type_support.h\n'}
[1.011687] (px4_msgs) StdoutLine: {'line': b'-- Up-to-date symlink: /root/ws_sensor_combined/install/px4_msgs/include/px4_msgs/px4_msgs/msg/detail/sensor_optical_flow__functions.h\n'}
[1.011748] (px4_msgs) StdoutLine: {'line': b'-- Up-to-date symlink: /root/ws_sensor_combined/install/px4_msgs/include/px4_msgs/px4_msgs/msg/detail/sensor_optical_flow__struct.h\n'}
[1.011808] (px4_msgs) StdoutLine: {'line': b'-- Up-to-date symlink: /root/ws_sensor_combined/install/px4_msgs/include/px4_msgs/px4_msgs/msg/detail/sensor_optical_flow__type_support.h\n'}
[1.012121] (px4_msgs) StdoutLine: {'line': b'-- Up-to-date symlink: /root/ws_sensor_combined/install/px4_msgs/include/px4_msgs/px4_msgs/msg/detail/sensor_preflight_mag__functions.h\n'}
[1.012326] (px4_msgs) StdoutLine: {'line': b'-- Up-to-date symlink: /root/ws_sensor_combined/install/px4_msgs/include/px4_msgs/px4_msgs/msg/detail/sensor_preflight_mag__struct.h\n'}
[1.012454] (px4_msgs) StdoutLine: {'line': b'-- Up-to-date symlink: /root/ws_sensor_combined/install/px4_msgs/include/px4_msgs/px4_msgs/msg/detail/sensor_preflight_mag__type_support.h\n'}
[1.012549] (px4_msgs) StdoutLine: {'line': b'-- Up-to-date symlink: /root/ws_sensor_combined/install/px4_msgs/include/px4_msgs/px4_msgs/msg/detail/sensor_selection__functions.h\n'}
[1.012596] (px4_msgs) StdoutLine: {'line': b'-- Up-to-date symlink: /root/ws_sensor_combined/install/px4_msgs/include/px4_msgs/px4_msgs/msg/detail/sensor_selection__struct.h\n'}
[1.012726] (px4_msgs) StdoutLine: {'line': b'-- Up-to-date symlink: /root/ws_sensor_combined/install/px4_msgs/include/px4_msgs/px4_msgs/msg/detail/sensor_selection__type_support.h\n'}
[1.012830] (px4_msgs) StdoutLine: {'line': b'-- Up-to-date symlink: /root/ws_sensor_combined/install/px4_msgs/include/px4_msgs/px4_msgs/msg/detail/sensor_uwb__functions.h\n'}
[1.012893] (px4_msgs) StdoutLine: {'line': b'-- Up-to-date symlink: /root/ws_sensor_combined/install/px4_msgs/include/px4_msgs/px4_msgs/msg/detail/sensor_uwb__struct.h\n'}
[1.012975] (px4_msgs) StdoutLine: {'line': b'-- Up-to-date symlink: /root/ws_sensor_combined/install/px4_msgs/include/px4_msgs/px4_msgs/msg/detail/sensor_uwb__type_support.h\n'}
[1.013059] (px4_msgs) StdoutLine: {'line': b'-- Up-to-date symlink: /root/ws_sensor_combined/install/px4_msgs/include/px4_msgs/px4_msgs/msg/detail/sensors_status__functions.h\n'}
[1.013200] (px4_msgs) StdoutLine: {'line': b'-- Up-to-date symlink: /root/ws_sensor_combined/install/px4_msgs/include/px4_msgs/px4_msgs/msg/detail/sensors_status__struct.h\n'}
[1.013361] (px4_msgs) StdoutLine: {'line': b'-- Up-to-date symlink: /root/ws_sensor_combined/install/px4_msgs/include/px4_msgs/px4_msgs/msg/detail/sensors_status__type_support.h\n'}
[1.013451] (px4_msgs) StdoutLine: {'line': b'-- Up-to-date symlink: /root/ws_sensor_combined/install/px4_msgs/include/px4_msgs/px4_msgs/msg/detail/sensors_status_imu__functions.h\n'}
[1.013551] (px4_msgs) StdoutLine: {'line': b'-- Up-to-date symlink: /root/ws_sensor_combined/install/px4_msgs/include/px4_msgs/px4_msgs/msg/detail/sensors_status_imu__struct.h\n'}
[1.013640] (px4_msgs) StdoutLine: {'line': b'-- Up-to-date symlink: /root/ws_sensor_combined/install/px4_msgs/include/px4_msgs/px4_msgs/msg/detail/sensors_status_imu__type_support.h\n'}
[1.013725] (px4_msgs) StdoutLine: {'line': b'-- Up-to-date symlink: /root/ws_sensor_combined/install/px4_msgs/include/px4_msgs/px4_msgs/msg/detail/system_power__functions.h\n'}
[1.013809] (px4_msgs) StdoutLine: {'line': b'-- Up-to-date symlink: /root/ws_sensor_combined/install/px4_msgs/include/px4_msgs/px4_msgs/msg/detail/system_power__struct.h\n'}
[1.013893] (px4_msgs) StdoutLine: {'line': b'-- Up-to-date symlink: /root/ws_sensor_combined/install/px4_msgs/include/px4_msgs/px4_msgs/msg/detail/system_power__type_support.h\n'}
[1.013978] (px4_msgs) StdoutLine: {'line': b'-- Up-to-date symlink: /root/ws_sensor_combined/install/px4_msgs/include/px4_msgs/px4_msgs/msg/detail/takeoff_status__functions.h\n'}
[1.014062] (px4_msgs) StdoutLine: {'line': b'-- Up-to-date symlink: /root/ws_sensor_combined/install/px4_msgs/include/px4_msgs/px4_msgs/msg/detail/takeoff_status__struct.h\n'}
[1.014145] (px4_msgs) StdoutLine: {'line': b'-- Up-to-date symlink: /root/ws_sensor_combined/install/px4_msgs/include/px4_msgs/px4_msgs/msg/detail/takeoff_status__type_support.h\n'}
[1.014228] (px4_msgs) StdoutLine: {'line': b'-- Up-to-date symlink: /root/ws_sensor_combined/install/px4_msgs/include/px4_msgs/px4_msgs/msg/detail/task_stack_info__functions.h\n'}
[1.014311] (px4_msgs) StdoutLine: {'line': b'-- Up-to-date symlink: /root/ws_sensor_combined/install/px4_msgs/include/px4_msgs/px4_msgs/msg/detail/task_stack_info__struct.h\n'}
[1.014395] (px4_msgs) StdoutLine: {'line': b'-- Up-to-date symlink: /root/ws_sensor_combined/install/px4_msgs/include/px4_msgs/px4_msgs/msg/detail/task_stack_info__type_support.h\n'}
[1.014478] (px4_msgs) StdoutLine: {'line': b'-- Up-to-date symlink: /root/ws_sensor_combined/install/px4_msgs/include/px4_msgs/px4_msgs/msg/detail/tecs_status__functions.h\n'}
[1.014562] (px4_msgs) StdoutLine: {'line': b'-- Up-to-date symlink: /root/ws_sensor_combined/install/px4_msgs/include/px4_msgs/px4_msgs/msg/detail/tecs_status__struct.h\n'}
[1.014643] (px4_msgs) StdoutLine: {'line': b'-- Up-to-date symlink: /root/ws_sensor_combined/install/px4_msgs/include/px4_msgs/px4_msgs/msg/detail/tecs_status__type_support.h\n'}
[1.014728] (px4_msgs) StdoutLine: {'line': b'-- Up-to-date symlink: /root/ws_sensor_combined/install/px4_msgs/include/px4_msgs/px4_msgs/msg/detail/telemetry_status__functions.h\n'}
[1.014777] (px4_msgs) StdoutLine: {'line': b'-- Up-to-date symlink: /root/ws_sensor_combined/install/px4_msgs/include/px4_msgs/px4_msgs/msg/detail/telemetry_status__struct.h\n'}
[1.014866] (px4_msgs) StdoutLine: {'line': b'-- Up-to-date symlink: /root/ws_sensor_combined/install/px4_msgs/include/px4_msgs/px4_msgs/msg/detail/telemetry_status__type_support.h\n'}
[1.014932] (px4_msgs) StdoutLine: {'line': b'-- Up-to-date symlink: /root/ws_sensor_combined/install/px4_msgs/include/px4_msgs/px4_msgs/msg/detail/tiltrotor_extra_controls__functions.h\n'}
[1.015109] (px4_msgs) StdoutLine: {'line': b'-- Up-to-date symlink: /root/ws_sensor_combined/install/px4_msgs/include/px4_msgs/px4_msgs/msg/detail/tiltrotor_extra_controls__struct.h\n'}
[1.015180] (px4_msgs) StdoutLine: {'line': b'-- Up-to-date symlink: /root/ws_sensor_combined/install/px4_msgs/include/px4_msgs/px4_msgs/msg/detail/tiltrotor_extra_controls__type_support.h\n'}
[1.015241] (px4_msgs) StdoutLine: {'line': b'-- Up-to-date symlink: /root/ws_sensor_combined/install/px4_msgs/include/px4_msgs/px4_msgs/msg/detail/timesync_status__functions.h\n'}
[1.015498] (px4_msgs) StdoutLine: {'line': b'-- Up-to-date symlink: /root/ws_sensor_combined/install/px4_msgs/include/px4_msgs/px4_msgs/msg/detail/timesync_status__struct.h\n'}
[1.015561] (px4_msgs) StdoutLine: {'line': b'-- Up-to-date symlink: /root/ws_sensor_combined/install/px4_msgs/include/px4_msgs/px4_msgs/msg/detail/timesync_status__type_support.h\n'}
[1.015616] (px4_msgs) StdoutLine: {'line': b'-- Up-to-date symlink: /root/ws_sensor_combined/install/px4_msgs/include/px4_msgs/px4_msgs/msg/detail/trajectory_setpoint6dof__functions.h\n'}
[1.015668] (px4_msgs) StdoutLine: {'line': b'-- Up-to-date symlink: /root/ws_sensor_combined/install/px4_msgs/include/px4_msgs/px4_msgs/msg/detail/trajectory_setpoint6dof__struct.h\n'}
[1.016041] (px4_msgs) StdoutLine: {'line': b'-- Up-to-date symlink: /root/ws_sensor_combined/install/px4_msgs/include/px4_msgs/px4_msgs/msg/detail/trajectory_setpoint6dof__type_support.h\n'}
[1.016165] (px4_msgs) StdoutLine: {'line': b'-- Up-to-date symlink: /root/ws_sensor_combined/install/px4_msgs/include/px4_msgs/px4_msgs/msg/detail/trajectory_setpoint__functions.h\n'}
[1.016291] (px4_msgs) StdoutLine: {'line': b'-- Up-to-date symlink: /root/ws_sensor_combined/install/px4_msgs/include/px4_msgs/px4_msgs/msg/detail/trajectory_setpoint__struct.h\n'}
[1.016402] (px4_msgs) StdoutLine: {'line': b'-- Up-to-date symlink: /root/ws_sensor_combined/install/px4_msgs/include/px4_msgs/px4_msgs/msg/detail/trajectory_setpoint__type_support.h\n'}
[1.016457] (px4_msgs) StdoutLine: {'line': b'-- Up-to-date symlink: /root/ws_sensor_combined/install/px4_msgs/include/px4_msgs/px4_msgs/msg/detail/transponder_report__functions.h\n'}
[1.016543] (px4_msgs) StdoutLine: {'line': b'-- Up-to-date symlink: /root/ws_sensor_combined/install/px4_msgs/include/px4_msgs/px4_msgs/msg/detail/transponder_report__struct.h\n'}
[1.016615] (px4_msgs) StdoutLine: {'line': b'-- Up-to-date symlink: /root/ws_sensor_combined/install/px4_msgs/include/px4_msgs/px4_msgs/msg/detail/transponder_report__type_support.h\n'}
[1.016698] (px4_msgs) StdoutLine: {'line': b'-- Up-to-date symlink: /root/ws_sensor_combined/install/px4_msgs/include/px4_msgs/px4_msgs/msg/detail/tune_control__functions.h\n'}
[1.016792] (px4_msgs) StdoutLine: {'line': b'-- Up-to-date symlink: /root/ws_sensor_combined/install/px4_msgs/include/px4_msgs/px4_msgs/msg/detail/tune_control__struct.h\n'}
[1.016854] (px4_msgs) StdoutLine: {'line': b'-- Up-to-date symlink: /root/ws_sensor_combined/install/px4_msgs/include/px4_msgs/px4_msgs/msg/detail/tune_control__type_support.h\n'}
[1.016969] (px4_msgs) StdoutLine: {'line': b'-- Up-to-date symlink: /root/ws_sensor_combined/install/px4_msgs/include/px4_msgs/px4_msgs/msg/detail/uavcan_parameter_request__functions.h\n'}
[1.017073] (px4_msgs) StdoutLine: {'line': b'-- Up-to-date symlink: /root/ws_sensor_combined/install/px4_msgs/include/px4_msgs/px4_msgs/msg/detail/uavcan_parameter_request__struct.h\n'}
[1.017132] (px4_msgs) StdoutLine: {'line': b'-- Up-to-date symlink: /root/ws_sensor_combined/install/px4_msgs/include/px4_msgs/px4_msgs/msg/detail/uavcan_parameter_request__type_support.h\n'}
[1.017184] (px4_msgs) StdoutLine: {'line': b'-- Up-to-date symlink: /root/ws_sensor_combined/install/px4_msgs/include/px4_msgs/px4_msgs/msg/detail/uavcan_parameter_value__functions.h\n'}
[1.017740] (px4_msgs) StdoutLine: {'line': b'-- Up-to-date symlink: /root/ws_sensor_combined/install/px4_msgs/include/px4_msgs/px4_msgs/msg/detail/uavcan_parameter_value__struct.h\n'}
[1.017846] (px4_msgs) StdoutLine: {'line': b'-- Up-to-date symlink: /root/ws_sensor_combined/install/px4_msgs/include/px4_msgs/px4_msgs/msg/detail/uavcan_parameter_value__type_support.h\n'}
[1.017931] (px4_msgs) StdoutLine: {'line': b'-- Up-to-date symlink: /root/ws_sensor_combined/install/px4_msgs/include/px4_msgs/px4_msgs/msg/detail/ulog_stream__functions.h\n'}
[1.018014] (px4_msgs) StdoutLine: {'line': b'-- Up-to-date symlink: /root/ws_sensor_combined/install/px4_msgs/include/px4_msgs/px4_msgs/msg/detail/ulog_stream__struct.h\n'}
[1.018096] (px4_msgs) StdoutLine: {'line': b'-- Up-to-date symlink: /root/ws_sensor_combined/install/px4_msgs/include/px4_msgs/px4_msgs/msg/detail/ulog_stream__type_support.h\n'}
[1.018185] (px4_msgs) StdoutLine: {'line': b'-- Up-to-date symlink: /root/ws_sensor_combined/install/px4_msgs/include/px4_msgs/px4_msgs/msg/detail/ulog_stream_ack__functions.h\n'}
[1.018268] (px4_msgs) StdoutLine: {'line': b'-- Up-to-date symlink: /root/ws_sensor_combined/install/px4_msgs/include/px4_msgs/px4_msgs/msg/detail/ulog_stream_ack__struct.h\n'}
[1.018351] (px4_msgs) StdoutLine: {'line': b'-- Up-to-date symlink: /root/ws_sensor_combined/install/px4_msgs/include/px4_msgs/px4_msgs/msg/detail/ulog_stream_ack__type_support.h\n'}
[1.018421] (px4_msgs) StdoutLine: {'line': b'-- Up-to-date symlink: /root/ws_sensor_combined/install/px4_msgs/include/px4_msgs/px4_msgs/msg/detail/unregister_ext_component__functions.h\n'}
[1.018501] (px4_msgs) StdoutLine: {'line': b'-- Up-to-date symlink: /root/ws_sensor_combined/install/px4_msgs/include/px4_msgs/px4_msgs/msg/detail/unregister_ext_component__struct.h\n'}
[1.018582] (px4_msgs) StdoutLine: {'line': b'-- Up-to-date symlink: /root/ws_sensor_combined/install/px4_msgs/include/px4_msgs/px4_msgs/msg/detail/unregister_ext_component__type_support.h\n'}
[1.018668] (px4_msgs) StdoutLine: {'line': b'-- Up-to-date symlink: /root/ws_sensor_combined/install/px4_msgs/include/px4_msgs/px4_msgs/msg/detail/vehicle_acceleration__functions.h\n'}
[1.018749] (px4_msgs) StdoutLine: {'line': b'-- Up-to-date symlink: /root/ws_sensor_combined/install/px4_msgs/include/px4_msgs/px4_msgs/msg/detail/vehicle_acceleration__struct.h\n'}
[1.018831] (px4_msgs) StdoutLine: {'line': b'-- Up-to-date symlink: /root/ws_sensor_combined/install/px4_msgs/include/px4_msgs/px4_msgs/msg/detail/vehicle_acceleration__type_support.h\n'}
[1.018913] (px4_msgs) StdoutLine: {'line': b'-- Up-to-date symlink: /root/ws_sensor_combined/install/px4_msgs/include/px4_msgs/px4_msgs/msg/detail/vehicle_air_data__functions.h\n'}
[1.019071] (px4_msgs) StdoutLine: {'line': b'-- Up-to-date symlink: /root/ws_sensor_combined/install/px4_msgs/include/px4_msgs/px4_msgs/msg/detail/vehicle_air_data__struct.h\n'}
[1.019198] (px4_msgs) StdoutLine: {'line': b'-- Up-to-date symlink: /root/ws_sensor_combined/install/px4_msgs/include/px4_msgs/px4_msgs/msg/detail/vehicle_air_data__type_support.h\n'}
[1.019300] (px4_msgs) StdoutLine: {'line': b'-- Up-to-date symlink: /root/ws_sensor_combined/install/px4_msgs/include/px4_msgs/px4_msgs/msg/detail/vehicle_angular_acceleration_setpoint__functions.h\n'}
[1.019362] (px4_msgs) StdoutLine: {'line': b'-- Up-to-date symlink: /root/ws_sensor_combined/install/px4_msgs/include/px4_msgs/px4_msgs/msg/detail/vehicle_angular_acceleration_setpoint__struct.h\n'}
[1.019412] (px4_msgs) StdoutLine: {'line': b'-- Up-to-date symlink: /root/ws_sensor_combined/install/px4_msgs/include/px4_msgs/px4_msgs/msg/detail/vehicle_angular_acceleration_setpoint__type_support.h\n'}
[1.019527] (px4_msgs) StdoutLine: {'line': b'-- Up-to-date symlink: /root/ws_sensor_combined/install/px4_msgs/include/px4_msgs/px4_msgs/msg/detail/vehicle_angular_velocity__functions.h\n'}
[1.019560] (px4_msgs) StdoutLine: {'line': b'-- Up-to-date symlink: /root/ws_sensor_combined/install/px4_msgs/include/px4_msgs/px4_msgs/msg/detail/vehicle_angular_velocity__struct.h\n'}
[1.019635] (px4_msgs) StdoutLine: {'line': b'-- Up-to-date symlink: /root/ws_sensor_combined/install/px4_msgs/include/px4_msgs/px4_msgs/msg/detail/vehicle_angular_velocity__type_support.h\n'}
[1.019663] (px4_msgs) StdoutLine: {'line': b'-- Up-to-date symlink: /root/ws_sensor_combined/install/px4_msgs/include/px4_msgs/px4_msgs/msg/detail/vehicle_attitude__functions.h\n'}
[1.019733] (px4_msgs) StdoutLine: {'line': b'-- Up-to-date symlink: /root/ws_sensor_combined/install/px4_msgs/include/px4_msgs/px4_msgs/msg/detail/vehicle_attitude__struct.h\n'}
[1.019815] (px4_msgs) StdoutLine: {'line': b'-- Up-to-date symlink: /root/ws_sensor_combined/install/px4_msgs/include/px4_msgs/px4_msgs/msg/detail/vehicle_attitude__type_support.h\n'}
[1.019886] (px4_msgs) StdoutLine: {'line': b'-- Up-to-date symlink: /root/ws_sensor_combined/install/px4_msgs/include/px4_msgs/px4_msgs/msg/detail/vehicle_attitude_setpoint__functions.h\n'}
[1.019959] (px4_msgs) StdoutLine: {'line': b'-- Up-to-date symlink: /root/ws_sensor_combined/install/px4_msgs/include/px4_msgs/px4_msgs/msg/detail/vehicle_attitude_setpoint__struct.h\n'}
[1.020080] (px4_msgs) StdoutLine: {'line': b'-- Up-to-date symlink: /root/ws_sensor_combined/install/px4_msgs/include/px4_msgs/px4_msgs/msg/detail/vehicle_attitude_setpoint__type_support.h\n'}
[1.020113] (px4_msgs) StdoutLine: {'line': b'-- Up-to-date symlink: /root/ws_sensor_combined/install/px4_msgs/include/px4_msgs/px4_msgs/msg/detail/vehicle_command__functions.h\n'}
[1.020180] (px4_msgs) StdoutLine: {'line': b'-- Up-to-date symlink: /root/ws_sensor_combined/install/px4_msgs/include/px4_msgs/px4_msgs/msg/detail/vehicle_command__struct.h\n'}
[1.020265] (px4_msgs) StdoutLine: {'line': b'-- Up-to-date symlink: /root/ws_sensor_combined/install/px4_msgs/include/px4_msgs/px4_msgs/msg/detail/vehicle_command__type_support.h\n'}
[1.020340] (px4_msgs) StdoutLine: {'line': b'-- Up-to-date symlink: /root/ws_sensor_combined/install/px4_msgs/include/px4_msgs/px4_msgs/msg/detail/vehicle_command_ack__functions.h\n'}
[1.020480] (px4_msgs) StdoutLine: {'line': b'-- Up-to-date symlink: /root/ws_sensor_combined/install/px4_msgs/include/px4_msgs/px4_msgs/msg/detail/vehicle_command_ack__struct.h\n'}
[1.020567] (px4_msgs) StdoutLine: {'line': b'-- Up-to-date symlink: /root/ws_sensor_combined/install/px4_msgs/include/px4_msgs/px4_msgs/msg/detail/vehicle_command_ack__type_support.h\n'}
[1.020654] (px4_msgs) StdoutLine: {'line': b'-- Up-to-date symlink: /root/ws_sensor_combined/install/px4_msgs/include/px4_msgs/px4_msgs/msg/detail/vehicle_constraints__functions.h\n'}
[1.020735] (px4_msgs) StdoutLine: {'line': b'-- Up-to-date symlink: /root/ws_sensor_combined/install/px4_msgs/include/px4_msgs/px4_msgs/msg/detail/vehicle_constraints__struct.h\n'}
[1.020817] (px4_msgs) StdoutLine: {'line': b'-- Up-to-date symlink: /root/ws_sensor_combined/install/px4_msgs/include/px4_msgs/px4_msgs/msg/detail/vehicle_constraints__type_support.h\n'}
[1.020898] (px4_msgs) StdoutLine: {'line': b'-- Up-to-date symlink: /root/ws_sensor_combined/install/px4_msgs/include/px4_msgs/px4_msgs/msg/detail/vehicle_control_mode__functions.h\n'}
[1.020979] (px4_msgs) StdoutLine: {'line': b'-- Up-to-date symlink: /root/ws_sensor_combined/install/px4_msgs/include/px4_msgs/px4_msgs/msg/detail/vehicle_control_mode__struct.h\n'}
[1.021028] (px4_msgs) StdoutLine: {'line': b'-- Up-to-date symlink: /root/ws_sensor_combined/install/px4_msgs/include/px4_msgs/px4_msgs/msg/detail/vehicle_control_mode__type_support.h\n'}
[1.021055] (px4_msgs) StdoutLine: {'line': b'-- Up-to-date symlink: /root/ws_sensor_combined/install/px4_msgs/include/px4_msgs/px4_msgs/msg/detail/vehicle_global_position__functions.h\n'}
[1.021136] (px4_msgs) StdoutLine: {'line': b'-- Up-to-date symlink: /root/ws_sensor_combined/install/px4_msgs/include/px4_msgs/px4_msgs/msg/detail/vehicle_global_position__struct.h\n'}
[1.021185] (px4_msgs) StdoutLine: {'line': b'-- Up-to-date symlink: /root/ws_sensor_combined/install/px4_msgs/include/px4_msgs/px4_msgs/msg/detail/vehicle_global_position__type_support.h\n'}
[1.021217] (px4_msgs) StdoutLine: {'line': b'-- Up-to-date symlink: /root/ws_sensor_combined/install/px4_msgs/include/px4_msgs/px4_msgs/msg/detail/vehicle_imu__functions.h\n'}
[1.021273] (px4_msgs) StdoutLine: {'line': b'-- Up-to-date symlink: /root/ws_sensor_combined/install/px4_msgs/include/px4_msgs/px4_msgs/msg/detail/vehicle_imu__struct.h\n'}
[1.021506] (px4_msgs) StdoutLine: {'line': b'-- Up-to-date symlink: /root/ws_sensor_combined/install/px4_msgs/include/px4_msgs/px4_msgs/msg/detail/vehicle_imu__type_support.h\n'}
[1.021589] (px4_msgs) StdoutLine: {'line': b'-- Up-to-date symlink: /root/ws_sensor_combined/install/px4_msgs/include/px4_msgs/px4_msgs/msg/detail/vehicle_imu_status__functions.h\n'}
[1.021637] (px4_msgs) StdoutLine: {'line': b'-- Up-to-date symlink: /root/ws_sensor_combined/install/px4_msgs/include/px4_msgs/px4_msgs/msg/detail/vehicle_imu_status__struct.h\n'}
[1.021680] (px4_msgs) StdoutLine: {'line': b'-- Up-to-date symlink: /root/ws_sensor_combined/install/px4_msgs/include/px4_msgs/px4_msgs/msg/detail/vehicle_imu_status__type_support.h\n'}
[1.021721] (px4_msgs) StdoutLine: {'line': b'-- Up-to-date symlink: /root/ws_sensor_combined/install/px4_msgs/include/px4_msgs/px4_msgs/msg/detail/vehicle_land_detected__functions.h\n'}
[1.021762] (px4_msgs) StdoutLine: {'line': b'-- Up-to-date symlink: /root/ws_sensor_combined/install/px4_msgs/include/px4_msgs/px4_msgs/msg/detail/vehicle_land_detected__struct.h\n'}
[1.021813] (px4_msgs) StdoutLine: {'line': b'-- Up-to-date symlink: /root/ws_sensor_combined/install/px4_msgs/include/px4_msgs/px4_msgs/msg/detail/vehicle_land_detected__type_support.h\n'}
[1.021861] (px4_msgs) StdoutLine: {'line': b'-- Up-to-date symlink: /root/ws_sensor_combined/install/px4_msgs/include/px4_msgs/px4_msgs/msg/detail/vehicle_local_position__functions.h\n'}
[1.021908] (px4_msgs) StdoutLine: {'line': b'-- Up-to-date symlink: /root/ws_sensor_combined/install/px4_msgs/include/px4_msgs/px4_msgs/msg/detail/vehicle_local_position__struct.h\n'}
[1.022063] (px4_msgs) StdoutLine: {'line': b'-- Up-to-date symlink: /root/ws_sensor_combined/install/px4_msgs/include/px4_msgs/px4_msgs/msg/detail/vehicle_local_position__type_support.h\n'}
[1.022130] (px4_msgs) StdoutLine: {'line': b'-- Up-to-date symlink: /root/ws_sensor_combined/install/px4_msgs/include/px4_msgs/px4_msgs/msg/detail/vehicle_local_position_setpoint__functions.h\n'}
[1.022161] (px4_msgs) StdoutLine: {'line': b'-- Up-to-date symlink: /root/ws_sensor_combined/install/px4_msgs/include/px4_msgs/px4_msgs/msg/detail/vehicle_local_position_setpoint__struct.h\n'}
[1.022187] (px4_msgs) StdoutLine: {'line': b'-- Up-to-date symlink: /root/ws_sensor_combined/install/px4_msgs/include/px4_msgs/px4_msgs/msg/detail/vehicle_local_position_setpoint__type_support.h\n'}
[1.022212] (px4_msgs) StdoutLine: {'line': b'-- Up-to-date symlink: /root/ws_sensor_combined/install/px4_msgs/include/px4_msgs/px4_msgs/msg/detail/vehicle_magnetometer__functions.h\n'}
[1.022236] (px4_msgs) StdoutLine: {'line': b'-- Up-to-date symlink: /root/ws_sensor_combined/install/px4_msgs/include/px4_msgs/px4_msgs/msg/detail/vehicle_magnetometer__struct.h\n'}
[1.022260] (px4_msgs) StdoutLine: {'line': b'-- Up-to-date symlink: /root/ws_sensor_combined/install/px4_msgs/include/px4_msgs/px4_msgs/msg/detail/vehicle_magnetometer__type_support.h\n'}
[1.022283] (px4_msgs) StdoutLine: {'line': b'-- Up-to-date symlink: /root/ws_sensor_combined/install/px4_msgs/include/px4_msgs/px4_msgs/msg/detail/vehicle_odometry__functions.h\n'}
[1.022306] (px4_msgs) StdoutLine: {'line': b'-- Up-to-date symlink: /root/ws_sensor_combined/install/px4_msgs/include/px4_msgs/px4_msgs/msg/detail/vehicle_odometry__struct.h\n'}
[1.022404] (px4_msgs) StdoutLine: {'line': b'-- Up-to-date symlink: /root/ws_sensor_combined/install/px4_msgs/include/px4_msgs/px4_msgs/msg/detail/vehicle_odometry__type_support.h\n'}
[1.022461] (px4_msgs) StdoutLine: {'line': b'-- Up-to-date symlink: /root/ws_sensor_combined/install/px4_msgs/include/px4_msgs/px4_msgs/msg/detail/vehicle_optical_flow__functions.h\n'}
[1.022492] (px4_msgs) StdoutLine: {'line': b'-- Up-to-date symlink: /root/ws_sensor_combined/install/px4_msgs/include/px4_msgs/px4_msgs/msg/detail/vehicle_optical_flow__struct.h\n'}
[1.022516] (px4_msgs) StdoutLine: {'line': b'-- Up-to-date symlink: /root/ws_sensor_combined/install/px4_msgs/include/px4_msgs/px4_msgs/msg/detail/vehicle_optical_flow__type_support.h\n'}
[1.022540] (px4_msgs) StdoutLine: {'line': b'-- Up-to-date symlink: /root/ws_sensor_combined/install/px4_msgs/include/px4_msgs/px4_msgs/msg/detail/vehicle_optical_flow_vel__functions.h\n'}
[1.022564] (px4_msgs) StdoutLine: {'line': b'-- Up-to-date symlink: /root/ws_sensor_combined/install/px4_msgs/include/px4_msgs/px4_msgs/msg/detail/vehicle_optical_flow_vel__struct.h\n'}
[1.022587] (px4_msgs) StdoutLine: {'line': b'-- Up-to-date symlink: /root/ws_sensor_combined/install/px4_msgs/include/px4_msgs/px4_msgs/msg/detail/vehicle_optical_flow_vel__type_support.h\n'}
[1.022610] (px4_msgs) StdoutLine: {'line': b'-- Up-to-date symlink: /root/ws_sensor_combined/install/px4_msgs/include/px4_msgs/px4_msgs/msg/detail/vehicle_rates_setpoint__functions.h\n'}
[1.022635] (px4_msgs) StdoutLine: {'line': b'-- Up-to-date symlink: /root/ws_sensor_combined/install/px4_msgs/include/px4_msgs/px4_msgs/msg/detail/vehicle_rates_setpoint__struct.h\n'}
[1.022658] (px4_msgs) StdoutLine: {'line': b'-- Up-to-date symlink: /root/ws_sensor_combined/install/px4_msgs/include/px4_msgs/px4_msgs/msg/detail/vehicle_rates_setpoint__type_support.h\n'}
[1.022682] (px4_msgs) StdoutLine: {'line': b'-- Up-to-date symlink: /root/ws_sensor_combined/install/px4_msgs/include/px4_msgs/px4_msgs/msg/detail/vehicle_roi__functions.h\n'}
[1.022752] (px4_msgs) StdoutLine: {'line': b'-- Up-to-date symlink: /root/ws_sensor_combined/install/px4_msgs/include/px4_msgs/px4_msgs/msg/detail/vehicle_roi__struct.h\n'}
[1.022781] (px4_msgs) StdoutLine: {'line': b'-- Up-to-date symlink: /root/ws_sensor_combined/install/px4_msgs/include/px4_msgs/px4_msgs/msg/detail/vehicle_roi__type_support.h\n'}
[1.022815] (px4_msgs) StdoutLine: {'line': b'-- Up-to-date symlink: /root/ws_sensor_combined/install/px4_msgs/include/px4_msgs/px4_msgs/msg/detail/vehicle_status__functions.h\n'}
[1.022854] (px4_msgs) StdoutLine: {'line': b'-- Up-to-date symlink: /root/ws_sensor_combined/install/px4_msgs/include/px4_msgs/px4_msgs/msg/detail/vehicle_status__struct.h\n'}
[1.022882] (px4_msgs) StdoutLine: {'line': b'-- Up-to-date symlink: /root/ws_sensor_combined/install/px4_msgs/include/px4_msgs/px4_msgs/msg/detail/vehicle_status__type_support.h\n'}
[1.022912] (px4_msgs) StdoutLine: {'line': b'-- Up-to-date symlink: /root/ws_sensor_combined/install/px4_msgs/include/px4_msgs/px4_msgs/msg/detail/vehicle_thrust_setpoint__functions.h\n'}
[1.022998] (px4_msgs) StdoutLine: {'line': b'-- Up-to-date symlink: /root/ws_sensor_combined/install/px4_msgs/include/px4_msgs/px4_msgs/msg/detail/vehicle_thrust_setpoint__struct.h\n'}
[1.023073] (px4_msgs) StdoutLine: {'line': b'-- Up-to-date symlink: /root/ws_sensor_combined/install/px4_msgs/include/px4_msgs/px4_msgs/msg/detail/vehicle_thrust_setpoint__type_support.h\n'}
[1.023157] (px4_msgs) StdoutLine: {'line': b'-- Up-to-date symlink: /root/ws_sensor_combined/install/px4_msgs/include/px4_msgs/px4_msgs/msg/detail/vehicle_torque_setpoint__functions.h\n'}
[1.023233] (px4_msgs) StdoutLine: {'line': b'-- Up-to-date symlink: /root/ws_sensor_combined/install/px4_msgs/include/px4_msgs/px4_msgs/msg/detail/vehicle_torque_setpoint__struct.h\n'}
[1.023307] (px4_msgs) StdoutLine: {'line': b'-- Up-to-date symlink: /root/ws_sensor_combined/install/px4_msgs/include/px4_msgs/px4_msgs/msg/detail/vehicle_torque_setpoint__type_support.h\n'}
[1.023656] (px4_msgs) StdoutLine: {'line': b'-- Up-to-date symlink: /root/ws_sensor_combined/install/px4_msgs/include/px4_msgs/px4_msgs/msg/detail/velocity_limits__functions.h\n'}
[1.023842] (px4_msgs) StdoutLine: {'line': b'-- Up-to-date symlink: /root/ws_sensor_combined/install/px4_msgs/include/px4_msgs/px4_msgs/msg/detail/velocity_limits__struct.h\n'}
[1.023991] (px4_msgs) StdoutLine: {'line': b'-- Up-to-date symlink: /root/ws_sensor_combined/install/px4_msgs/include/px4_msgs/px4_msgs/msg/detail/velocity_limits__type_support.h\n'}
[1.024021] (px4_msgs) StdoutLine: {'line': b'-- Up-to-date symlink: /root/ws_sensor_combined/install/px4_msgs/include/px4_msgs/px4_msgs/msg/detail/vtol_vehicle_status__functions.h\n'}
[1.024047] (px4_msgs) StdoutLine: {'line': b'-- Up-to-date symlink: /root/ws_sensor_combined/install/px4_msgs/include/px4_msgs/px4_msgs/msg/detail/vtol_vehicle_status__struct.h\n'}
[1.024115] (px4_msgs) StdoutLine: {'line': b'-- Up-to-date symlink: /root/ws_sensor_combined/install/px4_msgs/include/px4_msgs/px4_msgs/msg/detail/vtol_vehicle_status__type_support.h\n'}
[1.024144] (px4_msgs) StdoutLine: {'line': b'-- Up-to-date symlink: /root/ws_sensor_combined/install/px4_msgs/include/px4_msgs/px4_msgs/msg/detail/wheel_encoders__functions.h\n'}
[1.024169] (px4_msgs) StdoutLine: {'line': b'-- Up-to-date symlink: /root/ws_sensor_combined/install/px4_msgs/include/px4_msgs/px4_msgs/msg/detail/wheel_encoders__struct.h\n'}
[1.024192] (px4_msgs) StdoutLine: {'line': b'-- Up-to-date symlink: /root/ws_sensor_combined/install/px4_msgs/include/px4_msgs/px4_msgs/msg/detail/wheel_encoders__type_support.h\n'}
[1.024221] (px4_msgs) StdoutLine: {'line': b'-- Up-to-date symlink: /root/ws_sensor_combined/install/px4_msgs/include/px4_msgs/px4_msgs/msg/detail/wind__functions.h\n'}
[1.024244] (px4_msgs) StdoutLine: {'line': b'-- Up-to-date symlink: /root/ws_sensor_combined/install/px4_msgs/include/px4_msgs/px4_msgs/msg/detail/wind__struct.h\n'}
[1.024267] (px4_msgs) StdoutLine: {'line': b'-- Up-to-date symlink: /root/ws_sensor_combined/install/px4_msgs/include/px4_msgs/px4_msgs/msg/detail/wind__type_support.h\n'}
[1.024290] (px4_msgs) StdoutLine: {'line': b'-- Up-to-date symlink: /root/ws_sensor_combined/install/px4_msgs/include/px4_msgs/px4_msgs/msg/detail/yaw_estimator_status__functions.h\n'}
[1.024312] (px4_msgs) StdoutLine: {'line': b'-- Up-to-date symlink: /root/ws_sensor_combined/install/px4_msgs/include/px4_msgs/px4_msgs/msg/detail/yaw_estimator_status__struct.h\n'}
[1.024334] (px4_msgs) StdoutLine: {'line': b'-- Up-to-date symlink: /root/ws_sensor_combined/install/px4_msgs/include/px4_msgs/px4_msgs/msg/detail/yaw_estimator_status__type_support.h\n'}
[1.024372] (px4_msgs) StdoutLine: {'line': b'-- Up-to-date symlink: /root/ws_sensor_combined/install/px4_msgs/include/px4_msgs/px4_msgs/msg/differential_pressure.h\n'}
[1.024405] (px4_msgs) StdoutLine: {'line': b'-- Up-to-date symlink: /root/ws_sensor_combined/install/px4_msgs/include/px4_msgs/px4_msgs/msg/distance_sensor.h\n'}
[1.024430] (px4_msgs) StdoutLine: {'line': b'-- Up-to-date symlink: /root/ws_sensor_combined/install/px4_msgs/include/px4_msgs/px4_msgs/msg/distance_sensor_mode_change_request.h\n'}
[1.024455] (px4_msgs) StdoutLine: {'line': b'-- Up-to-date symlink: /root/ws_sensor_combined/install/px4_msgs/include/px4_msgs/px4_msgs/msg/dronecan_node_status.h\n'}
[1.024479] (px4_msgs) StdoutLine: {'line': b'-- Up-to-date symlink: /root/ws_sensor_combined/install/px4_msgs/include/px4_msgs/px4_msgs/msg/ekf2_timestamps.h\n'}
[1.024503] (px4_msgs) StdoutLine: {'line': b'-- Up-to-date symlink: /root/ws_sensor_combined/install/px4_msgs/include/px4_msgs/px4_msgs/msg/esc_report.h\n'}
[1.024527] (px4_msgs) StdoutLine: {'line': b'-- Up-to-date symlink: /root/ws_sensor_combined/install/px4_msgs/include/px4_msgs/px4_msgs/msg/esc_status.h\n'}
[1.024550] (px4_msgs) StdoutLine: {'line': b'-- Up-to-date symlink: /root/ws_sensor_combined/install/px4_msgs/include/px4_msgs/px4_msgs/msg/estimator_aid_source1d.h\n'}
[1.024573] (px4_msgs) StdoutLine: {'line': b'-- Up-to-date symlink: /root/ws_sensor_combined/install/px4_msgs/include/px4_msgs/px4_msgs/msg/estimator_aid_source2d.h\n'}
[1.024596] (px4_msgs) StdoutLine: {'line': b'-- Up-to-date symlink: /root/ws_sensor_combined/install/px4_msgs/include/px4_msgs/px4_msgs/msg/estimator_aid_source3d.h\n'}
[1.024619] (px4_msgs) StdoutLine: {'line': b'-- Up-to-date symlink: /root/ws_sensor_combined/install/px4_msgs/include/px4_msgs/px4_msgs/msg/estimator_bias.h\n'}
[1.024643] (px4_msgs) StdoutLine: {'line': b'-- Up-to-date symlink: /root/ws_sensor_combined/install/px4_msgs/include/px4_msgs/px4_msgs/msg/estimator_bias3d.h\n'}
[1.024665] (px4_msgs) StdoutLine: {'line': b'-- Up-to-date symlink: /root/ws_sensor_combined/install/px4_msgs/include/px4_msgs/px4_msgs/msg/estimator_event_flags.h\n'}
[1.024686] (px4_msgs) StdoutLine: {'line': b'-- Up-to-date symlink: /root/ws_sensor_combined/install/px4_msgs/include/px4_msgs/px4_msgs/msg/estimator_gps_status.h\n'}
[1.024709] (px4_msgs) StdoutLine: {'line': b'-- Up-to-date symlink: /root/ws_sensor_combined/install/px4_msgs/include/px4_msgs/px4_msgs/msg/estimator_innovations.h\n'}
[1.024731] (px4_msgs) StdoutLine: {'line': b'-- Up-to-date symlink: /root/ws_sensor_combined/install/px4_msgs/include/px4_msgs/px4_msgs/msg/estimator_selector_status.h\n'}
[1.024753] (px4_msgs) StdoutLine: {'line': b'-- Up-to-date symlink: /root/ws_sensor_combined/install/px4_msgs/include/px4_msgs/px4_msgs/msg/estimator_sensor_bias.h\n'}
[1.024774] (px4_msgs) StdoutLine: {'line': b'-- Up-to-date symlink: /root/ws_sensor_combined/install/px4_msgs/include/px4_msgs/px4_msgs/msg/estimator_states.h\n'}
[1.024796] (px4_msgs) StdoutLine: {'line': b'-- Up-to-date symlink: /root/ws_sensor_combined/install/px4_msgs/include/px4_msgs/px4_msgs/msg/estimator_status.h\n'}
[1.024817] (px4_msgs) StdoutLine: {'line': b'-- Up-to-date symlink: /root/ws_sensor_combined/install/px4_msgs/include/px4_msgs/px4_msgs/msg/estimator_status_flags.h\n'}
[1.024839] (px4_msgs) StdoutLine: {'line': b'-- Up-to-date symlink: /root/ws_sensor_combined/install/px4_msgs/include/px4_msgs/px4_msgs/msg/event.h\n'}
[1.024861] (px4_msgs) StdoutLine: {'line': b'-- Up-to-date symlink: /root/ws_sensor_combined/install/px4_msgs/include/px4_msgs/px4_msgs/msg/failsafe_flags.h\n'}
[1.024882] (px4_msgs) StdoutLine: {'line': b'-- Up-to-date symlink: /root/ws_sensor_combined/install/px4_msgs/include/px4_msgs/px4_msgs/msg/failure_detector_status.h\n'}
[1.024904] (px4_msgs) StdoutLine: {'line': b'-- Up-to-date symlink: /root/ws_sensor_combined/install/px4_msgs/include/px4_msgs/px4_msgs/msg/figure_eight_status.h\n'}
[1.024926] (px4_msgs) StdoutLine: {'line': b'-- Up-to-date symlink: /root/ws_sensor_combined/install/px4_msgs/include/px4_msgs/px4_msgs/msg/fixed_wing_lateral_guidance_status.h\n'}
[1.024947] (px4_msgs) StdoutLine: {'line': b'-- Up-to-date symlink: /root/ws_sensor_combined/install/px4_msgs/include/px4_msgs/px4_msgs/msg/fixed_wing_lateral_setpoint.h\n'}
[1.024969] (px4_msgs) StdoutLine: {'line': b'-- Up-to-date symlink: /root/ws_sensor_combined/install/px4_msgs/include/px4_msgs/px4_msgs/msg/fixed_wing_lateral_status.h\n'}
[1.024991] (px4_msgs) StdoutLine: {'line': b'-- Up-to-date symlink: /root/ws_sensor_combined/install/px4_msgs/include/px4_msgs/px4_msgs/msg/fixed_wing_longitudinal_setpoint.h\n'}
[1.025014] (px4_msgs) StdoutLine: {'line': b'-- Up-to-date symlink: /root/ws_sensor_combined/install/px4_msgs/include/px4_msgs/px4_msgs/msg/fixed_wing_runway_control.h\n'}
[1.025038] (px4_msgs) StdoutLine: {'line': b'-- Up-to-date symlink: /root/ws_sensor_combined/install/px4_msgs/include/px4_msgs/px4_msgs/msg/flight_phase_estimation.h\n'}
[1.025060] (px4_msgs) StdoutLine: {'line': b'-- Up-to-date symlink: /root/ws_sensor_combined/install/px4_msgs/include/px4_msgs/px4_msgs/msg/follow_target.h\n'}
[1.025082] (px4_msgs) StdoutLine: {'line': b'-- Up-to-date symlink: /root/ws_sensor_combined/install/px4_msgs/include/px4_msgs/px4_msgs/msg/follow_target_estimator.h\n'}
[1.025104] (px4_msgs) StdoutLine: {'line': b'-- Up-to-date symlink: /root/ws_sensor_combined/install/px4_msgs/include/px4_msgs/px4_msgs/msg/follow_target_status.h\n'}
[1.025125] (px4_msgs) StdoutLine: {'line': b'-- Up-to-date symlink: /root/ws_sensor_combined/install/px4_msgs/include/px4_msgs/px4_msgs/msg/fuel_tank_status.h\n'}
[1.025147] (px4_msgs) StdoutLine: {'line': b'-- Up-to-date symlink: /root/ws_sensor_combined/install/px4_msgs/include/px4_msgs/px4_msgs/msg/generator_status.h\n'}
[1.025170] (px4_msgs) StdoutLine: {'line': b'-- Up-to-date symlink: /root/ws_sensor_combined/install/px4_msgs/include/px4_msgs/px4_msgs/msg/geofence_result.h\n'}
[1.025192] (px4_msgs) StdoutLine: {'line': b'-- Up-to-date symlink: /root/ws_sensor_combined/install/px4_msgs/include/px4_msgs/px4_msgs/msg/geofence_status.h\n'}
[1.025214] (px4_msgs) StdoutLine: {'line': b'-- Up-to-date symlink: /root/ws_sensor_combined/install/px4_msgs/include/px4_msgs/px4_msgs/msg/gimbal_controls.h\n'}
[1.025236] (px4_msgs) StdoutLine: {'line': b'-- Up-to-date symlink: /root/ws_sensor_combined/install/px4_msgs/include/px4_msgs/px4_msgs/msg/gimbal_device_attitude_status.h\n'}
[1.025258] (px4_msgs) StdoutLine: {'line': b'-- Up-to-date symlink: /root/ws_sensor_combined/install/px4_msgs/include/px4_msgs/px4_msgs/msg/gimbal_device_information.h\n'}
[1.025281] (px4_msgs) StdoutLine: {'line': b'-- Up-to-date symlink: /root/ws_sensor_combined/install/px4_msgs/include/px4_msgs/px4_msgs/msg/gimbal_device_set_attitude.h\n'}
[1.025302] (px4_msgs) StdoutLine: {'line': b'-- Up-to-date symlink: /root/ws_sensor_combined/install/px4_msgs/include/px4_msgs/px4_msgs/msg/gimbal_manager_information.h\n'}
[1.025324] (px4_msgs) StdoutLine: {'line': b'-- Up-to-date symlink: /root/ws_sensor_combined/install/px4_msgs/include/px4_msgs/px4_msgs/msg/gimbal_manager_set_attitude.h\n'}
[1.025345] (px4_msgs) StdoutLine: {'line': b'-- Up-to-date symlink: /root/ws_sensor_combined/install/px4_msgs/include/px4_msgs/px4_msgs/msg/gimbal_manager_set_manual_control.h\n'}
[1.025388] (px4_msgs) StdoutLine: {'line': b'-- Up-to-date symlink: /root/ws_sensor_combined/install/px4_msgs/include/px4_msgs/px4_msgs/msg/gimbal_manager_status.h\n'}
[1.025417] (px4_msgs) StdoutLine: {'line': b'-- Up-to-date symlink: /root/ws_sensor_combined/install/px4_msgs/include/px4_msgs/px4_msgs/msg/goto_setpoint.h\n'}
[1.025442] (px4_msgs) StdoutLine: {'line': b'-- Up-to-date symlink: /root/ws_sensor_combined/install/px4_msgs/include/px4_msgs/px4_msgs/msg/gpio_config.h\n'}
[1.025491] (px4_msgs) StdoutLine: {'line': b'-- Up-to-date symlink: /root/ws_sensor_combined/install/px4_msgs/include/px4_msgs/px4_msgs/msg/gpio_in.h\n'}
[1.025537] (px4_msgs) StdoutLine: {'line': b'-- Up-to-date symlink: /root/ws_sensor_combined/install/px4_msgs/include/px4_msgs/px4_msgs/msg/gpio_out.h\n'}
[1.025564] (px4_msgs) StdoutLine: {'line': b'-- Up-to-date symlink: /root/ws_sensor_combined/install/px4_msgs/include/px4_msgs/px4_msgs/msg/gpio_request.h\n'}
[1.025587] (px4_msgs) StdoutLine: {'line': b'-- Up-to-date symlink: /root/ws_sensor_combined/install/px4_msgs/include/px4_msgs/px4_msgs/msg/gps_dump.h\n'}
[1.025610] (px4_msgs) StdoutLine: {'line': b'-- Up-to-date symlink: /root/ws_sensor_combined/install/px4_msgs/include/px4_msgs/px4_msgs/msg/gps_inject_data.h\n'}
[1.025634] (px4_msgs) StdoutLine: {'line': b'-- Up-to-date symlink: /root/ws_sensor_combined/install/px4_msgs/include/px4_msgs/px4_msgs/msg/gripper.h\n'}
[1.025656] (px4_msgs) StdoutLine: {'line': b'-- Up-to-date symlink: /root/ws_sensor_combined/install/px4_msgs/include/px4_msgs/px4_msgs/msg/health_report.h\n'}
[1.025679] (px4_msgs) StdoutLine: {'line': b'-- Up-to-date symlink: /root/ws_sensor_combined/install/px4_msgs/include/px4_msgs/px4_msgs/msg/heater_status.h\n'}
[1.025702] (px4_msgs) StdoutLine: {'line': b'-- Up-to-date symlink: /root/ws_sensor_combined/install/px4_msgs/include/px4_msgs/px4_msgs/msg/home_position.h\n'}
[1.025725] (px4_msgs) StdoutLine: {'line': b'-- Up-to-date symlink: /root/ws_sensor_combined/install/px4_msgs/include/px4_msgs/px4_msgs/msg/hover_thrust_estimate.h\n'}
[1.025748] (px4_msgs) StdoutLine: {'line': b'-- Up-to-date symlink: /root/ws_sensor_combined/install/px4_msgs/include/px4_msgs/px4_msgs/msg/input_rc.h\n'}
[1.025772] (px4_msgs) StdoutLine: {'line': b'-- Up-to-date symlink: /root/ws_sensor_combined/install/px4_msgs/include/px4_msgs/px4_msgs/msg/internal_combustion_engine_control.h\n'}
[1.025795] (px4_msgs) StdoutLine: {'line': b'-- Up-to-date symlink: /root/ws_sensor_combined/install/px4_msgs/include/px4_msgs/px4_msgs/msg/internal_combustion_engine_status.h\n'}
[1.025820] (px4_msgs) StdoutLine: {'line': b'-- Up-to-date symlink: /root/ws_sensor_combined/install/px4_msgs/include/px4_msgs/px4_msgs/msg/iridiumsbd_status.h\n'}
[1.025842] (px4_msgs) StdoutLine: {'line': b'-- Up-to-date symlink: /root/ws_sensor_combined/install/px4_msgs/include/px4_msgs/px4_msgs/msg/irlock_report.h\n'}
[1.025865] (px4_msgs) StdoutLine: {'line': b'-- Up-to-date symlink: /root/ws_sensor_combined/install/px4_msgs/include/px4_msgs/px4_msgs/msg/landing_gear.h\n'}
[1.025887] (px4_msgs) StdoutLine: {'line': b'-- Up-to-date symlink: /root/ws_sensor_combined/install/px4_msgs/include/px4_msgs/px4_msgs/msg/landing_gear_wheel.h\n'}
[1.025912] (px4_msgs) StdoutLine: {'line': b'-- Up-to-date symlink: /root/ws_sensor_combined/install/px4_msgs/include/px4_msgs/px4_msgs/msg/landing_target_innovations.h\n'}
[1.025935] (px4_msgs) StdoutLine: {'line': b'-- Up-to-date symlink: /root/ws_sensor_combined/install/px4_msgs/include/px4_msgs/px4_msgs/msg/landing_target_pose.h\n'}
[1.025957] (px4_msgs) StdoutLine: {'line': b'-- Up-to-date symlink: /root/ws_sensor_combined/install/px4_msgs/include/px4_msgs/px4_msgs/msg/lateral_control_configuration.h\n'}
[1.025979] (px4_msgs) StdoutLine: {'line': b'-- Up-to-date symlink: /root/ws_sensor_combined/install/px4_msgs/include/px4_msgs/px4_msgs/msg/launch_detection_status.h\n'}
[1.026000] (px4_msgs) StdoutLine: {'line': b'-- Up-to-date symlink: /root/ws_sensor_combined/install/px4_msgs/include/px4_msgs/px4_msgs/msg/led_control.h\n'}
[1.026022] (px4_msgs) StdoutLine: {'line': b'-- Up-to-date symlink: /root/ws_sensor_combined/install/px4_msgs/include/px4_msgs/px4_msgs/msg/log_message.h\n'}
[1.026044] (px4_msgs) StdoutLine: {'line': b'-- Up-to-date symlink: /root/ws_sensor_combined/install/px4_msgs/include/px4_msgs/px4_msgs/msg/logger_status.h\n'}
[1.026066] (px4_msgs) StdoutLine: {'line': b'-- Up-to-date symlink: /root/ws_sensor_combined/install/px4_msgs/include/px4_msgs/px4_msgs/msg/longitudinal_control_configuration.h\n'}
[1.026088] (px4_msgs) StdoutLine: {'line': b'-- Up-to-date symlink: /root/ws_sensor_combined/install/px4_msgs/include/px4_msgs/px4_msgs/msg/mag_worker_data.h\n'}
[1.026109] (px4_msgs) StdoutLine: {'line': b'-- Up-to-date symlink: /root/ws_sensor_combined/install/px4_msgs/include/px4_msgs/px4_msgs/msg/magnetometer_bias_estimate.h\n'}
[1.026131] (px4_msgs) StdoutLine: {'line': b'-- Up-to-date symlink: /root/ws_sensor_combined/install/px4_msgs/include/px4_msgs/px4_msgs/msg/manual_control_setpoint.h\n'}
[1.026152] (px4_msgs) StdoutLine: {'line': b'-- Up-to-date symlink: /root/ws_sensor_combined/install/px4_msgs/include/px4_msgs/px4_msgs/msg/manual_control_switches.h\n'}
[1.026208] (px4_msgs) StdoutLine: {'line': b'-- Up-to-date symlink: /root/ws_sensor_combined/install/px4_msgs/include/px4_msgs/px4_msgs/msg/mavlink_log.h\n'}
[1.026238] (px4_msgs) StdoutLine: {'line': b'-- Up-to-date symlink: /root/ws_sensor_combined/install/px4_msgs/include/px4_msgs/px4_msgs/msg/mavlink_tunnel.h\n'}
[1.026263] (px4_msgs) StdoutLine: {'line': b'-- Up-to-date symlink: /root/ws_sensor_combined/install/px4_msgs/include/px4_msgs/px4_msgs/msg/message_format_request.h\n'}
[1.026288] (px4_msgs) StdoutLine: {'line': b'-- Up-to-date symlink: /root/ws_sensor_combined/install/px4_msgs/include/px4_msgs/px4_msgs/msg/message_format_response.h\n'}
[1.026312] (px4_msgs) StdoutLine: {'line': b'-- Up-to-date symlink: /root/ws_sensor_combined/install/px4_msgs/include/px4_msgs/px4_msgs/msg/mission.h\n'}
[1.026335] (px4_msgs) StdoutLine: {'line': b'-- Up-to-date symlink: /root/ws_sensor_combined/install/px4_msgs/include/px4_msgs/px4_msgs/msg/mission_result.h\n'}
[1.026373] (px4_msgs) StdoutLine: {'line': b'-- Up-to-date symlink: /root/ws_sensor_combined/install/px4_msgs/include/px4_msgs/px4_msgs/msg/mode_completed.h\n'}
[1.026405] (px4_msgs) StdoutLine: {'line': b'-- Up-to-date symlink: /root/ws_sensor_combined/install/px4_msgs/include/px4_msgs/px4_msgs/msg/mount_orientation.h\n'}
[1.026431] (px4_msgs) StdoutLine: {'line': b'-- Up-to-date symlink: /root/ws_sensor_combined/install/px4_msgs/include/px4_msgs/px4_msgs/msg/navigator_mission_item.h\n'}
[1.026459] (px4_msgs) StdoutLine: {'line': b'-- Up-to-date symlink: /root/ws_sensor_combined/install/px4_msgs/include/px4_msgs/px4_msgs/msg/navigator_status.h\n'}
[1.026483] (px4_msgs) StdoutLine: {'line': b'-- Up-to-date symlink: /root/ws_sensor_combined/install/px4_msgs/include/px4_msgs/px4_msgs/msg/neural_control.h\n'}
[1.026507] (px4_msgs) StdoutLine: {'line': b'-- Up-to-date symlink: /root/ws_sensor_combined/install/px4_msgs/include/px4_msgs/px4_msgs/msg/normalized_unsigned_setpoint.h\n'}
[1.026530] (px4_msgs) StdoutLine: {'line': b'-- Up-to-date symlink: /root/ws_sensor_combined/install/px4_msgs/include/px4_msgs/px4_msgs/msg/obstacle_distance.h\n'}
[1.026553] (px4_msgs) StdoutLine: {'line': b'-- Up-to-date symlink: /root/ws_sensor_combined/install/px4_msgs/include/px4_msgs/px4_msgs/msg/offboard_control_mode.h\n'}
[1.026576] (px4_msgs) StdoutLine: {'line': b'-- Up-to-date symlink: /root/ws_sensor_combined/install/px4_msgs/include/px4_msgs/px4_msgs/msg/onboard_computer_status.h\n'}
[1.026598] (px4_msgs) StdoutLine: {'line': b'-- Up-to-date symlink: /root/ws_sensor_combined/install/px4_msgs/include/px4_msgs/px4_msgs/msg/open_drone_id_arm_status.h\n'}
[1.026621] (px4_msgs) StdoutLine: {'line': b'-- Up-to-date symlink: /root/ws_sensor_combined/install/px4_msgs/include/px4_msgs/px4_msgs/msg/open_drone_id_operator_id.h\n'}
[1.026642] (px4_msgs) StdoutLine: {'line': b'-- Up-to-date symlink: /root/ws_sensor_combined/install/px4_msgs/include/px4_msgs/px4_msgs/msg/open_drone_id_self_id.h\n'}
[1.026665] (px4_msgs) StdoutLine: {'line': b'-- Up-to-date symlink: /root/ws_sensor_combined/install/px4_msgs/include/px4_msgs/px4_msgs/msg/open_drone_id_system.h\n'}
[1.026688] (px4_msgs) StdoutLine: {'line': b'-- Up-to-date symlink: /root/ws_sensor_combined/install/px4_msgs/include/px4_msgs/px4_msgs/msg/orb_test.h\n'}
[1.026710] (px4_msgs) StdoutLine: {'line': b'-- Up-to-date symlink: /root/ws_sensor_combined/install/px4_msgs/include/px4_msgs/px4_msgs/msg/orb_test_large.h\n'}
[1.026733] (px4_msgs) StdoutLine: {'line': b'-- Up-to-date symlink: /root/ws_sensor_combined/install/px4_msgs/include/px4_msgs/px4_msgs/msg/orb_test_medium.h\n'}
[1.026760] (px4_msgs) StdoutLine: {'line': b'-- Up-to-date symlink: /root/ws_sensor_combined/install/px4_msgs/include/px4_msgs/px4_msgs/msg/orbit_status.h\n'}
[1.026787] (px4_msgs) StdoutLine: {'line': b'-- Up-to-date symlink: /root/ws_sensor_combined/install/px4_msgs/include/px4_msgs/px4_msgs/msg/parameter_reset_request.h\n'}
[1.026810] (px4_msgs) StdoutLine: {'line': b'-- Up-to-date symlink: /root/ws_sensor_combined/install/px4_msgs/include/px4_msgs/px4_msgs/msg/parameter_set_used_request.h\n'}
[1.026834] (px4_msgs) StdoutLine: {'line': b'-- Up-to-date symlink: /root/ws_sensor_combined/install/px4_msgs/include/px4_msgs/px4_msgs/msg/parameter_set_value_request.h\n'}
[1.026857] (px4_msgs) StdoutLine: {'line': b'-- Up-to-date symlink: /root/ws_sensor_combined/install/px4_msgs/include/px4_msgs/px4_msgs/msg/parameter_set_value_response.h\n'}
[1.026902] (px4_msgs) StdoutLine: {'line': b'-- Up-to-date symlink: /root/ws_sensor_combined/install/px4_msgs/include/px4_msgs/px4_msgs/msg/parameter_update.h\n'}
[1.026929] (px4_msgs) StdoutLine: {'line': b'-- Up-to-date symlink: /root/ws_sensor_combined/install/px4_msgs/include/px4_msgs/px4_msgs/msg/ping.h\n'}
[1.026955] (px4_msgs) StdoutLine: {'line': b'-- Up-to-date symlink: /root/ws_sensor_combined/install/px4_msgs/include/px4_msgs/px4_msgs/msg/position_controller_landing_status.h\n'}
[1.026980] (px4_msgs) StdoutLine: {'line': b'-- Up-to-date symlink: /root/ws_sensor_combined/install/px4_msgs/include/px4_msgs/px4_msgs/msg/position_controller_status.h\n'}
[1.027007] (px4_msgs) StdoutLine: {'line': b'-- Up-to-date symlink: /root/ws_sensor_combined/install/px4_msgs/include/px4_msgs/px4_msgs/msg/position_setpoint.h\n'}
[1.027032] (px4_msgs) StdoutLine: {'line': b'-- Up-to-date symlink: /root/ws_sensor_combined/install/px4_msgs/include/px4_msgs/px4_msgs/msg/position_setpoint_triplet.h\n'}
[1.027060] (px4_msgs) StdoutLine: {'line': b'-- Up-to-date symlink: /root/ws_sensor_combined/install/px4_msgs/include/px4_msgs/px4_msgs/msg/power_button_state.h\n'}
[1.027087] (px4_msgs) StdoutLine: {'line': b'-- Up-to-date symlink: /root/ws_sensor_combined/install/px4_msgs/include/px4_msgs/px4_msgs/msg/power_monitor.h\n'}
[1.027110] (px4_msgs) StdoutLine: {'line': b'-- Up-to-date symlink: /root/ws_sensor_combined/install/px4_msgs/include/px4_msgs/px4_msgs/msg/pps_capture.h\n'}
[1.027134] (px4_msgs) StdoutLine: {'line': b'-- Up-to-date symlink: /root/ws_sensor_combined/install/px4_msgs/include/px4_msgs/px4_msgs/msg/pure_pursuit_status.h\n'}
[1.027157] (px4_msgs) StdoutLine: {'line': b'-- Up-to-date symlink: /root/ws_sensor_combined/install/px4_msgs/include/px4_msgs/px4_msgs/msg/pwm_input.h\n'}
[1.027180] (px4_msgs) StdoutLine: {'line': b'-- Up-to-date symlink: /root/ws_sensor_combined/install/px4_msgs/include/px4_msgs/px4_msgs/msg/px4io_status.h\n'}
[1.027204] (px4_msgs) StdoutLine: {'line': b'-- Up-to-date symlink: /root/ws_sensor_combined/install/px4_msgs/include/px4_msgs/px4_msgs/msg/qshell_req.h\n'}
[1.027228] (px4_msgs) StdoutLine: {'line': b'-- Up-to-date symlink: /root/ws_sensor_combined/install/px4_msgs/include/px4_msgs/px4_msgs/msg/qshell_retval.h\n'}
[1.027252] (px4_msgs) StdoutLine: {'line': b'-- Up-to-date symlink: /root/ws_sensor_combined/install/px4_msgs/include/px4_msgs/px4_msgs/msg/radio_status.h\n'}
[1.027279] (px4_msgs) StdoutLine: {'line': b'-- Up-to-date symlink: /root/ws_sensor_combined/install/px4_msgs/include/px4_msgs/px4_msgs/msg/rate_ctrl_status.h\n'}
[1.027305] (px4_msgs) StdoutLine: {'line': b'-- Up-to-date symlink: /root/ws_sensor_combined/install/px4_msgs/include/px4_msgs/px4_msgs/msg/rc_channels.h\n'}
[1.027345] (px4_msgs) StdoutLine: {'line': b'-- Up-to-date symlink: /root/ws_sensor_combined/install/px4_msgs/include/px4_msgs/px4_msgs/msg/rc_parameter_map.h\n'}
[1.027373] (px4_msgs) StdoutLine: {'line': b'-- Up-to-date symlink: /root/ws_sensor_combined/install/px4_msgs/include/px4_msgs/px4_msgs/msg/register_ext_component_reply.h\n'}
[1.027401] (px4_msgs) StdoutLine: {'line': b'-- Up-to-date symlink: /root/ws_sensor_combined/install/px4_msgs/include/px4_msgs/px4_msgs/msg/register_ext_component_request.h\n'}
[1.027426] (px4_msgs) StdoutLine: {'line': b'-- Up-to-date symlink: /root/ws_sensor_combined/install/px4_msgs/include/px4_msgs/px4_msgs/msg/rosidl_generator_c__visibility_control.h\n'}
[1.027450] (px4_msgs) StdoutLine: {'line': b'-- Up-to-date symlink: /root/ws_sensor_combined/install/px4_msgs/include/px4_msgs/px4_msgs/msg/rover_attitude_setpoint.h\n'}
[1.027475] (px4_msgs) StdoutLine: {'line': b'-- Up-to-date symlink: /root/ws_sensor_combined/install/px4_msgs/include/px4_msgs/px4_msgs/msg/rover_attitude_status.h\n'}
[1.027500] (px4_msgs) StdoutLine: {'line': b'-- Up-to-date symlink: /root/ws_sensor_combined/install/px4_msgs/include/px4_msgs/px4_msgs/msg/rover_position_setpoint.h\n'}
[1.027524] (px4_msgs) StdoutLine: {'line': b'-- Up-to-date symlink: /root/ws_sensor_combined/install/px4_msgs/include/px4_msgs/px4_msgs/msg/rover_rate_setpoint.h\n'}
[1.027549] (px4_msgs) StdoutLine: {'line': b'-- Up-to-date symlink: /root/ws_sensor_combined/install/px4_msgs/include/px4_msgs/px4_msgs/msg/rover_rate_status.h\n'}
[1.027573] (px4_msgs) StdoutLine: {'line': b'-- Up-to-date symlink: /root/ws_sensor_combined/install/px4_msgs/include/px4_msgs/px4_msgs/msg/rover_steering_setpoint.h\n'}
[1.027606] (px4_msgs) StdoutLine: {'line': b'-- Up-to-date symlink: /root/ws_sensor_combined/install/px4_msgs/include/px4_msgs/px4_msgs/msg/rover_throttle_setpoint.h\n'}
[1.027643] (px4_msgs) StdoutLine: {'line': b'-- Up-to-date symlink: /root/ws_sensor_combined/install/px4_msgs/include/px4_msgs/px4_msgs/msg/rover_velocity_setpoint.h\n'}
[1.027702] (px4_msgs) StdoutLine: {'line': b'-- Up-to-date symlink: /root/ws_sensor_combined/install/px4_msgs/include/px4_msgs/px4_msgs/msg/rover_velocity_status.h\n'}
[1.027763] (px4_msgs) StdoutLine: {'line': b'-- Up-to-date symlink: /root/ws_sensor_combined/install/px4_msgs/include/px4_msgs/px4_msgs/msg/rpm.h\n'}
[1.027848] (px4_msgs) StdoutLine: {'line': b'-- Up-to-date symlink: /root/ws_sensor_combined/install/px4_msgs/include/px4_msgs/px4_msgs/msg/rtl_status.h\n'}
[1.027913] (px4_msgs) StdoutLine: {'line': b'-- Up-to-date symlink: /root/ws_sensor_combined/install/px4_msgs/include/px4_msgs/px4_msgs/msg/rtl_time_estimate.h\n'}
[1.028191] (px4_msgs) StdoutLine: {'line': b'-- Up-to-date symlink: /root/ws_sensor_combined/install/px4_msgs/include/px4_msgs/px4_msgs/msg/satellite_info.h\n'}
[1.028290] (px4_msgs) StdoutLine: {'line': b'-- Up-to-date symlink: /root/ws_sensor_combined/install/px4_msgs/include/px4_msgs/px4_msgs/msg/sensor_accel.h\n'}
[1.028345] (px4_msgs) StdoutLine: {'line': b'-- Up-to-date symlink: /root/ws_sensor_combined/install/px4_msgs/include/px4_msgs/px4_msgs/msg/sensor_accel_fifo.h\n'}
[1.028558] (px4_msgs) StdoutLine: {'line': b'-- Up-to-date symlink: /root/ws_sensor_combined/install/px4_msgs/include/px4_msgs/px4_msgs/msg/sensor_airflow.h\n'}
[1.028658] (px4_msgs) StdoutLine: {'line': b'-- Up-to-date symlink: /root/ws_sensor_combined/install/px4_msgs/include/px4_msgs/px4_msgs/msg/sensor_baro.h\n'}
[1.028711] (px4_msgs) StdoutLine: {'line': b'-- Up-to-date symlink: /root/ws_sensor_combined/install/px4_msgs/include/px4_msgs/px4_msgs/msg/sensor_combined.h\n'}
[1.028796] (px4_msgs) StdoutLine: {'line': b'-- Up-to-date symlink: /root/ws_sensor_combined/install/px4_msgs/include/px4_msgs/px4_msgs/msg/sensor_correction.h\n'}
[1.028858] (px4_msgs) StdoutLine: {'line': b'-- Up-to-date symlink: /root/ws_sensor_combined/install/px4_msgs/include/px4_msgs/px4_msgs/msg/sensor_gnss_relative.h\n'}
[1.029050] (px4_msgs) StdoutLine: {'line': b'-- Up-to-date symlink: /root/ws_sensor_combined/install/px4_msgs/include/px4_msgs/px4_msgs/msg/sensor_gps.h\n'}
[1.029142] (px4_msgs) StdoutLine: {'line': b'-- Up-to-date symlink: /root/ws_sensor_combined/install/px4_msgs/include/px4_msgs/px4_msgs/msg/sensor_gyro.h\n'}
[1.029225] (px4_msgs) StdoutLine: {'line': b'-- Up-to-date symlink: /root/ws_sensor_combined/install/px4_msgs/include/px4_msgs/px4_msgs/msg/sensor_gyro_fft.h\n'}
[1.029307] (px4_msgs) StdoutLine: {'line': b'-- Up-to-date symlink: /root/ws_sensor_combined/install/px4_msgs/include/px4_msgs/px4_msgs/msg/sensor_gyro_fifo.h\n'}
[1.029379] (px4_msgs) StdoutLine: {'line': b'-- Up-to-date symlink: /root/ws_sensor_combined/install/px4_msgs/include/px4_msgs/px4_msgs/msg/sensor_hygrometer.h\n'}
[1.029461] (px4_msgs) StdoutLine: {'line': b'-- Up-to-date symlink: /root/ws_sensor_combined/install/px4_msgs/include/px4_msgs/px4_msgs/msg/sensor_mag.h\n'}
[1.029641] (px4_msgs) StdoutLine: {'line': b'-- Up-to-date symlink: /root/ws_sensor_combined/install/px4_msgs/include/px4_msgs/px4_msgs/msg/sensor_optical_flow.h\n'}
[1.029714] (px4_msgs) StdoutLine: {'line': b'-- Up-to-date symlink: /root/ws_sensor_combined/install/px4_msgs/include/px4_msgs/px4_msgs/msg/sensor_preflight_mag.h\n'}
[1.029784] (px4_msgs) StdoutLine: {'line': b'-- Up-to-date symlink: /root/ws_sensor_combined/install/px4_msgs/include/px4_msgs/px4_msgs/msg/sensor_selection.h\n'}
[1.029866] (px4_msgs) StdoutLine: {'line': b'-- Up-to-date symlink: /root/ws_sensor_combined/install/px4_msgs/include/px4_msgs/px4_msgs/msg/sensor_uwb.h\n'}
[1.029948] (px4_msgs) StdoutLine: {'line': b'-- Up-to-date symlink: /root/ws_sensor_combined/install/px4_msgs/include/px4_msgs/px4_msgs/msg/sensors_status.h\n'}
[1.030028] (px4_msgs) StdoutLine: {'line': b'-- Up-to-date symlink: /root/ws_sensor_combined/install/px4_msgs/include/px4_msgs/px4_msgs/msg/sensors_status_imu.h\n'}
[1.030109] (px4_msgs) StdoutLine: {'line': b'-- Up-to-date symlink: /root/ws_sensor_combined/install/px4_msgs/include/px4_msgs/px4_msgs/msg/system_power.h\n'}
[1.030189] (px4_msgs) StdoutLine: {'line': b'-- Up-to-date symlink: /root/ws_sensor_combined/install/px4_msgs/include/px4_msgs/px4_msgs/msg/takeoff_status.h\n'}
[1.030263] (px4_msgs) StdoutLine: {'line': b'-- Up-to-date symlink: /root/ws_sensor_combined/install/px4_msgs/include/px4_msgs/px4_msgs/msg/task_stack_info.h\n'}
[1.030314] (px4_msgs) StdoutLine: {'line': b'-- Up-to-date symlink: /root/ws_sensor_combined/install/px4_msgs/include/px4_msgs/px4_msgs/msg/tecs_status.h\n'}
[1.030351] (px4_msgs) StdoutLine: {'line': b'-- Up-to-date symlink: /root/ws_sensor_combined/install/px4_msgs/include/px4_msgs/px4_msgs/msg/telemetry_status.h\n'}
[1.030508] (px4_msgs) StdoutLine: {'line': b'-- Up-to-date symlink: /root/ws_sensor_combined/install/px4_msgs/include/px4_msgs/px4_msgs/msg/tiltrotor_extra_controls.h\n'}
[1.030590] (px4_msgs) StdoutLine: {'line': b'-- Up-to-date symlink: /root/ws_sensor_combined/install/px4_msgs/include/px4_msgs/px4_msgs/msg/timesync_status.h\n'}
[1.030671] (px4_msgs) StdoutLine: {'line': b'-- Up-to-date symlink: /root/ws_sensor_combined/install/px4_msgs/include/px4_msgs/px4_msgs/msg/trajectory_setpoint.h\n'}
[1.030754] (px4_msgs) StdoutLine: {'line': b'-- Up-to-date symlink: /root/ws_sensor_combined/install/px4_msgs/include/px4_msgs/px4_msgs/msg/trajectory_setpoint6dof.h\n'}
[1.030835] (px4_msgs) StdoutLine: {'line': b'-- Up-to-date symlink: /root/ws_sensor_combined/install/px4_msgs/include/px4_msgs/px4_msgs/msg/transponder_report.h\n'}
[1.030905] (px4_msgs) StdoutLine: {'line': b'-- Up-to-date symlink: /root/ws_sensor_combined/install/px4_msgs/include/px4_msgs/px4_msgs/msg/tune_control.h\n'}
[1.030986] (px4_msgs) StdoutLine: {'line': b'-- Up-to-date symlink: /root/ws_sensor_combined/install/px4_msgs/include/px4_msgs/px4_msgs/msg/uavcan_parameter_request.h\n'}
[1.031067] (px4_msgs) StdoutLine: {'line': b'-- Up-to-date symlink: /root/ws_sensor_combined/install/px4_msgs/include/px4_msgs/px4_msgs/msg/uavcan_parameter_value.h\n'}
[1.031147] (px4_msgs) StdoutLine: {'line': b'-- Up-to-date symlink: /root/ws_sensor_combined/install/px4_msgs/include/px4_msgs/px4_msgs/msg/ulog_stream.h\n'}
[1.031231] (px4_msgs) StdoutLine: {'line': b'-- Up-to-date symlink: /root/ws_sensor_combined/install/px4_msgs/include/px4_msgs/px4_msgs/msg/ulog_stream_ack.h\n'}
[1.031312] (px4_msgs) StdoutLine: {'line': b'-- Up-to-date symlink: /root/ws_sensor_combined/install/px4_msgs/include/px4_msgs/px4_msgs/msg/unregister_ext_component.h\n'}
[1.031383] (px4_msgs) StdoutLine: {'line': b'-- Up-to-date symlink: /root/ws_sensor_combined/install/px4_msgs/include/px4_msgs/px4_msgs/msg/vehicle_acceleration.h\n'}
[1.031464] (px4_msgs) StdoutLine: {'line': b'-- Up-to-date symlink: /root/ws_sensor_combined/install/px4_msgs/include/px4_msgs/px4_msgs/msg/vehicle_air_data.h\n'}
[1.031544] (px4_msgs) StdoutLine: {'line': b'-- Up-to-date symlink: /root/ws_sensor_combined/install/px4_msgs/include/px4_msgs/px4_msgs/msg/vehicle_angular_acceleration_setpoint.h\n'}
[1.031625] (px4_msgs) StdoutLine: {'line': b'-- Up-to-date symlink: /root/ws_sensor_combined/install/px4_msgs/include/px4_msgs/px4_msgs/msg/vehicle_angular_velocity.h\n'}
[1.031714] (px4_msgs) StdoutLine: {'line': b'-- Up-to-date symlink: /root/ws_sensor_combined/install/px4_msgs/include/px4_msgs/px4_msgs/msg/vehicle_attitude.h\n'}
[1.031785] (px4_msgs) StdoutLine: {'line': b'-- Up-to-date symlink: /root/ws_sensor_combined/install/px4_msgs/include/px4_msgs/px4_msgs/msg/vehicle_attitude_setpoint.h\n'}
[1.031859] (px4_msgs) StdoutLine: {'line': b'-- Up-to-date symlink: /root/ws_sensor_combined/install/px4_msgs/include/px4_msgs/px4_msgs/msg/vehicle_command.h\n'}
[1.031929] (px4_msgs) StdoutLine: {'line': b'-- Up-to-date symlink: /root/ws_sensor_combined/install/px4_msgs/include/px4_msgs/px4_msgs/msg/vehicle_command_ack.h\n'}
[1.032013] (px4_msgs) StdoutLine: {'line': b'-- Up-to-date symlink: /root/ws_sensor_combined/install/px4_msgs/include/px4_msgs/px4_msgs/msg/vehicle_constraints.h\n'}
[1.032095] (px4_msgs) StdoutLine: {'line': b'-- Up-to-date symlink: /root/ws_sensor_combined/install/px4_msgs/include/px4_msgs/px4_msgs/msg/vehicle_control_mode.h\n'}
[1.032165] (px4_msgs) StdoutLine: {'line': b'-- Up-to-date symlink: /root/ws_sensor_combined/install/px4_msgs/include/px4_msgs/px4_msgs/msg/vehicle_global_position.h\n'}
[1.032248] (px4_msgs) StdoutLine: {'line': b'-- Up-to-date symlink: /root/ws_sensor_combined/install/px4_msgs/include/px4_msgs/px4_msgs/msg/vehicle_imu.h\n'}
[1.032315] (px4_msgs) StdoutLine: {'line': b'-- Up-to-date symlink: /root/ws_sensor_combined/install/px4_msgs/include/px4_msgs/px4_msgs/msg/vehicle_imu_status.h\n'}
[1.032347] (px4_msgs) StdoutLine: {'line': b'-- Up-to-date symlink: /root/ws_sensor_combined/install/px4_msgs/include/px4_msgs/px4_msgs/msg/vehicle_land_detected.h\n'}
[1.032404] (px4_msgs) StdoutLine: {'line': b'-- Up-to-date symlink: /root/ws_sensor_combined/install/px4_msgs/include/px4_msgs/px4_msgs/msg/vehicle_local_position.h\n'}
[1.032488] (px4_msgs) StdoutLine: {'line': b'-- Up-to-date symlink: /root/ws_sensor_combined/install/px4_msgs/include/px4_msgs/px4_msgs/msg/vehicle_local_position_setpoint.h\n'}
[1.032570] (px4_msgs) StdoutLine: {'line': b'-- Up-to-date symlink: /root/ws_sensor_combined/install/px4_msgs/include/px4_msgs/px4_msgs/msg/vehicle_magnetometer.h\n'}
[1.032653] (px4_msgs) StdoutLine: {'line': b'-- Up-to-date symlink: /root/ws_sensor_combined/install/px4_msgs/include/px4_msgs/px4_msgs/msg/vehicle_odometry.h\n'}
[1.032725] (px4_msgs) StdoutLine: {'line': b'-- Up-to-date symlink: /root/ws_sensor_combined/install/px4_msgs/include/px4_msgs/px4_msgs/msg/vehicle_optical_flow.h\n'}
[1.032807] (px4_msgs) StdoutLine: {'line': b'-- Up-to-date symlink: /root/ws_sensor_combined/install/px4_msgs/include/px4_msgs/px4_msgs/msg/vehicle_optical_flow_vel.h\n'}
[1.032879] (px4_msgs) StdoutLine: {'line': b'-- Up-to-date symlink: /root/ws_sensor_combined/install/px4_msgs/include/px4_msgs/px4_msgs/msg/vehicle_rates_setpoint.h\n'}
[1.032961] (px4_msgs) StdoutLine: {'line': b'-- Up-to-date symlink: /root/ws_sensor_combined/install/px4_msgs/include/px4_msgs/px4_msgs/msg/vehicle_roi.h\n'}
[1.033043] (px4_msgs) StdoutLine: {'line': b'-- Up-to-date symlink: /root/ws_sensor_combined/install/px4_msgs/include/px4_msgs/px4_msgs/msg/vehicle_status.h\n'}
[1.033123] (px4_msgs) StdoutLine: {'line': b'-- Up-to-date symlink: /root/ws_sensor_combined/install/px4_msgs/include/px4_msgs/px4_msgs/msg/vehicle_thrust_setpoint.h\n'}
[1.033206] (px4_msgs) StdoutLine: {'line': b'-- Up-to-date symlink: /root/ws_sensor_combined/install/px4_msgs/include/px4_msgs/px4_msgs/msg/vehicle_torque_setpoint.h\n'}
[1.033278] (px4_msgs) StdoutLine: {'line': b'-- Up-to-date symlink: /root/ws_sensor_combined/install/px4_msgs/include/px4_msgs/px4_msgs/msg/velocity_limits.h\n'}
[1.033311] (px4_msgs) StdoutLine: {'line': b'-- Up-to-date symlink: /root/ws_sensor_combined/install/px4_msgs/include/px4_msgs/px4_msgs/msg/vtol_vehicle_status.h\n'}
[1.033346] (px4_msgs) StdoutLine: {'line': b'-- Up-to-date symlink: /root/ws_sensor_combined/install/px4_msgs/include/px4_msgs/px4_msgs/msg/wheel_encoders.h\n'}
[1.033417] (px4_msgs) StdoutLine: {'line': b'-- Up-to-date symlink: /root/ws_sensor_combined/install/px4_msgs/include/px4_msgs/px4_msgs/msg/wind.h\n'}
[1.033803] (px4_msgs) StdoutLine: {'line': b'-- Up-to-date symlink: /root/ws_sensor_combined/install/px4_msgs/include/px4_msgs/px4_msgs/msg/yaw_estimator_status.h\n'}
[1.033887] (px4_msgs) StdoutLine: {'line': b'-- Up-to-date symlink: /root/ws_sensor_combined/install/px4_msgs/include/px4_msgs/px4_msgs/srv/detail/vehicle_command__functions.h\n'}
[1.033943] (px4_msgs) StdoutLine: {'line': b'-- Up-to-date symlink: /root/ws_sensor_combined/install/px4_msgs/include/px4_msgs/px4_msgs/srv/detail/vehicle_command__struct.h\n'}
[1.034011] (px4_msgs) StdoutLine: {'line': b'-- Up-to-date symlink: /root/ws_sensor_combined/install/px4_msgs/include/px4_msgs/px4_msgs/srv/detail/vehicle_command__type_support.h\n'}
[1.034328] (px4_msgs) StdoutLine: {'line': b'-- Up-to-date symlink: /root/ws_sensor_combined/install/px4_msgs/include/px4_msgs/px4_msgs/srv/vehicle_command.h\n'}
[1.034408] (px4_msgs) StdoutLine: {'line': b'-- Up-to-date symlink: /root/ws_sensor_combined/install/px4_msgs/share/px4_msgs/environment/library_path.sh\n'}
[1.034491] (px4_msgs) StdoutLine: {'line': b'-- Up-to-date symlink: /root/ws_sensor_combined/install/px4_msgs/share/px4_msgs/environment/library_path.dsv\n'}
[1.034700] (px4_msgs) StdoutLine: {'line': b'-- Up-to-date symlink: /root/ws_sensor_combined/install/px4_msgs/include/px4_msgs/px4_msgs/msg/detail/action_request__rosidl_typesupport_fastrtps_c.h\n'}
[1.034741] (px4_msgs) StdoutLine: {'line': b'-- Up-to-date symlink: /root/ws_sensor_combined/install/px4_msgs/include/px4_msgs/px4_msgs/msg/detail/actuator_armed__rosidl_typesupport_fastrtps_c.h\n'}
[1.034951] (px4_msgs) StdoutLine: {'line': b'-- Up-to-date symlink: /root/ws_sensor_combined/install/px4_msgs/include/px4_msgs/px4_msgs/msg/detail/actuator_controls_status__rosidl_typesupport_fastrtps_c.h\n'}
[1.035031] (px4_msgs) StdoutLine: {'line': b'-- Up-to-date symlink: /root/ws_sensor_combined/install/px4_msgs/include/px4_msgs/px4_msgs/msg/detail/actuator_motors__rosidl_typesupport_fastrtps_c.h\n'}
[1.035066] (px4_msgs) StdoutLine: {'line': b'-- Up-to-date symlink: /root/ws_sensor_combined/install/px4_msgs/include/px4_msgs/px4_msgs/msg/detail/actuator_outputs__rosidl_typesupport_fastrtps_c.h\n'}
[1.035110] (px4_msgs) StdoutLine: {'line': b'-- Up-to-date symlink: /root/ws_sensor_combined/install/px4_msgs/include/px4_msgs/px4_msgs/msg/detail/actuator_servos__rosidl_typesupport_fastrtps_c.h\n'}
[1.035327] (px4_msgs) StdoutLine: {'line': b'-- Up-to-date symlink: /root/ws_sensor_combined/install/px4_msgs/include/px4_msgs/px4_msgs/msg/detail/actuator_servos_trim__rosidl_typesupport_fastrtps_c.h\n'}
[1.035447] (px4_msgs) StdoutLine: {'line': b'-- Up-to-date symlink: /root/ws_sensor_combined/install/px4_msgs/include/px4_msgs/px4_msgs/msg/detail/actuator_test__rosidl_typesupport_fastrtps_c.h\n'}
[1.035481] (px4_msgs) StdoutLine: {'line': b'-- Up-to-date symlink: /root/ws_sensor_combined/install/px4_msgs/include/px4_msgs/px4_msgs/msg/detail/adc_report__rosidl_typesupport_fastrtps_c.h\n'}
[1.035507] (px4_msgs) StdoutLine: {'line': b'-- Up-to-date symlink: /root/ws_sensor_combined/install/px4_msgs/include/px4_msgs/px4_msgs/msg/detail/airspeed__rosidl_typesupport_fastrtps_c.h\n'}
[1.035566] (px4_msgs) StdoutLine: {'line': b'-- Up-to-date symlink: /root/ws_sensor_combined/install/px4_msgs/include/px4_msgs/px4_msgs/msg/detail/airspeed_validated__rosidl_typesupport_fastrtps_c.h\n'}
[1.035754] (px4_msgs) StdoutLine: {'line': b'-- Up-to-date symlink: /root/ws_sensor_combined/install/px4_msgs/include/px4_msgs/px4_msgs/msg/detail/airspeed_wind__rosidl_typesupport_fastrtps_c.h\n'}
[1.035916] (px4_msgs) StdoutLine: {'line': b'-- Up-to-date symlink: /root/ws_sensor_combined/install/px4_msgs/include/px4_msgs/px4_msgs/msg/detail/arming_check_reply__rosidl_typesupport_fastrtps_c.h\n'}
[1.035990] (px4_msgs) StdoutLine: {'line': b'-- Up-to-date symlink: /root/ws_sensor_combined/install/px4_msgs/include/px4_msgs/px4_msgs/msg/detail/arming_check_request__rosidl_typesupport_fastrtps_c.h\n'}
[1.036062] (px4_msgs) StdoutLine: {'line': b'-- Up-to-date symlink: /root/ws_sensor_combined/install/px4_msgs/include/px4_msgs/px4_msgs/msg/detail/autotune_attitude_control_status__rosidl_typesupport_fastrtps_c.h\n'}
[1.036144] (px4_msgs) StdoutLine: {'line': b'-- Up-to-date symlink: /root/ws_sensor_combined/install/px4_msgs/include/px4_msgs/px4_msgs/msg/detail/battery_info__rosidl_typesupport_fastrtps_c.h\n'}
[1.036201] (px4_msgs) StdoutLine: {'line': b'-- Up-to-date symlink: /root/ws_sensor_combined/install/px4_msgs/include/px4_msgs/px4_msgs/msg/detail/battery_status__rosidl_typesupport_fastrtps_c.h\n'}
[1.036353] (px4_msgs) StdoutLine: {'line': b'-- Up-to-date symlink: /root/ws_sensor_combined/install/px4_msgs/include/px4_msgs/px4_msgs/msg/detail/button_event__rosidl_typesupport_fastrtps_c.h\n'}
[1.036435] (px4_msgs) StdoutLine: {'line': b'-- Up-to-date symlink: /root/ws_sensor_combined/install/px4_msgs/include/px4_msgs/px4_msgs/msg/detail/camera_capture__rosidl_typesupport_fastrtps_c.h\n'}
[1.036516] (px4_msgs) StdoutLine: {'line': b'-- Up-to-date symlink: /root/ws_sensor_combined/install/px4_msgs/include/px4_msgs/px4_msgs/msg/detail/camera_status__rosidl_typesupport_fastrtps_c.h\n'}
[1.036598] (px4_msgs) StdoutLine: {'line': b'-- Up-to-date symlink: /root/ws_sensor_combined/install/px4_msgs/include/px4_msgs/px4_msgs/msg/detail/camera_trigger__rosidl_typesupport_fastrtps_c.h\n'}
[1.036683] (px4_msgs) StdoutLine: {'line': b'-- Up-to-date symlink: /root/ws_sensor_combined/install/px4_msgs/include/px4_msgs/px4_msgs/msg/detail/can_interface_status__rosidl_typesupport_fastrtps_c.h\n'}
[1.036764] (px4_msgs) StdoutLine: {'line': b'-- Up-to-date symlink: /root/ws_sensor_combined/install/px4_msgs/include/px4_msgs/px4_msgs/msg/detail/cellular_status__rosidl_typesupport_fastrtps_c.h\n'}
[1.036845] (px4_msgs) StdoutLine: {'line': b'-- Up-to-date symlink: /root/ws_sensor_combined/install/px4_msgs/include/px4_msgs/px4_msgs/msg/detail/collision_constraints__rosidl_typesupport_fastrtps_c.h\n'}
[1.036932] (px4_msgs) StdoutLine: {'line': b'-- Up-to-date symlink: /root/ws_sensor_combined/install/px4_msgs/include/px4_msgs/px4_msgs/msg/detail/config_overrides__rosidl_typesupport_fastrtps_c.h\n'}
[1.037011] (px4_msgs) StdoutLine: {'line': b'-- Up-to-date symlink: /root/ws_sensor_combined/install/px4_msgs/include/px4_msgs/px4_msgs/msg/detail/control_allocator_status__rosidl_typesupport_fastrtps_c.h\n'}
[1.037093] (px4_msgs) StdoutLine: {'line': b'-- Up-to-date symlink: /root/ws_sensor_combined/install/px4_msgs/include/px4_msgs/px4_msgs/msg/detail/cpuload__rosidl_typesupport_fastrtps_c.h\n'}
[1.037173] (px4_msgs) StdoutLine: {'line': b'-- Up-to-date symlink: /root/ws_sensor_combined/install/px4_msgs/include/px4_msgs/px4_msgs/msg/detail/dataman_request__rosidl_typesupport_fastrtps_c.h\n'}
[1.037244] (px4_msgs) StdoutLine: {'line': b'-- Up-to-date symlink: /root/ws_sensor_combined/install/px4_msgs/include/px4_msgs/px4_msgs/msg/detail/dataman_response__rosidl_typesupport_fastrtps_c.h\n'}
[1.037325] (px4_msgs) StdoutLine: {'line': b'-- Up-to-date symlink: /root/ws_sensor_combined/install/px4_msgs/include/px4_msgs/px4_msgs/msg/detail/debug_array__rosidl_typesupport_fastrtps_c.h\n'}
[1.037387] (px4_msgs) StdoutLine: {'line': b'-- Up-to-date symlink: /root/ws_sensor_combined/install/px4_msgs/include/px4_msgs/px4_msgs/msg/detail/debug_key_value__rosidl_typesupport_fastrtps_c.h\n'}
[1.037433] (px4_msgs) StdoutLine: {'line': b'-- Up-to-date symlink: /root/ws_sensor_combined/install/px4_msgs/include/px4_msgs/px4_msgs/msg/detail/debug_value__rosidl_typesupport_fastrtps_c.h\n'}
[1.037629] (px4_msgs) StdoutLine: {'line': b'-- Up-to-date symlink: /root/ws_sensor_combined/install/px4_msgs/include/px4_msgs/px4_msgs/msg/detail/debug_vect__rosidl_typesupport_fastrtps_c.h\n'}
[1.037710] (px4_msgs) StdoutLine: {'line': b'-- Up-to-date symlink: /root/ws_sensor_combined/install/px4_msgs/include/px4_msgs/px4_msgs/msg/detail/differential_pressure__rosidl_typesupport_fastrtps_c.h\n'}
[1.037781] (px4_msgs) StdoutLine: {'line': b'-- Up-to-date symlink: /root/ws_sensor_combined/install/px4_msgs/include/px4_msgs/px4_msgs/msg/detail/distance_sensor__rosidl_typesupport_fastrtps_c.h\n'}
[1.037863] (px4_msgs) StdoutLine: {'line': b'-- Up-to-date symlink: /root/ws_sensor_combined/install/px4_msgs/include/px4_msgs/px4_msgs/msg/detail/distance_sensor_mode_change_request__rosidl_typesupport_fastrtps_c.h\n'}
[1.037946] (px4_msgs) StdoutLine: {'line': b'-- Up-to-date symlink: /root/ws_sensor_combined/install/px4_msgs/include/px4_msgs/px4_msgs/msg/detail/dronecan_node_status__rosidl_typesupport_fastrtps_c.h\n'}
[1.038019] (px4_msgs) StdoutLine: {'line': b'-- Up-to-date symlink: /root/ws_sensor_combined/install/px4_msgs/include/px4_msgs/px4_msgs/msg/detail/ekf2_timestamps__rosidl_typesupport_fastrtps_c.h\n'}
[1.038145] (px4_msgs) StdoutLine: {'line': b'-- Up-to-date symlink: /root/ws_sensor_combined/install/px4_msgs/include/px4_msgs/px4_msgs/msg/detail/esc_report__rosidl_typesupport_fastrtps_c.h\n'}
[1.038220] (px4_msgs) StdoutLine: {'line': b'-- Up-to-date symlink: /root/ws_sensor_combined/install/px4_msgs/include/px4_msgs/px4_msgs/msg/detail/esc_status__rosidl_typesupport_fastrtps_c.h\n'}
[1.038290] (px4_msgs) StdoutLine: {'line': b'-- Up-to-date symlink: /root/ws_sensor_combined/install/px4_msgs/include/px4_msgs/px4_msgs/msg/detail/estimator_aid_source1d__rosidl_typesupport_fastrtps_c.h\n'}
[1.038376] (px4_msgs) StdoutLine: {'line': b'-- Up-to-date symlink: /root/ws_sensor_combined/install/px4_msgs/include/px4_msgs/px4_msgs/msg/detail/estimator_aid_source2d__rosidl_typesupport_fastrtps_c.h\n'}
[1.038457] (px4_msgs) StdoutLine: {'line': b'-- Up-to-date symlink: /root/ws_sensor_combined/install/px4_msgs/include/px4_msgs/px4_msgs/msg/detail/estimator_aid_source3d__rosidl_typesupport_fastrtps_c.h\n'}
[1.038539] (px4_msgs) StdoutLine: {'line': b'-- Up-to-date symlink: /root/ws_sensor_combined/install/px4_msgs/include/px4_msgs/px4_msgs/msg/detail/estimator_bias3d__rosidl_typesupport_fastrtps_c.h\n'}
[1.038619] (px4_msgs) StdoutLine: {'line': b'-- Up-to-date symlink: /root/ws_sensor_combined/install/px4_msgs/include/px4_msgs/px4_msgs/msg/detail/estimator_bias__rosidl_typesupport_fastrtps_c.h\n'}
[1.038700] (px4_msgs) StdoutLine: {'line': b'-- Up-to-date symlink: /root/ws_sensor_combined/install/px4_msgs/include/px4_msgs/px4_msgs/msg/detail/estimator_event_flags__rosidl_typesupport_fastrtps_c.h\n'}
[1.038781] (px4_msgs) StdoutLine: {'line': b'-- Up-to-date symlink: /root/ws_sensor_combined/install/px4_msgs/include/px4_msgs/px4_msgs/msg/detail/estimator_gps_status__rosidl_typesupport_fastrtps_c.h\n'}
[1.038863] (px4_msgs) StdoutLine: {'line': b'-- Up-to-date symlink: /root/ws_sensor_combined/install/px4_msgs/include/px4_msgs/px4_msgs/msg/detail/estimator_innovations__rosidl_typesupport_fastrtps_c.h\n'}
[1.038944] (px4_msgs) StdoutLine: {'line': b'-- Up-to-date symlink: /root/ws_sensor_combined/install/px4_msgs/include/px4_msgs/px4_msgs/msg/detail/estimator_selector_status__rosidl_typesupport_fastrtps_c.h\n'}
[1.039025] (px4_msgs) StdoutLine: {'line': b'-- Up-to-date symlink: /root/ws_sensor_combined/install/px4_msgs/include/px4_msgs/px4_msgs/msg/detail/estimator_sensor_bias__rosidl_typesupport_fastrtps_c.h\n'}
[1.039106] (px4_msgs) StdoutLine: {'line': b'-- Up-to-date symlink: /root/ws_sensor_combined/install/px4_msgs/include/px4_msgs/px4_msgs/msg/detail/estimator_states__rosidl_typesupport_fastrtps_c.h\n'}
[1.039189] (px4_msgs) StdoutLine: {'line': b'-- Up-to-date symlink: /root/ws_sensor_combined/install/px4_msgs/include/px4_msgs/px4_msgs/msg/detail/estimator_status__rosidl_typesupport_fastrtps_c.h\n'}
[1.039269] (px4_msgs) StdoutLine: {'line': b'-- Up-to-date symlink: /root/ws_sensor_combined/install/px4_msgs/include/px4_msgs/px4_msgs/msg/detail/estimator_status_flags__rosidl_typesupport_fastrtps_c.h\n'}
[1.039350] (px4_msgs) StdoutLine: {'line': b'-- Up-to-date symlink: /root/ws_sensor_combined/install/px4_msgs/include/px4_msgs/px4_msgs/msg/detail/event__rosidl_typesupport_fastrtps_c.h\n'}
[1.039413] (px4_msgs) StdoutLine: {'line': b'-- Up-to-date symlink: /root/ws_sensor_combined/install/px4_msgs/include/px4_msgs/px4_msgs/msg/detail/failsafe_flags__rosidl_typesupport_fastrtps_c.h\n'}
[1.039444] (px4_msgs) StdoutLine: {'line': b'-- Up-to-date symlink: /root/ws_sensor_combined/install/px4_msgs/include/px4_msgs/px4_msgs/msg/detail/failure_detector_status__rosidl_typesupport_fastrtps_c.h\n'}
[1.039714] (px4_msgs) StdoutLine: {'line': b'-- Up-to-date symlink: /root/ws_sensor_combined/install/px4_msgs/include/px4_msgs/px4_msgs/msg/detail/figure_eight_status__rosidl_typesupport_fastrtps_c.h\n'}
[1.039775] (px4_msgs) StdoutLine: {'line': b'-- Up-to-date symlink: /root/ws_sensor_combined/install/px4_msgs/include/px4_msgs/px4_msgs/msg/detail/fixed_wing_lateral_guidance_status__rosidl_typesupport_fastrtps_c.h\n'}
[1.039805] (px4_msgs) StdoutLine: {'line': b'-- Up-to-date symlink: /root/ws_sensor_combined/install/px4_msgs/include/px4_msgs/px4_msgs/msg/detail/fixed_wing_lateral_setpoint__rosidl_typesupport_fastrtps_c.h\n'}
[1.039852] (px4_msgs) StdoutLine: {'line': b'-- Up-to-date symlink: /root/ws_sensor_combined/install/px4_msgs/include/px4_msgs/px4_msgs/msg/detail/fixed_wing_lateral_status__rosidl_typesupport_fastrtps_c.h\n'}
[1.039900] (px4_msgs) StdoutLine: {'line': b'-- Up-to-date symlink: /root/ws_sensor_combined/install/px4_msgs/include/px4_msgs/px4_msgs/msg/detail/fixed_wing_longitudinal_setpoint__rosidl_typesupport_fastrtps_c.h\n'}
[1.039957] (px4_msgs) StdoutLine: {'line': b'-- Up-to-date symlink: /root/ws_sensor_combined/install/px4_msgs/include/px4_msgs/px4_msgs/msg/detail/fixed_wing_runway_control__rosidl_typesupport_fastrtps_c.h\n'}
[1.040026] (px4_msgs) StdoutLine: {'line': b'-- Up-to-date symlink: /root/ws_sensor_combined/install/px4_msgs/include/px4_msgs/px4_msgs/msg/detail/flight_phase_estimation__rosidl_typesupport_fastrtps_c.h\n'}
[1.040123] (px4_msgs) StdoutLine: {'line': b'-- Up-to-date symlink: /root/ws_sensor_combined/install/px4_msgs/include/px4_msgs/px4_msgs/msg/detail/follow_target__rosidl_typesupport_fastrtps_c.h\n'}
[1.040414] (px4_msgs) StdoutLine: {'line': b'-- Up-to-date symlink: /root/ws_sensor_combined/install/px4_msgs/include/px4_msgs/px4_msgs/msg/detail/follow_target_estimator__rosidl_typesupport_fastrtps_c.h\n'}
[1.040530] (px4_msgs) StdoutLine: {'line': b'-- Up-to-date symlink: /root/ws_sensor_combined/install/px4_msgs/include/px4_msgs/px4_msgs/msg/detail/follow_target_status__rosidl_typesupport_fastrtps_c.h\n'}
[1.040710] (px4_msgs) StdoutLine: {'line': b'-- Up-to-date symlink: /root/ws_sensor_combined/install/px4_msgs/include/px4_msgs/px4_msgs/msg/detail/fuel_tank_status__rosidl_typesupport_fastrtps_c.h\n'}
[1.040744] (px4_msgs) StdoutLine: {'line': b'-- Up-to-date symlink: /root/ws_sensor_combined/install/px4_msgs/include/px4_msgs/px4_msgs/msg/detail/generator_status__rosidl_typesupport_fastrtps_c.h\n'}
[1.040770] (px4_msgs) StdoutLine: {'line': b'-- Up-to-date symlink: /root/ws_sensor_combined/install/px4_msgs/include/px4_msgs/px4_msgs/msg/detail/geofence_result__rosidl_typesupport_fastrtps_c.h\n'}
[1.040795] (px4_msgs) StdoutLine: {'line': b'-- Up-to-date symlink: /root/ws_sensor_combined/install/px4_msgs/include/px4_msgs/px4_msgs/msg/detail/geofence_status__rosidl_typesupport_fastrtps_c.h\n'}
[1.040820] (px4_msgs) StdoutLine: {'line': b'-- Up-to-date symlink: /root/ws_sensor_combined/install/px4_msgs/include/px4_msgs/px4_msgs/msg/detail/gimbal_controls__rosidl_typesupport_fastrtps_c.h\n'}
[1.040918] (px4_msgs) StdoutLine: {'line': b'-- Up-to-date symlink: /root/ws_sensor_combined/install/px4_msgs/include/px4_msgs/px4_msgs/msg/detail/gimbal_device_attitude_status__rosidl_typesupport_fastrtps_c.h\n'}
[1.041032] (px4_msgs) StdoutLine: {'line': b'-- Up-to-date symlink: /root/ws_sensor_combined/install/px4_msgs/include/px4_msgs/px4_msgs/msg/detail/gimbal_device_information__rosidl_typesupport_fastrtps_c.h\n'}
[1.041080] (px4_msgs) StdoutLine: {'line': b'-- Up-to-date symlink: /root/ws_sensor_combined/install/px4_msgs/include/px4_msgs/px4_msgs/msg/detail/gimbal_device_set_attitude__rosidl_typesupport_fastrtps_c.h\n'}
[1.041131] (px4_msgs) StdoutLine: {'line': b'-- Up-to-date symlink: /root/ws_sensor_combined/install/px4_msgs/include/px4_msgs/px4_msgs/msg/detail/gimbal_manager_information__rosidl_typesupport_fastrtps_c.h\n'}
[1.041180] (px4_msgs) StdoutLine: {'line': b'-- Up-to-date symlink: /root/ws_sensor_combined/install/px4_msgs/include/px4_msgs/px4_msgs/msg/detail/gimbal_manager_set_attitude__rosidl_typesupport_fastrtps_c.h\n'}
[1.041244] (px4_msgs) StdoutLine: {'line': b'-- Up-to-date symlink: /root/ws_sensor_combined/install/px4_msgs/include/px4_msgs/px4_msgs/msg/detail/gimbal_manager_set_manual_control__rosidl_typesupport_fastrtps_c.h\n'}
[1.041334] (px4_msgs) StdoutLine: {'line': b'-- Up-to-date symlink: /root/ws_sensor_combined/install/px4_msgs/include/px4_msgs/px4_msgs/msg/detail/gimbal_manager_status__rosidl_typesupport_fastrtps_c.h\n'}
[1.041416] (px4_msgs) StdoutLine: {'line': b'-- Up-to-date symlink: /root/ws_sensor_combined/install/px4_msgs/include/px4_msgs/px4_msgs/msg/detail/goto_setpoint__rosidl_typesupport_fastrtps_c.h\n'}
[1.041593] (px4_msgs) StdoutLine: {'line': b'-- Up-to-date symlink: /root/ws_sensor_combined/install/px4_msgs/include/px4_msgs/px4_msgs/msg/detail/gpio_config__rosidl_typesupport_fastrtps_c.h\n'}
[1.041633] (px4_msgs) StdoutLine: {'line': b'-- Up-to-date symlink: /root/ws_sensor_combined/install/px4_msgs/include/px4_msgs/px4_msgs/msg/detail/gpio_in__rosidl_typesupport_fastrtps_c.h\n'}
[1.041663] (px4_msgs) StdoutLine: {'line': b'-- Up-to-date symlink: /root/ws_sensor_combined/install/px4_msgs/include/px4_msgs/px4_msgs/msg/detail/gpio_out__rosidl_typesupport_fastrtps_c.h\n'}
[1.041687] (px4_msgs) StdoutLine: {'line': b'-- Up-to-date symlink: /root/ws_sensor_combined/install/px4_msgs/include/px4_msgs/px4_msgs/msg/detail/gpio_request__rosidl_typesupport_fastrtps_c.h\n'}
[1.041773] (px4_msgs) StdoutLine: {'line': b'-- Up-to-date symlink: /root/ws_sensor_combined/install/px4_msgs/include/px4_msgs/px4_msgs/msg/detail/gps_dump__rosidl_typesupport_fastrtps_c.h\n'}
[1.041834] (px4_msgs) StdoutLine: {'line': b'-- Up-to-date symlink: /root/ws_sensor_combined/install/px4_msgs/include/px4_msgs/px4_msgs/msg/detail/gps_inject_data__rosidl_typesupport_fastrtps_c.h\n'}
[1.041864] (px4_msgs) StdoutLine: {'line': b'-- Up-to-date symlink: /root/ws_sensor_combined/install/px4_msgs/include/px4_msgs/px4_msgs/msg/detail/gripper__rosidl_typesupport_fastrtps_c.h\n'}
[1.041894] (px4_msgs) StdoutLine: {'line': b'-- Up-to-date symlink: /root/ws_sensor_combined/install/px4_msgs/include/px4_msgs/px4_msgs/msg/detail/health_report__rosidl_typesupport_fastrtps_c.h\n'}
[1.042043] (px4_msgs) StdoutLine: {'line': b'-- Up-to-date symlink: /root/ws_sensor_combined/install/px4_msgs/include/px4_msgs/px4_msgs/msg/detail/heater_status__rosidl_typesupport_fastrtps_c.h\n'}
[1.042130] (px4_msgs) StdoutLine: {'line': b'-- Up-to-date symlink: /root/ws_sensor_combined/install/px4_msgs/include/px4_msgs/px4_msgs/msg/detail/home_position__rosidl_typesupport_fastrtps_c.h\n'}
[1.042212] (px4_msgs) StdoutLine: {'line': b'-- Up-to-date symlink: /root/ws_sensor_combined/install/px4_msgs/include/px4_msgs/px4_msgs/msg/detail/hover_thrust_estimate__rosidl_typesupport_fastrtps_c.h\n'}
[1.042293] (px4_msgs) StdoutLine: {'line': b'-- Up-to-date symlink: /root/ws_sensor_combined/install/px4_msgs/include/px4_msgs/px4_msgs/msg/detail/input_rc__rosidl_typesupport_fastrtps_c.h\n'}
[1.042374] (px4_msgs) StdoutLine: {'line': b'-- Up-to-date symlink: /root/ws_sensor_combined/install/px4_msgs/include/px4_msgs/px4_msgs/msg/detail/internal_combustion_engine_control__rosidl_typesupport_fastrtps_c.h\n'}
[1.042569] (px4_msgs) StdoutLine: {'line': b'-- Up-to-date symlink: /root/ws_sensor_combined/install/px4_msgs/include/px4_msgs/px4_msgs/msg/detail/internal_combustion_engine_status__rosidl_typesupport_fastrtps_c.h\n'}
[1.042702] (px4_msgs) StdoutLine: {'line': b'-- Up-to-date symlink: /root/ws_sensor_combined/install/px4_msgs/include/px4_msgs/px4_msgs/msg/detail/iridiumsbd_status__rosidl_typesupport_fastrtps_c.h\n'}
[1.042766] (px4_msgs) StdoutLine: {'line': b'-- Up-to-date symlink: /root/ws_sensor_combined/install/px4_msgs/include/px4_msgs/px4_msgs/msg/detail/irlock_report__rosidl_typesupport_fastrtps_c.h\n'}
[1.042846] (px4_msgs) StdoutLine: {'line': b'-- Up-to-date symlink: /root/ws_sensor_combined/install/px4_msgs/include/px4_msgs/px4_msgs/msg/detail/landing_gear__rosidl_typesupport_fastrtps_c.h\n'}
[1.042927] (px4_msgs) StdoutLine: {'line': b'-- Up-to-date symlink: /root/ws_sensor_combined/install/px4_msgs/include/px4_msgs/px4_msgs/msg/detail/landing_gear_wheel__rosidl_typesupport_fastrtps_c.h\n'}
[1.043007] (px4_msgs) StdoutLine: {'line': b'-- Up-to-date symlink: /root/ws_sensor_combined/install/px4_msgs/include/px4_msgs/px4_msgs/msg/detail/landing_target_innovations__rosidl_typesupport_fastrtps_c.h\n'}
[1.043086] (px4_msgs) StdoutLine: {'line': b'-- Up-to-date symlink: /root/ws_sensor_combined/install/px4_msgs/include/px4_msgs/px4_msgs/msg/detail/landing_target_pose__rosidl_typesupport_fastrtps_c.h\n'}
[1.043167] (px4_msgs) StdoutLine: {'line': b'-- Up-to-date symlink: /root/ws_sensor_combined/install/px4_msgs/include/px4_msgs/px4_msgs/msg/detail/lateral_control_configuration__rosidl_typesupport_fastrtps_c.h\n'}
[1.043247] (px4_msgs) StdoutLine: {'line': b'-- Up-to-date symlink: /root/ws_sensor_combined/install/px4_msgs/include/px4_msgs/px4_msgs/msg/detail/launch_detection_status__rosidl_typesupport_fastrtps_c.h\n'}
[1.043327] (px4_msgs) StdoutLine: {'line': b'-- Up-to-date symlink: /root/ws_sensor_combined/install/px4_msgs/include/px4_msgs/px4_msgs/msg/detail/led_control__rosidl_typesupport_fastrtps_c.h\n'}
[1.043430] (px4_msgs) StdoutLine: {'line': b'-- Up-to-date symlink: /root/ws_sensor_combined/install/px4_msgs/include/px4_msgs/px4_msgs/msg/detail/log_message__rosidl_typesupport_fastrtps_c.h\n'}
[1.043471] (px4_msgs) StdoutLine: {'line': b'-- Up-to-date symlink: /root/ws_sensor_combined/install/px4_msgs/include/px4_msgs/px4_msgs/msg/detail/logger_status__rosidl_typesupport_fastrtps_c.h\n'}
[1.043556] (px4_msgs) StdoutLine: {'line': b'-- Up-to-date symlink: /root/ws_sensor_combined/install/px4_msgs/include/px4_msgs/px4_msgs/msg/detail/longitudinal_control_configuration__rosidl_typesupport_fastrtps_c.h\n'}
[1.043637] (px4_msgs) StdoutLine: {'line': b'-- Up-to-date symlink: /root/ws_sensor_combined/install/px4_msgs/include/px4_msgs/px4_msgs/msg/detail/mag_worker_data__rosidl_typesupport_fastrtps_c.h\n'}
[1.043716] (px4_msgs) StdoutLine: {'line': b'-- Up-to-date symlink: /root/ws_sensor_combined/install/px4_msgs/include/px4_msgs/px4_msgs/msg/detail/magnetometer_bias_estimate__rosidl_typesupport_fastrtps_c.h\n'}
[1.043796] (px4_msgs) StdoutLine: {'line': b'-- Up-to-date symlink: /root/ws_sensor_combined/install/px4_msgs/include/px4_msgs/px4_msgs/msg/detail/manual_control_setpoint__rosidl_typesupport_fastrtps_c.h\n'}
[1.043876] (px4_msgs) StdoutLine: {'line': b'-- Up-to-date symlink: /root/ws_sensor_combined/install/px4_msgs/include/px4_msgs/px4_msgs/msg/detail/manual_control_switches__rosidl_typesupport_fastrtps_c.h\n'}
[1.043956] (px4_msgs) StdoutLine: {'line': b'-- Up-to-date symlink: /root/ws_sensor_combined/install/px4_msgs/include/px4_msgs/px4_msgs/msg/detail/mavlink_log__rosidl_typesupport_fastrtps_c.h\n'}
[1.044037] (px4_msgs) StdoutLine: {'line': b'-- Up-to-date symlink: /root/ws_sensor_combined/install/px4_msgs/include/px4_msgs/px4_msgs/msg/detail/mavlink_tunnel__rosidl_typesupport_fastrtps_c.h\n'}
[1.044117] (px4_msgs) StdoutLine: {'line': b'-- Up-to-date symlink: /root/ws_sensor_combined/install/px4_msgs/include/px4_msgs/px4_msgs/msg/detail/message_format_request__rosidl_typesupport_fastrtps_c.h\n'}
[1.044197] (px4_msgs) StdoutLine: {'line': b'-- Up-to-date symlink: /root/ws_sensor_combined/install/px4_msgs/include/px4_msgs/px4_msgs/msg/detail/message_format_response__rosidl_typesupport_fastrtps_c.h\n'}
[1.044278] (px4_msgs) StdoutLine: {'line': b'-- Up-to-date symlink: /root/ws_sensor_combined/install/px4_msgs/include/px4_msgs/px4_msgs/msg/detail/mission__rosidl_typesupport_fastrtps_c.h\n'}
[1.044357] (px4_msgs) StdoutLine: {'line': b'-- Up-to-date symlink: /root/ws_sensor_combined/install/px4_msgs/include/px4_msgs/px4_msgs/msg/detail/mission_result__rosidl_typesupport_fastrtps_c.h\n'}
[1.044437] (px4_msgs) StdoutLine: {'line': b'-- Up-to-date symlink: /root/ws_sensor_combined/install/px4_msgs/include/px4_msgs/px4_msgs/msg/detail/mode_completed__rosidl_typesupport_fastrtps_c.h\n'}
[1.044517] (px4_msgs) StdoutLine: {'line': b'-- Up-to-date symlink: /root/ws_sensor_combined/install/px4_msgs/include/px4_msgs/px4_msgs/msg/detail/mount_orientation__rosidl_typesupport_fastrtps_c.h\n'}
[1.044599] (px4_msgs) StdoutLine: {'line': b'-- Up-to-date symlink: /root/ws_sensor_combined/install/px4_msgs/include/px4_msgs/px4_msgs/msg/detail/navigator_mission_item__rosidl_typesupport_fastrtps_c.h\n'}
[1.044679] (px4_msgs) StdoutLine: {'line': b'-- Up-to-date symlink: /root/ws_sensor_combined/install/px4_msgs/include/px4_msgs/px4_msgs/msg/detail/navigator_status__rosidl_typesupport_fastrtps_c.h\n'}
[1.044759] (px4_msgs) StdoutLine: {'line': b'-- Up-to-date symlink: /root/ws_sensor_combined/install/px4_msgs/include/px4_msgs/px4_msgs/msg/detail/neural_control__rosidl_typesupport_fastrtps_c.h\n'}
[1.044838] (px4_msgs) StdoutLine: {'line': b'-- Up-to-date symlink: /root/ws_sensor_combined/install/px4_msgs/include/px4_msgs/px4_msgs/msg/detail/normalized_unsigned_setpoint__rosidl_typesupport_fastrtps_c.h\n'}
[1.044918] (px4_msgs) StdoutLine: {'line': b'-- Up-to-date symlink: /root/ws_sensor_combined/install/px4_msgs/include/px4_msgs/px4_msgs/msg/detail/obstacle_distance__rosidl_typesupport_fastrtps_c.h\n'}
[1.045063] (px4_msgs) StdoutLine: {'line': b'-- Up-to-date symlink: /root/ws_sensor_combined/install/px4_msgs/include/px4_msgs/px4_msgs/msg/detail/offboard_control_mode__rosidl_typesupport_fastrtps_c.h\n'}
[1.045136] (px4_msgs) StdoutLine: {'line': b'-- Up-to-date symlink: /root/ws_sensor_combined/install/px4_msgs/include/px4_msgs/px4_msgs/msg/detail/onboard_computer_status__rosidl_typesupport_fastrtps_c.h\n'}
[1.045222] (px4_msgs) StdoutLine: {'line': b'-- Up-to-date symlink: /root/ws_sensor_combined/install/px4_msgs/include/px4_msgs/px4_msgs/msg/detail/open_drone_id_arm_status__rosidl_typesupport_fastrtps_c.h\n'}
[1.045303] (px4_msgs) StdoutLine: {'line': b'-- Up-to-date symlink: /root/ws_sensor_combined/install/px4_msgs/include/px4_msgs/px4_msgs/msg/detail/open_drone_id_operator_id__rosidl_typesupport_fastrtps_c.h\n'}
[1.045336] (px4_msgs) StdoutLine: {'line': b'-- Up-to-date symlink: /root/ws_sensor_combined/install/px4_msgs/include/px4_msgs/px4_msgs/msg/detail/open_drone_id_self_id__rosidl_typesupport_fastrtps_c.h\n'}
[1.045363] (px4_msgs) StdoutLine: {'line': b'-- Up-to-date symlink: /root/ws_sensor_combined/install/px4_msgs/include/px4_msgs/px4_msgs/msg/detail/open_drone_id_system__rosidl_typesupport_fastrtps_c.h\n'}
[1.045392] (px4_msgs) StdoutLine: {'line': b'-- Up-to-date symlink: /root/ws_sensor_combined/install/px4_msgs/include/px4_msgs/px4_msgs/msg/detail/orb_test__rosidl_typesupport_fastrtps_c.h\n'}
[1.045421] (px4_msgs) StdoutLine: {'line': b'-- Up-to-date symlink: /root/ws_sensor_combined/install/px4_msgs/include/px4_msgs/px4_msgs/msg/detail/orb_test_large__rosidl_typesupport_fastrtps_c.h\n'}
[1.045490] (px4_msgs) StdoutLine: {'line': b'-- Up-to-date symlink: /root/ws_sensor_combined/install/px4_msgs/include/px4_msgs/px4_msgs/msg/detail/orb_test_medium__rosidl_typesupport_fastrtps_c.h\n'}
[1.045640] (px4_msgs) StdoutLine: {'line': b'-- Up-to-date symlink: /root/ws_sensor_combined/install/px4_msgs/include/px4_msgs/px4_msgs/msg/detail/orbit_status__rosidl_typesupport_fastrtps_c.h\n'}
[1.045670] (px4_msgs) StdoutLine: {'line': b'-- Up-to-date symlink: /root/ws_sensor_combined/install/px4_msgs/include/px4_msgs/px4_msgs/msg/detail/parameter_reset_request__rosidl_typesupport_fastrtps_c.h\n'}
[1.045696] (px4_msgs) StdoutLine: {'line': b'-- Up-to-date symlink: /root/ws_sensor_combined/install/px4_msgs/include/px4_msgs/px4_msgs/msg/detail/parameter_set_used_request__rosidl_typesupport_fastrtps_c.h\n'}
[1.045720] (px4_msgs) StdoutLine: {'line': b'-- Up-to-date symlink: /root/ws_sensor_combined/install/px4_msgs/include/px4_msgs/px4_msgs/msg/detail/parameter_set_value_request__rosidl_typesupport_fastrtps_c.h\n'}
[1.045742] (px4_msgs) StdoutLine: {'line': b'-- Up-to-date symlink: /root/ws_sensor_combined/install/px4_msgs/include/px4_msgs/px4_msgs/msg/detail/parameter_set_value_response__rosidl_typesupport_fastrtps_c.h\n'}
[1.045765] (px4_msgs) StdoutLine: {'line': b'-- Up-to-date symlink: /root/ws_sensor_combined/install/px4_msgs/include/px4_msgs/px4_msgs/msg/detail/parameter_update__rosidl_typesupport_fastrtps_c.h\n'}
[1.045787] (px4_msgs) StdoutLine: {'line': b'-- Up-to-date symlink: /root/ws_sensor_combined/install/px4_msgs/include/px4_msgs/px4_msgs/msg/detail/ping__rosidl_typesupport_fastrtps_c.h\n'}
[1.045809] (px4_msgs) StdoutLine: {'line': b'-- Up-to-date symlink: /root/ws_sensor_combined/install/px4_msgs/include/px4_msgs/px4_msgs/msg/detail/position_controller_landing_status__rosidl_typesupport_fastrtps_c.h\n'}
[1.045831] (px4_msgs) StdoutLine: {'line': b'-- Up-to-date symlink: /root/ws_sensor_combined/install/px4_msgs/include/px4_msgs/px4_msgs/msg/detail/position_controller_status__rosidl_typesupport_fastrtps_c.h\n'}
[1.045854] (px4_msgs) StdoutLine: {'line': b'-- Up-to-date symlink: /root/ws_sensor_combined/install/px4_msgs/include/px4_msgs/px4_msgs/msg/detail/position_setpoint__rosidl_typesupport_fastrtps_c.h\n'}
[1.045880] (px4_msgs) StdoutLine: {'line': b'-- Up-to-date symlink: /root/ws_sensor_combined/install/px4_msgs/include/px4_msgs/px4_msgs/msg/detail/position_setpoint_triplet__rosidl_typesupport_fastrtps_c.h\n'}
[1.045904] (px4_msgs) StdoutLine: {'line': b'-- Up-to-date symlink: /root/ws_sensor_combined/install/px4_msgs/include/px4_msgs/px4_msgs/msg/detail/power_button_state__rosidl_typesupport_fastrtps_c.h\n'}
[1.045927] (px4_msgs) StdoutLine: {'line': b'-- Up-to-date symlink: /root/ws_sensor_combined/install/px4_msgs/include/px4_msgs/px4_msgs/msg/detail/power_monitor__rosidl_typesupport_fastrtps_c.h\n'}
[1.045950] (px4_msgs) StdoutLine: {'line': b'-- Up-to-date symlink: /root/ws_sensor_combined/install/px4_msgs/include/px4_msgs/px4_msgs/msg/detail/pps_capture__rosidl_typesupport_fastrtps_c.h\n'}
[1.045973] (px4_msgs) StdoutLine: {'line': b'-- Up-to-date symlink: /root/ws_sensor_combined/install/px4_msgs/include/px4_msgs/px4_msgs/msg/detail/pure_pursuit_status__rosidl_typesupport_fastrtps_c.h\n'}
[1.045996] (px4_msgs) StdoutLine: {'line': b'-- Up-to-date symlink: /root/ws_sensor_combined/install/px4_msgs/include/px4_msgs/px4_msgs/msg/detail/pwm_input__rosidl_typesupport_fastrtps_c.h\n'}
[1.046019] (px4_msgs) StdoutLine: {'line': b'-- Up-to-date symlink: /root/ws_sensor_combined/install/px4_msgs/include/px4_msgs/px4_msgs/msg/detail/px4io_status__rosidl_typesupport_fastrtps_c.h\n'}
[1.046042] (px4_msgs) StdoutLine: {'line': b'-- Up-to-date symlink: /root/ws_sensor_combined/install/px4_msgs/include/px4_msgs/px4_msgs/msg/detail/qshell_req__rosidl_typesupport_fastrtps_c.h\n'}
[1.046064] (px4_msgs) StdoutLine: {'line': b'-- Up-to-date symlink: /root/ws_sensor_combined/install/px4_msgs/include/px4_msgs/px4_msgs/msg/detail/qshell_retval__rosidl_typesupport_fastrtps_c.h\n'}
[1.046086] (px4_msgs) StdoutLine: {'line': b'-- Up-to-date symlink: /root/ws_sensor_combined/install/px4_msgs/include/px4_msgs/px4_msgs/msg/detail/radio_status__rosidl_typesupport_fastrtps_c.h\n'}
[1.046108] (px4_msgs) StdoutLine: {'line': b'-- Up-to-date symlink: /root/ws_sensor_combined/install/px4_msgs/include/px4_msgs/px4_msgs/msg/detail/rate_ctrl_status__rosidl_typesupport_fastrtps_c.h\n'}
[1.046131] (px4_msgs) StdoutLine: {'line': b'-- Up-to-date symlink: /root/ws_sensor_combined/install/px4_msgs/include/px4_msgs/px4_msgs/msg/detail/rc_channels__rosidl_typesupport_fastrtps_c.h\n'}
[1.046153] (px4_msgs) StdoutLine: {'line': b'-- Up-to-date symlink: /root/ws_sensor_combined/install/px4_msgs/include/px4_msgs/px4_msgs/msg/detail/rc_parameter_map__rosidl_typesupport_fastrtps_c.h\n'}
[1.046175] (px4_msgs) StdoutLine: {'line': b'-- Up-to-date symlink: /root/ws_sensor_combined/install/px4_msgs/include/px4_msgs/px4_msgs/msg/detail/register_ext_component_reply__rosidl_typesupport_fastrtps_c.h\n'}
[1.046196] (px4_msgs) StdoutLine: {'line': b'-- Up-to-date symlink: /root/ws_sensor_combined/install/px4_msgs/include/px4_msgs/px4_msgs/msg/detail/register_ext_component_request__rosidl_typesupport_fastrtps_c.h\n'}
[1.046219] (px4_msgs) StdoutLine: {'line': b'-- Up-to-date symlink: /root/ws_sensor_combined/install/px4_msgs/include/px4_msgs/px4_msgs/msg/detail/rover_attitude_setpoint__rosidl_typesupport_fastrtps_c.h\n'}
[1.046245] (px4_msgs) StdoutLine: {'line': b'-- Up-to-date symlink: /root/ws_sensor_combined/install/px4_msgs/include/px4_msgs/px4_msgs/msg/detail/rover_attitude_status__rosidl_typesupport_fastrtps_c.h\n'}
[1.046267] (px4_msgs) StdoutLine: {'line': b'-- Up-to-date symlink: /root/ws_sensor_combined/install/px4_msgs/include/px4_msgs/px4_msgs/msg/detail/rover_position_setpoint__rosidl_typesupport_fastrtps_c.h\n'}
[1.046288] (px4_msgs) StdoutLine: {'line': b'-- Up-to-date symlink: /root/ws_sensor_combined/install/px4_msgs/include/px4_msgs/px4_msgs/msg/detail/rover_rate_setpoint__rosidl_typesupport_fastrtps_c.h\n'}
[1.046310] (px4_msgs) StdoutLine: {'line': b'-- Up-to-date symlink: /root/ws_sensor_combined/install/px4_msgs/include/px4_msgs/px4_msgs/msg/detail/rover_rate_status__rosidl_typesupport_fastrtps_c.h\n'}
[1.046332] (px4_msgs) StdoutLine: {'line': b'-- Up-to-date symlink: /root/ws_sensor_combined/install/px4_msgs/include/px4_msgs/px4_msgs/msg/detail/rover_steering_setpoint__rosidl_typesupport_fastrtps_c.h\n'}
[1.046357] (px4_msgs) StdoutLine: {'line': b'-- Up-to-date symlink: /root/ws_sensor_combined/install/px4_msgs/include/px4_msgs/px4_msgs/msg/detail/rover_throttle_setpoint__rosidl_typesupport_fastrtps_c.h\n'}
[1.046380] (px4_msgs) StdoutLine: {'line': b'-- Up-to-date symlink: /root/ws_sensor_combined/install/px4_msgs/include/px4_msgs/px4_msgs/msg/detail/rover_velocity_setpoint__rosidl_typesupport_fastrtps_c.h\n'}
[1.046403] (px4_msgs) StdoutLine: {'line': b'-- Up-to-date symlink: /root/ws_sensor_combined/install/px4_msgs/include/px4_msgs/px4_msgs/msg/detail/rover_velocity_status__rosidl_typesupport_fastrtps_c.h\n'}
[1.046425] (px4_msgs) StdoutLine: {'line': b'-- Up-to-date symlink: /root/ws_sensor_combined/install/px4_msgs/include/px4_msgs/px4_msgs/msg/detail/rpm__rosidl_typesupport_fastrtps_c.h\n'}
[1.046448] (px4_msgs) StdoutLine: {'line': b'-- Up-to-date symlink: /root/ws_sensor_combined/install/px4_msgs/include/px4_msgs/px4_msgs/msg/detail/rtl_status__rosidl_typesupport_fastrtps_c.h\n'}
[1.046472] (px4_msgs) StdoutLine: {'line': b'-- Up-to-date symlink: /root/ws_sensor_combined/install/px4_msgs/include/px4_msgs/px4_msgs/msg/detail/rtl_time_estimate__rosidl_typesupport_fastrtps_c.h\n'}
[1.046496] (px4_msgs) StdoutLine: {'line': b'-- Up-to-date symlink: /root/ws_sensor_combined/install/px4_msgs/include/px4_msgs/px4_msgs/msg/detail/satellite_info__rosidl_typesupport_fastrtps_c.h\n'}
[1.046525] (px4_msgs) StdoutLine: {'line': b'-- Up-to-date symlink: /root/ws_sensor_combined/install/px4_msgs/include/px4_msgs/px4_msgs/msg/detail/sensor_accel__rosidl_typesupport_fastrtps_c.h\n'}
[1.046547] (px4_msgs) StdoutLine: {'line': b'-- Up-to-date symlink: /root/ws_sensor_combined/install/px4_msgs/include/px4_msgs/px4_msgs/msg/detail/sensor_accel_fifo__rosidl_typesupport_fastrtps_c.h\n'}
[1.046571] (px4_msgs) StdoutLine: {'line': b'-- Up-to-date symlink: /root/ws_sensor_combined/install/px4_msgs/include/px4_msgs/px4_msgs/msg/detail/sensor_airflow__rosidl_typesupport_fastrtps_c.h\n'}
[1.046594] (px4_msgs) StdoutLine: {'line': b'-- Up-to-date symlink: /root/ws_sensor_combined/install/px4_msgs/include/px4_msgs/px4_msgs/msg/detail/sensor_baro__rosidl_typesupport_fastrtps_c.h\n'}
[1.046620] (px4_msgs) StdoutLine: {'line': b'-- Up-to-date symlink: /root/ws_sensor_combined/install/px4_msgs/include/px4_msgs/px4_msgs/msg/detail/sensor_combined__rosidl_typesupport_fastrtps_c.h\n'}
[1.046647] (px4_msgs) StdoutLine: {'line': b'-- Up-to-date symlink: /root/ws_sensor_combined/install/px4_msgs/include/px4_msgs/px4_msgs/msg/detail/sensor_correction__rosidl_typesupport_fastrtps_c.h\n'}
[1.046670] (px4_msgs) StdoutLine: {'line': b'-- Up-to-date symlink: /root/ws_sensor_combined/install/px4_msgs/include/px4_msgs/px4_msgs/msg/detail/sensor_gnss_relative__rosidl_typesupport_fastrtps_c.h\n'}
[1.046695] (px4_msgs) StdoutLine: {'line': b'-- Up-to-date symlink: /root/ws_sensor_combined/install/px4_msgs/include/px4_msgs/px4_msgs/msg/detail/sensor_gps__rosidl_typesupport_fastrtps_c.h\n'}
[1.046721] (px4_msgs) StdoutLine: {'line': b'-- Up-to-date symlink: /root/ws_sensor_combined/install/px4_msgs/include/px4_msgs/px4_msgs/msg/detail/sensor_gyro__rosidl_typesupport_fastrtps_c.h\n'}
[1.046746] (px4_msgs) StdoutLine: {'line': b'-- Up-to-date symlink: /root/ws_sensor_combined/install/px4_msgs/include/px4_msgs/px4_msgs/msg/detail/sensor_gyro_fft__rosidl_typesupport_fastrtps_c.h\n'}
[1.046770] (px4_msgs) StdoutLine: {'line': b'-- Up-to-date symlink: /root/ws_sensor_combined/install/px4_msgs/include/px4_msgs/px4_msgs/msg/detail/sensor_gyro_fifo__rosidl_typesupport_fastrtps_c.h\n'}
[1.046796] (px4_msgs) StdoutLine: {'line': b'-- Up-to-date symlink: /root/ws_sensor_combined/install/px4_msgs/include/px4_msgs/px4_msgs/msg/detail/sensor_hygrometer__rosidl_typesupport_fastrtps_c.h\n'}
[1.046826] (px4_msgs) StdoutLine: {'line': b'-- Up-to-date symlink: /root/ws_sensor_combined/install/px4_msgs/include/px4_msgs/px4_msgs/msg/detail/sensor_mag__rosidl_typesupport_fastrtps_c.h\n'}
[1.046853] (px4_msgs) StdoutLine: {'line': b'-- Up-to-date symlink: /root/ws_sensor_combined/install/px4_msgs/include/px4_msgs/px4_msgs/msg/detail/sensor_optical_flow__rosidl_typesupport_fastrtps_c.h\n'}
[1.046878] (px4_msgs) StdoutLine: {'line': b'-- Up-to-date symlink: /root/ws_sensor_combined/install/px4_msgs/include/px4_msgs/px4_msgs/msg/detail/sensor_preflight_mag__rosidl_typesupport_fastrtps_c.h\n'}
[1.046909] (px4_msgs) StdoutLine: {'line': b'-- Up-to-date symlink: /root/ws_sensor_combined/install/px4_msgs/include/px4_msgs/px4_msgs/msg/detail/sensor_selection__rosidl_typesupport_fastrtps_c.h\n'}
[1.046934] (px4_msgs) StdoutLine: {'line': b'-- Up-to-date symlink: /root/ws_sensor_combined/install/px4_msgs/include/px4_msgs/px4_msgs/msg/detail/sensor_uwb__rosidl_typesupport_fastrtps_c.h\n'}
[1.046963] (px4_msgs) StdoutLine: {'line': b'-- Up-to-date symlink: /root/ws_sensor_combined/install/px4_msgs/include/px4_msgs/px4_msgs/msg/detail/sensors_status__rosidl_typesupport_fastrtps_c.h\n'}
[1.046988] (px4_msgs) StdoutLine: {'line': b'-- Up-to-date symlink: /root/ws_sensor_combined/install/px4_msgs/include/px4_msgs/px4_msgs/msg/detail/sensors_status_imu__rosidl_typesupport_fastrtps_c.h\n'}
[1.047018] (px4_msgs) StdoutLine: {'line': b'-- Up-to-date symlink: /root/ws_sensor_combined/install/px4_msgs/include/px4_msgs/px4_msgs/msg/detail/system_power__rosidl_typesupport_fastrtps_c.h\n'}
[1.047083] (px4_msgs) StdoutLine: {'line': b'-- Up-to-date symlink: /root/ws_sensor_combined/install/px4_msgs/include/px4_msgs/px4_msgs/msg/detail/takeoff_status__rosidl_typesupport_fastrtps_c.h\n'}
[1.047118] (px4_msgs) StdoutLine: {'line': b'-- Up-to-date symlink: /root/ws_sensor_combined/install/px4_msgs/include/px4_msgs/px4_msgs/msg/detail/task_stack_info__rosidl_typesupport_fastrtps_c.h\n'}
[1.047150] (px4_msgs) StdoutLine: {'line': b'-- Up-to-date symlink: /root/ws_sensor_combined/install/px4_msgs/include/px4_msgs/px4_msgs/msg/detail/tecs_status__rosidl_typesupport_fastrtps_c.h\n'}
[1.047183] (px4_msgs) StdoutLine: {'line': b'-- Up-to-date symlink: /root/ws_sensor_combined/install/px4_msgs/include/px4_msgs/px4_msgs/msg/detail/telemetry_status__rosidl_typesupport_fastrtps_c.h\n'}
[1.047210] (px4_msgs) StdoutLine: {'line': b'-- Up-to-date symlink: /root/ws_sensor_combined/install/px4_msgs/include/px4_msgs/px4_msgs/msg/detail/tiltrotor_extra_controls__rosidl_typesupport_fastrtps_c.h\n'}
[1.047234] (px4_msgs) StdoutLine: {'line': b'-- Up-to-date symlink: /root/ws_sensor_combined/install/px4_msgs/include/px4_msgs/px4_msgs/msg/detail/timesync_status__rosidl_typesupport_fastrtps_c.h\n'}
[1.047257] (px4_msgs) StdoutLine: {'line': b'-- Up-to-date symlink: /root/ws_sensor_combined/install/px4_msgs/include/px4_msgs/px4_msgs/msg/detail/trajectory_setpoint6dof__rosidl_typesupport_fastrtps_c.h\n'}
[1.047282] (px4_msgs) StdoutLine: {'line': b'-- Up-to-date symlink: /root/ws_sensor_combined/install/px4_msgs/include/px4_msgs/px4_msgs/msg/detail/trajectory_setpoint__rosidl_typesupport_fastrtps_c.h\n'}
[1.047305] (px4_msgs) StdoutLine: {'line': b'-- Up-to-date symlink: /root/ws_sensor_combined/install/px4_msgs/include/px4_msgs/px4_msgs/msg/detail/transponder_report__rosidl_typesupport_fastrtps_c.h\n'}
[1.047328] (px4_msgs) StdoutLine: {'line': b'-- Up-to-date symlink: /root/ws_sensor_combined/install/px4_msgs/include/px4_msgs/px4_msgs/msg/detail/tune_control__rosidl_typesupport_fastrtps_c.h\n'}
[1.047350] (px4_msgs) StdoutLine: {'line': b'-- Up-to-date symlink: /root/ws_sensor_combined/install/px4_msgs/include/px4_msgs/px4_msgs/msg/detail/uavcan_parameter_request__rosidl_typesupport_fastrtps_c.h\n'}
[1.047372] (px4_msgs) StdoutLine: {'line': b'-- Up-to-date symlink: /root/ws_sensor_combined/install/px4_msgs/include/px4_msgs/px4_msgs/msg/detail/uavcan_parameter_value__rosidl_typesupport_fastrtps_c.h\n'}
[1.047394] (px4_msgs) StdoutLine: {'line': b'-- Up-to-date symlink: /root/ws_sensor_combined/install/px4_msgs/include/px4_msgs/px4_msgs/msg/detail/ulog_stream__rosidl_typesupport_fastrtps_c.h\n'}
[1.047416] (px4_msgs) StdoutLine: {'line': b'-- Up-to-date symlink: /root/ws_sensor_combined/install/px4_msgs/include/px4_msgs/px4_msgs/msg/detail/ulog_stream_ack__rosidl_typesupport_fastrtps_c.h\n'}
[1.047444] (px4_msgs) StdoutLine: {'line': b'-- Up-to-date symlink: /root/ws_sensor_combined/install/px4_msgs/include/px4_msgs/px4_msgs/msg/detail/unregister_ext_component__rosidl_typesupport_fastrtps_c.h\n'}
[1.047466] (px4_msgs) StdoutLine: {'line': b'-- Up-to-date symlink: /root/ws_sensor_combined/install/px4_msgs/include/px4_msgs/px4_msgs/msg/detail/vehicle_acceleration__rosidl_typesupport_fastrtps_c.h\n'}
[1.047488] (px4_msgs) StdoutLine: {'line': b'-- Up-to-date symlink: /root/ws_sensor_combined/install/px4_msgs/include/px4_msgs/px4_msgs/msg/detail/vehicle_air_data__rosidl_typesupport_fastrtps_c.h\n'}
[1.047509] (px4_msgs) StdoutLine: {'line': b'-- Up-to-date symlink: /root/ws_sensor_combined/install/px4_msgs/include/px4_msgs/px4_msgs/msg/detail/vehicle_angular_acceleration_setpoint__rosidl_typesupport_fastrtps_c.h\n'}
[1.047533] (px4_msgs) StdoutLine: {'line': b'-- Up-to-date symlink: /root/ws_sensor_combined/install/px4_msgs/include/px4_msgs/px4_msgs/msg/detail/vehicle_angular_velocity__rosidl_typesupport_fastrtps_c.h\n'}
[1.047555] (px4_msgs) StdoutLine: {'line': b'-- Up-to-date symlink: /root/ws_sensor_combined/install/px4_msgs/include/px4_msgs/px4_msgs/msg/detail/vehicle_attitude__rosidl_typesupport_fastrtps_c.h\n'}
[1.047578] (px4_msgs) StdoutLine: {'line': b'-- Up-to-date symlink: /root/ws_sensor_combined/install/px4_msgs/include/px4_msgs/px4_msgs/msg/detail/vehicle_attitude_setpoint__rosidl_typesupport_fastrtps_c.h\n'}
[1.047601] (px4_msgs) StdoutLine: {'line': b'-- Up-to-date symlink: /root/ws_sensor_combined/install/px4_msgs/include/px4_msgs/px4_msgs/msg/detail/vehicle_command__rosidl_typesupport_fastrtps_c.h\n'}
[1.047628] (px4_msgs) StdoutLine: {'line': b'-- Up-to-date symlink: /root/ws_sensor_combined/install/px4_msgs/include/px4_msgs/px4_msgs/msg/detail/vehicle_command_ack__rosidl_typesupport_fastrtps_c.h\n'}
[1.047651] (px4_msgs) StdoutLine: {'line': b'-- Up-to-date symlink: /root/ws_sensor_combined/install/px4_msgs/include/px4_msgs/px4_msgs/msg/detail/vehicle_constraints__rosidl_typesupport_fastrtps_c.h\n'}
[1.047673] (px4_msgs) StdoutLine: {'line': b'-- Up-to-date symlink: /root/ws_sensor_combined/install/px4_msgs/include/px4_msgs/px4_msgs/msg/detail/vehicle_control_mode__rosidl_typesupport_fastrtps_c.h\n'}
[1.047725] (px4_msgs) StdoutLine: {'line': b'-- Up-to-date symlink: /root/ws_sensor_combined/install/px4_msgs/include/px4_msgs/px4_msgs/msg/detail/vehicle_global_position__rosidl_typesupport_fastrtps_c.h\n'}
[1.047771] (px4_msgs) StdoutLine: {'line': b'-- Up-to-date symlink: /root/ws_sensor_combined/install/px4_msgs/include/px4_msgs/px4_msgs/msg/detail/vehicle_imu__rosidl_typesupport_fastrtps_c.h\n'}
[1.047804] (px4_msgs) StdoutLine: {'line': b'-- Up-to-date symlink: /root/ws_sensor_combined/install/px4_msgs/include/px4_msgs/px4_msgs/msg/detail/vehicle_imu_status__rosidl_typesupport_fastrtps_c.h\n'}
[1.047833] (px4_msgs) StdoutLine: {'line': b'-- Up-to-date symlink: /root/ws_sensor_combined/install/px4_msgs/include/px4_msgs/px4_msgs/msg/detail/vehicle_land_detected__rosidl_typesupport_fastrtps_c.h\n'}
[1.047858] (px4_msgs) StdoutLine: {'line': b'-- Up-to-date symlink: /root/ws_sensor_combined/install/px4_msgs/include/px4_msgs/px4_msgs/msg/detail/vehicle_local_position__rosidl_typesupport_fastrtps_c.h\n'}
[1.047884] (px4_msgs) StdoutLine: {'line': b'-- Up-to-date symlink: /root/ws_sensor_combined/install/px4_msgs/include/px4_msgs/px4_msgs/msg/detail/vehicle_local_position_setpoint__rosidl_typesupport_fastrtps_c.h\n'}
[1.047908] (px4_msgs) StdoutLine: {'line': b'-- Up-to-date symlink: /root/ws_sensor_combined/install/px4_msgs/include/px4_msgs/px4_msgs/msg/detail/vehicle_magnetometer__rosidl_typesupport_fastrtps_c.h\n'}
[1.047932] (px4_msgs) StdoutLine: {'line': b'-- Up-to-date symlink: /root/ws_sensor_combined/install/px4_msgs/include/px4_msgs/px4_msgs/msg/detail/vehicle_odometry__rosidl_typesupport_fastrtps_c.h\n'}
[1.047956] (px4_msgs) StdoutLine: {'line': b'-- Up-to-date symlink: /root/ws_sensor_combined/install/px4_msgs/include/px4_msgs/px4_msgs/msg/detail/vehicle_optical_flow__rosidl_typesupport_fastrtps_c.h\n'}
[1.047981] (px4_msgs) StdoutLine: {'line': b'-- Up-to-date symlink: /root/ws_sensor_combined/install/px4_msgs/include/px4_msgs/px4_msgs/msg/detail/vehicle_optical_flow_vel__rosidl_typesupport_fastrtps_c.h\n'}
[1.048004] (px4_msgs) StdoutLine: {'line': b'-- Up-to-date symlink: /root/ws_sensor_combined/install/px4_msgs/include/px4_msgs/px4_msgs/msg/detail/vehicle_rates_setpoint__rosidl_typesupport_fastrtps_c.h\n'}
[1.048026] (px4_msgs) StdoutLine: {'line': b'-- Up-to-date symlink: /root/ws_sensor_combined/install/px4_msgs/include/px4_msgs/px4_msgs/msg/detail/vehicle_roi__rosidl_typesupport_fastrtps_c.h\n'}
[1.048049] (px4_msgs) StdoutLine: {'line': b'-- Up-to-date symlink: /root/ws_sensor_combined/install/px4_msgs/include/px4_msgs/px4_msgs/msg/detail/vehicle_status__rosidl_typesupport_fastrtps_c.h\n'}
[1.048072] (px4_msgs) StdoutLine: {'line': b'-- Up-to-date symlink: /root/ws_sensor_combined/install/px4_msgs/include/px4_msgs/px4_msgs/msg/detail/vehicle_thrust_setpoint__rosidl_typesupport_fastrtps_c.h\n'}
[1.048094] (px4_msgs) StdoutLine: {'line': b'-- Up-to-date symlink: /root/ws_sensor_combined/install/px4_msgs/include/px4_msgs/px4_msgs/msg/detail/vehicle_torque_setpoint__rosidl_typesupport_fastrtps_c.h\n'}
[1.048116] (px4_msgs) StdoutLine: {'line': b'-- Up-to-date symlink: /root/ws_sensor_combined/install/px4_msgs/include/px4_msgs/px4_msgs/msg/detail/velocity_limits__rosidl_typesupport_fastrtps_c.h\n'}
[1.048138] (px4_msgs) StdoutLine: {'line': b'-- Up-to-date symlink: /root/ws_sensor_combined/install/px4_msgs/include/px4_msgs/px4_msgs/msg/detail/vtol_vehicle_status__rosidl_typesupport_fastrtps_c.h\n'}
[1.048161] (px4_msgs) StdoutLine: {'line': b'-- Up-to-date symlink: /root/ws_sensor_combined/install/px4_msgs/include/px4_msgs/px4_msgs/msg/detail/wheel_encoders__rosidl_typesupport_fastrtps_c.h\n'}
[1.048183] (px4_msgs) StdoutLine: {'line': b'-- Up-to-date symlink: /root/ws_sensor_combined/install/px4_msgs/include/px4_msgs/px4_msgs/msg/detail/wind__rosidl_typesupport_fastrtps_c.h\n'}
[1.048204] (px4_msgs) StdoutLine: {'line': b'-- Up-to-date symlink: /root/ws_sensor_combined/install/px4_msgs/include/px4_msgs/px4_msgs/msg/detail/yaw_estimator_status__rosidl_typesupport_fastrtps_c.h\n'}
[1.048225] (px4_msgs) StdoutLine: {'line': b'-- Up-to-date symlink: /root/ws_sensor_combined/install/px4_msgs/include/px4_msgs/px4_msgs/msg/rosidl_typesupport_fastrtps_c__visibility_control.h\n'}
[1.048250] (px4_msgs) StdoutLine: {'line': b'-- Up-to-date symlink: /root/ws_sensor_combined/install/px4_msgs/include/px4_msgs/px4_msgs/srv/detail/vehicle_command__rosidl_typesupport_fastrtps_c.h\n'}
[1.050418] (px4_msgs) StdoutLine: {'line': b'-- Up-to-date symlink: /root/ws_sensor_combined/install/px4_msgs/include/px4_msgs/px4_msgs/msg/action_request.hpp\n'}
[1.050570] (px4_msgs) StdoutLine: {'line': b'-- Up-to-date symlink: /root/ws_sensor_combined/install/px4_msgs/include/px4_msgs/px4_msgs/msg/actuator_armed.hpp\n'}
[1.050663] (px4_msgs) StdoutLine: {'line': b'-- Up-to-date symlink: /root/ws_sensor_combined/install/px4_msgs/include/px4_msgs/px4_msgs/msg/actuator_controls_status.hpp\n'}
[1.050745] (px4_msgs) StdoutLine: {'line': b'-- Up-to-date symlink: /root/ws_sensor_combined/install/px4_msgs/include/px4_msgs/px4_msgs/msg/actuator_motors.hpp\n'}
[1.050888] (px4_msgs) StdoutLine: {'line': b'-- Up-to-date symlink: /root/ws_sensor_combined/install/px4_msgs/include/px4_msgs/px4_msgs/msg/actuator_outputs.hpp\n'}
[1.050925] (px4_msgs) StdoutLine: {'line': b'-- Up-to-date symlink: /root/ws_sensor_combined/install/px4_msgs/include/px4_msgs/px4_msgs/msg/actuator_servos.hpp\n'}
[1.050951] (px4_msgs) StdoutLine: {'line': b'-- Up-to-date symlink: /root/ws_sensor_combined/install/px4_msgs/include/px4_msgs/px4_msgs/msg/actuator_servos_trim.hpp\n'}
[1.051030] (px4_msgs) StdoutLine: {'line': b'-- Up-to-date symlink: /root/ws_sensor_combined/install/px4_msgs/include/px4_msgs/px4_msgs/msg/actuator_test.hpp\n'}
[1.051116] (px4_msgs) StdoutLine: {'line': b'-- Up-to-date symlink: /root/ws_sensor_combined/install/px4_msgs/include/px4_msgs/px4_msgs/msg/adc_report.hpp\n'}
[1.051204] (px4_msgs) StdoutLine: {'line': b'-- Up-to-date symlink: /root/ws_sensor_combined/install/px4_msgs/include/px4_msgs/px4_msgs/msg/airspeed.hpp\n'}
[1.051289] (px4_msgs) StdoutLine: {'line': b'-- Up-to-date symlink: /root/ws_sensor_combined/install/px4_msgs/include/px4_msgs/px4_msgs/msg/airspeed_validated.hpp\n'}
[1.051370] (px4_msgs) StdoutLine: {'line': b'-- Up-to-date symlink: /root/ws_sensor_combined/install/px4_msgs/include/px4_msgs/px4_msgs/msg/airspeed_wind.hpp\n'}
[1.051402] (px4_msgs) StdoutLine: {'line': b'-- Up-to-date symlink: /root/ws_sensor_combined/install/px4_msgs/include/px4_msgs/px4_msgs/msg/arming_check_reply.hpp\n'}
[1.051428] (px4_msgs) StdoutLine: {'line': b'-- Up-to-date symlink: /root/ws_sensor_combined/install/px4_msgs/include/px4_msgs/px4_msgs/msg/arming_check_request.hpp\n'}
[1.051525] (px4_msgs) StdoutLine: {'line': b'-- Up-to-date symlink: /root/ws_sensor_combined/install/px4_msgs/include/px4_msgs/px4_msgs/msg/autotune_attitude_control_status.hpp\n'}
[1.051609] (px4_msgs) StdoutLine: {'line': b'-- Up-to-date symlink: /root/ws_sensor_combined/install/px4_msgs/include/px4_msgs/px4_msgs/msg/battery_info.hpp\n'}
[1.051694] (px4_msgs) StdoutLine: {'line': b'-- Up-to-date symlink: /root/ws_sensor_combined/install/px4_msgs/include/px4_msgs/px4_msgs/msg/battery_status.hpp\n'}
[1.051748] (px4_msgs) StdoutLine: {'line': b'-- Up-to-date symlink: /root/ws_sensor_combined/install/px4_msgs/include/px4_msgs/px4_msgs/msg/button_event.hpp\n'}
[1.051782] (px4_msgs) StdoutLine: {'line': b'-- Up-to-date symlink: /root/ws_sensor_combined/install/px4_msgs/include/px4_msgs/px4_msgs/msg/camera_capture.hpp\n'}
[1.051987] (px4_msgs) StdoutLine: {'line': b'-- Up-to-date symlink: /root/ws_sensor_combined/install/px4_msgs/include/px4_msgs/px4_msgs/msg/camera_status.hpp\n'}
[1.052364] (px4_msgs) StdoutLine: {'line': b'-- Up-to-date symlink: /root/ws_sensor_combined/install/px4_msgs/include/px4_msgs/px4_msgs/msg/camera_trigger.hpp\n'}
[1.052425] (px4_msgs) StdoutLine: {'line': b'-- Up-to-date symlink: /root/ws_sensor_combined/install/px4_msgs/include/px4_msgs/px4_msgs/msg/can_interface_status.hpp\n'}
[1.052606] (px4_msgs) StdoutLine: {'line': b'-- Up-to-date symlink: /root/ws_sensor_combined/install/px4_msgs/include/px4_msgs/px4_msgs/msg/cellular_status.hpp\n'}
[1.052644] (px4_msgs) StdoutLine: {'line': b'-- Up-to-date symlink: /root/ws_sensor_combined/install/px4_msgs/include/px4_msgs/px4_msgs/msg/collision_constraints.hpp\n'}
[1.052676] (px4_msgs) StdoutLine: {'line': b'-- Up-to-date symlink: /root/ws_sensor_combined/install/px4_msgs/include/px4_msgs/px4_msgs/msg/config_overrides.hpp\n'}
[1.052777] (px4_msgs) StdoutLine: {'line': b'-- Up-to-date symlink: /root/ws_sensor_combined/install/px4_msgs/include/px4_msgs/px4_msgs/msg/control_allocator_status.hpp\n'}
[1.052809] (px4_msgs) StdoutLine: {'line': b'-- Up-to-date symlink: /root/ws_sensor_combined/install/px4_msgs/include/px4_msgs/px4_msgs/msg/cpuload.hpp\n'}
[1.052835] (px4_msgs) StdoutLine: {'line': b'-- Up-to-date symlink: /root/ws_sensor_combined/install/px4_msgs/include/px4_msgs/px4_msgs/msg/dataman_request.hpp\n'}
[1.052861] (px4_msgs) StdoutLine: {'line': b'-- Up-to-date symlink: /root/ws_sensor_combined/install/px4_msgs/include/px4_msgs/px4_msgs/msg/dataman_response.hpp\n'}
[1.052885] (px4_msgs) StdoutLine: {'line': b'-- Up-to-date symlink: /root/ws_sensor_combined/install/px4_msgs/include/px4_msgs/px4_msgs/msg/debug_array.hpp\n'}
[1.053004] (px4_msgs) StdoutLine: {'line': b'-- Up-to-date symlink: /root/ws_sensor_combined/install/px4_msgs/include/px4_msgs/px4_msgs/msg/debug_key_value.hpp\n'}
[1.053232] (px4_msgs) StdoutLine: {'line': b'-- Up-to-date symlink: /root/ws_sensor_combined/install/px4_msgs/include/px4_msgs/px4_msgs/msg/debug_value.hpp\n'}
[1.053453] (px4_msgs) StdoutLine: {'line': b'-- Up-to-date symlink: /root/ws_sensor_combined/install/px4_msgs/include/px4_msgs/px4_msgs/msg/debug_vect.hpp\n'}
[1.053623] (px4_msgs) StdoutLine: {'line': b'-- Up-to-date symlink: /root/ws_sensor_combined/install/px4_msgs/include/px4_msgs/px4_msgs/msg/detail/action_request__builder.hpp\n'}
[1.053707] (px4_msgs) StdoutLine: {'line': b'-- Up-to-date symlink: /root/ws_sensor_combined/install/px4_msgs/include/px4_msgs/px4_msgs/msg/detail/action_request__struct.hpp\n'}
[1.053764] (px4_msgs) StdoutLine: {'line': b'-- Up-to-date symlink: /root/ws_sensor_combined/install/px4_msgs/include/px4_msgs/px4_msgs/msg/detail/action_request__traits.hpp\n'}
[1.053947] (px4_msgs) StdoutLine: {'line': b'-- Up-to-date symlink: /root/ws_sensor_combined/install/px4_msgs/include/px4_msgs/px4_msgs/msg/detail/action_request__type_support.hpp\n'}
[1.054014] (px4_msgs) StdoutLine: {'line': b'-- Up-to-date symlink: /root/ws_sensor_combined/install/px4_msgs/include/px4_msgs/px4_msgs/msg/detail/actuator_armed__builder.hpp\n'}
[1.054089] (px4_msgs) StdoutLine: {'line': b'-- Up-to-date symlink: /root/ws_sensor_combined/install/px4_msgs/include/px4_msgs/px4_msgs/msg/detail/actuator_armed__struct.hpp\n'}
[1.054170] (px4_msgs) StdoutLine: {'line': b'-- Up-to-date symlink: /root/ws_sensor_combined/install/px4_msgs/include/px4_msgs/px4_msgs/msg/detail/actuator_armed__traits.hpp\n'}
[1.054319] (px4_msgs) StdoutLine: {'line': b'-- Up-to-date symlink: /root/ws_sensor_combined/install/px4_msgs/include/px4_msgs/px4_msgs/msg/detail/actuator_armed__type_support.hpp\n'}
[1.054355] (px4_msgs) StdoutLine: {'line': b'-- Up-to-date symlink: /root/ws_sensor_combined/install/px4_msgs/include/px4_msgs/px4_msgs/msg/detail/actuator_controls_status__builder.hpp\n'}
[1.054426] (px4_msgs) StdoutLine: {'line': b'-- Up-to-date symlink: /root/ws_sensor_combined/install/px4_msgs/include/px4_msgs/px4_msgs/msg/detail/actuator_controls_status__struct.hpp\n'}
[1.054506] (px4_msgs) StdoutLine: {'line': b'-- Up-to-date symlink: /root/ws_sensor_combined/install/px4_msgs/include/px4_msgs/px4_msgs/msg/detail/actuator_controls_status__traits.hpp\n'}
[1.054588] (px4_msgs) StdoutLine: {'line': b'-- Up-to-date symlink: /root/ws_sensor_combined/install/px4_msgs/include/px4_msgs/px4_msgs/msg/detail/actuator_controls_status__type_support.hpp\n'}
[1.054669] (px4_msgs) StdoutLine: {'line': b'-- Up-to-date symlink: /root/ws_sensor_combined/install/px4_msgs/include/px4_msgs/px4_msgs/msg/detail/actuator_motors__builder.hpp\n'}
[1.054750] (px4_msgs) StdoutLine: {'line': b'-- Up-to-date symlink: /root/ws_sensor_combined/install/px4_msgs/include/px4_msgs/px4_msgs/msg/detail/actuator_motors__struct.hpp\n'}
[1.054830] (px4_msgs) StdoutLine: {'line': b'-- Up-to-date symlink: /root/ws_sensor_combined/install/px4_msgs/include/px4_msgs/px4_msgs/msg/detail/actuator_motors__traits.hpp\n'}
[1.054911] (px4_msgs) StdoutLine: {'line': b'-- Up-to-date symlink: /root/ws_sensor_combined/install/px4_msgs/include/px4_msgs/px4_msgs/msg/detail/actuator_motors__type_support.hpp\n'}
[1.055067] (px4_msgs) StdoutLine: {'line': b'-- Up-to-date symlink: /root/ws_sensor_combined/install/px4_msgs/include/px4_msgs/px4_msgs/msg/detail/actuator_outputs__builder.hpp\n'}
[1.055106] (px4_msgs) StdoutLine: {'line': b'-- Up-to-date symlink: /root/ws_sensor_combined/install/px4_msgs/include/px4_msgs/px4_msgs/msg/detail/actuator_outputs__struct.hpp\n'}
[1.055174] (px4_msgs) StdoutLine: {'line': b'-- Up-to-date symlink: /root/ws_sensor_combined/install/px4_msgs/include/px4_msgs/px4_msgs/msg/detail/actuator_outputs__traits.hpp\n'}
[1.055255] (px4_msgs) StdoutLine: {'line': b'-- Up-to-date symlink: /root/ws_sensor_combined/install/px4_msgs/include/px4_msgs/px4_msgs/msg/detail/actuator_outputs__type_support.hpp\n'}
[1.055335] (px4_msgs) StdoutLine: {'line': b'-- Up-to-date symlink: /root/ws_sensor_combined/install/px4_msgs/include/px4_msgs/px4_msgs/msg/detail/actuator_servos__builder.hpp\n'}
[1.055416] (px4_msgs) StdoutLine: {'line': b'-- Up-to-date symlink: /root/ws_sensor_combined/install/px4_msgs/include/px4_msgs/px4_msgs/msg/detail/actuator_servos__struct.hpp\n'}
[1.055496] (px4_msgs) StdoutLine: {'line': b'-- Up-to-date symlink: /root/ws_sensor_combined/install/px4_msgs/include/px4_msgs/px4_msgs/msg/detail/actuator_servos__traits.hpp\n'}
[1.055580] (px4_msgs) StdoutLine: {'line': b'-- Up-to-date symlink: /root/ws_sensor_combined/install/px4_msgs/include/px4_msgs/px4_msgs/msg/detail/actuator_servos__type_support.hpp\n'}
[1.055712] (px4_msgs) StdoutLine: {'line': b'-- Up-to-date symlink: /root/ws_sensor_combined/install/px4_msgs/include/px4_msgs/px4_msgs/msg/detail/actuator_servos_trim__builder.hpp\n'}
[1.055746] (px4_msgs) StdoutLine: {'line': b'-- Up-to-date symlink: /root/ws_sensor_combined/install/px4_msgs/include/px4_msgs/px4_msgs/msg/detail/actuator_servos_trim__struct.hpp\n'}
[1.055858] (px4_msgs) StdoutLine: {'line': b'-- Up-to-date symlink: /root/ws_sensor_combined/install/px4_msgs/include/px4_msgs/px4_msgs/msg/detail/actuator_servos_trim__traits.hpp\n'}
[1.055993] (px4_msgs) StdoutLine: {'line': b'-- Up-to-date symlink: /root/ws_sensor_combined/install/px4_msgs/include/px4_msgs/px4_msgs/msg/detail/actuator_servos_trim__type_support.hpp\n'}
[1.056092] (px4_msgs) StdoutLine: {'line': b'-- Up-to-date symlink: /root/ws_sensor_combined/install/px4_msgs/include/px4_msgs/px4_msgs/msg/detail/actuator_test__builder.hpp\n'}
[1.056175] (px4_msgs) StdoutLine: {'line': b'-- Up-to-date symlink: /root/ws_sensor_combined/install/px4_msgs/include/px4_msgs/px4_msgs/msg/detail/actuator_test__struct.hpp\n'}
[1.056255] (px4_msgs) StdoutLine: {'line': b'-- Up-to-date symlink: /root/ws_sensor_combined/install/px4_msgs/include/px4_msgs/px4_msgs/msg/detail/actuator_test__traits.hpp\n'}
[1.056336] (px4_msgs) StdoutLine: {'line': b'-- Up-to-date symlink: /root/ws_sensor_combined/install/px4_msgs/include/px4_msgs/px4_msgs/msg/detail/actuator_test__type_support.hpp\n'}
[1.056416] (px4_msgs) StdoutLine: {'line': b'-- Up-to-date symlink: /root/ws_sensor_combined/install/px4_msgs/include/px4_msgs/px4_msgs/msg/detail/adc_report__builder.hpp\n'}
[1.056495] (px4_msgs) StdoutLine: {'line': b'-- Up-to-date symlink: /root/ws_sensor_combined/install/px4_msgs/include/px4_msgs/px4_msgs/msg/detail/adc_report__struct.hpp\n'}
[1.056624] (px4_msgs) StdoutLine: {'line': b'-- Up-to-date symlink: /root/ws_sensor_combined/install/px4_msgs/include/px4_msgs/px4_msgs/msg/detail/adc_report__traits.hpp\n'}
[1.056655] (px4_msgs) StdoutLine: {'line': b'-- Up-to-date symlink: /root/ws_sensor_combined/install/px4_msgs/include/px4_msgs/px4_msgs/msg/detail/adc_report__type_support.hpp\n'}
[1.056682] (px4_msgs) StdoutLine: {'line': b'-- Up-to-date symlink: /root/ws_sensor_combined/install/px4_msgs/include/px4_msgs/px4_msgs/msg/detail/airspeed__builder.hpp\n'}
[1.056706] (px4_msgs) StdoutLine: {'line': b'-- Up-to-date symlink: /root/ws_sensor_combined/install/px4_msgs/include/px4_msgs/px4_msgs/msg/detail/airspeed__struct.hpp\n'}
[1.056730] (px4_msgs) StdoutLine: {'line': b'-- Up-to-date symlink: /root/ws_sensor_combined/install/px4_msgs/include/px4_msgs/px4_msgs/msg/detail/airspeed__traits.hpp\n'}
[1.056857] (px4_msgs) StdoutLine: {'line': b'-- Up-to-date symlink: /root/ws_sensor_combined/install/px4_msgs/include/px4_msgs/px4_msgs/msg/detail/airspeed__type_support.hpp\n'}
[1.056944] (px4_msgs) StdoutLine: {'line': b'-- Up-to-date symlink: /root/ws_sensor_combined/install/px4_msgs/include/px4_msgs/px4_msgs/msg/detail/airspeed_validated__builder.hpp\n'}
[1.056977] (px4_msgs) StdoutLine: {'line': b'-- Up-to-date symlink: /root/ws_sensor_combined/install/px4_msgs/include/px4_msgs/px4_msgs/msg/detail/airspeed_validated__struct.hpp\n'}
[1.057007] (px4_msgs) StdoutLine: {'line': b'-- Up-to-date symlink: /root/ws_sensor_combined/install/px4_msgs/include/px4_msgs/px4_msgs/msg/detail/airspeed_validated__traits.hpp\n'}
[1.057125] (px4_msgs) StdoutLine: {'line': b'-- Up-to-date symlink: /root/ws_sensor_combined/install/px4_msgs/include/px4_msgs/px4_msgs/msg/detail/airspeed_validated__type_support.hpp\n'}
[1.057253] (px4_msgs) StdoutLine: {'line': b'-- Up-to-date symlink: /root/ws_sensor_combined/install/px4_msgs/include/px4_msgs/px4_msgs/msg/detail/airspeed_wind__builder.hpp\n'}
[1.057306] (px4_msgs) StdoutLine: {'line': b'-- Up-to-date symlink: /root/ws_sensor_combined/install/px4_msgs/include/px4_msgs/px4_msgs/msg/detail/airspeed_wind__struct.hpp\n'}
[1.057425] (px4_msgs) StdoutLine: {'line': b'-- Up-to-date symlink: /root/ws_sensor_combined/install/px4_msgs/include/px4_msgs/px4_msgs/msg/detail/airspeed_wind__traits.hpp\n'}
[1.057457] (px4_msgs) StdoutLine: {'line': b'-- Up-to-date symlink: /root/ws_sensor_combined/install/px4_msgs/include/px4_msgs/px4_msgs/msg/detail/airspeed_wind__type_support.hpp\n'}
[1.057633] (px4_msgs) StdoutLine: {'line': b'-- Up-to-date symlink: /root/ws_sensor_combined/install/px4_msgs/include/px4_msgs/px4_msgs/msg/detail/arming_check_reply__builder.hpp\n'}
[1.057724] (px4_msgs) StdoutLine: {'line': b'-- Up-to-date symlink: /root/ws_sensor_combined/install/px4_msgs/include/px4_msgs/px4_msgs/msg/detail/arming_check_reply__struct.hpp\n'}
[1.057759] (px4_msgs) StdoutLine: {'line': b'-- Up-to-date symlink: /root/ws_sensor_combined/install/px4_msgs/include/px4_msgs/px4_msgs/msg/detail/arming_check_reply__traits.hpp\n'}
[1.057786] (px4_msgs) StdoutLine: {'line': b'-- Up-to-date symlink: /root/ws_sensor_combined/install/px4_msgs/include/px4_msgs/px4_msgs/msg/detail/arming_check_reply__type_support.hpp\n'}
[1.057842] (px4_msgs) StdoutLine: {'line': b'-- Up-to-date symlink: /root/ws_sensor_combined/install/px4_msgs/include/px4_msgs/px4_msgs/msg/detail/arming_check_request__builder.hpp\n'}
[1.057959] (px4_msgs) StdoutLine: {'line': b'-- Up-to-date symlink: /root/ws_sensor_combined/install/px4_msgs/include/px4_msgs/px4_msgs/msg/detail/arming_check_request__struct.hpp\n'}
[1.058072] (px4_msgs) StdoutLine: {'line': b'-- Up-to-date symlink: /root/ws_sensor_combined/install/px4_msgs/include/px4_msgs/px4_msgs/msg/detail/arming_check_request__traits.hpp\n'}
[1.058105] (px4_msgs) StdoutLine: {'line': b'-- Up-to-date symlink: /root/ws_sensor_combined/install/px4_msgs/include/px4_msgs/px4_msgs/msg/detail/arming_check_request__type_support.hpp\n'}
[1.058167] (px4_msgs) StdoutLine: {'line': b'-- Up-to-date symlink: /root/ws_sensor_combined/install/px4_msgs/include/px4_msgs/px4_msgs/msg/detail/autotune_attitude_control_status__builder.hpp\n'}
[1.058216] (px4_msgs) StdoutLine: {'line': b'-- Up-to-date symlink: /root/ws_sensor_combined/install/px4_msgs/include/px4_msgs/px4_msgs/msg/detail/autotune_attitude_control_status__struct.hpp\n'}
[1.058296] (px4_msgs) StdoutLine: {'line': b'-- Up-to-date symlink: /root/ws_sensor_combined/install/px4_msgs/include/px4_msgs/px4_msgs/msg/detail/autotune_attitude_control_status__traits.hpp\n'}
[1.058388] (px4_msgs) StdoutLine: {'line': b'-- Up-to-date symlink: /root/ws_sensor_combined/install/px4_msgs/include/px4_msgs/px4_msgs/msg/detail/autotune_attitude_control_status__type_support.hpp\n'}
[1.058462] (px4_msgs) StdoutLine: {'line': b'-- Up-to-date symlink: /root/ws_sensor_combined/install/px4_msgs/include/px4_msgs/px4_msgs/msg/detail/battery_info__builder.hpp\n'}
[1.058554] (px4_msgs) StdoutLine: {'line': b'-- Up-to-date symlink: /root/ws_sensor_combined/install/px4_msgs/include/px4_msgs/px4_msgs/msg/detail/battery_info__struct.hpp\n'}
[1.058645] (px4_msgs) StdoutLine: {'line': b'-- Up-to-date symlink: /root/ws_sensor_combined/install/px4_msgs/include/px4_msgs/px4_msgs/msg/detail/battery_info__traits.hpp\n'}
[1.058732] (px4_msgs) StdoutLine: {'line': b'-- Up-to-date symlink: /root/ws_sensor_combined/install/px4_msgs/include/px4_msgs/px4_msgs/msg/detail/battery_info__type_support.hpp\n'}
[1.058821] (px4_msgs) StdoutLine: {'line': b'-- Up-to-date symlink: /root/ws_sensor_combined/install/px4_msgs/include/px4_msgs/px4_msgs/msg/detail/battery_status__builder.hpp\n'}
[1.059040] (px4_msgs) StdoutLine: {'line': b'-- Up-to-date symlink: /root/ws_sensor_combined/install/px4_msgs/include/px4_msgs/px4_msgs/msg/detail/battery_status__struct.hpp\n'}
[1.059137] (px4_msgs) StdoutLine: {'line': b'-- Up-to-date symlink: /root/ws_sensor_combined/install/px4_msgs/include/px4_msgs/px4_msgs/msg/detail/battery_status__traits.hpp\n'}
[1.059219] (px4_msgs) StdoutLine: {'line': b'-- Up-to-date symlink: /root/ws_sensor_combined/install/px4_msgs/include/px4_msgs/px4_msgs/msg/detail/battery_status__type_support.hpp\n'}
[1.059302] (px4_msgs) StdoutLine: {'line': b'-- Up-to-date symlink: /root/ws_sensor_combined/install/px4_msgs/include/px4_msgs/px4_msgs/msg/detail/button_event__builder.hpp\n'}
[1.059381] (px4_msgs) StdoutLine: {'line': b'-- Up-to-date symlink: /root/ws_sensor_combined/install/px4_msgs/include/px4_msgs/px4_msgs/msg/detail/button_event__struct.hpp\n'}
[1.059511] (px4_msgs) StdoutLine: {'line': b'-- Up-to-date symlink: /root/ws_sensor_combined/install/px4_msgs/include/px4_msgs/px4_msgs/msg/detail/button_event__traits.hpp\n'}
[1.059594] (px4_msgs) StdoutLine: {'line': b'-- Up-to-date symlink: /root/ws_sensor_combined/install/px4_msgs/include/px4_msgs/px4_msgs/msg/detail/button_event__type_support.hpp\n'}
[1.059882] (px4_msgs) StdoutLine: {'line': b'-- Up-to-date symlink: /root/ws_sensor_combined/install/px4_msgs/include/px4_msgs/px4_msgs/msg/detail/camera_capture__builder.hpp\n'}
[1.059937] (px4_msgs) StdoutLine: {'line': b'-- Up-to-date symlink: /root/ws_sensor_combined/install/px4_msgs/include/px4_msgs/px4_msgs/msg/detail/camera_capture__struct.hpp\n'}
[1.060050] (px4_msgs) StdoutLine: {'line': b'-- Up-to-date symlink: /root/ws_sensor_combined/install/px4_msgs/include/px4_msgs/px4_msgs/msg/detail/camera_capture__traits.hpp\n'}
[1.060143] (px4_msgs) StdoutLine: {'line': b'-- Up-to-date symlink: /root/ws_sensor_combined/install/px4_msgs/include/px4_msgs/px4_msgs/msg/detail/camera_capture__type_support.hpp\n'}
[1.060227] (px4_msgs) StdoutLine: {'line': b'-- Up-to-date symlink: /root/ws_sensor_combined/install/px4_msgs/include/px4_msgs/px4_msgs/msg/detail/camera_status__builder.hpp\n'}
[1.060316] (px4_msgs) StdoutLine: {'line': b'-- Up-to-date symlink: /root/ws_sensor_combined/install/px4_msgs/include/px4_msgs/px4_msgs/msg/detail/camera_status__struct.hpp\n'}
[1.060398] (px4_msgs) StdoutLine: {'line': b'-- Up-to-date symlink: /root/ws_sensor_combined/install/px4_msgs/include/px4_msgs/px4_msgs/msg/detail/camera_status__traits.hpp\n'}
[1.060471] (px4_msgs) StdoutLine: {'line': b'-- Up-to-date symlink: /root/ws_sensor_combined/install/px4_msgs/include/px4_msgs/px4_msgs/msg/detail/camera_status__type_support.hpp\n'}
[1.060544] (px4_msgs) StdoutLine: {'line': b'-- Up-to-date symlink: /root/ws_sensor_combined/install/px4_msgs/include/px4_msgs/px4_msgs/msg/detail/camera_trigger__builder.hpp\n'}
[1.060627] (px4_msgs) StdoutLine: {'line': b'-- Up-to-date symlink: /root/ws_sensor_combined/install/px4_msgs/include/px4_msgs/px4_msgs/msg/detail/camera_trigger__struct.hpp\n'}
[1.060708] (px4_msgs) StdoutLine: {'line': b'-- Up-to-date symlink: /root/ws_sensor_combined/install/px4_msgs/include/px4_msgs/px4_msgs/msg/detail/camera_trigger__traits.hpp\n'}
[1.060790] (px4_msgs) StdoutLine: {'line': b'-- Up-to-date symlink: /root/ws_sensor_combined/install/px4_msgs/include/px4_msgs/px4_msgs/msg/detail/camera_trigger__type_support.hpp\n'}
[1.060871] (px4_msgs) StdoutLine: {'line': b'-- Up-to-date symlink: /root/ws_sensor_combined/install/px4_msgs/include/px4_msgs/px4_msgs/msg/detail/can_interface_status__builder.hpp\n'}
[1.060953] (px4_msgs) StdoutLine: {'line': b'-- Up-to-date symlink: /root/ws_sensor_combined/install/px4_msgs/include/px4_msgs/px4_msgs/msg/detail/can_interface_status__struct.hpp\n'}
[1.061037] (px4_msgs) StdoutLine: {'line': b'-- Up-to-date symlink: /root/ws_sensor_combined/install/px4_msgs/include/px4_msgs/px4_msgs/msg/detail/can_interface_status__traits.hpp\n'}
[1.061119] (px4_msgs) StdoutLine: {'line': b'-- Up-to-date symlink: /root/ws_sensor_combined/install/px4_msgs/include/px4_msgs/px4_msgs/msg/detail/can_interface_status__type_support.hpp\n'}
[1.061200] (px4_msgs) StdoutLine: {'line': b'-- Up-to-date symlink: /root/ws_sensor_combined/install/px4_msgs/include/px4_msgs/px4_msgs/msg/detail/cellular_status__builder.hpp\n'}
[1.061279] (px4_msgs) StdoutLine: {'line': b'-- Up-to-date symlink: /root/ws_sensor_combined/install/px4_msgs/include/px4_msgs/px4_msgs/msg/detail/cellular_status__struct.hpp\n'}
[1.061360] (px4_msgs) StdoutLine: {'line': b'-- Up-to-date symlink: /root/ws_sensor_combined/install/px4_msgs/include/px4_msgs/px4_msgs/msg/detail/cellular_status__traits.hpp\n'}
[1.061521] (px4_msgs) StdoutLine: {'line': b'-- Up-to-date symlink: /root/ws_sensor_combined/install/px4_msgs/include/px4_msgs/px4_msgs/msg/detail/cellular_status__type_support.hpp\n'}
[1.061552] (px4_msgs) StdoutLine: {'line': b'-- Up-to-date symlink: /root/ws_sensor_combined/install/px4_msgs/include/px4_msgs/px4_msgs/msg/detail/collision_constraints__builder.hpp\n'}
[1.061623] (px4_msgs) StdoutLine: {'line': b'-- Up-to-date symlink: /root/ws_sensor_combined/install/px4_msgs/include/px4_msgs/px4_msgs/msg/detail/collision_constraints__struct.hpp\n'}
[1.061697] (px4_msgs) StdoutLine: {'line': b'-- Up-to-date symlink: /root/ws_sensor_combined/install/px4_msgs/include/px4_msgs/px4_msgs/msg/detail/collision_constraints__traits.hpp\n'}
[1.061780] (px4_msgs) StdoutLine: {'line': b'-- Up-to-date symlink: /root/ws_sensor_combined/install/px4_msgs/include/px4_msgs/px4_msgs/msg/detail/collision_constraints__type_support.hpp\n'}
[1.061865] (px4_msgs) StdoutLine: {'line': b'-- Up-to-date symlink: /root/ws_sensor_combined/install/px4_msgs/include/px4_msgs/px4_msgs/msg/detail/config_overrides__builder.hpp\n'}
[1.061946] (px4_msgs) StdoutLine: {'line': b'-- Up-to-date symlink: /root/ws_sensor_combined/install/px4_msgs/include/px4_msgs/px4_msgs/msg/detail/config_overrides__struct.hpp\n'}
[1.062029] (px4_msgs) StdoutLine: {'line': b'-- Up-to-date symlink: /root/ws_sensor_combined/install/px4_msgs/include/px4_msgs/px4_msgs/msg/detail/config_overrides__traits.hpp\n'}
[1.062110] (px4_msgs) StdoutLine: {'line': b'-- Up-to-date symlink: /root/ws_sensor_combined/install/px4_msgs/include/px4_msgs/px4_msgs/msg/detail/config_overrides__type_support.hpp\n'}
[1.062192] (px4_msgs) StdoutLine: {'line': b'-- Up-to-date symlink: /root/ws_sensor_combined/install/px4_msgs/include/px4_msgs/px4_msgs/msg/detail/control_allocator_status__builder.hpp\n'}
[1.062274] (px4_msgs) StdoutLine: {'line': b'-- Up-to-date symlink: /root/ws_sensor_combined/install/px4_msgs/include/px4_msgs/px4_msgs/msg/detail/control_allocator_status__struct.hpp\n'}
[1.062357] (px4_msgs) StdoutLine: {'line': b'-- Up-to-date symlink: /root/ws_sensor_combined/install/px4_msgs/include/px4_msgs/px4_msgs/msg/detail/control_allocator_status__traits.hpp\n'}
[1.062438] (px4_msgs) StdoutLine: {'line': b'-- Up-to-date symlink: /root/ws_sensor_combined/install/px4_msgs/include/px4_msgs/px4_msgs/msg/detail/control_allocator_status__type_support.hpp\n'}
[1.062519] (px4_msgs) StdoutLine: {'line': b'-- Up-to-date symlink: /root/ws_sensor_combined/install/px4_msgs/include/px4_msgs/px4_msgs/msg/detail/cpuload__builder.hpp\n'}
[1.062599] (px4_msgs) StdoutLine: {'line': b'-- Up-to-date symlink: /root/ws_sensor_combined/install/px4_msgs/include/px4_msgs/px4_msgs/msg/detail/cpuload__struct.hpp\n'}
[1.062681] (px4_msgs) StdoutLine: {'line': b'-- Up-to-date symlink: /root/ws_sensor_combined/install/px4_msgs/include/px4_msgs/px4_msgs/msg/detail/cpuload__traits.hpp\n'}
[1.062763] (px4_msgs) StdoutLine: {'line': b'-- Up-to-date symlink: /root/ws_sensor_combined/install/px4_msgs/include/px4_msgs/px4_msgs/msg/detail/cpuload__type_support.hpp\n'}
[1.062845] (px4_msgs) StdoutLine: {'line': b'-- Up-to-date symlink: /root/ws_sensor_combined/install/px4_msgs/include/px4_msgs/px4_msgs/msg/detail/dataman_request__builder.hpp\n'}
[1.062926] (px4_msgs) StdoutLine: {'line': b'-- Up-to-date symlink: /root/ws_sensor_combined/install/px4_msgs/include/px4_msgs/px4_msgs/msg/detail/dataman_request__struct.hpp\n'}
[1.063008] (px4_msgs) StdoutLine: {'line': b'-- Up-to-date symlink: /root/ws_sensor_combined/install/px4_msgs/include/px4_msgs/px4_msgs/msg/detail/dataman_request__traits.hpp\n'}
[1.063055] (px4_msgs) StdoutLine: {'line': b'-- Up-to-date symlink: /root/ws_sensor_combined/install/px4_msgs/include/px4_msgs/px4_msgs/msg/detail/dataman_request__type_support.hpp\n'}
[1.063236] (px4_msgs) StdoutLine: {'line': b'-- Up-to-date symlink: /root/ws_sensor_combined/install/px4_msgs/include/px4_msgs/px4_msgs/msg/detail/dataman_response__builder.hpp\n'}
[1.063388] (px4_msgs) StdoutLine: {'line': b'-- Up-to-date symlink: /root/ws_sensor_combined/install/px4_msgs/include/px4_msgs/px4_msgs/msg/detail/dataman_response__struct.hpp\n'}
[1.063472] (px4_msgs) StdoutLine: {'line': b'-- Up-to-date symlink: /root/ws_sensor_combined/install/px4_msgs/include/px4_msgs/px4_msgs/msg/detail/dataman_response__traits.hpp\n'}
[1.063553] (px4_msgs) StdoutLine: {'line': b'-- Up-to-date symlink: /root/ws_sensor_combined/install/px4_msgs/include/px4_msgs/px4_msgs/msg/detail/dataman_response__type_support.hpp\n'}
[1.063625] (px4_msgs) StdoutLine: {'line': b'-- Up-to-date symlink: /root/ws_sensor_combined/install/px4_msgs/include/px4_msgs/px4_msgs/msg/detail/debug_array__builder.hpp\n'}
[1.063696] (px4_msgs) StdoutLine: {'line': b'-- Up-to-date symlink: /root/ws_sensor_combined/install/px4_msgs/include/px4_msgs/px4_msgs/msg/detail/debug_array__struct.hpp\n'}
[1.063751] (px4_msgs) StdoutLine: {'line': b'-- Up-to-date symlink: /root/ws_sensor_combined/install/px4_msgs/include/px4_msgs/px4_msgs/msg/detail/debug_array__traits.hpp\n'}
[1.063821] (px4_msgs) StdoutLine: {'line': b'-- Up-to-date symlink: /root/ws_sensor_combined/install/px4_msgs/include/px4_msgs/px4_msgs/msg/detail/debug_array__type_support.hpp\n'}
[1.063873] (px4_msgs) StdoutLine: {'line': b'-- Up-to-date symlink: /root/ws_sensor_combined/install/px4_msgs/include/px4_msgs/px4_msgs/msg/detail/debug_key_value__builder.hpp\n'}
[1.063925] (px4_msgs) StdoutLine: {'line': b'-- Up-to-date symlink: /root/ws_sensor_combined/install/px4_msgs/include/px4_msgs/px4_msgs/msg/detail/debug_key_value__struct.hpp\n'}
[1.063959] (px4_msgs) StdoutLine: {'line': b'-- Up-to-date symlink: /root/ws_sensor_combined/install/px4_msgs/include/px4_msgs/px4_msgs/msg/detail/debug_key_value__traits.hpp\n'}
[1.064043] (px4_msgs) StdoutLine: {'line': b'-- Up-to-date symlink: /root/ws_sensor_combined/install/px4_msgs/include/px4_msgs/px4_msgs/msg/detail/debug_key_value__type_support.hpp\n'}
[1.064108] (px4_msgs) StdoutLine: {'line': b'-- Up-to-date symlink: /root/ws_sensor_combined/install/px4_msgs/include/px4_msgs/px4_msgs/msg/detail/debug_value__builder.hpp\n'}
[1.064159] (px4_msgs) StdoutLine: {'line': b'-- Up-to-date symlink: /root/ws_sensor_combined/install/px4_msgs/include/px4_msgs/px4_msgs/msg/detail/debug_value__struct.hpp\n'}
[1.064190] (px4_msgs) StdoutLine: {'line': b'-- Up-to-date symlink: /root/ws_sensor_combined/install/px4_msgs/include/px4_msgs/px4_msgs/msg/detail/debug_value__traits.hpp\n'}
[1.064265] (px4_msgs) StdoutLine: {'line': b'-- Up-to-date symlink: /root/ws_sensor_combined/install/px4_msgs/include/px4_msgs/px4_msgs/msg/detail/debug_value__type_support.hpp\n'}
[1.064489] (px4_msgs) StdoutLine: {'line': b'-- Up-to-date symlink: /root/ws_sensor_combined/install/px4_msgs/include/px4_msgs/px4_msgs/msg/detail/debug_vect__builder.hpp\n'}
[1.064662] (px4_msgs) StdoutLine: {'line': b'-- Up-to-date symlink: /root/ws_sensor_combined/install/px4_msgs/include/px4_msgs/px4_msgs/msg/detail/debug_vect__struct.hpp\n'}
[1.064701] (px4_msgs) StdoutLine: {'line': b'-- Up-to-date symlink: /root/ws_sensor_combined/install/px4_msgs/include/px4_msgs/px4_msgs/msg/detail/debug_vect__traits.hpp\n'}
[1.064752] (px4_msgs) StdoutLine: {'line': b'-- Up-to-date symlink: /root/ws_sensor_combined/install/px4_msgs/include/px4_msgs/px4_msgs/msg/detail/debug_vect__type_support.hpp\n'}
[1.064899] (px4_msgs) StdoutLine: {'line': b'-- Up-to-date symlink: /root/ws_sensor_combined/install/px4_msgs/include/px4_msgs/px4_msgs/msg/detail/differential_pressure__builder.hpp\n'}
[1.065127] (px4_msgs) StdoutLine: {'line': b'-- Up-to-date symlink: /root/ws_sensor_combined/install/px4_msgs/include/px4_msgs/px4_msgs/msg/detail/differential_pressure__struct.hpp\n'}
[1.065228] (px4_msgs) StdoutLine: {'line': b'-- Up-to-date symlink: /root/ws_sensor_combined/install/px4_msgs/include/px4_msgs/px4_msgs/msg/detail/differential_pressure__traits.hpp\n'}
[1.065329] (px4_msgs) StdoutLine: {'line': b'-- Up-to-date symlink: /root/ws_sensor_combined/install/px4_msgs/include/px4_msgs/px4_msgs/msg/detail/differential_pressure__type_support.hpp\n'}
[1.065617] (px4_msgs) StdoutLine: {'line': b'-- Up-to-date symlink: /root/ws_sensor_combined/install/px4_msgs/include/px4_msgs/px4_msgs/msg/detail/distance_sensor__builder.hpp\n'}
[1.065665] (px4_msgs) StdoutLine: {'line': b'-- Up-to-date symlink: /root/ws_sensor_combined/install/px4_msgs/include/px4_msgs/px4_msgs/msg/detail/distance_sensor__struct.hpp\n'}
[1.065701] (px4_msgs) StdoutLine: {'line': b'-- Up-to-date symlink: /root/ws_sensor_combined/install/px4_msgs/include/px4_msgs/px4_msgs/msg/detail/distance_sensor__traits.hpp\n'}
[1.065791] (px4_msgs) StdoutLine: {'line': b'-- Up-to-date symlink: /root/ws_sensor_combined/install/px4_msgs/include/px4_msgs/px4_msgs/msg/detail/distance_sensor__type_support.hpp\n'}
[1.065887] (px4_msgs) StdoutLine: {'line': b'-- Up-to-date symlink: /root/ws_sensor_combined/install/px4_msgs/include/px4_msgs/px4_msgs/msg/detail/distance_sensor_mode_change_request__builder.hpp\n'}
[1.065939] (px4_msgs) StdoutLine: {'line': b'-- Up-to-date symlink: /root/ws_sensor_combined/install/px4_msgs/include/px4_msgs/px4_msgs/msg/detail/distance_sensor_mode_change_request__struct.hpp\n'}
[1.065990] (px4_msgs) StdoutLine: {'line': b'-- Up-to-date symlink: /root/ws_sensor_combined/install/px4_msgs/include/px4_msgs/px4_msgs/msg/detail/distance_sensor_mode_change_request__traits.hpp\n'}
[1.066054] (px4_msgs) StdoutLine: {'line': b'-- Up-to-date symlink: /root/ws_sensor_combined/install/px4_msgs/include/px4_msgs/px4_msgs/msg/detail/distance_sensor_mode_change_request__type_support.hpp\n'}
[1.066131] (px4_msgs) StdoutLine: {'line': b'-- Up-to-date symlink: /root/ws_sensor_combined/install/px4_msgs/include/px4_msgs/px4_msgs/msg/detail/dronecan_node_status__builder.hpp\n'}
[1.066450] (px4_msgs) StdoutLine: {'line': b'-- Up-to-date symlink: /root/ws_sensor_combined/install/px4_msgs/include/px4_msgs/px4_msgs/msg/detail/dronecan_node_status__struct.hpp\n'}
[1.066682] (px4_msgs) StdoutLine: {'line': b'-- Up-to-date symlink: /root/ws_sensor_combined/install/px4_msgs/include/px4_msgs/px4_msgs/msg/detail/dronecan_node_status__traits.hpp\n'}
[1.066724] (px4_msgs) StdoutLine: {'line': b'-- Up-to-date symlink: /root/ws_sensor_combined/install/px4_msgs/include/px4_msgs/px4_msgs/msg/detail/dronecan_node_status__type_support.hpp\n'}
[1.066751] (px4_msgs) StdoutLine: {'line': b'-- Up-to-date symlink: /root/ws_sensor_combined/install/px4_msgs/include/px4_msgs/px4_msgs/msg/detail/ekf2_timestamps__builder.hpp\n'}
[1.066776] (px4_msgs) StdoutLine: {'line': b'-- Up-to-date symlink: /root/ws_sensor_combined/install/px4_msgs/include/px4_msgs/px4_msgs/msg/detail/ekf2_timestamps__struct.hpp\n'}
[1.066799] (px4_msgs) StdoutLine: {'line': b'-- Up-to-date symlink: /root/ws_sensor_combined/install/px4_msgs/include/px4_msgs/px4_msgs/msg/detail/ekf2_timestamps__traits.hpp\n'}
[1.067000] (px4_msgs) StdoutLine: {'line': b'-- Up-to-date symlink: /root/ws_sensor_combined/install/px4_msgs/include/px4_msgs/px4_msgs/msg/detail/ekf2_timestamps__type_support.hpp\n'}
[1.067060] (px4_msgs) StdoutLine: {'line': b'-- Up-to-date symlink: /root/ws_sensor_combined/install/px4_msgs/include/px4_msgs/px4_msgs/msg/detail/esc_report__builder.hpp\n'}
[1.067089] (px4_msgs) StdoutLine: {'line': b'-- Up-to-date symlink: /root/ws_sensor_combined/install/px4_msgs/include/px4_msgs/px4_msgs/msg/detail/esc_report__struct.hpp\n'}
[1.067226] (px4_msgs) StdoutLine: {'line': b'-- Up-to-date symlink: /root/ws_sensor_combined/install/px4_msgs/include/px4_msgs/px4_msgs/msg/detail/esc_report__traits.hpp\n'}
[1.067412] (px4_msgs) StdoutLine: {'line': b'-- Up-to-date symlink: /root/ws_sensor_combined/install/px4_msgs/include/px4_msgs/px4_msgs/msg/detail/esc_report__type_support.hpp\n'}
[1.067495] (px4_msgs) StdoutLine: {'line': b'-- Up-to-date symlink: /root/ws_sensor_combined/install/px4_msgs/include/px4_msgs/px4_msgs/msg/detail/esc_status__builder.hpp\n'}
[1.067575] (px4_msgs) StdoutLine: {'line': b'-- Up-to-date symlink: /root/ws_sensor_combined/install/px4_msgs/include/px4_msgs/px4_msgs/msg/detail/esc_status__struct.hpp\n'}
[1.067767] (px4_msgs) StdoutLine: {'line': b'-- Up-to-date symlink: /root/ws_sensor_combined/install/px4_msgs/include/px4_msgs/px4_msgs/msg/detail/esc_status__traits.hpp\n'}
[1.067827] (px4_msgs) StdoutLine: {'line': b'-- Up-to-date symlink: /root/ws_sensor_combined/install/px4_msgs/include/px4_msgs/px4_msgs/msg/detail/esc_status__type_support.hpp\n'}
[1.067864] (px4_msgs) StdoutLine: {'line': b'-- Up-to-date symlink: /root/ws_sensor_combined/install/px4_msgs/include/px4_msgs/px4_msgs/msg/detail/estimator_aid_source1d__builder.hpp\n'}
[1.067932] (px4_msgs) StdoutLine: {'line': b'-- Up-to-date symlink: /root/ws_sensor_combined/install/px4_msgs/include/px4_msgs/px4_msgs/msg/detail/estimator_aid_source1d__struct.hpp\n'}
[1.068012] (px4_msgs) StdoutLine: {'line': b'-- Up-to-date symlink: /root/ws_sensor_combined/install/px4_msgs/include/px4_msgs/px4_msgs/msg/detail/estimator_aid_source1d__traits.hpp\n'}
[1.068091] (px4_msgs) StdoutLine: {'line': b'-- Up-to-date symlink: /root/ws_sensor_combined/install/px4_msgs/include/px4_msgs/px4_msgs/msg/detail/estimator_aid_source1d__type_support.hpp\n'}
[1.068171] (px4_msgs) StdoutLine: {'line': b'-- Up-to-date symlink: /root/ws_sensor_combined/install/px4_msgs/include/px4_msgs/px4_msgs/msg/detail/estimator_aid_source2d__builder.hpp\n'}
[1.068249] (px4_msgs) StdoutLine: {'line': b'-- Up-to-date symlink: /root/ws_sensor_combined/install/px4_msgs/include/px4_msgs/px4_msgs/msg/detail/estimator_aid_source2d__struct.hpp\n'}
[1.068295] (px4_msgs) StdoutLine: {'line': b'-- Up-to-date symlink: /root/ws_sensor_combined/install/px4_msgs/include/px4_msgs/px4_msgs/msg/detail/estimator_aid_source2d__traits.hpp\n'}
[1.068404] (px4_msgs) StdoutLine: {'line': b'-- Up-to-date symlink: /root/ws_sensor_combined/install/px4_msgs/include/px4_msgs/px4_msgs/msg/detail/estimator_aid_source2d__type_support.hpp\n'}
[1.068484] (px4_msgs) StdoutLine: {'line': b'-- Up-to-date symlink: /root/ws_sensor_combined/install/px4_msgs/include/px4_msgs/px4_msgs/msg/detail/estimator_aid_source3d__builder.hpp\n'}
[1.068554] (px4_msgs) StdoutLine: {'line': b'-- Up-to-date symlink: /root/ws_sensor_combined/install/px4_msgs/include/px4_msgs/px4_msgs/msg/detail/estimator_aid_source3d__struct.hpp\n'}
[1.068633] (px4_msgs) StdoutLine: {'line': b'-- Up-to-date symlink: /root/ws_sensor_combined/install/px4_msgs/include/px4_msgs/px4_msgs/msg/detail/estimator_aid_source3d__traits.hpp\n'}
[1.068719] (px4_msgs) StdoutLine: {'line': b'-- Up-to-date symlink: /root/ws_sensor_combined/install/px4_msgs/include/px4_msgs/px4_msgs/msg/detail/estimator_aid_source3d__type_support.hpp\n'}
[1.068799] (px4_msgs) StdoutLine: {'line': b'-- Up-to-date symlink: /root/ws_sensor_combined/install/px4_msgs/include/px4_msgs/px4_msgs/msg/detail/estimator_bias3d__builder.hpp\n'}
[1.068879] (px4_msgs) StdoutLine: {'line': b'-- Up-to-date symlink: /root/ws_sensor_combined/install/px4_msgs/include/px4_msgs/px4_msgs/msg/detail/estimator_bias3d__struct.hpp\n'}
[1.068958] (px4_msgs) StdoutLine: {'line': b'-- Up-to-date symlink: /root/ws_sensor_combined/install/px4_msgs/include/px4_msgs/px4_msgs/msg/detail/estimator_bias3d__traits.hpp\n'}
[1.069037] (px4_msgs) StdoutLine: {'line': b'-- Up-to-date symlink: /root/ws_sensor_combined/install/px4_msgs/include/px4_msgs/px4_msgs/msg/detail/estimator_bias3d__type_support.hpp\n'}
[1.069116] (px4_msgs) StdoutLine: {'line': b'-- Up-to-date symlink: /root/ws_sensor_combined/install/px4_msgs/include/px4_msgs/px4_msgs/msg/detail/estimator_bias__builder.hpp\n'}
[1.069196] (px4_msgs) StdoutLine: {'line': b'-- Up-to-date symlink: /root/ws_sensor_combined/install/px4_msgs/include/px4_msgs/px4_msgs/msg/detail/estimator_bias__struct.hpp\n'}
[1.069276] (px4_msgs) StdoutLine: {'line': b'-- Up-to-date symlink: /root/ws_sensor_combined/install/px4_msgs/include/px4_msgs/px4_msgs/msg/detail/estimator_bias__traits.hpp\n'}
[1.069337] (px4_msgs) StdoutLine: {'line': b'-- Up-to-date symlink: /root/ws_sensor_combined/install/px4_msgs/include/px4_msgs/px4_msgs/msg/detail/estimator_bias__type_support.hpp\n'}
[1.069413] (px4_msgs) StdoutLine: {'line': b'-- Up-to-date symlink: /root/ws_sensor_combined/install/px4_msgs/include/px4_msgs/px4_msgs/msg/detail/estimator_event_flags__builder.hpp\n'}
[1.069574] (px4_msgs) StdoutLine: {'line': b'-- Up-to-date symlink: /root/ws_sensor_combined/install/px4_msgs/include/px4_msgs/px4_msgs/msg/detail/estimator_event_flags__struct.hpp\n'}
[1.069736] (px4_msgs) StdoutLine: {'line': b'-- Up-to-date symlink: /root/ws_sensor_combined/install/px4_msgs/include/px4_msgs/px4_msgs/msg/detail/estimator_event_flags__traits.hpp\n'}
[1.069826] (px4_msgs) StdoutLine: {'line': b'-- Up-to-date symlink: /root/ws_sensor_combined/install/px4_msgs/include/px4_msgs/px4_msgs/msg/detail/estimator_event_flags__type_support.hpp\n'}
[1.069875] (px4_msgs) StdoutLine: {'line': b'-- Up-to-date symlink: /root/ws_sensor_combined/install/px4_msgs/include/px4_msgs/px4_msgs/msg/detail/estimator_gps_status__builder.hpp\n'}
[1.069952] (px4_msgs) StdoutLine: {'line': b'-- Up-to-date symlink: /root/ws_sensor_combined/install/px4_msgs/include/px4_msgs/px4_msgs/msg/detail/estimator_gps_status__struct.hpp\n'}
[1.070294] (px4_msgs) StdoutLine: {'line': b'-- Up-to-date symlink: /root/ws_sensor_combined/install/px4_msgs/include/px4_msgs/px4_msgs/msg/detail/estimator_gps_status__traits.hpp\n'}
[1.070390] (px4_msgs) StdoutLine: {'line': b'-- Up-to-date symlink: /root/ws_sensor_combined/install/px4_msgs/include/px4_msgs/px4_msgs/msg/detail/estimator_gps_status__type_support.hpp\n'}
[1.070524] (px4_msgs) StdoutLine: {'line': b'-- Up-to-date symlink: /root/ws_sensor_combined/install/px4_msgs/include/px4_msgs/px4_msgs/msg/detail/estimator_innovations__builder.hpp\n'}
[1.070721] (px4_msgs) StdoutLine: {'line': b'-- Up-to-date symlink: /root/ws_sensor_combined/install/px4_msgs/include/px4_msgs/px4_msgs/msg/detail/estimator_innovations__struct.hpp\n'}
[1.070807] (px4_msgs) StdoutLine: {'line': b'-- Up-to-date symlink: /root/ws_sensor_combined/install/px4_msgs/include/px4_msgs/px4_msgs/msg/detail/estimator_innovations__traits.hpp\n'}
[1.070888] (px4_msgs) StdoutLine: {'line': b'-- Up-to-date symlink: /root/ws_sensor_combined/install/px4_msgs/include/px4_msgs/px4_msgs/msg/detail/estimator_innovations__type_support.hpp\n'}
[1.071052] (px4_msgs) StdoutLine: {'line': b'-- Up-to-date symlink: /root/ws_sensor_combined/install/px4_msgs/include/px4_msgs/px4_msgs/msg/detail/estimator_selector_status__builder.hpp\n'}
[1.071168] (px4_msgs) StdoutLine: {'line': b'-- Up-to-date symlink: /root/ws_sensor_combined/install/px4_msgs/include/px4_msgs/px4_msgs/msg/detail/estimator_selector_status__struct.hpp\n'}
[1.071198] (px4_msgs) StdoutLine: {'line': b'-- Up-to-date symlink: /root/ws_sensor_combined/install/px4_msgs/include/px4_msgs/px4_msgs/msg/detail/estimator_selector_status__traits.hpp\n'}
[1.071226] (px4_msgs) StdoutLine: {'line': b'-- Up-to-date symlink: /root/ws_sensor_combined/install/px4_msgs/include/px4_msgs/px4_msgs/msg/detail/estimator_selector_status__type_support.hpp\n'}
[1.071253] (px4_msgs) StdoutLine: {'line': b'-- Up-to-date symlink: /root/ws_sensor_combined/install/px4_msgs/include/px4_msgs/px4_msgs/msg/detail/estimator_sensor_bias__builder.hpp\n'}
[1.071320] (px4_msgs) StdoutLine: {'line': b'-- Up-to-date symlink: /root/ws_sensor_combined/install/px4_msgs/include/px4_msgs/px4_msgs/msg/detail/estimator_sensor_bias__struct.hpp\n'}
[1.071376] (px4_msgs) StdoutLine: {'line': b'-- Up-to-date symlink: /root/ws_sensor_combined/install/px4_msgs/include/px4_msgs/px4_msgs/msg/detail/estimator_sensor_bias__traits.hpp\n'}
[1.071447] (px4_msgs) StdoutLine: {'line': b'-- Up-to-date symlink: /root/ws_sensor_combined/install/px4_msgs/include/px4_msgs/px4_msgs/msg/detail/estimator_sensor_bias__type_support.hpp\n'}
[1.071603] (px4_msgs) StdoutLine: {'line': b'-- Up-to-date symlink: /root/ws_sensor_combined/install/px4_msgs/include/px4_msgs/px4_msgs/msg/detail/estimator_states__builder.hpp\n'}
[1.071794] (px4_msgs) StdoutLine: {'line': b'-- Up-to-date symlink: /root/ws_sensor_combined/install/px4_msgs/include/px4_msgs/px4_msgs/msg/detail/estimator_states__struct.hpp\n'}
[1.071890] (px4_msgs) StdoutLine: {'line': b'-- Up-to-date symlink: /root/ws_sensor_combined/install/px4_msgs/include/px4_msgs/px4_msgs/msg/detail/estimator_states__traits.hpp\n'}
[1.071975] (px4_msgs) StdoutLine: {'line': b'-- Up-to-date symlink: /root/ws_sensor_combined/install/px4_msgs/include/px4_msgs/px4_msgs/msg/detail/estimator_states__type_support.hpp\n'}
[1.072020] (px4_msgs) StdoutLine: {'line': b'-- Up-to-date symlink: /root/ws_sensor_combined/install/px4_msgs/include/px4_msgs/px4_msgs/msg/detail/estimator_status__builder.hpp\n'}
[1.072071] (px4_msgs) StdoutLine: {'line': b'-- Up-to-date symlink: /root/ws_sensor_combined/install/px4_msgs/include/px4_msgs/px4_msgs/msg/detail/estimator_status__struct.hpp\n'}
[1.072122] (px4_msgs) StdoutLine: {'line': b'-- Up-to-date symlink: /root/ws_sensor_combined/install/px4_msgs/include/px4_msgs/px4_msgs/msg/detail/estimator_status__traits.hpp\n'}
[1.072253] (px4_msgs) StdoutLine: {'line': b'-- Up-to-date symlink: /root/ws_sensor_combined/install/px4_msgs/include/px4_msgs/px4_msgs/msg/detail/estimator_status__type_support.hpp\n'}
[1.072331] (px4_msgs) StdoutLine: {'line': b'-- Up-to-date symlink: /root/ws_sensor_combined/install/px4_msgs/include/px4_msgs/px4_msgs/msg/detail/estimator_status_flags__builder.hpp\n'}
[1.072373] (px4_msgs) StdoutLine: {'line': b'-- Up-to-date symlink: /root/ws_sensor_combined/install/px4_msgs/include/px4_msgs/px4_msgs/msg/detail/estimator_status_flags__struct.hpp\n'}
[1.072459] (px4_msgs) StdoutLine: {'line': b'-- Up-to-date symlink: /root/ws_sensor_combined/install/px4_msgs/include/px4_msgs/px4_msgs/msg/detail/estimator_status_flags__traits.hpp\n'}
[1.072493] (px4_msgs) StdoutLine: {'line': b'-- Up-to-date symlink: /root/ws_sensor_combined/install/px4_msgs/include/px4_msgs/px4_msgs/msg/detail/estimator_status_flags__type_support.hpp\n'}
[1.072560] (px4_msgs) StdoutLine: {'line': b'-- Up-to-date symlink: /root/ws_sensor_combined/install/px4_msgs/include/px4_msgs/px4_msgs/msg/detail/event__builder.hpp\n'}
[1.072641] (px4_msgs) StdoutLine: {'line': b'-- Up-to-date symlink: /root/ws_sensor_combined/install/px4_msgs/include/px4_msgs/px4_msgs/msg/detail/event__struct.hpp\n'}
[1.072711] (px4_msgs) StdoutLine: {'line': b'-- Up-to-date symlink: /root/ws_sensor_combined/install/px4_msgs/include/px4_msgs/px4_msgs/msg/detail/event__traits.hpp\n'}
[1.072793] (px4_msgs) StdoutLine: {'line': b'-- Up-to-date symlink: /root/ws_sensor_combined/install/px4_msgs/include/px4_msgs/px4_msgs/msg/detail/event__type_support.hpp\n'}
[1.072873] (px4_msgs) StdoutLine: {'line': b'-- Up-to-date symlink: /root/ws_sensor_combined/install/px4_msgs/include/px4_msgs/px4_msgs/msg/detail/failsafe_flags__builder.hpp\n'}
[1.072953] (px4_msgs) StdoutLine: {'line': b'-- Up-to-date symlink: /root/ws_sensor_combined/install/px4_msgs/include/px4_msgs/px4_msgs/msg/detail/failsafe_flags__struct.hpp\n'}
[1.073038] (px4_msgs) StdoutLine: {'line': b'-- Up-to-date symlink: /root/ws_sensor_combined/install/px4_msgs/include/px4_msgs/px4_msgs/msg/detail/failsafe_flags__traits.hpp\n'}
[1.073119] (px4_msgs) StdoutLine: {'line': b'-- Up-to-date symlink: /root/ws_sensor_combined/install/px4_msgs/include/px4_msgs/px4_msgs/msg/detail/failsafe_flags__type_support.hpp\n'}
[1.073199] (px4_msgs) StdoutLine: {'line': b'-- Up-to-date symlink: /root/ws_sensor_combined/install/px4_msgs/include/px4_msgs/px4_msgs/msg/detail/failure_detector_status__builder.hpp\n'}
[1.073267] (px4_msgs) StdoutLine: {'line': b'-- Up-to-date symlink: /root/ws_sensor_combined/install/px4_msgs/include/px4_msgs/px4_msgs/msg/detail/failure_detector_status__struct.hpp\n'}
[1.073349] (px4_msgs) StdoutLine: {'line': b'-- Up-to-date symlink: /root/ws_sensor_combined/install/px4_msgs/include/px4_msgs/px4_msgs/msg/detail/failure_detector_status__traits.hpp\n'}
[1.073429] (px4_msgs) StdoutLine: {'line': b'-- Up-to-date symlink: /root/ws_sensor_combined/install/px4_msgs/include/px4_msgs/px4_msgs/msg/detail/failure_detector_status__type_support.hpp\n'}
[1.073664] (px4_msgs) StdoutLine: {'line': b'-- Up-to-date symlink: /root/ws_sensor_combined/install/px4_msgs/include/px4_msgs/px4_msgs/msg/detail/figure_eight_status__builder.hpp\n'}
[1.073763] (px4_msgs) StdoutLine: {'line': b'-- Up-to-date symlink: /root/ws_sensor_combined/install/px4_msgs/include/px4_msgs/px4_msgs/msg/detail/figure_eight_status__struct.hpp\n'}
[1.073844] (px4_msgs) StdoutLine: {'line': b'-- Up-to-date symlink: /root/ws_sensor_combined/install/px4_msgs/include/px4_msgs/px4_msgs/msg/detail/figure_eight_status__traits.hpp\n'}
[1.073925] (px4_msgs) StdoutLine: {'line': b'-- Up-to-date symlink: /root/ws_sensor_combined/install/px4_msgs/include/px4_msgs/px4_msgs/msg/detail/figure_eight_status__type_support.hpp\n'}
[1.074005] (px4_msgs) StdoutLine: {'line': b'-- Up-to-date symlink: /root/ws_sensor_combined/install/px4_msgs/include/px4_msgs/px4_msgs/msg/detail/fixed_wing_lateral_guidance_status__builder.hpp\n'}
[1.074084] (px4_msgs) StdoutLine: {'line': b'-- Up-to-date symlink: /root/ws_sensor_combined/install/px4_msgs/include/px4_msgs/px4_msgs/msg/detail/fixed_wing_lateral_guidance_status__struct.hpp\n'}
[1.074188] (px4_msgs) StdoutLine: {'line': b'-- Up-to-date symlink: /root/ws_sensor_combined/install/px4_msgs/include/px4_msgs/px4_msgs/msg/detail/fixed_wing_lateral_guidance_status__traits.hpp\n'}
[1.074224] (px4_msgs) StdoutLine: {'line': b'-- Up-to-date symlink: /root/ws_sensor_combined/install/px4_msgs/include/px4_msgs/px4_msgs/msg/detail/fixed_wing_lateral_guidance_status__type_support.hpp\n'}
[1.074278] (px4_msgs) StdoutLine: {'line': b'-- Up-to-date symlink: /root/ws_sensor_combined/install/px4_msgs/include/px4_msgs/px4_msgs/msg/detail/fixed_wing_lateral_setpoint__builder.hpp\n'}
[1.074357] (px4_msgs) StdoutLine: {'line': b'-- Up-to-date symlink: /root/ws_sensor_combined/install/px4_msgs/include/px4_msgs/px4_msgs/msg/detail/fixed_wing_lateral_setpoint__struct.hpp\n'}
[1.074437] (px4_msgs) StdoutLine: {'line': b'-- Up-to-date symlink: /root/ws_sensor_combined/install/px4_msgs/include/px4_msgs/px4_msgs/msg/detail/fixed_wing_lateral_setpoint__traits.hpp\n'}
[1.074517] (px4_msgs) StdoutLine: {'line': b'-- Up-to-date symlink: /root/ws_sensor_combined/install/px4_msgs/include/px4_msgs/px4_msgs/msg/detail/fixed_wing_lateral_setpoint__type_support.hpp\n'}
[1.074606] (px4_msgs) StdoutLine: {'line': b'-- Up-to-date symlink: /root/ws_sensor_combined/install/px4_msgs/include/px4_msgs/px4_msgs/msg/detail/fixed_wing_lateral_status__builder.hpp\n'}
[1.074686] (px4_msgs) StdoutLine: {'line': b'-- Up-to-date symlink: /root/ws_sensor_combined/install/px4_msgs/include/px4_msgs/px4_msgs/msg/detail/fixed_wing_lateral_status__struct.hpp\n'}
[1.074765] (px4_msgs) StdoutLine: {'line': b'-- Up-to-date symlink: /root/ws_sensor_combined/install/px4_msgs/include/px4_msgs/px4_msgs/msg/detail/fixed_wing_lateral_status__traits.hpp\n'}
[1.074844] (px4_msgs) StdoutLine: {'line': b'-- Up-to-date symlink: /root/ws_sensor_combined/install/px4_msgs/include/px4_msgs/px4_msgs/msg/detail/fixed_wing_lateral_status__type_support.hpp\n'}
[1.074905] (px4_msgs) StdoutLine: {'line': b'-- Up-to-date symlink: /root/ws_sensor_combined/install/px4_msgs/include/px4_msgs/px4_msgs/msg/detail/fixed_wing_longitudinal_setpoint__builder.hpp\n'}
[1.074991] (px4_msgs) StdoutLine: {'line': b'-- Up-to-date symlink: /root/ws_sensor_combined/install/px4_msgs/include/px4_msgs/px4_msgs/msg/detail/fixed_wing_longitudinal_setpoint__struct.hpp\n'}
[1.075027] (px4_msgs) StdoutLine: {'line': b'-- Up-to-date symlink: /root/ws_sensor_combined/install/px4_msgs/include/px4_msgs/px4_msgs/msg/detail/fixed_wing_longitudinal_setpoint__traits.hpp\n'}
[1.075110] (px4_msgs) StdoutLine: {'line': b'-- Up-to-date symlink: /root/ws_sensor_combined/install/px4_msgs/include/px4_msgs/px4_msgs/msg/detail/fixed_wing_longitudinal_setpoint__type_support.hpp\n'}
[1.075179] (px4_msgs) StdoutLine: {'line': b'-- Up-to-date symlink: /root/ws_sensor_combined/install/px4_msgs/include/px4_msgs/px4_msgs/msg/detail/fixed_wing_runway_control__builder.hpp\n'}
[1.075259] (px4_msgs) StdoutLine: {'line': b'-- Up-to-date symlink: /root/ws_sensor_combined/install/px4_msgs/include/px4_msgs/px4_msgs/msg/detail/fixed_wing_runway_control__struct.hpp\n'}
[1.075342] (px4_msgs) StdoutLine: {'line': b'-- Up-to-date symlink: /root/ws_sensor_combined/install/px4_msgs/include/px4_msgs/px4_msgs/msg/detail/fixed_wing_runway_control__traits.hpp\n'}
[1.075425] (px4_msgs) StdoutLine: {'line': b'-- Up-to-date symlink: /root/ws_sensor_combined/install/px4_msgs/include/px4_msgs/px4_msgs/msg/detail/fixed_wing_runway_control__type_support.hpp\n'}
[1.075506] (px4_msgs) StdoutLine: {'line': b'-- Up-to-date symlink: /root/ws_sensor_combined/install/px4_msgs/include/px4_msgs/px4_msgs/msg/detail/flight_phase_estimation__builder.hpp\n'}
[1.075591] (px4_msgs) StdoutLine: {'line': b'-- Up-to-date symlink: /root/ws_sensor_combined/install/px4_msgs/include/px4_msgs/px4_msgs/msg/detail/flight_phase_estimation__struct.hpp\n'}
[1.075670] (px4_msgs) StdoutLine: {'line': b'-- Up-to-date symlink: /root/ws_sensor_combined/install/px4_msgs/include/px4_msgs/px4_msgs/msg/detail/flight_phase_estimation__traits.hpp\n'}
[1.075730] (px4_msgs) StdoutLine: {'line': b'-- Up-to-date symlink: /root/ws_sensor_combined/install/px4_msgs/include/px4_msgs/px4_msgs/msg/detail/flight_phase_estimation__type_support.hpp\n'}
[1.075759] (px4_msgs) StdoutLine: {'line': b'-- Up-to-date symlink: /root/ws_sensor_combined/install/px4_msgs/include/px4_msgs/px4_msgs/msg/detail/follow_target__builder.hpp\n'}
[1.075790] (px4_msgs) StdoutLine: {'line': b'-- Up-to-date symlink: /root/ws_sensor_combined/install/px4_msgs/include/px4_msgs/px4_msgs/msg/detail/follow_target__struct.hpp\n'}
[1.075820] (px4_msgs) StdoutLine: {'line': b'-- Up-to-date symlink: /root/ws_sensor_combined/install/px4_msgs/include/px4_msgs/px4_msgs/msg/detail/follow_target__traits.hpp\n'}
[1.075870] (px4_msgs) StdoutLine: {'line': b'-- Up-to-date symlink: /root/ws_sensor_combined/install/px4_msgs/include/px4_msgs/px4_msgs/msg/detail/follow_target__type_support.hpp\n'}
[1.075919] (px4_msgs) StdoutLine: {'line': b'-- Up-to-date symlink: /root/ws_sensor_combined/install/px4_msgs/include/px4_msgs/px4_msgs/msg/detail/follow_target_estimator__builder.hpp\n'}
[1.075969] (px4_msgs) StdoutLine: {'line': b'-- Up-to-date symlink: /root/ws_sensor_combined/install/px4_msgs/include/px4_msgs/px4_msgs/msg/detail/follow_target_estimator__struct.hpp\n'}
[1.076051] (px4_msgs) StdoutLine: {'line': b'-- Up-to-date symlink: /root/ws_sensor_combined/install/px4_msgs/include/px4_msgs/px4_msgs/msg/detail/follow_target_estimator__traits.hpp\n'}
[1.076378] (px4_msgs) StdoutLine: {'line': b'-- Up-to-date symlink: /root/ws_sensor_combined/install/px4_msgs/include/px4_msgs/px4_msgs/msg/detail/follow_target_estimator__type_support.hpp\n'}
[1.076616] (px4_msgs) StdoutLine: {'line': b'-- Up-to-date symlink: /root/ws_sensor_combined/install/px4_msgs/include/px4_msgs/px4_msgs/msg/detail/follow_target_status__builder.hpp\n'}
[1.076714] (px4_msgs) StdoutLine: {'line': b'-- Up-to-date symlink: /root/ws_sensor_combined/install/px4_msgs/include/px4_msgs/px4_msgs/msg/detail/follow_target_status__struct.hpp\n'}
[1.076800] (px4_msgs) StdoutLine: {'line': b'-- Up-to-date symlink: /root/ws_sensor_combined/install/px4_msgs/include/px4_msgs/px4_msgs/msg/detail/follow_target_status__traits.hpp\n'}
[1.076884] (px4_msgs) StdoutLine: {'line': b'-- Up-to-date symlink: /root/ws_sensor_combined/install/px4_msgs/include/px4_msgs/px4_msgs/msg/detail/follow_target_status__type_support.hpp\n'}
[1.077039] (px4_msgs) StdoutLine: {'line': b'-- Up-to-date symlink: /root/ws_sensor_combined/install/px4_msgs/include/px4_msgs/px4_msgs/msg/detail/fuel_tank_status__builder.hpp\n'}
[1.077137] (px4_msgs) StdoutLine: {'line': b'-- Up-to-date symlink: /root/ws_sensor_combined/install/px4_msgs/include/px4_msgs/px4_msgs/msg/detail/fuel_tank_status__struct.hpp\n'}
[1.077233] (px4_msgs) StdoutLine: {'line': b'-- Up-to-date symlink: /root/ws_sensor_combined/install/px4_msgs/include/px4_msgs/px4_msgs/msg/detail/fuel_tank_status__traits.hpp\n'}
[1.077363] (px4_msgs) StdoutLine: {'line': b'-- Up-to-date symlink: /root/ws_sensor_combined/install/px4_msgs/include/px4_msgs/px4_msgs/msg/detail/fuel_tank_status__type_support.hpp\n'}
[1.077437] (px4_msgs) StdoutLine: {'line': b'-- Up-to-date symlink: /root/ws_sensor_combined/install/px4_msgs/include/px4_msgs/px4_msgs/msg/detail/generator_status__builder.hpp\n'}
[1.077569] (px4_msgs) StdoutLine: {'line': b'-- Up-to-date symlink: /root/ws_sensor_combined/install/px4_msgs/include/px4_msgs/px4_msgs/msg/detail/generator_status__struct.hpp\n'}
[1.077606] (px4_msgs) StdoutLine: {'line': b'-- Up-to-date symlink: /root/ws_sensor_combined/install/px4_msgs/include/px4_msgs/px4_msgs/msg/detail/generator_status__traits.hpp\n'}
[1.077734] (px4_msgs) StdoutLine: {'line': b'-- Up-to-date symlink: /root/ws_sensor_combined/install/px4_msgs/include/px4_msgs/px4_msgs/msg/detail/generator_status__type_support.hpp\n'}
[1.077830] (px4_msgs) StdoutLine: {'line': b'-- Up-to-date symlink: /root/ws_sensor_combined/install/px4_msgs/include/px4_msgs/px4_msgs/msg/detail/geofence_result__builder.hpp\n'}
[1.077912] (px4_msgs) StdoutLine: {'line': b'-- Up-to-date symlink: /root/ws_sensor_combined/install/px4_msgs/include/px4_msgs/px4_msgs/msg/detail/geofence_result__struct.hpp\n'}
[1.077993] (px4_msgs) StdoutLine: {'line': b'-- Up-to-date symlink: /root/ws_sensor_combined/install/px4_msgs/include/px4_msgs/px4_msgs/msg/detail/geofence_result__traits.hpp\n'}
[1.078074] (px4_msgs) StdoutLine: {'line': b'-- Up-to-date symlink: /root/ws_sensor_combined/install/px4_msgs/include/px4_msgs/px4_msgs/msg/detail/geofence_result__type_support.hpp\n'}
[1.078153] (px4_msgs) StdoutLine: {'line': b'-- Up-to-date symlink: /root/ws_sensor_combined/install/px4_msgs/include/px4_msgs/px4_msgs/msg/detail/geofence_status__builder.hpp\n'}
[1.078233] (px4_msgs) StdoutLine: {'line': b'-- Up-to-date symlink: /root/ws_sensor_combined/install/px4_msgs/include/px4_msgs/px4_msgs/msg/detail/geofence_status__struct.hpp\n'}
[1.078377] (px4_msgs) StdoutLine: {'line': b'-- Up-to-date symlink: /root/ws_sensor_combined/install/px4_msgs/include/px4_msgs/px4_msgs/msg/detail/geofence_status__traits.hpp\n'}
[1.078408] (px4_msgs) StdoutLine: {'line': b'-- Up-to-date symlink: /root/ws_sensor_combined/install/px4_msgs/include/px4_msgs/px4_msgs/msg/detail/geofence_status__type_support.hpp\n'}
[1.078474] (px4_msgs) StdoutLine: {'line': b'-- Up-to-date symlink: /root/ws_sensor_combined/install/px4_msgs/include/px4_msgs/px4_msgs/msg/detail/gimbal_controls__builder.hpp\n'}
[1.078621] (px4_msgs) StdoutLine: {'line': b'-- Up-to-date symlink: /root/ws_sensor_combined/install/px4_msgs/include/px4_msgs/px4_msgs/msg/detail/gimbal_controls__struct.hpp\n'}
[1.078720] (px4_msgs) StdoutLine: {'line': b'-- Up-to-date symlink: /root/ws_sensor_combined/install/px4_msgs/include/px4_msgs/px4_msgs/msg/detail/gimbal_controls__traits.hpp\n'}
[1.078801] (px4_msgs) StdoutLine: {'line': b'-- Up-to-date symlink: /root/ws_sensor_combined/install/px4_msgs/include/px4_msgs/px4_msgs/msg/detail/gimbal_controls__type_support.hpp\n'}
[1.078882] (px4_msgs) StdoutLine: {'line': b'-- Up-to-date symlink: /root/ws_sensor_combined/install/px4_msgs/include/px4_msgs/px4_msgs/msg/detail/gimbal_device_attitude_status__builder.hpp\n'}
[1.078915] (px4_msgs) StdoutLine: {'line': b'-- Up-to-date symlink: /root/ws_sensor_combined/install/px4_msgs/include/px4_msgs/px4_msgs/msg/detail/gimbal_device_attitude_status__struct.hpp\n'}
[1.079132] (px4_msgs) StdoutLine: {'line': b'-- Up-to-date symlink: /root/ws_sensor_combined/install/px4_msgs/include/px4_msgs/px4_msgs/msg/detail/gimbal_device_attitude_status__traits.hpp\n'}
[1.079180] (px4_msgs) StdoutLine: {'line': b'-- Up-to-date symlink: /root/ws_sensor_combined/install/px4_msgs/include/px4_msgs/px4_msgs/msg/detail/gimbal_device_attitude_status__type_support.hpp\n'}
[1.079267] (px4_msgs) StdoutLine: {'line': b'-- Up-to-date symlink: /root/ws_sensor_combined/install/px4_msgs/include/px4_msgs/px4_msgs/msg/detail/gimbal_device_information__builder.hpp\n'}
[1.079422] (px4_msgs) StdoutLine: {'line': b'-- Up-to-date symlink: /root/ws_sensor_combined/install/px4_msgs/include/px4_msgs/px4_msgs/msg/detail/gimbal_device_information__struct.hpp\n'}
[1.079575] (px4_msgs) StdoutLine: {'line': b'-- Up-to-date symlink: /root/ws_sensor_combined/install/px4_msgs/include/px4_msgs/px4_msgs/msg/detail/gimbal_device_information__traits.hpp\n'}
[1.079653] (px4_msgs) StdoutLine: {'line': b'-- Up-to-date symlink: /root/ws_sensor_combined/install/px4_msgs/include/px4_msgs/px4_msgs/msg/detail/gimbal_device_information__type_support.hpp\n'}
[1.079834] (px4_msgs) StdoutLine: {'line': b'-- Up-to-date symlink: /root/ws_sensor_combined/install/px4_msgs/include/px4_msgs/px4_msgs/msg/detail/gimbal_device_set_attitude__builder.hpp\n'}
[1.080058] (px4_msgs) StdoutLine: {'line': b'-- Up-to-date symlink: /root/ws_sensor_combined/install/px4_msgs/include/px4_msgs/px4_msgs/msg/detail/gimbal_device_set_attitude__struct.hpp\n'}
[1.080189] (px4_msgs) StdoutLine: {'line': b'-- Up-to-date symlink: /root/ws_sensor_combined/install/px4_msgs/include/px4_msgs/px4_msgs/msg/detail/gimbal_device_set_attitude__traits.hpp\n'}
[1.080275] (px4_msgs) StdoutLine: {'line': b'-- Up-to-date symlink: /root/ws_sensor_combined/install/px4_msgs/include/px4_msgs/px4_msgs/msg/detail/gimbal_device_set_attitude__type_support.hpp\n'}
[1.080356] (px4_msgs) StdoutLine: {'line': b'-- Up-to-date symlink: /root/ws_sensor_combined/install/px4_msgs/include/px4_msgs/px4_msgs/msg/detail/gimbal_manager_information__builder.hpp\n'}
[1.080425] (px4_msgs) StdoutLine: {'line': b'-- Up-to-date symlink: /root/ws_sensor_combined/install/px4_msgs/include/px4_msgs/px4_msgs/msg/detail/gimbal_manager_information__struct.hpp\n'}
[1.080505] (px4_msgs) StdoutLine: {'line': b'-- Up-to-date symlink: /root/ws_sensor_combined/install/px4_msgs/include/px4_msgs/px4_msgs/msg/detail/gimbal_manager_information__traits.hpp\n'}
[1.080585] (px4_msgs) StdoutLine: {'line': b'-- Up-to-date symlink: /root/ws_sensor_combined/install/px4_msgs/include/px4_msgs/px4_msgs/msg/detail/gimbal_manager_information__type_support.hpp\n'}
[1.080665] (px4_msgs) StdoutLine: {'line': b'-- Up-to-date symlink: /root/ws_sensor_combined/install/px4_msgs/include/px4_msgs/px4_msgs/msg/detail/gimbal_manager_set_attitude__builder.hpp\n'}
[1.080759] (px4_msgs) StdoutLine: {'line': b'-- Up-to-date symlink: /root/ws_sensor_combined/install/px4_msgs/include/px4_msgs/px4_msgs/msg/detail/gimbal_manager_set_attitude__struct.hpp\n'}
[1.080838] (px4_msgs) StdoutLine: {'line': b'-- Up-to-date symlink: /root/ws_sensor_combined/install/px4_msgs/include/px4_msgs/px4_msgs/msg/detail/gimbal_manager_set_attitude__traits.hpp\n'}
[1.080885] (px4_msgs) StdoutLine: {'line': b'-- Up-to-date symlink: /root/ws_sensor_combined/install/px4_msgs/include/px4_msgs/px4_msgs/msg/detail/gimbal_manager_set_attitude__type_support.hpp\n'}
[1.080950] (px4_msgs) StdoutLine: {'line': b'-- Up-to-date symlink: /root/ws_sensor_combined/install/px4_msgs/include/px4_msgs/px4_msgs/msg/detail/gimbal_manager_set_manual_control__builder.hpp\n'}
[1.081031] (px4_msgs) StdoutLine: {'line': b'-- Up-to-date symlink: /root/ws_sensor_combined/install/px4_msgs/include/px4_msgs/px4_msgs/msg/detail/gimbal_manager_set_manual_control__struct.hpp\n'}
[1.081100] (px4_msgs) StdoutLine: {'line': b'-- Up-to-date symlink: /root/ws_sensor_combined/install/px4_msgs/include/px4_msgs/px4_msgs/msg/detail/gimbal_manager_set_manual_control__traits.hpp\n'}
[1.081247] (px4_msgs) StdoutLine: {'line': b'-- Up-to-date symlink: /root/ws_sensor_combined/install/px4_msgs/include/px4_msgs/px4_msgs/msg/detail/gimbal_manager_set_manual_control__type_support.hpp\n'}
[1.081307] (px4_msgs) StdoutLine: {'line': b'-- Up-to-date symlink: /root/ws_sensor_combined/install/px4_msgs/include/px4_msgs/px4_msgs/msg/detail/gimbal_manager_status__builder.hpp\n'}
[1.081340] (px4_msgs) StdoutLine: {'line': b'-- Up-to-date symlink: /root/ws_sensor_combined/install/px4_msgs/include/px4_msgs/px4_msgs/msg/detail/gimbal_manager_status__struct.hpp\n'}
[1.081422] (px4_msgs) StdoutLine: {'line': b'-- Up-to-date symlink: /root/ws_sensor_combined/install/px4_msgs/include/px4_msgs/px4_msgs/msg/detail/gimbal_manager_status__traits.hpp\n'}
[1.081530] (px4_msgs) StdoutLine: {'line': b'-- Up-to-date symlink: /root/ws_sensor_combined/install/px4_msgs/include/px4_msgs/px4_msgs/msg/detail/gimbal_manager_status__type_support.hpp\n'}
[1.081615] (px4_msgs) StdoutLine: {'line': b'-- Up-to-date symlink: /root/ws_sensor_combined/install/px4_msgs/include/px4_msgs/px4_msgs/msg/detail/goto_setpoint__builder.hpp\n'}
[1.081684] (px4_msgs) StdoutLine: {'line': b'-- Up-to-date symlink: /root/ws_sensor_combined/install/px4_msgs/include/px4_msgs/px4_msgs/msg/detail/goto_setpoint__struct.hpp\n'}
[1.081731] (px4_msgs) StdoutLine: {'line': b'-- Up-to-date symlink: /root/ws_sensor_combined/install/px4_msgs/include/px4_msgs/px4_msgs/msg/detail/goto_setpoint__traits.hpp\n'}
[1.081763] (px4_msgs) StdoutLine: {'line': b'-- Up-to-date symlink: /root/ws_sensor_combined/install/px4_msgs/include/px4_msgs/px4_msgs/msg/detail/goto_setpoint__type_support.hpp\n'}
[1.081794] (px4_msgs) StdoutLine: {'line': b'-- Up-to-date symlink: /root/ws_sensor_combined/install/px4_msgs/include/px4_msgs/px4_msgs/msg/detail/gpio_config__builder.hpp\n'}
[1.081862] (px4_msgs) StdoutLine: {'line': b'-- Up-to-date symlink: /root/ws_sensor_combined/install/px4_msgs/include/px4_msgs/px4_msgs/msg/detail/gpio_config__struct.hpp\n'}
[1.081977] (px4_msgs) StdoutLine: {'line': b'-- Up-to-date symlink: /root/ws_sensor_combined/install/px4_msgs/include/px4_msgs/px4_msgs/msg/detail/gpio_config__traits.hpp\n'}
[1.082341] (px4_msgs) StdoutLine: {'line': b'-- Up-to-date symlink: /root/ws_sensor_combined/install/px4_msgs/include/px4_msgs/px4_msgs/msg/detail/gpio_config__type_support.hpp\n'}
[1.082571] (px4_msgs) StdoutLine: {'line': b'-- Up-to-date symlink: /root/ws_sensor_combined/install/px4_msgs/include/px4_msgs/px4_msgs/msg/detail/gpio_in__builder.hpp\n'}
[1.082670] (px4_msgs) StdoutLine: {'line': b'-- Up-to-date symlink: /root/ws_sensor_combined/install/px4_msgs/include/px4_msgs/px4_msgs/msg/detail/gpio_in__struct.hpp\n'}
[1.082711] (px4_msgs) StdoutLine: {'line': b'-- Up-to-date symlink: /root/ws_sensor_combined/install/px4_msgs/include/px4_msgs/px4_msgs/msg/detail/gpio_in__traits.hpp\n'}
[1.082810] (px4_msgs) StdoutLine: {'line': b'-- Up-to-date symlink: /root/ws_sensor_combined/install/px4_msgs/include/px4_msgs/px4_msgs/msg/detail/gpio_in__type_support.hpp\n'}
[1.083031] (px4_msgs) StdoutLine: {'line': b'-- Up-to-date symlink: /root/ws_sensor_combined/install/px4_msgs/include/px4_msgs/px4_msgs/msg/detail/gpio_out__builder.hpp\n'}
[1.083096] (px4_msgs) StdoutLine: {'line': b'-- Up-to-date symlink: /root/ws_sensor_combined/install/px4_msgs/include/px4_msgs/px4_msgs/msg/detail/gpio_out__struct.hpp\n'}
[1.083165] (px4_msgs) StdoutLine: {'line': b'-- Up-to-date symlink: /root/ws_sensor_combined/install/px4_msgs/include/px4_msgs/px4_msgs/msg/detail/gpio_out__traits.hpp\n'}
[1.083225] (px4_msgs) StdoutLine: {'line': b'-- Up-to-date symlink: /root/ws_sensor_combined/install/px4_msgs/include/px4_msgs/px4_msgs/msg/detail/gpio_out__type_support.hpp\n'}
[1.083294] (px4_msgs) StdoutLine: {'line': b'-- Up-to-date symlink: /root/ws_sensor_combined/install/px4_msgs/include/px4_msgs/px4_msgs/msg/detail/gpio_request__builder.hpp\n'}
[1.083354] (px4_msgs) StdoutLine: {'line': b'-- Up-to-date symlink: /root/ws_sensor_combined/install/px4_msgs/include/px4_msgs/px4_msgs/msg/detail/gpio_request__struct.hpp\n'}
[1.083406] (px4_msgs) StdoutLine: {'line': b'-- Up-to-date symlink: /root/ws_sensor_combined/install/px4_msgs/include/px4_msgs/px4_msgs/msg/detail/gpio_request__traits.hpp\n'}
[1.083466] (px4_msgs) StdoutLine: {'line': b'-- Up-to-date symlink: /root/ws_sensor_combined/install/px4_msgs/include/px4_msgs/px4_msgs/msg/detail/gpio_request__type_support.hpp\n'}
[1.083546] (px4_msgs) StdoutLine: {'line': b'-- Up-to-date symlink: /root/ws_sensor_combined/install/px4_msgs/include/px4_msgs/px4_msgs/msg/detail/gps_dump__builder.hpp\n'}
[1.083626] (px4_msgs) StdoutLine: {'line': b'-- Up-to-date symlink: /root/ws_sensor_combined/install/px4_msgs/include/px4_msgs/px4_msgs/msg/detail/gps_dump__struct.hpp\n'}
[1.083759] (px4_msgs) StdoutLine: {'line': b'-- Up-to-date symlink: /root/ws_sensor_combined/install/px4_msgs/include/px4_msgs/px4_msgs/msg/detail/gps_dump__traits.hpp\n'}
[1.083901] (px4_msgs) StdoutLine: {'line': b'-- Up-to-date symlink: /root/ws_sensor_combined/install/px4_msgs/include/px4_msgs/px4_msgs/msg/detail/gps_dump__type_support.hpp\n'}
[1.083952] (px4_msgs) StdoutLine: {'line': b'-- Up-to-date symlink: /root/ws_sensor_combined/install/px4_msgs/include/px4_msgs/px4_msgs/msg/detail/gps_inject_data__builder.hpp\n'}
[1.083988] (px4_msgs) StdoutLine: {'line': b'-- Up-to-date symlink: /root/ws_sensor_combined/install/px4_msgs/include/px4_msgs/px4_msgs/msg/detail/gps_inject_data__struct.hpp\n'}
[1.084098] (px4_msgs) StdoutLine: {'line': b'-- Up-to-date symlink: /root/ws_sensor_combined/install/px4_msgs/include/px4_msgs/px4_msgs/msg/detail/gps_inject_data__traits.hpp\n'}
[1.084130] (px4_msgs) StdoutLine: {'line': b'-- Up-to-date symlink: /root/ws_sensor_combined/install/px4_msgs/include/px4_msgs/px4_msgs/msg/detail/gps_inject_data__type_support.hpp\n'}
[1.084155] (px4_msgs) StdoutLine: {'line': b'-- Up-to-date symlink: /root/ws_sensor_combined/install/px4_msgs/include/px4_msgs/px4_msgs/msg/detail/gripper__builder.hpp\n'}
[1.084180] (px4_msgs) StdoutLine: {'line': b'-- Up-to-date symlink: /root/ws_sensor_combined/install/px4_msgs/include/px4_msgs/px4_msgs/msg/detail/gripper__struct.hpp\n'}
[1.084344] (px4_msgs) StdoutLine: {'line': b'-- Up-to-date symlink: /root/ws_sensor_combined/install/px4_msgs/include/px4_msgs/px4_msgs/msg/detail/gripper__traits.hpp\n'}
[1.084427] (px4_msgs) StdoutLine: {'line': b'-- Up-to-date symlink: /root/ws_sensor_combined/install/px4_msgs/include/px4_msgs/px4_msgs/msg/detail/gripper__type_support.hpp\n'}
[1.084508] (px4_msgs) StdoutLine: {'line': b'-- Up-to-date symlink: /root/ws_sensor_combined/install/px4_msgs/include/px4_msgs/px4_msgs/msg/detail/health_report__builder.hpp\n'}
[1.084587] (px4_msgs) StdoutLine: {'line': b'-- Up-to-date symlink: /root/ws_sensor_combined/install/px4_msgs/include/px4_msgs/px4_msgs/msg/detail/health_report__struct.hpp\n'}
[1.084668] (px4_msgs) StdoutLine: {'line': b'-- Up-to-date symlink: /root/ws_sensor_combined/install/px4_msgs/include/px4_msgs/px4_msgs/msg/detail/health_report__traits.hpp\n'}
[1.084747] (px4_msgs) StdoutLine: {'line': b'-- Up-to-date symlink: /root/ws_sensor_combined/install/px4_msgs/include/px4_msgs/px4_msgs/msg/detail/health_report__type_support.hpp\n'}
[1.084827] (px4_msgs) StdoutLine: {'line': b'-- Up-to-date symlink: /root/ws_sensor_combined/install/px4_msgs/include/px4_msgs/px4_msgs/msg/detail/heater_status__builder.hpp\n'}
[1.084906] (px4_msgs) StdoutLine: {'line': b'-- Up-to-date symlink: /root/ws_sensor_combined/install/px4_msgs/include/px4_msgs/px4_msgs/msg/detail/heater_status__struct.hpp\n'}
[1.084987] (px4_msgs) StdoutLine: {'line': b'-- Up-to-date symlink: /root/ws_sensor_combined/install/px4_msgs/include/px4_msgs/px4_msgs/msg/detail/heater_status__traits.hpp\n'}
[1.085068] (px4_msgs) StdoutLine: {'line': b'-- Up-to-date symlink: /root/ws_sensor_combined/install/px4_msgs/include/px4_msgs/px4_msgs/msg/detail/heater_status__type_support.hpp\n'}
[1.085147] (px4_msgs) StdoutLine: {'line': b'-- Up-to-date symlink: /root/ws_sensor_combined/install/px4_msgs/include/px4_msgs/px4_msgs/msg/detail/home_position__builder.hpp\n'}
[1.085226] (px4_msgs) StdoutLine: {'line': b'-- Up-to-date symlink: /root/ws_sensor_combined/install/px4_msgs/include/px4_msgs/px4_msgs/msg/detail/home_position__struct.hpp\n'}
[1.085306] (px4_msgs) StdoutLine: {'line': b'-- Up-to-date symlink: /root/ws_sensor_combined/install/px4_msgs/include/px4_msgs/px4_msgs/msg/detail/home_position__traits.hpp\n'}
[1.085386] (px4_msgs) StdoutLine: {'line': b'-- Up-to-date symlink: /root/ws_sensor_combined/install/px4_msgs/include/px4_msgs/px4_msgs/msg/detail/home_position__type_support.hpp\n'}
[1.085486] (px4_msgs) StdoutLine: {'line': b'-- Up-to-date symlink: /root/ws_sensor_combined/install/px4_msgs/include/px4_msgs/px4_msgs/msg/detail/hover_thrust_estimate__builder.hpp\n'}
[1.085607] (px4_msgs) StdoutLine: {'line': b'-- Up-to-date symlink: /root/ws_sensor_combined/install/px4_msgs/include/px4_msgs/px4_msgs/msg/detail/hover_thrust_estimate__struct.hpp\n'}
[1.085637] (px4_msgs) StdoutLine: {'line': b'-- Up-to-date symlink: /root/ws_sensor_combined/install/px4_msgs/include/px4_msgs/px4_msgs/msg/detail/hover_thrust_estimate__traits.hpp\n'}
[1.085711] (px4_msgs) StdoutLine: {'line': b'-- Up-to-date symlink: /root/ws_sensor_combined/install/px4_msgs/include/px4_msgs/px4_msgs/msg/detail/hover_thrust_estimate__type_support.hpp\n'}
[1.085825] (px4_msgs) StdoutLine: {'line': b'-- Up-to-date symlink: /root/ws_sensor_combined/install/px4_msgs/include/px4_msgs/px4_msgs/msg/detail/input_rc__builder.hpp\n'}
[1.085902] (px4_msgs) StdoutLine: {'line': b'-- Up-to-date symlink: /root/ws_sensor_combined/install/px4_msgs/include/px4_msgs/px4_msgs/msg/detail/input_rc__struct.hpp\n'}
[1.085983] (px4_msgs) StdoutLine: {'line': b'-- Up-to-date symlink: /root/ws_sensor_combined/install/px4_msgs/include/px4_msgs/px4_msgs/msg/detail/input_rc__traits.hpp\n'}
[1.086063] (px4_msgs) StdoutLine: {'line': b'-- Up-to-date symlink: /root/ws_sensor_combined/install/px4_msgs/include/px4_msgs/px4_msgs/msg/detail/input_rc__type_support.hpp\n'}
[1.086143] (px4_msgs) StdoutLine: {'line': b'-- Up-to-date symlink: /root/ws_sensor_combined/install/px4_msgs/include/px4_msgs/px4_msgs/msg/detail/internal_combustion_engine_control__builder.hpp\n'}
[1.086223] (px4_msgs) StdoutLine: {'line': b'-- Up-to-date symlink: /root/ws_sensor_combined/install/px4_msgs/include/px4_msgs/px4_msgs/msg/detail/internal_combustion_engine_control__struct.hpp\n'}
[1.086302] (px4_msgs) StdoutLine: {'line': b'-- Up-to-date symlink: /root/ws_sensor_combined/install/px4_msgs/include/px4_msgs/px4_msgs/msg/detail/internal_combustion_engine_control__traits.hpp\n'}
[1.086380] (px4_msgs) StdoutLine: {'line': b'-- Up-to-date symlink: /root/ws_sensor_combined/install/px4_msgs/include/px4_msgs/px4_msgs/msg/detail/internal_combustion_engine_control__type_support.hpp\n'}
[1.086459] (px4_msgs) StdoutLine: {'line': b'-- Up-to-date symlink: /root/ws_sensor_combined/install/px4_msgs/include/px4_msgs/px4_msgs/msg/detail/internal_combustion_engine_status__builder.hpp\n'}
[1.086511] (px4_msgs) StdoutLine: {'line': b'-- Up-to-date symlink: /root/ws_sensor_combined/install/px4_msgs/include/px4_msgs/px4_msgs/msg/detail/internal_combustion_engine_status__struct.hpp\n'}
[1.086624] (px4_msgs) StdoutLine: {'line': b'-- Up-to-date symlink: /root/ws_sensor_combined/install/px4_msgs/include/px4_msgs/px4_msgs/msg/detail/internal_combustion_engine_status__traits.hpp\n'}
[1.086700] (px4_msgs) StdoutLine: {'line': b'-- Up-to-date symlink: /root/ws_sensor_combined/install/px4_msgs/include/px4_msgs/px4_msgs/msg/detail/internal_combustion_engine_status__type_support.hpp\n'}
[1.086771] (px4_msgs) StdoutLine: {'line': b'-- Up-to-date symlink: /root/ws_sensor_combined/install/px4_msgs/include/px4_msgs/px4_msgs/msg/detail/iridiumsbd_status__builder.hpp\n'}
[1.086802] (px4_msgs) StdoutLine: {'line': b'-- Up-to-date symlink: /root/ws_sensor_combined/install/px4_msgs/include/px4_msgs/px4_msgs/msg/detail/iridiumsbd_status__struct.hpp\n'}
[1.086838] (px4_msgs) StdoutLine: {'line': b'-- Up-to-date symlink: /root/ws_sensor_combined/install/px4_msgs/include/px4_msgs/px4_msgs/msg/detail/iridiumsbd_status__traits.hpp\n'}
[1.087046] (px4_msgs) StdoutLine: {'line': b'-- Up-to-date symlink: /root/ws_sensor_combined/install/px4_msgs/include/px4_msgs/px4_msgs/msg/detail/iridiumsbd_status__type_support.hpp\n'}
[1.087147] (px4_msgs) StdoutLine: {'line': b'-- Up-to-date symlink: /root/ws_sensor_combined/install/px4_msgs/include/px4_msgs/px4_msgs/msg/detail/irlock_report__builder.hpp\n'}
[1.087229] (px4_msgs) StdoutLine: {'line': b'-- Up-to-date symlink: /root/ws_sensor_combined/install/px4_msgs/include/px4_msgs/px4_msgs/msg/detail/irlock_report__struct.hpp\n'}
[1.087386] (px4_msgs) StdoutLine: {'line': b'-- Up-to-date symlink: /root/ws_sensor_combined/install/px4_msgs/include/px4_msgs/px4_msgs/msg/detail/irlock_report__traits.hpp\n'}
[1.087474] (px4_msgs) StdoutLine: {'line': b'-- Up-to-date symlink: /root/ws_sensor_combined/install/px4_msgs/include/px4_msgs/px4_msgs/msg/detail/irlock_report__type_support.hpp\n'}
[1.087592] (px4_msgs) StdoutLine: {'line': b'-- Up-to-date symlink: /root/ws_sensor_combined/install/px4_msgs/include/px4_msgs/px4_msgs/msg/detail/landing_gear__builder.hpp\n'}
[1.087623] (px4_msgs) StdoutLine: {'line': b'-- Up-to-date symlink: /root/ws_sensor_combined/install/px4_msgs/include/px4_msgs/px4_msgs/msg/detail/landing_gear__struct.hpp\n'}
[1.087681] (px4_msgs) StdoutLine: {'line': b'-- Up-to-date symlink: /root/ws_sensor_combined/install/px4_msgs/include/px4_msgs/px4_msgs/msg/detail/landing_gear__traits.hpp\n'}
[1.087881] (px4_msgs) StdoutLine: {'line': b'-- Up-to-date symlink: /root/ws_sensor_combined/install/px4_msgs/include/px4_msgs/px4_msgs/msg/detail/landing_gear__type_support.hpp\n'}
[1.087963] (px4_msgs) StdoutLine: {'line': b'-- Up-to-date symlink: /root/ws_sensor_combined/install/px4_msgs/include/px4_msgs/px4_msgs/msg/detail/landing_gear_wheel__builder.hpp\n'}
[1.088098] (px4_msgs) StdoutLine: {'line': b'-- Up-to-date symlink: /root/ws_sensor_combined/install/px4_msgs/include/px4_msgs/px4_msgs/msg/detail/landing_gear_wheel__struct.hpp\n'}
[1.088175] (px4_msgs) StdoutLine: {'line': b'-- Up-to-date symlink: /root/ws_sensor_combined/install/px4_msgs/include/px4_msgs/px4_msgs/msg/detail/landing_gear_wheel__traits.hpp\n'}
[1.088382] (px4_msgs) StdoutLine: {'line': b'-- Up-to-date symlink: /root/ws_sensor_combined/install/px4_msgs/include/px4_msgs/px4_msgs/msg/detail/landing_gear_wheel__type_support.hpp\n'}
[1.088793] (px4_msgs) StdoutLine: {'line': b'-- Up-to-date symlink: /root/ws_sensor_combined/install/px4_msgs/include/px4_msgs/px4_msgs/msg/detail/landing_target_innovations__builder.hpp\n'}
[1.088915] (px4_msgs) StdoutLine: {'line': b'-- Up-to-date symlink: /root/ws_sensor_combined/install/px4_msgs/include/px4_msgs/px4_msgs/msg/detail/landing_target_innovations__struct.hpp\n'}
[1.088991] (px4_msgs) StdoutLine: {'line': b'-- Up-to-date symlink: /root/ws_sensor_combined/install/px4_msgs/include/px4_msgs/px4_msgs/msg/detail/landing_target_innovations__traits.hpp\n'}
[1.089210] (px4_msgs) StdoutLine: {'line': b'-- Up-to-date symlink: /root/ws_sensor_combined/install/px4_msgs/include/px4_msgs/px4_msgs/msg/detail/landing_target_innovations__type_support.hpp\n'}
[1.089292] (px4_msgs) StdoutLine: {'line': b'-- Up-to-date symlink: /root/ws_sensor_combined/install/px4_msgs/include/px4_msgs/px4_msgs/msg/detail/landing_target_pose__builder.hpp\n'}
[1.089372] (px4_msgs) StdoutLine: {'line': b'-- Up-to-date symlink: /root/ws_sensor_combined/install/px4_msgs/include/px4_msgs/px4_msgs/msg/detail/landing_target_pose__struct.hpp\n'}
[1.089405] (px4_msgs) StdoutLine: {'line': b'-- Up-to-date symlink: /root/ws_sensor_combined/install/px4_msgs/include/px4_msgs/px4_msgs/msg/detail/landing_target_pose__traits.hpp\n'}
[1.089432] (px4_msgs) StdoutLine: {'line': b'-- Up-to-date symlink: /root/ws_sensor_combined/install/px4_msgs/include/px4_msgs/px4_msgs/msg/detail/landing_target_pose__type_support.hpp\n'}
[1.089593] (px4_msgs) StdoutLine: {'line': b'-- Up-to-date symlink: /root/ws_sensor_combined/install/px4_msgs/include/px4_msgs/px4_msgs/msg/detail/lateral_control_configuration__builder.hpp\n'}
[1.089680] (px4_msgs) StdoutLine: {'line': b'-- Up-to-date symlink: /root/ws_sensor_combined/install/px4_msgs/include/px4_msgs/px4_msgs/msg/detail/lateral_control_configuration__struct.hpp\n'}
[1.089753] (px4_msgs) StdoutLine: {'line': b'-- Up-to-date symlink: /root/ws_sensor_combined/install/px4_msgs/include/px4_msgs/px4_msgs/msg/detail/lateral_control_configuration__traits.hpp\n'}
[1.089919] (px4_msgs) StdoutLine: {'line': b'-- Up-to-date symlink: /root/ws_sensor_combined/install/px4_msgs/include/px4_msgs/px4_msgs/msg/detail/lateral_control_configuration__type_support.hpp\n'}
[1.090098] (px4_msgs) StdoutLine: {'line': b'-- Up-to-date symlink: /root/ws_sensor_combined/install/px4_msgs/include/px4_msgs/px4_msgs/msg/detail/launch_detection_status__builder.hpp\n'}
[1.090180] (px4_msgs) StdoutLine: {'line': b'-- Up-to-date symlink: /root/ws_sensor_combined/install/px4_msgs/include/px4_msgs/px4_msgs/msg/detail/launch_detection_status__struct.hpp\n'}
[1.090287] (px4_msgs) StdoutLine: {'line': b'-- Up-to-date symlink: /root/ws_sensor_combined/install/px4_msgs/include/px4_msgs/px4_msgs/msg/detail/launch_detection_status__traits.hpp\n'}
[1.090313] (px4_msgs) StdoutLine: {'line': b'-- Up-to-date symlink: /root/ws_sensor_combined/install/px4_msgs/include/px4_msgs/px4_msgs/msg/detail/launch_detection_status__type_support.hpp\n'}
[1.090336] (px4_msgs) StdoutLine: {'line': b'-- Up-to-date symlink: /root/ws_sensor_combined/install/px4_msgs/include/px4_msgs/px4_msgs/msg/detail/led_control__builder.hpp\n'}
[1.090367] (px4_msgs) StdoutLine: {'line': b'-- Up-to-date symlink: /root/ws_sensor_combined/install/px4_msgs/include/px4_msgs/px4_msgs/msg/detail/led_control__struct.hpp\n'}
[1.090449] (px4_msgs) StdoutLine: {'line': b'-- Up-to-date symlink: /root/ws_sensor_combined/install/px4_msgs/include/px4_msgs/px4_msgs/msg/detail/led_control__traits.hpp\n'}
[1.090530] (px4_msgs) StdoutLine: {'line': b'-- Up-to-date symlink: /root/ws_sensor_combined/install/px4_msgs/include/px4_msgs/px4_msgs/msg/detail/led_control__type_support.hpp\n'}
[1.090609] (px4_msgs) StdoutLine: {'line': b'-- Up-to-date symlink: /root/ws_sensor_combined/install/px4_msgs/include/px4_msgs/px4_msgs/msg/detail/log_message__builder.hpp\n'}
[1.090689] (px4_msgs) StdoutLine: {'line': b'-- Up-to-date symlink: /root/ws_sensor_combined/install/px4_msgs/include/px4_msgs/px4_msgs/msg/detail/log_message__struct.hpp\n'}
[1.090770] (px4_msgs) StdoutLine: {'line': b'-- Up-to-date symlink: /root/ws_sensor_combined/install/px4_msgs/include/px4_msgs/px4_msgs/msg/detail/log_message__traits.hpp\n'}
[1.090839] (px4_msgs) StdoutLine: {'line': b'-- Up-to-date symlink: /root/ws_sensor_combined/install/px4_msgs/include/px4_msgs/px4_msgs/msg/detail/log_message__type_support.hpp\n'}
[1.090930] (px4_msgs) StdoutLine: {'line': b'-- Up-to-date symlink: /root/ws_sensor_combined/install/px4_msgs/include/px4_msgs/px4_msgs/msg/detail/logger_status__builder.hpp\n'}
[1.091018] (px4_msgs) StdoutLine: {'line': b'-- Up-to-date symlink: /root/ws_sensor_combined/install/px4_msgs/include/px4_msgs/px4_msgs/msg/detail/logger_status__struct.hpp\n'}
[1.091108] (px4_msgs) StdoutLine: {'line': b'-- Up-to-date symlink: /root/ws_sensor_combined/install/px4_msgs/include/px4_msgs/px4_msgs/msg/detail/logger_status__traits.hpp\n'}
[1.091198] (px4_msgs) StdoutLine: {'line': b'-- Up-to-date symlink: /root/ws_sensor_combined/install/px4_msgs/include/px4_msgs/px4_msgs/msg/detail/logger_status__type_support.hpp\n'}
[1.091286] (px4_msgs) StdoutLine: {'line': b'-- Up-to-date symlink: /root/ws_sensor_combined/install/px4_msgs/include/px4_msgs/px4_msgs/msg/detail/longitudinal_control_configuration__builder.hpp\n'}
[1.091377] (px4_msgs) StdoutLine: {'line': b'-- Up-to-date symlink: /root/ws_sensor_combined/install/px4_msgs/include/px4_msgs/px4_msgs/msg/detail/longitudinal_control_configuration__struct.hpp\n'}
[1.091457] (px4_msgs) StdoutLine: {'line': b'-- Up-to-date symlink: /root/ws_sensor_combined/install/px4_msgs/include/px4_msgs/px4_msgs/msg/detail/longitudinal_control_configuration__traits.hpp\n'}
[1.091548] (px4_msgs) StdoutLine: {'line': b'-- Up-to-date symlink: /root/ws_sensor_combined/install/px4_msgs/include/px4_msgs/px4_msgs/msg/detail/longitudinal_control_configuration__type_support.hpp\n'}
[1.091636] (px4_msgs) StdoutLine: {'line': b'-- Up-to-date symlink: /root/ws_sensor_combined/install/px4_msgs/include/px4_msgs/px4_msgs/msg/detail/mag_worker_data__builder.hpp\n'}
[1.091725] (px4_msgs) StdoutLine: {'line': b'-- Up-to-date symlink: /root/ws_sensor_combined/install/px4_msgs/include/px4_msgs/px4_msgs/msg/detail/mag_worker_data__struct.hpp\n'}
[1.091823] (px4_msgs) StdoutLine: {'line': b'-- Up-to-date symlink: /root/ws_sensor_combined/install/px4_msgs/include/px4_msgs/px4_msgs/msg/detail/mag_worker_data__traits.hpp\n'}
[1.091911] (px4_msgs) StdoutLine: {'line': b'-- Up-to-date symlink: /root/ws_sensor_combined/install/px4_msgs/include/px4_msgs/px4_msgs/msg/detail/mag_worker_data__type_support.hpp\n'}
[1.092006] (px4_msgs) StdoutLine: {'line': b'-- Up-to-date symlink: /root/ws_sensor_combined/install/px4_msgs/include/px4_msgs/px4_msgs/msg/detail/magnetometer_bias_estimate__builder.hpp\n'}
[1.092137] (px4_msgs) StdoutLine: {'line': b'-- Up-to-date symlink: /root/ws_sensor_combined/install/px4_msgs/include/px4_msgs/px4_msgs/msg/detail/magnetometer_bias_estimate__struct.hpp\n'}
[1.092206] (px4_msgs) StdoutLine: {'line': b'-- Up-to-date symlink: /root/ws_sensor_combined/install/px4_msgs/include/px4_msgs/px4_msgs/msg/detail/magnetometer_bias_estimate__traits.hpp\n'}
[1.092288] (px4_msgs) StdoutLine: {'line': b'-- Up-to-date symlink: /root/ws_sensor_combined/install/px4_msgs/include/px4_msgs/px4_msgs/msg/detail/magnetometer_bias_estimate__type_support.hpp\n'}
[1.092369] (px4_msgs) StdoutLine: {'line': b'-- Up-to-date symlink: /root/ws_sensor_combined/install/px4_msgs/include/px4_msgs/px4_msgs/msg/detail/manual_control_setpoint__builder.hpp\n'}
[1.092453] (px4_msgs) StdoutLine: {'line': b'-- Up-to-date symlink: /root/ws_sensor_combined/install/px4_msgs/include/px4_msgs/px4_msgs/msg/detail/manual_control_setpoint__struct.hpp\n'}
[1.092539] (px4_msgs) StdoutLine: {'line': b'-- Up-to-date symlink: /root/ws_sensor_combined/install/px4_msgs/include/px4_msgs/px4_msgs/msg/detail/manual_control_setpoint__traits.hpp\n'}
[1.092627] (px4_msgs) StdoutLine: {'line': b'-- Up-to-date symlink: /root/ws_sensor_combined/install/px4_msgs/include/px4_msgs/px4_msgs/msg/detail/manual_control_setpoint__type_support.hpp\n'}
[1.092709] (px4_msgs) StdoutLine: {'line': b'-- Up-to-date symlink: /root/ws_sensor_combined/install/px4_msgs/include/px4_msgs/px4_msgs/msg/detail/manual_control_switches__builder.hpp\n'}
[1.092790] (px4_msgs) StdoutLine: {'line': b'-- Up-to-date symlink: /root/ws_sensor_combined/install/px4_msgs/include/px4_msgs/px4_msgs/msg/detail/manual_control_switches__struct.hpp\n'}
[1.092931] (px4_msgs) StdoutLine: {'line': b'-- Up-to-date symlink: /root/ws_sensor_combined/install/px4_msgs/include/px4_msgs/px4_msgs/msg/detail/manual_control_switches__traits.hpp\n'}
[1.092969] (px4_msgs) StdoutLine: {'line': b'-- Up-to-date symlink: /root/ws_sensor_combined/install/px4_msgs/include/px4_msgs/px4_msgs/msg/detail/manual_control_switches__type_support.hpp\n'}
[1.093193] (px4_msgs) StdoutLine: {'line': b'-- Up-to-date symlink: /root/ws_sensor_combined/install/px4_msgs/include/px4_msgs/px4_msgs/msg/detail/mavlink_log__builder.hpp\n'}
[1.093229] (px4_msgs) StdoutLine: {'line': b'-- Up-to-date symlink: /root/ws_sensor_combined/install/px4_msgs/include/px4_msgs/px4_msgs/msg/detail/mavlink_log__struct.hpp\n'}
[1.093308] (px4_msgs) StdoutLine: {'line': b'-- Up-to-date symlink: /root/ws_sensor_combined/install/px4_msgs/include/px4_msgs/px4_msgs/msg/detail/mavlink_log__traits.hpp\n'}
[1.093395] (px4_msgs) StdoutLine: {'line': b'-- Up-to-date symlink: /root/ws_sensor_combined/install/px4_msgs/include/px4_msgs/px4_msgs/msg/detail/mavlink_log__type_support.hpp\n'}
[1.093649] (px4_msgs) StdoutLine: {'line': b'-- Up-to-date symlink: /root/ws_sensor_combined/install/px4_msgs/include/px4_msgs/px4_msgs/msg/detail/mavlink_tunnel__builder.hpp\n'}
[1.093766] (px4_msgs) StdoutLine: {'line': b'-- Up-to-date symlink: /root/ws_sensor_combined/install/px4_msgs/include/px4_msgs/px4_msgs/msg/detail/mavlink_tunnel__struct.hpp\n'}
[1.093839] (px4_msgs) StdoutLine: {'line': b'-- Up-to-date symlink: /root/ws_sensor_combined/install/px4_msgs/include/px4_msgs/px4_msgs/msg/detail/mavlink_tunnel__traits.hpp\n'}
[1.093995] (px4_msgs) StdoutLine: {'line': b'-- Up-to-date symlink: /root/ws_sensor_combined/install/px4_msgs/include/px4_msgs/px4_msgs/msg/detail/mavlink_tunnel__type_support.hpp\n'}
[1.094050] (px4_msgs) StdoutLine: {'line': b'-- Up-to-date symlink: /root/ws_sensor_combined/install/px4_msgs/include/px4_msgs/px4_msgs/msg/detail/message_format_request__builder.hpp\n'}
[1.094124] (px4_msgs) StdoutLine: {'line': b'-- Up-to-date symlink: /root/ws_sensor_combined/install/px4_msgs/include/px4_msgs/px4_msgs/msg/detail/message_format_request__struct.hpp\n'}
[1.094208] (px4_msgs) StdoutLine: {'line': b'-- Up-to-date symlink: /root/ws_sensor_combined/install/px4_msgs/include/px4_msgs/px4_msgs/msg/detail/message_format_request__traits.hpp\n'}
[1.094291] (px4_msgs) StdoutLine: {'line': b'-- Up-to-date symlink: /root/ws_sensor_combined/install/px4_msgs/include/px4_msgs/px4_msgs/msg/detail/message_format_request__type_support.hpp\n'}
[1.094352] (px4_msgs) StdoutLine: {'line': b'-- Up-to-date symlink: /root/ws_sensor_combined/install/px4_msgs/include/px4_msgs/px4_msgs/msg/detail/message_format_response__builder.hpp\n'}
[1.094423] (px4_msgs) StdoutLine: {'line': b'-- Up-to-date symlink: /root/ws_sensor_combined/install/px4_msgs/include/px4_msgs/px4_msgs/msg/detail/message_format_response__struct.hpp\n'}
[1.094482] (px4_msgs) StdoutLine: {'line': b'-- Up-to-date symlink: /root/ws_sensor_combined/install/px4_msgs/include/px4_msgs/px4_msgs/msg/detail/message_format_response__traits.hpp\n'}
[1.094619] (px4_msgs) StdoutLine: {'line': b'-- Up-to-date symlink: /root/ws_sensor_combined/install/px4_msgs/include/px4_msgs/px4_msgs/msg/detail/message_format_response__type_support.hpp\n'}
[1.094700] (px4_msgs) StdoutLine: {'line': b'-- Up-to-date symlink: /root/ws_sensor_combined/install/px4_msgs/include/px4_msgs/px4_msgs/msg/detail/mission__builder.hpp\n'}
[1.094781] (px4_msgs) StdoutLine: {'line': b'-- Up-to-date symlink: /root/ws_sensor_combined/install/px4_msgs/include/px4_msgs/px4_msgs/msg/detail/mission__struct.hpp\n'}
[1.094869] (px4_msgs) StdoutLine: {'line': b'-- Up-to-date symlink: /root/ws_sensor_combined/install/px4_msgs/include/px4_msgs/px4_msgs/msg/detail/mission__traits.hpp\n'}
[1.094950] (px4_msgs) StdoutLine: {'line': b'-- Up-to-date symlink: /root/ws_sensor_combined/install/px4_msgs/include/px4_msgs/px4_msgs/msg/detail/mission__type_support.hpp\n'}
[1.095031] (px4_msgs) StdoutLine: {'line': b'-- Up-to-date symlink: /root/ws_sensor_combined/install/px4_msgs/include/px4_msgs/px4_msgs/msg/detail/mission_result__builder.hpp\n'}
[1.095113] (px4_msgs) StdoutLine: {'line': b'-- Up-to-date symlink: /root/ws_sensor_combined/install/px4_msgs/include/px4_msgs/px4_msgs/msg/detail/mission_result__struct.hpp\n'}
[1.095194] (px4_msgs) StdoutLine: {'line': b'-- Up-to-date symlink: /root/ws_sensor_combined/install/px4_msgs/include/px4_msgs/px4_msgs/msg/detail/mission_result__traits.hpp\n'}
[1.095276] (px4_msgs) StdoutLine: {'line': b'-- Up-to-date symlink: /root/ws_sensor_combined/install/px4_msgs/include/px4_msgs/px4_msgs/msg/detail/mission_result__type_support.hpp\n'}
[1.095362] (px4_msgs) StdoutLine: {'line': b'-- Up-to-date symlink: /root/ws_sensor_combined/install/px4_msgs/include/px4_msgs/px4_msgs/msg/detail/mode_completed__builder.hpp\n'}
[1.095443] (px4_msgs) StdoutLine: {'line': b'-- Up-to-date symlink: /root/ws_sensor_combined/install/px4_msgs/include/px4_msgs/px4_msgs/msg/detail/mode_completed__struct.hpp\n'}
[1.095513] (px4_msgs) StdoutLine: {'line': b'-- Up-to-date symlink: /root/ws_sensor_combined/install/px4_msgs/include/px4_msgs/px4_msgs/msg/detail/mode_completed__traits.hpp\n'}
[1.095595] (px4_msgs) StdoutLine: {'line': b'-- Up-to-date symlink: /root/ws_sensor_combined/install/px4_msgs/include/px4_msgs/px4_msgs/msg/detail/mode_completed__type_support.hpp\n'}
[1.095675] (px4_msgs) StdoutLine: {'line': b'-- Up-to-date symlink: /root/ws_sensor_combined/install/px4_msgs/include/px4_msgs/px4_msgs/msg/detail/mount_orientation__builder.hpp\n'}
[1.095754] (px4_msgs) StdoutLine: {'line': b'-- Up-to-date symlink: /root/ws_sensor_combined/install/px4_msgs/include/px4_msgs/px4_msgs/msg/detail/mount_orientation__struct.hpp\n'}
[1.095835] (px4_msgs) StdoutLine: {'line': b'-- Up-to-date symlink: /root/ws_sensor_combined/install/px4_msgs/include/px4_msgs/px4_msgs/msg/detail/mount_orientation__traits.hpp\n'}
[1.095912] (px4_msgs) StdoutLine: {'line': b'-- Up-to-date symlink: /root/ws_sensor_combined/install/px4_msgs/include/px4_msgs/px4_msgs/msg/detail/mount_orientation__type_support.hpp\n'}
[1.095992] (px4_msgs) StdoutLine: {'line': b'-- Up-to-date symlink: /root/ws_sensor_combined/install/px4_msgs/include/px4_msgs/px4_msgs/msg/detail/navigator_mission_item__builder.hpp\n'}
[1.096073] (px4_msgs) StdoutLine: {'line': b'-- Up-to-date symlink: /root/ws_sensor_combined/install/px4_msgs/include/px4_msgs/px4_msgs/msg/detail/navigator_mission_item__struct.hpp\n'}
[1.096153] (px4_msgs) StdoutLine: {'line': b'-- Up-to-date symlink: /root/ws_sensor_combined/install/px4_msgs/include/px4_msgs/px4_msgs/msg/detail/navigator_mission_item__traits.hpp\n'}
[1.096223] (px4_msgs) StdoutLine: {'line': b'-- Up-to-date symlink: /root/ws_sensor_combined/install/px4_msgs/include/px4_msgs/px4_msgs/msg/detail/navigator_mission_item__type_support.hpp\n'}
[1.096303] (px4_msgs) StdoutLine: {'line': b'-- Up-to-date symlink: /root/ws_sensor_combined/install/px4_msgs/include/px4_msgs/px4_msgs/msg/detail/navigator_status__builder.hpp\n'}
[1.096386] (px4_msgs) StdoutLine: {'line': b'-- Up-to-date symlink: /root/ws_sensor_combined/install/px4_msgs/include/px4_msgs/px4_msgs/msg/detail/navigator_status__struct.hpp\n'}
[1.096466] (px4_msgs) StdoutLine: {'line': b'-- Up-to-date symlink: /root/ws_sensor_combined/install/px4_msgs/include/px4_msgs/px4_msgs/msg/detail/navigator_status__traits.hpp\n'}
[1.096546] (px4_msgs) StdoutLine: {'line': b'-- Up-to-date symlink: /root/ws_sensor_combined/install/px4_msgs/include/px4_msgs/px4_msgs/msg/detail/navigator_status__type_support.hpp\n'}
[1.096625] (px4_msgs) StdoutLine: {'line': b'-- Up-to-date symlink: /root/ws_sensor_combined/install/px4_msgs/include/px4_msgs/px4_msgs/msg/detail/neural_control__builder.hpp\n'}
[1.096704] (px4_msgs) StdoutLine: {'line': b'-- Up-to-date symlink: /root/ws_sensor_combined/install/px4_msgs/include/px4_msgs/px4_msgs/msg/detail/neural_control__struct.hpp\n'}
[1.096784] (px4_msgs) StdoutLine: {'line': b'-- Up-to-date symlink: /root/ws_sensor_combined/install/px4_msgs/include/px4_msgs/px4_msgs/msg/detail/neural_control__traits.hpp\n'}
[1.096863] (px4_msgs) StdoutLine: {'line': b'-- Up-to-date symlink: /root/ws_sensor_combined/install/px4_msgs/include/px4_msgs/px4_msgs/msg/detail/neural_control__type_support.hpp\n'}
[1.096942] (px4_msgs) StdoutLine: {'line': b'-- Up-to-date symlink: /root/ws_sensor_combined/install/px4_msgs/include/px4_msgs/px4_msgs/msg/detail/normalized_unsigned_setpoint__builder.hpp\n'}
[1.097022] (px4_msgs) StdoutLine: {'line': b'-- Up-to-date symlink: /root/ws_sensor_combined/install/px4_msgs/include/px4_msgs/px4_msgs/msg/detail/normalized_unsigned_setpoint__struct.hpp\n'}
[1.097101] (px4_msgs) StdoutLine: {'line': b'-- Up-to-date symlink: /root/ws_sensor_combined/install/px4_msgs/include/px4_msgs/px4_msgs/msg/detail/normalized_unsigned_setpoint__traits.hpp\n'}
[1.097180] (px4_msgs) StdoutLine: {'line': b'-- Up-to-date symlink: /root/ws_sensor_combined/install/px4_msgs/include/px4_msgs/px4_msgs/msg/detail/normalized_unsigned_setpoint__type_support.hpp\n'}
[1.097259] (px4_msgs) StdoutLine: {'line': b'-- Up-to-date symlink: /root/ws_sensor_combined/install/px4_msgs/include/px4_msgs/px4_msgs/msg/detail/obstacle_distance__builder.hpp\n'}
[1.097339] (px4_msgs) StdoutLine: {'line': b'-- Up-to-date symlink: /root/ws_sensor_combined/install/px4_msgs/include/px4_msgs/px4_msgs/msg/detail/obstacle_distance__struct.hpp\n'}
[1.097425] (px4_msgs) StdoutLine: {'line': b'-- Up-to-date symlink: /root/ws_sensor_combined/install/px4_msgs/include/px4_msgs/px4_msgs/msg/detail/obstacle_distance__traits.hpp\n'}
[1.097458] (px4_msgs) StdoutLine: {'line': b'-- Up-to-date symlink: /root/ws_sensor_combined/install/px4_msgs/include/px4_msgs/px4_msgs/msg/detail/obstacle_distance__type_support.hpp\n'}
[1.097552] (px4_msgs) StdoutLine: {'line': b'-- Up-to-date symlink: /root/ws_sensor_combined/install/px4_msgs/include/px4_msgs/px4_msgs/msg/detail/offboard_control_mode__builder.hpp\n'}
[1.097608] (px4_msgs) StdoutLine: {'line': b'-- Up-to-date symlink: /root/ws_sensor_combined/install/px4_msgs/include/px4_msgs/px4_msgs/msg/detail/offboard_control_mode__struct.hpp\n'}
[1.097783] (px4_msgs) StdoutLine: {'line': b'-- Up-to-date symlink: /root/ws_sensor_combined/install/px4_msgs/include/px4_msgs/px4_msgs/msg/detail/offboard_control_mode__traits.hpp\n'}
[1.097938] (px4_msgs) StdoutLine: {'line': b'-- Up-to-date symlink: /root/ws_sensor_combined/install/px4_msgs/include/px4_msgs/px4_msgs/msg/detail/offboard_control_mode__type_support.hpp\n'}
[1.098030] (px4_msgs) StdoutLine: {'line': b'-- Up-to-date symlink: /root/ws_sensor_combined/install/px4_msgs/include/px4_msgs/px4_msgs/msg/detail/onboard_computer_status__builder.hpp\n'}
[1.098093] (px4_msgs) StdoutLine: {'line': b'-- Up-to-date symlink: /root/ws_sensor_combined/install/px4_msgs/include/px4_msgs/px4_msgs/msg/detail/onboard_computer_status__struct.hpp\n'}
[1.098276] (px4_msgs) StdoutLine: {'line': b'-- Up-to-date symlink: /root/ws_sensor_combined/install/px4_msgs/include/px4_msgs/px4_msgs/msg/detail/onboard_computer_status__traits.hpp\n'}
[1.098407] (px4_msgs) StdoutLine: {'line': b'-- Up-to-date symlink: /root/ws_sensor_combined/install/px4_msgs/include/px4_msgs/px4_msgs/msg/detail/onboard_computer_status__type_support.hpp\n'}
[1.098493] (px4_msgs) StdoutLine: {'line': b'-- Up-to-date symlink: /root/ws_sensor_combined/install/px4_msgs/include/px4_msgs/px4_msgs/msg/detail/open_drone_id_arm_status__builder.hpp\n'}
[1.098619] (px4_msgs) StdoutLine: {'line': b'-- Up-to-date symlink: /root/ws_sensor_combined/install/px4_msgs/include/px4_msgs/px4_msgs/msg/detail/open_drone_id_arm_status__struct.hpp\n'}
[1.098662] (px4_msgs) StdoutLine: {'line': b'-- Up-to-date symlink: /root/ws_sensor_combined/install/px4_msgs/include/px4_msgs/px4_msgs/msg/detail/open_drone_id_arm_status__traits.hpp\n'}
[1.098744] (px4_msgs) StdoutLine: {'line': b'-- Up-to-date symlink: /root/ws_sensor_combined/install/px4_msgs/include/px4_msgs/px4_msgs/msg/detail/open_drone_id_arm_status__type_support.hpp\n'}
[1.098825] (px4_msgs) StdoutLine: {'line': b'-- Up-to-date symlink: /root/ws_sensor_combined/install/px4_msgs/include/px4_msgs/px4_msgs/msg/detail/open_drone_id_operator_id__builder.hpp\n'}
[1.098906] (px4_msgs) StdoutLine: {'line': b'-- Up-to-date symlink: /root/ws_sensor_combined/install/px4_msgs/include/px4_msgs/px4_msgs/msg/detail/open_drone_id_operator_id__struct.hpp\n'}
[1.098988] (px4_msgs) StdoutLine: {'line': b'-- Up-to-date symlink: /root/ws_sensor_combined/install/px4_msgs/include/px4_msgs/px4_msgs/msg/detail/open_drone_id_operator_id__traits.hpp\n'}
[1.099152] (px4_msgs) StdoutLine: {'line': b'-- Up-to-date symlink: /root/ws_sensor_combined/install/px4_msgs/include/px4_msgs/px4_msgs/msg/detail/open_drone_id_operator_id__type_support.hpp\n'}
[1.099220] (px4_msgs) StdoutLine: {'line': b'-- Up-to-date symlink: /root/ws_sensor_combined/install/px4_msgs/include/px4_msgs/px4_msgs/msg/detail/open_drone_id_self_id__builder.hpp\n'}
[1.099304] (px4_msgs) StdoutLine: {'line': b'-- Up-to-date symlink: /root/ws_sensor_combined/install/px4_msgs/include/px4_msgs/px4_msgs/msg/detail/open_drone_id_self_id__struct.hpp\n'}
[1.099374] (px4_msgs) StdoutLine: {'line': b'-- Up-to-date symlink: /root/ws_sensor_combined/install/px4_msgs/include/px4_msgs/px4_msgs/msg/detail/open_drone_id_self_id__traits.hpp\n'}
[1.099454] (px4_msgs) StdoutLine: {'line': b'-- Up-to-date symlink: /root/ws_sensor_combined/install/px4_msgs/include/px4_msgs/px4_msgs/msg/detail/open_drone_id_self_id__type_support.hpp\n'}
[1.099535] (px4_msgs) StdoutLine: {'line': b'-- Up-to-date symlink: /root/ws_sensor_combined/install/px4_msgs/include/px4_msgs/px4_msgs/msg/detail/open_drone_id_system__builder.hpp\n'}
[1.099615] (px4_msgs) StdoutLine: {'line': b'-- Up-to-date symlink: /root/ws_sensor_combined/install/px4_msgs/include/px4_msgs/px4_msgs/msg/detail/open_drone_id_system__struct.hpp\n'}
[1.099694] (px4_msgs) StdoutLine: {'line': b'-- Up-to-date symlink: /root/ws_sensor_combined/install/px4_msgs/include/px4_msgs/px4_msgs/msg/detail/open_drone_id_system__traits.hpp\n'}
[1.099774] (px4_msgs) StdoutLine: {'line': b'-- Up-to-date symlink: /root/ws_sensor_combined/install/px4_msgs/include/px4_msgs/px4_msgs/msg/detail/open_drone_id_system__type_support.hpp\n'}
[1.099853] (px4_msgs) StdoutLine: {'line': b'-- Up-to-date symlink: /root/ws_sensor_combined/install/px4_msgs/include/px4_msgs/px4_msgs/msg/detail/orb_test__builder.hpp\n'}
[1.100241] (px4_msgs) StdoutLine: {'line': b'-- Up-to-date symlink: /root/ws_sensor_combined/install/px4_msgs/include/px4_msgs/px4_msgs/msg/detail/orb_test__struct.hpp\n'}
[1.100517] (px4_msgs) StdoutLine: {'line': b'-- Up-to-date symlink: /root/ws_sensor_combined/install/px4_msgs/include/px4_msgs/px4_msgs/msg/detail/orb_test__traits.hpp\n'}
[1.100621] (px4_msgs) StdoutLine: {'line': b'-- Up-to-date symlink: /root/ws_sensor_combined/install/px4_msgs/include/px4_msgs/px4_msgs/msg/detail/orb_test__type_support.hpp\n'}
[1.100696] (px4_msgs) StdoutLine: {'line': b'-- Up-to-date symlink: /root/ws_sensor_combined/install/px4_msgs/include/px4_msgs/px4_msgs/msg/detail/orb_test_large__builder.hpp\n'}
[1.100779] (px4_msgs) StdoutLine: {'line': b'-- Up-to-date symlink: /root/ws_sensor_combined/install/px4_msgs/include/px4_msgs/px4_msgs/msg/detail/orb_test_large__struct.hpp\n'}
[1.100860] (px4_msgs) StdoutLine: {'line': b'-- Up-to-date symlink: /root/ws_sensor_combined/install/px4_msgs/include/px4_msgs/px4_msgs/msg/detail/orb_test_large__traits.hpp\n'}
[1.100942] (px4_msgs) StdoutLine: {'line': b'-- Up-to-date symlink: /root/ws_sensor_combined/install/px4_msgs/include/px4_msgs/px4_msgs/msg/detail/orb_test_large__type_support.hpp\n'}
[1.101078] (px4_msgs) StdoutLine: {'line': b'-- Up-to-date symlink: /root/ws_sensor_combined/install/px4_msgs/include/px4_msgs/px4_msgs/msg/detail/orb_test_medium__builder.hpp\n'}
[1.101142] (px4_msgs) StdoutLine: {'line': b'-- Up-to-date symlink: /root/ws_sensor_combined/install/px4_msgs/include/px4_msgs/px4_msgs/msg/detail/orb_test_medium__struct.hpp\n'}
[1.101204] (px4_msgs) StdoutLine: {'line': b'-- Up-to-date symlink: /root/ws_sensor_combined/install/px4_msgs/include/px4_msgs/px4_msgs/msg/detail/orb_test_medium__traits.hpp\n'}
[1.101235] (px4_msgs) StdoutLine: {'line': b'-- Up-to-date symlink: /root/ws_sensor_combined/install/px4_msgs/include/px4_msgs/px4_msgs/msg/detail/orb_test_medium__type_support.hpp\n'}
[1.101263] (px4_msgs) StdoutLine: {'line': b'-- Up-to-date symlink: /root/ws_sensor_combined/install/px4_msgs/include/px4_msgs/px4_msgs/msg/detail/orbit_status__builder.hpp\n'}
[1.101343] (px4_msgs) StdoutLine: {'line': b'-- Up-to-date symlink: /root/ws_sensor_combined/install/px4_msgs/include/px4_msgs/px4_msgs/msg/detail/orbit_status__struct.hpp\n'}
[1.101423] (px4_msgs) StdoutLine: {'line': b'-- Up-to-date symlink: /root/ws_sensor_combined/install/px4_msgs/include/px4_msgs/px4_msgs/msg/detail/orbit_status__traits.hpp\n'}
[1.101632] (px4_msgs) StdoutLine: {'line': b'-- Up-to-date symlink: /root/ws_sensor_combined/install/px4_msgs/include/px4_msgs/px4_msgs/msg/detail/orbit_status__type_support.hpp\n'}
[1.101700] (px4_msgs) StdoutLine: {'line': b'-- Up-to-date symlink: /root/ws_sensor_combined/install/px4_msgs/include/px4_msgs/px4_msgs/msg/detail/parameter_reset_request__builder.hpp\n'}
[1.101802] (px4_msgs) StdoutLine: {'line': b'-- Up-to-date symlink: /root/ws_sensor_combined/install/px4_msgs/include/px4_msgs/px4_msgs/msg/detail/parameter_reset_request__struct.hpp\n'}
[1.101847] (px4_msgs) StdoutLine: {'line': b'-- Up-to-date symlink: /root/ws_sensor_combined/install/px4_msgs/include/px4_msgs/px4_msgs/msg/detail/parameter_reset_request__traits.hpp\n'}
[1.101928] (px4_msgs) StdoutLine: {'line': b'-- Up-to-date symlink: /root/ws_sensor_combined/install/px4_msgs/include/px4_msgs/px4_msgs/msg/detail/parameter_reset_request__type_support.hpp\n'}
[1.102010] (px4_msgs) StdoutLine: {'line': b'-- Up-to-date symlink: /root/ws_sensor_combined/install/px4_msgs/include/px4_msgs/px4_msgs/msg/detail/parameter_set_used_request__builder.hpp\n'}
[1.102082] (px4_msgs) StdoutLine: {'line': b'-- Up-to-date symlink: /root/ws_sensor_combined/install/px4_msgs/include/px4_msgs/px4_msgs/msg/detail/parameter_set_used_request__struct.hpp\n'}
[1.102113] (px4_msgs) StdoutLine: {'line': b'-- Up-to-date symlink: /root/ws_sensor_combined/install/px4_msgs/include/px4_msgs/px4_msgs/msg/detail/parameter_set_used_request__traits.hpp\n'}
[1.102335] (px4_msgs) StdoutLine: {'line': b'-- Up-to-date symlink: /root/ws_sensor_combined/install/px4_msgs/include/px4_msgs/px4_msgs/msg/detail/parameter_set_used_request__type_support.hpp\n'}
[1.102427] (px4_msgs) StdoutLine: {'line': b'-- Up-to-date symlink: /root/ws_sensor_combined/install/px4_msgs/include/px4_msgs/px4_msgs/msg/detail/parameter_set_value_request__builder.hpp\n'}
[1.102461] (px4_msgs) StdoutLine: {'line': b'-- Up-to-date symlink: /root/ws_sensor_combined/install/px4_msgs/include/px4_msgs/px4_msgs/msg/detail/parameter_set_value_request__struct.hpp\n'}
[1.102583] (px4_msgs) StdoutLine: {'line': b'-- Up-to-date symlink: /root/ws_sensor_combined/install/px4_msgs/include/px4_msgs/px4_msgs/msg/detail/parameter_set_value_request__traits.hpp\n'}
[1.102670] (-) TimerEvent: {}
[1.102871] (px4_msgs) StdoutLine: {'line': b'-- Up-to-date symlink: /root/ws_sensor_combined/install/px4_msgs/include/px4_msgs/px4_msgs/msg/detail/parameter_set_value_request__type_support.hpp\n'}
[1.103011] (px4_msgs) StdoutLine: {'line': b'-- Up-to-date symlink: /root/ws_sensor_combined/install/px4_msgs/include/px4_msgs/px4_msgs/msg/detail/parameter_set_value_response__builder.hpp\n'}
[1.103050] (px4_msgs) StdoutLine: {'line': b'-- Up-to-date symlink: /root/ws_sensor_combined/install/px4_msgs/include/px4_msgs/px4_msgs/msg/detail/parameter_set_value_response__struct.hpp\n'}
[1.103133] (px4_msgs) StdoutLine: {'line': b'-- Up-to-date symlink: /root/ws_sensor_combined/install/px4_msgs/include/px4_msgs/px4_msgs/msg/detail/parameter_set_value_response__traits.hpp\n'}
[1.103213] (px4_msgs) StdoutLine: {'line': b'-- Up-to-date symlink: /root/ws_sensor_combined/install/px4_msgs/include/px4_msgs/px4_msgs/msg/detail/parameter_set_value_response__type_support.hpp\n'}
[1.103294] (px4_msgs) StdoutLine: {'line': b'-- Up-to-date symlink: /root/ws_sensor_combined/install/px4_msgs/include/px4_msgs/px4_msgs/msg/detail/parameter_update__builder.hpp\n'}
[1.103375] (px4_msgs) StdoutLine: {'line': b'-- Up-to-date symlink: /root/ws_sensor_combined/install/px4_msgs/include/px4_msgs/px4_msgs/msg/detail/parameter_update__struct.hpp\n'}
[1.103455] (px4_msgs) StdoutLine: {'line': b'-- Up-to-date symlink: /root/ws_sensor_combined/install/px4_msgs/include/px4_msgs/px4_msgs/msg/detail/parameter_update__traits.hpp\n'}
[1.103535] (px4_msgs) StdoutLine: {'line': b'-- Up-to-date symlink: /root/ws_sensor_combined/install/px4_msgs/include/px4_msgs/px4_msgs/msg/detail/parameter_update__type_support.hpp\n'}
[1.103658] (px4_msgs) StdoutLine: {'line': b'-- Up-to-date symlink: /root/ws_sensor_combined/install/px4_msgs/include/px4_msgs/px4_msgs/msg/detail/ping__builder.hpp\n'}
[1.103733] (px4_msgs) StdoutLine: {'line': b'-- Up-to-date symlink: /root/ws_sensor_combined/install/px4_msgs/include/px4_msgs/px4_msgs/msg/detail/ping__struct.hpp\n'}
[1.103809] (px4_msgs) StdoutLine: {'line': b'-- Up-to-date symlink: /root/ws_sensor_combined/install/px4_msgs/include/px4_msgs/px4_msgs/msg/detail/ping__traits.hpp\n'}
[1.103840] (px4_msgs) StdoutLine: {'line': b'-- Up-to-date symlink: /root/ws_sensor_combined/install/px4_msgs/include/px4_msgs/px4_msgs/msg/detail/ping__type_support.hpp\n'}
[1.103867] (px4_msgs) StdoutLine: {'line': b'-- Up-to-date symlink: /root/ws_sensor_combined/install/px4_msgs/include/px4_msgs/px4_msgs/msg/detail/position_controller_landing_status__builder.hpp\n'}
[1.103947] (px4_msgs) StdoutLine: {'line': b'-- Up-to-date symlink: /root/ws_sensor_combined/install/px4_msgs/include/px4_msgs/px4_msgs/msg/detail/position_controller_landing_status__struct.hpp\n'}
[1.104029] (px4_msgs) StdoutLine: {'line': b'-- Up-to-date symlink: /root/ws_sensor_combined/install/px4_msgs/include/px4_msgs/px4_msgs/msg/detail/position_controller_landing_status__traits.hpp\n'}
[1.104157] (px4_msgs) StdoutLine: {'line': b'-- Up-to-date symlink: /root/ws_sensor_combined/install/px4_msgs/include/px4_msgs/px4_msgs/msg/detail/position_controller_landing_status__type_support.hpp\n'}
[1.104204] (px4_msgs) StdoutLine: {'line': b'-- Up-to-date symlink: /root/ws_sensor_combined/install/px4_msgs/include/px4_msgs/px4_msgs/msg/detail/position_controller_status__builder.hpp\n'}
[1.104288] (px4_msgs) StdoutLine: {'line': b'-- Up-to-date symlink: /root/ws_sensor_combined/install/px4_msgs/include/px4_msgs/px4_msgs/msg/detail/position_controller_status__struct.hpp\n'}
[1.104369] (px4_msgs) StdoutLine: {'line': b'-- Up-to-date symlink: /root/ws_sensor_combined/install/px4_msgs/include/px4_msgs/px4_msgs/msg/detail/position_controller_status__traits.hpp\n'}
[1.104449] (px4_msgs) StdoutLine: {'line': b'-- Up-to-date symlink: /root/ws_sensor_combined/install/px4_msgs/include/px4_msgs/px4_msgs/msg/detail/position_controller_status__type_support.hpp\n'}
[1.104530] (px4_msgs) StdoutLine: {'line': b'-- Up-to-date symlink: /root/ws_sensor_combined/install/px4_msgs/include/px4_msgs/px4_msgs/msg/detail/position_setpoint__builder.hpp\n'}
[1.104610] (px4_msgs) StdoutLine: {'line': b'-- Up-to-date symlink: /root/ws_sensor_combined/install/px4_msgs/include/px4_msgs/px4_msgs/msg/detail/position_setpoint__struct.hpp\n'}
[1.104690] (px4_msgs) StdoutLine: {'line': b'-- Up-to-date symlink: /root/ws_sensor_combined/install/px4_msgs/include/px4_msgs/px4_msgs/msg/detail/position_setpoint__traits.hpp\n'}
[1.104770] (px4_msgs) StdoutLine: {'line': b'-- Up-to-date symlink: /root/ws_sensor_combined/install/px4_msgs/include/px4_msgs/px4_msgs/msg/detail/position_setpoint__type_support.hpp\n'}
[1.104850] (px4_msgs) StdoutLine: {'line': b'-- Up-to-date symlink: /root/ws_sensor_combined/install/px4_msgs/include/px4_msgs/px4_msgs/msg/detail/position_setpoint_triplet__builder.hpp\n'}
[1.104930] (px4_msgs) StdoutLine: {'line': b'-- Up-to-date symlink: /root/ws_sensor_combined/install/px4_msgs/include/px4_msgs/px4_msgs/msg/detail/position_setpoint_triplet__struct.hpp\n'}
[1.105011] (px4_msgs) StdoutLine: {'line': b'-- Up-to-date symlink: /root/ws_sensor_combined/install/px4_msgs/include/px4_msgs/px4_msgs/msg/detail/position_setpoint_triplet__traits.hpp\n'}
[1.105090] (px4_msgs) StdoutLine: {'line': b'-- Up-to-date symlink: /root/ws_sensor_combined/install/px4_msgs/include/px4_msgs/px4_msgs/msg/detail/position_setpoint_triplet__type_support.hpp\n'}
[1.105171] (px4_msgs) StdoutLine: {'line': b'-- Up-to-date symlink: /root/ws_sensor_combined/install/px4_msgs/include/px4_msgs/px4_msgs/msg/detail/power_button_state__builder.hpp\n'}
[1.105250] (px4_msgs) StdoutLine: {'line': b'-- Up-to-date symlink: /root/ws_sensor_combined/install/px4_msgs/include/px4_msgs/px4_msgs/msg/detail/power_button_state__struct.hpp\n'}
[1.105329] (px4_msgs) StdoutLine: {'line': b'-- Up-to-date symlink: /root/ws_sensor_combined/install/px4_msgs/include/px4_msgs/px4_msgs/msg/detail/power_button_state__traits.hpp\n'}
[1.105408] (px4_msgs) StdoutLine: {'line': b'-- Up-to-date symlink: /root/ws_sensor_combined/install/px4_msgs/include/px4_msgs/px4_msgs/msg/detail/power_button_state__type_support.hpp\n'}
[1.105498] (px4_msgs) StdoutLine: {'line': b'-- Up-to-date symlink: /root/ws_sensor_combined/install/px4_msgs/include/px4_msgs/px4_msgs/msg/detail/power_monitor__builder.hpp\n'}
[1.105583] (px4_msgs) StdoutLine: {'line': b'-- Up-to-date symlink: /root/ws_sensor_combined/install/px4_msgs/include/px4_msgs/px4_msgs/msg/detail/power_monitor__struct.hpp\n'}
[1.105664] (px4_msgs) StdoutLine: {'line': b'-- Up-to-date symlink: /root/ws_sensor_combined/install/px4_msgs/include/px4_msgs/px4_msgs/msg/detail/power_monitor__traits.hpp\n'}
[1.105744] (px4_msgs) StdoutLine: {'line': b'-- Up-to-date symlink: /root/ws_sensor_combined/install/px4_msgs/include/px4_msgs/px4_msgs/msg/detail/power_monitor__type_support.hpp\n'}
[1.105829] (px4_msgs) StdoutLine: {'line': b'-- Up-to-date symlink: /root/ws_sensor_combined/install/px4_msgs/include/px4_msgs/px4_msgs/msg/detail/pps_capture__builder.hpp\n'}
[1.105875] (px4_msgs) StdoutLine: {'line': b'-- Up-to-date symlink: /root/ws_sensor_combined/install/px4_msgs/include/px4_msgs/px4_msgs/msg/detail/pps_capture__struct.hpp\n'}
[1.106005] (px4_msgs) StdoutLine: {'line': b'-- Up-to-date symlink: /root/ws_sensor_combined/install/px4_msgs/include/px4_msgs/px4_msgs/msg/detail/pps_capture__traits.hpp\n'}
[1.106466] (px4_msgs) StdoutLine: {'line': b'-- Up-to-date symlink: /root/ws_sensor_combined/install/px4_msgs/include/px4_msgs/px4_msgs/msg/detail/pps_capture__type_support.hpp\n'}
[1.106684] (px4_msgs) StdoutLine: {'line': b'-- Up-to-date symlink: /root/ws_sensor_combined/install/px4_msgs/include/px4_msgs/px4_msgs/msg/detail/pure_pursuit_status__builder.hpp\n'}
[1.106801] (px4_msgs) StdoutLine: {'line': b'-- Up-to-date symlink: /root/ws_sensor_combined/install/px4_msgs/include/px4_msgs/px4_msgs/msg/detail/pure_pursuit_status__struct.hpp\n'}
[1.106859] (px4_msgs) StdoutLine: {'line': b'-- Up-to-date symlink: /root/ws_sensor_combined/install/px4_msgs/include/px4_msgs/px4_msgs/msg/detail/pure_pursuit_status__traits.hpp\n'}
[1.106889] (px4_msgs) StdoutLine: {'line': b'-- Up-to-date symlink: /root/ws_sensor_combined/install/px4_msgs/include/px4_msgs/px4_msgs/msg/detail/pure_pursuit_status__type_support.hpp\n'}
[1.106913] (px4_msgs) StdoutLine: {'line': b'-- Up-to-date symlink: /root/ws_sensor_combined/install/px4_msgs/include/px4_msgs/px4_msgs/msg/detail/pwm_input__builder.hpp\n'}
[1.106937] (px4_msgs) StdoutLine: {'line': b'-- Up-to-date symlink: /root/ws_sensor_combined/install/px4_msgs/include/px4_msgs/px4_msgs/msg/detail/pwm_input__struct.hpp\n'}
[1.107046] (px4_msgs) StdoutLine: {'line': b'-- Up-to-date symlink: /root/ws_sensor_combined/install/px4_msgs/include/px4_msgs/px4_msgs/msg/detail/pwm_input__traits.hpp\n'}
[1.107079] (px4_msgs) StdoutLine: {'line': b'-- Up-to-date symlink: /root/ws_sensor_combined/install/px4_msgs/include/px4_msgs/px4_msgs/msg/detail/pwm_input__type_support.hpp\n'}
[1.107103] (px4_msgs) StdoutLine: {'line': b'-- Up-to-date symlink: /root/ws_sensor_combined/install/px4_msgs/include/px4_msgs/px4_msgs/msg/detail/px4io_status__builder.hpp\n'}
[1.107155] (px4_msgs) StdoutLine: {'line': b'-- Up-to-date symlink: /root/ws_sensor_combined/install/px4_msgs/include/px4_msgs/px4_msgs/msg/detail/px4io_status__struct.hpp\n'}
[1.107237] (px4_msgs) StdoutLine: {'line': b'-- Up-to-date symlink: /root/ws_sensor_combined/install/px4_msgs/include/px4_msgs/px4_msgs/msg/detail/px4io_status__traits.hpp\n'}
[1.107317] (px4_msgs) StdoutLine: {'line': b'-- Up-to-date symlink: /root/ws_sensor_combined/install/px4_msgs/include/px4_msgs/px4_msgs/msg/detail/px4io_status__type_support.hpp\n'}
[1.107402] (px4_msgs) StdoutLine: {'line': b'-- Up-to-date symlink: /root/ws_sensor_combined/install/px4_msgs/include/px4_msgs/px4_msgs/msg/detail/qshell_req__builder.hpp\n'}
[1.107482] (px4_msgs) StdoutLine: {'line': b'-- Up-to-date symlink: /root/ws_sensor_combined/install/px4_msgs/include/px4_msgs/px4_msgs/msg/detail/qshell_req__struct.hpp\n'}
[1.107553] (px4_msgs) StdoutLine: {'line': b'-- Up-to-date symlink: /root/ws_sensor_combined/install/px4_msgs/include/px4_msgs/px4_msgs/msg/detail/qshell_req__traits.hpp\n'}
[1.107693] (px4_msgs) StdoutLine: {'line': b'-- Up-to-date symlink: /root/ws_sensor_combined/install/px4_msgs/include/px4_msgs/px4_msgs/msg/detail/qshell_req__type_support.hpp\n'}
[1.107776] (px4_msgs) StdoutLine: {'line': b'-- Up-to-date symlink: /root/ws_sensor_combined/install/px4_msgs/include/px4_msgs/px4_msgs/msg/detail/qshell_retval__builder.hpp\n'}
[1.107854] (px4_msgs) StdoutLine: {'line': b'-- Up-to-date symlink: /root/ws_sensor_combined/install/px4_msgs/include/px4_msgs/px4_msgs/msg/detail/qshell_retval__struct.hpp\n'}
[1.107935] (px4_msgs) StdoutLine: {'line': b'-- Up-to-date symlink: /root/ws_sensor_combined/install/px4_msgs/include/px4_msgs/px4_msgs/msg/detail/qshell_retval__traits.hpp\n'}
[1.107970] (px4_msgs) StdoutLine: {'line': b'-- Up-to-date symlink: /root/ws_sensor_combined/install/px4_msgs/include/px4_msgs/px4_msgs/msg/detail/qshell_retval__type_support.hpp\n'}
[1.108107] (px4_msgs) StdoutLine: {'line': b'-- Up-to-date symlink: /root/ws_sensor_combined/install/px4_msgs/include/px4_msgs/px4_msgs/msg/detail/radio_status__builder.hpp\n'}
[1.108139] (px4_msgs) StdoutLine: {'line': b'-- Up-to-date symlink: /root/ws_sensor_combined/install/px4_msgs/include/px4_msgs/px4_msgs/msg/detail/radio_status__struct.hpp\n'}
[1.108170] (px4_msgs) StdoutLine: {'line': b'-- Up-to-date symlink: /root/ws_sensor_combined/install/px4_msgs/include/px4_msgs/px4_msgs/msg/detail/radio_status__traits.hpp\n'}
[1.108194] (px4_msgs) StdoutLine: {'line': b'-- Up-to-date symlink: /root/ws_sensor_combined/install/px4_msgs/include/px4_msgs/px4_msgs/msg/detail/radio_status__type_support.hpp\n'}
[1.108259] (px4_msgs) StdoutLine: {'line': b'-- Up-to-date symlink: /root/ws_sensor_combined/install/px4_msgs/include/px4_msgs/px4_msgs/msg/detail/rate_ctrl_status__builder.hpp\n'}
[1.108412] (px4_msgs) StdoutLine: {'line': b'-- Up-to-date symlink: /root/ws_sensor_combined/install/px4_msgs/include/px4_msgs/px4_msgs/msg/detail/rate_ctrl_status__struct.hpp\n'}
[1.108545] (px4_msgs) StdoutLine: {'line': b'-- Up-to-date symlink: /root/ws_sensor_combined/install/px4_msgs/include/px4_msgs/px4_msgs/msg/detail/rate_ctrl_status__traits.hpp\n'}
[1.108630] (px4_msgs) StdoutLine: {'line': b'-- Up-to-date symlink: /root/ws_sensor_combined/install/px4_msgs/include/px4_msgs/px4_msgs/msg/detail/rate_ctrl_status__type_support.hpp\n'}
[1.108661] (px4_msgs) StdoutLine: {'line': b'-- Up-to-date symlink: /root/ws_sensor_combined/install/px4_msgs/include/px4_msgs/px4_msgs/msg/detail/rc_channels__builder.hpp\n'}
[1.108730] (px4_msgs) StdoutLine: {'line': b'-- Up-to-date symlink: /root/ws_sensor_combined/install/px4_msgs/include/px4_msgs/px4_msgs/msg/detail/rc_channels__struct.hpp\n'}
[1.108776] (px4_msgs) StdoutLine: {'line': b'-- Up-to-date symlink: /root/ws_sensor_combined/install/px4_msgs/include/px4_msgs/px4_msgs/msg/detail/rc_channels__traits.hpp\n'}
[1.108921] (px4_msgs) StdoutLine: {'line': b'-- Up-to-date symlink: /root/ws_sensor_combined/install/px4_msgs/include/px4_msgs/px4_msgs/msg/detail/rc_channels__type_support.hpp\n'}
[1.109001] (px4_msgs) StdoutLine: {'line': b'-- Up-to-date symlink: /root/ws_sensor_combined/install/px4_msgs/include/px4_msgs/px4_msgs/msg/detail/rc_parameter_map__builder.hpp\n'}
[1.109165] (px4_msgs) StdoutLine: {'line': b'-- Up-to-date symlink: /root/ws_sensor_combined/install/px4_msgs/include/px4_msgs/px4_msgs/msg/detail/rc_parameter_map__struct.hpp\n'}
[1.109268] (px4_msgs) StdoutLine: {'line': b'-- Up-to-date symlink: /root/ws_sensor_combined/install/px4_msgs/include/px4_msgs/px4_msgs/msg/detail/rc_parameter_map__traits.hpp\n'}
[1.109306] (px4_msgs) StdoutLine: {'line': b'-- Up-to-date symlink: /root/ws_sensor_combined/install/px4_msgs/include/px4_msgs/px4_msgs/msg/detail/rc_parameter_map__type_support.hpp\n'}
[1.109393] (px4_msgs) StdoutLine: {'line': b'-- Up-to-date symlink: /root/ws_sensor_combined/install/px4_msgs/include/px4_msgs/px4_msgs/msg/detail/register_ext_component_reply__builder.hpp\n'}
[1.109482] (px4_msgs) StdoutLine: {'line': b'-- Up-to-date symlink: /root/ws_sensor_combined/install/px4_msgs/include/px4_msgs/px4_msgs/msg/detail/register_ext_component_reply__struct.hpp\n'}
[1.109691] (px4_msgs) StdoutLine: {'line': b'-- Up-to-date symlink: /root/ws_sensor_combined/install/px4_msgs/include/px4_msgs/px4_msgs/msg/detail/register_ext_component_reply__traits.hpp\n'}
[1.109765] (px4_msgs) StdoutLine: {'line': b'-- Up-to-date symlink: /root/ws_sensor_combined/install/px4_msgs/include/px4_msgs/px4_msgs/msg/detail/register_ext_component_reply__type_support.hpp\n'}
[1.109796] (px4_msgs) StdoutLine: {'line': b'-- Up-to-date symlink: /root/ws_sensor_combined/install/px4_msgs/include/px4_msgs/px4_msgs/msg/detail/register_ext_component_request__builder.hpp\n'}
[1.109830] (px4_msgs) StdoutLine: {'line': b'-- Up-to-date symlink: /root/ws_sensor_combined/install/px4_msgs/include/px4_msgs/px4_msgs/msg/detail/register_ext_component_request__struct.hpp\n'}
[1.109893] (px4_msgs) StdoutLine: {'line': b'-- Up-to-date symlink: /root/ws_sensor_combined/install/px4_msgs/include/px4_msgs/px4_msgs/msg/detail/register_ext_component_request__traits.hpp\n'}
[1.109943] (px4_msgs) StdoutLine: {'line': b'-- Up-to-date symlink: /root/ws_sensor_combined/install/px4_msgs/include/px4_msgs/px4_msgs/msg/detail/register_ext_component_request__type_support.hpp\n'}
[1.110011] (px4_msgs) StdoutLine: {'line': b'-- Up-to-date symlink: /root/ws_sensor_combined/install/px4_msgs/include/px4_msgs/px4_msgs/msg/detail/rover_attitude_setpoint__builder.hpp\n'}
[1.110145] (px4_msgs) StdoutLine: {'line': b'-- Up-to-date symlink: /root/ws_sensor_combined/install/px4_msgs/include/px4_msgs/px4_msgs/msg/detail/rover_attitude_setpoint__struct.hpp\n'}
[1.110176] (px4_msgs) StdoutLine: {'line': b'-- Up-to-date symlink: /root/ws_sensor_combined/install/px4_msgs/include/px4_msgs/px4_msgs/msg/detail/rover_attitude_setpoint__traits.hpp\n'}
[1.110201] (px4_msgs) StdoutLine: {'line': b'-- Up-to-date symlink: /root/ws_sensor_combined/install/px4_msgs/include/px4_msgs/px4_msgs/msg/detail/rover_attitude_setpoint__type_support.hpp\n'}
[1.110364] (px4_msgs) StdoutLine: {'line': b'-- Up-to-date symlink: /root/ws_sensor_combined/install/px4_msgs/include/px4_msgs/px4_msgs/msg/detail/rover_attitude_status__builder.hpp\n'}
[1.110506] (px4_msgs) StdoutLine: {'line': b'-- Up-to-date symlink: /root/ws_sensor_combined/install/px4_msgs/include/px4_msgs/px4_msgs/msg/detail/rover_attitude_status__struct.hpp\n'}
[1.110556] (px4_msgs) StdoutLine: {'line': b'-- Up-to-date symlink: /root/ws_sensor_combined/install/px4_msgs/include/px4_msgs/px4_msgs/msg/detail/rover_attitude_status__traits.hpp\n'}
[1.110640] (px4_msgs) StdoutLine: {'line': b'-- Up-to-date symlink: /root/ws_sensor_combined/install/px4_msgs/include/px4_msgs/px4_msgs/msg/detail/rover_attitude_status__type_support.hpp\n'}
[1.110774] (px4_msgs) StdoutLine: {'line': b'-- Up-to-date symlink: /root/ws_sensor_combined/install/px4_msgs/include/px4_msgs/px4_msgs/msg/detail/rover_position_setpoint__builder.hpp\n'}
[1.110838] (px4_msgs) StdoutLine: {'line': b'-- Up-to-date symlink: /root/ws_sensor_combined/install/px4_msgs/include/px4_msgs/px4_msgs/msg/detail/rover_position_setpoint__struct.hpp\n'}
[1.110920] (px4_msgs) StdoutLine: {'line': b'-- Up-to-date symlink: /root/ws_sensor_combined/install/px4_msgs/include/px4_msgs/px4_msgs/msg/detail/rover_position_setpoint__traits.hpp\n'}
[1.110966] (px4_msgs) StdoutLine: {'line': b'-- Up-to-date symlink: /root/ws_sensor_combined/install/px4_msgs/include/px4_msgs/px4_msgs/msg/detail/rover_position_setpoint__type_support.hpp\n'}
[1.111314] (px4_msgs) StdoutLine: {'line': b'-- Up-to-date symlink: /root/ws_sensor_combined/install/px4_msgs/include/px4_msgs/px4_msgs/msg/detail/rover_rate_setpoint__builder.hpp\n'}
[1.111495] (px4_msgs) StdoutLine: {'line': b'-- Up-to-date symlink: /root/ws_sensor_combined/install/px4_msgs/include/px4_msgs/px4_msgs/msg/detail/rover_rate_setpoint__struct.hpp\n'}
[1.111528] (px4_msgs) StdoutLine: {'line': b'-- Up-to-date symlink: /root/ws_sensor_combined/install/px4_msgs/include/px4_msgs/px4_msgs/msg/detail/rover_rate_setpoint__traits.hpp\n'}
[1.111613] (px4_msgs) StdoutLine: {'line': b'-- Up-to-date symlink: /root/ws_sensor_combined/install/px4_msgs/include/px4_msgs/px4_msgs/msg/detail/rover_rate_setpoint__type_support.hpp\n'}
[1.111726] (px4_msgs) StdoutLine: {'line': b'-- Up-to-date symlink: /root/ws_sensor_combined/install/px4_msgs/include/px4_msgs/px4_msgs/msg/detail/rover_rate_status__builder.hpp\n'}
[1.111842] (px4_msgs) StdoutLine: {'line': b'-- Up-to-date symlink: /root/ws_sensor_combined/install/px4_msgs/include/px4_msgs/px4_msgs/msg/detail/rover_rate_status__struct.hpp\n'}
[1.111999] (px4_msgs) StdoutLine: {'line': b'-- Up-to-date symlink: /root/ws_sensor_combined/install/px4_msgs/include/px4_msgs/px4_msgs/msg/detail/rover_rate_status__traits.hpp\n'}
[1.112048] (px4_msgs) StdoutLine: {'line': b'-- Up-to-date symlink: /root/ws_sensor_combined/install/px4_msgs/include/px4_msgs/px4_msgs/msg/detail/rover_rate_status__type_support.hpp\n'}
[1.112312] (px4_msgs) StdoutLine: {'line': b'-- Up-to-date symlink: /root/ws_sensor_combined/install/px4_msgs/include/px4_msgs/px4_msgs/msg/detail/rover_steering_setpoint__builder.hpp\n'}
[1.112348] (px4_msgs) StdoutLine: {'line': b'-- Up-to-date symlink: /root/ws_sensor_combined/install/px4_msgs/include/px4_msgs/px4_msgs/msg/detail/rover_steering_setpoint__struct.hpp\n'}
[1.112562] (px4_msgs) StdoutLine: {'line': b'-- Up-to-date symlink: /root/ws_sensor_combined/install/px4_msgs/include/px4_msgs/px4_msgs/msg/detail/rover_steering_setpoint__traits.hpp\n'}
[1.112728] (px4_msgs) StdoutLine: {'line': b'-- Up-to-date symlink: /root/ws_sensor_combined/install/px4_msgs/include/px4_msgs/px4_msgs/msg/detail/rover_steering_setpoint__type_support.hpp\n'}
[1.112798] (px4_msgs) StdoutLine: {'line': b'-- Up-to-date symlink: /root/ws_sensor_combined/install/px4_msgs/include/px4_msgs/px4_msgs/msg/detail/rover_throttle_setpoint__builder.hpp\n'}
[1.112859] (px4_msgs) StdoutLine: {'line': b'-- Up-to-date symlink: /root/ws_sensor_combined/install/px4_msgs/include/px4_msgs/px4_msgs/msg/detail/rover_throttle_setpoint__struct.hpp\n'}
[1.112910] (px4_msgs) StdoutLine: {'line': b'-- Up-to-date symlink: /root/ws_sensor_combined/install/px4_msgs/include/px4_msgs/px4_msgs/msg/detail/rover_throttle_setpoint__traits.hpp\n'}
[1.113073] (px4_msgs) StdoutLine: {'line': b'-- Up-to-date symlink: /root/ws_sensor_combined/install/px4_msgs/include/px4_msgs/px4_msgs/msg/detail/rover_throttle_setpoint__type_support.hpp\n'}
[1.113132] (px4_msgs) StdoutLine: {'line': b'-- Up-to-date symlink: /root/ws_sensor_combined/install/px4_msgs/include/px4_msgs/px4_msgs/msg/detail/rover_velocity_setpoint__builder.hpp\n'}
[1.113198] (px4_msgs) StdoutLine: {'line': b'-- Up-to-date symlink: /root/ws_sensor_combined/install/px4_msgs/include/px4_msgs/px4_msgs/msg/detail/rover_velocity_setpoint__struct.hpp\n'}
[1.113252] (px4_msgs) StdoutLine: {'line': b'-- Up-to-date symlink: /root/ws_sensor_combined/install/px4_msgs/include/px4_msgs/px4_msgs/msg/detail/rover_velocity_setpoint__traits.hpp\n'}
[1.113328] (px4_msgs) StdoutLine: {'line': b'-- Up-to-date symlink: /root/ws_sensor_combined/install/px4_msgs/include/px4_msgs/px4_msgs/msg/detail/rover_velocity_setpoint__type_support.hpp\n'}
[1.113521] (px4_msgs) StdoutLine: {'line': b'-- Up-to-date symlink: /root/ws_sensor_combined/install/px4_msgs/include/px4_msgs/px4_msgs/msg/detail/rover_velocity_status__builder.hpp\n'}
[1.113886] (px4_msgs) StdoutLine: {'line': b'-- Up-to-date symlink: /root/ws_sensor_combined/install/px4_msgs/include/px4_msgs/px4_msgs/msg/detail/rover_velocity_status__struct.hpp\n'}
[1.114081] (px4_msgs) StdoutLine: {'line': b'-- Up-to-date symlink: /root/ws_sensor_combined/install/px4_msgs/include/px4_msgs/px4_msgs/msg/detail/rover_velocity_status__traits.hpp\n'}
[1.114382] (px4_msgs) StdoutLine: {'line': b'-- Up-to-date symlink: /root/ws_sensor_combined/install/px4_msgs/include/px4_msgs/px4_msgs/msg/detail/rover_velocity_status__type_support.hpp\n'}
[1.114559] (px4_msgs) StdoutLine: {'line': b'-- Up-to-date symlink: /root/ws_sensor_combined/install/px4_msgs/include/px4_msgs/px4_msgs/msg/detail/rpm__builder.hpp\n'}
[1.114803] (px4_msgs) StdoutLine: {'line': b'-- Up-to-date symlink: /root/ws_sensor_combined/install/px4_msgs/include/px4_msgs/px4_msgs/msg/detail/rpm__struct.hpp\n'}
[1.115020] (px4_msgs) StdoutLine: {'line': b'-- Up-to-date symlink: /root/ws_sensor_combined/install/px4_msgs/include/px4_msgs/px4_msgs/msg/detail/rpm__traits.hpp\n'}
[1.115076] (px4_msgs) StdoutLine: {'line': b'-- Up-to-date symlink: /root/ws_sensor_combined/install/px4_msgs/include/px4_msgs/px4_msgs/msg/detail/rpm__type_support.hpp\n'}
[1.115140] (px4_msgs) StdoutLine: {'line': b'-- Up-to-date symlink: /root/ws_sensor_combined/install/px4_msgs/include/px4_msgs/px4_msgs/msg/detail/rtl_status__builder.hpp\n'}
[1.115191] (px4_msgs) StdoutLine: {'line': b'-- Up-to-date symlink: /root/ws_sensor_combined/install/px4_msgs/include/px4_msgs/px4_msgs/msg/detail/rtl_status__struct.hpp\n'}
[1.115241] (px4_msgs) StdoutLine: {'line': b'-- Up-to-date symlink: /root/ws_sensor_combined/install/px4_msgs/include/px4_msgs/px4_msgs/msg/detail/rtl_status__traits.hpp\n'}
[1.115304] (px4_msgs) StdoutLine: {'line': b'-- Up-to-date symlink: /root/ws_sensor_combined/install/px4_msgs/include/px4_msgs/px4_msgs/msg/detail/rtl_status__type_support.hpp\n'}
[1.115377] (px4_msgs) StdoutLine: {'line': b'-- Up-to-date symlink: /root/ws_sensor_combined/install/px4_msgs/include/px4_msgs/px4_msgs/msg/detail/rtl_time_estimate__builder.hpp\n'}
[1.115437] (px4_msgs) StdoutLine: {'line': b'-- Up-to-date symlink: /root/ws_sensor_combined/install/px4_msgs/include/px4_msgs/px4_msgs/msg/detail/rtl_time_estimate__struct.hpp\n'}
[1.115616] (px4_msgs) StdoutLine: {'line': b'-- Up-to-date symlink: /root/ws_sensor_combined/install/px4_msgs/include/px4_msgs/px4_msgs/msg/detail/rtl_time_estimate__traits.hpp\n'}
[1.115684] (px4_msgs) StdoutLine: {'line': b'-- Up-to-date symlink: /root/ws_sensor_combined/install/px4_msgs/include/px4_msgs/px4_msgs/msg/detail/rtl_time_estimate__type_support.hpp\n'}
[1.115744] (px4_msgs) StdoutLine: {'line': b'-- Up-to-date symlink: /root/ws_sensor_combined/install/px4_msgs/include/px4_msgs/px4_msgs/msg/detail/satellite_info__builder.hpp\n'}
[1.115793] (px4_msgs) StdoutLine: {'line': b'-- Up-to-date symlink: /root/ws_sensor_combined/install/px4_msgs/include/px4_msgs/px4_msgs/msg/detail/satellite_info__struct.hpp\n'}
[1.115876] (px4_msgs) StdoutLine: {'line': b'-- Up-to-date symlink: /root/ws_sensor_combined/install/px4_msgs/include/px4_msgs/px4_msgs/msg/detail/satellite_info__traits.hpp\n'}
[1.115956] (px4_msgs) StdoutLine: {'line': b'-- Up-to-date symlink: /root/ws_sensor_combined/install/px4_msgs/include/px4_msgs/px4_msgs/msg/detail/satellite_info__type_support.hpp\n'}
[1.116046] (px4_msgs) StdoutLine: {'line': b'-- Up-to-date symlink: /root/ws_sensor_combined/install/px4_msgs/include/px4_msgs/px4_msgs/msg/detail/sensor_accel__builder.hpp\n'}
[1.116089] (px4_msgs) StdoutLine: {'line': b'-- Up-to-date symlink: /root/ws_sensor_combined/install/px4_msgs/include/px4_msgs/px4_msgs/msg/detail/sensor_accel__struct.hpp\n'}
[1.116240] (px4_msgs) StdoutLine: {'line': b'-- Up-to-date symlink: /root/ws_sensor_combined/install/px4_msgs/include/px4_msgs/px4_msgs/msg/detail/sensor_accel__traits.hpp\n'}
[1.116306] (px4_msgs) StdoutLine: {'line': b'-- Up-to-date symlink: /root/ws_sensor_combined/install/px4_msgs/include/px4_msgs/px4_msgs/msg/detail/sensor_accel__type_support.hpp\n'}
[1.116386] (px4_msgs) StdoutLine: {'line': b'-- Up-to-date symlink: /root/ws_sensor_combined/install/px4_msgs/include/px4_msgs/px4_msgs/msg/detail/sensor_accel_fifo__builder.hpp\n'}
[1.116466] (px4_msgs) StdoutLine: {'line': b'-- Up-to-date symlink: /root/ws_sensor_combined/install/px4_msgs/include/px4_msgs/px4_msgs/msg/detail/sensor_accel_fifo__struct.hpp\n'}
[1.116546] (px4_msgs) StdoutLine: {'line': b'-- Up-to-date symlink: /root/ws_sensor_combined/install/px4_msgs/include/px4_msgs/px4_msgs/msg/detail/sensor_accel_fifo__traits.hpp\n'}
[1.116579] (px4_msgs) StdoutLine: {'line': b'-- Up-to-date symlink: /root/ws_sensor_combined/install/px4_msgs/include/px4_msgs/px4_msgs/msg/detail/sensor_accel_fifo__type_support.hpp\n'}
[1.116721] (px4_msgs) StdoutLine: {'line': b'-- Up-to-date symlink: /root/ws_sensor_combined/install/px4_msgs/include/px4_msgs/px4_msgs/msg/detail/sensor_airflow__builder.hpp\n'}
[1.116807] (px4_msgs) StdoutLine: {'line': b'-- Up-to-date symlink: /root/ws_sensor_combined/install/px4_msgs/include/px4_msgs/px4_msgs/msg/detail/sensor_airflow__struct.hpp\n'}
[1.116888] (px4_msgs) StdoutLine: {'line': b'-- Up-to-date symlink: /root/ws_sensor_combined/install/px4_msgs/include/px4_msgs/px4_msgs/msg/detail/sensor_airflow__traits.hpp\n'}
[1.116970] (px4_msgs) StdoutLine: {'line': b'-- Up-to-date symlink: /root/ws_sensor_combined/install/px4_msgs/include/px4_msgs/px4_msgs/msg/detail/sensor_airflow__type_support.hpp\n'}
[1.117046] (px4_msgs) StdoutLine: {'line': b'-- Up-to-date symlink: /root/ws_sensor_combined/install/px4_msgs/include/px4_msgs/px4_msgs/msg/detail/sensor_baro__builder.hpp\n'}
[1.117283] (px4_msgs) StdoutLine: {'line': b'-- Up-to-date symlink: /root/ws_sensor_combined/install/px4_msgs/include/px4_msgs/px4_msgs/msg/detail/sensor_baro__struct.hpp\n'}
[1.117321] (px4_msgs) StdoutLine: {'line': b'-- Up-to-date symlink: /root/ws_sensor_combined/install/px4_msgs/include/px4_msgs/px4_msgs/msg/detail/sensor_baro__traits.hpp\n'}
[1.117554] (px4_msgs) StdoutLine: {'line': b'-- Up-to-date symlink: /root/ws_sensor_combined/install/px4_msgs/include/px4_msgs/px4_msgs/msg/detail/sensor_baro__type_support.hpp\n'}
[1.117662] (px4_msgs) StdoutLine: {'line': b'-- Up-to-date symlink: /root/ws_sensor_combined/install/px4_msgs/include/px4_msgs/px4_msgs/msg/detail/sensor_combined__builder.hpp\n'}
[1.117725] (px4_msgs) StdoutLine: {'line': b'-- Up-to-date symlink: /root/ws_sensor_combined/install/px4_msgs/include/px4_msgs/px4_msgs/msg/detail/sensor_combined__struct.hpp\n'}
[1.117759] (px4_msgs) StdoutLine: {'line': b'-- Up-to-date symlink: /root/ws_sensor_combined/install/px4_msgs/include/px4_msgs/px4_msgs/msg/detail/sensor_combined__traits.hpp\n'}
[1.117829] (px4_msgs) StdoutLine: {'line': b'-- Up-to-date symlink: /root/ws_sensor_combined/install/px4_msgs/include/px4_msgs/px4_msgs/msg/detail/sensor_combined__type_support.hpp\n'}
[1.117875] (px4_msgs) StdoutLine: {'line': b'-- Up-to-date symlink: /root/ws_sensor_combined/install/px4_msgs/include/px4_msgs/px4_msgs/msg/detail/sensor_correction__builder.hpp\n'}
[1.118147] (px4_msgs) StdoutLine: {'line': b'-- Up-to-date symlink: /root/ws_sensor_combined/install/px4_msgs/include/px4_msgs/px4_msgs/msg/detail/sensor_correction__struct.hpp\n'}
[1.118213] (px4_msgs) StdoutLine: {'line': b'-- Up-to-date symlink: /root/ws_sensor_combined/install/px4_msgs/include/px4_msgs/px4_msgs/msg/detail/sensor_correction__traits.hpp\n'}
[1.118427] (px4_msgs) StdoutLine: {'line': b'-- Up-to-date symlink: /root/ws_sensor_combined/install/px4_msgs/include/px4_msgs/px4_msgs/msg/detail/sensor_correction__type_support.hpp\n'}
[1.118513] (px4_msgs) StdoutLine: {'line': b'-- Up-to-date symlink: /root/ws_sensor_combined/install/px4_msgs/include/px4_msgs/px4_msgs/msg/detail/sensor_gnss_relative__builder.hpp\n'}
[1.118827] (px4_msgs) StdoutLine: {'line': b'-- Up-to-date symlink: /root/ws_sensor_combined/install/px4_msgs/include/px4_msgs/px4_msgs/msg/detail/sensor_gnss_relative__struct.hpp\n'}
[1.118930] (px4_msgs) StdoutLine: {'line': b'-- Up-to-date symlink: /root/ws_sensor_combined/install/px4_msgs/include/px4_msgs/px4_msgs/msg/detail/sensor_gnss_relative__traits.hpp\n'}
[1.119084] (px4_msgs) StdoutLine: {'line': b'-- Up-to-date symlink: /root/ws_sensor_combined/install/px4_msgs/include/px4_msgs/px4_msgs/msg/detail/sensor_gnss_relative__type_support.hpp\n'}
[1.119232] (px4_msgs) StdoutLine: {'line': b'-- Up-to-date symlink: /root/ws_sensor_combined/install/px4_msgs/include/px4_msgs/px4_msgs/msg/detail/sensor_gps__builder.hpp\n'}
[1.119346] (px4_msgs) StdoutLine: {'line': b'-- Up-to-date symlink: /root/ws_sensor_combined/install/px4_msgs/include/px4_msgs/px4_msgs/msg/detail/sensor_gps__struct.hpp\n'}
[1.119408] (px4_msgs) StdoutLine: {'line': b'-- Up-to-date symlink: /root/ws_sensor_combined/install/px4_msgs/include/px4_msgs/px4_msgs/msg/detail/sensor_gps__traits.hpp\n'}
[1.119439] (px4_msgs) StdoutLine: {'line': b'-- Up-to-date symlink: /root/ws_sensor_combined/install/px4_msgs/include/px4_msgs/px4_msgs/msg/detail/sensor_gps__type_support.hpp\n'}
[1.119582] (px4_msgs) StdoutLine: {'line': b'-- Up-to-date symlink: /root/ws_sensor_combined/install/px4_msgs/include/px4_msgs/px4_msgs/msg/detail/sensor_gyro__builder.hpp\n'}
[1.119670] (px4_msgs) StdoutLine: {'line': b'-- Up-to-date symlink: /root/ws_sensor_combined/install/px4_msgs/include/px4_msgs/px4_msgs/msg/detail/sensor_gyro__struct.hpp\n'}
[1.119752] (px4_msgs) StdoutLine: {'line': b'-- Up-to-date symlink: /root/ws_sensor_combined/install/px4_msgs/include/px4_msgs/px4_msgs/msg/detail/sensor_gyro__traits.hpp\n'}
[1.119834] (px4_msgs) StdoutLine: {'line': b'-- Up-to-date symlink: /root/ws_sensor_combined/install/px4_msgs/include/px4_msgs/px4_msgs/msg/detail/sensor_gyro__type_support.hpp\n'}
[1.119915] (px4_msgs) StdoutLine: {'line': b'-- Up-to-date symlink: /root/ws_sensor_combined/install/px4_msgs/include/px4_msgs/px4_msgs/msg/detail/sensor_gyro_fft__builder.hpp\n'}
[1.119997] (px4_msgs) StdoutLine: {'line': b'-- Up-to-date symlink: /root/ws_sensor_combined/install/px4_msgs/include/px4_msgs/px4_msgs/msg/detail/sensor_gyro_fft__struct.hpp\n'}
[1.120141] (px4_msgs) StdoutLine: {'line': b'-- Up-to-date symlink: /root/ws_sensor_combined/install/px4_msgs/include/px4_msgs/px4_msgs/msg/detail/sensor_gyro_fft__traits.hpp\n'}
[1.120228] (px4_msgs) StdoutLine: {'line': b'-- Up-to-date symlink: /root/ws_sensor_combined/install/px4_msgs/include/px4_msgs/px4_msgs/msg/detail/sensor_gyro_fft__type_support.hpp\n'}
[1.120309] (px4_msgs) StdoutLine: {'line': b'-- Up-to-date symlink: /root/ws_sensor_combined/install/px4_msgs/include/px4_msgs/px4_msgs/msg/detail/sensor_gyro_fifo__builder.hpp\n'}
[1.120389] (px4_msgs) StdoutLine: {'line': b'-- Up-to-date symlink: /root/ws_sensor_combined/install/px4_msgs/include/px4_msgs/px4_msgs/msg/detail/sensor_gyro_fifo__struct.hpp\n'}
[1.120469] (px4_msgs) StdoutLine: {'line': b'-- Up-to-date symlink: /root/ws_sensor_combined/install/px4_msgs/include/px4_msgs/px4_msgs/msg/detail/sensor_gyro_fifo__traits.hpp\n'}
[1.120600] (px4_msgs) StdoutLine: {'line': b'-- Up-to-date symlink: /root/ws_sensor_combined/install/px4_msgs/include/px4_msgs/px4_msgs/msg/detail/sensor_gyro_fifo__type_support.hpp\n'}
[1.120709] (px4_msgs) StdoutLine: {'line': b'-- Up-to-date symlink: /root/ws_sensor_combined/install/px4_msgs/include/px4_msgs/px4_msgs/msg/detail/sensor_hygrometer__builder.hpp\n'}
[1.120808] (px4_msgs) StdoutLine: {'line': b'-- Up-to-date symlink: /root/ws_sensor_combined/install/px4_msgs/include/px4_msgs/px4_msgs/msg/detail/sensor_hygrometer__struct.hpp\n'}
[1.120880] (px4_msgs) StdoutLine: {'line': b'-- Up-to-date symlink: /root/ws_sensor_combined/install/px4_msgs/include/px4_msgs/px4_msgs/msg/detail/sensor_hygrometer__traits.hpp\n'}
[1.120961] (px4_msgs) StdoutLine: {'line': b'-- Up-to-date symlink: /root/ws_sensor_combined/install/px4_msgs/include/px4_msgs/px4_msgs/msg/detail/sensor_hygrometer__type_support.hpp\n'}
[1.121041] (px4_msgs) StdoutLine: {'line': b'-- Up-to-date symlink: /root/ws_sensor_combined/install/px4_msgs/include/px4_msgs/px4_msgs/msg/detail/sensor_mag__builder.hpp\n'}
[1.121266] (px4_msgs) StdoutLine: {'line': b'-- Up-to-date symlink: /root/ws_sensor_combined/install/px4_msgs/include/px4_msgs/px4_msgs/msg/detail/sensor_mag__struct.hpp\n'}
[1.121359] (px4_msgs) StdoutLine: {'line': b'-- Up-to-date symlink: /root/ws_sensor_combined/install/px4_msgs/include/px4_msgs/px4_msgs/msg/detail/sensor_mag__traits.hpp\n'}
[1.121441] (px4_msgs) StdoutLine: {'line': b'-- Up-to-date symlink: /root/ws_sensor_combined/install/px4_msgs/include/px4_msgs/px4_msgs/msg/detail/sensor_mag__type_support.hpp\n'}
[1.121521] (px4_msgs) StdoutLine: {'line': b'-- Up-to-date symlink: /root/ws_sensor_combined/install/px4_msgs/include/px4_msgs/px4_msgs/msg/detail/sensor_optical_flow__builder.hpp\n'}
[1.121552] (px4_msgs) StdoutLine: {'line': b'-- Up-to-date symlink: /root/ws_sensor_combined/install/px4_msgs/include/px4_msgs/px4_msgs/msg/detail/sensor_optical_flow__struct.hpp\n'}
[1.121636] (px4_msgs) StdoutLine: {'line': b'-- Up-to-date symlink: /root/ws_sensor_combined/install/px4_msgs/include/px4_msgs/px4_msgs/msg/detail/sensor_optical_flow__traits.hpp\n'}
[1.121716] (px4_msgs) StdoutLine: {'line': b'-- Up-to-date symlink: /root/ws_sensor_combined/install/px4_msgs/include/px4_msgs/px4_msgs/msg/detail/sensor_optical_flow__type_support.hpp\n'}
[1.121797] (px4_msgs) StdoutLine: {'line': b'-- Up-to-date symlink: /root/ws_sensor_combined/install/px4_msgs/include/px4_msgs/px4_msgs/msg/detail/sensor_preflight_mag__builder.hpp\n'}
[1.121877] (px4_msgs) StdoutLine: {'line': b'-- Up-to-date symlink: /root/ws_sensor_combined/install/px4_msgs/include/px4_msgs/px4_msgs/msg/detail/sensor_preflight_mag__struct.hpp\n'}
[1.121998] (px4_msgs) StdoutLine: {'line': b'-- Up-to-date symlink: /root/ws_sensor_combined/install/px4_msgs/include/px4_msgs/px4_msgs/msg/detail/sensor_preflight_mag__traits.hpp\n'}
[1.122070] (px4_msgs) StdoutLine: {'line': b'-- Up-to-date symlink: /root/ws_sensor_combined/install/px4_msgs/include/px4_msgs/px4_msgs/msg/detail/sensor_preflight_mag__type_support.hpp\n'}
[1.122151] (px4_msgs) StdoutLine: {'line': b'-- Up-to-date symlink: /root/ws_sensor_combined/install/px4_msgs/include/px4_msgs/px4_msgs/msg/detail/sensor_selection__builder.hpp\n'}
[1.122233] (px4_msgs) StdoutLine: {'line': b'-- Up-to-date symlink: /root/ws_sensor_combined/install/px4_msgs/include/px4_msgs/px4_msgs/msg/detail/sensor_selection__struct.hpp\n'}
[1.122313] (px4_msgs) StdoutLine: {'line': b'-- Up-to-date symlink: /root/ws_sensor_combined/install/px4_msgs/include/px4_msgs/px4_msgs/msg/detail/sensor_selection__traits.hpp\n'}
[1.122393] (px4_msgs) StdoutLine: {'line': b'-- Up-to-date symlink: /root/ws_sensor_combined/install/px4_msgs/include/px4_msgs/px4_msgs/msg/detail/sensor_selection__type_support.hpp\n'}
[1.122474] (px4_msgs) StdoutLine: {'line': b'-- Up-to-date symlink: /root/ws_sensor_combined/install/px4_msgs/include/px4_msgs/px4_msgs/msg/detail/sensor_uwb__builder.hpp\n'}
[1.122554] (px4_msgs) StdoutLine: {'line': b'-- Up-to-date symlink: /root/ws_sensor_combined/install/px4_msgs/include/px4_msgs/px4_msgs/msg/detail/sensor_uwb__struct.hpp\n'}
[1.122640] (px4_msgs) StdoutLine: {'line': b'-- Up-to-date symlink: /root/ws_sensor_combined/install/px4_msgs/include/px4_msgs/px4_msgs/msg/detail/sensor_uwb__traits.hpp\n'}
[1.122720] (px4_msgs) StdoutLine: {'line': b'-- Up-to-date symlink: /root/ws_sensor_combined/install/px4_msgs/include/px4_msgs/px4_msgs/msg/detail/sensor_uwb__type_support.hpp\n'}
[1.122800] (px4_msgs) StdoutLine: {'line': b'-- Up-to-date symlink: /root/ws_sensor_combined/install/px4_msgs/include/px4_msgs/px4_msgs/msg/detail/sensors_status__builder.hpp\n'}
[1.122881] (px4_msgs) StdoutLine: {'line': b'-- Up-to-date symlink: /root/ws_sensor_combined/install/px4_msgs/include/px4_msgs/px4_msgs/msg/detail/sensors_status__struct.hpp\n'}
[1.122961] (px4_msgs) StdoutLine: {'line': b'-- Up-to-date symlink: /root/ws_sensor_combined/install/px4_msgs/include/px4_msgs/px4_msgs/msg/detail/sensors_status__traits.hpp\n'}
[1.123040] (px4_msgs) StdoutLine: {'line': b'-- Up-to-date symlink: /root/ws_sensor_combined/install/px4_msgs/include/px4_msgs/px4_msgs/msg/detail/sensors_status__type_support.hpp\n'}
[1.123122] (px4_msgs) StdoutLine: {'line': b'-- Up-to-date symlink: /root/ws_sensor_combined/install/px4_msgs/include/px4_msgs/px4_msgs/msg/detail/sensors_status_imu__builder.hpp\n'}
[1.123170] (px4_msgs) StdoutLine: {'line': b'-- Up-to-date symlink: /root/ws_sensor_combined/install/px4_msgs/include/px4_msgs/px4_msgs/msg/detail/sensors_status_imu__struct.hpp\n'}
[1.123644] (px4_msgs) StdoutLine: {'line': b'-- Up-to-date symlink: /root/ws_sensor_combined/install/px4_msgs/include/px4_msgs/px4_msgs/msg/detail/sensors_status_imu__traits.hpp\n'}
[1.123680] (px4_msgs) StdoutLine: {'line': b'-- Up-to-date symlink: /root/ws_sensor_combined/install/px4_msgs/include/px4_msgs/px4_msgs/msg/detail/sensors_status_imu__type_support.hpp\n'}
[1.123705] (px4_msgs) StdoutLine: {'line': b'-- Up-to-date symlink: /root/ws_sensor_combined/install/px4_msgs/include/px4_msgs/px4_msgs/msg/detail/system_power__builder.hpp\n'}
[1.123729] (px4_msgs) StdoutLine: {'line': b'-- Up-to-date symlink: /root/ws_sensor_combined/install/px4_msgs/include/px4_msgs/px4_msgs/msg/detail/system_power__struct.hpp\n'}
[1.123959] (px4_msgs) StdoutLine: {'line': b'-- Up-to-date symlink: /root/ws_sensor_combined/install/px4_msgs/include/px4_msgs/px4_msgs/msg/detail/system_power__traits.hpp\n'}
[1.123993] (px4_msgs) StdoutLine: {'line': b'-- Up-to-date symlink: /root/ws_sensor_combined/install/px4_msgs/include/px4_msgs/px4_msgs/msg/detail/system_power__type_support.hpp\n'}
[1.124019] (px4_msgs) StdoutLine: {'line': b'-- Up-to-date symlink: /root/ws_sensor_combined/install/px4_msgs/include/px4_msgs/px4_msgs/msg/detail/takeoff_status__builder.hpp\n'}
[1.124043] (px4_msgs) StdoutLine: {'line': b'-- Up-to-date symlink: /root/ws_sensor_combined/install/px4_msgs/include/px4_msgs/px4_msgs/msg/detail/takeoff_status__struct.hpp\n'}
[1.124098] (px4_msgs) StdoutLine: {'line': b'-- Up-to-date symlink: /root/ws_sensor_combined/install/px4_msgs/include/px4_msgs/px4_msgs/msg/detail/takeoff_status__traits.hpp\n'}
[1.124138] (px4_msgs) StdoutLine: {'line': b'-- Up-to-date symlink: /root/ws_sensor_combined/install/px4_msgs/include/px4_msgs/px4_msgs/msg/detail/takeoff_status__type_support.hpp\n'}
[1.124163] (px4_msgs) StdoutLine: {'line': b'-- Up-to-date symlink: /root/ws_sensor_combined/install/px4_msgs/include/px4_msgs/px4_msgs/msg/detail/task_stack_info__builder.hpp\n'}
[1.124188] (px4_msgs) StdoutLine: {'line': b'-- Up-to-date symlink: /root/ws_sensor_combined/install/px4_msgs/include/px4_msgs/px4_msgs/msg/detail/task_stack_info__struct.hpp\n'}
[1.124212] (px4_msgs) StdoutLine: {'line': b'-- Up-to-date symlink: /root/ws_sensor_combined/install/px4_msgs/include/px4_msgs/px4_msgs/msg/detail/task_stack_info__traits.hpp\n'}
[1.124548] (px4_msgs) StdoutLine: {'line': b'-- Up-to-date symlink: /root/ws_sensor_combined/install/px4_msgs/include/px4_msgs/px4_msgs/msg/detail/task_stack_info__type_support.hpp\n'}
[1.124624] (px4_msgs) StdoutLine: {'line': b'-- Up-to-date symlink: /root/ws_sensor_combined/install/px4_msgs/include/px4_msgs/px4_msgs/msg/detail/tecs_status__builder.hpp\n'}
[1.124669] (px4_msgs) StdoutLine: {'line': b'-- Up-to-date symlink: /root/ws_sensor_combined/install/px4_msgs/include/px4_msgs/px4_msgs/msg/detail/tecs_status__struct.hpp\n'}
[1.124695] (px4_msgs) StdoutLine: {'line': b'-- Up-to-date symlink: /root/ws_sensor_combined/install/px4_msgs/include/px4_msgs/px4_msgs/msg/detail/tecs_status__traits.hpp\n'}
[1.124720] (px4_msgs) StdoutLine: {'line': b'-- Up-to-date symlink: /root/ws_sensor_combined/install/px4_msgs/include/px4_msgs/px4_msgs/msg/detail/tecs_status__type_support.hpp\n'}
[1.124781] (px4_msgs) StdoutLine: {'line': b'-- Up-to-date symlink: /root/ws_sensor_combined/install/px4_msgs/include/px4_msgs/px4_msgs/msg/detail/telemetry_status__builder.hpp\n'}
[1.125065] (px4_msgs) StdoutLine: {'line': b'-- Up-to-date symlink: /root/ws_sensor_combined/install/px4_msgs/include/px4_msgs/px4_msgs/msg/detail/telemetry_status__struct.hpp\n'}
[1.125229] (px4_msgs) StdoutLine: {'line': b'-- Up-to-date symlink: /root/ws_sensor_combined/install/px4_msgs/include/px4_msgs/px4_msgs/msg/detail/telemetry_status__traits.hpp\n'}
[1.125298] (px4_msgs) StdoutLine: {'line': b'-- Up-to-date symlink: /root/ws_sensor_combined/install/px4_msgs/include/px4_msgs/px4_msgs/msg/detail/telemetry_status__type_support.hpp\n'}
[1.125330] (px4_msgs) StdoutLine: {'line': b'-- Up-to-date symlink: /root/ws_sensor_combined/install/px4_msgs/include/px4_msgs/px4_msgs/msg/detail/tiltrotor_extra_controls__builder.hpp\n'}
[1.125356] (px4_msgs) StdoutLine: {'line': b'-- Up-to-date symlink: /root/ws_sensor_combined/install/px4_msgs/include/px4_msgs/px4_msgs/msg/detail/tiltrotor_extra_controls__struct.hpp\n'}
[1.125429] (px4_msgs) StdoutLine: {'line': b'-- Up-to-date symlink: /root/ws_sensor_combined/install/px4_msgs/include/px4_msgs/px4_msgs/msg/detail/tiltrotor_extra_controls__traits.hpp\n'}
[1.125525] (px4_msgs) StdoutLine: {'line': b'-- Up-to-date symlink: /root/ws_sensor_combined/install/px4_msgs/include/px4_msgs/px4_msgs/msg/detail/tiltrotor_extra_controls__type_support.hpp\n'}
[1.125579] (px4_msgs) StdoutLine: {'line': b'-- Up-to-date symlink: /root/ws_sensor_combined/install/px4_msgs/include/px4_msgs/px4_msgs/msg/detail/timesync_status__builder.hpp\n'}
[1.125661] (px4_msgs) StdoutLine: {'line': b'-- Up-to-date symlink: /root/ws_sensor_combined/install/px4_msgs/include/px4_msgs/px4_msgs/msg/detail/timesync_status__struct.hpp\n'}
[1.125808] (px4_msgs) StdoutLine: {'line': b'-- Up-to-date symlink: /root/ws_sensor_combined/install/px4_msgs/include/px4_msgs/px4_msgs/msg/detail/timesync_status__traits.hpp\n'}
[1.125899] (px4_msgs) StdoutLine: {'line': b'-- Up-to-date symlink: /root/ws_sensor_combined/install/px4_msgs/include/px4_msgs/px4_msgs/msg/detail/timesync_status__type_support.hpp\n'}
[1.125969] (px4_msgs) StdoutLine: {'line': b'-- Up-to-date symlink: /root/ws_sensor_combined/install/px4_msgs/include/px4_msgs/px4_msgs/msg/detail/trajectory_setpoint6dof__builder.hpp\n'}
[1.126040] (px4_msgs) StdoutLine: {'line': b'-- Up-to-date symlink: /root/ws_sensor_combined/install/px4_msgs/include/px4_msgs/px4_msgs/msg/detail/trajectory_setpoint6dof__struct.hpp\n'}
[1.126125] (px4_msgs) StdoutLine: {'line': b'-- Up-to-date symlink: /root/ws_sensor_combined/install/px4_msgs/include/px4_msgs/px4_msgs/msg/detail/trajectory_setpoint6dof__traits.hpp\n'}
[1.126205] (px4_msgs) StdoutLine: {'line': b'-- Up-to-date symlink: /root/ws_sensor_combined/install/px4_msgs/include/px4_msgs/px4_msgs/msg/detail/trajectory_setpoint6dof__type_support.hpp\n'}
[1.126285] (px4_msgs) StdoutLine: {'line': b'-- Up-to-date symlink: /root/ws_sensor_combined/install/px4_msgs/include/px4_msgs/px4_msgs/msg/detail/trajectory_setpoint__builder.hpp\n'}
[1.126365] (px4_msgs) StdoutLine: {'line': b'-- Up-to-date symlink: /root/ws_sensor_combined/install/px4_msgs/include/px4_msgs/px4_msgs/msg/detail/trajectory_setpoint__struct.hpp\n'}
[1.126412] (px4_msgs) StdoutLine: {'line': b'-- Up-to-date symlink: /root/ws_sensor_combined/install/px4_msgs/include/px4_msgs/px4_msgs/msg/detail/trajectory_setpoint__traits.hpp\n'}
[1.126537] (px4_msgs) StdoutLine: {'line': b'-- Up-to-date symlink: /root/ws_sensor_combined/install/px4_msgs/include/px4_msgs/px4_msgs/msg/detail/trajectory_setpoint__type_support.hpp\n'}
[1.126632] (px4_msgs) StdoutLine: {'line': b'-- Up-to-date symlink: /root/ws_sensor_combined/install/px4_msgs/include/px4_msgs/px4_msgs/msg/detail/transponder_report__builder.hpp\n'}
[1.126713] (px4_msgs) StdoutLine: {'line': b'-- Up-to-date symlink: /root/ws_sensor_combined/install/px4_msgs/include/px4_msgs/px4_msgs/msg/detail/transponder_report__struct.hpp\n'}
[1.126794] (px4_msgs) StdoutLine: {'line': b'-- Up-to-date symlink: /root/ws_sensor_combined/install/px4_msgs/include/px4_msgs/px4_msgs/msg/detail/transponder_report__traits.hpp\n'}
[1.126874] (px4_msgs) StdoutLine: {'line': b'-- Up-to-date symlink: /root/ws_sensor_combined/install/px4_msgs/include/px4_msgs/px4_msgs/msg/detail/transponder_report__type_support.hpp\n'}
[1.126955] (px4_msgs) StdoutLine: {'line': b'-- Up-to-date symlink: /root/ws_sensor_combined/install/px4_msgs/include/px4_msgs/px4_msgs/msg/detail/tune_control__builder.hpp\n'}
[1.127035] (px4_msgs) StdoutLine: {'line': b'-- Up-to-date symlink: /root/ws_sensor_combined/install/px4_msgs/include/px4_msgs/px4_msgs/msg/detail/tune_control__struct.hpp\n'}
[1.127116] (px4_msgs) StdoutLine: {'line': b'-- Up-to-date symlink: /root/ws_sensor_combined/install/px4_msgs/include/px4_msgs/px4_msgs/msg/detail/tune_control__traits.hpp\n'}
[1.127195] (px4_msgs) StdoutLine: {'line': b'-- Up-to-date symlink: /root/ws_sensor_combined/install/px4_msgs/include/px4_msgs/px4_msgs/msg/detail/tune_control__type_support.hpp\n'}
[1.127325] (px4_msgs) StdoutLine: {'line': b'-- Up-to-date symlink: /root/ws_sensor_combined/install/px4_msgs/include/px4_msgs/px4_msgs/msg/detail/uavcan_parameter_request__builder.hpp\n'}
[1.127395] (px4_msgs) StdoutLine: {'line': b'-- Up-to-date symlink: /root/ws_sensor_combined/install/px4_msgs/include/px4_msgs/px4_msgs/msg/detail/uavcan_parameter_request__struct.hpp\n'}
[1.127467] (px4_msgs) StdoutLine: {'line': b'-- Up-to-date symlink: /root/ws_sensor_combined/install/px4_msgs/include/px4_msgs/px4_msgs/msg/detail/uavcan_parameter_request__traits.hpp\n'}
[1.127547] (px4_msgs) StdoutLine: {'line': b'-- Up-to-date symlink: /root/ws_sensor_combined/install/px4_msgs/include/px4_msgs/px4_msgs/msg/detail/uavcan_parameter_request__type_support.hpp\n'}
[1.127627] (px4_msgs) StdoutLine: {'line': b'-- Up-to-date symlink: /root/ws_sensor_combined/install/px4_msgs/include/px4_msgs/px4_msgs/msg/detail/uavcan_parameter_value__builder.hpp\n'}
[1.127706] (px4_msgs) StdoutLine: {'line': b'-- Up-to-date symlink: /root/ws_sensor_combined/install/px4_msgs/include/px4_msgs/px4_msgs/msg/detail/uavcan_parameter_value__struct.hpp\n'}
[1.127775] (px4_msgs) StdoutLine: {'line': b'-- Up-to-date symlink: /root/ws_sensor_combined/install/px4_msgs/include/px4_msgs/px4_msgs/msg/detail/uavcan_parameter_value__traits.hpp\n'}
[1.127856] (px4_msgs) StdoutLine: {'line': b'-- Up-to-date symlink: /root/ws_sensor_combined/install/px4_msgs/include/px4_msgs/px4_msgs/msg/detail/uavcan_parameter_value__type_support.hpp\n'}
[1.127939] (px4_msgs) StdoutLine: {'line': b'-- Up-to-date symlink: /root/ws_sensor_combined/install/px4_msgs/include/px4_msgs/px4_msgs/msg/detail/ulog_stream__builder.hpp\n'}
[1.128019] (px4_msgs) StdoutLine: {'line': b'-- Up-to-date symlink: /root/ws_sensor_combined/install/px4_msgs/include/px4_msgs/px4_msgs/msg/detail/ulog_stream__struct.hpp\n'}
[1.128089] (px4_msgs) StdoutLine: {'line': b'-- Up-to-date symlink: /root/ws_sensor_combined/install/px4_msgs/include/px4_msgs/px4_msgs/msg/detail/ulog_stream__traits.hpp\n'}
[1.128171] (px4_msgs) StdoutLine: {'line': b'-- Up-to-date symlink: /root/ws_sensor_combined/install/px4_msgs/include/px4_msgs/px4_msgs/msg/detail/ulog_stream__type_support.hpp\n'}
[1.128253] (px4_msgs) StdoutLine: {'line': b'-- Up-to-date symlink: /root/ws_sensor_combined/install/px4_msgs/include/px4_msgs/px4_msgs/msg/detail/ulog_stream_ack__builder.hpp\n'}
[1.128333] (px4_msgs) StdoutLine: {'line': b'-- Up-to-date symlink: /root/ws_sensor_combined/install/px4_msgs/include/px4_msgs/px4_msgs/msg/detail/ulog_stream_ack__struct.hpp\n'}
[1.128401] (px4_msgs) StdoutLine: {'line': b'-- Up-to-date symlink: /root/ws_sensor_combined/install/px4_msgs/include/px4_msgs/px4_msgs/msg/detail/ulog_stream_ack__traits.hpp\n'}
[1.128482] (px4_msgs) StdoutLine: {'line': b'-- Up-to-date symlink: /root/ws_sensor_combined/install/px4_msgs/include/px4_msgs/px4_msgs/msg/detail/ulog_stream_ack__type_support.hpp\n'}
[1.128562] (px4_msgs) StdoutLine: {'line': b'-- Up-to-date symlink: /root/ws_sensor_combined/install/px4_msgs/include/px4_msgs/px4_msgs/msg/detail/unregister_ext_component__builder.hpp\n'}
[1.128641] (px4_msgs) StdoutLine: {'line': b'-- Up-to-date symlink: /root/ws_sensor_combined/install/px4_msgs/include/px4_msgs/px4_msgs/msg/detail/unregister_ext_component__struct.hpp\n'}
[1.128711] (px4_msgs) StdoutLine: {'line': b'-- Up-to-date symlink: /root/ws_sensor_combined/install/px4_msgs/include/px4_msgs/px4_msgs/msg/detail/unregister_ext_component__traits.hpp\n'}
[1.128779] (px4_msgs) StdoutLine: {'line': b'-- Up-to-date symlink: /root/ws_sensor_combined/install/px4_msgs/include/px4_msgs/px4_msgs/msg/detail/unregister_ext_component__type_support.hpp\n'}
[1.128849] (px4_msgs) StdoutLine: {'line': b'-- Up-to-date symlink: /root/ws_sensor_combined/install/px4_msgs/include/px4_msgs/px4_msgs/msg/detail/vehicle_acceleration__builder.hpp\n'}
[1.128929] (px4_msgs) StdoutLine: {'line': b'-- Up-to-date symlink: /root/ws_sensor_combined/install/px4_msgs/include/px4_msgs/px4_msgs/msg/detail/vehicle_acceleration__struct.hpp\n'}
[1.129008] (px4_msgs) StdoutLine: {'line': b'-- Up-to-date symlink: /root/ws_sensor_combined/install/px4_msgs/include/px4_msgs/px4_msgs/msg/detail/vehicle_acceleration__traits.hpp\n'}
[1.129088] (px4_msgs) StdoutLine: {'line': b'-- Up-to-date symlink: /root/ws_sensor_combined/install/px4_msgs/include/px4_msgs/px4_msgs/msg/detail/vehicle_acceleration__type_support.hpp\n'}
[1.129156] (px4_msgs) StdoutLine: {'line': b'-- Up-to-date symlink: /root/ws_sensor_combined/install/px4_msgs/include/px4_msgs/px4_msgs/msg/detail/vehicle_air_data__builder.hpp\n'}
[1.129231] (px4_msgs) StdoutLine: {'line': b'-- Up-to-date symlink: /root/ws_sensor_combined/install/px4_msgs/include/px4_msgs/px4_msgs/msg/detail/vehicle_air_data__struct.hpp\n'}
[1.129311] (px4_msgs) StdoutLine: {'line': b'-- Up-to-date symlink: /root/ws_sensor_combined/install/px4_msgs/include/px4_msgs/px4_msgs/msg/detail/vehicle_air_data__traits.hpp\n'}
[1.129391] (px4_msgs) StdoutLine: {'line': b'-- Up-to-date symlink: /root/ws_sensor_combined/install/px4_msgs/include/px4_msgs/px4_msgs/msg/detail/vehicle_air_data__type_support.hpp\n'}
[1.129476] (px4_msgs) StdoutLine: {'line': b'-- Up-to-date symlink: /root/ws_sensor_combined/install/px4_msgs/include/px4_msgs/px4_msgs/msg/detail/vehicle_angular_acceleration_setpoint__builder.hpp\n'}
[1.129563] (px4_msgs) StdoutLine: {'line': b'-- Up-to-date symlink: /root/ws_sensor_combined/install/px4_msgs/include/px4_msgs/px4_msgs/msg/detail/vehicle_angular_acceleration_setpoint__struct.hpp\n'}
[1.129648] (px4_msgs) StdoutLine: {'line': b'-- Up-to-date symlink: /root/ws_sensor_combined/install/px4_msgs/include/px4_msgs/px4_msgs/msg/detail/vehicle_angular_acceleration_setpoint__traits.hpp\n'}
[1.129728] (px4_msgs) StdoutLine: {'line': b'-- Up-to-date symlink: /root/ws_sensor_combined/install/px4_msgs/include/px4_msgs/px4_msgs/msg/detail/vehicle_angular_acceleration_setpoint__type_support.hpp\n'}
[1.129811] (px4_msgs) StdoutLine: {'line': b'-- Up-to-date symlink: /root/ws_sensor_combined/install/px4_msgs/include/px4_msgs/px4_msgs/msg/detail/vehicle_angular_velocity__builder.hpp\n'}
[1.129892] (px4_msgs) StdoutLine: {'line': b'-- Up-to-date symlink: /root/ws_sensor_combined/install/px4_msgs/include/px4_msgs/px4_msgs/msg/detail/vehicle_angular_velocity__struct.hpp\n'}
[1.129971] (px4_msgs) StdoutLine: {'line': b'-- Up-to-date symlink: /root/ws_sensor_combined/install/px4_msgs/include/px4_msgs/px4_msgs/msg/detail/vehicle_angular_velocity__traits.hpp\n'}
[1.130052] (px4_msgs) StdoutLine: {'line': b'-- Up-to-date symlink: /root/ws_sensor_combined/install/px4_msgs/include/px4_msgs/px4_msgs/msg/detail/vehicle_angular_velocity__type_support.hpp\n'}
[1.130132] (px4_msgs) StdoutLine: {'line': b'-- Up-to-date symlink: /root/ws_sensor_combined/install/px4_msgs/include/px4_msgs/px4_msgs/msg/detail/vehicle_attitude__builder.hpp\n'}
[1.130213] (px4_msgs) StdoutLine: {'line': b'-- Up-to-date symlink: /root/ws_sensor_combined/install/px4_msgs/include/px4_msgs/px4_msgs/msg/detail/vehicle_attitude__struct.hpp\n'}
[1.130249] (px4_msgs) StdoutLine: {'line': b'-- Up-to-date symlink: /root/ws_sensor_combined/install/px4_msgs/include/px4_msgs/px4_msgs/msg/detail/vehicle_attitude__traits.hpp\n'}
[1.130279] (px4_msgs) StdoutLine: {'line': b'-- Up-to-date symlink: /root/ws_sensor_combined/install/px4_msgs/include/px4_msgs/px4_msgs/msg/detail/vehicle_attitude__type_support.hpp\n'}
[1.130307] (px4_msgs) StdoutLine: {'line': b'-- Up-to-date symlink: /root/ws_sensor_combined/install/px4_msgs/include/px4_msgs/px4_msgs/msg/detail/vehicle_attitude_setpoint__builder.hpp\n'}
[1.130372] (px4_msgs) StdoutLine: {'line': b'-- Up-to-date symlink: /root/ws_sensor_combined/install/px4_msgs/include/px4_msgs/px4_msgs/msg/detail/vehicle_attitude_setpoint__struct.hpp\n'}
[1.130629] (px4_msgs) StdoutLine: {'line': b'-- Up-to-date symlink: /root/ws_sensor_combined/install/px4_msgs/include/px4_msgs/px4_msgs/msg/detail/vehicle_attitude_setpoint__traits.hpp\n'}
[1.130728] (px4_msgs) StdoutLine: {'line': b'-- Up-to-date symlink: /root/ws_sensor_combined/install/px4_msgs/include/px4_msgs/px4_msgs/msg/detail/vehicle_attitude_setpoint__type_support.hpp\n'}
[1.130803] (px4_msgs) StdoutLine: {'line': b'-- Up-to-date symlink: /root/ws_sensor_combined/install/px4_msgs/include/px4_msgs/px4_msgs/msg/detail/vehicle_command__builder.hpp\n'}
[1.130885] (px4_msgs) StdoutLine: {'line': b'-- Up-to-date symlink: /root/ws_sensor_combined/install/px4_msgs/include/px4_msgs/px4_msgs/msg/detail/vehicle_command__struct.hpp\n'}
[1.130967] (px4_msgs) StdoutLine: {'line': b'-- Up-to-date symlink: /root/ws_sensor_combined/install/px4_msgs/include/px4_msgs/px4_msgs/msg/detail/vehicle_command__traits.hpp\n'}
[1.131027] (px4_msgs) StdoutLine: {'line': b'-- Up-to-date symlink: /root/ws_sensor_combined/install/px4_msgs/include/px4_msgs/px4_msgs/msg/detail/vehicle_command__type_support.hpp\n'}
[1.131089] (px4_msgs) StdoutLine: {'line': b'-- Up-to-date symlink: /root/ws_sensor_combined/install/px4_msgs/include/px4_msgs/px4_msgs/msg/detail/vehicle_command_ack__builder.hpp\n'}
[1.131170] (px4_msgs) StdoutLine: {'line': b'-- Up-to-date symlink: /root/ws_sensor_combined/install/px4_msgs/include/px4_msgs/px4_msgs/msg/detail/vehicle_command_ack__struct.hpp\n'}
[1.131250] (px4_msgs) StdoutLine: {'line': b'-- Up-to-date symlink: /root/ws_sensor_combined/install/px4_msgs/include/px4_msgs/px4_msgs/msg/detail/vehicle_command_ack__traits.hpp\n'}
[1.131331] (px4_msgs) StdoutLine: {'line': b'-- Up-to-date symlink: /root/ws_sensor_combined/install/px4_msgs/include/px4_msgs/px4_msgs/msg/detail/vehicle_command_ack__type_support.hpp\n'}
[1.131381] (px4_msgs) StdoutLine: {'line': b'-- Up-to-date symlink: /root/ws_sensor_combined/install/px4_msgs/include/px4_msgs/px4_msgs/msg/detail/vehicle_constraints__builder.hpp\n'}
[1.131421] (px4_msgs) StdoutLine: {'line': b'-- Up-to-date symlink: /root/ws_sensor_combined/install/px4_msgs/include/px4_msgs/px4_msgs/msg/detail/vehicle_constraints__struct.hpp\n'}
[1.131505] (px4_msgs) StdoutLine: {'line': b'-- Up-to-date symlink: /root/ws_sensor_combined/install/px4_msgs/include/px4_msgs/px4_msgs/msg/detail/vehicle_constraints__traits.hpp\n'}
[1.131585] (px4_msgs) StdoutLine: {'line': b'-- Up-to-date symlink: /root/ws_sensor_combined/install/px4_msgs/include/px4_msgs/px4_msgs/msg/detail/vehicle_constraints__type_support.hpp\n'}
[1.131741] (px4_msgs) StdoutLine: {'line': b'-- Up-to-date symlink: /root/ws_sensor_combined/install/px4_msgs/include/px4_msgs/px4_msgs/msg/detail/vehicle_control_mode__builder.hpp\n'}
[1.131818] (px4_msgs) StdoutLine: {'line': b'-- Up-to-date symlink: /root/ws_sensor_combined/install/px4_msgs/include/px4_msgs/px4_msgs/msg/detail/vehicle_control_mode__struct.hpp\n'}
[1.132060] (px4_msgs) StdoutLine: {'line': b'-- Up-to-date symlink: /root/ws_sensor_combined/install/px4_msgs/include/px4_msgs/px4_msgs/msg/detail/vehicle_control_mode__traits.hpp\n'}
[1.132207] (px4_msgs) StdoutLine: {'line': b'-- Up-to-date symlink: /root/ws_sensor_combined/install/px4_msgs/include/px4_msgs/px4_msgs/msg/detail/vehicle_control_mode__type_support.hpp\n'}
[1.132239] (px4_msgs) StdoutLine: {'line': b'-- Up-to-date symlink: /root/ws_sensor_combined/install/px4_msgs/include/px4_msgs/px4_msgs/msg/detail/vehicle_global_position__builder.hpp\n'}
[1.132382] (px4_msgs) StdoutLine: {'line': b'-- Up-to-date symlink: /root/ws_sensor_combined/install/px4_msgs/include/px4_msgs/px4_msgs/msg/detail/vehicle_global_position__struct.hpp\n'}
[1.132474] (px4_msgs) StdoutLine: {'line': b'-- Up-to-date symlink: /root/ws_sensor_combined/install/px4_msgs/include/px4_msgs/px4_msgs/msg/detail/vehicle_global_position__traits.hpp\n'}
[1.132546] (px4_msgs) StdoutLine: {'line': b'-- Up-to-date symlink: /root/ws_sensor_combined/install/px4_msgs/include/px4_msgs/px4_msgs/msg/detail/vehicle_global_position__type_support.hpp\n'}
[1.132621] (px4_msgs) StdoutLine: {'line': b'-- Up-to-date symlink: /root/ws_sensor_combined/install/px4_msgs/include/px4_msgs/px4_msgs/msg/detail/vehicle_imu__builder.hpp\n'}
[1.132702] (px4_msgs) StdoutLine: {'line': b'-- Up-to-date symlink: /root/ws_sensor_combined/install/px4_msgs/include/px4_msgs/px4_msgs/msg/detail/vehicle_imu__struct.hpp\n'}
[1.132783] (px4_msgs) StdoutLine: {'line': b'-- Up-to-date symlink: /root/ws_sensor_combined/install/px4_msgs/include/px4_msgs/px4_msgs/msg/detail/vehicle_imu__traits.hpp\n'}
[1.132869] (px4_msgs) StdoutLine: {'line': b'-- Up-to-date symlink: /root/ws_sensor_combined/install/px4_msgs/include/px4_msgs/px4_msgs/msg/detail/vehicle_imu__type_support.hpp\n'}
[1.132949] (px4_msgs) StdoutLine: {'line': b'-- Up-to-date symlink: /root/ws_sensor_combined/install/px4_msgs/include/px4_msgs/px4_msgs/msg/detail/vehicle_imu_status__builder.hpp\n'}
[1.133019] (px4_msgs) StdoutLine: {'line': b'-- Up-to-date symlink: /root/ws_sensor_combined/install/px4_msgs/include/px4_msgs/px4_msgs/msg/detail/vehicle_imu_status__struct.hpp\n'}
[1.133101] (px4_msgs) StdoutLine: {'line': b'-- Up-to-date symlink: /root/ws_sensor_combined/install/px4_msgs/include/px4_msgs/px4_msgs/msg/detail/vehicle_imu_status__traits.hpp\n'}
[1.133182] (px4_msgs) StdoutLine: {'line': b'-- Up-to-date symlink: /root/ws_sensor_combined/install/px4_msgs/include/px4_msgs/px4_msgs/msg/detail/vehicle_imu_status__type_support.hpp\n'}
[1.133264] (px4_msgs) StdoutLine: {'line': b'-- Up-to-date symlink: /root/ws_sensor_combined/install/px4_msgs/include/px4_msgs/px4_msgs/msg/detail/vehicle_land_detected__builder.hpp\n'}
[1.133334] (px4_msgs) StdoutLine: {'line': b'-- Up-to-date symlink: /root/ws_sensor_combined/install/px4_msgs/include/px4_msgs/px4_msgs/msg/detail/vehicle_land_detected__struct.hpp\n'}
[1.133405] (px4_msgs) StdoutLine: {'line': b'-- Up-to-date symlink: /root/ws_sensor_combined/install/px4_msgs/include/px4_msgs/px4_msgs/msg/detail/vehicle_land_detected__traits.hpp\n'}
[1.133509] (px4_msgs) StdoutLine: {'line': b'-- Up-to-date symlink: /root/ws_sensor_combined/install/px4_msgs/include/px4_msgs/px4_msgs/msg/detail/vehicle_land_detected__type_support.hpp\n'}
[1.133627] (px4_msgs) StdoutLine: {'line': b'-- Up-to-date symlink: /root/ws_sensor_combined/install/px4_msgs/include/px4_msgs/px4_msgs/msg/detail/vehicle_local_position__builder.hpp\n'}
[1.133731] (px4_msgs) StdoutLine: {'line': b'-- Up-to-date symlink: /root/ws_sensor_combined/install/px4_msgs/include/px4_msgs/px4_msgs/msg/detail/vehicle_local_position__struct.hpp\n'}
[1.133812] (px4_msgs) StdoutLine: {'line': b'-- Up-to-date symlink: /root/ws_sensor_combined/install/px4_msgs/include/px4_msgs/px4_msgs/msg/detail/vehicle_local_position__traits.hpp\n'}
[1.133893] (px4_msgs) StdoutLine: {'line': b'-- Up-to-date symlink: /root/ws_sensor_combined/install/px4_msgs/include/px4_msgs/px4_msgs/msg/detail/vehicle_local_position__type_support.hpp\n'}
[1.133973] (px4_msgs) StdoutLine: {'line': b'-- Up-to-date symlink: /root/ws_sensor_combined/install/px4_msgs/include/px4_msgs/px4_msgs/msg/detail/vehicle_local_position_setpoint__builder.hpp\n'}
[1.134053] (px4_msgs) StdoutLine: {'line': b'-- Up-to-date symlink: /root/ws_sensor_combined/install/px4_msgs/include/px4_msgs/px4_msgs/msg/detail/vehicle_local_position_setpoint__struct.hpp\n'}
[1.134133] (px4_msgs) StdoutLine: {'line': b'-- Up-to-date symlink: /root/ws_sensor_combined/install/px4_msgs/include/px4_msgs/px4_msgs/msg/detail/vehicle_local_position_setpoint__traits.hpp\n'}
[1.134212] (px4_msgs) StdoutLine: {'line': b'-- Up-to-date symlink: /root/ws_sensor_combined/install/px4_msgs/include/px4_msgs/px4_msgs/msg/detail/vehicle_local_position_setpoint__type_support.hpp\n'}
[1.134292] (px4_msgs) StdoutLine: {'line': b'-- Up-to-date symlink: /root/ws_sensor_combined/install/px4_msgs/include/px4_msgs/px4_msgs/msg/detail/vehicle_magnetometer__builder.hpp\n'}
[1.134372] (px4_msgs) StdoutLine: {'line': b'-- Up-to-date symlink: /root/ws_sensor_combined/install/px4_msgs/include/px4_msgs/px4_msgs/msg/detail/vehicle_magnetometer__struct.hpp\n'}
[1.134451] (px4_msgs) StdoutLine: {'line': b'-- Up-to-date symlink: /root/ws_sensor_combined/install/px4_msgs/include/px4_msgs/px4_msgs/msg/detail/vehicle_magnetometer__traits.hpp\n'}
[1.134530] (px4_msgs) StdoutLine: {'line': b'-- Up-to-date symlink: /root/ws_sensor_combined/install/px4_msgs/include/px4_msgs/px4_msgs/msg/detail/vehicle_magnetometer__type_support.hpp\n'}
[1.134625] (px4_msgs) StdoutLine: {'line': b'-- Up-to-date symlink: /root/ws_sensor_combined/install/px4_msgs/include/px4_msgs/px4_msgs/msg/detail/vehicle_odometry__builder.hpp\n'}
[1.134812] (px4_msgs) StdoutLine: {'line': b'-- Up-to-date symlink: /root/ws_sensor_combined/install/px4_msgs/include/px4_msgs/px4_msgs/msg/detail/vehicle_odometry__struct.hpp\n'}
[1.134895] (px4_msgs) StdoutLine: {'line': b'-- Up-to-date symlink: /root/ws_sensor_combined/install/px4_msgs/include/px4_msgs/px4_msgs/msg/detail/vehicle_odometry__traits.hpp\n'}
[1.134977] (px4_msgs) StdoutLine: {'line': b'-- Up-to-date symlink: /root/ws_sensor_combined/install/px4_msgs/include/px4_msgs/px4_msgs/msg/detail/vehicle_odometry__type_support.hpp\n'}
[1.135057] (px4_msgs) StdoutLine: {'line': b'-- Up-to-date symlink: /root/ws_sensor_combined/install/px4_msgs/include/px4_msgs/px4_msgs/msg/detail/vehicle_optical_flow__builder.hpp\n'}
[1.135138] (px4_msgs) StdoutLine: {'line': b'-- Up-to-date symlink: /root/ws_sensor_combined/install/px4_msgs/include/px4_msgs/px4_msgs/msg/detail/vehicle_optical_flow__struct.hpp\n'}
[1.135218] (px4_msgs) StdoutLine: {'line': b'-- Up-to-date symlink: /root/ws_sensor_combined/install/px4_msgs/include/px4_msgs/px4_msgs/msg/detail/vehicle_optical_flow__traits.hpp\n'}
[1.135360] (px4_msgs) StdoutLine: {'line': b'-- Up-to-date symlink: /root/ws_sensor_combined/install/px4_msgs/include/px4_msgs/px4_msgs/msg/detail/vehicle_optical_flow__type_support.hpp\n'}
[1.135426] (px4_msgs) StdoutLine: {'line': b'-- Up-to-date symlink: /root/ws_sensor_combined/install/px4_msgs/include/px4_msgs/px4_msgs/msg/detail/vehicle_optical_flow_vel__builder.hpp\n'}
[1.135456] (px4_msgs) StdoutLine: {'line': b'-- Up-to-date symlink: /root/ws_sensor_combined/install/px4_msgs/include/px4_msgs/px4_msgs/msg/detail/vehicle_optical_flow_vel__struct.hpp\n'}
[1.135480] (px4_msgs) StdoutLine: {'line': b'-- Up-to-date symlink: /root/ws_sensor_combined/install/px4_msgs/include/px4_msgs/px4_msgs/msg/detail/vehicle_optical_flow_vel__traits.hpp\n'}
[1.135504] (px4_msgs) StdoutLine: {'line': b'-- Up-to-date symlink: /root/ws_sensor_combined/install/px4_msgs/include/px4_msgs/px4_msgs/msg/detail/vehicle_optical_flow_vel__type_support.hpp\n'}
[1.135527] (px4_msgs) StdoutLine: {'line': b'-- Up-to-date symlink: /root/ws_sensor_combined/install/px4_msgs/include/px4_msgs/px4_msgs/msg/detail/vehicle_rates_setpoint__builder.hpp\n'}
[1.135549] (px4_msgs) StdoutLine: {'line': b'-- Up-to-date symlink: /root/ws_sensor_combined/install/px4_msgs/include/px4_msgs/px4_msgs/msg/detail/vehicle_rates_setpoint__struct.hpp\n'}
[1.135571] (px4_msgs) StdoutLine: {'line': b'-- Up-to-date symlink: /root/ws_sensor_combined/install/px4_msgs/include/px4_msgs/px4_msgs/msg/detail/vehicle_rates_setpoint__traits.hpp\n'}
[1.135595] (px4_msgs) StdoutLine: {'line': b'-- Up-to-date symlink: /root/ws_sensor_combined/install/px4_msgs/include/px4_msgs/px4_msgs/msg/detail/vehicle_rates_setpoint__type_support.hpp\n'}
[1.135617] (px4_msgs) StdoutLine: {'line': b'-- Up-to-date symlink: /root/ws_sensor_combined/install/px4_msgs/include/px4_msgs/px4_msgs/msg/detail/vehicle_roi__builder.hpp\n'}
[1.135692] (px4_msgs) StdoutLine: {'line': b'-- Up-to-date symlink: /root/ws_sensor_combined/install/px4_msgs/include/px4_msgs/px4_msgs/msg/detail/vehicle_roi__struct.hpp\n'}
[1.135749] (px4_msgs) StdoutLine: {'line': b'-- Up-to-date symlink: /root/ws_sensor_combined/install/px4_msgs/include/px4_msgs/px4_msgs/msg/detail/vehicle_roi__traits.hpp\n'}
[1.135777] (px4_msgs) StdoutLine: {'line': b'-- Up-to-date symlink: /root/ws_sensor_combined/install/px4_msgs/include/px4_msgs/px4_msgs/msg/detail/vehicle_roi__type_support.hpp\n'}
[1.135802] (px4_msgs) StdoutLine: {'line': b'-- Up-to-date symlink: /root/ws_sensor_combined/install/px4_msgs/include/px4_msgs/px4_msgs/msg/detail/vehicle_status__builder.hpp\n'}
[1.135825] (px4_msgs) StdoutLine: {'line': b'-- Up-to-date symlink: /root/ws_sensor_combined/install/px4_msgs/include/px4_msgs/px4_msgs/msg/detail/vehicle_status__struct.hpp\n'}
[1.135848] (px4_msgs) StdoutLine: {'line': b'-- Up-to-date symlink: /root/ws_sensor_combined/install/px4_msgs/include/px4_msgs/px4_msgs/msg/detail/vehicle_status__traits.hpp\n'}
[1.135870] (px4_msgs) StdoutLine: {'line': b'-- Up-to-date symlink: /root/ws_sensor_combined/install/px4_msgs/include/px4_msgs/px4_msgs/msg/detail/vehicle_status__type_support.hpp\n'}
[1.135914] (px4_msgs) StdoutLine: {'line': b'-- Up-to-date symlink: /root/ws_sensor_combined/install/px4_msgs/include/px4_msgs/px4_msgs/msg/detail/vehicle_thrust_setpoint__builder.hpp\n'}
[1.135942] (px4_msgs) StdoutLine: {'line': b'-- Up-to-date symlink: /root/ws_sensor_combined/install/px4_msgs/include/px4_msgs/px4_msgs/msg/detail/vehicle_thrust_setpoint__struct.hpp\n'}
[1.136042] (px4_msgs) StdoutLine: {'line': b'-- Up-to-date symlink: /root/ws_sensor_combined/install/px4_msgs/include/px4_msgs/px4_msgs/msg/detail/vehicle_thrust_setpoint__traits.hpp\n'}
[1.136080] (px4_msgs) StdoutLine: {'line': b'-- Up-to-date symlink: /root/ws_sensor_combined/install/px4_msgs/include/px4_msgs/px4_msgs/msg/detail/vehicle_thrust_setpoint__type_support.hpp\n'}
[1.136106] (px4_msgs) StdoutLine: {'line': b'-- Up-to-date symlink: /root/ws_sensor_combined/install/px4_msgs/include/px4_msgs/px4_msgs/msg/detail/vehicle_torque_setpoint__builder.hpp\n'}
[1.136131] (px4_msgs) StdoutLine: {'line': b'-- Up-to-date symlink: /root/ws_sensor_combined/install/px4_msgs/include/px4_msgs/px4_msgs/msg/detail/vehicle_torque_setpoint__struct.hpp\n'}
[1.136159] (px4_msgs) StdoutLine: {'line': b'-- Up-to-date symlink: /root/ws_sensor_combined/install/px4_msgs/include/px4_msgs/px4_msgs/msg/detail/vehicle_torque_setpoint__traits.hpp\n'}
[1.136184] (px4_msgs) StdoutLine: {'line': b'-- Up-to-date symlink: /root/ws_sensor_combined/install/px4_msgs/include/px4_msgs/px4_msgs/msg/detail/vehicle_torque_setpoint__type_support.hpp\n'}
[1.136207] (px4_msgs) StdoutLine: {'line': b'-- Up-to-date symlink: /root/ws_sensor_combined/install/px4_msgs/include/px4_msgs/px4_msgs/msg/detail/velocity_limits__builder.hpp\n'}
[1.136228] (px4_msgs) StdoutLine: {'line': b'-- Up-to-date symlink: /root/ws_sensor_combined/install/px4_msgs/include/px4_msgs/px4_msgs/msg/detail/velocity_limits__struct.hpp\n'}
[1.136249] (px4_msgs) StdoutLine: {'line': b'-- Up-to-date symlink: /root/ws_sensor_combined/install/px4_msgs/include/px4_msgs/px4_msgs/msg/detail/velocity_limits__traits.hpp\n'}
[1.136280] (px4_msgs) StdoutLine: {'line': b'-- Up-to-date symlink: /root/ws_sensor_combined/install/px4_msgs/include/px4_msgs/px4_msgs/msg/detail/velocity_limits__type_support.hpp\n'}
[1.136301] (px4_msgs) StdoutLine: {'line': b'-- Up-to-date symlink: /root/ws_sensor_combined/install/px4_msgs/include/px4_msgs/px4_msgs/msg/detail/vtol_vehicle_status__builder.hpp\n'}
[1.136324] (px4_msgs) StdoutLine: {'line': b'-- Up-to-date symlink: /root/ws_sensor_combined/install/px4_msgs/include/px4_msgs/px4_msgs/msg/detail/vtol_vehicle_status__struct.hpp\n'}
[1.136345] (px4_msgs) StdoutLine: {'line': b'-- Up-to-date symlink: /root/ws_sensor_combined/install/px4_msgs/include/px4_msgs/px4_msgs/msg/detail/vtol_vehicle_status__traits.hpp\n'}
[1.136367] (px4_msgs) StdoutLine: {'line': b'-- Up-to-date symlink: /root/ws_sensor_combined/install/px4_msgs/include/px4_msgs/px4_msgs/msg/detail/vtol_vehicle_status__type_support.hpp\n'}
[1.136393] (px4_msgs) StdoutLine: {'line': b'-- Up-to-date symlink: /root/ws_sensor_combined/install/px4_msgs/include/px4_msgs/px4_msgs/msg/detail/wheel_encoders__builder.hpp\n'}
[1.136419] (px4_msgs) StdoutLine: {'line': b'-- Up-to-date symlink: /root/ws_sensor_combined/install/px4_msgs/include/px4_msgs/px4_msgs/msg/detail/wheel_encoders__struct.hpp\n'}
[1.136442] (px4_msgs) StdoutLine: {'line': b'-- Up-to-date symlink: /root/ws_sensor_combined/install/px4_msgs/include/px4_msgs/px4_msgs/msg/detail/wheel_encoders__traits.hpp\n'}
[1.136465] (px4_msgs) StdoutLine: {'line': b'-- Up-to-date symlink: /root/ws_sensor_combined/install/px4_msgs/include/px4_msgs/px4_msgs/msg/detail/wheel_encoders__type_support.hpp\n'}
[1.136487] (px4_msgs) StdoutLine: {'line': b'-- Up-to-date symlink: /root/ws_sensor_combined/install/px4_msgs/include/px4_msgs/px4_msgs/msg/detail/wind__builder.hpp\n'}
[1.136510] (px4_msgs) StdoutLine: {'line': b'-- Up-to-date symlink: /root/ws_sensor_combined/install/px4_msgs/include/px4_msgs/px4_msgs/msg/detail/wind__struct.hpp\n'}
[1.136533] (px4_msgs) StdoutLine: {'line': b'-- Up-to-date symlink: /root/ws_sensor_combined/install/px4_msgs/include/px4_msgs/px4_msgs/msg/detail/wind__traits.hpp\n'}
[1.136618] (px4_msgs) StdoutLine: {'line': b'-- Up-to-date symlink: /root/ws_sensor_combined/install/px4_msgs/include/px4_msgs/px4_msgs/msg/detail/wind__type_support.hpp\n'}
[1.136652] (px4_msgs) StdoutLine: {'line': b'-- Up-to-date symlink: /root/ws_sensor_combined/install/px4_msgs/include/px4_msgs/px4_msgs/msg/detail/yaw_estimator_status__builder.hpp\n'}
[1.136733] (px4_msgs) StdoutLine: {'line': b'-- Up-to-date symlink: /root/ws_sensor_combined/install/px4_msgs/include/px4_msgs/px4_msgs/msg/detail/yaw_estimator_status__struct.hpp\n'}
[1.136793] (px4_msgs) StdoutLine: {'line': b'-- Up-to-date symlink: /root/ws_sensor_combined/install/px4_msgs/include/px4_msgs/px4_msgs/msg/detail/yaw_estimator_status__traits.hpp\n'}
[1.136823] (px4_msgs) StdoutLine: {'line': b'-- Up-to-date symlink: /root/ws_sensor_combined/install/px4_msgs/include/px4_msgs/px4_msgs/msg/detail/yaw_estimator_status__type_support.hpp\n'}
[1.136877] (px4_msgs) StdoutLine: {'line': b'-- Up-to-date symlink: /root/ws_sensor_combined/install/px4_msgs/include/px4_msgs/px4_msgs/msg/differential_pressure.hpp\n'}
[1.136961] (px4_msgs) StdoutLine: {'line': b'-- Up-to-date symlink: /root/ws_sensor_combined/install/px4_msgs/include/px4_msgs/px4_msgs/msg/distance_sensor.hpp\n'}
[1.137050] (px4_msgs) StdoutLine: {'line': b'-- Up-to-date symlink: /root/ws_sensor_combined/install/px4_msgs/include/px4_msgs/px4_msgs/msg/distance_sensor_mode_change_request.hpp\n'}
[1.137078] (px4_msgs) StdoutLine: {'line': b'-- Up-to-date symlink: /root/ws_sensor_combined/install/px4_msgs/include/px4_msgs/px4_msgs/msg/dronecan_node_status.hpp\n'}
[1.137104] (px4_msgs) StdoutLine: {'line': b'-- Up-to-date symlink: /root/ws_sensor_combined/install/px4_msgs/include/px4_msgs/px4_msgs/msg/ekf2_timestamps.hpp\n'}
[1.137129] (px4_msgs) StdoutLine: {'line': b'-- Up-to-date symlink: /root/ws_sensor_combined/install/px4_msgs/include/px4_msgs/px4_msgs/msg/esc_report.hpp\n'}
[1.137153] (px4_msgs) StdoutLine: {'line': b'-- Up-to-date symlink: /root/ws_sensor_combined/install/px4_msgs/include/px4_msgs/px4_msgs/msg/esc_status.hpp\n'}
[1.137209] (px4_msgs) StdoutLine: {'line': b'-- Up-to-date symlink: /root/ws_sensor_combined/install/px4_msgs/include/px4_msgs/px4_msgs/msg/estimator_aid_source1d.hpp\n'}
[1.137292] (px4_msgs) StdoutLine: {'line': b'-- Up-to-date symlink: /root/ws_sensor_combined/install/px4_msgs/include/px4_msgs/px4_msgs/msg/estimator_aid_source2d.hpp\n'}
[1.137374] (px4_msgs) StdoutLine: {'line': b'-- Up-to-date symlink: /root/ws_sensor_combined/install/px4_msgs/include/px4_msgs/px4_msgs/msg/estimator_aid_source3d.hpp\n'}
[1.137436] (px4_msgs) StdoutLine: {'line': b'-- Up-to-date symlink: /root/ws_sensor_combined/install/px4_msgs/include/px4_msgs/px4_msgs/msg/estimator_bias.hpp\n'}
[1.137514] (px4_msgs) StdoutLine: {'line': b'-- Up-to-date symlink: /root/ws_sensor_combined/install/px4_msgs/include/px4_msgs/px4_msgs/msg/estimator_bias3d.hpp\n'}
[1.137562] (px4_msgs) StdoutLine: {'line': b'-- Up-to-date symlink: /root/ws_sensor_combined/install/px4_msgs/include/px4_msgs/px4_msgs/msg/estimator_event_flags.hpp\n'}
[1.137589] (px4_msgs) StdoutLine: {'line': b'-- Up-to-date symlink: /root/ws_sensor_combined/install/px4_msgs/include/px4_msgs/px4_msgs/msg/estimator_gps_status.hpp\n'}
[1.137615] (px4_msgs) StdoutLine: {'line': b'-- Up-to-date symlink: /root/ws_sensor_combined/install/px4_msgs/include/px4_msgs/px4_msgs/msg/estimator_innovations.hpp\n'}
[1.137639] (px4_msgs) StdoutLine: {'line': b'-- Up-to-date symlink: /root/ws_sensor_combined/install/px4_msgs/include/px4_msgs/px4_msgs/msg/estimator_selector_status.hpp\n'}
[1.137663] (px4_msgs) StdoutLine: {'line': b'-- Up-to-date symlink: /root/ws_sensor_combined/install/px4_msgs/include/px4_msgs/px4_msgs/msg/estimator_sensor_bias.hpp\n'}
[1.137685] (px4_msgs) StdoutLine: {'line': b'-- Up-to-date symlink: /root/ws_sensor_combined/install/px4_msgs/include/px4_msgs/px4_msgs/msg/estimator_states.hpp\n'}
[1.137707] (px4_msgs) StdoutLine: {'line': b'-- Up-to-date symlink: /root/ws_sensor_combined/install/px4_msgs/include/px4_msgs/px4_msgs/msg/estimator_status.hpp\n'}
[1.137729] (px4_msgs) StdoutLine: {'line': b'-- Up-to-date symlink: /root/ws_sensor_combined/install/px4_msgs/include/px4_msgs/px4_msgs/msg/estimator_status_flags.hpp\n'}
[1.137751] (px4_msgs) StdoutLine: {'line': b'-- Up-to-date symlink: /root/ws_sensor_combined/install/px4_msgs/include/px4_msgs/px4_msgs/msg/event.hpp\n'}
[1.137774] (px4_msgs) StdoutLine: {'line': b'-- Up-to-date symlink: /root/ws_sensor_combined/install/px4_msgs/include/px4_msgs/px4_msgs/msg/failsafe_flags.hpp\n'}
[1.137795] (px4_msgs) StdoutLine: {'line': b'-- Up-to-date symlink: /root/ws_sensor_combined/install/px4_msgs/include/px4_msgs/px4_msgs/msg/failure_detector_status.hpp\n'}
[1.137817] (px4_msgs) StdoutLine: {'line': b'-- Up-to-date symlink: /root/ws_sensor_combined/install/px4_msgs/include/px4_msgs/px4_msgs/msg/figure_eight_status.hpp\n'}
[1.137839] (px4_msgs) StdoutLine: {'line': b'-- Up-to-date symlink: /root/ws_sensor_combined/install/px4_msgs/include/px4_msgs/px4_msgs/msg/fixed_wing_lateral_guidance_status.hpp\n'}
[1.137862] (px4_msgs) StdoutLine: {'line': b'-- Up-to-date symlink: /root/ws_sensor_combined/install/px4_msgs/include/px4_msgs/px4_msgs/msg/fixed_wing_lateral_setpoint.hpp\n'}
[1.137884] (px4_msgs) StdoutLine: {'line': b'-- Up-to-date symlink: /root/ws_sensor_combined/install/px4_msgs/include/px4_msgs/px4_msgs/msg/fixed_wing_lateral_status.hpp\n'}
[1.137906] (px4_msgs) StdoutLine: {'line': b'-- Up-to-date symlink: /root/ws_sensor_combined/install/px4_msgs/include/px4_msgs/px4_msgs/msg/fixed_wing_longitudinal_setpoint.hpp\n'}
[1.137928] (px4_msgs) StdoutLine: {'line': b'-- Up-to-date symlink: /root/ws_sensor_combined/install/px4_msgs/include/px4_msgs/px4_msgs/msg/fixed_wing_runway_control.hpp\n'}
[1.137950] (px4_msgs) StdoutLine: {'line': b'-- Up-to-date symlink: /root/ws_sensor_combined/install/px4_msgs/include/px4_msgs/px4_msgs/msg/flight_phase_estimation.hpp\n'}
[1.137971] (px4_msgs) StdoutLine: {'line': b'-- Up-to-date symlink: /root/ws_sensor_combined/install/px4_msgs/include/px4_msgs/px4_msgs/msg/follow_target.hpp\n'}
[1.137993] (px4_msgs) StdoutLine: {'line': b'-- Up-to-date symlink: /root/ws_sensor_combined/install/px4_msgs/include/px4_msgs/px4_msgs/msg/follow_target_estimator.hpp\n'}
[1.138015] (px4_msgs) StdoutLine: {'line': b'-- Up-to-date symlink: /root/ws_sensor_combined/install/px4_msgs/include/px4_msgs/px4_msgs/msg/follow_target_status.hpp\n'}
[1.138161] (px4_msgs) StdoutLine: {'line': b'-- Up-to-date symlink: /root/ws_sensor_combined/install/px4_msgs/include/px4_msgs/px4_msgs/msg/fuel_tank_status.hpp\n'}
[1.138195] (px4_msgs) StdoutLine: {'line': b'-- Up-to-date symlink: /root/ws_sensor_combined/install/px4_msgs/include/px4_msgs/px4_msgs/msg/generator_status.hpp\n'}
[1.138221] (px4_msgs) StdoutLine: {'line': b'-- Up-to-date symlink: /root/ws_sensor_combined/install/px4_msgs/include/px4_msgs/px4_msgs/msg/geofence_result.hpp\n'}
[1.138246] (px4_msgs) StdoutLine: {'line': b'-- Up-to-date symlink: /root/ws_sensor_combined/install/px4_msgs/include/px4_msgs/px4_msgs/msg/geofence_status.hpp\n'}
[1.138270] (px4_msgs) StdoutLine: {'line': b'-- Up-to-date symlink: /root/ws_sensor_combined/install/px4_msgs/include/px4_msgs/px4_msgs/msg/gimbal_controls.hpp\n'}
[1.138292] (px4_msgs) StdoutLine: {'line': b'-- Up-to-date symlink: /root/ws_sensor_combined/install/px4_msgs/include/px4_msgs/px4_msgs/msg/gimbal_device_attitude_status.hpp\n'}
[1.138315] (px4_msgs) StdoutLine: {'line': b'-- Up-to-date symlink: /root/ws_sensor_combined/install/px4_msgs/include/px4_msgs/px4_msgs/msg/gimbal_device_information.hpp\n'}
[1.138338] (px4_msgs) StdoutLine: {'line': b'-- Up-to-date symlink: /root/ws_sensor_combined/install/px4_msgs/include/px4_msgs/px4_msgs/msg/gimbal_device_set_attitude.hpp\n'}
[1.138361] (px4_msgs) StdoutLine: {'line': b'-- Up-to-date symlink: /root/ws_sensor_combined/install/px4_msgs/include/px4_msgs/px4_msgs/msg/gimbal_manager_information.hpp\n'}
[1.138383] (px4_msgs) StdoutLine: {'line': b'-- Up-to-date symlink: /root/ws_sensor_combined/install/px4_msgs/include/px4_msgs/px4_msgs/msg/gimbal_manager_set_attitude.hpp\n'}
[1.138406] (px4_msgs) StdoutLine: {'line': b'-- Up-to-date symlink: /root/ws_sensor_combined/install/px4_msgs/include/px4_msgs/px4_msgs/msg/gimbal_manager_set_manual_control.hpp\n'}
[1.138428] (px4_msgs) StdoutLine: {'line': b'-- Up-to-date symlink: /root/ws_sensor_combined/install/px4_msgs/include/px4_msgs/px4_msgs/msg/gimbal_manager_status.hpp\n'}
[1.138457] (px4_msgs) StdoutLine: {'line': b'-- Up-to-date symlink: /root/ws_sensor_combined/install/px4_msgs/include/px4_msgs/px4_msgs/msg/goto_setpoint.hpp\n'}
[1.138479] (px4_msgs) StdoutLine: {'line': b'-- Up-to-date symlink: /root/ws_sensor_combined/install/px4_msgs/include/px4_msgs/px4_msgs/msg/gpio_config.hpp\n'}
[1.138503] (px4_msgs) StdoutLine: {'line': b'-- Up-to-date symlink: /root/ws_sensor_combined/install/px4_msgs/include/px4_msgs/px4_msgs/msg/gpio_in.hpp\n'}
[1.138524] (px4_msgs) StdoutLine: {'line': b'-- Up-to-date symlink: /root/ws_sensor_combined/install/px4_msgs/include/px4_msgs/px4_msgs/msg/gpio_out.hpp\n'}
[1.138547] (px4_msgs) StdoutLine: {'line': b'-- Up-to-date symlink: /root/ws_sensor_combined/install/px4_msgs/include/px4_msgs/px4_msgs/msg/gpio_request.hpp\n'}
[1.138569] (px4_msgs) StdoutLine: {'line': b'-- Up-to-date symlink: /root/ws_sensor_combined/install/px4_msgs/include/px4_msgs/px4_msgs/msg/gps_dump.hpp\n'}
[1.138591] (px4_msgs) StdoutLine: {'line': b'-- Up-to-date symlink: /root/ws_sensor_combined/install/px4_msgs/include/px4_msgs/px4_msgs/msg/gps_inject_data.hpp\n'}
[1.138612] (px4_msgs) StdoutLine: {'line': b'-- Up-to-date symlink: /root/ws_sensor_combined/install/px4_msgs/include/px4_msgs/px4_msgs/msg/gripper.hpp\n'}
[1.138633] (px4_msgs) StdoutLine: {'line': b'-- Up-to-date symlink: /root/ws_sensor_combined/install/px4_msgs/include/px4_msgs/px4_msgs/msg/health_report.hpp\n'}
[1.138654] (px4_msgs) StdoutLine: {'line': b'-- Up-to-date symlink: /root/ws_sensor_combined/install/px4_msgs/include/px4_msgs/px4_msgs/msg/heater_status.hpp\n'}
[1.138675] (px4_msgs) StdoutLine: {'line': b'-- Up-to-date symlink: /root/ws_sensor_combined/install/px4_msgs/include/px4_msgs/px4_msgs/msg/home_position.hpp\n'}
[1.138695] (px4_msgs) StdoutLine: {'line': b'-- Up-to-date symlink: /root/ws_sensor_combined/install/px4_msgs/include/px4_msgs/px4_msgs/msg/hover_thrust_estimate.hpp\n'}
[1.138716] (px4_msgs) StdoutLine: {'line': b'-- Up-to-date symlink: /root/ws_sensor_combined/install/px4_msgs/include/px4_msgs/px4_msgs/msg/input_rc.hpp\n'}
[1.138736] (px4_msgs) StdoutLine: {'line': b'-- Up-to-date symlink: /root/ws_sensor_combined/install/px4_msgs/include/px4_msgs/px4_msgs/msg/internal_combustion_engine_control.hpp\n'}
[1.138757] (px4_msgs) StdoutLine: {'line': b'-- Up-to-date symlink: /root/ws_sensor_combined/install/px4_msgs/include/px4_msgs/px4_msgs/msg/internal_combustion_engine_status.hpp\n'}
[1.138778] (px4_msgs) StdoutLine: {'line': b'-- Up-to-date symlink: /root/ws_sensor_combined/install/px4_msgs/include/px4_msgs/px4_msgs/msg/iridiumsbd_status.hpp\n'}
[1.138800] (px4_msgs) StdoutLine: {'line': b'-- Up-to-date symlink: /root/ws_sensor_combined/install/px4_msgs/include/px4_msgs/px4_msgs/msg/irlock_report.hpp\n'}
[1.138822] (px4_msgs) StdoutLine: {'line': b'-- Up-to-date symlink: /root/ws_sensor_combined/install/px4_msgs/include/px4_msgs/px4_msgs/msg/landing_gear.hpp\n'}
[1.138843] (px4_msgs) StdoutLine: {'line': b'-- Up-to-date symlink: /root/ws_sensor_combined/install/px4_msgs/include/px4_msgs/px4_msgs/msg/landing_gear_wheel.hpp\n'}
[1.138865] (px4_msgs) StdoutLine: {'line': b'-- Up-to-date symlink: /root/ws_sensor_combined/install/px4_msgs/include/px4_msgs/px4_msgs/msg/landing_target_innovations.hpp\n'}
[1.138886] (px4_msgs) StdoutLine: {'line': b'-- Up-to-date symlink: /root/ws_sensor_combined/install/px4_msgs/include/px4_msgs/px4_msgs/msg/landing_target_pose.hpp\n'}
[1.138906] (px4_msgs) StdoutLine: {'line': b'-- Up-to-date symlink: /root/ws_sensor_combined/install/px4_msgs/include/px4_msgs/px4_msgs/msg/lateral_control_configuration.hpp\n'}
[1.138927] (px4_msgs) StdoutLine: {'line': b'-- Up-to-date symlink: /root/ws_sensor_combined/install/px4_msgs/include/px4_msgs/px4_msgs/msg/launch_detection_status.hpp\n'}
[1.138948] (px4_msgs) StdoutLine: {'line': b'-- Up-to-date symlink: /root/ws_sensor_combined/install/px4_msgs/include/px4_msgs/px4_msgs/msg/led_control.hpp\n'}
[1.138969] (px4_msgs) StdoutLine: {'line': b'-- Up-to-date symlink: /root/ws_sensor_combined/install/px4_msgs/include/px4_msgs/px4_msgs/msg/log_message.hpp\n'}
[1.138990] (px4_msgs) StdoutLine: {'line': b'-- Up-to-date symlink: /root/ws_sensor_combined/install/px4_msgs/include/px4_msgs/px4_msgs/msg/logger_status.hpp\n'}
[1.139011] (px4_msgs) StdoutLine: {'line': b'-- Up-to-date symlink: /root/ws_sensor_combined/install/px4_msgs/include/px4_msgs/px4_msgs/msg/longitudinal_control_configuration.hpp\n'}
[1.139032] (px4_msgs) StdoutLine: {'line': b'-- Up-to-date symlink: /root/ws_sensor_combined/install/px4_msgs/include/px4_msgs/px4_msgs/msg/mag_worker_data.hpp\n'}
[1.139052] (px4_msgs) StdoutLine: {'line': b'-- Up-to-date symlink: /root/ws_sensor_combined/install/px4_msgs/include/px4_msgs/px4_msgs/msg/magnetometer_bias_estimate.hpp\n'}
[1.139076] (px4_msgs) StdoutLine: {'line': b'-- Up-to-date symlink: /root/ws_sensor_combined/install/px4_msgs/include/px4_msgs/px4_msgs/msg/manual_control_setpoint.hpp\n'}
[1.139098] (px4_msgs) StdoutLine: {'line': b'-- Up-to-date symlink: /root/ws_sensor_combined/install/px4_msgs/include/px4_msgs/px4_msgs/msg/manual_control_switches.hpp\n'}
[1.139119] (px4_msgs) StdoutLine: {'line': b'-- Up-to-date symlink: /root/ws_sensor_combined/install/px4_msgs/include/px4_msgs/px4_msgs/msg/mavlink_log.hpp\n'}
[1.139141] (px4_msgs) StdoutLine: {'line': b'-- Up-to-date symlink: /root/ws_sensor_combined/install/px4_msgs/include/px4_msgs/px4_msgs/msg/mavlink_tunnel.hpp\n'}
[1.139162] (px4_msgs) StdoutLine: {'line': b'-- Up-to-date symlink: /root/ws_sensor_combined/install/px4_msgs/include/px4_msgs/px4_msgs/msg/message_format_request.hpp\n'}
[1.139186] (px4_msgs) StdoutLine: {'line': b'-- Up-to-date symlink: /root/ws_sensor_combined/install/px4_msgs/include/px4_msgs/px4_msgs/msg/message_format_response.hpp\n'}
[1.139210] (px4_msgs) StdoutLine: {'line': b'-- Up-to-date symlink: /root/ws_sensor_combined/install/px4_msgs/include/px4_msgs/px4_msgs/msg/mission.hpp\n'}
[1.139232] (px4_msgs) StdoutLine: {'line': b'-- Up-to-date symlink: /root/ws_sensor_combined/install/px4_msgs/include/px4_msgs/px4_msgs/msg/mission_result.hpp\n'}
[1.139254] (px4_msgs) StdoutLine: {'line': b'-- Up-to-date symlink: /root/ws_sensor_combined/install/px4_msgs/include/px4_msgs/px4_msgs/msg/mode_completed.hpp\n'}
[1.139275] (px4_msgs) StdoutLine: {'line': b'-- Up-to-date symlink: /root/ws_sensor_combined/install/px4_msgs/include/px4_msgs/px4_msgs/msg/mount_orientation.hpp\n'}
[1.139295] (px4_msgs) StdoutLine: {'line': b'-- Up-to-date symlink: /root/ws_sensor_combined/install/px4_msgs/include/px4_msgs/px4_msgs/msg/navigator_mission_item.hpp\n'}
[1.139316] (px4_msgs) StdoutLine: {'line': b'-- Up-to-date symlink: /root/ws_sensor_combined/install/px4_msgs/include/px4_msgs/px4_msgs/msg/navigator_status.hpp\n'}
[1.139337] (px4_msgs) StdoutLine: {'line': b'-- Up-to-date symlink: /root/ws_sensor_combined/install/px4_msgs/include/px4_msgs/px4_msgs/msg/neural_control.hpp\n'}
[1.139358] (px4_msgs) StdoutLine: {'line': b'-- Up-to-date symlink: /root/ws_sensor_combined/install/px4_msgs/include/px4_msgs/px4_msgs/msg/normalized_unsigned_setpoint.hpp\n'}
[1.139379] (px4_msgs) StdoutLine: {'line': b'-- Up-to-date symlink: /root/ws_sensor_combined/install/px4_msgs/include/px4_msgs/px4_msgs/msg/obstacle_distance.hpp\n'}
[1.139400] (px4_msgs) StdoutLine: {'line': b'-- Up-to-date symlink: /root/ws_sensor_combined/install/px4_msgs/include/px4_msgs/px4_msgs/msg/offboard_control_mode.hpp\n'}
[1.139421] (px4_msgs) StdoutLine: {'line': b'-- Up-to-date symlink: /root/ws_sensor_combined/install/px4_msgs/include/px4_msgs/px4_msgs/msg/onboard_computer_status.hpp\n'}
[1.139441] (px4_msgs) StdoutLine: {'line': b'-- Up-to-date symlink: /root/ws_sensor_combined/install/px4_msgs/include/px4_msgs/px4_msgs/msg/open_drone_id_arm_status.hpp\n'}
[1.139462] (px4_msgs) StdoutLine: {'line': b'-- Up-to-date symlink: /root/ws_sensor_combined/install/px4_msgs/include/px4_msgs/px4_msgs/msg/open_drone_id_operator_id.hpp\n'}
[1.139484] (px4_msgs) StdoutLine: {'line': b'-- Up-to-date symlink: /root/ws_sensor_combined/install/px4_msgs/include/px4_msgs/px4_msgs/msg/open_drone_id_self_id.hpp\n'}
[1.139508] (px4_msgs) StdoutLine: {'line': b'-- Up-to-date symlink: /root/ws_sensor_combined/install/px4_msgs/include/px4_msgs/px4_msgs/msg/open_drone_id_system.hpp\n'}
[1.139530] (px4_msgs) StdoutLine: {'line': b'-- Up-to-date symlink: /root/ws_sensor_combined/install/px4_msgs/include/px4_msgs/px4_msgs/msg/orb_test.hpp\n'}
[1.139551] (px4_msgs) StdoutLine: {'line': b'-- Up-to-date symlink: /root/ws_sensor_combined/install/px4_msgs/include/px4_msgs/px4_msgs/msg/orb_test_large.hpp\n'}
[1.139575] (px4_msgs) StdoutLine: {'line': b'-- Up-to-date symlink: /root/ws_sensor_combined/install/px4_msgs/include/px4_msgs/px4_msgs/msg/orb_test_medium.hpp\n'}
[1.139596] (px4_msgs) StdoutLine: {'line': b'-- Up-to-date symlink: /root/ws_sensor_combined/install/px4_msgs/include/px4_msgs/px4_msgs/msg/orbit_status.hpp\n'}
[1.139618] (px4_msgs) StdoutLine: {'line': b'-- Up-to-date symlink: /root/ws_sensor_combined/install/px4_msgs/include/px4_msgs/px4_msgs/msg/parameter_reset_request.hpp\n'}
[1.139639] (px4_msgs) StdoutLine: {'line': b'-- Up-to-date symlink: /root/ws_sensor_combined/install/px4_msgs/include/px4_msgs/px4_msgs/msg/parameter_set_used_request.hpp\n'}
[1.139660] (px4_msgs) StdoutLine: {'line': b'-- Up-to-date symlink: /root/ws_sensor_combined/install/px4_msgs/include/px4_msgs/px4_msgs/msg/parameter_set_value_request.hpp\n'}
[1.139681] (px4_msgs) StdoutLine: {'line': b'-- Up-to-date symlink: /root/ws_sensor_combined/install/px4_msgs/include/px4_msgs/px4_msgs/msg/parameter_set_value_response.hpp\n'}
[1.139703] (px4_msgs) StdoutLine: {'line': b'-- Up-to-date symlink: /root/ws_sensor_combined/install/px4_msgs/include/px4_msgs/px4_msgs/msg/parameter_update.hpp\n'}
[1.139725] (px4_msgs) StdoutLine: {'line': b'-- Up-to-date symlink: /root/ws_sensor_combined/install/px4_msgs/include/px4_msgs/px4_msgs/msg/ping.hpp\n'}
[1.139747] (px4_msgs) StdoutLine: {'line': b'-- Up-to-date symlink: /root/ws_sensor_combined/install/px4_msgs/include/px4_msgs/px4_msgs/msg/position_controller_landing_status.hpp\n'}
[1.139768] (px4_msgs) StdoutLine: {'line': b'-- Up-to-date symlink: /root/ws_sensor_combined/install/px4_msgs/include/px4_msgs/px4_msgs/msg/position_controller_status.hpp\n'}
[1.139789] (px4_msgs) StdoutLine: {'line': b'-- Up-to-date symlink: /root/ws_sensor_combined/install/px4_msgs/include/px4_msgs/px4_msgs/msg/position_setpoint.hpp\n'}
[1.139811] (px4_msgs) StdoutLine: {'line': b'-- Up-to-date symlink: /root/ws_sensor_combined/install/px4_msgs/include/px4_msgs/px4_msgs/msg/position_setpoint_triplet.hpp\n'}
[1.139834] (px4_msgs) StdoutLine: {'line': b'-- Up-to-date symlink: /root/ws_sensor_combined/install/px4_msgs/include/px4_msgs/px4_msgs/msg/power_button_state.hpp\n'}
[1.139856] (px4_msgs) StdoutLine: {'line': b'-- Up-to-date symlink: /root/ws_sensor_combined/install/px4_msgs/include/px4_msgs/px4_msgs/msg/power_monitor.hpp\n'}
[1.139877] (px4_msgs) StdoutLine: {'line': b'-- Up-to-date symlink: /root/ws_sensor_combined/install/px4_msgs/include/px4_msgs/px4_msgs/msg/pps_capture.hpp\n'}
[1.139897] (px4_msgs) StdoutLine: {'line': b'-- Up-to-date symlink: /root/ws_sensor_combined/install/px4_msgs/include/px4_msgs/px4_msgs/msg/pure_pursuit_status.hpp\n'}
[1.139919] (px4_msgs) StdoutLine: {'line': b'-- Up-to-date symlink: /root/ws_sensor_combined/install/px4_msgs/include/px4_msgs/px4_msgs/msg/pwm_input.hpp\n'}
[1.139940] (px4_msgs) StdoutLine: {'line': b'-- Up-to-date symlink: /root/ws_sensor_combined/install/px4_msgs/include/px4_msgs/px4_msgs/msg/px4io_status.hpp\n'}
[1.139963] (px4_msgs) StdoutLine: {'line': b'-- Up-to-date symlink: /root/ws_sensor_combined/install/px4_msgs/include/px4_msgs/px4_msgs/msg/qshell_req.hpp\n'}
[1.139985] (px4_msgs) StdoutLine: {'line': b'-- Up-to-date symlink: /root/ws_sensor_combined/install/px4_msgs/include/px4_msgs/px4_msgs/msg/qshell_retval.hpp\n'}
[1.140005] (px4_msgs) StdoutLine: {'line': b'-- Up-to-date symlink: /root/ws_sensor_combined/install/px4_msgs/include/px4_msgs/px4_msgs/msg/radio_status.hpp\n'}
[1.140027] (px4_msgs) StdoutLine: {'line': b'-- Up-to-date symlink: /root/ws_sensor_combined/install/px4_msgs/include/px4_msgs/px4_msgs/msg/rate_ctrl_status.hpp\n'}
[1.140048] (px4_msgs) StdoutLine: {'line': b'-- Up-to-date symlink: /root/ws_sensor_combined/install/px4_msgs/include/px4_msgs/px4_msgs/msg/rc_channels.hpp\n'}
[1.140069] (px4_msgs) StdoutLine: {'line': b'-- Up-to-date symlink: /root/ws_sensor_combined/install/px4_msgs/include/px4_msgs/px4_msgs/msg/rc_parameter_map.hpp\n'}
[1.140090] (px4_msgs) StdoutLine: {'line': b'-- Up-to-date symlink: /root/ws_sensor_combined/install/px4_msgs/include/px4_msgs/px4_msgs/msg/register_ext_component_reply.hpp\n'}
[1.140110] (px4_msgs) StdoutLine: {'line': b'-- Up-to-date symlink: /root/ws_sensor_combined/install/px4_msgs/include/px4_msgs/px4_msgs/msg/register_ext_component_request.hpp\n'}
[1.140132] (px4_msgs) StdoutLine: {'line': b'-- Up-to-date symlink: /root/ws_sensor_combined/install/px4_msgs/include/px4_msgs/px4_msgs/msg/rosidl_generator_cpp__visibility_control.hpp\n'}
[1.140154] (px4_msgs) StdoutLine: {'line': b'-- Up-to-date symlink: /root/ws_sensor_combined/install/px4_msgs/include/px4_msgs/px4_msgs/msg/rover_attitude_setpoint.hpp\n'}
[1.140175] (px4_msgs) StdoutLine: {'line': b'-- Up-to-date symlink: /root/ws_sensor_combined/install/px4_msgs/include/px4_msgs/px4_msgs/msg/rover_attitude_status.hpp\n'}
[1.140196] (px4_msgs) StdoutLine: {'line': b'-- Up-to-date symlink: /root/ws_sensor_combined/install/px4_msgs/include/px4_msgs/px4_msgs/msg/rover_position_setpoint.hpp\n'}
[1.140217] (px4_msgs) StdoutLine: {'line': b'-- Up-to-date symlink: /root/ws_sensor_combined/install/px4_msgs/include/px4_msgs/px4_msgs/msg/rover_rate_setpoint.hpp\n'}
[1.140238] (px4_msgs) StdoutLine: {'line': b'-- Up-to-date symlink: /root/ws_sensor_combined/install/px4_msgs/include/px4_msgs/px4_msgs/msg/rover_rate_status.hpp\n'}
[1.140260] (px4_msgs) StdoutLine: {'line': b'-- Up-to-date symlink: /root/ws_sensor_combined/install/px4_msgs/include/px4_msgs/px4_msgs/msg/rover_steering_setpoint.hpp\n'}
[1.140281] (px4_msgs) StdoutLine: {'line': b'-- Up-to-date symlink: /root/ws_sensor_combined/install/px4_msgs/include/px4_msgs/px4_msgs/msg/rover_throttle_setpoint.hpp\n'}
[1.140302] (px4_msgs) StdoutLine: {'line': b'-- Up-to-date symlink: /root/ws_sensor_combined/install/px4_msgs/include/px4_msgs/px4_msgs/msg/rover_velocity_setpoint.hpp\n'}
[1.140323] (px4_msgs) StdoutLine: {'line': b'-- Up-to-date symlink: /root/ws_sensor_combined/install/px4_msgs/include/px4_msgs/px4_msgs/msg/rover_velocity_status.hpp\n'}
[1.140344] (px4_msgs) StdoutLine: {'line': b'-- Up-to-date symlink: /root/ws_sensor_combined/install/px4_msgs/include/px4_msgs/px4_msgs/msg/rpm.hpp\n'}
[1.140365] (px4_msgs) StdoutLine: {'line': b'-- Up-to-date symlink: /root/ws_sensor_combined/install/px4_msgs/include/px4_msgs/px4_msgs/msg/rtl_status.hpp\n'}
[1.140386] (px4_msgs) StdoutLine: {'line': b'-- Up-to-date symlink: /root/ws_sensor_combined/install/px4_msgs/include/px4_msgs/px4_msgs/msg/rtl_time_estimate.hpp\n'}
[1.140407] (px4_msgs) StdoutLine: {'line': b'-- Up-to-date symlink: /root/ws_sensor_combined/install/px4_msgs/include/px4_msgs/px4_msgs/msg/satellite_info.hpp\n'}
[1.140430] (px4_msgs) StdoutLine: {'line': b'-- Up-to-date symlink: /root/ws_sensor_combined/install/px4_msgs/include/px4_msgs/px4_msgs/msg/sensor_accel.hpp\n'}
[1.140451] (px4_msgs) StdoutLine: {'line': b'-- Up-to-date symlink: /root/ws_sensor_combined/install/px4_msgs/include/px4_msgs/px4_msgs/msg/sensor_accel_fifo.hpp\n'}
[1.140472] (px4_msgs) StdoutLine: {'line': b'-- Up-to-date symlink: /root/ws_sensor_combined/install/px4_msgs/include/px4_msgs/px4_msgs/msg/sensor_airflow.hpp\n'}
[1.140494] (px4_msgs) StdoutLine: {'line': b'-- Up-to-date symlink: /root/ws_sensor_combined/install/px4_msgs/include/px4_msgs/px4_msgs/msg/sensor_baro.hpp\n'}
[1.140515] (px4_msgs) StdoutLine: {'line': b'-- Up-to-date symlink: /root/ws_sensor_combined/install/px4_msgs/include/px4_msgs/px4_msgs/msg/sensor_combined.hpp\n'}
[1.140537] (px4_msgs) StdoutLine: {'line': b'-- Up-to-date symlink: /root/ws_sensor_combined/install/px4_msgs/include/px4_msgs/px4_msgs/msg/sensor_correction.hpp\n'}
[1.140559] (px4_msgs) StdoutLine: {'line': b'-- Up-to-date symlink: /root/ws_sensor_combined/install/px4_msgs/include/px4_msgs/px4_msgs/msg/sensor_gnss_relative.hpp\n'}
[1.140581] (px4_msgs) StdoutLine: {'line': b'-- Up-to-date symlink: /root/ws_sensor_combined/install/px4_msgs/include/px4_msgs/px4_msgs/msg/sensor_gps.hpp\n'}
[1.140601] (px4_msgs) StdoutLine: {'line': b'-- Up-to-date symlink: /root/ws_sensor_combined/install/px4_msgs/include/px4_msgs/px4_msgs/msg/sensor_gyro.hpp\n'}
[1.140622] (px4_msgs) StdoutLine: {'line': b'-- Up-to-date symlink: /root/ws_sensor_combined/install/px4_msgs/include/px4_msgs/px4_msgs/msg/sensor_gyro_fft.hpp\n'}
[1.140643] (px4_msgs) StdoutLine: {'line': b'-- Up-to-date symlink: /root/ws_sensor_combined/install/px4_msgs/include/px4_msgs/px4_msgs/msg/sensor_gyro_fifo.hpp\n'}
[1.140665] (px4_msgs) StdoutLine: {'line': b'-- Up-to-date symlink: /root/ws_sensor_combined/install/px4_msgs/include/px4_msgs/px4_msgs/msg/sensor_hygrometer.hpp\n'}
[1.140687] (px4_msgs) StdoutLine: {'line': b'-- Up-to-date symlink: /root/ws_sensor_combined/install/px4_msgs/include/px4_msgs/px4_msgs/msg/sensor_mag.hpp\n'}
[1.140710] (px4_msgs) StdoutLine: {'line': b'-- Up-to-date symlink: /root/ws_sensor_combined/install/px4_msgs/include/px4_msgs/px4_msgs/msg/sensor_optical_flow.hpp\n'}
[1.140732] (px4_msgs) StdoutLine: {'line': b'-- Up-to-date symlink: /root/ws_sensor_combined/install/px4_msgs/include/px4_msgs/px4_msgs/msg/sensor_preflight_mag.hpp\n'}
[1.140753] (px4_msgs) StdoutLine: {'line': b'-- Up-to-date symlink: /root/ws_sensor_combined/install/px4_msgs/include/px4_msgs/px4_msgs/msg/sensor_selection.hpp\n'}
[1.140817] (px4_msgs) StdoutLine: {'line': b'-- Up-to-date symlink: /root/ws_sensor_combined/install/px4_msgs/include/px4_msgs/px4_msgs/msg/sensor_uwb.hpp\n'}
[1.140902] (px4_msgs) StdoutLine: {'line': b'-- Up-to-date symlink: /root/ws_sensor_combined/install/px4_msgs/include/px4_msgs/px4_msgs/msg/sensors_status.hpp\n'}
[1.140983] (px4_msgs) StdoutLine: {'line': b'-- Up-to-date symlink: /root/ws_sensor_combined/install/px4_msgs/include/px4_msgs/px4_msgs/msg/sensors_status_imu.hpp\n'}
[1.141064] (px4_msgs) StdoutLine: {'line': b'-- Up-to-date symlink: /root/ws_sensor_combined/install/px4_msgs/include/px4_msgs/px4_msgs/msg/system_power.hpp\n'}
[1.141162] (px4_msgs) StdoutLine: {'line': b'-- Up-to-date symlink: /root/ws_sensor_combined/install/px4_msgs/include/px4_msgs/px4_msgs/msg/takeoff_status.hpp\n'}
[1.141243] (px4_msgs) StdoutLine: {'line': b'-- Up-to-date symlink: /root/ws_sensor_combined/install/px4_msgs/include/px4_msgs/px4_msgs/msg/task_stack_info.hpp\n'}
[1.141326] (px4_msgs) StdoutLine: {'line': b'-- Up-to-date symlink: /root/ws_sensor_combined/install/px4_msgs/include/px4_msgs/px4_msgs/msg/tecs_status.hpp\n'}
[1.141410] (px4_msgs) StdoutLine: {'line': b'-- Up-to-date symlink: /root/ws_sensor_combined/install/px4_msgs/include/px4_msgs/px4_msgs/msg/telemetry_status.hpp\n'}
[1.141504] (px4_msgs) StdoutLine: {'line': b'-- Up-to-date symlink: /root/ws_sensor_combined/install/px4_msgs/include/px4_msgs/px4_msgs/msg/tiltrotor_extra_controls.hpp\n'}
[1.141592] (px4_msgs) StdoutLine: {'line': b'-- Up-to-date symlink: /root/ws_sensor_combined/install/px4_msgs/include/px4_msgs/px4_msgs/msg/timesync_status.hpp\n'}
[1.141664] (px4_msgs) StdoutLine: {'line': b'-- Up-to-date symlink: /root/ws_sensor_combined/install/px4_msgs/include/px4_msgs/px4_msgs/msg/trajectory_setpoint.hpp\n'}
[1.141747] (px4_msgs) StdoutLine: {'line': b'-- Up-to-date symlink: /root/ws_sensor_combined/install/px4_msgs/include/px4_msgs/px4_msgs/msg/trajectory_setpoint6dof.hpp\n'}
[1.141828] (px4_msgs) StdoutLine: {'line': b'-- Up-to-date symlink: /root/ws_sensor_combined/install/px4_msgs/include/px4_msgs/px4_msgs/msg/transponder_report.hpp\n'}
[1.141910] (px4_msgs) StdoutLine: {'line': b'-- Up-to-date symlink: /root/ws_sensor_combined/install/px4_msgs/include/px4_msgs/px4_msgs/msg/tune_control.hpp\n'}
[1.141990] (px4_msgs) StdoutLine: {'line': b'-- Up-to-date symlink: /root/ws_sensor_combined/install/px4_msgs/include/px4_msgs/px4_msgs/msg/uavcan_parameter_request.hpp\n'}
[1.142071] (px4_msgs) StdoutLine: {'line': b'-- Up-to-date symlink: /root/ws_sensor_combined/install/px4_msgs/include/px4_msgs/px4_msgs/msg/uavcan_parameter_value.hpp\n'}
[1.142152] (px4_msgs) StdoutLine: {'line': b'-- Up-to-date symlink: /root/ws_sensor_combined/install/px4_msgs/include/px4_msgs/px4_msgs/msg/ulog_stream.hpp\n'}
[1.142235] (px4_msgs) StdoutLine: {'line': b'-- Up-to-date symlink: /root/ws_sensor_combined/install/px4_msgs/include/px4_msgs/px4_msgs/msg/ulog_stream_ack.hpp\n'}
[1.142316] (px4_msgs) StdoutLine: {'line': b'-- Up-to-date symlink: /root/ws_sensor_combined/install/px4_msgs/include/px4_msgs/px4_msgs/msg/unregister_ext_component.hpp\n'}
[1.142391] (px4_msgs) StdoutLine: {'line': b'-- Up-to-date symlink: /root/ws_sensor_combined/install/px4_msgs/include/px4_msgs/px4_msgs/msg/vehicle_acceleration.hpp\n'}
[1.142425] (px4_msgs) StdoutLine: {'line': b'-- Up-to-date symlink: /root/ws_sensor_combined/install/px4_msgs/include/px4_msgs/px4_msgs/msg/vehicle_air_data.hpp\n'}
[1.142456] (px4_msgs) StdoutLine: {'line': b'-- Up-to-date symlink: /root/ws_sensor_combined/install/px4_msgs/include/px4_msgs/px4_msgs/msg/vehicle_angular_acceleration_setpoint.hpp\n'}
[1.142506] (px4_msgs) StdoutLine: {'line': b'-- Up-to-date symlink: /root/ws_sensor_combined/install/px4_msgs/include/px4_msgs/px4_msgs/msg/vehicle_angular_velocity.hpp\n'}
[1.142694] (px4_msgs) StdoutLine: {'line': b'-- Up-to-date symlink: /root/ws_sensor_combined/install/px4_msgs/include/px4_msgs/px4_msgs/msg/vehicle_attitude.hpp\n'}
[1.142788] (px4_msgs) StdoutLine: {'line': b'-- Up-to-date symlink: /root/ws_sensor_combined/install/px4_msgs/include/px4_msgs/px4_msgs/msg/vehicle_attitude_setpoint.hpp\n'}
[1.142835] (px4_msgs) StdoutLine: {'line': b'-- Up-to-date symlink: /root/ws_sensor_combined/install/px4_msgs/include/px4_msgs/px4_msgs/msg/vehicle_command.hpp\n'}
[1.142870] (px4_msgs) StdoutLine: {'line': b'-- Up-to-date symlink: /root/ws_sensor_combined/install/px4_msgs/include/px4_msgs/px4_msgs/msg/vehicle_command_ack.hpp\n'}
[1.143126] (px4_msgs) StdoutLine: {'line': b'-- Up-to-date symlink: /root/ws_sensor_combined/install/px4_msgs/include/px4_msgs/px4_msgs/msg/vehicle_constraints.hpp\n'}
[1.143237] (px4_msgs) StdoutLine: {'line': b'-- Up-to-date symlink: /root/ws_sensor_combined/install/px4_msgs/include/px4_msgs/px4_msgs/msg/vehicle_control_mode.hpp\n'}
[1.143273] (px4_msgs) StdoutLine: {'line': b'-- Up-to-date symlink: /root/ws_sensor_combined/install/px4_msgs/include/px4_msgs/px4_msgs/msg/vehicle_global_position.hpp\n'}
[1.143336] (px4_msgs) StdoutLine: {'line': b'-- Up-to-date symlink: /root/ws_sensor_combined/install/px4_msgs/include/px4_msgs/px4_msgs/msg/vehicle_imu.hpp\n'}
[1.143373] (px4_msgs) StdoutLine: {'line': b'-- Up-to-date symlink: /root/ws_sensor_combined/install/px4_msgs/include/px4_msgs/px4_msgs/msg/vehicle_imu_status.hpp\n'}
[1.143487] (px4_msgs) StdoutLine: {'line': b'-- Up-to-date symlink: /root/ws_sensor_combined/install/px4_msgs/include/px4_msgs/px4_msgs/msg/vehicle_land_detected.hpp\n'}
[1.143517] (px4_msgs) StdoutLine: {'line': b'-- Up-to-date symlink: /root/ws_sensor_combined/install/px4_msgs/include/px4_msgs/px4_msgs/msg/vehicle_local_position.hpp\n'}
[1.143542] (px4_msgs) StdoutLine: {'line': b'-- Up-to-date symlink: /root/ws_sensor_combined/install/px4_msgs/include/px4_msgs/px4_msgs/msg/vehicle_local_position_setpoint.hpp\n'}
[1.143566] (px4_msgs) StdoutLine: {'line': b'-- Up-to-date symlink: /root/ws_sensor_combined/install/px4_msgs/include/px4_msgs/px4_msgs/msg/vehicle_magnetometer.hpp\n'}
[1.143594] (px4_msgs) StdoutLine: {'line': b'-- Up-to-date symlink: /root/ws_sensor_combined/install/px4_msgs/include/px4_msgs/px4_msgs/msg/vehicle_odometry.hpp\n'}
[1.143642] (px4_msgs) StdoutLine: {'line': b'-- Up-to-date symlink: /root/ws_sensor_combined/install/px4_msgs/include/px4_msgs/px4_msgs/msg/vehicle_optical_flow.hpp\n'}
[1.143701] (px4_msgs) StdoutLine: {'line': b'-- Up-to-date symlink: /root/ws_sensor_combined/install/px4_msgs/include/px4_msgs/px4_msgs/msg/vehicle_optical_flow_vel.hpp\n'}
[1.143784] (px4_msgs) StdoutLine: {'line': b'-- Up-to-date symlink: /root/ws_sensor_combined/install/px4_msgs/include/px4_msgs/px4_msgs/msg/vehicle_rates_setpoint.hpp\n'}
[1.143865] (px4_msgs) StdoutLine: {'line': b'-- Up-to-date symlink: /root/ws_sensor_combined/install/px4_msgs/include/px4_msgs/px4_msgs/msg/vehicle_roi.hpp\n'}
[1.143946] (px4_msgs) StdoutLine: {'line': b'-- Up-to-date symlink: /root/ws_sensor_combined/install/px4_msgs/include/px4_msgs/px4_msgs/msg/vehicle_status.hpp\n'}
[1.144027] (px4_msgs) StdoutLine: {'line': b'-- Up-to-date symlink: /root/ws_sensor_combined/install/px4_msgs/include/px4_msgs/px4_msgs/msg/vehicle_thrust_setpoint.hpp\n'}
[1.144108] (px4_msgs) StdoutLine: {'line': b'-- Up-to-date symlink: /root/ws_sensor_combined/install/px4_msgs/include/px4_msgs/px4_msgs/msg/vehicle_torque_setpoint.hpp\n'}
[1.144179] (px4_msgs) StdoutLine: {'line': b'-- Up-to-date symlink: /root/ws_sensor_combined/install/px4_msgs/include/px4_msgs/px4_msgs/msg/velocity_limits.hpp\n'}
[1.144261] (px4_msgs) StdoutLine: {'line': b'-- Up-to-date symlink: /root/ws_sensor_combined/install/px4_msgs/include/px4_msgs/px4_msgs/msg/vtol_vehicle_status.hpp\n'}
[1.144341] (px4_msgs) StdoutLine: {'line': b'-- Up-to-date symlink: /root/ws_sensor_combined/install/px4_msgs/include/px4_msgs/px4_msgs/msg/wheel_encoders.hpp\n'}
[1.144421] (px4_msgs) StdoutLine: {'line': b'-- Up-to-date symlink: /root/ws_sensor_combined/install/px4_msgs/include/px4_msgs/px4_msgs/msg/wind.hpp\n'}
[1.144500] (px4_msgs) StdoutLine: {'line': b'-- Up-to-date symlink: /root/ws_sensor_combined/install/px4_msgs/include/px4_msgs/px4_msgs/msg/yaw_estimator_status.hpp\n'}
[1.144581] (px4_msgs) StdoutLine: {'line': b'-- Up-to-date symlink: /root/ws_sensor_combined/install/px4_msgs/include/px4_msgs/px4_msgs/srv/detail/vehicle_command__builder.hpp\n'}
[1.144662] (px4_msgs) StdoutLine: {'line': b'-- Up-to-date symlink: /root/ws_sensor_combined/install/px4_msgs/include/px4_msgs/px4_msgs/srv/detail/vehicle_command__struct.hpp\n'}
[1.144742] (px4_msgs) StdoutLine: {'line': b'-- Up-to-date symlink: /root/ws_sensor_combined/install/px4_msgs/include/px4_msgs/px4_msgs/srv/detail/vehicle_command__traits.hpp\n'}
[1.144811] (px4_msgs) StdoutLine: {'line': b'-- Up-to-date symlink: /root/ws_sensor_combined/install/px4_msgs/include/px4_msgs/px4_msgs/srv/detail/vehicle_command__type_support.hpp\n'}
[1.144893] (px4_msgs) StdoutLine: {'line': b'-- Up-to-date symlink: /root/ws_sensor_combined/install/px4_msgs/include/px4_msgs/px4_msgs/srv/vehicle_command.hpp\n'}
[1.144973] (px4_msgs) StdoutLine: {'line': b'-- Up-to-date symlink: /root/ws_sensor_combined/install/px4_msgs/include/px4_msgs/px4_msgs/msg/detail/action_request__rosidl_typesupport_fastrtps_cpp.hpp\n'}
[1.145053] (px4_msgs) StdoutLine: {'line': b'-- Up-to-date symlink: /root/ws_sensor_combined/install/px4_msgs/include/px4_msgs/px4_msgs/msg/detail/actuator_armed__rosidl_typesupport_fastrtps_cpp.hpp\n'}
[1.145201] (px4_msgs) StdoutLine: {'line': b'-- Up-to-date symlink: /root/ws_sensor_combined/install/px4_msgs/include/px4_msgs/px4_msgs/msg/detail/actuator_controls_status__rosidl_typesupport_fastrtps_cpp.hpp\n'}
[1.145420] (px4_msgs) StdoutLine: {'line': b'-- Up-to-date symlink: /root/ws_sensor_combined/install/px4_msgs/include/px4_msgs/px4_msgs/msg/detail/actuator_motors__rosidl_typesupport_fastrtps_cpp.hpp\n'}
[1.145508] (px4_msgs) StdoutLine: {'line': b'-- Up-to-date symlink: /root/ws_sensor_combined/install/px4_msgs/include/px4_msgs/px4_msgs/msg/detail/actuator_outputs__rosidl_typesupport_fastrtps_cpp.hpp\n'}
[1.145541] (px4_msgs) StdoutLine: {'line': b'-- Up-to-date symlink: /root/ws_sensor_combined/install/px4_msgs/include/px4_msgs/px4_msgs/msg/detail/actuator_servos__rosidl_typesupport_fastrtps_cpp.hpp\n'}
[1.145714] (px4_msgs) StdoutLine: {'line': b'-- Up-to-date symlink: /root/ws_sensor_combined/install/px4_msgs/include/px4_msgs/px4_msgs/msg/detail/actuator_servos_trim__rosidl_typesupport_fastrtps_cpp.hpp\n'}
[1.145871] (px4_msgs) StdoutLine: {'line': b'-- Up-to-date symlink: /root/ws_sensor_combined/install/px4_msgs/include/px4_msgs/px4_msgs/msg/detail/actuator_test__rosidl_typesupport_fastrtps_cpp.hpp\n'}
[1.145925] (px4_msgs) StdoutLine: {'line': b'-- Up-to-date symlink: /root/ws_sensor_combined/install/px4_msgs/include/px4_msgs/px4_msgs/msg/detail/adc_report__rosidl_typesupport_fastrtps_cpp.hpp\n'}
[1.145971] (px4_msgs) StdoutLine: {'line': b'-- Up-to-date symlink: /root/ws_sensor_combined/install/px4_msgs/include/px4_msgs/px4_msgs/msg/detail/airspeed__rosidl_typesupport_fastrtps_cpp.hpp\n'}
[1.146044] (px4_msgs) StdoutLine: {'line': b'-- Up-to-date symlink: /root/ws_sensor_combined/install/px4_msgs/include/px4_msgs/px4_msgs/msg/detail/airspeed_validated__rosidl_typesupport_fastrtps_cpp.hpp\n'}
[1.146127] (px4_msgs) StdoutLine: {'line': b'-- Up-to-date symlink: /root/ws_sensor_combined/install/px4_msgs/include/px4_msgs/px4_msgs/msg/detail/airspeed_wind__rosidl_typesupport_fastrtps_cpp.hpp\n'}
[1.146209] (px4_msgs) StdoutLine: {'line': b'-- Up-to-date symlink: /root/ws_sensor_combined/install/px4_msgs/include/px4_msgs/px4_msgs/msg/detail/arming_check_reply__rosidl_typesupport_fastrtps_cpp.hpp\n'}
[1.146288] (px4_msgs) StdoutLine: {'line': b'-- Up-to-date symlink: /root/ws_sensor_combined/install/px4_msgs/include/px4_msgs/px4_msgs/msg/detail/arming_check_request__rosidl_typesupport_fastrtps_cpp.hpp\n'}
[1.146368] (px4_msgs) StdoutLine: {'line': b'-- Up-to-date symlink: /root/ws_sensor_combined/install/px4_msgs/include/px4_msgs/px4_msgs/msg/detail/autotune_attitude_control_status__rosidl_typesupport_fastrtps_cpp.hpp\n'}
[1.146449] (px4_msgs) StdoutLine: {'line': b'-- Up-to-date symlink: /root/ws_sensor_combined/install/px4_msgs/include/px4_msgs/px4_msgs/msg/detail/battery_info__rosidl_typesupport_fastrtps_cpp.hpp\n'}
[1.146530] (px4_msgs) StdoutLine: {'line': b'-- Up-to-date symlink: /root/ws_sensor_combined/install/px4_msgs/include/px4_msgs/px4_msgs/msg/detail/battery_status__rosidl_typesupport_fastrtps_cpp.hpp\n'}
[1.146610] (px4_msgs) StdoutLine: {'line': b'-- Up-to-date symlink: /root/ws_sensor_combined/install/px4_msgs/include/px4_msgs/px4_msgs/msg/detail/button_event__rosidl_typesupport_fastrtps_cpp.hpp\n'}
[1.146670] (px4_msgs) StdoutLine: {'line': b'-- Up-to-date symlink: /root/ws_sensor_combined/install/px4_msgs/include/px4_msgs/px4_msgs/msg/detail/camera_capture__rosidl_typesupport_fastrtps_cpp.hpp\n'}
[1.146739] (px4_msgs) StdoutLine: {'line': b'-- Up-to-date symlink: /root/ws_sensor_combined/install/px4_msgs/include/px4_msgs/px4_msgs/msg/detail/camera_status__rosidl_typesupport_fastrtps_cpp.hpp\n'}
[1.146820] (px4_msgs) StdoutLine: {'line': b'-- Up-to-date symlink: /root/ws_sensor_combined/install/px4_msgs/include/px4_msgs/px4_msgs/msg/detail/camera_trigger__rosidl_typesupport_fastrtps_cpp.hpp\n'}
[1.146899] (px4_msgs) StdoutLine: {'line': b'-- Up-to-date symlink: /root/ws_sensor_combined/install/px4_msgs/include/px4_msgs/px4_msgs/msg/detail/can_interface_status__rosidl_typesupport_fastrtps_cpp.hpp\n'}
[1.146983] (px4_msgs) StdoutLine: {'line': b'-- Up-to-date symlink: /root/ws_sensor_combined/install/px4_msgs/include/px4_msgs/px4_msgs/msg/detail/cellular_status__rosidl_typesupport_fastrtps_cpp.hpp\n'}
[1.147066] (px4_msgs) StdoutLine: {'line': b'-- Up-to-date symlink: /root/ws_sensor_combined/install/px4_msgs/include/px4_msgs/px4_msgs/msg/detail/collision_constraints__rosidl_typesupport_fastrtps_cpp.hpp\n'}
[1.147148] (px4_msgs) StdoutLine: {'line': b'-- Up-to-date symlink: /root/ws_sensor_combined/install/px4_msgs/include/px4_msgs/px4_msgs/msg/detail/config_overrides__rosidl_typesupport_fastrtps_cpp.hpp\n'}
[1.147229] (px4_msgs) StdoutLine: {'line': b'-- Up-to-date symlink: /root/ws_sensor_combined/install/px4_msgs/include/px4_msgs/px4_msgs/msg/detail/control_allocator_status__rosidl_typesupport_fastrtps_cpp.hpp\n'}
[1.147306] (px4_msgs) StdoutLine: {'line': b'-- Up-to-date symlink: /root/ws_sensor_combined/install/px4_msgs/include/px4_msgs/px4_msgs/msg/detail/cpuload__rosidl_typesupport_fastrtps_cpp.hpp\n'}
[1.147378] (px4_msgs) StdoutLine: {'line': b'-- Up-to-date symlink: /root/ws_sensor_combined/install/px4_msgs/include/px4_msgs/px4_msgs/msg/detail/dataman_request__rosidl_typesupport_fastrtps_cpp.hpp\n'}
[1.147458] (px4_msgs) StdoutLine: {'line': b'-- Up-to-date symlink: /root/ws_sensor_combined/install/px4_msgs/include/px4_msgs/px4_msgs/msg/detail/dataman_response__rosidl_typesupport_fastrtps_cpp.hpp\n'}
[1.147540] (px4_msgs) StdoutLine: {'line': b'-- Up-to-date symlink: /root/ws_sensor_combined/install/px4_msgs/include/px4_msgs/px4_msgs/msg/detail/debug_array__rosidl_typesupport_fastrtps_cpp.hpp\n'}
[1.147573] (px4_msgs) StdoutLine: {'line': b'-- Up-to-date symlink: /root/ws_sensor_combined/install/px4_msgs/include/px4_msgs/px4_msgs/msg/detail/debug_key_value__rosidl_typesupport_fastrtps_cpp.hpp\n'}
[1.147859] (px4_msgs) StdoutLine: {'line': b'-- Up-to-date symlink: /root/ws_sensor_combined/install/px4_msgs/include/px4_msgs/px4_msgs/msg/detail/debug_value__rosidl_typesupport_fastrtps_cpp.hpp\n'}
[1.147942] (px4_msgs) StdoutLine: {'line': b'-- Up-to-date symlink: /root/ws_sensor_combined/install/px4_msgs/include/px4_msgs/px4_msgs/msg/detail/debug_vect__rosidl_typesupport_fastrtps_cpp.hpp\n'}
[1.148024] (px4_msgs) StdoutLine: {'line': b'-- Up-to-date symlink: /root/ws_sensor_combined/install/px4_msgs/include/px4_msgs/px4_msgs/msg/detail/differential_pressure__rosidl_typesupport_fastrtps_cpp.hpp\n'}
[1.148095] (px4_msgs) StdoutLine: {'line': b'-- Up-to-date symlink: /root/ws_sensor_combined/install/px4_msgs/include/px4_msgs/px4_msgs/msg/detail/distance_sensor__rosidl_typesupport_fastrtps_cpp.hpp\n'}
[1.148255] (px4_msgs) StdoutLine: {'line': b'-- Up-to-date symlink: /root/ws_sensor_combined/install/px4_msgs/include/px4_msgs/px4_msgs/msg/detail/distance_sensor_mode_change_request__rosidl_typesupport_fastrtps_cpp.hpp\n'}
[1.148350] (px4_msgs) StdoutLine: {'line': b'-- Up-to-date symlink: /root/ws_sensor_combined/install/px4_msgs/include/px4_msgs/px4_msgs/msg/detail/dronecan_node_status__rosidl_typesupport_fastrtps_cpp.hpp\n'}
[1.148384] (px4_msgs) StdoutLine: {'line': b'-- Up-to-date symlink: /root/ws_sensor_combined/install/px4_msgs/include/px4_msgs/px4_msgs/msg/detail/ekf2_timestamps__rosidl_typesupport_fastrtps_cpp.hpp\n'}
[1.148411] (px4_msgs) StdoutLine: {'line': b'-- Up-to-date symlink: /root/ws_sensor_combined/install/px4_msgs/include/px4_msgs/px4_msgs/msg/detail/esc_report__rosidl_typesupport_fastrtps_cpp.hpp\n'}
[1.148438] (px4_msgs) StdoutLine: {'line': b'-- Up-to-date symlink: /root/ws_sensor_combined/install/px4_msgs/include/px4_msgs/px4_msgs/msg/detail/esc_status__rosidl_typesupport_fastrtps_cpp.hpp\n'}
[1.148477] (px4_msgs) StdoutLine: {'line': b'-- Up-to-date symlink: /root/ws_sensor_combined/install/px4_msgs/include/px4_msgs/px4_msgs/msg/detail/estimator_aid_source1d__rosidl_typesupport_fastrtps_cpp.hpp\n'}
[1.148508] (px4_msgs) StdoutLine: {'line': b'-- Up-to-date symlink: /root/ws_sensor_combined/install/px4_msgs/include/px4_msgs/px4_msgs/msg/detail/estimator_aid_source2d__rosidl_typesupport_fastrtps_cpp.hpp\n'}
[1.148663] (px4_msgs) StdoutLine: {'line': b'-- Up-to-date symlink: /root/ws_sensor_combined/install/px4_msgs/include/px4_msgs/px4_msgs/msg/detail/estimator_aid_source3d__rosidl_typesupport_fastrtps_cpp.hpp\n'}
[1.148780] (px4_msgs) StdoutLine: {'line': b'-- Up-to-date symlink: /root/ws_sensor_combined/install/px4_msgs/include/px4_msgs/px4_msgs/msg/detail/estimator_bias3d__rosidl_typesupport_fastrtps_cpp.hpp\n'}
[1.148831] (px4_msgs) StdoutLine: {'line': b'-- Up-to-date symlink: /root/ws_sensor_combined/install/px4_msgs/include/px4_msgs/px4_msgs/msg/detail/estimator_bias__rosidl_typesupport_fastrtps_cpp.hpp\n'}
[1.148915] (px4_msgs) StdoutLine: {'line': b'-- Up-to-date symlink: /root/ws_sensor_combined/install/px4_msgs/include/px4_msgs/px4_msgs/msg/detail/estimator_event_flags__rosidl_typesupport_fastrtps_cpp.hpp\n'}
[1.148964] (px4_msgs) StdoutLine: {'line': b'-- Up-to-date symlink: /root/ws_sensor_combined/install/px4_msgs/include/px4_msgs/px4_msgs/msg/detail/estimator_gps_status__rosidl_typesupport_fastrtps_cpp.hpp\n'}
[1.149028] (px4_msgs) StdoutLine: {'line': b'-- Up-to-date symlink: /root/ws_sensor_combined/install/px4_msgs/include/px4_msgs/px4_msgs/msg/detail/estimator_innovations__rosidl_typesupport_fastrtps_cpp.hpp\n'}
[1.149114] (px4_msgs) StdoutLine: {'line': b'-- Up-to-date symlink: /root/ws_sensor_combined/install/px4_msgs/include/px4_msgs/px4_msgs/msg/detail/estimator_selector_status__rosidl_typesupport_fastrtps_cpp.hpp\n'}
[1.149288] (px4_msgs) StdoutLine: {'line': b'-- Up-to-date symlink: /root/ws_sensor_combined/install/px4_msgs/include/px4_msgs/px4_msgs/msg/detail/estimator_sensor_bias__rosidl_typesupport_fastrtps_cpp.hpp\n'}
[1.149396] (px4_msgs) StdoutLine: {'line': b'-- Up-to-date symlink: /root/ws_sensor_combined/install/px4_msgs/include/px4_msgs/px4_msgs/msg/detail/estimator_states__rosidl_typesupport_fastrtps_cpp.hpp\n'}
[1.149562] (px4_msgs) StdoutLine: {'line': b'-- Up-to-date symlink: /root/ws_sensor_combined/install/px4_msgs/include/px4_msgs/px4_msgs/msg/detail/estimator_status__rosidl_typesupport_fastrtps_cpp.hpp\n'}
[1.149701] (px4_msgs) StdoutLine: {'line': b'-- Up-to-date symlink: /root/ws_sensor_combined/install/px4_msgs/include/px4_msgs/px4_msgs/msg/detail/estimator_status_flags__rosidl_typesupport_fastrtps_cpp.hpp\n'}
[1.149783] (px4_msgs) StdoutLine: {'line': b'-- Up-to-date symlink: /root/ws_sensor_combined/install/px4_msgs/include/px4_msgs/px4_msgs/msg/detail/event__rosidl_typesupport_fastrtps_cpp.hpp\n'}
[1.149863] (px4_msgs) StdoutLine: {'line': b'-- Up-to-date symlink: /root/ws_sensor_combined/install/px4_msgs/include/px4_msgs/px4_msgs/msg/detail/failsafe_flags__rosidl_typesupport_fastrtps_cpp.hpp\n'}
[1.149917] (px4_msgs) StdoutLine: {'line': b'-- Up-to-date symlink: /root/ws_sensor_combined/install/px4_msgs/include/px4_msgs/px4_msgs/msg/detail/failure_detector_status__rosidl_typesupport_fastrtps_cpp.hpp\n'}
[1.150007] (px4_msgs) StdoutLine: {'line': b'-- Up-to-date symlink: /root/ws_sensor_combined/install/px4_msgs/include/px4_msgs/px4_msgs/msg/detail/figure_eight_status__rosidl_typesupport_fastrtps_cpp.hpp\n'}
[1.150086] (px4_msgs) StdoutLine: {'line': b'-- Up-to-date symlink: /root/ws_sensor_combined/install/px4_msgs/include/px4_msgs/px4_msgs/msg/detail/fixed_wing_lateral_guidance_status__rosidl_typesupport_fastrtps_cpp.hpp\n'}
[1.150167] (px4_msgs) StdoutLine: {'line': b'-- Up-to-date symlink: /root/ws_sensor_combined/install/px4_msgs/include/px4_msgs/px4_msgs/msg/detail/fixed_wing_lateral_setpoint__rosidl_typesupport_fastrtps_cpp.hpp\n'}
[1.150255] (px4_msgs) StdoutLine: {'line': b'-- Up-to-date symlink: /root/ws_sensor_combined/install/px4_msgs/include/px4_msgs/px4_msgs/msg/detail/fixed_wing_lateral_status__rosidl_typesupport_fastrtps_cpp.hpp\n'}
[1.150338] (px4_msgs) StdoutLine: {'line': b'-- Up-to-date symlink: /root/ws_sensor_combined/install/px4_msgs/include/px4_msgs/px4_msgs/msg/detail/fixed_wing_longitudinal_setpoint__rosidl_typesupport_fastrtps_cpp.hpp\n'}
[1.150470] (px4_msgs) StdoutLine: {'line': b'-- Up-to-date symlink: /root/ws_sensor_combined/install/px4_msgs/include/px4_msgs/px4_msgs/msg/detail/fixed_wing_runway_control__rosidl_typesupport_fastrtps_cpp.hpp\n'}
[1.150554] (px4_msgs) StdoutLine: {'line': b'-- Up-to-date symlink: /root/ws_sensor_combined/install/px4_msgs/include/px4_msgs/px4_msgs/msg/detail/flight_phase_estimation__rosidl_typesupport_fastrtps_cpp.hpp\n'}
[1.150635] (px4_msgs) StdoutLine: {'line': b'-- Up-to-date symlink: /root/ws_sensor_combined/install/px4_msgs/include/px4_msgs/px4_msgs/msg/detail/follow_target__rosidl_typesupport_fastrtps_cpp.hpp\n'}
[1.150724] (px4_msgs) StdoutLine: {'line': b'-- Up-to-date symlink: /root/ws_sensor_combined/install/px4_msgs/include/px4_msgs/px4_msgs/msg/detail/follow_target_estimator__rosidl_typesupport_fastrtps_cpp.hpp\n'}
[1.150807] (px4_msgs) StdoutLine: {'line': b'-- Up-to-date symlink: /root/ws_sensor_combined/install/px4_msgs/include/px4_msgs/px4_msgs/msg/detail/follow_target_status__rosidl_typesupport_fastrtps_cpp.hpp\n'}
[1.150889] (px4_msgs) StdoutLine: {'line': b'-- Up-to-date symlink: /root/ws_sensor_combined/install/px4_msgs/include/px4_msgs/px4_msgs/msg/detail/fuel_tank_status__rosidl_typesupport_fastrtps_cpp.hpp\n'}
[1.150984] (px4_msgs) StdoutLine: {'line': b'-- Up-to-date symlink: /root/ws_sensor_combined/install/px4_msgs/include/px4_msgs/px4_msgs/msg/detail/generator_status__rosidl_typesupport_fastrtps_cpp.hpp\n'}
[1.151075] (px4_msgs) StdoutLine: {'line': b'-- Up-to-date symlink: /root/ws_sensor_combined/install/px4_msgs/include/px4_msgs/px4_msgs/msg/detail/geofence_result__rosidl_typesupport_fastrtps_cpp.hpp\n'}
[1.151159] (px4_msgs) StdoutLine: {'line': b'-- Up-to-date symlink: /root/ws_sensor_combined/install/px4_msgs/include/px4_msgs/px4_msgs/msg/detail/geofence_status__rosidl_typesupport_fastrtps_cpp.hpp\n'}
[1.151251] (px4_msgs) StdoutLine: {'line': b'-- Up-to-date symlink: /root/ws_sensor_combined/install/px4_msgs/include/px4_msgs/px4_msgs/msg/detail/gimbal_controls__rosidl_typesupport_fastrtps_cpp.hpp\n'}
[1.151374] (px4_msgs) StdoutLine: {'line': b'-- Up-to-date symlink: /root/ws_sensor_combined/install/px4_msgs/include/px4_msgs/px4_msgs/msg/detail/gimbal_device_attitude_status__rosidl_typesupport_fastrtps_cpp.hpp\n'}
[1.151468] (px4_msgs) StdoutLine: {'line': b'-- Up-to-date symlink: /root/ws_sensor_combined/install/px4_msgs/include/px4_msgs/px4_msgs/msg/detail/gimbal_device_information__rosidl_typesupport_fastrtps_cpp.hpp\n'}
[1.151552] (px4_msgs) StdoutLine: {'line': b'-- Up-to-date symlink: /root/ws_sensor_combined/install/px4_msgs/include/px4_msgs/px4_msgs/msg/detail/gimbal_device_set_attitude__rosidl_typesupport_fastrtps_cpp.hpp\n'}
[1.151645] (px4_msgs) StdoutLine: {'line': b'-- Up-to-date symlink: /root/ws_sensor_combined/install/px4_msgs/include/px4_msgs/px4_msgs/msg/detail/gimbal_manager_information__rosidl_typesupport_fastrtps_cpp.hpp\n'}
[1.151738] (px4_msgs) StdoutLine: {'line': b'-- Up-to-date symlink: /root/ws_sensor_combined/install/px4_msgs/include/px4_msgs/px4_msgs/msg/detail/gimbal_manager_set_attitude__rosidl_typesupport_fastrtps_cpp.hpp\n'}
[1.151813] (px4_msgs) StdoutLine: {'line': b'-- Up-to-date symlink: /root/ws_sensor_combined/install/px4_msgs/include/px4_msgs/px4_msgs/msg/detail/gimbal_manager_set_manual_control__rosidl_typesupport_fastrtps_cpp.hpp\n'}
[1.151899] (px4_msgs) StdoutLine: {'line': b'-- Up-to-date symlink: /root/ws_sensor_combined/install/px4_msgs/include/px4_msgs/px4_msgs/msg/detail/gimbal_manager_status__rosidl_typesupport_fastrtps_cpp.hpp\n'}
[1.151999] (px4_msgs) StdoutLine: {'line': b'-- Up-to-date symlink: /root/ws_sensor_combined/install/px4_msgs/include/px4_msgs/px4_msgs/msg/detail/goto_setpoint__rosidl_typesupport_fastrtps_cpp.hpp\n'}
[1.152087] (px4_msgs) StdoutLine: {'line': b'-- Up-to-date symlink: /root/ws_sensor_combined/install/px4_msgs/include/px4_msgs/px4_msgs/msg/detail/gpio_config__rosidl_typesupport_fastrtps_cpp.hpp\n'}
[1.152181] (px4_msgs) StdoutLine: {'line': b'-- Up-to-date symlink: /root/ws_sensor_combined/install/px4_msgs/include/px4_msgs/px4_msgs/msg/detail/gpio_in__rosidl_typesupport_fastrtps_cpp.hpp\n'}
[1.152280] (px4_msgs) StdoutLine: {'line': b'-- Up-to-date symlink: /root/ws_sensor_combined/install/px4_msgs/include/px4_msgs/px4_msgs/msg/detail/gpio_out__rosidl_typesupport_fastrtps_cpp.hpp\n'}
[1.152432] (px4_msgs) StdoutLine: {'line': b'-- Up-to-date symlink: /root/ws_sensor_combined/install/px4_msgs/include/px4_msgs/px4_msgs/msg/detail/gpio_request__rosidl_typesupport_fastrtps_cpp.hpp\n'}
[1.152464] (px4_msgs) StdoutLine: {'line': b'-- Up-to-date symlink: /root/ws_sensor_combined/install/px4_msgs/include/px4_msgs/px4_msgs/msg/detail/gps_dump__rosidl_typesupport_fastrtps_cpp.hpp\n'}
[1.152516] (px4_msgs) StdoutLine: {'line': b'-- Up-to-date symlink: /root/ws_sensor_combined/install/px4_msgs/include/px4_msgs/px4_msgs/msg/detail/gps_inject_data__rosidl_typesupport_fastrtps_cpp.hpp\n'}
[1.152601] (px4_msgs) StdoutLine: {'line': b'-- Up-to-date symlink: /root/ws_sensor_combined/install/px4_msgs/include/px4_msgs/px4_msgs/msg/detail/gripper__rosidl_typesupport_fastrtps_cpp.hpp\n'}
[1.152687] (px4_msgs) StdoutLine: {'line': b'-- Up-to-date symlink: /root/ws_sensor_combined/install/px4_msgs/include/px4_msgs/px4_msgs/msg/detail/health_report__rosidl_typesupport_fastrtps_cpp.hpp\n'}
[1.152799] (px4_msgs) StdoutLine: {'line': b'-- Up-to-date symlink: /root/ws_sensor_combined/install/px4_msgs/include/px4_msgs/px4_msgs/msg/detail/heater_status__rosidl_typesupport_fastrtps_cpp.hpp\n'}
[1.152899] (px4_msgs) StdoutLine: {'line': b'-- Up-to-date symlink: /root/ws_sensor_combined/install/px4_msgs/include/px4_msgs/px4_msgs/msg/detail/home_position__rosidl_typesupport_fastrtps_cpp.hpp\n'}
[1.153000] (px4_msgs) StdoutLine: {'line': b'-- Up-to-date symlink: /root/ws_sensor_combined/install/px4_msgs/include/px4_msgs/px4_msgs/msg/detail/hover_thrust_estimate__rosidl_typesupport_fastrtps_cpp.hpp\n'}
[1.153098] (px4_msgs) StdoutLine: {'line': b'-- Up-to-date symlink: /root/ws_sensor_combined/install/px4_msgs/include/px4_msgs/px4_msgs/msg/detail/input_rc__rosidl_typesupport_fastrtps_cpp.hpp\n'}
[1.153193] (px4_msgs) StdoutLine: {'line': b'-- Up-to-date symlink: /root/ws_sensor_combined/install/px4_msgs/include/px4_msgs/px4_msgs/msg/detail/internal_combustion_engine_control__rosidl_typesupport_fastrtps_cpp.hpp\n'}
[1.153285] (px4_msgs) StdoutLine: {'line': b'-- Up-to-date symlink: /root/ws_sensor_combined/install/px4_msgs/include/px4_msgs/px4_msgs/msg/detail/internal_combustion_engine_status__rosidl_typesupport_fastrtps_cpp.hpp\n'}
[1.153374] (px4_msgs) StdoutLine: {'line': b'-- Up-to-date symlink: /root/ws_sensor_combined/install/px4_msgs/include/px4_msgs/px4_msgs/msg/detail/iridiumsbd_status__rosidl_typesupport_fastrtps_cpp.hpp\n'}
[1.153459] (px4_msgs) StdoutLine: {'line': b'-- Up-to-date symlink: /root/ws_sensor_combined/install/px4_msgs/include/px4_msgs/px4_msgs/msg/detail/irlock_report__rosidl_typesupport_fastrtps_cpp.hpp\n'}
[1.153587] (px4_msgs) StdoutLine: {'line': b'-- Up-to-date symlink: /root/ws_sensor_combined/install/px4_msgs/include/px4_msgs/px4_msgs/msg/detail/landing_gear__rosidl_typesupport_fastrtps_cpp.hpp\n'}
[1.153671] (px4_msgs) StdoutLine: {'line': b'-- Up-to-date symlink: /root/ws_sensor_combined/install/px4_msgs/include/px4_msgs/px4_msgs/msg/detail/landing_gear_wheel__rosidl_typesupport_fastrtps_cpp.hpp\n'}
[1.153764] (px4_msgs) StdoutLine: {'line': b'-- Up-to-date symlink: /root/ws_sensor_combined/install/px4_msgs/include/px4_msgs/px4_msgs/msg/detail/landing_target_innovations__rosidl_typesupport_fastrtps_cpp.hpp\n'}
[1.153872] (px4_msgs) StdoutLine: {'line': b'-- Up-to-date symlink: /root/ws_sensor_combined/install/px4_msgs/include/px4_msgs/px4_msgs/msg/detail/landing_target_pose__rosidl_typesupport_fastrtps_cpp.hpp\n'}
[1.154021] (px4_msgs) StdoutLine: {'line': b'-- Up-to-date symlink: /root/ws_sensor_combined/install/px4_msgs/include/px4_msgs/px4_msgs/msg/detail/lateral_control_configuration__rosidl_typesupport_fastrtps_cpp.hpp\n'}
[1.154238] (px4_msgs) StdoutLine: {'line': b'-- Up-to-date symlink: /root/ws_sensor_combined/install/px4_msgs/include/px4_msgs/px4_msgs/msg/detail/launch_detection_status__rosidl_typesupport_fastrtps_cpp.hpp\n'}
[1.154337] (px4_msgs) StdoutLine: {'line': b'-- Up-to-date symlink: /root/ws_sensor_combined/install/px4_msgs/include/px4_msgs/px4_msgs/msg/detail/led_control__rosidl_typesupport_fastrtps_cpp.hpp\n'}
[1.154386] (px4_msgs) StdoutLine: {'line': b'-- Up-to-date symlink: /root/ws_sensor_combined/install/px4_msgs/include/px4_msgs/px4_msgs/msg/detail/log_message__rosidl_typesupport_fastrtps_cpp.hpp\n'}
[1.154447] (px4_msgs) StdoutLine: {'line': b'-- Up-to-date symlink: /root/ws_sensor_combined/install/px4_msgs/include/px4_msgs/px4_msgs/msg/detail/logger_status__rosidl_typesupport_fastrtps_cpp.hpp\n'}
[1.154496] (px4_msgs) StdoutLine: {'line': b'-- Up-to-date symlink: /root/ws_sensor_combined/install/px4_msgs/include/px4_msgs/px4_msgs/msg/detail/longitudinal_control_configuration__rosidl_typesupport_fastrtps_cpp.hpp\n'}
[1.154668] (px4_msgs) StdoutLine: {'line': b'-- Up-to-date symlink: /root/ws_sensor_combined/install/px4_msgs/include/px4_msgs/px4_msgs/msg/detail/mag_worker_data__rosidl_typesupport_fastrtps_cpp.hpp\n'}
[1.154774] (px4_msgs) StdoutLine: {'line': b'-- Up-to-date symlink: /root/ws_sensor_combined/install/px4_msgs/include/px4_msgs/px4_msgs/msg/detail/magnetometer_bias_estimate__rosidl_typesupport_fastrtps_cpp.hpp\n'}
[1.154818] (px4_msgs) StdoutLine: {'line': b'-- Up-to-date symlink: /root/ws_sensor_combined/install/px4_msgs/include/px4_msgs/px4_msgs/msg/detail/manual_control_setpoint__rosidl_typesupport_fastrtps_cpp.hpp\n'}
[1.154896] (px4_msgs) StdoutLine: {'line': b'-- Up-to-date symlink: /root/ws_sensor_combined/install/px4_msgs/include/px4_msgs/px4_msgs/msg/detail/manual_control_switches__rosidl_typesupport_fastrtps_cpp.hpp\n'}
[1.155057] (px4_msgs) StdoutLine: {'line': b'-- Up-to-date symlink: /root/ws_sensor_combined/install/px4_msgs/include/px4_msgs/px4_msgs/msg/detail/mavlink_log__rosidl_typesupport_fastrtps_cpp.hpp\n'}
[1.155192] (px4_msgs) StdoutLine: {'line': b'-- Up-to-date symlink: /root/ws_sensor_combined/install/px4_msgs/include/px4_msgs/px4_msgs/msg/detail/mavlink_tunnel__rosidl_typesupport_fastrtps_cpp.hpp\n'}
[1.155281] (px4_msgs) StdoutLine: {'line': b'-- Up-to-date symlink: /root/ws_sensor_combined/install/px4_msgs/include/px4_msgs/px4_msgs/msg/detail/message_format_request__rosidl_typesupport_fastrtps_cpp.hpp\n'}
[1.155424] (px4_msgs) StdoutLine: {'line': b'-- Up-to-date symlink: /root/ws_sensor_combined/install/px4_msgs/include/px4_msgs/px4_msgs/msg/detail/message_format_response__rosidl_typesupport_fastrtps_cpp.hpp\n'}
[1.155502] (px4_msgs) StdoutLine: {'line': b'-- Up-to-date symlink: /root/ws_sensor_combined/install/px4_msgs/include/px4_msgs/px4_msgs/msg/detail/mission__rosidl_typesupport_fastrtps_cpp.hpp\n'}
[1.155535] (px4_msgs) StdoutLine: {'line': b'-- Up-to-date symlink: /root/ws_sensor_combined/install/px4_msgs/include/px4_msgs/px4_msgs/msg/detail/mission_result__rosidl_typesupport_fastrtps_cpp.hpp\n'}
[1.155561] (px4_msgs) StdoutLine: {'line': b'-- Up-to-date symlink: /root/ws_sensor_combined/install/px4_msgs/include/px4_msgs/px4_msgs/msg/detail/mode_completed__rosidl_typesupport_fastrtps_cpp.hpp\n'}
[1.155586] (px4_msgs) StdoutLine: {'line': b'-- Up-to-date symlink: /root/ws_sensor_combined/install/px4_msgs/include/px4_msgs/px4_msgs/msg/detail/mount_orientation__rosidl_typesupport_fastrtps_cpp.hpp\n'}
[1.155610] (px4_msgs) StdoutLine: {'line': b'-- Up-to-date symlink: /root/ws_sensor_combined/install/px4_msgs/include/px4_msgs/px4_msgs/msg/detail/navigator_mission_item__rosidl_typesupport_fastrtps_cpp.hpp\n'}
[1.155639] (px4_msgs) StdoutLine: {'line': b'-- Up-to-date symlink: /root/ws_sensor_combined/install/px4_msgs/include/px4_msgs/px4_msgs/msg/detail/navigator_status__rosidl_typesupport_fastrtps_cpp.hpp\n'}
[1.155722] (px4_msgs) StdoutLine: {'line': b'-- Up-to-date symlink: /root/ws_sensor_combined/install/px4_msgs/include/px4_msgs/px4_msgs/msg/detail/neural_control__rosidl_typesupport_fastrtps_cpp.hpp\n'}
[1.155801] (px4_msgs) StdoutLine: {'line': b'-- Up-to-date symlink: /root/ws_sensor_combined/install/px4_msgs/include/px4_msgs/px4_msgs/msg/detail/normalized_unsigned_setpoint__rosidl_typesupport_fastrtps_cpp.hpp\n'}
[1.155884] (px4_msgs) StdoutLine: {'line': b'-- Up-to-date symlink: /root/ws_sensor_combined/install/px4_msgs/include/px4_msgs/px4_msgs/msg/detail/obstacle_distance__rosidl_typesupport_fastrtps_cpp.hpp\n'}
[1.155966] (px4_msgs) StdoutLine: {'line': b'-- Up-to-date symlink: /root/ws_sensor_combined/install/px4_msgs/include/px4_msgs/px4_msgs/msg/detail/offboard_control_mode__rosidl_typesupport_fastrtps_cpp.hpp\n'}
[1.156046] (px4_msgs) StdoutLine: {'line': b'-- Up-to-date symlink: /root/ws_sensor_combined/install/px4_msgs/include/px4_msgs/px4_msgs/msg/detail/onboard_computer_status__rosidl_typesupport_fastrtps_cpp.hpp\n'}
[1.156127] (px4_msgs) StdoutLine: {'line': b'-- Up-to-date symlink: /root/ws_sensor_combined/install/px4_msgs/include/px4_msgs/px4_msgs/msg/detail/open_drone_id_arm_status__rosidl_typesupport_fastrtps_cpp.hpp\n'}
[1.156207] (px4_msgs) StdoutLine: {'line': b'-- Up-to-date symlink: /root/ws_sensor_combined/install/px4_msgs/include/px4_msgs/px4_msgs/msg/detail/open_drone_id_operator_id__rosidl_typesupport_fastrtps_cpp.hpp\n'}
[1.156287] (px4_msgs) StdoutLine: {'line': b'-- Up-to-date symlink: /root/ws_sensor_combined/install/px4_msgs/include/px4_msgs/px4_msgs/msg/detail/open_drone_id_self_id__rosidl_typesupport_fastrtps_cpp.hpp\n'}
[1.156372] (px4_msgs) StdoutLine: {'line': b'-- Up-to-date symlink: /root/ws_sensor_combined/install/px4_msgs/include/px4_msgs/px4_msgs/msg/detail/open_drone_id_system__rosidl_typesupport_fastrtps_cpp.hpp\n'}
[1.156432] (px4_msgs) StdoutLine: {'line': b'-- Up-to-date symlink: /root/ws_sensor_combined/install/px4_msgs/include/px4_msgs/px4_msgs/msg/detail/orb_test__rosidl_typesupport_fastrtps_cpp.hpp\n'}
[1.156547] (px4_msgs) StdoutLine: {'line': b'-- Up-to-date symlink: /root/ws_sensor_combined/install/px4_msgs/include/px4_msgs/px4_msgs/msg/detail/orb_test_large__rosidl_typesupport_fastrtps_cpp.hpp\n'}
[1.156602] (px4_msgs) StdoutLine: {'line': b'-- Up-to-date symlink: /root/ws_sensor_combined/install/px4_msgs/include/px4_msgs/px4_msgs/msg/detail/orb_test_medium__rosidl_typesupport_fastrtps_cpp.hpp\n'}
[1.156629] (px4_msgs) StdoutLine: {'line': b'-- Up-to-date symlink: /root/ws_sensor_combined/install/px4_msgs/include/px4_msgs/px4_msgs/msg/detail/orbit_status__rosidl_typesupport_fastrtps_cpp.hpp\n'}
[1.156654] (px4_msgs) StdoutLine: {'line': b'-- Up-to-date symlink: /root/ws_sensor_combined/install/px4_msgs/include/px4_msgs/px4_msgs/msg/detail/parameter_reset_request__rosidl_typesupport_fastrtps_cpp.hpp\n'}
[1.156728] (px4_msgs) StdoutLine: {'line': b'-- Up-to-date symlink: /root/ws_sensor_combined/install/px4_msgs/include/px4_msgs/px4_msgs/msg/detail/parameter_set_used_request__rosidl_typesupport_fastrtps_cpp.hpp\n'}
[1.156810] (px4_msgs) StdoutLine: {'line': b'-- Up-to-date symlink: /root/ws_sensor_combined/install/px4_msgs/include/px4_msgs/px4_msgs/msg/detail/parameter_set_value_request__rosidl_typesupport_fastrtps_cpp.hpp\n'}
[1.156891] (px4_msgs) StdoutLine: {'line': b'-- Up-to-date symlink: /root/ws_sensor_combined/install/px4_msgs/include/px4_msgs/px4_msgs/msg/detail/parameter_set_value_response__rosidl_typesupport_fastrtps_cpp.hpp\n'}
[1.156972] (px4_msgs) StdoutLine: {'line': b'-- Up-to-date symlink: /root/ws_sensor_combined/install/px4_msgs/include/px4_msgs/px4_msgs/msg/detail/parameter_update__rosidl_typesupport_fastrtps_cpp.hpp\n'}
[1.157047] (px4_msgs) StdoutLine: {'line': b'-- Up-to-date symlink: /root/ws_sensor_combined/install/px4_msgs/include/px4_msgs/px4_msgs/msg/detail/ping__rosidl_typesupport_fastrtps_cpp.hpp\n'}
[1.157131] (px4_msgs) StdoutLine: {'line': b'-- Up-to-date symlink: /root/ws_sensor_combined/install/px4_msgs/include/px4_msgs/px4_msgs/msg/detail/position_controller_landing_status__rosidl_typesupport_fastrtps_cpp.hpp\n'}
[1.157211] (px4_msgs) StdoutLine: {'line': b'-- Up-to-date symlink: /root/ws_sensor_combined/install/px4_msgs/include/px4_msgs/px4_msgs/msg/detail/position_controller_status__rosidl_typesupport_fastrtps_cpp.hpp\n'}
[1.157291] (px4_msgs) StdoutLine: {'line': b'-- Up-to-date symlink: /root/ws_sensor_combined/install/px4_msgs/include/px4_msgs/px4_msgs/msg/detail/position_setpoint__rosidl_typesupport_fastrtps_cpp.hpp\n'}
[1.157370] (px4_msgs) StdoutLine: {'line': b'-- Up-to-date symlink: /root/ws_sensor_combined/install/px4_msgs/include/px4_msgs/px4_msgs/msg/detail/position_setpoint_triplet__rosidl_typesupport_fastrtps_cpp.hpp\n'}
[1.157450] (px4_msgs) StdoutLine: {'line': b'-- Up-to-date symlink: /root/ws_sensor_combined/install/px4_msgs/include/px4_msgs/px4_msgs/msg/detail/power_button_state__rosidl_typesupport_fastrtps_cpp.hpp\n'}
[1.157549] (px4_msgs) StdoutLine: {'line': b'-- Up-to-date symlink: /root/ws_sensor_combined/install/px4_msgs/include/px4_msgs/px4_msgs/msg/detail/power_monitor__rosidl_typesupport_fastrtps_cpp.hpp\n'}
[1.157632] (px4_msgs) StdoutLine: {'line': b'-- Up-to-date symlink: /root/ws_sensor_combined/install/px4_msgs/include/px4_msgs/px4_msgs/msg/detail/pps_capture__rosidl_typesupport_fastrtps_cpp.hpp\n'}
[1.157712] (px4_msgs) StdoutLine: {'line': b'-- Up-to-date symlink: /root/ws_sensor_combined/install/px4_msgs/include/px4_msgs/px4_msgs/msg/detail/pure_pursuit_status__rosidl_typesupport_fastrtps_cpp.hpp\n'}
[1.157783] (px4_msgs) StdoutLine: {'line': b'-- Up-to-date symlink: /root/ws_sensor_combined/install/px4_msgs/include/px4_msgs/px4_msgs/msg/detail/pwm_input__rosidl_typesupport_fastrtps_cpp.hpp\n'}
[1.157865] (px4_msgs) StdoutLine: {'line': b'-- Up-to-date symlink: /root/ws_sensor_combined/install/px4_msgs/include/px4_msgs/px4_msgs/msg/detail/px4io_status__rosidl_typesupport_fastrtps_cpp.hpp\n'}
[1.157945] (px4_msgs) StdoutLine: {'line': b'-- Up-to-date symlink: /root/ws_sensor_combined/install/px4_msgs/include/px4_msgs/px4_msgs/msg/detail/qshell_req__rosidl_typesupport_fastrtps_cpp.hpp\n'}
[1.158025] (px4_msgs) StdoutLine: {'line': b'-- Up-to-date symlink: /root/ws_sensor_combined/install/px4_msgs/include/px4_msgs/px4_msgs/msg/detail/qshell_retval__rosidl_typesupport_fastrtps_cpp.hpp\n'}
[1.158107] (px4_msgs) StdoutLine: {'line': b'-- Up-to-date symlink: /root/ws_sensor_combined/install/px4_msgs/include/px4_msgs/px4_msgs/msg/detail/radio_status__rosidl_typesupport_fastrtps_cpp.hpp\n'}
[1.158179] (px4_msgs) StdoutLine: {'line': b'-- Up-to-date symlink: /root/ws_sensor_combined/install/px4_msgs/include/px4_msgs/px4_msgs/msg/detail/rate_ctrl_status__rosidl_typesupport_fastrtps_cpp.hpp\n'}
[1.158210] (px4_msgs) StdoutLine: {'line': b'-- Up-to-date symlink: /root/ws_sensor_combined/install/px4_msgs/include/px4_msgs/px4_msgs/msg/detail/rc_channels__rosidl_typesupport_fastrtps_cpp.hpp\n'}
[1.158276] (px4_msgs) StdoutLine: {'line': b'-- Up-to-date symlink: /root/ws_sensor_combined/install/px4_msgs/include/px4_msgs/px4_msgs/msg/detail/rc_parameter_map__rosidl_typesupport_fastrtps_cpp.hpp\n'}
[1.158344] (px4_msgs) StdoutLine: {'line': b'-- Up-to-date symlink: /root/ws_sensor_combined/install/px4_msgs/include/px4_msgs/px4_msgs/msg/detail/register_ext_component_reply__rosidl_typesupport_fastrtps_cpp.hpp\n'}
[1.158426] (px4_msgs) StdoutLine: {'line': b'-- Up-to-date symlink: /root/ws_sensor_combined/install/px4_msgs/include/px4_msgs/px4_msgs/msg/detail/register_ext_component_request__rosidl_typesupport_fastrtps_cpp.hpp\n'}
[1.158506] (px4_msgs) StdoutLine: {'line': b'-- Up-to-date symlink: /root/ws_sensor_combined/install/px4_msgs/include/px4_msgs/px4_msgs/msg/detail/rover_attitude_setpoint__rosidl_typesupport_fastrtps_cpp.hpp\n'}
[1.158587] (px4_msgs) StdoutLine: {'line': b'-- Up-to-date symlink: /root/ws_sensor_combined/install/px4_msgs/include/px4_msgs/px4_msgs/msg/detail/rover_attitude_status__rosidl_typesupport_fastrtps_cpp.hpp\n'}
[1.158668] (px4_msgs) StdoutLine: {'line': b'-- Up-to-date symlink: /root/ws_sensor_combined/install/px4_msgs/include/px4_msgs/px4_msgs/msg/detail/rover_position_setpoint__rosidl_typesupport_fastrtps_cpp.hpp\n'}
[1.158748] (px4_msgs) StdoutLine: {'line': b'-- Up-to-date symlink: /root/ws_sensor_combined/install/px4_msgs/include/px4_msgs/px4_msgs/msg/detail/rover_rate_setpoint__rosidl_typesupport_fastrtps_cpp.hpp\n'}
[1.158829] (px4_msgs) StdoutLine: {'line': b'-- Up-to-date symlink: /root/ws_sensor_combined/install/px4_msgs/include/px4_msgs/px4_msgs/msg/detail/rover_rate_status__rosidl_typesupport_fastrtps_cpp.hpp\n'}
[1.158899] (px4_msgs) StdoutLine: {'line': b'-- Up-to-date symlink: /root/ws_sensor_combined/install/px4_msgs/include/px4_msgs/px4_msgs/msg/detail/rover_steering_setpoint__rosidl_typesupport_fastrtps_cpp.hpp\n'}
[1.158980] (px4_msgs) StdoutLine: {'line': b'-- Up-to-date symlink: /root/ws_sensor_combined/install/px4_msgs/include/px4_msgs/px4_msgs/msg/detail/rover_throttle_setpoint__rosidl_typesupport_fastrtps_cpp.hpp\n'}
[1.159060] (px4_msgs) StdoutLine: {'line': b'-- Up-to-date symlink: /root/ws_sensor_combined/install/px4_msgs/include/px4_msgs/px4_msgs/msg/detail/rover_velocity_setpoint__rosidl_typesupport_fastrtps_cpp.hpp\n'}
[1.159304] (px4_msgs) StdoutLine: {'line': b'-- Up-to-date symlink: /root/ws_sensor_combined/install/px4_msgs/include/px4_msgs/px4_msgs/msg/detail/rover_velocity_status__rosidl_typesupport_fastrtps_cpp.hpp\n'}
[1.159338] (px4_msgs) StdoutLine: {'line': b'-- Up-to-date symlink: /root/ws_sensor_combined/install/px4_msgs/include/px4_msgs/px4_msgs/msg/detail/rpm__rosidl_typesupport_fastrtps_cpp.hpp\n'}
[1.159362] (px4_msgs) StdoutLine: {'line': b'-- Up-to-date symlink: /root/ws_sensor_combined/install/px4_msgs/include/px4_msgs/px4_msgs/msg/detail/rtl_status__rosidl_typesupport_fastrtps_cpp.hpp\n'}
[1.159386] (px4_msgs) StdoutLine: {'line': b'-- Up-to-date symlink: /root/ws_sensor_combined/install/px4_msgs/include/px4_msgs/px4_msgs/msg/detail/rtl_time_estimate__rosidl_typesupport_fastrtps_cpp.hpp\n'}
[1.159410] (px4_msgs) StdoutLine: {'line': b'-- Up-to-date symlink: /root/ws_sensor_combined/install/px4_msgs/include/px4_msgs/px4_msgs/msg/detail/satellite_info__rosidl_typesupport_fastrtps_cpp.hpp\n'}
[1.159434] (px4_msgs) StdoutLine: {'line': b'-- Up-to-date symlink: /root/ws_sensor_combined/install/px4_msgs/include/px4_msgs/px4_msgs/msg/detail/sensor_accel__rosidl_typesupport_fastrtps_cpp.hpp\n'}
[1.159458] (px4_msgs) StdoutLine: {'line': b'-- Up-to-date symlink: /root/ws_sensor_combined/install/px4_msgs/include/px4_msgs/px4_msgs/msg/detail/sensor_accel_fifo__rosidl_typesupport_fastrtps_cpp.hpp\n'}
[1.159482] (px4_msgs) StdoutLine: {'line': b'-- Up-to-date symlink: /root/ws_sensor_combined/install/px4_msgs/include/px4_msgs/px4_msgs/msg/detail/sensor_airflow__rosidl_typesupport_fastrtps_cpp.hpp\n'}
[1.159504] (px4_msgs) StdoutLine: {'line': b'-- Up-to-date symlink: /root/ws_sensor_combined/install/px4_msgs/include/px4_msgs/px4_msgs/msg/detail/sensor_baro__rosidl_typesupport_fastrtps_cpp.hpp\n'}
[1.159546] (px4_msgs) StdoutLine: {'line': b'-- Up-to-date symlink: /root/ws_sensor_combined/install/px4_msgs/include/px4_msgs/px4_msgs/msg/detail/sensor_combined__rosidl_typesupport_fastrtps_cpp.hpp\n'}
[1.159572] (px4_msgs) StdoutLine: {'line': b'-- Up-to-date symlink: /root/ws_sensor_combined/install/px4_msgs/include/px4_msgs/px4_msgs/msg/detail/sensor_correction__rosidl_typesupport_fastrtps_cpp.hpp\n'}
[1.159597] (px4_msgs) StdoutLine: {'line': b'-- Up-to-date symlink: /root/ws_sensor_combined/install/px4_msgs/include/px4_msgs/px4_msgs/msg/detail/sensor_gnss_relative__rosidl_typesupport_fastrtps_cpp.hpp\n'}
[1.159620] (px4_msgs) StdoutLine: {'line': b'-- Up-to-date symlink: /root/ws_sensor_combined/install/px4_msgs/include/px4_msgs/px4_msgs/msg/detail/sensor_gps__rosidl_typesupport_fastrtps_cpp.hpp\n'}
[1.159643] (px4_msgs) StdoutLine: {'line': b'-- Up-to-date symlink: /root/ws_sensor_combined/install/px4_msgs/include/px4_msgs/px4_msgs/msg/detail/sensor_gyro__rosidl_typesupport_fastrtps_cpp.hpp\n'}
[1.159666] (px4_msgs) StdoutLine: {'line': b'-- Up-to-date symlink: /root/ws_sensor_combined/install/px4_msgs/include/px4_msgs/px4_msgs/msg/detail/sensor_gyro_fft__rosidl_typesupport_fastrtps_cpp.hpp\n'}
[1.159689] (px4_msgs) StdoutLine: {'line': b'-- Up-to-date symlink: /root/ws_sensor_combined/install/px4_msgs/include/px4_msgs/px4_msgs/msg/detail/sensor_gyro_fifo__rosidl_typesupport_fastrtps_cpp.hpp\n'}
[1.159711] (px4_msgs) StdoutLine: {'line': b'-- Up-to-date symlink: /root/ws_sensor_combined/install/px4_msgs/include/px4_msgs/px4_msgs/msg/detail/sensor_hygrometer__rosidl_typesupport_fastrtps_cpp.hpp\n'}
[1.159733] (px4_msgs) StdoutLine: {'line': b'-- Up-to-date symlink: /root/ws_sensor_combined/install/px4_msgs/include/px4_msgs/px4_msgs/msg/detail/sensor_mag__rosidl_typesupport_fastrtps_cpp.hpp\n'}
[1.159754] (px4_msgs) StdoutLine: {'line': b'-- Up-to-date symlink: /root/ws_sensor_combined/install/px4_msgs/include/px4_msgs/px4_msgs/msg/detail/sensor_optical_flow__rosidl_typesupport_fastrtps_cpp.hpp\n'}
[1.159776] (px4_msgs) StdoutLine: {'line': b'-- Up-to-date symlink: /root/ws_sensor_combined/install/px4_msgs/include/px4_msgs/px4_msgs/msg/detail/sensor_preflight_mag__rosidl_typesupport_fastrtps_cpp.hpp\n'}
[1.159797] (px4_msgs) StdoutLine: {'line': b'-- Up-to-date symlink: /root/ws_sensor_combined/install/px4_msgs/include/px4_msgs/px4_msgs/msg/detail/sensor_selection__rosidl_typesupport_fastrtps_cpp.hpp\n'}
[1.159819] (px4_msgs) StdoutLine: {'line': b'-- Up-to-date symlink: /root/ws_sensor_combined/install/px4_msgs/include/px4_msgs/px4_msgs/msg/detail/sensor_uwb__rosidl_typesupport_fastrtps_cpp.hpp\n'}
[1.159857] (px4_msgs) StdoutLine: {'line': b'-- Up-to-date symlink: /root/ws_sensor_combined/install/px4_msgs/include/px4_msgs/px4_msgs/msg/detail/sensors_status__rosidl_typesupport_fastrtps_cpp.hpp\n'}
[1.159885] (px4_msgs) StdoutLine: {'line': b'-- Up-to-date symlink: /root/ws_sensor_combined/install/px4_msgs/include/px4_msgs/px4_msgs/msg/detail/sensors_status_imu__rosidl_typesupport_fastrtps_cpp.hpp\n'}
[1.159909] (px4_msgs) StdoutLine: {'line': b'-- Up-to-date symlink: /root/ws_sensor_combined/install/px4_msgs/include/px4_msgs/px4_msgs/msg/detail/system_power__rosidl_typesupport_fastrtps_cpp.hpp\n'}
[1.159932] (px4_msgs) StdoutLine: {'line': b'-- Up-to-date symlink: /root/ws_sensor_combined/install/px4_msgs/include/px4_msgs/px4_msgs/msg/detail/takeoff_status__rosidl_typesupport_fastrtps_cpp.hpp\n'}
[1.159957] (px4_msgs) StdoutLine: {'line': b'-- Up-to-date symlink: /root/ws_sensor_combined/install/px4_msgs/include/px4_msgs/px4_msgs/msg/detail/task_stack_info__rosidl_typesupport_fastrtps_cpp.hpp\n'}
[1.159983] (px4_msgs) StdoutLine: {'line': b'-- Up-to-date symlink: /root/ws_sensor_combined/install/px4_msgs/include/px4_msgs/px4_msgs/msg/detail/tecs_status__rosidl_typesupport_fastrtps_cpp.hpp\n'}
[1.160005] (px4_msgs) StdoutLine: {'line': b'-- Up-to-date symlink: /root/ws_sensor_combined/install/px4_msgs/include/px4_msgs/px4_msgs/msg/detail/telemetry_status__rosidl_typesupport_fastrtps_cpp.hpp\n'}
[1.160027] (px4_msgs) StdoutLine: {'line': b'-- Up-to-date symlink: /root/ws_sensor_combined/install/px4_msgs/include/px4_msgs/px4_msgs/msg/detail/tiltrotor_extra_controls__rosidl_typesupport_fastrtps_cpp.hpp\n'}
[1.160048] (px4_msgs) StdoutLine: {'line': b'-- Up-to-date symlink: /root/ws_sensor_combined/install/px4_msgs/include/px4_msgs/px4_msgs/msg/detail/timesync_status__rosidl_typesupport_fastrtps_cpp.hpp\n'}
[1.160114] (px4_msgs) StdoutLine: {'line': b'-- Up-to-date symlink: /root/ws_sensor_combined/install/px4_msgs/include/px4_msgs/px4_msgs/msg/detail/trajectory_setpoint6dof__rosidl_typesupport_fastrtps_cpp.hpp\n'}
[1.160195] (px4_msgs) StdoutLine: {'line': b'-- Up-to-date symlink: /root/ws_sensor_combined/install/px4_msgs/include/px4_msgs/px4_msgs/msg/detail/trajectory_setpoint__rosidl_typesupport_fastrtps_cpp.hpp\n'}
[1.160274] (px4_msgs) StdoutLine: {'line': b'-- Up-to-date symlink: /root/ws_sensor_combined/install/px4_msgs/include/px4_msgs/px4_msgs/msg/detail/transponder_report__rosidl_typesupport_fastrtps_cpp.hpp\n'}
[1.160354] (px4_msgs) StdoutLine: {'line': b'-- Up-to-date symlink: /root/ws_sensor_combined/install/px4_msgs/include/px4_msgs/px4_msgs/msg/detail/tune_control__rosidl_typesupport_fastrtps_cpp.hpp\n'}
[1.160434] (px4_msgs) StdoutLine: {'line': b'-- Up-to-date symlink: /root/ws_sensor_combined/install/px4_msgs/include/px4_msgs/px4_msgs/msg/detail/uavcan_parameter_request__rosidl_typesupport_fastrtps_cpp.hpp\n'}
[1.160513] (px4_msgs) StdoutLine: {'line': b'-- Up-to-date symlink: /root/ws_sensor_combined/install/px4_msgs/include/px4_msgs/px4_msgs/msg/detail/uavcan_parameter_value__rosidl_typesupport_fastrtps_cpp.hpp\n'}
[1.160578] (px4_msgs) StdoutLine: {'line': b'-- Up-to-date symlink: /root/ws_sensor_combined/install/px4_msgs/include/px4_msgs/px4_msgs/msg/detail/ulog_stream__rosidl_typesupport_fastrtps_cpp.hpp\n'}
[1.160609] (px4_msgs) StdoutLine: {'line': b'-- Up-to-date symlink: /root/ws_sensor_combined/install/px4_msgs/include/px4_msgs/px4_msgs/msg/detail/ulog_stream_ack__rosidl_typesupport_fastrtps_cpp.hpp\n'}
[1.160722] (px4_msgs) StdoutLine: {'line': b'-- Up-to-date symlink: /root/ws_sensor_combined/install/px4_msgs/include/px4_msgs/px4_msgs/msg/detail/unregister_ext_component__rosidl_typesupport_fastrtps_cpp.hpp\n'}
[1.160823] (px4_msgs) StdoutLine: {'line': b'-- Up-to-date symlink: /root/ws_sensor_combined/install/px4_msgs/include/px4_msgs/px4_msgs/msg/detail/vehicle_acceleration__rosidl_typesupport_fastrtps_cpp.hpp\n'}
[1.160886] (px4_msgs) StdoutLine: {'line': b'-- Up-to-date symlink: /root/ws_sensor_combined/install/px4_msgs/include/px4_msgs/px4_msgs/msg/detail/vehicle_air_data__rosidl_typesupport_fastrtps_cpp.hpp\n'}
[1.160917] (px4_msgs) StdoutLine: {'line': b'-- Up-to-date symlink: /root/ws_sensor_combined/install/px4_msgs/include/px4_msgs/px4_msgs/msg/detail/vehicle_angular_acceleration_setpoint__rosidl_typesupport_fastrtps_cpp.hpp\n'}
[1.160981] (px4_msgs) StdoutLine: {'line': b'-- Up-to-date symlink: /root/ws_sensor_combined/install/px4_msgs/include/px4_msgs/px4_msgs/msg/detail/vehicle_angular_velocity__rosidl_typesupport_fastrtps_cpp.hpp\n'}
[1.161123] (px4_msgs) StdoutLine: {'line': b'-- Up-to-date symlink: /root/ws_sensor_combined/install/px4_msgs/include/px4_msgs/px4_msgs/msg/detail/vehicle_attitude__rosidl_typesupport_fastrtps_cpp.hpp\n'}
[1.161357] (px4_msgs) StdoutLine: {'line': b'-- Up-to-date symlink: /root/ws_sensor_combined/install/px4_msgs/include/px4_msgs/px4_msgs/msg/detail/vehicle_attitude_setpoint__rosidl_typesupport_fastrtps_cpp.hpp\n'}
[1.161436] (px4_msgs) StdoutLine: {'line': b'-- Up-to-date symlink: /root/ws_sensor_combined/install/px4_msgs/include/px4_msgs/px4_msgs/msg/detail/vehicle_command__rosidl_typesupport_fastrtps_cpp.hpp\n'}
[1.161491] (px4_msgs) StdoutLine: {'line': b'-- Up-to-date symlink: /root/ws_sensor_combined/install/px4_msgs/include/px4_msgs/px4_msgs/msg/detail/vehicle_command_ack__rosidl_typesupport_fastrtps_cpp.hpp\n'}
[1.161537] (px4_msgs) StdoutLine: {'line': b'-- Up-to-date symlink: /root/ws_sensor_combined/install/px4_msgs/include/px4_msgs/px4_msgs/msg/detail/vehicle_constraints__rosidl_typesupport_fastrtps_cpp.hpp\n'}
[1.161564] (px4_msgs) StdoutLine: {'line': b'-- Up-to-date symlink: /root/ws_sensor_combined/install/px4_msgs/include/px4_msgs/px4_msgs/msg/detail/vehicle_control_mode__rosidl_typesupport_fastrtps_cpp.hpp\n'}
[1.161589] (px4_msgs) StdoutLine: {'line': b'-- Up-to-date symlink: /root/ws_sensor_combined/install/px4_msgs/include/px4_msgs/px4_msgs/msg/detail/vehicle_global_position__rosidl_typesupport_fastrtps_cpp.hpp\n'}
[1.161612] (px4_msgs) StdoutLine: {'line': b'-- Up-to-date symlink: /root/ws_sensor_combined/install/px4_msgs/include/px4_msgs/px4_msgs/msg/detail/vehicle_imu__rosidl_typesupport_fastrtps_cpp.hpp\n'}
[1.161635] (px4_msgs) StdoutLine: {'line': b'-- Up-to-date symlink: /root/ws_sensor_combined/install/px4_msgs/include/px4_msgs/px4_msgs/msg/detail/vehicle_imu_status__rosidl_typesupport_fastrtps_cpp.hpp\n'}
[1.161668] (px4_msgs) StdoutLine: {'line': b'-- Up-to-date symlink: /root/ws_sensor_combined/install/px4_msgs/include/px4_msgs/px4_msgs/msg/detail/vehicle_land_detected__rosidl_typesupport_fastrtps_cpp.hpp\n'}
[1.161690] (px4_msgs) StdoutLine: {'line': b'-- Up-to-date symlink: /root/ws_sensor_combined/install/px4_msgs/include/px4_msgs/px4_msgs/msg/detail/vehicle_local_position__rosidl_typesupport_fastrtps_cpp.hpp\n'}
[1.161712] (px4_msgs) StdoutLine: {'line': b'-- Up-to-date symlink: /root/ws_sensor_combined/install/px4_msgs/include/px4_msgs/px4_msgs/msg/detail/vehicle_local_position_setpoint__rosidl_typesupport_fastrtps_cpp.hpp\n'}
[1.161736] (px4_msgs) StdoutLine: {'line': b'-- Up-to-date symlink: /root/ws_sensor_combined/install/px4_msgs/include/px4_msgs/px4_msgs/msg/detail/vehicle_magnetometer__rosidl_typesupport_fastrtps_cpp.hpp\n'}
[1.161758] (px4_msgs) StdoutLine: {'line': b'-- Up-to-date symlink: /root/ws_sensor_combined/install/px4_msgs/include/px4_msgs/px4_msgs/msg/detail/vehicle_odometry__rosidl_typesupport_fastrtps_cpp.hpp\n'}
[1.161780] (px4_msgs) StdoutLine: {'line': b'-- Up-to-date symlink: /root/ws_sensor_combined/install/px4_msgs/include/px4_msgs/px4_msgs/msg/detail/vehicle_optical_flow__rosidl_typesupport_fastrtps_cpp.hpp\n'}
[1.161802] (px4_msgs) StdoutLine: {'line': b'-- Up-to-date symlink: /root/ws_sensor_combined/install/px4_msgs/include/px4_msgs/px4_msgs/msg/detail/vehicle_optical_flow_vel__rosidl_typesupport_fastrtps_cpp.hpp\n'}
[1.161836] (px4_msgs) StdoutLine: {'line': b'-- Up-to-date symlink: /root/ws_sensor_combined/install/px4_msgs/include/px4_msgs/px4_msgs/msg/detail/vehicle_rates_setpoint__rosidl_typesupport_fastrtps_cpp.hpp\n'}
[1.161888] (px4_msgs) StdoutLine: {'line': b'-- Up-to-date symlink: /root/ws_sensor_combined/install/px4_msgs/include/px4_msgs/px4_msgs/msg/detail/vehicle_roi__rosidl_typesupport_fastrtps_cpp.hpp\n'}
[1.161919] (px4_msgs) StdoutLine: {'line': b'-- Up-to-date symlink: /root/ws_sensor_combined/install/px4_msgs/include/px4_msgs/px4_msgs/msg/detail/vehicle_status__rosidl_typesupport_fastrtps_cpp.hpp\n'}
[1.161954] (px4_msgs) StdoutLine: {'line': b'-- Up-to-date symlink: /root/ws_sensor_combined/install/px4_msgs/include/px4_msgs/px4_msgs/msg/detail/vehicle_thrust_setpoint__rosidl_typesupport_fastrtps_cpp.hpp\n'}
[1.162005] (px4_msgs) StdoutLine: {'line': b'-- Up-to-date symlink: /root/ws_sensor_combined/install/px4_msgs/include/px4_msgs/px4_msgs/msg/detail/vehicle_torque_setpoint__rosidl_typesupport_fastrtps_cpp.hpp\n'}
[1.162055] (px4_msgs) StdoutLine: {'line': b'-- Up-to-date symlink: /root/ws_sensor_combined/install/px4_msgs/include/px4_msgs/px4_msgs/msg/detail/velocity_limits__rosidl_typesupport_fastrtps_cpp.hpp\n'}
[1.162086] (px4_msgs) StdoutLine: {'line': b'-- Up-to-date symlink: /root/ws_sensor_combined/install/px4_msgs/include/px4_msgs/px4_msgs/msg/detail/vtol_vehicle_status__rosidl_typesupport_fastrtps_cpp.hpp\n'}
[1.162127] (px4_msgs) StdoutLine: {'line': b'-- Up-to-date symlink: /root/ws_sensor_combined/install/px4_msgs/include/px4_msgs/px4_msgs/msg/detail/wheel_encoders__rosidl_typesupport_fastrtps_cpp.hpp\n'}
[1.162171] (px4_msgs) StdoutLine: {'line': b'-- Up-to-date symlink: /root/ws_sensor_combined/install/px4_msgs/include/px4_msgs/px4_msgs/msg/detail/wind__rosidl_typesupport_fastrtps_cpp.hpp\n'}
[1.162198] (px4_msgs) StdoutLine: {'line': b'-- Up-to-date symlink: /root/ws_sensor_combined/install/px4_msgs/include/px4_msgs/px4_msgs/msg/detail/yaw_estimator_status__rosidl_typesupport_fastrtps_cpp.hpp\n'}
[1.162258] (px4_msgs) StdoutLine: {'line': b'-- Up-to-date symlink: /root/ws_sensor_combined/install/px4_msgs/include/px4_msgs/px4_msgs/msg/rosidl_typesupport_fastrtps_cpp__visibility_control.h\n'}
[1.162289] (px4_msgs) StdoutLine: {'line': b'-- Up-to-date symlink: /root/ws_sensor_combined/install/px4_msgs/include/px4_msgs/px4_msgs/srv/detail/vehicle_command__rosidl_typesupport_fastrtps_cpp.hpp\n'}
[1.162488] (px4_msgs) StdoutLine: {'line': b'-- Up-to-date symlink: /root/ws_sensor_combined/install/px4_msgs/include/px4_msgs/px4_msgs/msg/detail/action_request__rosidl_typesupport_introspection_c.h\n'}
[1.162705] (px4_msgs) StdoutLine: {'line': b'-- Up-to-date symlink: /root/ws_sensor_combined/install/px4_msgs/include/px4_msgs/px4_msgs/msg/detail/actuator_armed__rosidl_typesupport_introspection_c.h\n'}
[1.162804] (px4_msgs) StdoutLine: {'line': b'-- Up-to-date symlink: /root/ws_sensor_combined/install/px4_msgs/include/px4_msgs/px4_msgs/msg/detail/actuator_controls_status__rosidl_typesupport_introspection_c.h\n'}
[1.162886] (px4_msgs) StdoutLine: {'line': b'-- Up-to-date symlink: /root/ws_sensor_combined/install/px4_msgs/include/px4_msgs/px4_msgs/msg/detail/actuator_motors__rosidl_typesupport_introspection_c.h\n'}
[1.162984] (px4_msgs) StdoutLine: {'line': b'-- Up-to-date symlink: /root/ws_sensor_combined/install/px4_msgs/include/px4_msgs/px4_msgs/msg/detail/actuator_outputs__rosidl_typesupport_introspection_c.h\n'}
[1.163074] (px4_msgs) StdoutLine: {'line': b'-- Up-to-date symlink: /root/ws_sensor_combined/install/px4_msgs/include/px4_msgs/px4_msgs/msg/detail/actuator_servos__rosidl_typesupport_introspection_c.h\n'}
[1.163278] (px4_msgs) StdoutLine: {'line': b'-- Up-to-date symlink: /root/ws_sensor_combined/install/px4_msgs/include/px4_msgs/px4_msgs/msg/detail/actuator_servos_trim__rosidl_typesupport_introspection_c.h\n'}
[1.163333] (px4_msgs) StdoutLine: {'line': b'-- Up-to-date symlink: /root/ws_sensor_combined/install/px4_msgs/include/px4_msgs/px4_msgs/msg/detail/actuator_test__rosidl_typesupport_introspection_c.h\n'}
[1.163717] (px4_msgs) StdoutLine: {'line': b'-- Up-to-date symlink: /root/ws_sensor_combined/install/px4_msgs/include/px4_msgs/px4_msgs/msg/detail/adc_report__rosidl_typesupport_introspection_c.h\n'}
[1.163855] (px4_msgs) StdoutLine: {'line': b'-- Up-to-date symlink: /root/ws_sensor_combined/install/px4_msgs/include/px4_msgs/px4_msgs/msg/detail/airspeed__rosidl_typesupport_introspection_c.h\n'}
[1.163890] (px4_msgs) StdoutLine: {'line': b'-- Up-to-date symlink: /root/ws_sensor_combined/install/px4_msgs/include/px4_msgs/px4_msgs/msg/detail/airspeed_validated__rosidl_typesupport_introspection_c.h\n'}
[1.163960] (px4_msgs) StdoutLine: {'line': b'-- Up-to-date symlink: /root/ws_sensor_combined/install/px4_msgs/include/px4_msgs/px4_msgs/msg/detail/airspeed_wind__rosidl_typesupport_introspection_c.h\n'}
[1.164045] (px4_msgs) StdoutLine: {'line': b'-- Up-to-date symlink: /root/ws_sensor_combined/install/px4_msgs/include/px4_msgs/px4_msgs/msg/detail/arming_check_reply__rosidl_typesupport_introspection_c.h\n'}
[1.164128] (px4_msgs) StdoutLine: {'line': b'-- Up-to-date symlink: /root/ws_sensor_combined/install/px4_msgs/include/px4_msgs/px4_msgs/msg/detail/arming_check_request__rosidl_typesupport_introspection_c.h\n'}
[1.164208] (px4_msgs) StdoutLine: {'line': b'-- Up-to-date symlink: /root/ws_sensor_combined/install/px4_msgs/include/px4_msgs/px4_msgs/msg/detail/autotune_attitude_control_status__rosidl_typesupport_introspection_c.h\n'}
[1.164253] (px4_msgs) StdoutLine: {'line': b'-- Up-to-date symlink: /root/ws_sensor_combined/install/px4_msgs/include/px4_msgs/px4_msgs/msg/detail/battery_info__rosidl_typesupport_introspection_c.h\n'}
[1.164289] (px4_msgs) StdoutLine: {'line': b'-- Up-to-date symlink: /root/ws_sensor_combined/install/px4_msgs/include/px4_msgs/px4_msgs/msg/detail/battery_status__rosidl_typesupport_introspection_c.h\n'}
[1.164369] (px4_msgs) StdoutLine: {'line': b'-- Up-to-date symlink: /root/ws_sensor_combined/install/px4_msgs/include/px4_msgs/px4_msgs/msg/detail/button_event__rosidl_typesupport_introspection_c.h\n'}
[1.164449] (px4_msgs) StdoutLine: {'line': b'-- Up-to-date symlink: /root/ws_sensor_combined/install/px4_msgs/include/px4_msgs/px4_msgs/msg/detail/camera_capture__rosidl_typesupport_introspection_c.h\n'}
[1.164495] (px4_msgs) StdoutLine: {'line': b'-- Up-to-date symlink: /root/ws_sensor_combined/install/px4_msgs/include/px4_msgs/px4_msgs/msg/detail/camera_status__rosidl_typesupport_introspection_c.h\n'}
[1.164668] (px4_msgs) StdoutLine: {'line': b'-- Up-to-date symlink: /root/ws_sensor_combined/install/px4_msgs/include/px4_msgs/px4_msgs/msg/detail/camera_trigger__rosidl_typesupport_introspection_c.h\n'}
[1.164911] (px4_msgs) StdoutLine: {'line': b'-- Up-to-date symlink: /root/ws_sensor_combined/install/px4_msgs/include/px4_msgs/px4_msgs/msg/detail/can_interface_status__rosidl_typesupport_introspection_c.h\n'}
[1.164966] (px4_msgs) StdoutLine: {'line': b'-- Up-to-date symlink: /root/ws_sensor_combined/install/px4_msgs/include/px4_msgs/px4_msgs/msg/detail/cellular_status__rosidl_typesupport_introspection_c.h\n'}
[1.165049] (px4_msgs) StdoutLine: {'line': b'-- Up-to-date symlink: /root/ws_sensor_combined/install/px4_msgs/include/px4_msgs/px4_msgs/msg/detail/collision_constraints__rosidl_typesupport_introspection_c.h\n'}
[1.165118] (px4_msgs) StdoutLine: {'line': b'-- Up-to-date symlink: /root/ws_sensor_combined/install/px4_msgs/include/px4_msgs/px4_msgs/msg/detail/config_overrides__rosidl_typesupport_introspection_c.h\n'}
[1.165197] (px4_msgs) StdoutLine: {'line': b'-- Up-to-date symlink: /root/ws_sensor_combined/install/px4_msgs/include/px4_msgs/px4_msgs/msg/detail/control_allocator_status__rosidl_typesupport_introspection_c.h\n'}
[1.165353] (px4_msgs) StdoutLine: {'line': b'-- Up-to-date symlink: /root/ws_sensor_combined/install/px4_msgs/include/px4_msgs/px4_msgs/msg/detail/cpuload__rosidl_typesupport_introspection_c.h\n'}
[1.165446] (px4_msgs) StdoutLine: {'line': b'-- Up-to-date symlink: /root/ws_sensor_combined/install/px4_msgs/include/px4_msgs/px4_msgs/msg/detail/dataman_request__rosidl_typesupport_introspection_c.h\n'}
[1.165595] (px4_msgs) StdoutLine: {'line': b'-- Up-to-date symlink: /root/ws_sensor_combined/install/px4_msgs/include/px4_msgs/px4_msgs/msg/detail/dataman_response__rosidl_typesupport_introspection_c.h\n'}
[1.165689] (px4_msgs) StdoutLine: {'line': b'-- Up-to-date symlink: /root/ws_sensor_combined/install/px4_msgs/include/px4_msgs/px4_msgs/msg/detail/debug_array__rosidl_typesupport_introspection_c.h\n'}
[1.165772] (px4_msgs) StdoutLine: {'line': b'-- Up-to-date symlink: /root/ws_sensor_combined/install/px4_msgs/include/px4_msgs/px4_msgs/msg/detail/debug_key_value__rosidl_typesupport_introspection_c.h\n'}
[1.165853] (px4_msgs) StdoutLine: {'line': b'-- Up-to-date symlink: /root/ws_sensor_combined/install/px4_msgs/include/px4_msgs/px4_msgs/msg/detail/debug_value__rosidl_typesupport_introspection_c.h\n'}
[1.165927] (px4_msgs) StdoutLine: {'line': b'-- Up-to-date symlink: /root/ws_sensor_combined/install/px4_msgs/include/px4_msgs/px4_msgs/msg/detail/debug_vect__rosidl_typesupport_introspection_c.h\n'}
[1.166071] (px4_msgs) StdoutLine: {'line': b'-- Up-to-date symlink: /root/ws_sensor_combined/install/px4_msgs/include/px4_msgs/px4_msgs/msg/detail/differential_pressure__rosidl_typesupport_introspection_c.h\n'}
[1.166167] (px4_msgs) StdoutLine: {'line': b'-- Up-to-date symlink: /root/ws_sensor_combined/install/px4_msgs/include/px4_msgs/px4_msgs/msg/detail/distance_sensor__rosidl_typesupport_introspection_c.h\n'}
[1.166248] (px4_msgs) StdoutLine: {'line': b'-- Up-to-date symlink: /root/ws_sensor_combined/install/px4_msgs/include/px4_msgs/px4_msgs/msg/detail/distance_sensor_mode_change_request__rosidl_typesupport_introspection_c.h\n'}
[1.166329] (px4_msgs) StdoutLine: {'line': b'-- Up-to-date symlink: /root/ws_sensor_combined/install/px4_msgs/include/px4_msgs/px4_msgs/msg/detail/dronecan_node_status__rosidl_typesupport_introspection_c.h\n'}
[1.166409] (px4_msgs) StdoutLine: {'line': b'-- Up-to-date symlink: /root/ws_sensor_combined/install/px4_msgs/include/px4_msgs/px4_msgs/msg/detail/ekf2_timestamps__rosidl_typesupport_introspection_c.h\n'}
[1.166469] (px4_msgs) StdoutLine: {'line': b'-- Up-to-date symlink: /root/ws_sensor_combined/install/px4_msgs/include/px4_msgs/px4_msgs/msg/detail/esc_report__rosidl_typesupport_introspection_c.h\n'}
[1.166499] (px4_msgs) StdoutLine: {'line': b'-- Up-to-date symlink: /root/ws_sensor_combined/install/px4_msgs/include/px4_msgs/px4_msgs/msg/detail/esc_status__rosidl_typesupport_introspection_c.h\n'}
[1.166578] (px4_msgs) StdoutLine: {'line': b'-- Up-to-date symlink: /root/ws_sensor_combined/install/px4_msgs/include/px4_msgs/px4_msgs/msg/detail/estimator_aid_source1d__rosidl_typesupport_introspection_c.h\n'}
[1.166662] (px4_msgs) StdoutLine: {'line': b'-- Up-to-date symlink: /root/ws_sensor_combined/install/px4_msgs/include/px4_msgs/px4_msgs/msg/detail/estimator_aid_source2d__rosidl_typesupport_introspection_c.h\n'}
[1.166897] (px4_msgs) StdoutLine: {'line': b'-- Up-to-date symlink: /root/ws_sensor_combined/install/px4_msgs/include/px4_msgs/px4_msgs/msg/detail/estimator_aid_source3d__rosidl_typesupport_introspection_c.h\n'}
[1.167254] (px4_msgs) StdoutLine: {'line': b'-- Up-to-date symlink: /root/ws_sensor_combined/install/px4_msgs/include/px4_msgs/px4_msgs/msg/detail/estimator_bias3d__rosidl_typesupport_introspection_c.h\n'}
[1.167445] (px4_msgs) StdoutLine: {'line': b'-- Up-to-date symlink: /root/ws_sensor_combined/install/px4_msgs/include/px4_msgs/px4_msgs/msg/detail/estimator_bias__rosidl_typesupport_introspection_c.h\n'}
[1.167550] (px4_msgs) StdoutLine: {'line': b'-- Up-to-date symlink: /root/ws_sensor_combined/install/px4_msgs/include/px4_msgs/px4_msgs/msg/detail/estimator_event_flags__rosidl_typesupport_introspection_c.h\n'}
[1.167614] (px4_msgs) StdoutLine: {'line': b'-- Up-to-date symlink: /root/ws_sensor_combined/install/px4_msgs/include/px4_msgs/px4_msgs/msg/detail/estimator_gps_status__rosidl_typesupport_introspection_c.h\n'}
[1.167646] (px4_msgs) StdoutLine: {'line': b'-- Up-to-date symlink: /root/ws_sensor_combined/install/px4_msgs/include/px4_msgs/px4_msgs/msg/detail/estimator_innovations__rosidl_typesupport_introspection_c.h\n'}
[1.167817] (px4_msgs) StdoutLine: {'line': b'-- Up-to-date symlink: /root/ws_sensor_combined/install/px4_msgs/include/px4_msgs/px4_msgs/msg/detail/estimator_selector_status__rosidl_typesupport_introspection_c.h\n'}
[1.167874] (px4_msgs) StdoutLine: {'line': b'-- Up-to-date symlink: /root/ws_sensor_combined/install/px4_msgs/include/px4_msgs/px4_msgs/msg/detail/estimator_sensor_bias__rosidl_typesupport_introspection_c.h\n'}
[1.167948] (px4_msgs) StdoutLine: {'line': b'-- Up-to-date symlink: /root/ws_sensor_combined/install/px4_msgs/include/px4_msgs/px4_msgs/msg/detail/estimator_states__rosidl_typesupport_introspection_c.h\n'}
[1.168030] (px4_msgs) StdoutLine: {'line': b'-- Up-to-date symlink: /root/ws_sensor_combined/install/px4_msgs/include/px4_msgs/px4_msgs/msg/detail/estimator_status__rosidl_typesupport_introspection_c.h\n'}
[1.168141] (px4_msgs) StdoutLine: {'line': b'-- Up-to-date symlink: /root/ws_sensor_combined/install/px4_msgs/include/px4_msgs/px4_msgs/msg/detail/estimator_status_flags__rosidl_typesupport_introspection_c.h\n'}
[1.168172] (px4_msgs) StdoutLine: {'line': b'-- Up-to-date symlink: /root/ws_sensor_combined/install/px4_msgs/include/px4_msgs/px4_msgs/msg/detail/event__rosidl_typesupport_introspection_c.h\n'}
[1.168212] (px4_msgs) StdoutLine: {'line': b'-- Up-to-date symlink: /root/ws_sensor_combined/install/px4_msgs/include/px4_msgs/px4_msgs/msg/detail/failsafe_flags__rosidl_typesupport_introspection_c.h\n'}
[1.168288] (px4_msgs) StdoutLine: {'line': b'-- Up-to-date symlink: /root/ws_sensor_combined/install/px4_msgs/include/px4_msgs/px4_msgs/msg/detail/failure_detector_status__rosidl_typesupport_introspection_c.h\n'}
[1.168320] (px4_msgs) StdoutLine: {'line': b'-- Up-to-date symlink: /root/ws_sensor_combined/install/px4_msgs/include/px4_msgs/px4_msgs/msg/detail/figure_eight_status__rosidl_typesupport_introspection_c.h\n'}
[1.168567] (px4_msgs) StdoutLine: {'line': b'-- Up-to-date symlink: /root/ws_sensor_combined/install/px4_msgs/include/px4_msgs/px4_msgs/msg/detail/fixed_wing_lateral_guidance_status__rosidl_typesupport_introspection_c.h\n'}
[1.168659] (px4_msgs) StdoutLine: {'line': b'-- Up-to-date symlink: /root/ws_sensor_combined/install/px4_msgs/include/px4_msgs/px4_msgs/msg/detail/fixed_wing_lateral_setpoint__rosidl_typesupport_introspection_c.h\n'}
[1.168740] (px4_msgs) StdoutLine: {'line': b'-- Up-to-date symlink: /root/ws_sensor_combined/install/px4_msgs/include/px4_msgs/px4_msgs/msg/detail/fixed_wing_lateral_status__rosidl_typesupport_introspection_c.h\n'}
[1.168821] (px4_msgs) StdoutLine: {'line': b'-- Up-to-date symlink: /root/ws_sensor_combined/install/px4_msgs/include/px4_msgs/px4_msgs/msg/detail/fixed_wing_longitudinal_setpoint__rosidl_typesupport_introspection_c.h\n'}
[1.168900] (px4_msgs) StdoutLine: {'line': b'-- Up-to-date symlink: /root/ws_sensor_combined/install/px4_msgs/include/px4_msgs/px4_msgs/msg/detail/fixed_wing_runway_control__rosidl_typesupport_introspection_c.h\n'}
[1.168969] (px4_msgs) StdoutLine: {'line': b'-- Up-to-date symlink: /root/ws_sensor_combined/install/px4_msgs/include/px4_msgs/px4_msgs/msg/detail/flight_phase_estimation__rosidl_typesupport_introspection_c.h\n'}
[1.169038] (px4_msgs) StdoutLine: {'line': b'-- Up-to-date symlink: /root/ws_sensor_combined/install/px4_msgs/include/px4_msgs/px4_msgs/msg/detail/follow_target__rosidl_typesupport_introspection_c.h\n'}
[1.169119] (px4_msgs) StdoutLine: {'line': b'-- Up-to-date symlink: /root/ws_sensor_combined/install/px4_msgs/include/px4_msgs/px4_msgs/msg/detail/follow_target_estimator__rosidl_typesupport_introspection_c.h\n'}
[1.169163] (px4_msgs) StdoutLine: {'line': b'-- Up-to-date symlink: /root/ws_sensor_combined/install/px4_msgs/include/px4_msgs/px4_msgs/msg/detail/follow_target_status__rosidl_typesupport_introspection_c.h\n'}
[1.169256] (px4_msgs) StdoutLine: {'line': b'-- Up-to-date symlink: /root/ws_sensor_combined/install/px4_msgs/include/px4_msgs/px4_msgs/msg/detail/fuel_tank_status__rosidl_typesupport_introspection_c.h\n'}
[1.169322] (px4_msgs) StdoutLine: {'line': b'-- Up-to-date symlink: /root/ws_sensor_combined/install/px4_msgs/include/px4_msgs/px4_msgs/msg/detail/generator_status__rosidl_typesupport_introspection_c.h\n'}
[1.169402] (px4_msgs) StdoutLine: {'line': b'-- Up-to-date symlink: /root/ws_sensor_combined/install/px4_msgs/include/px4_msgs/px4_msgs/msg/detail/geofence_result__rosidl_typesupport_introspection_c.h\n'}
[1.169501] (px4_msgs) StdoutLine: {'line': b'-- Up-to-date symlink: /root/ws_sensor_combined/install/px4_msgs/include/px4_msgs/px4_msgs/msg/detail/geofence_status__rosidl_typesupport_introspection_c.h\n'}
[1.169551] (px4_msgs) StdoutLine: {'line': b'-- Up-to-date symlink: /root/ws_sensor_combined/install/px4_msgs/include/px4_msgs/px4_msgs/msg/detail/gimbal_controls__rosidl_typesupport_introspection_c.h\n'}
[1.169613] (px4_msgs) StdoutLine: {'line': b'-- Up-to-date symlink: /root/ws_sensor_combined/install/px4_msgs/include/px4_msgs/px4_msgs/msg/detail/gimbal_device_attitude_status__rosidl_typesupport_introspection_c.h\n'}
[1.169686] (px4_msgs) StdoutLine: {'line': b'-- Up-to-date symlink: /root/ws_sensor_combined/install/px4_msgs/include/px4_msgs/px4_msgs/msg/detail/gimbal_device_information__rosidl_typesupport_introspection_c.h\n'}
[1.169781] (px4_msgs) StdoutLine: {'line': b'-- Up-to-date symlink: /root/ws_sensor_combined/install/px4_msgs/include/px4_msgs/px4_msgs/msg/detail/gimbal_device_set_attitude__rosidl_typesupport_introspection_c.h\n'}
[1.169808] (px4_msgs) StdoutLine: {'line': b'-- Up-to-date symlink: /root/ws_sensor_combined/install/px4_msgs/include/px4_msgs/px4_msgs/msg/detail/gimbal_manager_information__rosidl_typesupport_introspection_c.h\n'}
[1.169888] (px4_msgs) StdoutLine: {'line': b'-- Up-to-date symlink: /root/ws_sensor_combined/install/px4_msgs/include/px4_msgs/px4_msgs/msg/detail/gimbal_manager_set_attitude__rosidl_typesupport_introspection_c.h\n'}
[1.169972] (px4_msgs) StdoutLine: {'line': b'-- Up-to-date symlink: /root/ws_sensor_combined/install/px4_msgs/include/px4_msgs/px4_msgs/msg/detail/gimbal_manager_set_manual_control__rosidl_typesupport_introspection_c.h\n'}
[1.170053] (px4_msgs) StdoutLine: {'line': b'-- Up-to-date symlink: /root/ws_sensor_combined/install/px4_msgs/include/px4_msgs/px4_msgs/msg/detail/gimbal_manager_status__rosidl_typesupport_introspection_c.h\n'}
[1.170101] (px4_msgs) StdoutLine: {'line': b'-- Up-to-date symlink: /root/ws_sensor_combined/install/px4_msgs/include/px4_msgs/px4_msgs/msg/detail/goto_setpoint__rosidl_typesupport_introspection_c.h\n'}
[1.170174] (px4_msgs) StdoutLine: {'line': b'-- Up-to-date symlink: /root/ws_sensor_combined/install/px4_msgs/include/px4_msgs/px4_msgs/msg/detail/gpio_config__rosidl_typesupport_introspection_c.h\n'}
[1.170235] (px4_msgs) StdoutLine: {'line': b'-- Up-to-date symlink: /root/ws_sensor_combined/install/px4_msgs/include/px4_msgs/px4_msgs/msg/detail/gpio_in__rosidl_typesupport_introspection_c.h\n'}
[1.170307] (px4_msgs) StdoutLine: {'line': b'-- Up-to-date symlink: /root/ws_sensor_combined/install/px4_msgs/include/px4_msgs/px4_msgs/msg/detail/gpio_out__rosidl_typesupport_introspection_c.h\n'}
[1.170406] (px4_msgs) StdoutLine: {'line': b'-- Up-to-date symlink: /root/ws_sensor_combined/install/px4_msgs/include/px4_msgs/px4_msgs/msg/detail/gpio_request__rosidl_typesupport_introspection_c.h\n'}
[1.170488] (px4_msgs) StdoutLine: {'line': b'-- Up-to-date symlink: /root/ws_sensor_combined/install/px4_msgs/include/px4_msgs/px4_msgs/msg/detail/gps_dump__rosidl_typesupport_introspection_c.h\n'}
[1.170572] (px4_msgs) StdoutLine: {'line': b'-- Up-to-date symlink: /root/ws_sensor_combined/install/px4_msgs/include/px4_msgs/px4_msgs/msg/detail/gps_inject_data__rosidl_typesupport_introspection_c.h\n'}
[1.170652] (px4_msgs) StdoutLine: {'line': b'-- Up-to-date symlink: /root/ws_sensor_combined/install/px4_msgs/include/px4_msgs/px4_msgs/msg/detail/gripper__rosidl_typesupport_introspection_c.h\n'}
[1.170733] (px4_msgs) StdoutLine: {'line': b'-- Up-to-date symlink: /root/ws_sensor_combined/install/px4_msgs/include/px4_msgs/px4_msgs/msg/detail/health_report__rosidl_typesupport_introspection_c.h\n'}
[1.170814] (px4_msgs) StdoutLine: {'line': b'-- Up-to-date symlink: /root/ws_sensor_combined/install/px4_msgs/include/px4_msgs/px4_msgs/msg/detail/heater_status__rosidl_typesupport_introspection_c.h\n'}
[1.170894] (px4_msgs) StdoutLine: {'line': b'-- Up-to-date symlink: /root/ws_sensor_combined/install/px4_msgs/include/px4_msgs/px4_msgs/msg/detail/home_position__rosidl_typesupport_introspection_c.h\n'}
[1.170974] (px4_msgs) StdoutLine: {'line': b'-- Up-to-date symlink: /root/ws_sensor_combined/install/px4_msgs/include/px4_msgs/px4_msgs/msg/detail/hover_thrust_estimate__rosidl_typesupport_introspection_c.h\n'}
[1.171054] (px4_msgs) StdoutLine: {'line': b'-- Up-to-date symlink: /root/ws_sensor_combined/install/px4_msgs/include/px4_msgs/px4_msgs/msg/detail/input_rc__rosidl_typesupport_introspection_c.h\n'}
[1.171134] (px4_msgs) StdoutLine: {'line': b'-- Up-to-date symlink: /root/ws_sensor_combined/install/px4_msgs/include/px4_msgs/px4_msgs/msg/detail/internal_combustion_engine_control__rosidl_typesupport_introspection_c.h\n'}
[1.171217] (px4_msgs) StdoutLine: {'line': b'-- Up-to-date symlink: /root/ws_sensor_combined/install/px4_msgs/include/px4_msgs/px4_msgs/msg/detail/internal_combustion_engine_status__rosidl_typesupport_introspection_c.h\n'}
[1.171297] (px4_msgs) StdoutLine: {'line': b'-- Up-to-date symlink: /root/ws_sensor_combined/install/px4_msgs/include/px4_msgs/px4_msgs/msg/detail/iridiumsbd_status__rosidl_typesupport_introspection_c.h\n'}
[1.171379] (px4_msgs) StdoutLine: {'line': b'-- Up-to-date symlink: /root/ws_sensor_combined/install/px4_msgs/include/px4_msgs/px4_msgs/msg/detail/irlock_report__rosidl_typesupport_introspection_c.h\n'}
[1.171460] (px4_msgs) StdoutLine: {'line': b'-- Up-to-date symlink: /root/ws_sensor_combined/install/px4_msgs/include/px4_msgs/px4_msgs/msg/detail/landing_gear__rosidl_typesupport_introspection_c.h\n'}
[1.171594] (px4_msgs) StdoutLine: {'line': b'-- Up-to-date symlink: /root/ws_sensor_combined/install/px4_msgs/include/px4_msgs/px4_msgs/msg/detail/landing_gear_wheel__rosidl_typesupport_introspection_c.h\n'}
[1.171784] (px4_msgs) StdoutLine: {'line': b'-- Up-to-date symlink: /root/ws_sensor_combined/install/px4_msgs/include/px4_msgs/px4_msgs/msg/detail/landing_target_innovations__rosidl_typesupport_introspection_c.h\n'}
[1.171826] (px4_msgs) StdoutLine: {'line': b'-- Up-to-date symlink: /root/ws_sensor_combined/install/px4_msgs/include/px4_msgs/px4_msgs/msg/detail/landing_target_pose__rosidl_typesupport_introspection_c.h\n'}
[1.171895] (px4_msgs) StdoutLine: {'line': b'-- Up-to-date symlink: /root/ws_sensor_combined/install/px4_msgs/include/px4_msgs/px4_msgs/msg/detail/lateral_control_configuration__rosidl_typesupport_introspection_c.h\n'}
[1.171977] (px4_msgs) StdoutLine: {'line': b'-- Up-to-date symlink: /root/ws_sensor_combined/install/px4_msgs/include/px4_msgs/px4_msgs/msg/detail/launch_detection_status__rosidl_typesupport_introspection_c.h\n'}
[1.172056] (px4_msgs) StdoutLine: {'line': b'-- Up-to-date symlink: /root/ws_sensor_combined/install/px4_msgs/include/px4_msgs/px4_msgs/msg/detail/led_control__rosidl_typesupport_introspection_c.h\n'}
[1.172137] (px4_msgs) StdoutLine: {'line': b'-- Up-to-date symlink: /root/ws_sensor_combined/install/px4_msgs/include/px4_msgs/px4_msgs/msg/detail/log_message__rosidl_typesupport_introspection_c.h\n'}
[1.172218] (px4_msgs) StdoutLine: {'line': b'-- Up-to-date symlink: /root/ws_sensor_combined/install/px4_msgs/include/px4_msgs/px4_msgs/msg/detail/logger_status__rosidl_typesupport_introspection_c.h\n'}
[1.172278] (px4_msgs) StdoutLine: {'line': b'-- Up-to-date symlink: /root/ws_sensor_combined/install/px4_msgs/include/px4_msgs/px4_msgs/msg/detail/longitudinal_control_configuration__rosidl_typesupport_introspection_c.h\n'}
[1.172308] (px4_msgs) StdoutLine: {'line': b'-- Up-to-date symlink: /root/ws_sensor_combined/install/px4_msgs/include/px4_msgs/px4_msgs/msg/detail/mag_worker_data__rosidl_typesupport_introspection_c.h\n'}
[1.172487] (px4_msgs) StdoutLine: {'line': b'-- Up-to-date symlink: /root/ws_sensor_combined/install/px4_msgs/include/px4_msgs/px4_msgs/msg/detail/magnetometer_bias_estimate__rosidl_typesupport_introspection_c.h\n'}
[1.172602] (px4_msgs) StdoutLine: {'line': b'-- Up-to-date symlink: /root/ws_sensor_combined/install/px4_msgs/include/px4_msgs/px4_msgs/msg/detail/manual_control_setpoint__rosidl_typesupport_introspection_c.h\n'}
[1.172679] (px4_msgs) StdoutLine: {'line': b'-- Up-to-date symlink: /root/ws_sensor_combined/install/px4_msgs/include/px4_msgs/px4_msgs/msg/detail/manual_control_switches__rosidl_typesupport_introspection_c.h\n'}
[1.172719] (px4_msgs) StdoutLine: {'line': b'-- Up-to-date symlink: /root/ws_sensor_combined/install/px4_msgs/include/px4_msgs/px4_msgs/msg/detail/mavlink_log__rosidl_typesupport_introspection_c.h\n'}
[1.172748] (px4_msgs) StdoutLine: {'line': b'-- Up-to-date symlink: /root/ws_sensor_combined/install/px4_msgs/include/px4_msgs/px4_msgs/msg/detail/mavlink_tunnel__rosidl_typesupport_introspection_c.h\n'}
[1.172782] (px4_msgs) StdoutLine: {'line': b'-- Up-to-date symlink: /root/ws_sensor_combined/install/px4_msgs/include/px4_msgs/px4_msgs/msg/detail/message_format_request__rosidl_typesupport_introspection_c.h\n'}
[1.172833] (px4_msgs) StdoutLine: {'line': b'-- Up-to-date symlink: /root/ws_sensor_combined/install/px4_msgs/include/px4_msgs/px4_msgs/msg/detail/message_format_response__rosidl_typesupport_introspection_c.h\n'}
[1.172881] (px4_msgs) StdoutLine: {'line': b'-- Up-to-date symlink: /root/ws_sensor_combined/install/px4_msgs/include/px4_msgs/px4_msgs/msg/detail/mission__rosidl_typesupport_introspection_c.h\n'}
[1.172932] (px4_msgs) StdoutLine: {'line': b'-- Up-to-date symlink: /root/ws_sensor_combined/install/px4_msgs/include/px4_msgs/px4_msgs/msg/detail/mission_result__rosidl_typesupport_introspection_c.h\n'}
[1.173095] (px4_msgs) StdoutLine: {'line': b'-- Up-to-date symlink: /root/ws_sensor_combined/install/px4_msgs/include/px4_msgs/px4_msgs/msg/detail/mode_completed__rosidl_typesupport_introspection_c.h\n'}
[1.173417] (px4_msgs) StdoutLine: {'line': b'-- Up-to-date symlink: /root/ws_sensor_combined/install/px4_msgs/include/px4_msgs/px4_msgs/msg/detail/mount_orientation__rosidl_typesupport_introspection_c.h\n'}
[1.173553] (px4_msgs) StdoutLine: {'line': b'-- Up-to-date symlink: /root/ws_sensor_combined/install/px4_msgs/include/px4_msgs/px4_msgs/msg/detail/navigator_mission_item__rosidl_typesupport_introspection_c.h\n'}
[1.173662] (px4_msgs) StdoutLine: {'line': b'-- Up-to-date symlink: /root/ws_sensor_combined/install/px4_msgs/include/px4_msgs/px4_msgs/msg/detail/navigator_status__rosidl_typesupport_introspection_c.h\n'}
[1.173746] (px4_msgs) StdoutLine: {'line': b'-- Up-to-date symlink: /root/ws_sensor_combined/install/px4_msgs/include/px4_msgs/px4_msgs/msg/detail/neural_control__rosidl_typesupport_introspection_c.h\n'}
[1.173869] (px4_msgs) StdoutLine: {'line': b'-- Up-to-date symlink: /root/ws_sensor_combined/install/px4_msgs/include/px4_msgs/px4_msgs/msg/detail/normalized_unsigned_setpoint__rosidl_typesupport_introspection_c.h\n'}
[1.173954] (px4_msgs) StdoutLine: {'line': b'-- Up-to-date symlink: /root/ws_sensor_combined/install/px4_msgs/include/px4_msgs/px4_msgs/msg/detail/obstacle_distance__rosidl_typesupport_introspection_c.h\n'}
[1.174043] (px4_msgs) StdoutLine: {'line': b'-- Up-to-date symlink: /root/ws_sensor_combined/install/px4_msgs/include/px4_msgs/px4_msgs/msg/detail/offboard_control_mode__rosidl_typesupport_introspection_c.h\n'}
[1.174126] (px4_msgs) StdoutLine: {'line': b'-- Up-to-date symlink: /root/ws_sensor_combined/install/px4_msgs/include/px4_msgs/px4_msgs/msg/detail/onboard_computer_status__rosidl_typesupport_introspection_c.h\n'}
[1.174206] (px4_msgs) StdoutLine: {'line': b'-- Up-to-date symlink: /root/ws_sensor_combined/install/px4_msgs/include/px4_msgs/px4_msgs/msg/detail/open_drone_id_arm_status__rosidl_typesupport_introspection_c.h\n'}
[1.174285] (px4_msgs) StdoutLine: {'line': b'-- Up-to-date symlink: /root/ws_sensor_combined/install/px4_msgs/include/px4_msgs/px4_msgs/msg/detail/open_drone_id_operator_id__rosidl_typesupport_introspection_c.h\n'}
[1.174365] (px4_msgs) StdoutLine: {'line': b'-- Up-to-date symlink: /root/ws_sensor_combined/install/px4_msgs/include/px4_msgs/px4_msgs/msg/detail/open_drone_id_self_id__rosidl_typesupport_introspection_c.h\n'}
[1.174445] (px4_msgs) StdoutLine: {'line': b'-- Up-to-date symlink: /root/ws_sensor_combined/install/px4_msgs/include/px4_msgs/px4_msgs/msg/detail/open_drone_id_system__rosidl_typesupport_introspection_c.h\n'}
[1.174525] (px4_msgs) StdoutLine: {'line': b'-- Up-to-date symlink: /root/ws_sensor_combined/install/px4_msgs/include/px4_msgs/px4_msgs/msg/detail/orb_test__rosidl_typesupport_introspection_c.h\n'}
[1.174606] (px4_msgs) StdoutLine: {'line': b'-- Up-to-date symlink: /root/ws_sensor_combined/install/px4_msgs/include/px4_msgs/px4_msgs/msg/detail/orb_test_large__rosidl_typesupport_introspection_c.h\n'}
[1.174689] (px4_msgs) StdoutLine: {'line': b'-- Up-to-date symlink: /root/ws_sensor_combined/install/px4_msgs/include/px4_msgs/px4_msgs/msg/detail/orb_test_medium__rosidl_typesupport_introspection_c.h\n'}
[1.174771] (px4_msgs) StdoutLine: {'line': b'-- Up-to-date symlink: /root/ws_sensor_combined/install/px4_msgs/include/px4_msgs/px4_msgs/msg/detail/orbit_status__rosidl_typesupport_introspection_c.h\n'}
[1.174851] (px4_msgs) StdoutLine: {'line': b'-- Up-to-date symlink: /root/ws_sensor_combined/install/px4_msgs/include/px4_msgs/px4_msgs/msg/detail/parameter_reset_request__rosidl_typesupport_introspection_c.h\n'}
[1.174930] (px4_msgs) StdoutLine: {'line': b'-- Up-to-date symlink: /root/ws_sensor_combined/install/px4_msgs/include/px4_msgs/px4_msgs/msg/detail/parameter_set_used_request__rosidl_typesupport_introspection_c.h\n'}
[1.175009] (px4_msgs) StdoutLine: {'line': b'-- Up-to-date symlink: /root/ws_sensor_combined/install/px4_msgs/include/px4_msgs/px4_msgs/msg/detail/parameter_set_value_request__rosidl_typesupport_introspection_c.h\n'}
[1.175091] (px4_msgs) StdoutLine: {'line': b'-- Up-to-date symlink: /root/ws_sensor_combined/install/px4_msgs/include/px4_msgs/px4_msgs/msg/detail/parameter_set_value_response__rosidl_typesupport_introspection_c.h\n'}
[1.175161] (px4_msgs) StdoutLine: {'line': b'-- Up-to-date symlink: /root/ws_sensor_combined/install/px4_msgs/include/px4_msgs/px4_msgs/msg/detail/parameter_update__rosidl_typesupport_introspection_c.h\n'}
[1.175241] (px4_msgs) StdoutLine: {'line': b'-- Up-to-date symlink: /root/ws_sensor_combined/install/px4_msgs/include/px4_msgs/px4_msgs/msg/detail/ping__rosidl_typesupport_introspection_c.h\n'}
[1.175320] (px4_msgs) StdoutLine: {'line': b'-- Up-to-date symlink: /root/ws_sensor_combined/install/px4_msgs/include/px4_msgs/px4_msgs/msg/detail/position_controller_landing_status__rosidl_typesupport_introspection_c.h\n'}
[1.175400] (px4_msgs) StdoutLine: {'line': b'-- Up-to-date symlink: /root/ws_sensor_combined/install/px4_msgs/include/px4_msgs/px4_msgs/msg/detail/position_controller_status__rosidl_typesupport_introspection_c.h\n'}
[1.175478] (px4_msgs) StdoutLine: {'line': b'-- Up-to-date symlink: /root/ws_sensor_combined/install/px4_msgs/include/px4_msgs/px4_msgs/msg/detail/position_setpoint__rosidl_typesupport_introspection_c.h\n'}
[1.175558] (px4_msgs) StdoutLine: {'line': b'-- Up-to-date symlink: /root/ws_sensor_combined/install/px4_msgs/include/px4_msgs/px4_msgs/msg/detail/position_setpoint_triplet__rosidl_typesupport_introspection_c.h\n'}
[1.175640] (px4_msgs) StdoutLine: {'line': b'-- Up-to-date symlink: /root/ws_sensor_combined/install/px4_msgs/include/px4_msgs/px4_msgs/msg/detail/power_button_state__rosidl_typesupport_introspection_c.h\n'}
[1.175729] (px4_msgs) StdoutLine: {'line': b'-- Up-to-date symlink: /root/ws_sensor_combined/install/px4_msgs/include/px4_msgs/px4_msgs/msg/detail/power_monitor__rosidl_typesupport_introspection_c.h\n'}
[1.175807] (px4_msgs) StdoutLine: {'line': b'-- Up-to-date symlink: /root/ws_sensor_combined/install/px4_msgs/include/px4_msgs/px4_msgs/msg/detail/pps_capture__rosidl_typesupport_introspection_c.h\n'}
[1.175876] (px4_msgs) StdoutLine: {'line': b'-- Up-to-date symlink: /root/ws_sensor_combined/install/px4_msgs/include/px4_msgs/px4_msgs/msg/detail/pure_pursuit_status__rosidl_typesupport_introspection_c.h\n'}
[1.175956] (px4_msgs) StdoutLine: {'line': b'-- Up-to-date symlink: /root/ws_sensor_combined/install/px4_msgs/include/px4_msgs/px4_msgs/msg/detail/pwm_input__rosidl_typesupport_introspection_c.h\n'}
[1.176034] (px4_msgs) StdoutLine: {'line': b'-- Up-to-date symlink: /root/ws_sensor_combined/install/px4_msgs/include/px4_msgs/px4_msgs/msg/detail/px4io_status__rosidl_typesupport_introspection_c.h\n'}
[1.176118] (px4_msgs) StdoutLine: {'line': b'-- Up-to-date symlink: /root/ws_sensor_combined/install/px4_msgs/include/px4_msgs/px4_msgs/msg/detail/qshell_req__rosidl_typesupport_introspection_c.h\n'}
[1.176197] (px4_msgs) StdoutLine: {'line': b'-- Up-to-date symlink: /root/ws_sensor_combined/install/px4_msgs/include/px4_msgs/px4_msgs/msg/detail/qshell_retval__rosidl_typesupport_introspection_c.h\n'}
[1.176276] (px4_msgs) StdoutLine: {'line': b'-- Up-to-date symlink: /root/ws_sensor_combined/install/px4_msgs/include/px4_msgs/px4_msgs/msg/detail/radio_status__rosidl_typesupport_introspection_c.h\n'}
[1.176356] (px4_msgs) StdoutLine: {'line': b'-- Up-to-date symlink: /root/ws_sensor_combined/install/px4_msgs/include/px4_msgs/px4_msgs/msg/detail/rate_ctrl_status__rosidl_typesupport_introspection_c.h\n'}
[1.176435] (px4_msgs) StdoutLine: {'line': b'-- Up-to-date symlink: /root/ws_sensor_combined/install/px4_msgs/include/px4_msgs/px4_msgs/msg/detail/rc_channels__rosidl_typesupport_introspection_c.h\n'}
[1.176514] (px4_msgs) StdoutLine: {'line': b'-- Up-to-date symlink: /root/ws_sensor_combined/install/px4_msgs/include/px4_msgs/px4_msgs/msg/detail/rc_parameter_map__rosidl_typesupport_introspection_c.h\n'}
[1.176600] (px4_msgs) StdoutLine: {'line': b'-- Up-to-date symlink: /root/ws_sensor_combined/install/px4_msgs/include/px4_msgs/px4_msgs/msg/detail/register_ext_component_reply__rosidl_typesupport_introspection_c.h\n'}
[1.176680] (px4_msgs) StdoutLine: {'line': b'-- Up-to-date symlink: /root/ws_sensor_combined/install/px4_msgs/include/px4_msgs/px4_msgs/msg/detail/register_ext_component_request__rosidl_typesupport_introspection_c.h\n'}
[1.176808] (px4_msgs) StdoutLine: {'line': b'-- Up-to-date symlink: /root/ws_sensor_combined/install/px4_msgs/include/px4_msgs/px4_msgs/msg/detail/rover_attitude_setpoint__rosidl_typesupport_introspection_c.h\n'}
[1.176999] (px4_msgs) StdoutLine: {'line': b'-- Up-to-date symlink: /root/ws_sensor_combined/install/px4_msgs/include/px4_msgs/px4_msgs/msg/detail/rover_attitude_status__rosidl_typesupport_introspection_c.h\n'}
[1.177045] (px4_msgs) StdoutLine: {'line': b'-- Up-to-date symlink: /root/ws_sensor_combined/install/px4_msgs/include/px4_msgs/px4_msgs/msg/detail/rover_position_setpoint__rosidl_typesupport_introspection_c.h\n'}
[1.177076] (px4_msgs) StdoutLine: {'line': b'-- Up-to-date symlink: /root/ws_sensor_combined/install/px4_msgs/include/px4_msgs/px4_msgs/msg/detail/rover_rate_setpoint__rosidl_typesupport_introspection_c.h\n'}
[1.177149] (px4_msgs) StdoutLine: {'line': b'-- Up-to-date symlink: /root/ws_sensor_combined/install/px4_msgs/include/px4_msgs/px4_msgs/msg/detail/rover_rate_status__rosidl_typesupport_introspection_c.h\n'}
[1.177261] (px4_msgs) StdoutLine: {'line': b'-- Up-to-date symlink: /root/ws_sensor_combined/install/px4_msgs/include/px4_msgs/px4_msgs/msg/detail/rover_steering_setpoint__rosidl_typesupport_introspection_c.h\n'}
[1.177293] (px4_msgs) StdoutLine: {'line': b'-- Up-to-date symlink: /root/ws_sensor_combined/install/px4_msgs/include/px4_msgs/px4_msgs/msg/detail/rover_throttle_setpoint__rosidl_typesupport_introspection_c.h\n'}
[1.177407] (px4_msgs) StdoutLine: {'line': b'-- Up-to-date symlink: /root/ws_sensor_combined/install/px4_msgs/include/px4_msgs/px4_msgs/msg/detail/rover_velocity_setpoint__rosidl_typesupport_introspection_c.h\n'}
[1.177458] (px4_msgs) StdoutLine: {'line': b'-- Up-to-date symlink: /root/ws_sensor_combined/install/px4_msgs/include/px4_msgs/px4_msgs/msg/detail/rover_velocity_status__rosidl_typesupport_introspection_c.h\n'}
[1.177552] (px4_msgs) StdoutLine: {'line': b'-- Up-to-date symlink: /root/ws_sensor_combined/install/px4_msgs/include/px4_msgs/px4_msgs/msg/detail/rpm__rosidl_typesupport_introspection_c.h\n'}
[1.177618] (px4_msgs) StdoutLine: {'line': b'-- Up-to-date symlink: /root/ws_sensor_combined/install/px4_msgs/include/px4_msgs/px4_msgs/msg/detail/rtl_status__rosidl_typesupport_introspection_c.h\n'}
[1.177667] (px4_msgs) StdoutLine: {'line': b'-- Up-to-date symlink: /root/ws_sensor_combined/install/px4_msgs/include/px4_msgs/px4_msgs/msg/detail/rtl_time_estimate__rosidl_typesupport_introspection_c.h\n'}
[1.177747] (px4_msgs) StdoutLine: {'line': b'-- Up-to-date symlink: /root/ws_sensor_combined/install/px4_msgs/include/px4_msgs/px4_msgs/msg/detail/satellite_info__rosidl_typesupport_introspection_c.h\n'}
[1.177816] (px4_msgs) StdoutLine: {'line': b'-- Up-to-date symlink: /root/ws_sensor_combined/install/px4_msgs/include/px4_msgs/px4_msgs/msg/detail/sensor_accel__rosidl_typesupport_introspection_c.h\n'}
[1.177899] (px4_msgs) StdoutLine: {'line': b'-- Up-to-date symlink: /root/ws_sensor_combined/install/px4_msgs/include/px4_msgs/px4_msgs/msg/detail/sensor_accel_fifo__rosidl_typesupport_introspection_c.h\n'}
[1.177978] (px4_msgs) StdoutLine: {'line': b'-- Up-to-date symlink: /root/ws_sensor_combined/install/px4_msgs/include/px4_msgs/px4_msgs/msg/detail/sensor_airflow__rosidl_typesupport_introspection_c.h\n'}
[1.178057] (px4_msgs) StdoutLine: {'line': b'-- Up-to-date symlink: /root/ws_sensor_combined/install/px4_msgs/include/px4_msgs/px4_msgs/msg/detail/sensor_baro__rosidl_typesupport_introspection_c.h\n'}
[1.178137] (px4_msgs) StdoutLine: {'line': b'-- Up-to-date symlink: /root/ws_sensor_combined/install/px4_msgs/include/px4_msgs/px4_msgs/msg/detail/sensor_combined__rosidl_typesupport_introspection_c.h\n'}
[1.178218] (px4_msgs) StdoutLine: {'line': b'-- Up-to-date symlink: /root/ws_sensor_combined/install/px4_msgs/include/px4_msgs/px4_msgs/msg/detail/sensor_correction__rosidl_typesupport_introspection_c.h\n'}
[1.178297] (px4_msgs) StdoutLine: {'line': b'-- Up-to-date symlink: /root/ws_sensor_combined/install/px4_msgs/include/px4_msgs/px4_msgs/msg/detail/sensor_gnss_relative__rosidl_typesupport_introspection_c.h\n'}
[1.178377] (px4_msgs) StdoutLine: {'line': b'-- Up-to-date symlink: /root/ws_sensor_combined/install/px4_msgs/include/px4_msgs/px4_msgs/msg/detail/sensor_gps__rosidl_typesupport_introspection_c.h\n'}
[1.178457] (px4_msgs) StdoutLine: {'line': b'-- Up-to-date symlink: /root/ws_sensor_combined/install/px4_msgs/include/px4_msgs/px4_msgs/msg/detail/sensor_gyro__rosidl_typesupport_introspection_c.h\n'}
[1.178537] (px4_msgs) StdoutLine: {'line': b'-- Up-to-date symlink: /root/ws_sensor_combined/install/px4_msgs/include/px4_msgs/px4_msgs/msg/detail/sensor_gyro_fft__rosidl_typesupport_introspection_c.h\n'}
[1.178624] (px4_msgs) StdoutLine: {'line': b'-- Up-to-date symlink: /root/ws_sensor_combined/install/px4_msgs/include/px4_msgs/px4_msgs/msg/detail/sensor_gyro_fifo__rosidl_typesupport_introspection_c.h\n'}
[1.178704] (px4_msgs) StdoutLine: {'line': b'-- Up-to-date symlink: /root/ws_sensor_combined/install/px4_msgs/include/px4_msgs/px4_msgs/msg/detail/sensor_hygrometer__rosidl_typesupport_introspection_c.h\n'}
[1.178755] (px4_msgs) StdoutLine: {'line': b'-- Up-to-date symlink: /root/ws_sensor_combined/install/px4_msgs/include/px4_msgs/px4_msgs/msg/detail/sensor_mag__rosidl_typesupport_introspection_c.h\n'}
[1.178821] (px4_msgs) StdoutLine: {'line': b'-- Up-to-date symlink: /root/ws_sensor_combined/install/px4_msgs/include/px4_msgs/px4_msgs/msg/detail/sensor_optical_flow__rosidl_typesupport_introspection_c.h\n'}
[1.178878] (px4_msgs) StdoutLine: {'line': b'-- Up-to-date symlink: /root/ws_sensor_combined/install/px4_msgs/include/px4_msgs/px4_msgs/msg/detail/sensor_preflight_mag__rosidl_typesupport_introspection_c.h\n'}
[1.178964] (px4_msgs) StdoutLine: {'line': b'-- Up-to-date symlink: /root/ws_sensor_combined/install/px4_msgs/include/px4_msgs/px4_msgs/msg/detail/sensor_selection__rosidl_typesupport_introspection_c.h\n'}
[1.179021] (px4_msgs) StdoutLine: {'line': b'-- Up-to-date symlink: /root/ws_sensor_combined/install/px4_msgs/include/px4_msgs/px4_msgs/msg/detail/sensor_uwb__rosidl_typesupport_introspection_c.h\n'}
[1.179074] (px4_msgs) StdoutLine: {'line': b'-- Up-to-date symlink: /root/ws_sensor_combined/install/px4_msgs/include/px4_msgs/px4_msgs/msg/detail/sensors_status__rosidl_typesupport_introspection_c.h\n'}
[1.179149] (px4_msgs) StdoutLine: {'line': b'-- Up-to-date symlink: /root/ws_sensor_combined/install/px4_msgs/include/px4_msgs/px4_msgs/msg/detail/sensors_status_imu__rosidl_typesupport_introspection_c.h\n'}
[1.179239] (px4_msgs) StdoutLine: {'line': b'-- Up-to-date symlink: /root/ws_sensor_combined/install/px4_msgs/include/px4_msgs/px4_msgs/msg/detail/system_power__rosidl_typesupport_introspection_c.h\n'}
[1.179275] (px4_msgs) StdoutLine: {'line': b'-- Up-to-date symlink: /root/ws_sensor_combined/install/px4_msgs/include/px4_msgs/px4_msgs/msg/detail/takeoff_status__rosidl_typesupport_introspection_c.h\n'}
[1.179326] (px4_msgs) StdoutLine: {'line': b'-- Up-to-date symlink: /root/ws_sensor_combined/install/px4_msgs/include/px4_msgs/px4_msgs/msg/detail/task_stack_info__rosidl_typesupport_introspection_c.h\n'}
[1.179727] (px4_msgs) StdoutLine: {'line': b'-- Up-to-date symlink: /root/ws_sensor_combined/install/px4_msgs/include/px4_msgs/px4_msgs/msg/detail/tecs_status__rosidl_typesupport_introspection_c.h\n'}
[1.179832] (px4_msgs) StdoutLine: {'line': b'-- Up-to-date symlink: /root/ws_sensor_combined/install/px4_msgs/include/px4_msgs/px4_msgs/msg/detail/telemetry_status__rosidl_typesupport_introspection_c.h\n'}
[1.179897] (px4_msgs) StdoutLine: {'line': b'-- Up-to-date symlink: /root/ws_sensor_combined/install/px4_msgs/include/px4_msgs/px4_msgs/msg/detail/tiltrotor_extra_controls__rosidl_typesupport_introspection_c.h\n'}
[1.179980] (px4_msgs) StdoutLine: {'line': b'-- Up-to-date symlink: /root/ws_sensor_combined/install/px4_msgs/include/px4_msgs/px4_msgs/msg/detail/timesync_status__rosidl_typesupport_introspection_c.h\n'}
[1.180071] (px4_msgs) StdoutLine: {'line': b'-- Up-to-date symlink: /root/ws_sensor_combined/install/px4_msgs/include/px4_msgs/px4_msgs/msg/detail/trajectory_setpoint6dof__rosidl_typesupport_introspection_c.h\n'}
[1.180157] (px4_msgs) StdoutLine: {'line': b'-- Up-to-date symlink: /root/ws_sensor_combined/install/px4_msgs/include/px4_msgs/px4_msgs/msg/detail/trajectory_setpoint__rosidl_typesupport_introspection_c.h\n'}
[1.180236] (px4_msgs) StdoutLine: {'line': b'-- Up-to-date symlink: /root/ws_sensor_combined/install/px4_msgs/include/px4_msgs/px4_msgs/msg/detail/transponder_report__rosidl_typesupport_introspection_c.h\n'}
[1.180316] (px4_msgs) StdoutLine: {'line': b'-- Up-to-date symlink: /root/ws_sensor_combined/install/px4_msgs/include/px4_msgs/px4_msgs/msg/detail/tune_control__rosidl_typesupport_introspection_c.h\n'}
[1.180396] (px4_msgs) StdoutLine: {'line': b'-- Up-to-date symlink: /root/ws_sensor_combined/install/px4_msgs/include/px4_msgs/px4_msgs/msg/detail/uavcan_parameter_request__rosidl_typesupport_introspection_c.h\n'}
[1.180476] (px4_msgs) StdoutLine: {'line': b'-- Up-to-date symlink: /root/ws_sensor_combined/install/px4_msgs/include/px4_msgs/px4_msgs/msg/detail/uavcan_parameter_value__rosidl_typesupport_introspection_c.h\n'}
[1.180546] (px4_msgs) StdoutLine: {'line': b'-- Up-to-date symlink: /root/ws_sensor_combined/install/px4_msgs/include/px4_msgs/px4_msgs/msg/detail/ulog_stream__rosidl_typesupport_introspection_c.h\n'}
[1.180625] (px4_msgs) StdoutLine: {'line': b'-- Up-to-date symlink: /root/ws_sensor_combined/install/px4_msgs/include/px4_msgs/px4_msgs/msg/detail/ulog_stream_ack__rosidl_typesupport_introspection_c.h\n'}
[1.180659] (px4_msgs) StdoutLine: {'line': b'-- Up-to-date symlink: /root/ws_sensor_combined/install/px4_msgs/include/px4_msgs/px4_msgs/msg/detail/unregister_ext_component__rosidl_typesupport_introspection_c.h\n'}
[1.180691] (px4_msgs) StdoutLine: {'line': b'-- Up-to-date symlink: /root/ws_sensor_combined/install/px4_msgs/include/px4_msgs/px4_msgs/msg/detail/vehicle_acceleration__rosidl_typesupport_introspection_c.h\n'}
[1.180760] (px4_msgs) StdoutLine: {'line': b'-- Up-to-date symlink: /root/ws_sensor_combined/install/px4_msgs/include/px4_msgs/px4_msgs/msg/detail/vehicle_air_data__rosidl_typesupport_introspection_c.h\n'}
[1.180840] (px4_msgs) StdoutLine: {'line': b'-- Up-to-date symlink: /root/ws_sensor_combined/install/px4_msgs/include/px4_msgs/px4_msgs/msg/detail/vehicle_angular_acceleration_setpoint__rosidl_typesupport_introspection_c.h\n'}
[1.180940] (px4_msgs) StdoutLine: {'line': b'-- Up-to-date symlink: /root/ws_sensor_combined/install/px4_msgs/include/px4_msgs/px4_msgs/msg/detail/vehicle_angular_velocity__rosidl_typesupport_introspection_c.h\n'}
[1.180971] (px4_msgs) StdoutLine: {'line': b'-- Up-to-date symlink: /root/ws_sensor_combined/install/px4_msgs/include/px4_msgs/px4_msgs/msg/detail/vehicle_attitude__rosidl_typesupport_introspection_c.h\n'}
[1.180997] (px4_msgs) StdoutLine: {'line': b'-- Up-to-date symlink: /root/ws_sensor_combined/install/px4_msgs/include/px4_msgs/px4_msgs/msg/detail/vehicle_attitude_setpoint__rosidl_typesupport_introspection_c.h\n'}
[1.181023] (px4_msgs) StdoutLine: {'line': b'-- Up-to-date symlink: /root/ws_sensor_combined/install/px4_msgs/include/px4_msgs/px4_msgs/msg/detail/vehicle_command__rosidl_typesupport_introspection_c.h\n'}
[1.181046] (px4_msgs) StdoutLine: {'line': b'-- Up-to-date symlink: /root/ws_sensor_combined/install/px4_msgs/include/px4_msgs/px4_msgs/msg/detail/vehicle_command_ack__rosidl_typesupport_introspection_c.h\n'}
[1.181069] (px4_msgs) StdoutLine: {'line': b'-- Up-to-date symlink: /root/ws_sensor_combined/install/px4_msgs/include/px4_msgs/px4_msgs/msg/detail/vehicle_constraints__rosidl_typesupport_introspection_c.h\n'}
[1.181098] (px4_msgs) StdoutLine: {'line': b'-- Up-to-date symlink: /root/ws_sensor_combined/install/px4_msgs/include/px4_msgs/px4_msgs/msg/detail/vehicle_control_mode__rosidl_typesupport_introspection_c.h\n'}
[1.181121] (px4_msgs) StdoutLine: {'line': b'-- Up-to-date symlink: /root/ws_sensor_combined/install/px4_msgs/include/px4_msgs/px4_msgs/msg/detail/vehicle_global_position__rosidl_typesupport_introspection_c.h\n'}
[1.181143] (px4_msgs) StdoutLine: {'line': b'-- Up-to-date symlink: /root/ws_sensor_combined/install/px4_msgs/include/px4_msgs/px4_msgs/msg/detail/vehicle_imu__rosidl_typesupport_introspection_c.h\n'}
[1.181165] (px4_msgs) StdoutLine: {'line': b'-- Up-to-date symlink: /root/ws_sensor_combined/install/px4_msgs/include/px4_msgs/px4_msgs/msg/detail/vehicle_imu_status__rosidl_typesupport_introspection_c.h\n'}
[1.181187] (px4_msgs) StdoutLine: {'line': b'-- Up-to-date symlink: /root/ws_sensor_combined/install/px4_msgs/include/px4_msgs/px4_msgs/msg/detail/vehicle_land_detected__rosidl_typesupport_introspection_c.h\n'}
[1.181209] (px4_msgs) StdoutLine: {'line': b'-- Up-to-date symlink: /root/ws_sensor_combined/install/px4_msgs/include/px4_msgs/px4_msgs/msg/detail/vehicle_local_position__rosidl_typesupport_introspection_c.h\n'}
[1.181230] (px4_msgs) StdoutLine: {'line': b'-- Up-to-date symlink: /root/ws_sensor_combined/install/px4_msgs/include/px4_msgs/px4_msgs/msg/detail/vehicle_local_position_setpoint__rosidl_typesupport_introspection_c.h\n'}
[1.181252] (px4_msgs) StdoutLine: {'line': b'-- Up-to-date symlink: /root/ws_sensor_combined/install/px4_msgs/include/px4_msgs/px4_msgs/msg/detail/vehicle_magnetometer__rosidl_typesupport_introspection_c.h\n'}
[1.181274] (px4_msgs) StdoutLine: {'line': b'-- Up-to-date symlink: /root/ws_sensor_combined/install/px4_msgs/include/px4_msgs/px4_msgs/msg/detail/vehicle_odometry__rosidl_typesupport_introspection_c.h\n'}
[1.181296] (px4_msgs) StdoutLine: {'line': b'-- Up-to-date symlink: /root/ws_sensor_combined/install/px4_msgs/include/px4_msgs/px4_msgs/msg/detail/vehicle_optical_flow__rosidl_typesupport_introspection_c.h\n'}
[1.181318] (px4_msgs) StdoutLine: {'line': b'-- Up-to-date symlink: /root/ws_sensor_combined/install/px4_msgs/include/px4_msgs/px4_msgs/msg/detail/vehicle_optical_flow_vel__rosidl_typesupport_introspection_c.h\n'}
[1.181340] (px4_msgs) StdoutLine: {'line': b'-- Up-to-date symlink: /root/ws_sensor_combined/install/px4_msgs/include/px4_msgs/px4_msgs/msg/detail/vehicle_rates_setpoint__rosidl_typesupport_introspection_c.h\n'}
[1.181362] (px4_msgs) StdoutLine: {'line': b'-- Up-to-date symlink: /root/ws_sensor_combined/install/px4_msgs/include/px4_msgs/px4_msgs/msg/detail/vehicle_roi__rosidl_typesupport_introspection_c.h\n'}
[1.181383] (px4_msgs) StdoutLine: {'line': b'-- Up-to-date symlink: /root/ws_sensor_combined/install/px4_msgs/include/px4_msgs/px4_msgs/msg/detail/vehicle_status__rosidl_typesupport_introspection_c.h\n'}
[1.181405] (px4_msgs) StdoutLine: {'line': b'-- Up-to-date symlink: /root/ws_sensor_combined/install/px4_msgs/include/px4_msgs/px4_msgs/msg/detail/vehicle_thrust_setpoint__rosidl_typesupport_introspection_c.h\n'}
[1.181428] (px4_msgs) StdoutLine: {'line': b'-- Up-to-date symlink: /root/ws_sensor_combined/install/px4_msgs/include/px4_msgs/px4_msgs/msg/detail/vehicle_torque_setpoint__rosidl_typesupport_introspection_c.h\n'}
[1.181451] (px4_msgs) StdoutLine: {'line': b'-- Up-to-date symlink: /root/ws_sensor_combined/install/px4_msgs/include/px4_msgs/px4_msgs/msg/detail/velocity_limits__rosidl_typesupport_introspection_c.h\n'}
[1.181490] (px4_msgs) StdoutLine: {'line': b'-- Up-to-date symlink: /root/ws_sensor_combined/install/px4_msgs/include/px4_msgs/px4_msgs/msg/detail/vtol_vehicle_status__rosidl_typesupport_introspection_c.h\n'}
[1.181516] (px4_msgs) StdoutLine: {'line': b'-- Up-to-date symlink: /root/ws_sensor_combined/install/px4_msgs/include/px4_msgs/px4_msgs/msg/detail/wheel_encoders__rosidl_typesupport_introspection_c.h\n'}
[1.181539] (px4_msgs) StdoutLine: {'line': b'-- Up-to-date symlink: /root/ws_sensor_combined/install/px4_msgs/include/px4_msgs/px4_msgs/msg/detail/wind__rosidl_typesupport_introspection_c.h\n'}
[1.181561] (px4_msgs) StdoutLine: {'line': b'-- Up-to-date symlink: /root/ws_sensor_combined/install/px4_msgs/include/px4_msgs/px4_msgs/msg/detail/yaw_estimator_status__rosidl_typesupport_introspection_c.h\n'}
[1.181628] (px4_msgs) StdoutLine: {'line': b'-- Up-to-date symlink: /root/ws_sensor_combined/install/px4_msgs/include/px4_msgs/px4_msgs/msg/rosidl_typesupport_introspection_c__visibility_control.h\n'}
[1.181711] (px4_msgs) StdoutLine: {'line': b'-- Up-to-date symlink: /root/ws_sensor_combined/install/px4_msgs/include/px4_msgs/px4_msgs/srv/detail/vehicle_command__rosidl_typesupport_introspection_c.h\n'}
[1.181866] (px4_msgs) StdoutLine: {'line': b'-- Up-to-date symlink: /root/ws_sensor_combined/install/px4_msgs/include/px4_msgs/px4_msgs/msg/detail/action_request__rosidl_typesupport_introspection_cpp.hpp\n'}
[1.181913] (px4_msgs) StdoutLine: {'line': b'-- Up-to-date symlink: /root/ws_sensor_combined/install/px4_msgs/include/px4_msgs/px4_msgs/msg/detail/actuator_armed__rosidl_typesupport_introspection_cpp.hpp\n'}
[1.182001] (px4_msgs) StdoutLine: {'line': b'-- Up-to-date symlink: /root/ws_sensor_combined/install/px4_msgs/include/px4_msgs/px4_msgs/msg/detail/actuator_controls_status__rosidl_typesupport_introspection_cpp.hpp\n'}
[1.182083] (px4_msgs) StdoutLine: {'line': b'-- Up-to-date symlink: /root/ws_sensor_combined/install/px4_msgs/include/px4_msgs/px4_msgs/msg/detail/actuator_motors__rosidl_typesupport_introspection_cpp.hpp\n'}
[1.182164] (px4_msgs) StdoutLine: {'line': b'-- Up-to-date symlink: /root/ws_sensor_combined/install/px4_msgs/include/px4_msgs/px4_msgs/msg/detail/actuator_outputs__rosidl_typesupport_introspection_cpp.hpp\n'}
[1.182321] (px4_msgs) StdoutLine: {'line': b'-- Up-to-date symlink: /root/ws_sensor_combined/install/px4_msgs/include/px4_msgs/px4_msgs/msg/detail/actuator_servos__rosidl_typesupport_introspection_cpp.hpp\n'}
[1.182445] (px4_msgs) StdoutLine: {'line': b'-- Up-to-date symlink: /root/ws_sensor_combined/install/px4_msgs/include/px4_msgs/px4_msgs/msg/detail/actuator_servos_trim__rosidl_typesupport_introspection_cpp.hpp\n'}
[1.182530] (px4_msgs) StdoutLine: {'line': b'-- Up-to-date symlink: /root/ws_sensor_combined/install/px4_msgs/include/px4_msgs/px4_msgs/msg/detail/actuator_test__rosidl_typesupport_introspection_cpp.hpp\n'}
[1.182612] (px4_msgs) StdoutLine: {'line': b'-- Up-to-date symlink: /root/ws_sensor_combined/install/px4_msgs/include/px4_msgs/px4_msgs/msg/detail/adc_report__rosidl_typesupport_introspection_cpp.hpp\n'}
[1.182693] (px4_msgs) StdoutLine: {'line': b'-- Up-to-date symlink: /root/ws_sensor_combined/install/px4_msgs/include/px4_msgs/px4_msgs/msg/detail/airspeed__rosidl_typesupport_introspection_cpp.hpp\n'}
[1.182899] (px4_msgs) StdoutLine: {'line': b'-- Up-to-date symlink: /root/ws_sensor_combined/install/px4_msgs/include/px4_msgs/px4_msgs/msg/detail/airspeed_validated__rosidl_typesupport_introspection_cpp.hpp\n'}
[1.183028] (px4_msgs) StdoutLine: {'line': b'-- Up-to-date symlink: /root/ws_sensor_combined/install/px4_msgs/include/px4_msgs/px4_msgs/msg/detail/airspeed_wind__rosidl_typesupport_introspection_cpp.hpp\n'}
[1.183193] (px4_msgs) StdoutLine: {'line': b'-- Up-to-date symlink: /root/ws_sensor_combined/install/px4_msgs/include/px4_msgs/px4_msgs/msg/detail/arming_check_reply__rosidl_typesupport_introspection_cpp.hpp\n'}
[1.183255] (px4_msgs) StdoutLine: {'line': b'-- Up-to-date symlink: /root/ws_sensor_combined/install/px4_msgs/include/px4_msgs/px4_msgs/msg/detail/arming_check_request__rosidl_typesupport_introspection_cpp.hpp\n'}
[1.183341] (px4_msgs) StdoutLine: {'line': b'-- Up-to-date symlink: /root/ws_sensor_combined/install/px4_msgs/include/px4_msgs/px4_msgs/msg/detail/autotune_attitude_control_status__rosidl_typesupport_introspection_cpp.hpp\n'}
[1.183433] (px4_msgs) StdoutLine: {'line': b'-- Up-to-date symlink: /root/ws_sensor_combined/install/px4_msgs/include/px4_msgs/px4_msgs/msg/detail/battery_info__rosidl_typesupport_introspection_cpp.hpp\n'}
[1.183516] (px4_msgs) StdoutLine: {'line': b'-- Up-to-date symlink: /root/ws_sensor_combined/install/px4_msgs/include/px4_msgs/px4_msgs/msg/detail/battery_status__rosidl_typesupport_introspection_cpp.hpp\n'}
[1.183595] (px4_msgs) StdoutLine: {'line': b'-- Up-to-date symlink: /root/ws_sensor_combined/install/px4_msgs/include/px4_msgs/px4_msgs/msg/detail/button_event__rosidl_typesupport_introspection_cpp.hpp\n'}
[1.183665] (px4_msgs) StdoutLine: {'line': b'-- Up-to-date symlink: /root/ws_sensor_combined/install/px4_msgs/include/px4_msgs/px4_msgs/msg/detail/camera_capture__rosidl_typesupport_introspection_cpp.hpp\n'}
[1.183745] (px4_msgs) StdoutLine: {'line': b'-- Up-to-date symlink: /root/ws_sensor_combined/install/px4_msgs/include/px4_msgs/px4_msgs/msg/detail/camera_status__rosidl_typesupport_introspection_cpp.hpp\n'}
[1.183825] (px4_msgs) StdoutLine: {'line': b'-- Up-to-date symlink: /root/ws_sensor_combined/install/px4_msgs/include/px4_msgs/px4_msgs/msg/detail/camera_trigger__rosidl_typesupport_introspection_cpp.hpp\n'}
[1.183904] (px4_msgs) StdoutLine: {'line': b'-- Up-to-date symlink: /root/ws_sensor_combined/install/px4_msgs/include/px4_msgs/px4_msgs/msg/detail/can_interface_status__rosidl_typesupport_introspection_cpp.hpp\n'}
[1.183983] (px4_msgs) StdoutLine: {'line': b'-- Up-to-date symlink: /root/ws_sensor_combined/install/px4_msgs/include/px4_msgs/px4_msgs/msg/detail/cellular_status__rosidl_typesupport_introspection_cpp.hpp\n'}
[1.184055] (px4_msgs) StdoutLine: {'line': b'-- Up-to-date symlink: /root/ws_sensor_combined/install/px4_msgs/include/px4_msgs/px4_msgs/msg/detail/collision_constraints__rosidl_typesupport_introspection_cpp.hpp\n'}
[1.184086] (px4_msgs) StdoutLine: {'line': b'-- Up-to-date symlink: /root/ws_sensor_combined/install/px4_msgs/include/px4_msgs/px4_msgs/msg/detail/config_overrides__rosidl_typesupport_introspection_cpp.hpp\n'}
[1.184221] (px4_msgs) StdoutLine: {'line': b'-- Up-to-date symlink: /root/ws_sensor_combined/install/px4_msgs/include/px4_msgs/px4_msgs/msg/detail/control_allocator_status__rosidl_typesupport_introspection_cpp.hpp\n'}
[1.184259] (px4_msgs) StdoutLine: {'line': b'-- Up-to-date symlink: /root/ws_sensor_combined/install/px4_msgs/include/px4_msgs/px4_msgs/msg/detail/cpuload__rosidl_typesupport_introspection_cpp.hpp\n'}
[1.184328] (px4_msgs) StdoutLine: {'line': b'-- Up-to-date symlink: /root/ws_sensor_combined/install/px4_msgs/include/px4_msgs/px4_msgs/msg/detail/dataman_request__rosidl_typesupport_introspection_cpp.hpp\n'}
[1.184359] (px4_msgs) StdoutLine: {'line': b'-- Up-to-date symlink: /root/ws_sensor_combined/install/px4_msgs/include/px4_msgs/px4_msgs/msg/detail/dataman_response__rosidl_typesupport_introspection_cpp.hpp\n'}
[1.184392] (px4_msgs) StdoutLine: {'line': b'-- Up-to-date symlink: /root/ws_sensor_combined/install/px4_msgs/include/px4_msgs/px4_msgs/msg/detail/debug_array__rosidl_typesupport_introspection_cpp.hpp\n'}
[1.184465] (px4_msgs) StdoutLine: {'line': b'-- Up-to-date symlink: /root/ws_sensor_combined/install/px4_msgs/include/px4_msgs/px4_msgs/msg/detail/debug_key_value__rosidl_typesupport_introspection_cpp.hpp\n'}
[1.184521] (px4_msgs) StdoutLine: {'line': b'-- Up-to-date symlink: /root/ws_sensor_combined/install/px4_msgs/include/px4_msgs/px4_msgs/msg/detail/debug_value__rosidl_typesupport_introspection_cpp.hpp\n'}
[1.184604] (px4_msgs) StdoutLine: {'line': b'-- Up-to-date symlink: /root/ws_sensor_combined/install/px4_msgs/include/px4_msgs/px4_msgs/msg/detail/debug_vect__rosidl_typesupport_introspection_cpp.hpp\n'}
[1.184687] (px4_msgs) StdoutLine: {'line': b'-- Up-to-date symlink: /root/ws_sensor_combined/install/px4_msgs/include/px4_msgs/px4_msgs/msg/detail/differential_pressure__rosidl_typesupport_introspection_cpp.hpp\n'}
[1.184732] (px4_msgs) StdoutLine: {'line': b'-- Up-to-date symlink: /root/ws_sensor_combined/install/px4_msgs/include/px4_msgs/px4_msgs/msg/detail/distance_sensor__rosidl_typesupport_introspection_cpp.hpp\n'}
[1.184759] (px4_msgs) StdoutLine: {'line': b'-- Up-to-date symlink: /root/ws_sensor_combined/install/px4_msgs/include/px4_msgs/px4_msgs/msg/detail/distance_sensor_mode_change_request__rosidl_typesupport_introspection_cpp.hpp\n'}
[1.184783] (px4_msgs) StdoutLine: {'line': b'-- Up-to-date symlink: /root/ws_sensor_combined/install/px4_msgs/include/px4_msgs/px4_msgs/msg/detail/dronecan_node_status__rosidl_typesupport_introspection_cpp.hpp\n'}
[1.184808] (px4_msgs) StdoutLine: {'line': b'-- Up-to-date symlink: /root/ws_sensor_combined/install/px4_msgs/include/px4_msgs/px4_msgs/msg/detail/ekf2_timestamps__rosidl_typesupport_introspection_cpp.hpp\n'}
[1.184864] (px4_msgs) StdoutLine: {'line': b'-- Up-to-date symlink: /root/ws_sensor_combined/install/px4_msgs/include/px4_msgs/px4_msgs/msg/detail/esc_report__rosidl_typesupport_introspection_cpp.hpp\n'}
[1.184896] (px4_msgs) StdoutLine: {'line': b'-- Up-to-date symlink: /root/ws_sensor_combined/install/px4_msgs/include/px4_msgs/px4_msgs/msg/detail/esc_status__rosidl_typesupport_introspection_cpp.hpp\n'}
[1.185217] (px4_msgs) StdoutLine: {'line': b'-- Up-to-date symlink: /root/ws_sensor_combined/install/px4_msgs/include/px4_msgs/px4_msgs/msg/detail/estimator_aid_source1d__rosidl_typesupport_introspection_cpp.hpp\n'}
[1.185418] (px4_msgs) StdoutLine: {'line': b'-- Up-to-date symlink: /root/ws_sensor_combined/install/px4_msgs/include/px4_msgs/px4_msgs/msg/detail/estimator_aid_source2d__rosidl_typesupport_introspection_cpp.hpp\n'}
[1.185678] (px4_msgs) StdoutLine: {'line': b'-- Up-to-date symlink: /root/ws_sensor_combined/install/px4_msgs/include/px4_msgs/px4_msgs/msg/detail/estimator_aid_source3d__rosidl_typesupport_introspection_cpp.hpp\n'}
[1.185751] (px4_msgs) StdoutLine: {'line': b'-- Up-to-date symlink: /root/ws_sensor_combined/install/px4_msgs/include/px4_msgs/px4_msgs/msg/detail/estimator_bias3d__rosidl_typesupport_introspection_cpp.hpp\n'}
[1.185824] (px4_msgs) StdoutLine: {'line': b'-- Up-to-date symlink: /root/ws_sensor_combined/install/px4_msgs/include/px4_msgs/px4_msgs/msg/detail/estimator_bias__rosidl_typesupport_introspection_cpp.hpp\n'}
[1.185894] (px4_msgs) StdoutLine: {'line': b'-- Up-to-date symlink: /root/ws_sensor_combined/install/px4_msgs/include/px4_msgs/px4_msgs/msg/detail/estimator_event_flags__rosidl_typesupport_introspection_cpp.hpp\n'}
[1.185975] (px4_msgs) StdoutLine: {'line': b'-- Up-to-date symlink: /root/ws_sensor_combined/install/px4_msgs/include/px4_msgs/px4_msgs/msg/detail/estimator_gps_status__rosidl_typesupport_introspection_cpp.hpp\n'}
[1.186055] (px4_msgs) StdoutLine: {'line': b'-- Up-to-date symlink: /root/ws_sensor_combined/install/px4_msgs/include/px4_msgs/px4_msgs/msg/detail/estimator_innovations__rosidl_typesupport_introspection_cpp.hpp\n'}
[1.186134] (px4_msgs) StdoutLine: {'line': b'-- Up-to-date symlink: /root/ws_sensor_combined/install/px4_msgs/include/px4_msgs/px4_msgs/msg/detail/estimator_selector_status__rosidl_typesupport_introspection_cpp.hpp\n'}
[1.186215] (px4_msgs) StdoutLine: {'line': b'-- Up-to-date symlink: /root/ws_sensor_combined/install/px4_msgs/include/px4_msgs/px4_msgs/msg/detail/estimator_sensor_bias__rosidl_typesupport_introspection_cpp.hpp\n'}
[1.186295] (px4_msgs) StdoutLine: {'line': b'-- Up-to-date symlink: /root/ws_sensor_combined/install/px4_msgs/include/px4_msgs/px4_msgs/msg/detail/estimator_states__rosidl_typesupport_introspection_cpp.hpp\n'}
[1.186375] (px4_msgs) StdoutLine: {'line': b'-- Up-to-date symlink: /root/ws_sensor_combined/install/px4_msgs/include/px4_msgs/px4_msgs/msg/detail/estimator_status__rosidl_typesupport_introspection_cpp.hpp\n'}
[1.186502] (px4_msgs) StdoutLine: {'line': b'-- Up-to-date symlink: /root/ws_sensor_combined/install/px4_msgs/include/px4_msgs/px4_msgs/msg/detail/estimator_status_flags__rosidl_typesupport_introspection_cpp.hpp\n'}
[1.186691] (px4_msgs) StdoutLine: {'line': b'-- Up-to-date symlink: /root/ws_sensor_combined/install/px4_msgs/include/px4_msgs/px4_msgs/msg/detail/event__rosidl_typesupport_introspection_cpp.hpp\n'}
[1.186735] (px4_msgs) StdoutLine: {'line': b'-- Up-to-date symlink: /root/ws_sensor_combined/install/px4_msgs/include/px4_msgs/px4_msgs/msg/detail/failsafe_flags__rosidl_typesupport_introspection_cpp.hpp\n'}
[1.186803] (px4_msgs) StdoutLine: {'line': b'-- Up-to-date symlink: /root/ws_sensor_combined/install/px4_msgs/include/px4_msgs/px4_msgs/msg/detail/failure_detector_status__rosidl_typesupport_introspection_cpp.hpp\n'}
[1.186882] (px4_msgs) StdoutLine: {'line': b'-- Up-to-date symlink: /root/ws_sensor_combined/install/px4_msgs/include/px4_msgs/px4_msgs/msg/detail/figure_eight_status__rosidl_typesupport_introspection_cpp.hpp\n'}
[1.186962] (px4_msgs) StdoutLine: {'line': b'-- Up-to-date symlink: /root/ws_sensor_combined/install/px4_msgs/include/px4_msgs/px4_msgs/msg/detail/fixed_wing_lateral_guidance_status__rosidl_typesupport_introspection_cpp.hpp\n'}
[1.187041] (px4_msgs) StdoutLine: {'line': b'-- Up-to-date symlink: /root/ws_sensor_combined/install/px4_msgs/include/px4_msgs/px4_msgs/msg/detail/fixed_wing_lateral_setpoint__rosidl_typesupport_introspection_cpp.hpp\n'}
[1.187121] (px4_msgs) StdoutLine: {'line': b'-- Up-to-date symlink: /root/ws_sensor_combined/install/px4_msgs/include/px4_msgs/px4_msgs/msg/detail/fixed_wing_lateral_status__rosidl_typesupport_introspection_cpp.hpp\n'}
[1.187190] (px4_msgs) StdoutLine: {'line': b'-- Up-to-date symlink: /root/ws_sensor_combined/install/px4_msgs/include/px4_msgs/px4_msgs/msg/detail/fixed_wing_longitudinal_setpoint__rosidl_typesupport_introspection_cpp.hpp\n'}
[1.187258] (px4_msgs) StdoutLine: {'line': b'-- Up-to-date symlink: /root/ws_sensor_combined/install/px4_msgs/include/px4_msgs/px4_msgs/msg/detail/fixed_wing_runway_control__rosidl_typesupport_introspection_cpp.hpp\n'}
[1.187338] (px4_msgs) StdoutLine: {'line': b'-- Up-to-date symlink: /root/ws_sensor_combined/install/px4_msgs/include/px4_msgs/px4_msgs/msg/detail/flight_phase_estimation__rosidl_typesupport_introspection_cpp.hpp\n'}
[1.187418] (px4_msgs) StdoutLine: {'line': b'-- Up-to-date symlink: /root/ws_sensor_combined/install/px4_msgs/include/px4_msgs/px4_msgs/msg/detail/follow_target__rosidl_typesupport_introspection_cpp.hpp\n'}
[1.187500] (px4_msgs) StdoutLine: {'line': b'-- Up-to-date symlink: /root/ws_sensor_combined/install/px4_msgs/include/px4_msgs/px4_msgs/msg/detail/follow_target_estimator__rosidl_typesupport_introspection_cpp.hpp\n'}
[1.187586] (px4_msgs) StdoutLine: {'line': b'-- Up-to-date symlink: /root/ws_sensor_combined/install/px4_msgs/include/px4_msgs/px4_msgs/msg/detail/follow_target_status__rosidl_typesupport_introspection_cpp.hpp\n'}
[1.187655] (px4_msgs) StdoutLine: {'line': b'-- Up-to-date symlink: /root/ws_sensor_combined/install/px4_msgs/include/px4_msgs/px4_msgs/msg/detail/fuel_tank_status__rosidl_typesupport_introspection_cpp.hpp\n'}
[1.187725] (px4_msgs) StdoutLine: {'line': b'-- Up-to-date symlink: /root/ws_sensor_combined/install/px4_msgs/include/px4_msgs/px4_msgs/msg/detail/generator_status__rosidl_typesupport_introspection_cpp.hpp\n'}
[1.187835] (px4_msgs) StdoutLine: {'line': b'-- Up-to-date symlink: /root/ws_sensor_combined/install/px4_msgs/include/px4_msgs/px4_msgs/msg/detail/geofence_result__rosidl_typesupport_introspection_cpp.hpp\n'}
[1.188022] (px4_msgs) StdoutLine: {'line': b'-- Up-to-date symlink: /root/ws_sensor_combined/install/px4_msgs/include/px4_msgs/px4_msgs/msg/detail/geofence_status__rosidl_typesupport_introspection_cpp.hpp\n'}
[1.188064] (px4_msgs) StdoutLine: {'line': b'-- Up-to-date symlink: /root/ws_sensor_combined/install/px4_msgs/include/px4_msgs/px4_msgs/msg/detail/gimbal_controls__rosidl_typesupport_introspection_cpp.hpp\n'}
[1.188125] (px4_msgs) StdoutLine: {'line': b'-- Up-to-date symlink: /root/ws_sensor_combined/install/px4_msgs/include/px4_msgs/px4_msgs/msg/detail/gimbal_device_attitude_status__rosidl_typesupport_introspection_cpp.hpp\n'}
[1.188193] (px4_msgs) StdoutLine: {'line': b'-- Up-to-date symlink: /root/ws_sensor_combined/install/px4_msgs/include/px4_msgs/px4_msgs/msg/detail/gimbal_device_information__rosidl_typesupport_introspection_cpp.hpp\n'}
[1.188273] (px4_msgs) StdoutLine: {'line': b'-- Up-to-date symlink: /root/ws_sensor_combined/install/px4_msgs/include/px4_msgs/px4_msgs/msg/detail/gimbal_device_set_attitude__rosidl_typesupport_introspection_cpp.hpp\n'}
[1.188353] (px4_msgs) StdoutLine: {'line': b'-- Up-to-date symlink: /root/ws_sensor_combined/install/px4_msgs/include/px4_msgs/px4_msgs/msg/detail/gimbal_manager_information__rosidl_typesupport_introspection_cpp.hpp\n'}
[1.188432] (px4_msgs) StdoutLine: {'line': b'-- Up-to-date symlink: /root/ws_sensor_combined/install/px4_msgs/include/px4_msgs/px4_msgs/msg/detail/gimbal_manager_set_attitude__rosidl_typesupport_introspection_cpp.hpp\n'}
[1.188512] (px4_msgs) StdoutLine: {'line': b'-- Up-to-date symlink: /root/ws_sensor_combined/install/px4_msgs/include/px4_msgs/px4_msgs/msg/detail/gimbal_manager_set_manual_control__rosidl_typesupport_introspection_cpp.hpp\n'}
[1.188599] (px4_msgs) StdoutLine: {'line': b'-- Up-to-date symlink: /root/ws_sensor_combined/install/px4_msgs/include/px4_msgs/px4_msgs/msg/detail/gimbal_manager_status__rosidl_typesupport_introspection_cpp.hpp\n'}
[1.188681] (px4_msgs) StdoutLine: {'line': b'-- Up-to-date symlink: /root/ws_sensor_combined/install/px4_msgs/include/px4_msgs/px4_msgs/msg/detail/goto_setpoint__rosidl_typesupport_introspection_cpp.hpp\n'}
[1.188763] (px4_msgs) StdoutLine: {'line': b'-- Up-to-date symlink: /root/ws_sensor_combined/install/px4_msgs/include/px4_msgs/px4_msgs/msg/detail/gpio_config__rosidl_typesupport_introspection_cpp.hpp\n'}
[1.188832] (px4_msgs) StdoutLine: {'line': b'-- Up-to-date symlink: /root/ws_sensor_combined/install/px4_msgs/include/px4_msgs/px4_msgs/msg/detail/gpio_in__rosidl_typesupport_introspection_cpp.hpp\n'}
[1.188902] (px4_msgs) StdoutLine: {'line': b'-- Up-to-date symlink: /root/ws_sensor_combined/install/px4_msgs/include/px4_msgs/px4_msgs/msg/detail/gpio_out__rosidl_typesupport_introspection_cpp.hpp\n'}
[1.188972] (px4_msgs) StdoutLine: {'line': b'-- Up-to-date symlink: /root/ws_sensor_combined/install/px4_msgs/include/px4_msgs/px4_msgs/msg/detail/gpio_request__rosidl_typesupport_introspection_cpp.hpp\n'}
[1.189052] (px4_msgs) StdoutLine: {'line': b'-- Up-to-date symlink: /root/ws_sensor_combined/install/px4_msgs/include/px4_msgs/px4_msgs/msg/detail/gps_dump__rosidl_typesupport_introspection_cpp.hpp\n'}
[1.189131] (px4_msgs) StdoutLine: {'line': b'-- Up-to-date symlink: /root/ws_sensor_combined/install/px4_msgs/include/px4_msgs/px4_msgs/msg/detail/gps_inject_data__rosidl_typesupport_introspection_cpp.hpp\n'}
[1.189211] (px4_msgs) StdoutLine: {'line': b'-- Up-to-date symlink: /root/ws_sensor_combined/install/px4_msgs/include/px4_msgs/px4_msgs/msg/detail/gripper__rosidl_typesupport_introspection_cpp.hpp\n'}
[1.189291] (px4_msgs) StdoutLine: {'line': b'-- Up-to-date symlink: /root/ws_sensor_combined/install/px4_msgs/include/px4_msgs/px4_msgs/msg/detail/health_report__rosidl_typesupport_introspection_cpp.hpp\n'}
[1.189359] (px4_msgs) StdoutLine: {'line': b'-- Up-to-date symlink: /root/ws_sensor_combined/install/px4_msgs/include/px4_msgs/px4_msgs/msg/detail/heater_status__rosidl_typesupport_introspection_cpp.hpp\n'}
[1.189441] (px4_msgs) StdoutLine: {'line': b'-- Up-to-date symlink: /root/ws_sensor_combined/install/px4_msgs/include/px4_msgs/px4_msgs/msg/detail/home_position__rosidl_typesupport_introspection_cpp.hpp\n'}
[1.189624] (px4_msgs) StdoutLine: {'line': b'-- Up-to-date symlink: /root/ws_sensor_combined/install/px4_msgs/include/px4_msgs/px4_msgs/msg/detail/hover_thrust_estimate__rosidl_typesupport_introspection_cpp.hpp\n'}
[1.189699] (px4_msgs) StdoutLine: {'line': b'-- Up-to-date symlink: /root/ws_sensor_combined/install/px4_msgs/include/px4_msgs/px4_msgs/msg/detail/input_rc__rosidl_typesupport_introspection_cpp.hpp\n'}
[1.189781] (px4_msgs) StdoutLine: {'line': b'-- Up-to-date symlink: /root/ws_sensor_combined/install/px4_msgs/include/px4_msgs/px4_msgs/msg/detail/internal_combustion_engine_control__rosidl_typesupport_introspection_cpp.hpp\n'}
[1.189861] (px4_msgs) StdoutLine: {'line': b'-- Up-to-date symlink: /root/ws_sensor_combined/install/px4_msgs/include/px4_msgs/px4_msgs/msg/detail/internal_combustion_engine_status__rosidl_typesupport_introspection_cpp.hpp\n'}
[1.189941] (px4_msgs) StdoutLine: {'line': b'-- Up-to-date symlink: /root/ws_sensor_combined/install/px4_msgs/include/px4_msgs/px4_msgs/msg/detail/iridiumsbd_status__rosidl_typesupport_introspection_cpp.hpp\n'}
[1.190022] (px4_msgs) StdoutLine: {'line': b'-- Up-to-date symlink: /root/ws_sensor_combined/install/px4_msgs/include/px4_msgs/px4_msgs/msg/detail/irlock_report__rosidl_typesupport_introspection_cpp.hpp\n'}
[1.190102] (px4_msgs) StdoutLine: {'line': b'-- Up-to-date symlink: /root/ws_sensor_combined/install/px4_msgs/include/px4_msgs/px4_msgs/msg/detail/landing_gear__rosidl_typesupport_introspection_cpp.hpp\n'}
[1.190182] (px4_msgs) StdoutLine: {'line': b'-- Up-to-date symlink: /root/ws_sensor_combined/install/px4_msgs/include/px4_msgs/px4_msgs/msg/detail/landing_gear_wheel__rosidl_typesupport_introspection_cpp.hpp\n'}
[1.190261] (px4_msgs) StdoutLine: {'line': b'-- Up-to-date symlink: /root/ws_sensor_combined/install/px4_msgs/include/px4_msgs/px4_msgs/msg/detail/landing_target_innovations__rosidl_typesupport_introspection_cpp.hpp\n'}
[1.190330] (px4_msgs) StdoutLine: {'line': b'-- Up-to-date symlink: /root/ws_sensor_combined/install/px4_msgs/include/px4_msgs/px4_msgs/msg/detail/landing_target_pose__rosidl_typesupport_introspection_cpp.hpp\n'}
[1.190411] (px4_msgs) StdoutLine: {'line': b'-- Up-to-date symlink: /root/ws_sensor_combined/install/px4_msgs/include/px4_msgs/px4_msgs/msg/detail/lateral_control_configuration__rosidl_typesupport_introspection_cpp.hpp\n'}
[1.190480] (px4_msgs) StdoutLine: {'line': b'-- Up-to-date symlink: /root/ws_sensor_combined/install/px4_msgs/include/px4_msgs/px4_msgs/msg/detail/launch_detection_status__rosidl_typesupport_introspection_cpp.hpp\n'}
[1.190549] (px4_msgs) StdoutLine: {'line': b'-- Up-to-date symlink: /root/ws_sensor_combined/install/px4_msgs/include/px4_msgs/px4_msgs/msg/detail/led_control__rosidl_typesupport_introspection_cpp.hpp\n'}
[1.190640] (px4_msgs) StdoutLine: {'line': b'-- Up-to-date symlink: /root/ws_sensor_combined/install/px4_msgs/include/px4_msgs/px4_msgs/msg/detail/log_message__rosidl_typesupport_introspection_cpp.hpp\n'}
[1.190740] (px4_msgs) StdoutLine: {'line': b'-- Up-to-date symlink: /root/ws_sensor_combined/install/px4_msgs/include/px4_msgs/px4_msgs/msg/detail/logger_status__rosidl_typesupport_introspection_cpp.hpp\n'}
[1.190800] (px4_msgs) StdoutLine: {'line': b'-- Up-to-date symlink: /root/ws_sensor_combined/install/px4_msgs/include/px4_msgs/px4_msgs/msg/detail/longitudinal_control_configuration__rosidl_typesupport_introspection_cpp.hpp\n'}
[1.190836] (px4_msgs) StdoutLine: {'line': b'-- Up-to-date symlink: /root/ws_sensor_combined/install/px4_msgs/include/px4_msgs/px4_msgs/msg/detail/mag_worker_data__rosidl_typesupport_introspection_cpp.hpp\n'}
[1.190884] (px4_msgs) StdoutLine: {'line': b'-- Up-to-date symlink: /root/ws_sensor_combined/install/px4_msgs/include/px4_msgs/px4_msgs/msg/detail/magnetometer_bias_estimate__rosidl_typesupport_introspection_cpp.hpp\n'}
[1.190960] (px4_msgs) StdoutLine: {'line': b'-- Up-to-date symlink: /root/ws_sensor_combined/install/px4_msgs/include/px4_msgs/px4_msgs/msg/detail/manual_control_setpoint__rosidl_typesupport_introspection_cpp.hpp\n'}
[1.191045] (px4_msgs) StdoutLine: {'line': b'-- Up-to-date symlink: /root/ws_sensor_combined/install/px4_msgs/include/px4_msgs/px4_msgs/msg/detail/manual_control_switches__rosidl_typesupport_introspection_cpp.hpp\n'}
[1.191126] (px4_msgs) StdoutLine: {'line': b'-- Up-to-date symlink: /root/ws_sensor_combined/install/px4_msgs/include/px4_msgs/px4_msgs/msg/detail/mavlink_log__rosidl_typesupport_introspection_cpp.hpp\n'}
[1.191197] (px4_msgs) StdoutLine: {'line': b'-- Up-to-date symlink: /root/ws_sensor_combined/install/px4_msgs/include/px4_msgs/px4_msgs/msg/detail/mavlink_tunnel__rosidl_typesupport_introspection_cpp.hpp\n'}
[1.191280] (px4_msgs) StdoutLine: {'line': b'-- Up-to-date symlink: /root/ws_sensor_combined/install/px4_msgs/include/px4_msgs/px4_msgs/msg/detail/message_format_request__rosidl_typesupport_introspection_cpp.hpp\n'}
[1.191363] (px4_msgs) StdoutLine: {'line': b'-- Up-to-date symlink: /root/ws_sensor_combined/install/px4_msgs/include/px4_msgs/px4_msgs/msg/detail/message_format_response__rosidl_typesupport_introspection_cpp.hpp\n'}
[1.191617] (px4_msgs) StdoutLine: {'line': b'-- Up-to-date symlink: /root/ws_sensor_combined/install/px4_msgs/include/px4_msgs/px4_msgs/msg/detail/mission__rosidl_typesupport_introspection_cpp.hpp\n'}
[1.191894] (px4_msgs) StdoutLine: {'line': b'-- Up-to-date symlink: /root/ws_sensor_combined/install/px4_msgs/include/px4_msgs/px4_msgs/msg/detail/mission_result__rosidl_typesupport_introspection_cpp.hpp\n'}
[1.192051] (px4_msgs) StdoutLine: {'line': b'-- Up-to-date symlink: /root/ws_sensor_combined/install/px4_msgs/include/px4_msgs/px4_msgs/msg/detail/mode_completed__rosidl_typesupport_introspection_cpp.hpp\n'}
[1.192134] (px4_msgs) StdoutLine: {'line': b'-- Up-to-date symlink: /root/ws_sensor_combined/install/px4_msgs/include/px4_msgs/px4_msgs/msg/detail/mount_orientation__rosidl_typesupport_introspection_cpp.hpp\n'}
[1.192192] (px4_msgs) StdoutLine: {'line': b'-- Up-to-date symlink: /root/ws_sensor_combined/install/px4_msgs/include/px4_msgs/px4_msgs/msg/detail/navigator_mission_item__rosidl_typesupport_introspection_cpp.hpp\n'}
[1.192403] (px4_msgs) StdoutLine: {'line': b'-- Up-to-date symlink: /root/ws_sensor_combined/install/px4_msgs/include/px4_msgs/px4_msgs/msg/detail/navigator_status__rosidl_typesupport_introspection_cpp.hpp\n'}
[1.192457] (px4_msgs) StdoutLine: {'line': b'-- Up-to-date symlink: /root/ws_sensor_combined/install/px4_msgs/include/px4_msgs/px4_msgs/msg/detail/neural_control__rosidl_typesupport_introspection_cpp.hpp\n'}
[1.192551] (px4_msgs) StdoutLine: {'line': b'-- Up-to-date symlink: /root/ws_sensor_combined/install/px4_msgs/include/px4_msgs/px4_msgs/msg/detail/normalized_unsigned_setpoint__rosidl_typesupport_introspection_cpp.hpp\n'}
[1.192602] (px4_msgs) StdoutLine: {'line': b'-- Up-to-date symlink: /root/ws_sensor_combined/install/px4_msgs/include/px4_msgs/px4_msgs/msg/detail/obstacle_distance__rosidl_typesupport_introspection_cpp.hpp\n'}
[1.192677] (px4_msgs) StdoutLine: {'line': b'-- Up-to-date symlink: /root/ws_sensor_combined/install/px4_msgs/include/px4_msgs/px4_msgs/msg/detail/offboard_control_mode__rosidl_typesupport_introspection_cpp.hpp\n'}
[1.192819] (px4_msgs) StdoutLine: {'line': b'-- Up-to-date symlink: /root/ws_sensor_combined/install/px4_msgs/include/px4_msgs/px4_msgs/msg/detail/onboard_computer_status__rosidl_typesupport_introspection_cpp.hpp\n'}
[1.192900] (px4_msgs) StdoutLine: {'line': b'-- Up-to-date symlink: /root/ws_sensor_combined/install/px4_msgs/include/px4_msgs/px4_msgs/msg/detail/open_drone_id_arm_status__rosidl_typesupport_introspection_cpp.hpp\n'}
[1.192980] (px4_msgs) StdoutLine: {'line': b'-- Up-to-date symlink: /root/ws_sensor_combined/install/px4_msgs/include/px4_msgs/px4_msgs/msg/detail/open_drone_id_operator_id__rosidl_typesupport_introspection_cpp.hpp\n'}
[1.193068] (px4_msgs) StdoutLine: {'line': b'-- Up-to-date symlink: /root/ws_sensor_combined/install/px4_msgs/include/px4_msgs/px4_msgs/msg/detail/open_drone_id_self_id__rosidl_typesupport_introspection_cpp.hpp\n'}
[1.193149] (px4_msgs) StdoutLine: {'line': b'-- Up-to-date symlink: /root/ws_sensor_combined/install/px4_msgs/include/px4_msgs/px4_msgs/msg/detail/open_drone_id_system__rosidl_typesupport_introspection_cpp.hpp\n'}
[1.193284] (px4_msgs) StdoutLine: {'line': b'-- Up-to-date symlink: /root/ws_sensor_combined/install/px4_msgs/include/px4_msgs/px4_msgs/msg/detail/orb_test__rosidl_typesupport_introspection_cpp.hpp\n'}
[1.193317] (px4_msgs) StdoutLine: {'line': b'-- Up-to-date symlink: /root/ws_sensor_combined/install/px4_msgs/include/px4_msgs/px4_msgs/msg/detail/orb_test_large__rosidl_typesupport_introspection_cpp.hpp\n'}
[1.193385] (px4_msgs) StdoutLine: {'line': b'-- Up-to-date symlink: /root/ws_sensor_combined/install/px4_msgs/include/px4_msgs/px4_msgs/msg/detail/orb_test_medium__rosidl_typesupport_introspection_cpp.hpp\n'}
[1.193483] (px4_msgs) StdoutLine: {'line': b'-- Up-to-date symlink: /root/ws_sensor_combined/install/px4_msgs/include/px4_msgs/px4_msgs/msg/detail/orbit_status__rosidl_typesupport_introspection_cpp.hpp\n'}
[1.193538] (px4_msgs) StdoutLine: {'line': b'-- Up-to-date symlink: /root/ws_sensor_combined/install/px4_msgs/include/px4_msgs/px4_msgs/msg/detail/parameter_reset_request__rosidl_typesupport_introspection_cpp.hpp\n'}
[1.193724] (px4_msgs) StdoutLine: {'line': b'-- Up-to-date symlink: /root/ws_sensor_combined/install/px4_msgs/include/px4_msgs/px4_msgs/msg/detail/parameter_set_used_request__rosidl_typesupport_introspection_cpp.hpp\n'}
[1.193810] (px4_msgs) StdoutLine: {'line': b'-- Up-to-date symlink: /root/ws_sensor_combined/install/px4_msgs/include/px4_msgs/px4_msgs/msg/detail/parameter_set_value_request__rosidl_typesupport_introspection_cpp.hpp\n'}
[1.193989] (px4_msgs) StdoutLine: {'line': b'-- Up-to-date symlink: /root/ws_sensor_combined/install/px4_msgs/include/px4_msgs/px4_msgs/msg/detail/parameter_set_value_response__rosidl_typesupport_introspection_cpp.hpp\n'}
[1.194087] (px4_msgs) StdoutLine: {'line': b'-- Up-to-date symlink: /root/ws_sensor_combined/install/px4_msgs/include/px4_msgs/px4_msgs/msg/detail/parameter_update__rosidl_typesupport_introspection_cpp.hpp\n'}
[1.194159] (px4_msgs) StdoutLine: {'line': b'-- Up-to-date symlink: /root/ws_sensor_combined/install/px4_msgs/include/px4_msgs/px4_msgs/msg/detail/ping__rosidl_typesupport_introspection_cpp.hpp\n'}
[1.194240] (px4_msgs) StdoutLine: {'line': b'-- Up-to-date symlink: /root/ws_sensor_combined/install/px4_msgs/include/px4_msgs/px4_msgs/msg/detail/position_controller_landing_status__rosidl_typesupport_introspection_cpp.hpp\n'}
[1.194321] (px4_msgs) StdoutLine: {'line': b'-- Up-to-date symlink: /root/ws_sensor_combined/install/px4_msgs/include/px4_msgs/px4_msgs/msg/detail/position_controller_status__rosidl_typesupport_introspection_cpp.hpp\n'}
[1.194401] (px4_msgs) StdoutLine: {'line': b'-- Up-to-date symlink: /root/ws_sensor_combined/install/px4_msgs/include/px4_msgs/px4_msgs/msg/detail/position_setpoint__rosidl_typesupport_introspection_cpp.hpp\n'}
[1.194481] (px4_msgs) StdoutLine: {'line': b'-- Up-to-date symlink: /root/ws_sensor_combined/install/px4_msgs/include/px4_msgs/px4_msgs/msg/detail/position_setpoint_triplet__rosidl_typesupport_introspection_cpp.hpp\n'}
[1.194561] (px4_msgs) StdoutLine: {'line': b'-- Up-to-date symlink: /root/ws_sensor_combined/install/px4_msgs/include/px4_msgs/px4_msgs/msg/detail/power_button_state__rosidl_typesupport_introspection_cpp.hpp\n'}
[1.194641] (px4_msgs) StdoutLine: {'line': b'-- Up-to-date symlink: /root/ws_sensor_combined/install/px4_msgs/include/px4_msgs/px4_msgs/msg/detail/power_monitor__rosidl_typesupport_introspection_cpp.hpp\n'}
[1.194721] (px4_msgs) StdoutLine: {'line': b'-- Up-to-date symlink: /root/ws_sensor_combined/install/px4_msgs/include/px4_msgs/px4_msgs/msg/detail/pps_capture__rosidl_typesupport_introspection_cpp.hpp\n'}
[1.194801] (px4_msgs) StdoutLine: {'line': b'-- Up-to-date symlink: /root/ws_sensor_combined/install/px4_msgs/include/px4_msgs/px4_msgs/msg/detail/pure_pursuit_status__rosidl_typesupport_introspection_cpp.hpp\n'}
[1.194881] (px4_msgs) StdoutLine: {'line': b'-- Up-to-date symlink: /root/ws_sensor_combined/install/px4_msgs/include/px4_msgs/px4_msgs/msg/detail/pwm_input__rosidl_typesupport_introspection_cpp.hpp\n'}
[1.194961] (px4_msgs) StdoutLine: {'line': b'-- Up-to-date symlink: /root/ws_sensor_combined/install/px4_msgs/include/px4_msgs/px4_msgs/msg/detail/px4io_status__rosidl_typesupport_introspection_cpp.hpp\n'}
[1.195125] (px4_msgs) StdoutLine: {'line': b'-- Up-to-date symlink: /root/ws_sensor_combined/install/px4_msgs/include/px4_msgs/px4_msgs/msg/detail/qshell_req__rosidl_typesupport_introspection_cpp.hpp\n'}
[1.195209] (px4_msgs) StdoutLine: {'line': b'-- Up-to-date symlink: /root/ws_sensor_combined/install/px4_msgs/include/px4_msgs/px4_msgs/msg/detail/qshell_retval__rosidl_typesupport_introspection_cpp.hpp\n'}
[1.195277] (px4_msgs) StdoutLine: {'line': b'-- Up-to-date symlink: /root/ws_sensor_combined/install/px4_msgs/include/px4_msgs/px4_msgs/msg/detail/radio_status__rosidl_typesupport_introspection_cpp.hpp\n'}
[1.195356] (px4_msgs) StdoutLine: {'line': b'-- Up-to-date symlink: /root/ws_sensor_combined/install/px4_msgs/include/px4_msgs/px4_msgs/msg/detail/rate_ctrl_status__rosidl_typesupport_introspection_cpp.hpp\n'}
[1.195436] (px4_msgs) StdoutLine: {'line': b'-- Up-to-date symlink: /root/ws_sensor_combined/install/px4_msgs/include/px4_msgs/px4_msgs/msg/detail/rc_channels__rosidl_typesupport_introspection_cpp.hpp\n'}
[1.195519] (px4_msgs) StdoutLine: {'line': b'-- Up-to-date symlink: /root/ws_sensor_combined/install/px4_msgs/include/px4_msgs/px4_msgs/msg/detail/rc_parameter_map__rosidl_typesupport_introspection_cpp.hpp\n'}
[1.195598] (px4_msgs) StdoutLine: {'line': b'-- Up-to-date symlink: /root/ws_sensor_combined/install/px4_msgs/include/px4_msgs/px4_msgs/msg/detail/register_ext_component_reply__rosidl_typesupport_introspection_cpp.hpp\n'}
[1.195678] (px4_msgs) StdoutLine: {'line': b'-- Up-to-date symlink: /root/ws_sensor_combined/install/px4_msgs/include/px4_msgs/px4_msgs/msg/detail/register_ext_component_request__rosidl_typesupport_introspection_cpp.hpp\n'}
[1.195758] (px4_msgs) StdoutLine: {'line': b'-- Up-to-date symlink: /root/ws_sensor_combined/install/px4_msgs/include/px4_msgs/px4_msgs/msg/detail/rover_attitude_setpoint__rosidl_typesupport_introspection_cpp.hpp\n'}
[1.195837] (px4_msgs) StdoutLine: {'line': b'-- Up-to-date symlink: /root/ws_sensor_combined/install/px4_msgs/include/px4_msgs/px4_msgs/msg/detail/rover_attitude_status__rosidl_typesupport_introspection_cpp.hpp\n'}
[1.195915] (px4_msgs) StdoutLine: {'line': b'-- Up-to-date symlink: /root/ws_sensor_combined/install/px4_msgs/include/px4_msgs/px4_msgs/msg/detail/rover_position_setpoint__rosidl_typesupport_introspection_cpp.hpp\n'}
[1.195998] (px4_msgs) StdoutLine: {'line': b'-- Up-to-date symlink: /root/ws_sensor_combined/install/px4_msgs/include/px4_msgs/px4_msgs/msg/detail/rover_rate_setpoint__rosidl_typesupport_introspection_cpp.hpp\n'}
[1.196083] (px4_msgs) StdoutLine: {'line': b'-- Up-to-date symlink: /root/ws_sensor_combined/install/px4_msgs/include/px4_msgs/px4_msgs/msg/detail/rover_rate_status__rosidl_typesupport_introspection_cpp.hpp\n'}
[1.196162] (px4_msgs) StdoutLine: {'line': b'-- Up-to-date symlink: /root/ws_sensor_combined/install/px4_msgs/include/px4_msgs/px4_msgs/msg/detail/rover_steering_setpoint__rosidl_typesupport_introspection_cpp.hpp\n'}
[1.196242] (px4_msgs) StdoutLine: {'line': b'-- Up-to-date symlink: /root/ws_sensor_combined/install/px4_msgs/include/px4_msgs/px4_msgs/msg/detail/rover_throttle_setpoint__rosidl_typesupport_introspection_cpp.hpp\n'}
[1.196321] (px4_msgs) StdoutLine: {'line': b'-- Up-to-date symlink: /root/ws_sensor_combined/install/px4_msgs/include/px4_msgs/px4_msgs/msg/detail/rover_velocity_setpoint__rosidl_typesupport_introspection_cpp.hpp\n'}
[1.196401] (px4_msgs) StdoutLine: {'line': b'-- Up-to-date symlink: /root/ws_sensor_combined/install/px4_msgs/include/px4_msgs/px4_msgs/msg/detail/rover_velocity_status__rosidl_typesupport_introspection_cpp.hpp\n'}
[1.196480] (px4_msgs) StdoutLine: {'line': b'-- Up-to-date symlink: /root/ws_sensor_combined/install/px4_msgs/include/px4_msgs/px4_msgs/msg/detail/rpm__rosidl_typesupport_introspection_cpp.hpp\n'}
[1.196560] (px4_msgs) StdoutLine: {'line': b'-- Up-to-date symlink: /root/ws_sensor_combined/install/px4_msgs/include/px4_msgs/px4_msgs/msg/detail/rtl_status__rosidl_typesupport_introspection_cpp.hpp\n'}
[1.196639] (px4_msgs) StdoutLine: {'line': b'-- Up-to-date symlink: /root/ws_sensor_combined/install/px4_msgs/include/px4_msgs/px4_msgs/msg/detail/rtl_time_estimate__rosidl_typesupport_introspection_cpp.hpp\n'}
[1.196719] (px4_msgs) StdoutLine: {'line': b'-- Up-to-date symlink: /root/ws_sensor_combined/install/px4_msgs/include/px4_msgs/px4_msgs/msg/detail/satellite_info__rosidl_typesupport_introspection_cpp.hpp\n'}
[1.196798] (px4_msgs) StdoutLine: {'line': b'-- Up-to-date symlink: /root/ws_sensor_combined/install/px4_msgs/include/px4_msgs/px4_msgs/msg/detail/sensor_accel__rosidl_typesupport_introspection_cpp.hpp\n'}
[1.196877] (px4_msgs) StdoutLine: {'line': b'-- Up-to-date symlink: /root/ws_sensor_combined/install/px4_msgs/include/px4_msgs/px4_msgs/msg/detail/sensor_accel_fifo__rosidl_typesupport_introspection_cpp.hpp\n'}
[1.196960] (px4_msgs) StdoutLine: {'line': b'-- Up-to-date symlink: /root/ws_sensor_combined/install/px4_msgs/include/px4_msgs/px4_msgs/msg/detail/sensor_airflow__rosidl_typesupport_introspection_cpp.hpp\n'}
[1.196995] (px4_msgs) StdoutLine: {'line': b'-- Up-to-date symlink: /root/ws_sensor_combined/install/px4_msgs/include/px4_msgs/px4_msgs/msg/detail/sensor_baro__rosidl_typesupport_introspection_cpp.hpp\n'}
[1.197110] (px4_msgs) StdoutLine: {'line': b'-- Up-to-date symlink: /root/ws_sensor_combined/install/px4_msgs/include/px4_msgs/px4_msgs/msg/detail/sensor_combined__rosidl_typesupport_introspection_cpp.hpp\n'}
[1.197191] (px4_msgs) StdoutLine: {'line': b'-- Up-to-date symlink: /root/ws_sensor_combined/install/px4_msgs/include/px4_msgs/px4_msgs/msg/detail/sensor_correction__rosidl_typesupport_introspection_cpp.hpp\n'}
[1.197272] (px4_msgs) StdoutLine: {'line': b'-- Up-to-date symlink: /root/ws_sensor_combined/install/px4_msgs/include/px4_msgs/px4_msgs/msg/detail/sensor_gnss_relative__rosidl_typesupport_introspection_cpp.hpp\n'}
[1.197356] (px4_msgs) StdoutLine: {'line': b'-- Up-to-date symlink: /root/ws_sensor_combined/install/px4_msgs/include/px4_msgs/px4_msgs/msg/detail/sensor_gps__rosidl_typesupport_introspection_cpp.hpp\n'}
[1.197409] (px4_msgs) StdoutLine: {'line': b'-- Up-to-date symlink: /root/ws_sensor_combined/install/px4_msgs/include/px4_msgs/px4_msgs/msg/detail/sensor_gyro__rosidl_typesupport_introspection_cpp.hpp\n'}
[1.197760] (px4_msgs) StdoutLine: {'line': b'-- Up-to-date symlink: /root/ws_sensor_combined/install/px4_msgs/include/px4_msgs/px4_msgs/msg/detail/sensor_gyro_fft__rosidl_typesupport_introspection_cpp.hpp\n'}
[1.197863] (px4_msgs) StdoutLine: {'line': b'-- Up-to-date symlink: /root/ws_sensor_combined/install/px4_msgs/include/px4_msgs/px4_msgs/msg/detail/sensor_gyro_fifo__rosidl_typesupport_introspection_cpp.hpp\n'}
[1.197946] (px4_msgs) StdoutLine: {'line': b'-- Up-to-date symlink: /root/ws_sensor_combined/install/px4_msgs/include/px4_msgs/px4_msgs/msg/detail/sensor_hygrometer__rosidl_typesupport_introspection_cpp.hpp\n'}
[1.198007] (px4_msgs) StdoutLine: {'line': b'-- Up-to-date symlink: /root/ws_sensor_combined/install/px4_msgs/include/px4_msgs/px4_msgs/msg/detail/sensor_mag__rosidl_typesupport_introspection_cpp.hpp\n'}
[1.198090] (px4_msgs) StdoutLine: {'line': b'-- Up-to-date symlink: /root/ws_sensor_combined/install/px4_msgs/include/px4_msgs/px4_msgs/msg/detail/sensor_optical_flow__rosidl_typesupport_introspection_cpp.hpp\n'}
[1.198176] (px4_msgs) StdoutLine: {'line': b'-- Up-to-date symlink: /root/ws_sensor_combined/install/px4_msgs/include/px4_msgs/px4_msgs/msg/detail/sensor_preflight_mag__rosidl_typesupport_introspection_cpp.hpp\n'}
[1.198256] (px4_msgs) StdoutLine: {'line': b'-- Up-to-date symlink: /root/ws_sensor_combined/install/px4_msgs/include/px4_msgs/px4_msgs/msg/detail/sensor_selection__rosidl_typesupport_introspection_cpp.hpp\n'}
[1.198326] (px4_msgs) StdoutLine: {'line': b'-- Up-to-date symlink: /root/ws_sensor_combined/install/px4_msgs/include/px4_msgs/px4_msgs/msg/detail/sensor_uwb__rosidl_typesupport_introspection_cpp.hpp\n'}
[1.198407] (px4_msgs) StdoutLine: {'line': b'-- Up-to-date symlink: /root/ws_sensor_combined/install/px4_msgs/include/px4_msgs/px4_msgs/msg/detail/sensors_status__rosidl_typesupport_introspection_cpp.hpp\n'}
[1.198489] (px4_msgs) StdoutLine: {'line': b'-- Up-to-date symlink: /root/ws_sensor_combined/install/px4_msgs/include/px4_msgs/px4_msgs/msg/detail/sensors_status_imu__rosidl_typesupport_introspection_cpp.hpp\n'}
[1.198570] (px4_msgs) StdoutLine: {'line': b'-- Up-to-date symlink: /root/ws_sensor_combined/install/px4_msgs/include/px4_msgs/px4_msgs/msg/detail/system_power__rosidl_typesupport_introspection_cpp.hpp\n'}
[1.198630] (px4_msgs) StdoutLine: {'line': b'-- Up-to-date symlink: /root/ws_sensor_combined/install/px4_msgs/include/px4_msgs/px4_msgs/msg/detail/takeoff_status__rosidl_typesupport_introspection_cpp.hpp\n'}
[1.198712] (px4_msgs) StdoutLine: {'line': b'-- Up-to-date symlink: /root/ws_sensor_combined/install/px4_msgs/include/px4_msgs/px4_msgs/msg/detail/task_stack_info__rosidl_typesupport_introspection_cpp.hpp\n'}
[1.198758] (px4_msgs) StdoutLine: {'line': b'-- Up-to-date symlink: /root/ws_sensor_combined/install/px4_msgs/include/px4_msgs/px4_msgs/msg/detail/tecs_status__rosidl_typesupport_introspection_cpp.hpp\n'}
[1.198798] (px4_msgs) StdoutLine: {'line': b'-- Up-to-date symlink: /root/ws_sensor_combined/install/px4_msgs/include/px4_msgs/px4_msgs/msg/detail/telemetry_status__rosidl_typesupport_introspection_cpp.hpp\n'}
[1.198871] (px4_msgs) StdoutLine: {'line': b'-- Up-to-date symlink: /root/ws_sensor_combined/install/px4_msgs/include/px4_msgs/px4_msgs/msg/detail/tiltrotor_extra_controls__rosidl_typesupport_introspection_cpp.hpp\n'}
[1.199046] (px4_msgs) StdoutLine: {'line': b'-- Up-to-date symlink: /root/ws_sensor_combined/install/px4_msgs/include/px4_msgs/px4_msgs/msg/detail/timesync_status__rosidl_typesupport_introspection_cpp.hpp\n'}
[1.199133] (px4_msgs) StdoutLine: {'line': b'-- Up-to-date symlink: /root/ws_sensor_combined/install/px4_msgs/include/px4_msgs/px4_msgs/msg/detail/trajectory_setpoint6dof__rosidl_typesupport_introspection_cpp.hpp\n'}
[1.199214] (px4_msgs) StdoutLine: {'line': b'-- Up-to-date symlink: /root/ws_sensor_combined/install/px4_msgs/include/px4_msgs/px4_msgs/msg/detail/trajectory_setpoint__rosidl_typesupport_introspection_cpp.hpp\n'}
[1.199295] (px4_msgs) StdoutLine: {'line': b'-- Up-to-date symlink: /root/ws_sensor_combined/install/px4_msgs/include/px4_msgs/px4_msgs/msg/detail/transponder_report__rosidl_typesupport_introspection_cpp.hpp\n'}
[1.199377] (px4_msgs) StdoutLine: {'line': b'-- Up-to-date symlink: /root/ws_sensor_combined/install/px4_msgs/include/px4_msgs/px4_msgs/msg/detail/tune_control__rosidl_typesupport_introspection_cpp.hpp\n'}
[1.199448] (px4_msgs) StdoutLine: {'line': b'-- Up-to-date symlink: /root/ws_sensor_combined/install/px4_msgs/include/px4_msgs/px4_msgs/msg/detail/uavcan_parameter_request__rosidl_typesupport_introspection_cpp.hpp\n'}
[1.199529] (px4_msgs) StdoutLine: {'line': b'-- Up-to-date symlink: /root/ws_sensor_combined/install/px4_msgs/include/px4_msgs/px4_msgs/msg/detail/uavcan_parameter_value__rosidl_typesupport_introspection_cpp.hpp\n'}
[1.199601] (px4_msgs) StdoutLine: {'line': b'-- Up-to-date symlink: /root/ws_sensor_combined/install/px4_msgs/include/px4_msgs/px4_msgs/msg/detail/ulog_stream__rosidl_typesupport_introspection_cpp.hpp\n'}
[1.199683] (px4_msgs) StdoutLine: {'line': b'-- Up-to-date symlink: /root/ws_sensor_combined/install/px4_msgs/include/px4_msgs/px4_msgs/msg/detail/ulog_stream_ack__rosidl_typesupport_introspection_cpp.hpp\n'}
[1.199765] (px4_msgs) StdoutLine: {'line': b'-- Up-to-date symlink: /root/ws_sensor_combined/install/px4_msgs/include/px4_msgs/px4_msgs/msg/detail/unregister_ext_component__rosidl_typesupport_introspection_cpp.hpp\n'}
[1.199853] (px4_msgs) StdoutLine: {'line': b'-- Up-to-date symlink: /root/ws_sensor_combined/install/px4_msgs/include/px4_msgs/px4_msgs/msg/detail/vehicle_acceleration__rosidl_typesupport_introspection_cpp.hpp\n'}
[1.199934] (px4_msgs) StdoutLine: {'line': b'-- Up-to-date symlink: /root/ws_sensor_combined/install/px4_msgs/include/px4_msgs/px4_msgs/msg/detail/vehicle_air_data__rosidl_typesupport_introspection_cpp.hpp\n'}
[1.200072] (px4_msgs) StdoutLine: {'line': b'-- Up-to-date symlink: /root/ws_sensor_combined/install/px4_msgs/include/px4_msgs/px4_msgs/msg/detail/vehicle_angular_acceleration_setpoint__rosidl_typesupport_introspection_cpp.hpp\n'}
[1.200137] (px4_msgs) StdoutLine: {'line': b'-- Up-to-date symlink: /root/ws_sensor_combined/install/px4_msgs/include/px4_msgs/px4_msgs/msg/detail/vehicle_angular_velocity__rosidl_typesupport_introspection_cpp.hpp\n'}
[1.200216] (px4_msgs) StdoutLine: {'line': b'-- Up-to-date symlink: /root/ws_sensor_combined/install/px4_msgs/include/px4_msgs/px4_msgs/msg/detail/vehicle_attitude__rosidl_typesupport_introspection_cpp.hpp\n'}
[1.200371] (px4_msgs) StdoutLine: {'line': b'-- Up-to-date symlink: /root/ws_sensor_combined/install/px4_msgs/include/px4_msgs/px4_msgs/msg/detail/vehicle_attitude_setpoint__rosidl_typesupport_introspection_cpp.hpp\n'}
[1.200452] (px4_msgs) StdoutLine: {'line': b'-- Up-to-date symlink: /root/ws_sensor_combined/install/px4_msgs/include/px4_msgs/px4_msgs/msg/detail/vehicle_command__rosidl_typesupport_introspection_cpp.hpp\n'}
[1.200532] (px4_msgs) StdoutLine: {'line': b'-- Up-to-date symlink: /root/ws_sensor_combined/install/px4_msgs/include/px4_msgs/px4_msgs/msg/detail/vehicle_command_ack__rosidl_typesupport_introspection_cpp.hpp\n'}
[1.200611] (px4_msgs) StdoutLine: {'line': b'-- Up-to-date symlink: /root/ws_sensor_combined/install/px4_msgs/include/px4_msgs/px4_msgs/msg/detail/vehicle_constraints__rosidl_typesupport_introspection_cpp.hpp\n'}
[1.200689] (px4_msgs) StdoutLine: {'line': b'-- Up-to-date symlink: /root/ws_sensor_combined/install/px4_msgs/include/px4_msgs/px4_msgs/msg/detail/vehicle_control_mode__rosidl_typesupport_introspection_cpp.hpp\n'}
[1.200768] (px4_msgs) StdoutLine: {'line': b'-- Up-to-date symlink: /root/ws_sensor_combined/install/px4_msgs/include/px4_msgs/px4_msgs/msg/detail/vehicle_global_position__rosidl_typesupport_introspection_cpp.hpp\n'}
[1.200847] (px4_msgs) StdoutLine: {'line': b'-- Up-to-date symlink: /root/ws_sensor_combined/install/px4_msgs/include/px4_msgs/px4_msgs/msg/detail/vehicle_imu__rosidl_typesupport_introspection_cpp.hpp\n'}
[1.200926] (px4_msgs) StdoutLine: {'line': b'-- Up-to-date symlink: /root/ws_sensor_combined/install/px4_msgs/include/px4_msgs/px4_msgs/msg/detail/vehicle_imu_status__rosidl_typesupport_introspection_cpp.hpp\n'}
[1.201004] (px4_msgs) StdoutLine: {'line': b'-- Up-to-date symlink: /root/ws_sensor_combined/install/px4_msgs/include/px4_msgs/px4_msgs/msg/detail/vehicle_land_detected__rosidl_typesupport_introspection_cpp.hpp\n'}
[1.201084] (px4_msgs) StdoutLine: {'line': b'-- Up-to-date symlink: /root/ws_sensor_combined/install/px4_msgs/include/px4_msgs/px4_msgs/msg/detail/vehicle_local_position__rosidl_typesupport_introspection_cpp.hpp\n'}
[1.201162] (px4_msgs) StdoutLine: {'line': b'-- Up-to-date symlink: /root/ws_sensor_combined/install/px4_msgs/include/px4_msgs/px4_msgs/msg/detail/vehicle_local_position_setpoint__rosidl_typesupport_introspection_cpp.hpp\n'}
[1.201241] (px4_msgs) StdoutLine: {'line': b'-- Up-to-date symlink: /root/ws_sensor_combined/install/px4_msgs/include/px4_msgs/px4_msgs/msg/detail/vehicle_magnetometer__rosidl_typesupport_introspection_cpp.hpp\n'}
[1.201321] (px4_msgs) StdoutLine: {'line': b'-- Up-to-date symlink: /root/ws_sensor_combined/install/px4_msgs/include/px4_msgs/px4_msgs/msg/detail/vehicle_odometry__rosidl_typesupport_introspection_cpp.hpp\n'}
[1.201445] (px4_msgs) StdoutLine: {'line': b'-- Up-to-date symlink: /root/ws_sensor_combined/install/px4_msgs/include/px4_msgs/px4_msgs/msg/detail/vehicle_optical_flow__rosidl_typesupport_introspection_cpp.hpp\n'}
[1.201504] (px4_msgs) StdoutLine: {'line': b'-- Up-to-date symlink: /root/ws_sensor_combined/install/px4_msgs/include/px4_msgs/px4_msgs/msg/detail/vehicle_optical_flow_vel__rosidl_typesupport_introspection_cpp.hpp\n'}
[1.201533] (px4_msgs) StdoutLine: {'line': b'-- Up-to-date symlink: /root/ws_sensor_combined/install/px4_msgs/include/px4_msgs/px4_msgs/msg/detail/vehicle_rates_setpoint__rosidl_typesupport_introspection_cpp.hpp\n'}
[1.201557] (px4_msgs) StdoutLine: {'line': b'-- Up-to-date symlink: /root/ws_sensor_combined/install/px4_msgs/include/px4_msgs/px4_msgs/msg/detail/vehicle_roi__rosidl_typesupport_introspection_cpp.hpp\n'}
[1.201586] (px4_msgs) StdoutLine: {'line': b'-- Up-to-date symlink: /root/ws_sensor_combined/install/px4_msgs/include/px4_msgs/px4_msgs/msg/detail/vehicle_status__rosidl_typesupport_introspection_cpp.hpp\n'}
[1.201610] (px4_msgs) StdoutLine: {'line': b'-- Up-to-date symlink: /root/ws_sensor_combined/install/px4_msgs/include/px4_msgs/px4_msgs/msg/detail/vehicle_thrust_setpoint__rosidl_typesupport_introspection_cpp.hpp\n'}
[1.201633] (px4_msgs) StdoutLine: {'line': b'-- Up-to-date symlink: /root/ws_sensor_combined/install/px4_msgs/include/px4_msgs/px4_msgs/msg/detail/vehicle_torque_setpoint__rosidl_typesupport_introspection_cpp.hpp\n'}
[1.201673] (px4_msgs) StdoutLine: {'line': b'-- Up-to-date symlink: /root/ws_sensor_combined/install/px4_msgs/include/px4_msgs/px4_msgs/msg/detail/velocity_limits__rosidl_typesupport_introspection_cpp.hpp\n'}
[1.201707] (px4_msgs) StdoutLine: {'line': b'-- Up-to-date symlink: /root/ws_sensor_combined/install/px4_msgs/include/px4_msgs/px4_msgs/msg/detail/vtol_vehicle_status__rosidl_typesupport_introspection_cpp.hpp\n'}
[1.201735] (px4_msgs) StdoutLine: {'line': b'-- Up-to-date symlink: /root/ws_sensor_combined/install/px4_msgs/include/px4_msgs/px4_msgs/msg/detail/wheel_encoders__rosidl_typesupport_introspection_cpp.hpp\n'}
[1.201759] (px4_msgs) StdoutLine: {'line': b'-- Up-to-date symlink: /root/ws_sensor_combined/install/px4_msgs/include/px4_msgs/px4_msgs/msg/detail/wind__rosidl_typesupport_introspection_cpp.hpp\n'}
[1.201783] (px4_msgs) StdoutLine: {'line': b'-- Up-to-date symlink: /root/ws_sensor_combined/install/px4_msgs/include/px4_msgs/px4_msgs/msg/detail/yaw_estimator_status__rosidl_typesupport_introspection_cpp.hpp\n'}
[1.201806] (px4_msgs) StdoutLine: {'line': b'-- Up-to-date symlink: /root/ws_sensor_combined/install/px4_msgs/include/px4_msgs/px4_msgs/srv/detail/vehicle_command__rosidl_typesupport_introspection_cpp.hpp\n'}
[1.201828] (px4_msgs) StdoutLine: {'line': b'-- Up-to-date symlink: /root/ws_sensor_combined/install/px4_msgs/share/px4_msgs/environment/pythonpath.sh\n'}
[1.201851] (px4_msgs) StdoutLine: {'line': b'-- Up-to-date symlink: /root/ws_sensor_combined/install/px4_msgs/share/px4_msgs/environment/pythonpath.dsv\n'}
[1.201873] (px4_msgs) StdoutLine: {'line': b'-- Up-to-date symlink: /root/ws_sensor_combined/install/px4_msgs/local/lib/python3.10/dist-packages/px4_msgs-2.0.1-py3.10.egg-info/PKG-INFO\n'}
[1.201897] (px4_msgs) StdoutLine: {'line': b'-- Up-to-date symlink: /root/ws_sensor_combined/install/px4_msgs/local/lib/python3.10/dist-packages/px4_msgs-2.0.1-py3.10.egg-info/SOURCES.txt\n'}
[1.201919] (px4_msgs) StdoutLine: {'line': b'-- Up-to-date symlink: /root/ws_sensor_combined/install/px4_msgs/local/lib/python3.10/dist-packages/px4_msgs-2.0.1-py3.10.egg-info/dependency_links.txt\n'}
[1.201941] (px4_msgs) StdoutLine: {'line': b'-- Up-to-date symlink: /root/ws_sensor_combined/install/px4_msgs/local/lib/python3.10/dist-packages/px4_msgs-2.0.1-py3.10.egg-info/top_level.txt\n'}
[1.202787] (-) TimerEvent: {}
[1.203944] (px4_msgs) StdoutLine: {'line': b'-- Up-to-date symlink: /root/ws_sensor_combined/install/px4_msgs/local/lib/python3.10/dist-packages/px4_msgs/__init__.py\n'}
[1.204169] (px4_msgs) StdoutLine: {'line': b'-- Up-to-date symlink: /root/ws_sensor_combined/install/px4_msgs/local/lib/python3.10/dist-packages/px4_msgs/_px4_msgs_s.ep.rosidl_typesupport_c.c\n'}
[1.204358] (px4_msgs) StdoutLine: {'line': b'-- Up-to-date symlink: /root/ws_sensor_combined/install/px4_msgs/local/lib/python3.10/dist-packages/px4_msgs/_px4_msgs_s.ep.rosidl_typesupport_fastrtps_c.c\n'}
[1.204577] (px4_msgs) StdoutLine: {'line': b'-- Up-to-date symlink: /root/ws_sensor_combined/install/px4_msgs/local/lib/python3.10/dist-packages/px4_msgs/_px4_msgs_s.ep.rosidl_typesupport_introspection_c.c\n'}
[1.204757] (px4_msgs) StdoutLine: {'line': b'-- Up-to-date symlink: /root/ws_sensor_combined/install/px4_msgs/local/lib/python3.10/dist-packages/px4_msgs/libpx4_msgs__rosidl_generator_py.so\n'}
[1.205273] (px4_msgs) StdoutLine: {'line': b'-- Up-to-date symlink: /root/ws_sensor_combined/install/px4_msgs/local/lib/python3.10/dist-packages/px4_msgs/msg/__init__.py\n'}
[1.205472] (px4_msgs) StdoutLine: {'line': b'-- Up-to-date symlink: /root/ws_sensor_combined/install/px4_msgs/local/lib/python3.10/dist-packages/px4_msgs/msg/_action_request.py\n'}
[1.205863] (px4_msgs) StdoutLine: {'line': b'-- Up-to-date symlink: /root/ws_sensor_combined/install/px4_msgs/local/lib/python3.10/dist-packages/px4_msgs/msg/_action_request_s.c\n'}
[1.206386] (px4_msgs) StdoutLine: {'line': b'-- Up-to-date symlink: /root/ws_sensor_combined/install/px4_msgs/local/lib/python3.10/dist-packages/px4_msgs/msg/_actuator_armed.py\n'}
[1.206695] (px4_msgs) StdoutLine: {'line': b'-- Up-to-date symlink: /root/ws_sensor_combined/install/px4_msgs/local/lib/python3.10/dist-packages/px4_msgs/msg/_actuator_armed_s.c\n'}
[1.206990] (px4_msgs) StdoutLine: {'line': b'-- Up-to-date symlink: /root/ws_sensor_combined/install/px4_msgs/local/lib/python3.10/dist-packages/px4_msgs/msg/_actuator_controls_status.py\n'}
[1.207304] (px4_msgs) StdoutLine: {'line': b'-- Up-to-date symlink: /root/ws_sensor_combined/install/px4_msgs/local/lib/python3.10/dist-packages/px4_msgs/msg/_actuator_controls_status_s.c\n'}
[1.207599] (px4_msgs) StdoutLine: {'line': b'-- Up-to-date symlink: /root/ws_sensor_combined/install/px4_msgs/local/lib/python3.10/dist-packages/px4_msgs/msg/_actuator_motors.py\n'}
[1.207983] (px4_msgs) StdoutLine: {'line': b'-- Up-to-date symlink: /root/ws_sensor_combined/install/px4_msgs/local/lib/python3.10/dist-packages/px4_msgs/msg/_actuator_motors_s.c\n'}
[1.208213] (px4_msgs) StdoutLine: {'line': b'-- Up-to-date symlink: /root/ws_sensor_combined/install/px4_msgs/local/lib/python3.10/dist-packages/px4_msgs/msg/_actuator_outputs.py\n'}
[1.208528] (px4_msgs) StdoutLine: {'line': b'-- Up-to-date symlink: /root/ws_sensor_combined/install/px4_msgs/local/lib/python3.10/dist-packages/px4_msgs/msg/_actuator_outputs_s.c\n'}
[1.208706] (px4_msgs) StdoutLine: {'line': b'-- Up-to-date symlink: /root/ws_sensor_combined/install/px4_msgs/local/lib/python3.10/dist-packages/px4_msgs/msg/_actuator_servos.py\n'}
[1.208894] (px4_msgs) StdoutLine: {'line': b'-- Up-to-date symlink: /root/ws_sensor_combined/install/px4_msgs/local/lib/python3.10/dist-packages/px4_msgs/msg/_actuator_servos_s.c\n'}
[1.209163] (px4_msgs) StdoutLine: {'line': b'-- Up-to-date symlink: /root/ws_sensor_combined/install/px4_msgs/local/lib/python3.10/dist-packages/px4_msgs/msg/_actuator_servos_trim.py\n'}
[1.209369] (px4_msgs) StdoutLine: {'line': b'-- Up-to-date symlink: /root/ws_sensor_combined/install/px4_msgs/local/lib/python3.10/dist-packages/px4_msgs/msg/_actuator_servos_trim_s.c\n'}
[1.209663] (px4_msgs) StdoutLine: {'line': b'-- Up-to-date symlink: /root/ws_sensor_combined/install/px4_msgs/local/lib/python3.10/dist-packages/px4_msgs/msg/_actuator_test.py\n'}
[1.210060] (px4_msgs) StdoutLine: {'line': b'-- Up-to-date symlink: /root/ws_sensor_combined/install/px4_msgs/local/lib/python3.10/dist-packages/px4_msgs/msg/_actuator_test_s.c\n'}
[1.210427] (px4_msgs) StdoutLine: {'line': b'-- Up-to-date symlink: /root/ws_sensor_combined/install/px4_msgs/local/lib/python3.10/dist-packages/px4_msgs/msg/_adc_report.py\n'}
[1.210630] (px4_msgs) StdoutLine: {'line': b'-- Up-to-date symlink: /root/ws_sensor_combined/install/px4_msgs/local/lib/python3.10/dist-packages/px4_msgs/msg/_adc_report_s.c\n'}
[1.211209] (px4_msgs) StdoutLine: {'line': b'-- Up-to-date symlink: /root/ws_sensor_combined/install/px4_msgs/local/lib/python3.10/dist-packages/px4_msgs/msg/_airspeed.py\n'}
[1.211368] (px4_msgs) StdoutLine: {'line': b'-- Up-to-date symlink: /root/ws_sensor_combined/install/px4_msgs/local/lib/python3.10/dist-packages/px4_msgs/msg/_airspeed_s.c\n'}
[1.211632] (px4_msgs) StdoutLine: {'line': b'-- Up-to-date symlink: /root/ws_sensor_combined/install/px4_msgs/local/lib/python3.10/dist-packages/px4_msgs/msg/_airspeed_validated.py\n'}
[1.211827] (px4_msgs) StdoutLine: {'line': b'-- Up-to-date symlink: /root/ws_sensor_combined/install/px4_msgs/local/lib/python3.10/dist-packages/px4_msgs/msg/_airspeed_validated_s.c\n'}
[1.212034] (px4_msgs) StdoutLine: {'line': b'-- Up-to-date symlink: /root/ws_sensor_combined/install/px4_msgs/local/lib/python3.10/dist-packages/px4_msgs/msg/_airspeed_wind.py\n'}
[1.212213] (px4_msgs) StdoutLine: {'line': b'-- Up-to-date symlink: /root/ws_sensor_combined/install/px4_msgs/local/lib/python3.10/dist-packages/px4_msgs/msg/_airspeed_wind_s.c\n'}
[1.212397] (px4_msgs) StdoutLine: {'line': b'-- Up-to-date symlink: /root/ws_sensor_combined/install/px4_msgs/local/lib/python3.10/dist-packages/px4_msgs/msg/_arming_check_reply.py\n'}
[1.212587] (px4_msgs) StdoutLine: {'line': b'-- Up-to-date symlink: /root/ws_sensor_combined/install/px4_msgs/local/lib/python3.10/dist-packages/px4_msgs/msg/_arming_check_reply_s.c\n'}
[1.212783] (px4_msgs) StdoutLine: {'line': b'-- Up-to-date symlink: /root/ws_sensor_combined/install/px4_msgs/local/lib/python3.10/dist-packages/px4_msgs/msg/_arming_check_request.py\n'}
[1.212967] (px4_msgs) StdoutLine: {'line': b'-- Up-to-date symlink: /root/ws_sensor_combined/install/px4_msgs/local/lib/python3.10/dist-packages/px4_msgs/msg/_arming_check_request_s.c\n'}
[1.213162] (px4_msgs) StdoutLine: {'line': b'-- Up-to-date symlink: /root/ws_sensor_combined/install/px4_msgs/local/lib/python3.10/dist-packages/px4_msgs/msg/_autotune_attitude_control_status.py\n'}
[1.213334] (px4_msgs) StdoutLine: {'line': b'-- Up-to-date symlink: /root/ws_sensor_combined/install/px4_msgs/local/lib/python3.10/dist-packages/px4_msgs/msg/_autotune_attitude_control_status_s.c\n'}
[1.213520] (px4_msgs) StdoutLine: {'line': b'-- Up-to-date symlink: /root/ws_sensor_combined/install/px4_msgs/local/lib/python3.10/dist-packages/px4_msgs/msg/_battery_info.py\n'}
[1.213711] (px4_msgs) StdoutLine: {'line': b'-- Up-to-date symlink: /root/ws_sensor_combined/install/px4_msgs/local/lib/python3.10/dist-packages/px4_msgs/msg/_battery_info_s.c\n'}
[1.213942] (px4_msgs) StdoutLine: {'line': b'-- Up-to-date symlink: /root/ws_sensor_combined/install/px4_msgs/local/lib/python3.10/dist-packages/px4_msgs/msg/_battery_status.py\n'}
[1.214138] (px4_msgs) StdoutLine: {'line': b'-- Up-to-date symlink: /root/ws_sensor_combined/install/px4_msgs/local/lib/python3.10/dist-packages/px4_msgs/msg/_battery_status_s.c\n'}
[1.214322] (px4_msgs) StdoutLine: {'line': b'-- Up-to-date symlink: /root/ws_sensor_combined/install/px4_msgs/local/lib/python3.10/dist-packages/px4_msgs/msg/_button_event.py\n'}
[1.214496] (px4_msgs) StdoutLine: {'line': b'-- Up-to-date symlink: /root/ws_sensor_combined/install/px4_msgs/local/lib/python3.10/dist-packages/px4_msgs/msg/_button_event_s.c\n'}
[1.214687] (px4_msgs) StdoutLine: {'line': b'-- Up-to-date symlink: /root/ws_sensor_combined/install/px4_msgs/local/lib/python3.10/dist-packages/px4_msgs/msg/_camera_capture.py\n'}
[1.214887] (px4_msgs) StdoutLine: {'line': b'-- Up-to-date symlink: /root/ws_sensor_combined/install/px4_msgs/local/lib/python3.10/dist-packages/px4_msgs/msg/_camera_capture_s.c\n'}
[1.215067] (px4_msgs) StdoutLine: {'line': b'-- Up-to-date symlink: /root/ws_sensor_combined/install/px4_msgs/local/lib/python3.10/dist-packages/px4_msgs/msg/_camera_status.py\n'}
[1.215323] (px4_msgs) StdoutLine: {'line': b'-- Up-to-date symlink: /root/ws_sensor_combined/install/px4_msgs/local/lib/python3.10/dist-packages/px4_msgs/msg/_camera_status_s.c\n'}
[1.215577] (px4_msgs) StdoutLine: {'line': b'-- Up-to-date symlink: /root/ws_sensor_combined/install/px4_msgs/local/lib/python3.10/dist-packages/px4_msgs/msg/_camera_trigger.py\n'}
[1.215769] (px4_msgs) StdoutLine: {'line': b'-- Up-to-date symlink: /root/ws_sensor_combined/install/px4_msgs/local/lib/python3.10/dist-packages/px4_msgs/msg/_camera_trigger_s.c\n'}
[1.215916] (px4_msgs) StdoutLine: {'line': b'-- Up-to-date symlink: /root/ws_sensor_combined/install/px4_msgs/local/lib/python3.10/dist-packages/px4_msgs/msg/_can_interface_status.py\n'}
[1.216102] (px4_msgs) StdoutLine: {'line': b'-- Up-to-date symlink: /root/ws_sensor_combined/install/px4_msgs/local/lib/python3.10/dist-packages/px4_msgs/msg/_can_interface_status_s.c\n'}
[1.216368] (px4_msgs) StdoutLine: {'line': b'-- Up-to-date symlink: /root/ws_sensor_combined/install/px4_msgs/local/lib/python3.10/dist-packages/px4_msgs/msg/_cellular_status.py\n'}
[1.216585] (px4_msgs) StdoutLine: {'line': b'-- Up-to-date symlink: /root/ws_sensor_combined/install/px4_msgs/local/lib/python3.10/dist-packages/px4_msgs/msg/_cellular_status_s.c\n'}
[1.216767] (px4_msgs) StdoutLine: {'line': b'-- Up-to-date symlink: /root/ws_sensor_combined/install/px4_msgs/local/lib/python3.10/dist-packages/px4_msgs/msg/_collision_constraints.py\n'}
[1.216906] (px4_msgs) StdoutLine: {'line': b'-- Up-to-date symlink: /root/ws_sensor_combined/install/px4_msgs/local/lib/python3.10/dist-packages/px4_msgs/msg/_collision_constraints_s.c\n'}
[1.217069] (px4_msgs) StdoutLine: {'line': b'-- Up-to-date symlink: /root/ws_sensor_combined/install/px4_msgs/local/lib/python3.10/dist-packages/px4_msgs/msg/_config_overrides.py\n'}
[1.217293] (px4_msgs) StdoutLine: {'line': b'-- Up-to-date symlink: /root/ws_sensor_combined/install/px4_msgs/local/lib/python3.10/dist-packages/px4_msgs/msg/_config_overrides_s.c\n'}
[1.217448] (px4_msgs) StdoutLine: {'line': b'-- Up-to-date symlink: /root/ws_sensor_combined/install/px4_msgs/local/lib/python3.10/dist-packages/px4_msgs/msg/_control_allocator_status.py\n'}
[1.217612] (px4_msgs) StdoutLine: {'line': b'-- Up-to-date symlink: /root/ws_sensor_combined/install/px4_msgs/local/lib/python3.10/dist-packages/px4_msgs/msg/_control_allocator_status_s.c\n'}
[1.217746] (px4_msgs) StdoutLine: {'line': b'-- Up-to-date symlink: /root/ws_sensor_combined/install/px4_msgs/local/lib/python3.10/dist-packages/px4_msgs/msg/_cpuload.py\n'}
[1.217978] (px4_msgs) StdoutLine: {'line': b'-- Up-to-date symlink: /root/ws_sensor_combined/install/px4_msgs/local/lib/python3.10/dist-packages/px4_msgs/msg/_cpuload_s.c\n'}
[1.218213] (px4_msgs) StdoutLine: {'line': b'-- Up-to-date symlink: /root/ws_sensor_combined/install/px4_msgs/local/lib/python3.10/dist-packages/px4_msgs/msg/_dataman_request.py\n'}
[1.218369] (px4_msgs) StdoutLine: {'line': b'-- Up-to-date symlink: /root/ws_sensor_combined/install/px4_msgs/local/lib/python3.10/dist-packages/px4_msgs/msg/_dataman_request_s.c\n'}
[1.218503] (px4_msgs) StdoutLine: {'line': b'-- Up-to-date symlink: /root/ws_sensor_combined/install/px4_msgs/local/lib/python3.10/dist-packages/px4_msgs/msg/_dataman_response.py\n'}
[1.218681] (px4_msgs) StdoutLine: {'line': b'-- Up-to-date symlink: /root/ws_sensor_combined/install/px4_msgs/local/lib/python3.10/dist-packages/px4_msgs/msg/_dataman_response_s.c\n'}
[1.218883] (px4_msgs) StdoutLine: {'line': b'-- Up-to-date symlink: /root/ws_sensor_combined/install/px4_msgs/local/lib/python3.10/dist-packages/px4_msgs/msg/_debug_array.py\n'}
[1.219146] (px4_msgs) StdoutLine: {'line': b'-- Up-to-date symlink: /root/ws_sensor_combined/install/px4_msgs/local/lib/python3.10/dist-packages/px4_msgs/msg/_debug_array_s.c\n'}
[1.219348] (px4_msgs) StdoutLine: {'line': b'-- Up-to-date symlink: /root/ws_sensor_combined/install/px4_msgs/local/lib/python3.10/dist-packages/px4_msgs/msg/_debug_key_value.py\n'}
[1.219538] (px4_msgs) StdoutLine: {'line': b'-- Up-to-date symlink: /root/ws_sensor_combined/install/px4_msgs/local/lib/python3.10/dist-packages/px4_msgs/msg/_debug_key_value_s.c\n'}
[1.219715] (px4_msgs) StdoutLine: {'line': b'-- Up-to-date symlink: /root/ws_sensor_combined/install/px4_msgs/local/lib/python3.10/dist-packages/px4_msgs/msg/_debug_value.py\n'}
[1.219888] (px4_msgs) StdoutLine: {'line': b'-- Up-to-date symlink: /root/ws_sensor_combined/install/px4_msgs/local/lib/python3.10/dist-packages/px4_msgs/msg/_debug_value_s.c\n'}
[1.220062] (px4_msgs) StdoutLine: {'line': b'-- Up-to-date symlink: /root/ws_sensor_combined/install/px4_msgs/local/lib/python3.10/dist-packages/px4_msgs/msg/_debug_vect.py\n'}
[1.220235] (px4_msgs) StdoutLine: {'line': b'-- Up-to-date symlink: /root/ws_sensor_combined/install/px4_msgs/local/lib/python3.10/dist-packages/px4_msgs/msg/_debug_vect_s.c\n'}
[1.220416] (px4_msgs) StdoutLine: {'line': b'-- Up-to-date symlink: /root/ws_sensor_combined/install/px4_msgs/local/lib/python3.10/dist-packages/px4_msgs/msg/_differential_pressure.py\n'}
[1.220600] (px4_msgs) StdoutLine: {'line': b'-- Up-to-date symlink: /root/ws_sensor_combined/install/px4_msgs/local/lib/python3.10/dist-packages/px4_msgs/msg/_differential_pressure_s.c\n'}
[1.220835] (px4_msgs) StdoutLine: {'line': b'-- Up-to-date symlink: /root/ws_sensor_combined/install/px4_msgs/local/lib/python3.10/dist-packages/px4_msgs/msg/_distance_sensor.py\n'}
[1.221355] (px4_msgs) StdoutLine: {'line': b'-- Up-to-date symlink: /root/ws_sensor_combined/install/px4_msgs/local/lib/python3.10/dist-packages/px4_msgs/msg/_distance_sensor_mode_change_request.py\n'}
[1.221415] (px4_msgs) StdoutLine: {'line': b'-- Up-to-date symlink: /root/ws_sensor_combined/install/px4_msgs/local/lib/python3.10/dist-packages/px4_msgs/msg/_distance_sensor_mode_change_request_s.c\n'}
[1.221613] (px4_msgs) StdoutLine: {'line': b'-- Up-to-date symlink: /root/ws_sensor_combined/install/px4_msgs/local/lib/python3.10/dist-packages/px4_msgs/msg/_distance_sensor_s.c\n'}
[1.221849] (px4_msgs) StdoutLine: {'line': b'-- Up-to-date symlink: /root/ws_sensor_combined/install/px4_msgs/local/lib/python3.10/dist-packages/px4_msgs/msg/_dronecan_node_status.py\n'}
[1.222078] (px4_msgs) StdoutLine: {'line': b'-- Up-to-date symlink: /root/ws_sensor_combined/install/px4_msgs/local/lib/python3.10/dist-packages/px4_msgs/msg/_dronecan_node_status_s.c\n'}
[1.222319] (px4_msgs) StdoutLine: {'line': b'-- Up-to-date symlink: /root/ws_sensor_combined/install/px4_msgs/local/lib/python3.10/dist-packages/px4_msgs/msg/_ekf2_timestamps.py\n'}
[1.222490] (px4_msgs) StdoutLine: {'line': b'-- Up-to-date symlink: /root/ws_sensor_combined/install/px4_msgs/local/lib/python3.10/dist-packages/px4_msgs/msg/_ekf2_timestamps_s.c\n'}
[1.222685] (px4_msgs) StdoutLine: {'line': b'-- Up-to-date symlink: /root/ws_sensor_combined/install/px4_msgs/local/lib/python3.10/dist-packages/px4_msgs/msg/_esc_report.py\n'}
[1.222903] (px4_msgs) StdoutLine: {'line': b'-- Up-to-date symlink: /root/ws_sensor_combined/install/px4_msgs/local/lib/python3.10/dist-packages/px4_msgs/msg/_esc_report_s.c\n'}
[1.223075] (px4_msgs) StdoutLine: {'line': b'-- Up-to-date symlink: /root/ws_sensor_combined/install/px4_msgs/local/lib/python3.10/dist-packages/px4_msgs/msg/_esc_status.py\n'}
[1.223209] (px4_msgs) StdoutLine: {'line': b'-- Up-to-date symlink: /root/ws_sensor_combined/install/px4_msgs/local/lib/python3.10/dist-packages/px4_msgs/msg/_esc_status_s.c\n'}
[1.223396] (px4_msgs) StdoutLine: {'line': b'-- Up-to-date symlink: /root/ws_sensor_combined/install/px4_msgs/local/lib/python3.10/dist-packages/px4_msgs/msg/_estimator_aid_source1d.py\n'}
[1.223662] (px4_msgs) StdoutLine: {'line': b'-- Up-to-date symlink: /root/ws_sensor_combined/install/px4_msgs/local/lib/python3.10/dist-packages/px4_msgs/msg/_estimator_aid_source1d_s.c\n'}
[1.223888] (px4_msgs) StdoutLine: {'line': b'-- Up-to-date symlink: /root/ws_sensor_combined/install/px4_msgs/local/lib/python3.10/dist-packages/px4_msgs/msg/_estimator_aid_source2d.py\n'}
[1.224049] (px4_msgs) StdoutLine: {'line': b'-- Up-to-date symlink: /root/ws_sensor_combined/install/px4_msgs/local/lib/python3.10/dist-packages/px4_msgs/msg/_estimator_aid_source2d_s.c\n'}
[1.224276] (px4_msgs) StdoutLine: {'line': b'-- Up-to-date symlink: /root/ws_sensor_combined/install/px4_msgs/local/lib/python3.10/dist-packages/px4_msgs/msg/_estimator_aid_source3d.py\n'}
[1.224482] (px4_msgs) StdoutLine: {'line': b'-- Up-to-date symlink: /root/ws_sensor_combined/install/px4_msgs/local/lib/python3.10/dist-packages/px4_msgs/msg/_estimator_aid_source3d_s.c\n'}
[1.224636] (px4_msgs) StdoutLine: {'line': b'-- Up-to-date symlink: /root/ws_sensor_combined/install/px4_msgs/local/lib/python3.10/dist-packages/px4_msgs/msg/_estimator_bias.py\n'}
[1.224773] (px4_msgs) StdoutLine: {'line': b'-- Up-to-date symlink: /root/ws_sensor_combined/install/px4_msgs/local/lib/python3.10/dist-packages/px4_msgs/msg/_estimator_bias3d.py\n'}
[1.224900] (px4_msgs) StdoutLine: {'line': b'-- Up-to-date symlink: /root/ws_sensor_combined/install/px4_msgs/local/lib/python3.10/dist-packages/px4_msgs/msg/_estimator_bias3d_s.c\n'}
[1.225077] (px4_msgs) StdoutLine: {'line': b'-- Up-to-date symlink: /root/ws_sensor_combined/install/px4_msgs/local/lib/python3.10/dist-packages/px4_msgs/msg/_estimator_bias_s.c\n'}
[1.225291] (px4_msgs) StdoutLine: {'line': b'-- Up-to-date symlink: /root/ws_sensor_combined/install/px4_msgs/local/lib/python3.10/dist-packages/px4_msgs/msg/_estimator_event_flags.py\n'}
[1.225487] (px4_msgs) StdoutLine: {'line': b'-- Up-to-date symlink: /root/ws_sensor_combined/install/px4_msgs/local/lib/python3.10/dist-packages/px4_msgs/msg/_estimator_event_flags_s.c\n'}
[1.225680] (px4_msgs) StdoutLine: {'line': b'-- Up-to-date symlink: /root/ws_sensor_combined/install/px4_msgs/local/lib/python3.10/dist-packages/px4_msgs/msg/_estimator_gps_status.py\n'}
[1.225864] (px4_msgs) StdoutLine: {'line': b'-- Up-to-date symlink: /root/ws_sensor_combined/install/px4_msgs/local/lib/python3.10/dist-packages/px4_msgs/msg/_estimator_gps_status_s.c\n'}
[1.226053] (px4_msgs) StdoutLine: {'line': b'-- Up-to-date symlink: /root/ws_sensor_combined/install/px4_msgs/local/lib/python3.10/dist-packages/px4_msgs/msg/_estimator_innovations.py\n'}
[1.226158] (px4_msgs) StdoutLine: {'line': b'-- Up-to-date symlink: /root/ws_sensor_combined/install/px4_msgs/local/lib/python3.10/dist-packages/px4_msgs/msg/_estimator_innovations_s.c\n'}
[1.226292] (px4_msgs) StdoutLine: {'line': b'-- Up-to-date symlink: /root/ws_sensor_combined/install/px4_msgs/local/lib/python3.10/dist-packages/px4_msgs/msg/_estimator_selector_status.py\n'}
[1.226423] (px4_msgs) StdoutLine: {'line': b'-- Up-to-date symlink: /root/ws_sensor_combined/install/px4_msgs/local/lib/python3.10/dist-packages/px4_msgs/msg/_estimator_selector_status_s.c\n'}
[1.226589] (px4_msgs) StdoutLine: {'line': b'-- Up-to-date symlink: /root/ws_sensor_combined/install/px4_msgs/local/lib/python3.10/dist-packages/px4_msgs/msg/_estimator_sensor_bias.py\n'}
[1.226762] (px4_msgs) StdoutLine: {'line': b'-- Up-to-date symlink: /root/ws_sensor_combined/install/px4_msgs/local/lib/python3.10/dist-packages/px4_msgs/msg/_estimator_sensor_bias_s.c\n'}
[1.226958] (px4_msgs) StdoutLine: {'line': b'-- Up-to-date symlink: /root/ws_sensor_combined/install/px4_msgs/local/lib/python3.10/dist-packages/px4_msgs/msg/_estimator_states.py\n'}
[1.227263] (px4_msgs) StdoutLine: {'line': b'-- Up-to-date symlink: /root/ws_sensor_combined/install/px4_msgs/local/lib/python3.10/dist-packages/px4_msgs/msg/_estimator_states_s.c\n'}
[1.227398] (px4_msgs) StdoutLine: {'line': b'-- Up-to-date symlink: /root/ws_sensor_combined/install/px4_msgs/local/lib/python3.10/dist-packages/px4_msgs/msg/_estimator_status.py\n'}
[1.227565] (px4_msgs) StdoutLine: {'line': b'-- Up-to-date symlink: /root/ws_sensor_combined/install/px4_msgs/local/lib/python3.10/dist-packages/px4_msgs/msg/_estimator_status_flags.py\n'}
[1.227828] (px4_msgs) StdoutLine: {'line': b'-- Up-to-date symlink: /root/ws_sensor_combined/install/px4_msgs/local/lib/python3.10/dist-packages/px4_msgs/msg/_estimator_status_flags_s.c\n'}
[1.228048] (px4_msgs) StdoutLine: {'line': b'-- Up-to-date symlink: /root/ws_sensor_combined/install/px4_msgs/local/lib/python3.10/dist-packages/px4_msgs/msg/_estimator_status_s.c\n'}
[1.228343] (px4_msgs) StdoutLine: {'line': b'-- Up-to-date symlink: /root/ws_sensor_combined/install/px4_msgs/local/lib/python3.10/dist-packages/px4_msgs/msg/_event.py\n'}
[1.228566] (px4_msgs) StdoutLine: {'line': b'-- Up-to-date symlink: /root/ws_sensor_combined/install/px4_msgs/local/lib/python3.10/dist-packages/px4_msgs/msg/_event_s.c\n'}
[1.228756] (px4_msgs) StdoutLine: {'line': b'-- Up-to-date symlink: /root/ws_sensor_combined/install/px4_msgs/local/lib/python3.10/dist-packages/px4_msgs/msg/_failsafe_flags.py\n'}
[1.228973] (px4_msgs) StdoutLine: {'line': b'-- Up-to-date symlink: /root/ws_sensor_combined/install/px4_msgs/local/lib/python3.10/dist-packages/px4_msgs/msg/_failsafe_flags_s.c\n'}
[1.229190] (px4_msgs) StdoutLine: {'line': b'-- Up-to-date symlink: /root/ws_sensor_combined/install/px4_msgs/local/lib/python3.10/dist-packages/px4_msgs/msg/_failure_detector_status.py\n'}
[1.229435] (px4_msgs) StdoutLine: {'line': b'-- Up-to-date symlink: /root/ws_sensor_combined/install/px4_msgs/local/lib/python3.10/dist-packages/px4_msgs/msg/_failure_detector_status_s.c\n'}
[1.229754] (px4_msgs) StdoutLine: {'line': b'-- Up-to-date symlink: /root/ws_sensor_combined/install/px4_msgs/local/lib/python3.10/dist-packages/px4_msgs/msg/_figure_eight_status.py\n'}
[1.230163] (px4_msgs) StdoutLine: {'line': b'-- Up-to-date symlink: /root/ws_sensor_combined/install/px4_msgs/local/lib/python3.10/dist-packages/px4_msgs/msg/_figure_eight_status_s.c\n'}
[1.230276] (px4_msgs) StdoutLine: {'line': b'-- Up-to-date symlink: /root/ws_sensor_combined/install/px4_msgs/local/lib/python3.10/dist-packages/px4_msgs/msg/_fixed_wing_lateral_guidance_status.py\n'}
[1.230445] (px4_msgs) StdoutLine: {'line': b'-- Up-to-date symlink: /root/ws_sensor_combined/install/px4_msgs/local/lib/python3.10/dist-packages/px4_msgs/msg/_fixed_wing_lateral_guidance_status_s.c\n'}
[1.230620] (px4_msgs) StdoutLine: {'line': b'-- Up-to-date symlink: /root/ws_sensor_combined/install/px4_msgs/local/lib/python3.10/dist-packages/px4_msgs/msg/_fixed_wing_lateral_setpoint.py\n'}
[1.230818] (px4_msgs) StdoutLine: {'line': b'-- Up-to-date symlink: /root/ws_sensor_combined/install/px4_msgs/local/lib/python3.10/dist-packages/px4_msgs/msg/_fixed_wing_lateral_setpoint_s.c\n'}
[1.231024] (px4_msgs) StdoutLine: {'line': b'-- Up-to-date symlink: /root/ws_sensor_combined/install/px4_msgs/local/lib/python3.10/dist-packages/px4_msgs/msg/_fixed_wing_lateral_status.py\n'}
[1.231224] (px4_msgs) StdoutLine: {'line': b'-- Up-to-date symlink: /root/ws_sensor_combined/install/px4_msgs/local/lib/python3.10/dist-packages/px4_msgs/msg/_fixed_wing_lateral_status_s.c\n'}
[1.231458] (px4_msgs) StdoutLine: {'line': b'-- Up-to-date symlink: /root/ws_sensor_combined/install/px4_msgs/local/lib/python3.10/dist-packages/px4_msgs/msg/_fixed_wing_longitudinal_setpoint.py\n'}
[1.231630] (px4_msgs) StdoutLine: {'line': b'-- Up-to-date symlink: /root/ws_sensor_combined/install/px4_msgs/local/lib/python3.10/dist-packages/px4_msgs/msg/_fixed_wing_longitudinal_setpoint_s.c\n'}
[1.231760] (px4_msgs) StdoutLine: {'line': b'-- Up-to-date symlink: /root/ws_sensor_combined/install/px4_msgs/local/lib/python3.10/dist-packages/px4_msgs/msg/_fixed_wing_runway_control.py\n'}
[1.231972] (px4_msgs) StdoutLine: {'line': b'-- Up-to-date symlink: /root/ws_sensor_combined/install/px4_msgs/local/lib/python3.10/dist-packages/px4_msgs/msg/_fixed_wing_runway_control_s.c\n'}
[1.232165] (px4_msgs) StdoutLine: {'line': b'-- Up-to-date symlink: /root/ws_sensor_combined/install/px4_msgs/local/lib/python3.10/dist-packages/px4_msgs/msg/_flight_phase_estimation.py\n'}
[1.232361] (px4_msgs) StdoutLine: {'line': b'-- Up-to-date symlink: /root/ws_sensor_combined/install/px4_msgs/local/lib/python3.10/dist-packages/px4_msgs/msg/_flight_phase_estimation_s.c\n'}
[1.232579] (px4_msgs) StdoutLine: {'line': b'-- Up-to-date symlink: /root/ws_sensor_combined/install/px4_msgs/local/lib/python3.10/dist-packages/px4_msgs/msg/_follow_target.py\n'}
[1.232774] (px4_msgs) StdoutLine: {'line': b'-- Up-to-date symlink: /root/ws_sensor_combined/install/px4_msgs/local/lib/python3.10/dist-packages/px4_msgs/msg/_follow_target_estimator.py\n'}
[1.233004] (px4_msgs) StdoutLine: {'line': b'-- Up-to-date symlink: /root/ws_sensor_combined/install/px4_msgs/local/lib/python3.10/dist-packages/px4_msgs/msg/_follow_target_estimator_s.c\n'}
[1.233206] (px4_msgs) StdoutLine: {'line': b'-- Up-to-date symlink: /root/ws_sensor_combined/install/px4_msgs/local/lib/python3.10/dist-packages/px4_msgs/msg/_follow_target_s.c\n'}
[1.233541] (px4_msgs) StdoutLine: {'line': b'-- Up-to-date symlink: /root/ws_sensor_combined/install/px4_msgs/local/lib/python3.10/dist-packages/px4_msgs/msg/_follow_target_status.py\n'}
[1.233738] (px4_msgs) StdoutLine: {'line': b'-- Up-to-date symlink: /root/ws_sensor_combined/install/px4_msgs/local/lib/python3.10/dist-packages/px4_msgs/msg/_follow_target_status_s.c\n'}
[1.233863] (px4_msgs) StdoutLine: {'line': b'-- Up-to-date symlink: /root/ws_sensor_combined/install/px4_msgs/local/lib/python3.10/dist-packages/px4_msgs/msg/_fuel_tank_status.py\n'}
[1.234075] (px4_msgs) StdoutLine: {'line': b'-- Up-to-date symlink: /root/ws_sensor_combined/install/px4_msgs/local/lib/python3.10/dist-packages/px4_msgs/msg/_fuel_tank_status_s.c\n'}
[1.234360] (px4_msgs) StdoutLine: {'line': b'-- Up-to-date symlink: /root/ws_sensor_combined/install/px4_msgs/local/lib/python3.10/dist-packages/px4_msgs/msg/_generator_status.py\n'}
[1.234631] (px4_msgs) StdoutLine: {'line': b'-- Up-to-date symlink: /root/ws_sensor_combined/install/px4_msgs/local/lib/python3.10/dist-packages/px4_msgs/msg/_generator_status_s.c\n'}
[1.234777] (px4_msgs) StdoutLine: {'line': b'-- Up-to-date symlink: /root/ws_sensor_combined/install/px4_msgs/local/lib/python3.10/dist-packages/px4_msgs/msg/_geofence_result.py\n'}
[1.235013] (px4_msgs) StdoutLine: {'line': b'-- Up-to-date symlink: /root/ws_sensor_combined/install/px4_msgs/local/lib/python3.10/dist-packages/px4_msgs/msg/_geofence_result_s.c\n'}
[1.235211] (px4_msgs) StdoutLine: {'line': b'-- Up-to-date symlink: /root/ws_sensor_combined/install/px4_msgs/local/lib/python3.10/dist-packages/px4_msgs/msg/_geofence_status.py\n'}
[1.235365] (px4_msgs) StdoutLine: {'line': b'-- Up-to-date symlink: /root/ws_sensor_combined/install/px4_msgs/local/lib/python3.10/dist-packages/px4_msgs/msg/_geofence_status_s.c\n'}
[1.235574] (px4_msgs) StdoutLine: {'line': b'-- Up-to-date symlink: /root/ws_sensor_combined/install/px4_msgs/local/lib/python3.10/dist-packages/px4_msgs/msg/_gimbal_controls.py\n'}
[1.235760] (px4_msgs) StdoutLine: {'line': b'-- Up-to-date symlink: /root/ws_sensor_combined/install/px4_msgs/local/lib/python3.10/dist-packages/px4_msgs/msg/_gimbal_controls_s.c\n'}
[1.235939] (px4_msgs) StdoutLine: {'line': b'-- Up-to-date symlink: /root/ws_sensor_combined/install/px4_msgs/local/lib/python3.10/dist-packages/px4_msgs/msg/_gimbal_device_attitude_status.py\n'}
[1.236183] (px4_msgs) StdoutLine: {'line': b'-- Up-to-date symlink: /root/ws_sensor_combined/install/px4_msgs/local/lib/python3.10/dist-packages/px4_msgs/msg/_gimbal_device_attitude_status_s.c\n'}
[1.236358] (px4_msgs) StdoutLine: {'line': b'-- Up-to-date symlink: /root/ws_sensor_combined/install/px4_msgs/local/lib/python3.10/dist-packages/px4_msgs/msg/_gimbal_device_information.py\n'}
[1.236586] (px4_msgs) StdoutLine: {'line': b'-- Up-to-date symlink: /root/ws_sensor_combined/install/px4_msgs/local/lib/python3.10/dist-packages/px4_msgs/msg/_gimbal_device_information_s.c\n'}
[1.236745] (px4_msgs) StdoutLine: {'line': b'-- Up-to-date symlink: /root/ws_sensor_combined/install/px4_msgs/local/lib/python3.10/dist-packages/px4_msgs/msg/_gimbal_device_set_attitude.py\n'}
[1.236966] (px4_msgs) StdoutLine: {'line': b'-- Up-to-date symlink: /root/ws_sensor_combined/install/px4_msgs/local/lib/python3.10/dist-packages/px4_msgs/msg/_gimbal_device_set_attitude_s.c\n'}
[1.237283] (px4_msgs) StdoutLine: {'line': b'-- Up-to-date symlink: /root/ws_sensor_combined/install/px4_msgs/local/lib/python3.10/dist-packages/px4_msgs/msg/_gimbal_manager_information.py\n'}
[1.237510] (px4_msgs) StdoutLine: {'line': b'-- Up-to-date symlink: /root/ws_sensor_combined/install/px4_msgs/local/lib/python3.10/dist-packages/px4_msgs/msg/_gimbal_manager_information_s.c\n'}
[1.237732] (px4_msgs) StdoutLine: {'line': b'-- Up-to-date symlink: /root/ws_sensor_combined/install/px4_msgs/local/lib/python3.10/dist-packages/px4_msgs/msg/_gimbal_manager_set_attitude.py\n'}
[1.237930] (px4_msgs) StdoutLine: {'line': b'-- Up-to-date symlink: /root/ws_sensor_combined/install/px4_msgs/local/lib/python3.10/dist-packages/px4_msgs/msg/_gimbal_manager_set_attitude_s.c\n'}
[1.238074] (px4_msgs) StdoutLine: {'line': b'-- Up-to-date symlink: /root/ws_sensor_combined/install/px4_msgs/local/lib/python3.10/dist-packages/px4_msgs/msg/_gimbal_manager_set_manual_control.py\n'}
[1.238207] (px4_msgs) StdoutLine: {'line': b'-- Up-to-date symlink: /root/ws_sensor_combined/install/px4_msgs/local/lib/python3.10/dist-packages/px4_msgs/msg/_gimbal_manager_set_manual_control_s.c\n'}
[1.238337] (px4_msgs) StdoutLine: {'line': b'-- Up-to-date symlink: /root/ws_sensor_combined/install/px4_msgs/local/lib/python3.10/dist-packages/px4_msgs/msg/_gimbal_manager_status.py\n'}
[1.238466] (px4_msgs) StdoutLine: {'line': b'-- Up-to-date symlink: /root/ws_sensor_combined/install/px4_msgs/local/lib/python3.10/dist-packages/px4_msgs/msg/_gimbal_manager_status_s.c\n'}
[1.238592] (px4_msgs) StdoutLine: {'line': b'-- Up-to-date symlink: /root/ws_sensor_combined/install/px4_msgs/local/lib/python3.10/dist-packages/px4_msgs/msg/_goto_setpoint.py\n'}
[1.238722] (px4_msgs) StdoutLine: {'line': b'-- Up-to-date symlink: /root/ws_sensor_combined/install/px4_msgs/local/lib/python3.10/dist-packages/px4_msgs/msg/_goto_setpoint_s.c\n'}
[1.238965] (px4_msgs) StdoutLine: {'line': b'-- Up-to-date symlink: /root/ws_sensor_combined/install/px4_msgs/local/lib/python3.10/dist-packages/px4_msgs/msg/_gpio_config.py\n'}
[1.239121] (px4_msgs) StdoutLine: {'line': b'-- Up-to-date symlink: /root/ws_sensor_combined/install/px4_msgs/local/lib/python3.10/dist-packages/px4_msgs/msg/_gpio_config_s.c\n'}
[1.239273] (px4_msgs) StdoutLine: {'line': b'-- Up-to-date symlink: /root/ws_sensor_combined/install/px4_msgs/local/lib/python3.10/dist-packages/px4_msgs/msg/_gpio_in.py\n'}
[1.239579] (px4_msgs) StdoutLine: {'line': b'-- Up-to-date symlink: /root/ws_sensor_combined/install/px4_msgs/local/lib/python3.10/dist-packages/px4_msgs/msg/_gpio_in_s.c\n'}
[1.239726] (px4_msgs) StdoutLine: {'line': b'-- Up-to-date symlink: /root/ws_sensor_combined/install/px4_msgs/local/lib/python3.10/dist-packages/px4_msgs/msg/_gpio_out.py\n'}
[1.239965] (px4_msgs) StdoutLine: {'line': b'-- Up-to-date symlink: /root/ws_sensor_combined/install/px4_msgs/local/lib/python3.10/dist-packages/px4_msgs/msg/_gpio_out_s.c\n'}
[1.240207] (px4_msgs) StdoutLine: {'line': b'-- Up-to-date symlink: /root/ws_sensor_combined/install/px4_msgs/local/lib/python3.10/dist-packages/px4_msgs/msg/_gpio_request.py\n'}
[1.240358] (px4_msgs) StdoutLine: {'line': b'-- Up-to-date symlink: /root/ws_sensor_combined/install/px4_msgs/local/lib/python3.10/dist-packages/px4_msgs/msg/_gpio_request_s.c\n'}
[1.240575] (px4_msgs) StdoutLine: {'line': b'-- Up-to-date symlink: /root/ws_sensor_combined/install/px4_msgs/local/lib/python3.10/dist-packages/px4_msgs/msg/_gps_dump.py\n'}
[1.240754] (px4_msgs) StdoutLine: {'line': b'-- Up-to-date symlink: /root/ws_sensor_combined/install/px4_msgs/local/lib/python3.10/dist-packages/px4_msgs/msg/_gps_dump_s.c\n'}
[1.240927] (px4_msgs) StdoutLine: {'line': b'-- Up-to-date symlink: /root/ws_sensor_combined/install/px4_msgs/local/lib/python3.10/dist-packages/px4_msgs/msg/_gps_inject_data.py\n'}
[1.241124] (px4_msgs) StdoutLine: {'line': b'-- Up-to-date symlink: /root/ws_sensor_combined/install/px4_msgs/local/lib/python3.10/dist-packages/px4_msgs/msg/_gps_inject_data_s.c\n'}
[1.241337] (px4_msgs) StdoutLine: {'line': b'-- Up-to-date symlink: /root/ws_sensor_combined/install/px4_msgs/local/lib/python3.10/dist-packages/px4_msgs/msg/_gripper.py\n'}
[1.241544] (px4_msgs) StdoutLine: {'line': b'-- Up-to-date symlink: /root/ws_sensor_combined/install/px4_msgs/local/lib/python3.10/dist-packages/px4_msgs/msg/_gripper_s.c\n'}
[1.241703] (px4_msgs) StdoutLine: {'line': b'-- Up-to-date symlink: /root/ws_sensor_combined/install/px4_msgs/local/lib/python3.10/dist-packages/px4_msgs/msg/_health_report.py\n'}
[1.241835] (px4_msgs) StdoutLine: {'line': b'-- Up-to-date symlink: /root/ws_sensor_combined/install/px4_msgs/local/lib/python3.10/dist-packages/px4_msgs/msg/_health_report_s.c\n'}
[1.241998] (px4_msgs) StdoutLine: {'line': b'-- Up-to-date symlink: /root/ws_sensor_combined/install/px4_msgs/local/lib/python3.10/dist-packages/px4_msgs/msg/_heater_status.py\n'}
[1.242208] (px4_msgs) StdoutLine: {'line': b'-- Up-to-date symlink: /root/ws_sensor_combined/install/px4_msgs/local/lib/python3.10/dist-packages/px4_msgs/msg/_heater_status_s.c\n'}
[1.242391] (px4_msgs) StdoutLine: {'line': b'-- Up-to-date symlink: /root/ws_sensor_combined/install/px4_msgs/local/lib/python3.10/dist-packages/px4_msgs/msg/_home_position.py\n'}
[1.242598] (px4_msgs) StdoutLine: {'line': b'-- Up-to-date symlink: /root/ws_sensor_combined/install/px4_msgs/local/lib/python3.10/dist-packages/px4_msgs/msg/_home_position_s.c\n'}
[1.242767] (px4_msgs) StdoutLine: {'line': b'-- Up-to-date symlink: /root/ws_sensor_combined/install/px4_msgs/local/lib/python3.10/dist-packages/px4_msgs/msg/_hover_thrust_estimate.py\n'}
[1.243052] (px4_msgs) StdoutLine: {'line': b'-- Up-to-date symlink: /root/ws_sensor_combined/install/px4_msgs/local/lib/python3.10/dist-packages/px4_msgs/msg/_hover_thrust_estimate_s.c\n'}
[1.243187] (px4_msgs) StdoutLine: {'line': b'-- Up-to-date symlink: /root/ws_sensor_combined/install/px4_msgs/local/lib/python3.10/dist-packages/px4_msgs/msg/_input_rc.py\n'}
[1.243360] (px4_msgs) StdoutLine: {'line': b'-- Up-to-date symlink: /root/ws_sensor_combined/install/px4_msgs/local/lib/python3.10/dist-packages/px4_msgs/msg/_input_rc_s.c\n'}
[1.243578] (px4_msgs) StdoutLine: {'line': b'-- Up-to-date symlink: /root/ws_sensor_combined/install/px4_msgs/local/lib/python3.10/dist-packages/px4_msgs/msg/_internal_combustion_engine_control.py\n'}
[1.243750] (px4_msgs) StdoutLine: {'line': b'-- Up-to-date symlink: /root/ws_sensor_combined/install/px4_msgs/local/lib/python3.10/dist-packages/px4_msgs/msg/_internal_combustion_engine_control_s.c\n'}
[1.244103] (px4_msgs) StdoutLine: {'line': b'-- Up-to-date symlink: /root/ws_sensor_combined/install/px4_msgs/local/lib/python3.10/dist-packages/px4_msgs/msg/_internal_combustion_engine_status.py\n'}
[1.244200] (px4_msgs) StdoutLine: {'line': b'-- Up-to-date symlink: /root/ws_sensor_combined/install/px4_msgs/local/lib/python3.10/dist-packages/px4_msgs/msg/_internal_combustion_engine_status_s.c\n'}
[1.244387] (px4_msgs) StdoutLine: {'line': b'-- Up-to-date symlink: /root/ws_sensor_combined/install/px4_msgs/local/lib/python3.10/dist-packages/px4_msgs/msg/_iridiumsbd_status.py\n'}
[1.244552] (px4_msgs) StdoutLine: {'line': b'-- Up-to-date symlink: /root/ws_sensor_combined/install/px4_msgs/local/lib/python3.10/dist-packages/px4_msgs/msg/_iridiumsbd_status_s.c\n'}
[1.244756] (px4_msgs) StdoutLine: {'line': b'-- Up-to-date symlink: /root/ws_sensor_combined/install/px4_msgs/local/lib/python3.10/dist-packages/px4_msgs/msg/_irlock_report.py\n'}
[1.244996] (px4_msgs) StdoutLine: {'line': b'-- Up-to-date symlink: /root/ws_sensor_combined/install/px4_msgs/local/lib/python3.10/dist-packages/px4_msgs/msg/_irlock_report_s.c\n'}
[1.245156] (px4_msgs) StdoutLine: {'line': b'-- Up-to-date symlink: /root/ws_sensor_combined/install/px4_msgs/local/lib/python3.10/dist-packages/px4_msgs/msg/_landing_gear.py\n'}
[1.245293] (px4_msgs) StdoutLine: {'line': b'-- Up-to-date symlink: /root/ws_sensor_combined/install/px4_msgs/local/lib/python3.10/dist-packages/px4_msgs/msg/_landing_gear_s.c\n'}
[1.245727] (px4_msgs) StdoutLine: {'line': b'-- Up-to-date symlink: /root/ws_sensor_combined/install/px4_msgs/local/lib/python3.10/dist-packages/px4_msgs/msg/_landing_gear_wheel.py\n'}
[1.246004] (px4_msgs) StdoutLine: {'line': b'-- Up-to-date symlink: /root/ws_sensor_combined/install/px4_msgs/local/lib/python3.10/dist-packages/px4_msgs/msg/_landing_gear_wheel_s.c\n'}
[1.246227] (px4_msgs) StdoutLine: {'line': b'-- Up-to-date symlink: /root/ws_sensor_combined/install/px4_msgs/local/lib/python3.10/dist-packages/px4_msgs/msg/_landing_target_innovations.py\n'}
[1.246435] (px4_msgs) StdoutLine: {'line': b'-- Up-to-date symlink: /root/ws_sensor_combined/install/px4_msgs/local/lib/python3.10/dist-packages/px4_msgs/msg/_landing_target_innovations_s.c\n'}
[1.246615] (px4_msgs) StdoutLine: {'line': b'-- Up-to-date symlink: /root/ws_sensor_combined/install/px4_msgs/local/lib/python3.10/dist-packages/px4_msgs/msg/_landing_target_pose.py\n'}
[1.246781] (px4_msgs) StdoutLine: {'line': b'-- Up-to-date symlink: /root/ws_sensor_combined/install/px4_msgs/local/lib/python3.10/dist-packages/px4_msgs/msg/_landing_target_pose_s.c\n'}
[1.246974] (px4_msgs) StdoutLine: {'line': b'-- Up-to-date symlink: /root/ws_sensor_combined/install/px4_msgs/local/lib/python3.10/dist-packages/px4_msgs/msg/_lateral_control_configuration.py\n'}
[1.247099] (px4_msgs) StdoutLine: {'line': b'-- Up-to-date symlink: /root/ws_sensor_combined/install/px4_msgs/local/lib/python3.10/dist-packages/px4_msgs/msg/_lateral_control_configuration_s.c\n'}
[1.247272] (px4_msgs) StdoutLine: {'line': b'-- Up-to-date symlink: /root/ws_sensor_combined/install/px4_msgs/local/lib/python3.10/dist-packages/px4_msgs/msg/_launch_detection_status.py\n'}
[1.247395] (px4_msgs) StdoutLine: {'line': b'-- Up-to-date symlink: /root/ws_sensor_combined/install/px4_msgs/local/lib/python3.10/dist-packages/px4_msgs/msg/_launch_detection_status_s.c\n'}
[1.247570] (px4_msgs) StdoutLine: {'line': b'-- Up-to-date symlink: /root/ws_sensor_combined/install/px4_msgs/local/lib/python3.10/dist-packages/px4_msgs/msg/_led_control.py\n'}
[1.247758] (px4_msgs) StdoutLine: {'line': b'-- Up-to-date symlink: /root/ws_sensor_combined/install/px4_msgs/local/lib/python3.10/dist-packages/px4_msgs/msg/_led_control_s.c\n'}
[1.247946] (px4_msgs) StdoutLine: {'line': b'-- Up-to-date symlink: /root/ws_sensor_combined/install/px4_msgs/local/lib/python3.10/dist-packages/px4_msgs/msg/_log_message.py\n'}
[1.248146] (px4_msgs) StdoutLine: {'line': b'-- Up-to-date symlink: /root/ws_sensor_combined/install/px4_msgs/local/lib/python3.10/dist-packages/px4_msgs/msg/_log_message_s.c\n'}
[1.248323] (px4_msgs) StdoutLine: {'line': b'-- Up-to-date symlink: /root/ws_sensor_combined/install/px4_msgs/local/lib/python3.10/dist-packages/px4_msgs/msg/_logger_status.py\n'}
[1.248513] (px4_msgs) StdoutLine: {'line': b'-- Up-to-date symlink: /root/ws_sensor_combined/install/px4_msgs/local/lib/python3.10/dist-packages/px4_msgs/msg/_logger_status_s.c\n'}
[1.248705] (px4_msgs) StdoutLine: {'line': b'-- Up-to-date symlink: /root/ws_sensor_combined/install/px4_msgs/local/lib/python3.10/dist-packages/px4_msgs/msg/_longitudinal_control_configuration.py\n'}
[1.248836] (px4_msgs) StdoutLine: {'line': b'-- Up-to-date symlink: /root/ws_sensor_combined/install/px4_msgs/local/lib/python3.10/dist-packages/px4_msgs/msg/_longitudinal_control_configuration_s.c\n'}
[1.248969] (px4_msgs) StdoutLine: {'line': b'-- Up-to-date symlink: /root/ws_sensor_combined/install/px4_msgs/local/lib/python3.10/dist-packages/px4_msgs/msg/_mag_worker_data.py\n'}
[1.249102] (px4_msgs) StdoutLine: {'line': b'-- Up-to-date symlink: /root/ws_sensor_combined/install/px4_msgs/local/lib/python3.10/dist-packages/px4_msgs/msg/_mag_worker_data_s.c\n'}
[1.249235] (px4_msgs) StdoutLine: {'line': b'-- Up-to-date symlink: /root/ws_sensor_combined/install/px4_msgs/local/lib/python3.10/dist-packages/px4_msgs/msg/_magnetometer_bias_estimate.py\n'}
[1.249414] (px4_msgs) StdoutLine: {'line': b'-- Up-to-date symlink: /root/ws_sensor_combined/install/px4_msgs/local/lib/python3.10/dist-packages/px4_msgs/msg/_magnetometer_bias_estimate_s.c\n'}
[1.249562] (px4_msgs) StdoutLine: {'line': b'-- Up-to-date symlink: /root/ws_sensor_combined/install/px4_msgs/local/lib/python3.10/dist-packages/px4_msgs/msg/_manual_control_setpoint.py\n'}
[1.249714] (px4_msgs) StdoutLine: {'line': b'-- Up-to-date symlink: /root/ws_sensor_combined/install/px4_msgs/local/lib/python3.10/dist-packages/px4_msgs/msg/_manual_control_setpoint_s.c\n'}
[1.249874] (px4_msgs) StdoutLine: {'line': b'-- Up-to-date symlink: /root/ws_sensor_combined/install/px4_msgs/local/lib/python3.10/dist-packages/px4_msgs/msg/_manual_control_switches.py\n'}
[1.250021] (px4_msgs) StdoutLine: {'line': b'-- Up-to-date symlink: /root/ws_sensor_combined/install/px4_msgs/local/lib/python3.10/dist-packages/px4_msgs/msg/_manual_control_switches_s.c\n'}
[1.250155] (px4_msgs) StdoutLine: {'line': b'-- Up-to-date symlink: /root/ws_sensor_combined/install/px4_msgs/local/lib/python3.10/dist-packages/px4_msgs/msg/_mavlink_log.py\n'}
[1.250296] (px4_msgs) StdoutLine: {'line': b'-- Up-to-date symlink: /root/ws_sensor_combined/install/px4_msgs/local/lib/python3.10/dist-packages/px4_msgs/msg/_mavlink_log_s.c\n'}
[1.250461] (px4_msgs) StdoutLine: {'line': b'-- Up-to-date symlink: /root/ws_sensor_combined/install/px4_msgs/local/lib/python3.10/dist-packages/px4_msgs/msg/_mavlink_tunnel.py\n'}
[1.250662] (px4_msgs) StdoutLine: {'line': b'-- Up-to-date symlink: /root/ws_sensor_combined/install/px4_msgs/local/lib/python3.10/dist-packages/px4_msgs/msg/_mavlink_tunnel_s.c\n'}
[1.250842] (px4_msgs) StdoutLine: {'line': b'-- Up-to-date symlink: /root/ws_sensor_combined/install/px4_msgs/local/lib/python3.10/dist-packages/px4_msgs/msg/_message_format_request.py\n'}
[1.251020] (px4_msgs) StdoutLine: {'line': b'-- Up-to-date symlink: /root/ws_sensor_combined/install/px4_msgs/local/lib/python3.10/dist-packages/px4_msgs/msg/_message_format_request_s.c\n'}
[1.251198] (px4_msgs) StdoutLine: {'line': b'-- Up-to-date symlink: /root/ws_sensor_combined/install/px4_msgs/local/lib/python3.10/dist-packages/px4_msgs/msg/_message_format_response.py\n'}
[1.251501] (px4_msgs) StdoutLine: {'line': b'-- Up-to-date symlink: /root/ws_sensor_combined/install/px4_msgs/local/lib/python3.10/dist-packages/px4_msgs/msg/_message_format_response_s.c\n'}
[1.251775] (px4_msgs) StdoutLine: {'line': b'-- Up-to-date symlink: /root/ws_sensor_combined/install/px4_msgs/local/lib/python3.10/dist-packages/px4_msgs/msg/_mission.py\n'}
[1.252459] (px4_msgs) StdoutLine: {'line': b'-- Up-to-date symlink: /root/ws_sensor_combined/install/px4_msgs/local/lib/python3.10/dist-packages/px4_msgs/msg/_mission_result.py\n'}
[1.252621] (px4_msgs) StdoutLine: {'line': b'-- Up-to-date symlink: /root/ws_sensor_combined/install/px4_msgs/local/lib/python3.10/dist-packages/px4_msgs/msg/_mission_result_s.c\n'}
[1.252792] (px4_msgs) StdoutLine: {'line': b'-- Up-to-date symlink: /root/ws_sensor_combined/install/px4_msgs/local/lib/python3.10/dist-packages/px4_msgs/msg/_mission_s.c\n'}
[1.253169] (px4_msgs) StdoutLine: {'line': b'-- Up-to-date symlink: /root/ws_sensor_combined/install/px4_msgs/local/lib/python3.10/dist-packages/px4_msgs/msg/_mode_completed.py\n'}
[1.253311] (px4_msgs) StdoutLine: {'line': b'-- Up-to-date symlink: /root/ws_sensor_combined/install/px4_msgs/local/lib/python3.10/dist-packages/px4_msgs/msg/_mode_completed_s.c\n'}
[1.253585] (px4_msgs) StdoutLine: {'line': b'-- Up-to-date symlink: /root/ws_sensor_combined/install/px4_msgs/local/lib/python3.10/dist-packages/px4_msgs/msg/_mount_orientation.py\n'}
[1.253899] (px4_msgs) StdoutLine: {'line': b'-- Up-to-date symlink: /root/ws_sensor_combined/install/px4_msgs/local/lib/python3.10/dist-packages/px4_msgs/msg/_mount_orientation_s.c\n'}
[1.254072] (px4_msgs) StdoutLine: {'line': b'-- Up-to-date symlink: /root/ws_sensor_combined/install/px4_msgs/local/lib/python3.10/dist-packages/px4_msgs/msg/_navigator_mission_item.py\n'}
[1.254368] (px4_msgs) StdoutLine: {'line': b'-- Up-to-date symlink: /root/ws_sensor_combined/install/px4_msgs/local/lib/python3.10/dist-packages/px4_msgs/msg/_navigator_mission_item_s.c\n'}
[1.254502] (px4_msgs) StdoutLine: {'line': b'-- Up-to-date symlink: /root/ws_sensor_combined/install/px4_msgs/local/lib/python3.10/dist-packages/px4_msgs/msg/_navigator_status.py\n'}
[1.254765] (px4_msgs) StdoutLine: {'line': b'-- Up-to-date symlink: /root/ws_sensor_combined/install/px4_msgs/local/lib/python3.10/dist-packages/px4_msgs/msg/_navigator_status_s.c\n'}
[1.254915] (px4_msgs) StdoutLine: {'line': b'-- Up-to-date symlink: /root/ws_sensor_combined/install/px4_msgs/local/lib/python3.10/dist-packages/px4_msgs/msg/_neural_control.py\n'}
[1.255133] (px4_msgs) StdoutLine: {'line': b'-- Up-to-date symlink: /root/ws_sensor_combined/install/px4_msgs/local/lib/python3.10/dist-packages/px4_msgs/msg/_neural_control_s.c\n'}
[1.255311] (px4_msgs) StdoutLine: {'line': b'-- Up-to-date symlink: /root/ws_sensor_combined/install/px4_msgs/local/lib/python3.10/dist-packages/px4_msgs/msg/_normalized_unsigned_setpoint.py\n'}
[1.255490] (px4_msgs) StdoutLine: {'line': b'-- Up-to-date symlink: /root/ws_sensor_combined/install/px4_msgs/local/lib/python3.10/dist-packages/px4_msgs/msg/_normalized_unsigned_setpoint_s.c\n'}
[1.255697] (px4_msgs) StdoutLine: {'line': b'-- Up-to-date symlink: /root/ws_sensor_combined/install/px4_msgs/local/lib/python3.10/dist-packages/px4_msgs/msg/_obstacle_distance.py\n'}
[1.255863] (px4_msgs) StdoutLine: {'line': b'-- Up-to-date symlink: /root/ws_sensor_combined/install/px4_msgs/local/lib/python3.10/dist-packages/px4_msgs/msg/_obstacle_distance_s.c\n'}
[1.256118] (px4_msgs) StdoutLine: {'line': b'-- Up-to-date symlink: /root/ws_sensor_combined/install/px4_msgs/local/lib/python3.10/dist-packages/px4_msgs/msg/_offboard_control_mode.py\n'}
[1.256255] (px4_msgs) StdoutLine: {'line': b'-- Up-to-date symlink: /root/ws_sensor_combined/install/px4_msgs/local/lib/python3.10/dist-packages/px4_msgs/msg/_offboard_control_mode_s.c\n'}
[1.256471] (px4_msgs) StdoutLine: {'line': b'-- Up-to-date symlink: /root/ws_sensor_combined/install/px4_msgs/local/lib/python3.10/dist-packages/px4_msgs/msg/_onboard_computer_status.py\n'}
[1.256641] (px4_msgs) StdoutLine: {'line': b'-- Up-to-date symlink: /root/ws_sensor_combined/install/px4_msgs/local/lib/python3.10/dist-packages/px4_msgs/msg/_onboard_computer_status_s.c\n'}
[1.256864] (px4_msgs) StdoutLine: {'line': b'-- Up-to-date symlink: /root/ws_sensor_combined/install/px4_msgs/local/lib/python3.10/dist-packages/px4_msgs/msg/_open_drone_id_arm_status.py\n'}
[1.257078] (px4_msgs) StdoutLine: {'line': b'-- Up-to-date symlink: /root/ws_sensor_combined/install/px4_msgs/local/lib/python3.10/dist-packages/px4_msgs/msg/_open_drone_id_arm_status_s.c\n'}
[1.257253] (px4_msgs) StdoutLine: {'line': b'-- Up-to-date symlink: /root/ws_sensor_combined/install/px4_msgs/local/lib/python3.10/dist-packages/px4_msgs/msg/_open_drone_id_operator_id.py\n'}
[1.257388] (px4_msgs) StdoutLine: {'line': b'-- Up-to-date symlink: /root/ws_sensor_combined/install/px4_msgs/local/lib/python3.10/dist-packages/px4_msgs/msg/_open_drone_id_operator_id_s.c\n'}
[1.257676] (px4_msgs) StdoutLine: {'line': b'-- Up-to-date symlink: /root/ws_sensor_combined/install/px4_msgs/local/lib/python3.10/dist-packages/px4_msgs/msg/_open_drone_id_self_id.py\n'}
[1.257838] (px4_msgs) StdoutLine: {'line': b'-- Up-to-date symlink: /root/ws_sensor_combined/install/px4_msgs/local/lib/python3.10/dist-packages/px4_msgs/msg/_open_drone_id_self_id_s.c\n'}
[1.258032] (px4_msgs) StdoutLine: {'line': b'-- Up-to-date symlink: /root/ws_sensor_combined/install/px4_msgs/local/lib/python3.10/dist-packages/px4_msgs/msg/_open_drone_id_system.py\n'}
[1.258318] (px4_msgs) StdoutLine: {'line': b'-- Up-to-date symlink: /root/ws_sensor_combined/install/px4_msgs/local/lib/python3.10/dist-packages/px4_msgs/msg/_open_drone_id_system_s.c\n'}
[1.258527] (px4_msgs) StdoutLine: {'line': b'-- Up-to-date symlink: /root/ws_sensor_combined/install/px4_msgs/local/lib/python3.10/dist-packages/px4_msgs/msg/_orb_test.py\n'}
[1.258738] (px4_msgs) StdoutLine: {'line': b'-- Up-to-date symlink: /root/ws_sensor_combined/install/px4_msgs/local/lib/python3.10/dist-packages/px4_msgs/msg/_orb_test_large.py\n'}
[1.258975] (px4_msgs) StdoutLine: {'line': b'-- Up-to-date symlink: /root/ws_sensor_combined/install/px4_msgs/local/lib/python3.10/dist-packages/px4_msgs/msg/_orb_test_large_s.c\n'}
[1.259146] (px4_msgs) StdoutLine: {'line': b'-- Up-to-date symlink: /root/ws_sensor_combined/install/px4_msgs/local/lib/python3.10/dist-packages/px4_msgs/msg/_orb_test_medium.py\n'}
[1.259317] (px4_msgs) StdoutLine: {'line': b'-- Up-to-date symlink: /root/ws_sensor_combined/install/px4_msgs/local/lib/python3.10/dist-packages/px4_msgs/msg/_orb_test_medium_s.c\n'}
[1.259618] (px4_msgs) StdoutLine: {'line': b'-- Up-to-date symlink: /root/ws_sensor_combined/install/px4_msgs/local/lib/python3.10/dist-packages/px4_msgs/msg/_orb_test_s.c\n'}
[1.259866] (px4_msgs) StdoutLine: {'line': b'-- Up-to-date symlink: /root/ws_sensor_combined/install/px4_msgs/local/lib/python3.10/dist-packages/px4_msgs/msg/_orbit_status.py\n'}
[1.260054] (px4_msgs) StdoutLine: {'line': b'-- Up-to-date symlink: /root/ws_sensor_combined/install/px4_msgs/local/lib/python3.10/dist-packages/px4_msgs/msg/_orbit_status_s.c\n'}
[1.260238] (px4_msgs) StdoutLine: {'line': b'-- Up-to-date symlink: /root/ws_sensor_combined/install/px4_msgs/local/lib/python3.10/dist-packages/px4_msgs/msg/_parameter_reset_request.py\n'}
[1.260376] (px4_msgs) StdoutLine: {'line': b'-- Up-to-date symlink: /root/ws_sensor_combined/install/px4_msgs/local/lib/python3.10/dist-packages/px4_msgs/msg/_parameter_reset_request_s.c\n'}
[1.260559] (px4_msgs) StdoutLine: {'line': b'-- Up-to-date symlink: /root/ws_sensor_combined/install/px4_msgs/local/lib/python3.10/dist-packages/px4_msgs/msg/_parameter_set_used_request.py\n'}
[1.260687] (px4_msgs) StdoutLine: {'line': b'-- Up-to-date symlink: /root/ws_sensor_combined/install/px4_msgs/local/lib/python3.10/dist-packages/px4_msgs/msg/_parameter_set_used_request_s.c\n'}
[1.260912] (px4_msgs) StdoutLine: {'line': b'-- Up-to-date symlink: /root/ws_sensor_combined/install/px4_msgs/local/lib/python3.10/dist-packages/px4_msgs/msg/_parameter_set_value_request.py\n'}
[1.261139] (px4_msgs) StdoutLine: {'line': b'-- Up-to-date symlink: /root/ws_sensor_combined/install/px4_msgs/local/lib/python3.10/dist-packages/px4_msgs/msg/_parameter_set_value_request_s.c\n'}
[1.261321] (px4_msgs) StdoutLine: {'line': b'-- Up-to-date symlink: /root/ws_sensor_combined/install/px4_msgs/local/lib/python3.10/dist-packages/px4_msgs/msg/_parameter_set_value_response.py\n'}
[1.261521] (px4_msgs) StdoutLine: {'line': b'-- Up-to-date symlink: /root/ws_sensor_combined/install/px4_msgs/local/lib/python3.10/dist-packages/px4_msgs/msg/_parameter_set_value_response_s.c\n'}
[1.261699] (px4_msgs) StdoutLine: {'line': b'-- Up-to-date symlink: /root/ws_sensor_combined/install/px4_msgs/local/lib/python3.10/dist-packages/px4_msgs/msg/_parameter_update.py\n'}
[1.261932] (px4_msgs) StdoutLine: {'line': b'-- Up-to-date symlink: /root/ws_sensor_combined/install/px4_msgs/local/lib/python3.10/dist-packages/px4_msgs/msg/_parameter_update_s.c\n'}
[1.262140] (px4_msgs) StdoutLine: {'line': b'-- Up-to-date symlink: /root/ws_sensor_combined/install/px4_msgs/local/lib/python3.10/dist-packages/px4_msgs/msg/_ping.py\n'}
[1.262320] (px4_msgs) StdoutLine: {'line': b'-- Up-to-date symlink: /root/ws_sensor_combined/install/px4_msgs/local/lib/python3.10/dist-packages/px4_msgs/msg/_ping_s.c\n'}
[1.262486] (px4_msgs) StdoutLine: {'line': b'-- Up-to-date symlink: /root/ws_sensor_combined/install/px4_msgs/local/lib/python3.10/dist-packages/px4_msgs/msg/_position_controller_landing_status.py\n'}
[1.262648] (px4_msgs) StdoutLine: {'line': b'-- Up-to-date symlink: /root/ws_sensor_combined/install/px4_msgs/local/lib/python3.10/dist-packages/px4_msgs/msg/_position_controller_landing_status_s.c\n'}
[1.262869] (px4_msgs) StdoutLine: {'line': b'-- Up-to-date symlink: /root/ws_sensor_combined/install/px4_msgs/local/lib/python3.10/dist-packages/px4_msgs/msg/_position_controller_status.py\n'}
[1.263045] (px4_msgs) StdoutLine: {'line': b'-- Up-to-date symlink: /root/ws_sensor_combined/install/px4_msgs/local/lib/python3.10/dist-packages/px4_msgs/msg/_position_controller_status_s.c\n'}
[1.263171] (px4_msgs) StdoutLine: {'line': b'-- Up-to-date symlink: /root/ws_sensor_combined/install/px4_msgs/local/lib/python3.10/dist-packages/px4_msgs/msg/_position_setpoint.py\n'}
[1.263366] (px4_msgs) StdoutLine: {'line': b'-- Up-to-date symlink: /root/ws_sensor_combined/install/px4_msgs/local/lib/python3.10/dist-packages/px4_msgs/msg/_position_setpoint_s.c\n'}
[1.263526] (px4_msgs) StdoutLine: {'line': b'-- Up-to-date symlink: /root/ws_sensor_combined/install/px4_msgs/local/lib/python3.10/dist-packages/px4_msgs/msg/_position_setpoint_triplet.py\n'}
[1.263851] (px4_msgs) StdoutLine: {'line': b'-- Up-to-date symlink: /root/ws_sensor_combined/install/px4_msgs/local/lib/python3.10/dist-packages/px4_msgs/msg/_position_setpoint_triplet_s.c\n'}
[1.264299] (px4_msgs) StdoutLine: {'line': b'-- Up-to-date symlink: /root/ws_sensor_combined/install/px4_msgs/local/lib/python3.10/dist-packages/px4_msgs/msg/_power_button_state.py\n'}
[1.264695] (px4_msgs) StdoutLine: {'line': b'-- Up-to-date symlink: /root/ws_sensor_combined/install/px4_msgs/local/lib/python3.10/dist-packages/px4_msgs/msg/_power_button_state_s.c\n'}
[1.264976] (px4_msgs) StdoutLine: {'line': b'-- Up-to-date symlink: /root/ws_sensor_combined/install/px4_msgs/local/lib/python3.10/dist-packages/px4_msgs/msg/_power_monitor.py\n'}
[1.265204] (px4_msgs) StdoutLine: {'line': b'-- Up-to-date symlink: /root/ws_sensor_combined/install/px4_msgs/local/lib/python3.10/dist-packages/px4_msgs/msg/_power_monitor_s.c\n'}
[1.265384] (px4_msgs) StdoutLine: {'line': b'-- Up-to-date symlink: /root/ws_sensor_combined/install/px4_msgs/local/lib/python3.10/dist-packages/px4_msgs/msg/_pps_capture.py\n'}
[1.265480] (px4_msgs) StdoutLine: {'line': b'-- Up-to-date symlink: /root/ws_sensor_combined/install/px4_msgs/local/lib/python3.10/dist-packages/px4_msgs/msg/_pps_capture_s.c\n'}
[1.265923] (px4_msgs) StdoutLine: {'line': b'-- Up-to-date symlink: /root/ws_sensor_combined/install/px4_msgs/local/lib/python3.10/dist-packages/px4_msgs/msg/_pure_pursuit_status.py\n'}
[1.266081] (px4_msgs) StdoutLine: {'line': b'-- Up-to-date symlink: /root/ws_sensor_combined/install/px4_msgs/local/lib/python3.10/dist-packages/px4_msgs/msg/_pure_pursuit_status_s.c\n'}
[1.266291] (px4_msgs) StdoutLine: {'line': b'-- Up-to-date symlink: /root/ws_sensor_combined/install/px4_msgs/local/lib/python3.10/dist-packages/px4_msgs/msg/_pwm_input.py\n'}
[1.266531] (px4_msgs) StdoutLine: {'line': b'-- Up-to-date symlink: /root/ws_sensor_combined/install/px4_msgs/local/lib/python3.10/dist-packages/px4_msgs/msg/_pwm_input_s.c\n'}
[1.266803] (px4_msgs) StdoutLine: {'line': b'-- Up-to-date symlink: /root/ws_sensor_combined/install/px4_msgs/local/lib/python3.10/dist-packages/px4_msgs/msg/_px4io_status.py\n'}
[1.267014] (px4_msgs) StdoutLine: {'line': b'-- Up-to-date symlink: /root/ws_sensor_combined/install/px4_msgs/local/lib/python3.10/dist-packages/px4_msgs/msg/_px4io_status_s.c\n'}
[1.267263] (px4_msgs) StdoutLine: {'line': b'-- Up-to-date symlink: /root/ws_sensor_combined/install/px4_msgs/local/lib/python3.10/dist-packages/px4_msgs/msg/_qshell_req.py\n'}
[1.267461] (px4_msgs) StdoutLine: {'line': b'-- Up-to-date symlink: /root/ws_sensor_combined/install/px4_msgs/local/lib/python3.10/dist-packages/px4_msgs/msg/_qshell_req_s.c\n'}
[1.267697] (px4_msgs) StdoutLine: {'line': b'-- Up-to-date symlink: /root/ws_sensor_combined/install/px4_msgs/local/lib/python3.10/dist-packages/px4_msgs/msg/_qshell_retval.py\n'}
[1.267828] (px4_msgs) StdoutLine: {'line': b'-- Up-to-date symlink: /root/ws_sensor_combined/install/px4_msgs/local/lib/python3.10/dist-packages/px4_msgs/msg/_qshell_retval_s.c\n'}
[1.268050] (px4_msgs) StdoutLine: {'line': b'-- Up-to-date symlink: /root/ws_sensor_combined/install/px4_msgs/local/lib/python3.10/dist-packages/px4_msgs/msg/_radio_status.py\n'}
[1.268329] (px4_msgs) StdoutLine: {'line': b'-- Up-to-date symlink: /root/ws_sensor_combined/install/px4_msgs/local/lib/python3.10/dist-packages/px4_msgs/msg/_radio_status_s.c\n'}
[1.268526] (px4_msgs) StdoutLine: {'line': b'-- Up-to-date symlink: /root/ws_sensor_combined/install/px4_msgs/local/lib/python3.10/dist-packages/px4_msgs/msg/_rate_ctrl_status.py\n'}
[1.268720] (px4_msgs) StdoutLine: {'line': b'-- Up-to-date symlink: /root/ws_sensor_combined/install/px4_msgs/local/lib/python3.10/dist-packages/px4_msgs/msg/_rate_ctrl_status_s.c\n'}
[1.268920] (px4_msgs) StdoutLine: {'line': b'-- Up-to-date symlink: /root/ws_sensor_combined/install/px4_msgs/local/lib/python3.10/dist-packages/px4_msgs/msg/_rc_channels.py\n'}
[1.269110] (px4_msgs) StdoutLine: {'line': b'-- Up-to-date symlink: /root/ws_sensor_combined/install/px4_msgs/local/lib/python3.10/dist-packages/px4_msgs/msg/_rc_channels_s.c\n'}
[1.269297] (px4_msgs) StdoutLine: {'line': b'-- Up-to-date symlink: /root/ws_sensor_combined/install/px4_msgs/local/lib/python3.10/dist-packages/px4_msgs/msg/_rc_parameter_map.py\n'}
[1.269482] (px4_msgs) StdoutLine: {'line': b'-- Up-to-date symlink: /root/ws_sensor_combined/install/px4_msgs/local/lib/python3.10/dist-packages/px4_msgs/msg/_rc_parameter_map_s.c\n'}
[1.269950] (px4_msgs) StdoutLine: {'line': b'-- Up-to-date symlink: /root/ws_sensor_combined/install/px4_msgs/local/lib/python3.10/dist-packages/px4_msgs/msg/_register_ext_component_reply.py\n'}
[1.270066] (px4_msgs) StdoutLine: {'line': b'-- Up-to-date symlink: /root/ws_sensor_combined/install/px4_msgs/local/lib/python3.10/dist-packages/px4_msgs/msg/_register_ext_component_reply_s.c\n'}
[1.270227] (px4_msgs) StdoutLine: {'line': b'-- Up-to-date symlink: /root/ws_sensor_combined/install/px4_msgs/local/lib/python3.10/dist-packages/px4_msgs/msg/_register_ext_component_request.py\n'}
[1.270676] (px4_msgs) StdoutLine: {'line': b'-- Up-to-date symlink: /root/ws_sensor_combined/install/px4_msgs/local/lib/python3.10/dist-packages/px4_msgs/msg/_register_ext_component_request_s.c\n'}
[1.270870] (px4_msgs) StdoutLine: {'line': b'-- Up-to-date symlink: /root/ws_sensor_combined/install/px4_msgs/local/lib/python3.10/dist-packages/px4_msgs/msg/_rover_attitude_setpoint.py\n'}
[1.271004] (px4_msgs) StdoutLine: {'line': b'-- Up-to-date symlink: /root/ws_sensor_combined/install/px4_msgs/local/lib/python3.10/dist-packages/px4_msgs/msg/_rover_attitude_setpoint_s.c\n'}
[1.271169] (px4_msgs) StdoutLine: {'line': b'-- Up-to-date symlink: /root/ws_sensor_combined/install/px4_msgs/local/lib/python3.10/dist-packages/px4_msgs/msg/_rover_attitude_status.py\n'}
[1.271415] (px4_msgs) StdoutLine: {'line': b'-- Up-to-date symlink: /root/ws_sensor_combined/install/px4_msgs/local/lib/python3.10/dist-packages/px4_msgs/msg/_rover_attitude_status_s.c\n'}
[1.271602] (px4_msgs) StdoutLine: {'line': b'-- Up-to-date symlink: /root/ws_sensor_combined/install/px4_msgs/local/lib/python3.10/dist-packages/px4_msgs/msg/_rover_position_setpoint.py\n'}
[1.271784] (px4_msgs) StdoutLine: {'line': b'-- Up-to-date symlink: /root/ws_sensor_combined/install/px4_msgs/local/lib/python3.10/dist-packages/px4_msgs/msg/_rover_position_setpoint_s.c\n'}
[1.272014] (px4_msgs) StdoutLine: {'line': b'-- Up-to-date symlink: /root/ws_sensor_combined/install/px4_msgs/local/lib/python3.10/dist-packages/px4_msgs/msg/_rover_rate_setpoint.py\n'}
[1.272187] (px4_msgs) StdoutLine: {'line': b'-- Up-to-date symlink: /root/ws_sensor_combined/install/px4_msgs/local/lib/python3.10/dist-packages/px4_msgs/msg/_rover_rate_setpoint_s.c\n'}
[1.272365] (px4_msgs) StdoutLine: {'line': b'-- Up-to-date symlink: /root/ws_sensor_combined/install/px4_msgs/local/lib/python3.10/dist-packages/px4_msgs/msg/_rover_rate_status.py\n'}
[1.272578] (px4_msgs) StdoutLine: {'line': b'-- Up-to-date symlink: /root/ws_sensor_combined/install/px4_msgs/local/lib/python3.10/dist-packages/px4_msgs/msg/_rover_rate_status_s.c\n'}
[1.272751] (px4_msgs) StdoutLine: {'line': b'-- Up-to-date symlink: /root/ws_sensor_combined/install/px4_msgs/local/lib/python3.10/dist-packages/px4_msgs/msg/_rover_steering_setpoint.py\n'}
[1.272916] (px4_msgs) StdoutLine: {'line': b'-- Up-to-date symlink: /root/ws_sensor_combined/install/px4_msgs/local/lib/python3.10/dist-packages/px4_msgs/msg/_rover_steering_setpoint_s.c\n'}
[1.273095] (px4_msgs) StdoutLine: {'line': b'-- Up-to-date symlink: /root/ws_sensor_combined/install/px4_msgs/local/lib/python3.10/dist-packages/px4_msgs/msg/_rover_throttle_setpoint.py\n'}
[1.273274] (px4_msgs) StdoutLine: {'line': b'-- Up-to-date symlink: /root/ws_sensor_combined/install/px4_msgs/local/lib/python3.10/dist-packages/px4_msgs/msg/_rover_throttle_setpoint_s.c\n'}
[1.273441] (px4_msgs) StdoutLine: {'line': b'-- Up-to-date symlink: /root/ws_sensor_combined/install/px4_msgs/local/lib/python3.10/dist-packages/px4_msgs/msg/_rover_velocity_setpoint.py\n'}
[1.273672] (px4_msgs) StdoutLine: {'line': b'-- Up-to-date symlink: /root/ws_sensor_combined/install/px4_msgs/local/lib/python3.10/dist-packages/px4_msgs/msg/_rover_velocity_setpoint_s.c\n'}
[1.273873] (px4_msgs) StdoutLine: {'line': b'-- Up-to-date symlink: /root/ws_sensor_combined/install/px4_msgs/local/lib/python3.10/dist-packages/px4_msgs/msg/_rover_velocity_status.py\n'}
[1.274168] (px4_msgs) StdoutLine: {'line': b'-- Up-to-date symlink: /root/ws_sensor_combined/install/px4_msgs/local/lib/python3.10/dist-packages/px4_msgs/msg/_rover_velocity_status_s.c\n'}
[1.274398] (px4_msgs) StdoutLine: {'line': b'-- Up-to-date symlink: /root/ws_sensor_combined/install/px4_msgs/local/lib/python3.10/dist-packages/px4_msgs/msg/_rpm.py\n'}
[1.274504] (px4_msgs) StdoutLine: {'line': b'-- Up-to-date symlink: /root/ws_sensor_combined/install/px4_msgs/local/lib/python3.10/dist-packages/px4_msgs/msg/_rpm_s.c\n'}
[1.274666] (px4_msgs) StdoutLine: {'line': b'-- Up-to-date symlink: /root/ws_sensor_combined/install/px4_msgs/local/lib/python3.10/dist-packages/px4_msgs/msg/_rtl_status.py\n'}
[1.274858] (px4_msgs) StdoutLine: {'line': b'-- Up-to-date symlink: /root/ws_sensor_combined/install/px4_msgs/local/lib/python3.10/dist-packages/px4_msgs/msg/_rtl_status_s.c\n'}
[1.275084] (px4_msgs) StdoutLine: {'line': b'-- Up-to-date symlink: /root/ws_sensor_combined/install/px4_msgs/local/lib/python3.10/dist-packages/px4_msgs/msg/_rtl_time_estimate.py\n'}
[1.275289] (px4_msgs) StdoutLine: {'line': b'-- Up-to-date symlink: /root/ws_sensor_combined/install/px4_msgs/local/lib/python3.10/dist-packages/px4_msgs/msg/_rtl_time_estimate_s.c\n'}
[1.275458] (px4_msgs) StdoutLine: {'line': b'-- Up-to-date symlink: /root/ws_sensor_combined/install/px4_msgs/local/lib/python3.10/dist-packages/px4_msgs/msg/_satellite_info.py\n'}
[1.275611] (px4_msgs) StdoutLine: {'line': b'-- Up-to-date symlink: /root/ws_sensor_combined/install/px4_msgs/local/lib/python3.10/dist-packages/px4_msgs/msg/_satellite_info_s.c\n'}
[1.275877] (px4_msgs) StdoutLine: {'line': b'-- Up-to-date symlink: /root/ws_sensor_combined/install/px4_msgs/local/lib/python3.10/dist-packages/px4_msgs/msg/_sensor_accel.py\n'}
[1.276174] (px4_msgs) StdoutLine: {'line': b'-- Up-to-date symlink: /root/ws_sensor_combined/install/px4_msgs/local/lib/python3.10/dist-packages/px4_msgs/msg/_sensor_accel_fifo.py\n'}
[1.276475] (px4_msgs) StdoutLine: {'line': b'-- Up-to-date symlink: /root/ws_sensor_combined/install/px4_msgs/local/lib/python3.10/dist-packages/px4_msgs/msg/_sensor_accel_fifo_s.c\n'}
[1.276702] (px4_msgs) StdoutLine: {'line': b'-- Up-to-date symlink: /root/ws_sensor_combined/install/px4_msgs/local/lib/python3.10/dist-packages/px4_msgs/msg/_sensor_accel_s.c\n'}
[1.276899] (px4_msgs) StdoutLine: {'line': b'-- Up-to-date symlink: /root/ws_sensor_combined/install/px4_msgs/local/lib/python3.10/dist-packages/px4_msgs/msg/_sensor_airflow.py\n'}
[1.277112] (px4_msgs) StdoutLine: {'line': b'-- Up-to-date symlink: /root/ws_sensor_combined/install/px4_msgs/local/lib/python3.10/dist-packages/px4_msgs/msg/_sensor_airflow_s.c\n'}
[1.277335] (px4_msgs) StdoutLine: {'line': b'-- Up-to-date symlink: /root/ws_sensor_combined/install/px4_msgs/local/lib/python3.10/dist-packages/px4_msgs/msg/_sensor_baro.py\n'}
[1.277556] (px4_msgs) StdoutLine: {'line': b'-- Up-to-date symlink: /root/ws_sensor_combined/install/px4_msgs/local/lib/python3.10/dist-packages/px4_msgs/msg/_sensor_baro_s.c\n'}
[1.277739] (px4_msgs) StdoutLine: {'line': b'-- Up-to-date symlink: /root/ws_sensor_combined/install/px4_msgs/local/lib/python3.10/dist-packages/px4_msgs/msg/_sensor_combined.py\n'}
[1.277965] (px4_msgs) StdoutLine: {'line': b'-- Up-to-date symlink: /root/ws_sensor_combined/install/px4_msgs/local/lib/python3.10/dist-packages/px4_msgs/msg/_sensor_combined_s.c\n'}
[1.278196] (px4_msgs) StdoutLine: {'line': b'-- Up-to-date symlink: /root/ws_sensor_combined/install/px4_msgs/local/lib/python3.10/dist-packages/px4_msgs/msg/_sensor_correction.py\n'}
[1.278322] (px4_msgs) StdoutLine: {'line': b'-- Up-to-date symlink: /root/ws_sensor_combined/install/px4_msgs/local/lib/python3.10/dist-packages/px4_msgs/msg/_sensor_correction_s.c\n'}
[1.278496] (px4_msgs) StdoutLine: {'line': b'-- Up-to-date symlink: /root/ws_sensor_combined/install/px4_msgs/local/lib/python3.10/dist-packages/px4_msgs/msg/_sensor_gnss_relative.py\n'}
[1.278676] (px4_msgs) StdoutLine: {'line': b'-- Up-to-date symlink: /root/ws_sensor_combined/install/px4_msgs/local/lib/python3.10/dist-packages/px4_msgs/msg/_sensor_gnss_relative_s.c\n'}
[1.278896] (px4_msgs) StdoutLine: {'line': b'-- Up-to-date symlink: /root/ws_sensor_combined/install/px4_msgs/local/lib/python3.10/dist-packages/px4_msgs/msg/_sensor_gps.py\n'}
[1.279028] (px4_msgs) StdoutLine: {'line': b'-- Up-to-date symlink: /root/ws_sensor_combined/install/px4_msgs/local/lib/python3.10/dist-packages/px4_msgs/msg/_sensor_gps_s.c\n'}
[1.279211] (px4_msgs) StdoutLine: {'line': b'-- Up-to-date symlink: /root/ws_sensor_combined/install/px4_msgs/local/lib/python3.10/dist-packages/px4_msgs/msg/_sensor_gyro.py\n'}
[1.279480] (px4_msgs) StdoutLine: {'line': b'-- Up-to-date symlink: /root/ws_sensor_combined/install/px4_msgs/local/lib/python3.10/dist-packages/px4_msgs/msg/_sensor_gyro_fft.py\n'}
[1.279677] (px4_msgs) StdoutLine: {'line': b'-- Up-to-date symlink: /root/ws_sensor_combined/install/px4_msgs/local/lib/python3.10/dist-packages/px4_msgs/msg/_sensor_gyro_fft_s.c\n'}
[1.279895] (px4_msgs) StdoutLine: {'line': b'-- Up-to-date symlink: /root/ws_sensor_combined/install/px4_msgs/local/lib/python3.10/dist-packages/px4_msgs/msg/_sensor_gyro_fifo.py\n'}
[1.280081] (px4_msgs) StdoutLine: {'line': b'-- Up-to-date symlink: /root/ws_sensor_combined/install/px4_msgs/local/lib/python3.10/dist-packages/px4_msgs/msg/_sensor_gyro_fifo_s.c\n'}
[1.280232] (px4_msgs) StdoutLine: {'line': b'-- Up-to-date symlink: /root/ws_sensor_combined/install/px4_msgs/local/lib/python3.10/dist-packages/px4_msgs/msg/_sensor_gyro_s.c\n'}
[1.280380] (px4_msgs) StdoutLine: {'line': b'-- Up-to-date symlink: /root/ws_sensor_combined/install/px4_msgs/local/lib/python3.10/dist-packages/px4_msgs/msg/_sensor_hygrometer.py\n'}
[1.280526] (px4_msgs) StdoutLine: {'line': b'-- Up-to-date symlink: /root/ws_sensor_combined/install/px4_msgs/local/lib/python3.10/dist-packages/px4_msgs/msg/_sensor_hygrometer_s.c\n'}
[1.280678] (px4_msgs) StdoutLine: {'line': b'-- Up-to-date symlink: /root/ws_sensor_combined/install/px4_msgs/local/lib/python3.10/dist-packages/px4_msgs/msg/_sensor_mag.py\n'}
[1.280821] (px4_msgs) StdoutLine: {'line': b'-- Up-to-date symlink: /root/ws_sensor_combined/install/px4_msgs/local/lib/python3.10/dist-packages/px4_msgs/msg/_sensor_mag_s.c\n'}
[1.280970] (px4_msgs) StdoutLine: {'line': b'-- Up-to-date symlink: /root/ws_sensor_combined/install/px4_msgs/local/lib/python3.10/dist-packages/px4_msgs/msg/_sensor_optical_flow.py\n'}
[1.281131] (px4_msgs) StdoutLine: {'line': b'-- Up-to-date symlink: /root/ws_sensor_combined/install/px4_msgs/local/lib/python3.10/dist-packages/px4_msgs/msg/_sensor_optical_flow_s.c\n'}
[1.281279] (px4_msgs) StdoutLine: {'line': b'-- Up-to-date symlink: /root/ws_sensor_combined/install/px4_msgs/local/lib/python3.10/dist-packages/px4_msgs/msg/_sensor_preflight_mag.py\n'}
[1.281477] (px4_msgs) StdoutLine: {'line': b'-- Up-to-date symlink: /root/ws_sensor_combined/install/px4_msgs/local/lib/python3.10/dist-packages/px4_msgs/msg/_sensor_preflight_mag_s.c\n'}
[1.281715] (px4_msgs) StdoutLine: {'line': b'-- Up-to-date symlink: /root/ws_sensor_combined/install/px4_msgs/local/lib/python3.10/dist-packages/px4_msgs/msg/_sensor_selection.py\n'}
[1.282187] (px4_msgs) StdoutLine: {'line': b'-- Up-to-date symlink: /root/ws_sensor_combined/install/px4_msgs/local/lib/python3.10/dist-packages/px4_msgs/msg/_sensor_selection_s.c\n'}
[1.282475] (px4_msgs) StdoutLine: {'line': b'-- Up-to-date symlink: /root/ws_sensor_combined/install/px4_msgs/local/lib/python3.10/dist-packages/px4_msgs/msg/_sensor_uwb.py\n'}
[1.282710] (px4_msgs) StdoutLine: {'line': b'-- Up-to-date symlink: /root/ws_sensor_combined/install/px4_msgs/local/lib/python3.10/dist-packages/px4_msgs/msg/_sensor_uwb_s.c\n'}
[1.282918] (px4_msgs) StdoutLine: {'line': b'-- Up-to-date symlink: /root/ws_sensor_combined/install/px4_msgs/local/lib/python3.10/dist-packages/px4_msgs/msg/_sensors_status.py\n'}
[1.283124] (px4_msgs) StdoutLine: {'line': b'-- Up-to-date symlink: /root/ws_sensor_combined/install/px4_msgs/local/lib/python3.10/dist-packages/px4_msgs/msg/_sensors_status_imu.py\n'}
[1.283319] (px4_msgs) StdoutLine: {'line': b'-- Up-to-date symlink: /root/ws_sensor_combined/install/px4_msgs/local/lib/python3.10/dist-packages/px4_msgs/msg/_sensors_status_imu_s.c\n'}
[1.283505] (px4_msgs) StdoutLine: {'line': b'-- Up-to-date symlink: /root/ws_sensor_combined/install/px4_msgs/local/lib/python3.10/dist-packages/px4_msgs/msg/_sensors_status_s.c\n'}
[1.283739] (px4_msgs) StdoutLine: {'line': b'-- Up-to-date symlink: /root/ws_sensor_combined/install/px4_msgs/local/lib/python3.10/dist-packages/px4_msgs/msg/_system_power.py\n'}
[1.283947] (px4_msgs) StdoutLine: {'line': b'-- Up-to-date symlink: /root/ws_sensor_combined/install/px4_msgs/local/lib/python3.10/dist-packages/px4_msgs/msg/_system_power_s.c\n'}
[1.284108] (px4_msgs) StdoutLine: {'line': b'-- Up-to-date symlink: /root/ws_sensor_combined/install/px4_msgs/local/lib/python3.10/dist-packages/px4_msgs/msg/_takeoff_status.py\n'}
[1.284262] (px4_msgs) StdoutLine: {'line': b'-- Up-to-date symlink: /root/ws_sensor_combined/install/px4_msgs/local/lib/python3.10/dist-packages/px4_msgs/msg/_takeoff_status_s.c\n'}
[1.284407] (px4_msgs) StdoutLine: {'line': b'-- Up-to-date symlink: /root/ws_sensor_combined/install/px4_msgs/local/lib/python3.10/dist-packages/px4_msgs/msg/_task_stack_info.py\n'}
[1.284548] (px4_msgs) StdoutLine: {'line': b'-- Up-to-date symlink: /root/ws_sensor_combined/install/px4_msgs/local/lib/python3.10/dist-packages/px4_msgs/msg/_task_stack_info_s.c\n'}
[1.284718] (px4_msgs) StdoutLine: {'line': b'-- Up-to-date symlink: /root/ws_sensor_combined/install/px4_msgs/local/lib/python3.10/dist-packages/px4_msgs/msg/_tecs_status.py\n'}
[1.284933] (px4_msgs) StdoutLine: {'line': b'-- Up-to-date symlink: /root/ws_sensor_combined/install/px4_msgs/local/lib/python3.10/dist-packages/px4_msgs/msg/_tecs_status_s.c\n'}
[1.285112] (px4_msgs) StdoutLine: {'line': b'-- Up-to-date symlink: /root/ws_sensor_combined/install/px4_msgs/local/lib/python3.10/dist-packages/px4_msgs/msg/_telemetry_status.py\n'}
[1.285275] (px4_msgs) StdoutLine: {'line': b'-- Up-to-date symlink: /root/ws_sensor_combined/install/px4_msgs/local/lib/python3.10/dist-packages/px4_msgs/msg/_telemetry_status_s.c\n'}
[1.285442] (px4_msgs) StdoutLine: {'line': b'-- Up-to-date symlink: /root/ws_sensor_combined/install/px4_msgs/local/lib/python3.10/dist-packages/px4_msgs/msg/_tiltrotor_extra_controls.py\n'}
[1.285725] (px4_msgs) StdoutLine: {'line': b'-- Up-to-date symlink: /root/ws_sensor_combined/install/px4_msgs/local/lib/python3.10/dist-packages/px4_msgs/msg/_tiltrotor_extra_controls_s.c\n'}
[1.285954] (px4_msgs) StdoutLine: {'line': b'-- Up-to-date symlink: /root/ws_sensor_combined/install/px4_msgs/local/lib/python3.10/dist-packages/px4_msgs/msg/_timesync_status.py\n'}
[1.286128] (px4_msgs) StdoutLine: {'line': b'-- Up-to-date symlink: /root/ws_sensor_combined/install/px4_msgs/local/lib/python3.10/dist-packages/px4_msgs/msg/_timesync_status_s.c\n'}
[1.286314] (px4_msgs) StdoutLine: {'line': b'-- Up-to-date symlink: /root/ws_sensor_combined/install/px4_msgs/local/lib/python3.10/dist-packages/px4_msgs/msg/_trajectory_setpoint.py\n'}
[1.286556] (px4_msgs) StdoutLine: {'line': b'-- Up-to-date symlink: /root/ws_sensor_combined/install/px4_msgs/local/lib/python3.10/dist-packages/px4_msgs/msg/_trajectory_setpoint6dof.py\n'}
[1.286724] (px4_msgs) StdoutLine: {'line': b'-- Up-to-date symlink: /root/ws_sensor_combined/install/px4_msgs/local/lib/python3.10/dist-packages/px4_msgs/msg/_trajectory_setpoint6dof_s.c\n'}
[1.286897] (px4_msgs) StdoutLine: {'line': b'-- Up-to-date symlink: /root/ws_sensor_combined/install/px4_msgs/local/lib/python3.10/dist-packages/px4_msgs/msg/_trajectory_setpoint_s.c\n'}
[1.287053] (px4_msgs) StdoutLine: {'line': b'-- Up-to-date symlink: /root/ws_sensor_combined/install/px4_msgs/local/lib/python3.10/dist-packages/px4_msgs/msg/_transponder_report.py\n'}
[1.287201] (px4_msgs) StdoutLine: {'line': b'-- Up-to-date symlink: /root/ws_sensor_combined/install/px4_msgs/local/lib/python3.10/dist-packages/px4_msgs/msg/_transponder_report_s.c\n'}
[1.287346] (px4_msgs) StdoutLine: {'line': b'-- Up-to-date symlink: /root/ws_sensor_combined/install/px4_msgs/local/lib/python3.10/dist-packages/px4_msgs/msg/_tune_control.py\n'}
[1.287599] (px4_msgs) StdoutLine: {'line': b'-- Up-to-date symlink: /root/ws_sensor_combined/install/px4_msgs/local/lib/python3.10/dist-packages/px4_msgs/msg/_tune_control_s.c\n'}
[1.287876] (px4_msgs) StdoutLine: {'line': b'-- Up-to-date symlink: /root/ws_sensor_combined/install/px4_msgs/local/lib/python3.10/dist-packages/px4_msgs/msg/_uavcan_parameter_request.py\n'}
[1.288118] (px4_msgs) StdoutLine: {'line': b'-- Up-to-date symlink: /root/ws_sensor_combined/install/px4_msgs/local/lib/python3.10/dist-packages/px4_msgs/msg/_uavcan_parameter_request_s.c\n'}
[1.288260] (px4_msgs) StdoutLine: {'line': b'-- Up-to-date symlink: /root/ws_sensor_combined/install/px4_msgs/local/lib/python3.10/dist-packages/px4_msgs/msg/_uavcan_parameter_value.py\n'}
[1.288471] (px4_msgs) StdoutLine: {'line': b'-- Up-to-date symlink: /root/ws_sensor_combined/install/px4_msgs/local/lib/python3.10/dist-packages/px4_msgs/msg/_uavcan_parameter_value_s.c\n'}
[1.288774] (px4_msgs) StdoutLine: {'line': b'-- Up-to-date symlink: /root/ws_sensor_combined/install/px4_msgs/local/lib/python3.10/dist-packages/px4_msgs/msg/_ulog_stream.py\n'}
[1.289010] (px4_msgs) StdoutLine: {'line': b'-- Up-to-date symlink: /root/ws_sensor_combined/install/px4_msgs/local/lib/python3.10/dist-packages/px4_msgs/msg/_ulog_stream_ack.py\n'}
[1.289205] (px4_msgs) StdoutLine: {'line': b'-- Up-to-date symlink: /root/ws_sensor_combined/install/px4_msgs/local/lib/python3.10/dist-packages/px4_msgs/msg/_ulog_stream_ack_s.c\n'}
[1.289384] (px4_msgs) StdoutLine: {'line': b'-- Up-to-date symlink: /root/ws_sensor_combined/install/px4_msgs/local/lib/python3.10/dist-packages/px4_msgs/msg/_ulog_stream_s.c\n'}
[1.289643] (px4_msgs) StdoutLine: {'line': b'-- Up-to-date symlink: /root/ws_sensor_combined/install/px4_msgs/local/lib/python3.10/dist-packages/px4_msgs/msg/_unregister_ext_component.py\n'}
[1.289929] (px4_msgs) StdoutLine: {'line': b'-- Up-to-date symlink: /root/ws_sensor_combined/install/px4_msgs/local/lib/python3.10/dist-packages/px4_msgs/msg/_unregister_ext_component_s.c\n'}
[1.290086] (px4_msgs) StdoutLine: {'line': b'-- Up-to-date symlink: /root/ws_sensor_combined/install/px4_msgs/local/lib/python3.10/dist-packages/px4_msgs/msg/_vehicle_acceleration.py\n'}
[1.290214] (px4_msgs) StdoutLine: {'line': b'-- Up-to-date symlink: /root/ws_sensor_combined/install/px4_msgs/local/lib/python3.10/dist-packages/px4_msgs/msg/_vehicle_acceleration_s.c\n'}
[1.290391] (px4_msgs) StdoutLine: {'line': b'-- Up-to-date symlink: /root/ws_sensor_combined/install/px4_msgs/local/lib/python3.10/dist-packages/px4_msgs/msg/_vehicle_air_data.py\n'}
[1.290537] (px4_msgs) StdoutLine: {'line': b'-- Up-to-date symlink: /root/ws_sensor_combined/install/px4_msgs/local/lib/python3.10/dist-packages/px4_msgs/msg/_vehicle_air_data_s.c\n'}
[1.290690] (px4_msgs) StdoutLine: {'line': b'-- Up-to-date symlink: /root/ws_sensor_combined/install/px4_msgs/local/lib/python3.10/dist-packages/px4_msgs/msg/_vehicle_angular_acceleration_setpoint.py\n'}
[1.290856] (px4_msgs) StdoutLine: {'line': b'-- Up-to-date symlink: /root/ws_sensor_combined/install/px4_msgs/local/lib/python3.10/dist-packages/px4_msgs/msg/_vehicle_angular_acceleration_setpoint_s.c\n'}
[1.291009] (px4_msgs) StdoutLine: {'line': b'-- Up-to-date symlink: /root/ws_sensor_combined/install/px4_msgs/local/lib/python3.10/dist-packages/px4_msgs/msg/_vehicle_angular_velocity.py\n'}
[1.291164] (px4_msgs) StdoutLine: {'line': b'-- Up-to-date symlink: /root/ws_sensor_combined/install/px4_msgs/local/lib/python3.10/dist-packages/px4_msgs/msg/_vehicle_angular_velocity_s.c\n'}
[1.291322] (px4_msgs) StdoutLine: {'line': b'-- Up-to-date symlink: /root/ws_sensor_combined/install/px4_msgs/local/lib/python3.10/dist-packages/px4_msgs/msg/_vehicle_attitude.py\n'}
[1.291472] (px4_msgs) StdoutLine: {'line': b'-- Up-to-date symlink: /root/ws_sensor_combined/install/px4_msgs/local/lib/python3.10/dist-packages/px4_msgs/msg/_vehicle_attitude_s.c\n'}
[1.291693] (px4_msgs) StdoutLine: {'line': b'-- Up-to-date symlink: /root/ws_sensor_combined/install/px4_msgs/local/lib/python3.10/dist-packages/px4_msgs/msg/_vehicle_attitude_setpoint.py\n'}
[1.291892] (px4_msgs) StdoutLine: {'line': b'-- Up-to-date symlink: /root/ws_sensor_combined/install/px4_msgs/local/lib/python3.10/dist-packages/px4_msgs/msg/_vehicle_attitude_setpoint_s.c\n'}
[1.292085] (px4_msgs) StdoutLine: {'line': b'-- Up-to-date symlink: /root/ws_sensor_combined/install/px4_msgs/local/lib/python3.10/dist-packages/px4_msgs/msg/_vehicle_command.py\n'}
[1.292274] (px4_msgs) StdoutLine: {'line': b'-- Up-to-date symlink: /root/ws_sensor_combined/install/px4_msgs/local/lib/python3.10/dist-packages/px4_msgs/msg/_vehicle_command_ack.py\n'}
[1.292438] (px4_msgs) StdoutLine: {'line': b'-- Up-to-date symlink: /root/ws_sensor_combined/install/px4_msgs/local/lib/python3.10/dist-packages/px4_msgs/msg/_vehicle_command_ack_s.c\n'}
[1.292601] (px4_msgs) StdoutLine: {'line': b'-- Up-to-date symlink: /root/ws_sensor_combined/install/px4_msgs/local/lib/python3.10/dist-packages/px4_msgs/msg/_vehicle_command_s.c\n'}
[1.292791] (px4_msgs) StdoutLine: {'line': b'-- Up-to-date symlink: /root/ws_sensor_combined/install/px4_msgs/local/lib/python3.10/dist-packages/px4_msgs/msg/_vehicle_constraints.py\n'}
[1.292989] (px4_msgs) StdoutLine: {'line': b'-- Up-to-date symlink: /root/ws_sensor_combined/install/px4_msgs/local/lib/python3.10/dist-packages/px4_msgs/msg/_vehicle_constraints_s.c\n'}
[1.293170] (px4_msgs) StdoutLine: {'line': b'-- Up-to-date symlink: /root/ws_sensor_combined/install/px4_msgs/local/lib/python3.10/dist-packages/px4_msgs/msg/_vehicle_control_mode.py\n'}
[1.293417] (px4_msgs) StdoutLine: {'line': b'-- Up-to-date symlink: /root/ws_sensor_combined/install/px4_msgs/local/lib/python3.10/dist-packages/px4_msgs/msg/_vehicle_control_mode_s.c\n'}
[1.293671] (px4_msgs) StdoutLine: {'line': b'-- Up-to-date symlink: /root/ws_sensor_combined/install/px4_msgs/local/lib/python3.10/dist-packages/px4_msgs/msg/_vehicle_global_position.py\n'}
[1.293781] (px4_msgs) StdoutLine: {'line': b'-- Up-to-date symlink: /root/ws_sensor_combined/install/px4_msgs/local/lib/python3.10/dist-packages/px4_msgs/msg/_vehicle_global_position_s.c\n'}
[1.294098] (px4_msgs) StdoutLine: {'line': b'-- Up-to-date symlink: /root/ws_sensor_combined/install/px4_msgs/local/lib/python3.10/dist-packages/px4_msgs/msg/_vehicle_imu.py\n'}
[1.294330] (px4_msgs) StdoutLine: {'line': b'-- Up-to-date symlink: /root/ws_sensor_combined/install/px4_msgs/local/lib/python3.10/dist-packages/px4_msgs/msg/_vehicle_imu_s.c\n'}
[1.294525] (px4_msgs) StdoutLine: {'line': b'-- Up-to-date symlink: /root/ws_sensor_combined/install/px4_msgs/local/lib/python3.10/dist-packages/px4_msgs/msg/_vehicle_imu_status.py\n'}
[1.294802] (px4_msgs) StdoutLine: {'line': b'-- Up-to-date symlink: /root/ws_sensor_combined/install/px4_msgs/local/lib/python3.10/dist-packages/px4_msgs/msg/_vehicle_imu_status_s.c\n'}
[1.295045] (px4_msgs) StdoutLine: {'line': b'-- Up-to-date symlink: /root/ws_sensor_combined/install/px4_msgs/local/lib/python3.10/dist-packages/px4_msgs/msg/_vehicle_land_detected.py\n'}
[1.295214] (px4_msgs) StdoutLine: {'line': b'-- Up-to-date symlink: /root/ws_sensor_combined/install/px4_msgs/local/lib/python3.10/dist-packages/px4_msgs/msg/_vehicle_land_detected_s.c\n'}
[1.295316] (px4_msgs) StdoutLine: {'line': b'-- Up-to-date symlink: /root/ws_sensor_combined/install/px4_msgs/local/lib/python3.10/dist-packages/px4_msgs/msg/_vehicle_local_position.py\n'}
[1.295490] (px4_msgs) StdoutLine: {'line': b'-- Up-to-date symlink: /root/ws_sensor_combined/install/px4_msgs/local/lib/python3.10/dist-packages/px4_msgs/msg/_vehicle_local_position_s.c\n'}
[1.295690] (px4_msgs) StdoutLine: {'line': b'-- Up-to-date symlink: /root/ws_sensor_combined/install/px4_msgs/local/lib/python3.10/dist-packages/px4_msgs/msg/_vehicle_local_position_setpoint.py\n'}
[1.295877] (px4_msgs) StdoutLine: {'line': b'-- Up-to-date symlink: /root/ws_sensor_combined/install/px4_msgs/local/lib/python3.10/dist-packages/px4_msgs/msg/_vehicle_local_position_setpoint_s.c\n'}
[1.296049] (px4_msgs) StdoutLine: {'line': b'-- Up-to-date symlink: /root/ws_sensor_combined/install/px4_msgs/local/lib/python3.10/dist-packages/px4_msgs/msg/_vehicle_magnetometer.py\n'}
[1.296222] (px4_msgs) StdoutLine: {'line': b'-- Up-to-date symlink: /root/ws_sensor_combined/install/px4_msgs/local/lib/python3.10/dist-packages/px4_msgs/msg/_vehicle_magnetometer_s.c\n'}
[1.296374] (px4_msgs) StdoutLine: {'line': b'-- Up-to-date symlink: /root/ws_sensor_combined/install/px4_msgs/local/lib/python3.10/dist-packages/px4_msgs/msg/_vehicle_odometry.py\n'}
[1.296534] (px4_msgs) StdoutLine: {'line': b'-- Up-to-date symlink: /root/ws_sensor_combined/install/px4_msgs/local/lib/python3.10/dist-packages/px4_msgs/msg/_vehicle_odometry_s.c\n'}
[1.296692] (px4_msgs) StdoutLine: {'line': b'-- Up-to-date symlink: /root/ws_sensor_combined/install/px4_msgs/local/lib/python3.10/dist-packages/px4_msgs/msg/_vehicle_optical_flow.py\n'}
[1.296845] (px4_msgs) StdoutLine: {'line': b'-- Up-to-date symlink: /root/ws_sensor_combined/install/px4_msgs/local/lib/python3.10/dist-packages/px4_msgs/msg/_vehicle_optical_flow_s.c\n'}
[1.297031] (px4_msgs) StdoutLine: {'line': b'-- Up-to-date symlink: /root/ws_sensor_combined/install/px4_msgs/local/lib/python3.10/dist-packages/px4_msgs/msg/_vehicle_optical_flow_vel.py\n'}
[1.297190] (px4_msgs) StdoutLine: {'line': b'-- Up-to-date symlink: /root/ws_sensor_combined/install/px4_msgs/local/lib/python3.10/dist-packages/px4_msgs/msg/_vehicle_optical_flow_vel_s.c\n'}
[1.297362] (px4_msgs) StdoutLine: {'line': b'-- Up-to-date symlink: /root/ws_sensor_combined/install/px4_msgs/local/lib/python3.10/dist-packages/px4_msgs/msg/_vehicle_rates_setpoint.py\n'}
[1.297557] (px4_msgs) StdoutLine: {'line': b'-- Up-to-date symlink: /root/ws_sensor_combined/install/px4_msgs/local/lib/python3.10/dist-packages/px4_msgs/msg/_vehicle_rates_setpoint_s.c\n'}
[1.297736] (px4_msgs) StdoutLine: {'line': b'-- Up-to-date symlink: /root/ws_sensor_combined/install/px4_msgs/local/lib/python3.10/dist-packages/px4_msgs/msg/_vehicle_roi.py\n'}
[1.298007] (px4_msgs) StdoutLine: {'line': b'-- Up-to-date symlink: /root/ws_sensor_combined/install/px4_msgs/local/lib/python3.10/dist-packages/px4_msgs/msg/_vehicle_roi_s.c\n'}
[1.298254] (px4_msgs) StdoutLine: {'line': b'-- Up-to-date symlink: /root/ws_sensor_combined/install/px4_msgs/local/lib/python3.10/dist-packages/px4_msgs/msg/_vehicle_status.py\n'}
[1.298462] (px4_msgs) StdoutLine: {'line': b'-- Up-to-date symlink: /root/ws_sensor_combined/install/px4_msgs/local/lib/python3.10/dist-packages/px4_msgs/msg/_vehicle_status_s.c\n'}
[1.298728] (px4_msgs) StdoutLine: {'line': b'-- Up-to-date symlink: /root/ws_sensor_combined/install/px4_msgs/local/lib/python3.10/dist-packages/px4_msgs/msg/_vehicle_thrust_setpoint.py\n'}
[1.298892] (px4_msgs) StdoutLine: {'line': b'-- Up-to-date symlink: /root/ws_sensor_combined/install/px4_msgs/local/lib/python3.10/dist-packages/px4_msgs/msg/_vehicle_thrust_setpoint_s.c\n'}
[1.299065] (px4_msgs) StdoutLine: {'line': b'-- Up-to-date symlink: /root/ws_sensor_combined/install/px4_msgs/local/lib/python3.10/dist-packages/px4_msgs/msg/_vehicle_torque_setpoint.py\n'}
[1.299212] (px4_msgs) StdoutLine: {'line': b'-- Up-to-date symlink: /root/ws_sensor_combined/install/px4_msgs/local/lib/python3.10/dist-packages/px4_msgs/msg/_vehicle_torque_setpoint_s.c\n'}
[1.299375] (px4_msgs) StdoutLine: {'line': b'-- Up-to-date symlink: /root/ws_sensor_combined/install/px4_msgs/local/lib/python3.10/dist-packages/px4_msgs/msg/_velocity_limits.py\n'}
[1.299518] (px4_msgs) StdoutLine: {'line': b'-- Up-to-date symlink: /root/ws_sensor_combined/install/px4_msgs/local/lib/python3.10/dist-packages/px4_msgs/msg/_velocity_limits_s.c\n'}
[1.299697] (px4_msgs) StdoutLine: {'line': b'-- Up-to-date symlink: /root/ws_sensor_combined/install/px4_msgs/local/lib/python3.10/dist-packages/px4_msgs/msg/_vtol_vehicle_status.py\n'}
[1.300028] (px4_msgs) StdoutLine: {'line': b'-- Up-to-date symlink: /root/ws_sensor_combined/install/px4_msgs/local/lib/python3.10/dist-packages/px4_msgs/msg/_vtol_vehicle_status_s.c\n'}
[1.300311] (px4_msgs) StdoutLine: {'line': b'-- Up-to-date symlink: /root/ws_sensor_combined/install/px4_msgs/local/lib/python3.10/dist-packages/px4_msgs/msg/_wheel_encoders.py\n'}
[1.301176] (px4_msgs) StdoutLine: {'line': b'-- Up-to-date symlink: /root/ws_sensor_combined/install/px4_msgs/local/lib/python3.10/dist-packages/px4_msgs/msg/_wheel_encoders_s.c\n'}
[1.301375] (px4_msgs) StdoutLine: {'line': b'-- Up-to-date symlink: /root/ws_sensor_combined/install/px4_msgs/local/lib/python3.10/dist-packages/px4_msgs/msg/_wind.py\n'}
[1.301643] (px4_msgs) StdoutLine: {'line': b'-- Up-to-date symlink: /root/ws_sensor_combined/install/px4_msgs/local/lib/python3.10/dist-packages/px4_msgs/msg/_wind_s.c\n'}
[1.301802] (px4_msgs) StdoutLine: {'line': b'-- Up-to-date symlink: /root/ws_sensor_combined/install/px4_msgs/local/lib/python3.10/dist-packages/px4_msgs/msg/_yaw_estimator_status.py\n'}
[1.301963] (px4_msgs) StdoutLine: {'line': b'-- Up-to-date symlink: /root/ws_sensor_combined/install/px4_msgs/local/lib/python3.10/dist-packages/px4_msgs/msg/_yaw_estimator_status_s.c\n'}
[1.302183] (px4_msgs) StdoutLine: {'line': b'-- Up-to-date symlink: /root/ws_sensor_combined/install/px4_msgs/local/lib/python3.10/dist-packages/px4_msgs/px4_msgs_s__rosidl_typesupport_c.cpython-310-x86_64-linux-gnu.so\n'}
[1.302403] (px4_msgs) StdoutLine: {'line': b'-- Up-to-date symlink: /root/ws_sensor_combined/install/px4_msgs/local/lib/python3.10/dist-packages/px4_msgs/px4_msgs_s__rosidl_typesupport_fastrtps_c.cpython-310-x86_64-linux-gnu.so\n'}
[1.302691] (px4_msgs) StdoutLine: {'line': b'-- Up-to-date symlink: /root/ws_sensor_combined/install/px4_msgs/local/lib/python3.10/dist-packages/px4_msgs/px4_msgs_s__rosidl_typesupport_introspection_c.cpython-310-x86_64-linux-gnu.so\n'}
[1.302869] (-) TimerEvent: {}
[1.303071] (px4_msgs) StdoutLine: {'line': b'-- Up-to-date symlink: /root/ws_sensor_combined/install/px4_msgs/local/lib/python3.10/dist-packages/px4_msgs/srv/__init__.py\n'}
[1.303304] (px4_msgs) StdoutLine: {'line': b'-- Up-to-date symlink: /root/ws_sensor_combined/install/px4_msgs/local/lib/python3.10/dist-packages/px4_msgs/srv/_vehicle_command.py\n'}
[1.303458] (px4_msgs) StdoutLine: {'line': b'-- Up-to-date symlink: /root/ws_sensor_combined/install/px4_msgs/local/lib/python3.10/dist-packages/px4_msgs/srv/_vehicle_command_s.c\n'}
[1.303864] (px4_msgs) StdoutLine: {'line': b'-- Up-to-date symlink: /root/ws_sensor_combined/install/px4_msgs/local/lib/python3.10/dist-packages/px4_msgs/px4_msgs_s__rosidl_typesupport_fastrtps_c.cpython-310-x86_64-linux-gnu.so\n'}
[1.304156] (px4_msgs) StdoutLine: {'line': b'-- Up-to-date symlink: /root/ws_sensor_combined/install/px4_msgs/local/lib/python3.10/dist-packages/px4_msgs/px4_msgs_s__rosidl_typesupport_introspection_c.cpython-310-x86_64-linux-gnu.so\n'}
[1.304495] (px4_msgs) StdoutLine: {'line': b'-- Up-to-date symlink: /root/ws_sensor_combined/install/px4_msgs/local/lib/python3.10/dist-packages/px4_msgs/px4_msgs_s__rosidl_typesupport_c.cpython-310-x86_64-linux-gnu.so\n'}
[1.304928] (px4_msgs) StdoutLine: {'line': b'-- Up-to-date symlink: /root/ws_sensor_combined/install/px4_msgs/share/px4_msgs/msg/ActionRequest.idl\n'}
[1.305336] (px4_msgs) StdoutLine: {'line': b'-- Up-to-date symlink: /root/ws_sensor_combined/install/px4_msgs/share/px4_msgs/msg/ActuatorArmed.idl\n'}
[1.305559] (px4_msgs) StdoutLine: {'line': b'-- Up-to-date symlink: /root/ws_sensor_combined/install/px4_msgs/share/px4_msgs/msg/ActuatorControlsStatus.idl\n'}
[1.305871] (px4_msgs) StdoutLine: {'line': b'-- Up-to-date symlink: /root/ws_sensor_combined/install/px4_msgs/share/px4_msgs/msg/ActuatorMotors.idl\n'}
[1.306429] (px4_msgs) StdoutLine: {'line': b'-- Up-to-date symlink: /root/ws_sensor_combined/install/px4_msgs/share/px4_msgs/msg/ActuatorOutputs.idl\n'}
[1.306762] (px4_msgs) StdoutLine: {'line': b'-- Up-to-date symlink: /root/ws_sensor_combined/install/px4_msgs/share/px4_msgs/msg/ActuatorServos.idl\n'}
[1.306919] (px4_msgs) StdoutLine: {'line': b'-- Up-to-date symlink: /root/ws_sensor_combined/install/px4_msgs/share/px4_msgs/msg/ActuatorServosTrim.idl\n'}
[1.307145] (px4_msgs) StdoutLine: {'line': b'-- Up-to-date symlink: /root/ws_sensor_combined/install/px4_msgs/share/px4_msgs/msg/ActuatorTest.idl\n'}
[1.307327] (px4_msgs) StdoutLine: {'line': b'-- Up-to-date symlink: /root/ws_sensor_combined/install/px4_msgs/share/px4_msgs/msg/AdcReport.idl\n'}
[1.307550] (px4_msgs) StdoutLine: {'line': b'-- Up-to-date symlink: /root/ws_sensor_combined/install/px4_msgs/share/px4_msgs/msg/Airspeed.idl\n'}
[1.307751] (px4_msgs) StdoutLine: {'line': b'-- Up-to-date symlink: /root/ws_sensor_combined/install/px4_msgs/share/px4_msgs/msg/AirspeedValidated.idl\n'}
[1.307970] (px4_msgs) StdoutLine: {'line': b'-- Up-to-date symlink: /root/ws_sensor_combined/install/px4_msgs/share/px4_msgs/msg/AirspeedWind.idl\n'}
[1.308295] (px4_msgs) StdoutLine: {'line': b'-- Up-to-date symlink: /root/ws_sensor_combined/install/px4_msgs/share/px4_msgs/msg/ArmingCheckReply.idl\n'}
[1.308591] (px4_msgs) StdoutLine: {'line': b'-- Up-to-date symlink: /root/ws_sensor_combined/install/px4_msgs/share/px4_msgs/msg/ArmingCheckRequest.idl\n'}
[1.308833] (px4_msgs) StdoutLine: {'line': b'-- Up-to-date symlink: /root/ws_sensor_combined/install/px4_msgs/share/px4_msgs/msg/AutotuneAttitudeControlStatus.idl\n'}
[1.309440] (px4_msgs) StdoutLine: {'line': b'-- Up-to-date symlink: /root/ws_sensor_combined/install/px4_msgs/share/px4_msgs/msg/BatteryInfo.idl\n'}
[1.309819] (px4_msgs) StdoutLine: {'line': b'-- Up-to-date symlink: /root/ws_sensor_combined/install/px4_msgs/share/px4_msgs/msg/BatteryStatus.idl\n'}
[1.310067] (px4_msgs) StdoutLine: {'line': b'-- Up-to-date symlink: /root/ws_sensor_combined/install/px4_msgs/share/px4_msgs/msg/ButtonEvent.idl\n'}
[1.310342] (px4_msgs) StdoutLine: {'line': b'-- Up-to-date symlink: /root/ws_sensor_combined/install/px4_msgs/share/px4_msgs/msg/CameraCapture.idl\n'}
[1.310769] (px4_msgs) StdoutLine: {'line': b'-- Up-to-date symlink: /root/ws_sensor_combined/install/px4_msgs/share/px4_msgs/msg/CameraStatus.idl\n'}
[1.310913] (px4_msgs) StdoutLine: {'line': b'-- Up-to-date symlink: /root/ws_sensor_combined/install/px4_msgs/share/px4_msgs/msg/CameraTrigger.idl\n'}
[1.311053] (px4_msgs) StdoutLine: {'line': b'-- Up-to-date symlink: /root/ws_sensor_combined/install/px4_msgs/share/px4_msgs/msg/CanInterfaceStatus.idl\n'}
[1.311252] (px4_msgs) StdoutLine: {'line': b'-- Up-to-date symlink: /root/ws_sensor_combined/install/px4_msgs/share/px4_msgs/msg/CellularStatus.idl\n'}
[1.311464] (px4_msgs) StdoutLine: {'line': b'-- Up-to-date symlink: /root/ws_sensor_combined/install/px4_msgs/share/px4_msgs/msg/CollisionConstraints.idl\n'}
[1.311708] (px4_msgs) StdoutLine: {'line': b'-- Up-to-date symlink: /root/ws_sensor_combined/install/px4_msgs/share/px4_msgs/msg/ConfigOverrides.idl\n'}
[1.312000] (px4_msgs) StdoutLine: {'line': b'-- Up-to-date symlink: /root/ws_sensor_combined/install/px4_msgs/share/px4_msgs/msg/ControlAllocatorStatus.idl\n'}
[1.312644] (px4_msgs) StdoutLine: {'line': b'-- Up-to-date symlink: /root/ws_sensor_combined/install/px4_msgs/share/px4_msgs/msg/Cpuload.idl\n'}
[1.312867] (px4_msgs) StdoutLine: {'line': b'-- Up-to-date symlink: /root/ws_sensor_combined/install/px4_msgs/share/px4_msgs/msg/DatamanRequest.idl\n'}
[1.313156] (px4_msgs) StdoutLine: {'line': b'-- Up-to-date symlink: /root/ws_sensor_combined/install/px4_msgs/share/px4_msgs/msg/DatamanResponse.idl\n'}
[1.313422] (px4_msgs) StdoutLine: {'line': b'-- Up-to-date symlink: /root/ws_sensor_combined/install/px4_msgs/share/px4_msgs/msg/DebugArray.idl\n'}
[1.313669] (px4_msgs) StdoutLine: {'line': b'-- Up-to-date symlink: /root/ws_sensor_combined/install/px4_msgs/share/px4_msgs/msg/DebugKeyValue.idl\n'}
[1.313992] (px4_msgs) StdoutLine: {'line': b'-- Up-to-date symlink: /root/ws_sensor_combined/install/px4_msgs/share/px4_msgs/msg/DebugValue.idl\n'}
[1.314101] (px4_msgs) StdoutLine: {'line': b'-- Up-to-date symlink: /root/ws_sensor_combined/install/px4_msgs/share/px4_msgs/msg/DebugVect.idl\n'}
[1.314304] (px4_msgs) StdoutLine: {'line': b'-- Up-to-date symlink: /root/ws_sensor_combined/install/px4_msgs/share/px4_msgs/msg/DifferentialPressure.idl\n'}
[1.314748] (px4_msgs) StdoutLine: {'line': b'-- Up-to-date symlink: /root/ws_sensor_combined/install/px4_msgs/share/px4_msgs/msg/DistanceSensor.idl\n'}
[1.314987] (px4_msgs) StdoutLine: {'line': b'-- Up-to-date symlink: /root/ws_sensor_combined/install/px4_msgs/share/px4_msgs/msg/DistanceSensorModeChangeRequest.idl\n'}
[1.315333] (px4_msgs) StdoutLine: {'line': b'-- Up-to-date symlink: /root/ws_sensor_combined/install/px4_msgs/share/px4_msgs/msg/DronecanNodeStatus.idl\n'}
[1.315558] (px4_msgs) StdoutLine: {'line': b'-- Up-to-date symlink: /root/ws_sensor_combined/install/px4_msgs/share/px4_msgs/msg/Ekf2Timestamps.idl\n'}
[1.315983] (px4_msgs) StdoutLine: {'line': b'-- Up-to-date symlink: /root/ws_sensor_combined/install/px4_msgs/share/px4_msgs/msg/EscReport.idl\n'}
[1.316201] (px4_msgs) StdoutLine: {'line': b'-- Up-to-date symlink: /root/ws_sensor_combined/install/px4_msgs/share/px4_msgs/msg/EscStatus.idl\n'}
[1.316532] (px4_msgs) StdoutLine: {'line': b'-- Up-to-date symlink: /root/ws_sensor_combined/install/px4_msgs/share/px4_msgs/msg/EstimatorAidSource1d.idl\n'}
[1.316997] (px4_msgs) StdoutLine: {'line': b'-- Up-to-date symlink: /root/ws_sensor_combined/install/px4_msgs/share/px4_msgs/msg/EstimatorAidSource2d.idl\n'}
[1.317283] (px4_msgs) StdoutLine: {'line': b'-- Up-to-date symlink: /root/ws_sensor_combined/install/px4_msgs/share/px4_msgs/msg/EstimatorAidSource3d.idl\n'}
[1.317695] (px4_msgs) StdoutLine: {'line': b'-- Up-to-date symlink: /root/ws_sensor_combined/install/px4_msgs/share/px4_msgs/msg/EstimatorBias.idl\n'}
[1.318243] (px4_msgs) StdoutLine: {'line': b'-- Up-to-date symlink: /root/ws_sensor_combined/install/px4_msgs/share/px4_msgs/msg/EstimatorBias3d.idl\n'}
[1.318754] (px4_msgs) StdoutLine: {'line': b'-- Up-to-date symlink: /root/ws_sensor_combined/install/px4_msgs/share/px4_msgs/msg/EstimatorEventFlags.idl\n'}
[1.319131] (px4_msgs) StdoutLine: {'line': b'-- Up-to-date symlink: /root/ws_sensor_combined/install/px4_msgs/share/px4_msgs/msg/EstimatorGpsStatus.idl\n'}
[1.319555] (px4_msgs) StdoutLine: {'line': b'-- Up-to-date symlink: /root/ws_sensor_combined/install/px4_msgs/share/px4_msgs/msg/EstimatorInnovations.idl\n'}
[1.319893] (px4_msgs) StdoutLine: {'line': b'-- Up-to-date symlink: /root/ws_sensor_combined/install/px4_msgs/share/px4_msgs/msg/EstimatorSelectorStatus.idl\n'}
[1.320113] (px4_msgs) StdoutLine: {'line': b'-- Up-to-date symlink: /root/ws_sensor_combined/install/px4_msgs/share/px4_msgs/msg/EstimatorSensorBias.idl\n'}
[1.320237] (px4_msgs) StdoutLine: {'line': b'-- Up-to-date symlink: /root/ws_sensor_combined/install/px4_msgs/share/px4_msgs/msg/EstimatorStates.idl\n'}
[1.320436] (px4_msgs) StdoutLine: {'line': b'-- Up-to-date symlink: /root/ws_sensor_combined/install/px4_msgs/share/px4_msgs/msg/EstimatorStatus.idl\n'}
[1.320621] (px4_msgs) StdoutLine: {'line': b'-- Up-to-date symlink: /root/ws_sensor_combined/install/px4_msgs/share/px4_msgs/msg/EstimatorStatusFlags.idl\n'}
[1.321098] (px4_msgs) StdoutLine: {'line': b'-- Up-to-date symlink: /root/ws_sensor_combined/install/px4_msgs/share/px4_msgs/msg/Event.idl\n'}
[1.321404] (px4_msgs) StdoutLine: {'line': b'-- Up-to-date symlink: /root/ws_sensor_combined/install/px4_msgs/share/px4_msgs/msg/FailsafeFlags.idl\n'}
[1.321807] (px4_msgs) StdoutLine: {'line': b'-- Up-to-date symlink: /root/ws_sensor_combined/install/px4_msgs/share/px4_msgs/msg/FailureDetectorStatus.idl\n'}
[1.322048] (px4_msgs) StdoutLine: {'line': b'-- Up-to-date symlink: /root/ws_sensor_combined/install/px4_msgs/share/px4_msgs/msg/FigureEightStatus.idl\n'}
[1.322322] (px4_msgs) StdoutLine: {'line': b'-- Up-to-date symlink: /root/ws_sensor_combined/install/px4_msgs/share/px4_msgs/msg/FixedWingLateralGuidanceStatus.idl\n'}
[1.322607] (px4_msgs) StdoutLine: {'line': b'-- Up-to-date symlink: /root/ws_sensor_combined/install/px4_msgs/share/px4_msgs/msg/FixedWingLateralSetpoint.idl\n'}
[1.322833] (px4_msgs) StdoutLine: {'line': b'-- Up-to-date symlink: /root/ws_sensor_combined/install/px4_msgs/share/px4_msgs/msg/FixedWingLateralStatus.idl\n'}
[1.323061] (px4_msgs) StdoutLine: {'line': b'-- Up-to-date symlink: /root/ws_sensor_combined/install/px4_msgs/share/px4_msgs/msg/FixedWingLongitudinalSetpoint.idl\n'}
[1.323410] (px4_msgs) StdoutLine: {'line': b'-- Up-to-date symlink: /root/ws_sensor_combined/install/px4_msgs/share/px4_msgs/msg/FixedWingRunwayControl.idl\n'}
[1.323672] (px4_msgs) StdoutLine: {'line': b'-- Up-to-date symlink: /root/ws_sensor_combined/install/px4_msgs/share/px4_msgs/msg/FlightPhaseEstimation.idl\n'}
[1.323932] (px4_msgs) StdoutLine: {'line': b'-- Up-to-date symlink: /root/ws_sensor_combined/install/px4_msgs/share/px4_msgs/msg/FollowTarget.idl\n'}
[1.324253] (px4_msgs) StdoutLine: {'line': b'-- Up-to-date symlink: /root/ws_sensor_combined/install/px4_msgs/share/px4_msgs/msg/FollowTargetEstimator.idl\n'}
[1.324731] (px4_msgs) StdoutLine: {'line': b'-- Up-to-date symlink: /root/ws_sensor_combined/install/px4_msgs/share/px4_msgs/msg/FollowTargetStatus.idl\n'}
[1.324912] (px4_msgs) StdoutLine: {'line': b'-- Up-to-date symlink: /root/ws_sensor_combined/install/px4_msgs/share/px4_msgs/msg/FuelTankStatus.idl\n'}
[1.325237] (px4_msgs) StdoutLine: {'line': b'-- Up-to-date symlink: /root/ws_sensor_combined/install/px4_msgs/share/px4_msgs/msg/GeneratorStatus.idl\n'}
[1.325420] (px4_msgs) StdoutLine: {'line': b'-- Up-to-date symlink: /root/ws_sensor_combined/install/px4_msgs/share/px4_msgs/msg/GeofenceResult.idl\n'}
[1.325609] (px4_msgs) StdoutLine: {'line': b'-- Up-to-date symlink: /root/ws_sensor_combined/install/px4_msgs/share/px4_msgs/msg/GeofenceStatus.idl\n'}
[1.325984] (px4_msgs) StdoutLine: {'line': b'-- Up-to-date symlink: /root/ws_sensor_combined/install/px4_msgs/share/px4_msgs/msg/GimbalControls.idl\n'}
[1.326217] (px4_msgs) StdoutLine: {'line': b'-- Up-to-date symlink: /root/ws_sensor_combined/install/px4_msgs/share/px4_msgs/msg/GimbalDeviceAttitudeStatus.idl\n'}
[1.326419] (px4_msgs) StdoutLine: {'line': b'-- Up-to-date symlink: /root/ws_sensor_combined/install/px4_msgs/share/px4_msgs/msg/GimbalDeviceInformation.idl\n'}
[1.326649] (px4_msgs) StdoutLine: {'line': b'-- Up-to-date symlink: /root/ws_sensor_combined/install/px4_msgs/share/px4_msgs/msg/GimbalDeviceSetAttitude.idl\n'}
[1.326875] (px4_msgs) StdoutLine: {'line': b'-- Up-to-date symlink: /root/ws_sensor_combined/install/px4_msgs/share/px4_msgs/msg/GimbalManagerInformation.idl\n'}
[1.327159] (px4_msgs) StdoutLine: {'line': b'-- Up-to-date symlink: /root/ws_sensor_combined/install/px4_msgs/share/px4_msgs/msg/GimbalManagerSetAttitude.idl\n'}
[1.327450] (px4_msgs) StdoutLine: {'line': b'-- Up-to-date symlink: /root/ws_sensor_combined/install/px4_msgs/share/px4_msgs/msg/GimbalManagerSetManualControl.idl\n'}
[1.327804] (px4_msgs) StdoutLine: {'line': b'-- Up-to-date symlink: /root/ws_sensor_combined/install/px4_msgs/share/px4_msgs/msg/GimbalManagerStatus.idl\n'}
[1.328184] (px4_msgs) StdoutLine: {'line': b'-- Up-to-date symlink: /root/ws_sensor_combined/install/px4_msgs/share/px4_msgs/msg/GotoSetpoint.idl\n'}
[1.328434] (px4_msgs) StdoutLine: {'line': b'-- Up-to-date symlink: /root/ws_sensor_combined/install/px4_msgs/share/px4_msgs/msg/GpioConfig.idl\n'}
[1.328714] (px4_msgs) StdoutLine: {'line': b'-- Up-to-date symlink: /root/ws_sensor_combined/install/px4_msgs/share/px4_msgs/msg/GpioIn.idl\n'}
[1.329026] (px4_msgs) StdoutLine: {'line': b'-- Up-to-date symlink: /root/ws_sensor_combined/install/px4_msgs/share/px4_msgs/msg/GpioOut.idl\n'}
[1.329316] (px4_msgs) StdoutLine: {'line': b'-- Up-to-date symlink: /root/ws_sensor_combined/install/px4_msgs/share/px4_msgs/msg/GpioRequest.idl\n'}
[1.329634] (px4_msgs) StdoutLine: {'line': b'-- Up-to-date symlink: /root/ws_sensor_combined/install/px4_msgs/share/px4_msgs/msg/GpsDump.idl\n'}
[1.329891] (px4_msgs) StdoutLine: {'line': b'-- Up-to-date symlink: /root/ws_sensor_combined/install/px4_msgs/share/px4_msgs/msg/GpsInjectData.idl\n'}
[1.330257] (px4_msgs) StdoutLine: {'line': b'-- Up-to-date symlink: /root/ws_sensor_combined/install/px4_msgs/share/px4_msgs/msg/Gripper.idl\n'}
[1.330649] (px4_msgs) StdoutLine: {'line': b'-- Up-to-date symlink: /root/ws_sensor_combined/install/px4_msgs/share/px4_msgs/msg/HealthReport.idl\n'}
[1.330929] (px4_msgs) StdoutLine: {'line': b'-- Up-to-date symlink: /root/ws_sensor_combined/install/px4_msgs/share/px4_msgs/msg/HeaterStatus.idl\n'}
[1.331163] (px4_msgs) StdoutLine: {'line': b'-- Up-to-date symlink: /root/ws_sensor_combined/install/px4_msgs/share/px4_msgs/msg/HomePosition.idl\n'}
[1.331412] (px4_msgs) StdoutLine: {'line': b'-- Up-to-date symlink: /root/ws_sensor_combined/install/px4_msgs/share/px4_msgs/msg/HoverThrustEstimate.idl\n'}
[1.331678] (px4_msgs) StdoutLine: {'line': b'-- Up-to-date symlink: /root/ws_sensor_combined/install/px4_msgs/share/px4_msgs/msg/InputRc.idl\n'}
[1.331876] (px4_msgs) StdoutLine: {'line': b'-- Up-to-date symlink: /root/ws_sensor_combined/install/px4_msgs/share/px4_msgs/msg/InternalCombustionEngineControl.idl\n'}
[1.332061] (px4_msgs) StdoutLine: {'line': b'-- Up-to-date symlink: /root/ws_sensor_combined/install/px4_msgs/share/px4_msgs/msg/InternalCombustionEngineStatus.idl\n'}
[1.332318] (px4_msgs) StdoutLine: {'line': b'-- Up-to-date symlink: /root/ws_sensor_combined/install/px4_msgs/share/px4_msgs/msg/IridiumsbdStatus.idl\n'}
[1.332606] (px4_msgs) StdoutLine: {'line': b'-- Up-to-date symlink: /root/ws_sensor_combined/install/px4_msgs/share/px4_msgs/msg/IrlockReport.idl\n'}
[1.332800] (px4_msgs) StdoutLine: {'line': b'-- Up-to-date symlink: /root/ws_sensor_combined/install/px4_msgs/share/px4_msgs/msg/LandingGear.idl\n'}
[1.333027] (px4_msgs) StdoutLine: {'line': b'-- Up-to-date symlink: /root/ws_sensor_combined/install/px4_msgs/share/px4_msgs/msg/LandingGearWheel.idl\n'}
[1.333217] (px4_msgs) StdoutLine: {'line': b'-- Up-to-date symlink: /root/ws_sensor_combined/install/px4_msgs/share/px4_msgs/msg/LandingTargetInnovations.idl\n'}
[1.333449] (px4_msgs) StdoutLine: {'line': b'-- Up-to-date symlink: /root/ws_sensor_combined/install/px4_msgs/share/px4_msgs/msg/LandingTargetPose.idl\n'}
[1.333689] (px4_msgs) StdoutLine: {'line': b'-- Up-to-date symlink: /root/ws_sensor_combined/install/px4_msgs/share/px4_msgs/msg/LateralControlConfiguration.idl\n'}
[1.333931] (px4_msgs) StdoutLine: {'line': b'-- Up-to-date symlink: /root/ws_sensor_combined/install/px4_msgs/share/px4_msgs/msg/LaunchDetectionStatus.idl\n'}
[1.334133] (px4_msgs) StdoutLine: {'line': b'-- Up-to-date symlink: /root/ws_sensor_combined/install/px4_msgs/share/px4_msgs/msg/LedControl.idl\n'}
[1.334332] (px4_msgs) StdoutLine: {'line': b'-- Up-to-date symlink: /root/ws_sensor_combined/install/px4_msgs/share/px4_msgs/msg/LogMessage.idl\n'}
[1.334525] (px4_msgs) StdoutLine: {'line': b'-- Up-to-date symlink: /root/ws_sensor_combined/install/px4_msgs/share/px4_msgs/msg/LoggerStatus.idl\n'}
[1.334739] (px4_msgs) StdoutLine: {'line': b'-- Up-to-date symlink: /root/ws_sensor_combined/install/px4_msgs/share/px4_msgs/msg/LongitudinalControlConfiguration.idl\n'}
[1.335089] (px4_msgs) StdoutLine: {'line': b'-- Up-to-date symlink: /root/ws_sensor_combined/install/px4_msgs/share/px4_msgs/msg/MagWorkerData.idl\n'}
[1.335179] (px4_msgs) StdoutLine: {'line': b'-- Up-to-date symlink: /root/ws_sensor_combined/install/px4_msgs/share/px4_msgs/msg/MagnetometerBiasEstimate.idl\n'}
[1.335324] (px4_msgs) StdoutLine: {'line': b'-- Up-to-date symlink: /root/ws_sensor_combined/install/px4_msgs/share/px4_msgs/msg/ManualControlSetpoint.idl\n'}
[1.335514] (px4_msgs) StdoutLine: {'line': b'-- Up-to-date symlink: /root/ws_sensor_combined/install/px4_msgs/share/px4_msgs/msg/ManualControlSwitches.idl\n'}
[1.335758] (px4_msgs) StdoutLine: {'line': b'-- Up-to-date symlink: /root/ws_sensor_combined/install/px4_msgs/share/px4_msgs/msg/MavlinkLog.idl\n'}
[1.335952] (px4_msgs) StdoutLine: {'line': b'-- Up-to-date symlink: /root/ws_sensor_combined/install/px4_msgs/share/px4_msgs/msg/MavlinkTunnel.idl\n'}
[1.336194] (px4_msgs) StdoutLine: {'line': b'-- Up-to-date symlink: /root/ws_sensor_combined/install/px4_msgs/share/px4_msgs/msg/MessageFormatRequest.idl\n'}
[1.336614] (px4_msgs) StdoutLine: {'line': b'-- Up-to-date symlink: /root/ws_sensor_combined/install/px4_msgs/share/px4_msgs/msg/MessageFormatResponse.idl\n'}
[1.336909] (px4_msgs) StdoutLine: {'line': b'-- Up-to-date symlink: /root/ws_sensor_combined/install/px4_msgs/share/px4_msgs/msg/Mission.idl\n'}
[1.337155] (px4_msgs) StdoutLine: {'line': b'-- Up-to-date symlink: /root/ws_sensor_combined/install/px4_msgs/share/px4_msgs/msg/MissionResult.idl\n'}
[1.337410] (px4_msgs) StdoutLine: {'line': b'-- Up-to-date symlink: /root/ws_sensor_combined/install/px4_msgs/share/px4_msgs/msg/ModeCompleted.idl\n'}
[1.337668] (px4_msgs) StdoutLine: {'line': b'-- Up-to-date symlink: /root/ws_sensor_combined/install/px4_msgs/share/px4_msgs/msg/MountOrientation.idl\n'}
[1.337992] (px4_msgs) StdoutLine: {'line': b'-- Up-to-date symlink: /root/ws_sensor_combined/install/px4_msgs/share/px4_msgs/msg/NavigatorMissionItem.idl\n'}
[1.338205] (px4_msgs) StdoutLine: {'line': b'-- Up-to-date symlink: /root/ws_sensor_combined/install/px4_msgs/share/px4_msgs/msg/NavigatorStatus.idl\n'}
[1.338416] (px4_msgs) StdoutLine: {'line': b'-- Up-to-date symlink: /root/ws_sensor_combined/install/px4_msgs/share/px4_msgs/msg/NeuralControl.idl\n'}
[1.338607] (px4_msgs) StdoutLine: {'line': b'-- Up-to-date symlink: /root/ws_sensor_combined/install/px4_msgs/share/px4_msgs/msg/NormalizedUnsignedSetpoint.idl\n'}
[1.338823] (px4_msgs) StdoutLine: {'line': b'-- Up-to-date symlink: /root/ws_sensor_combined/install/px4_msgs/share/px4_msgs/msg/ObstacleDistance.idl\n'}
[1.339035] (px4_msgs) StdoutLine: {'line': b'-- Up-to-date symlink: /root/ws_sensor_combined/install/px4_msgs/share/px4_msgs/msg/OffboardControlMode.idl\n'}
[1.339218] (px4_msgs) StdoutLine: {'line': b'-- Up-to-date symlink: /root/ws_sensor_combined/install/px4_msgs/share/px4_msgs/msg/OnboardComputerStatus.idl\n'}
[1.339416] (px4_msgs) StdoutLine: {'line': b'-- Up-to-date symlink: /root/ws_sensor_combined/install/px4_msgs/share/px4_msgs/msg/OpenDroneIdArmStatus.idl\n'}
[1.339725] (px4_msgs) StdoutLine: {'line': b'-- Up-to-date symlink: /root/ws_sensor_combined/install/px4_msgs/share/px4_msgs/msg/OpenDroneIdOperatorId.idl\n'}
[1.339944] (px4_msgs) StdoutLine: {'line': b'-- Up-to-date symlink: /root/ws_sensor_combined/install/px4_msgs/share/px4_msgs/msg/OpenDroneIdSelfId.idl\n'}
[1.340125] (px4_msgs) StdoutLine: {'line': b'-- Up-to-date symlink: /root/ws_sensor_combined/install/px4_msgs/share/px4_msgs/msg/OpenDroneIdSystem.idl\n'}
[1.340303] (px4_msgs) StdoutLine: {'line': b'-- Up-to-date symlink: /root/ws_sensor_combined/install/px4_msgs/share/px4_msgs/msg/OrbTest.idl\n'}
[1.340501] (px4_msgs) StdoutLine: {'line': b'-- Up-to-date symlink: /root/ws_sensor_combined/install/px4_msgs/share/px4_msgs/msg/OrbTestLarge.idl\n'}
[1.340705] (px4_msgs) StdoutLine: {'line': b'-- Up-to-date symlink: /root/ws_sensor_combined/install/px4_msgs/share/px4_msgs/msg/OrbTestMedium.idl\n'}
[1.340893] (px4_msgs) StdoutLine: {'line': b'-- Up-to-date symlink: /root/ws_sensor_combined/install/px4_msgs/share/px4_msgs/msg/OrbitStatus.idl\n'}
[1.341090] (px4_msgs) StdoutLine: {'line': b'-- Up-to-date symlink: /root/ws_sensor_combined/install/px4_msgs/share/px4_msgs/msg/ParameterResetRequest.idl\n'}
[1.341296] (px4_msgs) StdoutLine: {'line': b'-- Up-to-date symlink: /root/ws_sensor_combined/install/px4_msgs/share/px4_msgs/msg/ParameterSetUsedRequest.idl\n'}
[1.341497] (px4_msgs) StdoutLine: {'line': b'-- Up-to-date symlink: /root/ws_sensor_combined/install/px4_msgs/share/px4_msgs/msg/ParameterSetValueRequest.idl\n'}
[1.341782] (px4_msgs) StdoutLine: {'line': b'-- Up-to-date symlink: /root/ws_sensor_combined/install/px4_msgs/share/px4_msgs/msg/ParameterSetValueResponse.idl\n'}
[1.342123] (px4_msgs) StdoutLine: {'line': b'-- Up-to-date symlink: /root/ws_sensor_combined/install/px4_msgs/share/px4_msgs/msg/ParameterUpdate.idl\n'}
[1.342247] (px4_msgs) StdoutLine: {'line': b'-- Up-to-date symlink: /root/ws_sensor_combined/install/px4_msgs/share/px4_msgs/msg/Ping.idl\n'}
[1.342593] (px4_msgs) StdoutLine: {'line': b'-- Up-to-date symlink: /root/ws_sensor_combined/install/px4_msgs/share/px4_msgs/msg/PositionControllerLandingStatus.idl\n'}
[1.342773] (px4_msgs) StdoutLine: {'line': b'-- Up-to-date symlink: /root/ws_sensor_combined/install/px4_msgs/share/px4_msgs/msg/PositionControllerStatus.idl\n'}
[1.342932] (px4_msgs) StdoutLine: {'line': b'-- Up-to-date symlink: /root/ws_sensor_combined/install/px4_msgs/share/px4_msgs/msg/PositionSetpoint.idl\n'}
[1.343299] (px4_msgs) StdoutLine: {'line': b'-- Up-to-date symlink: /root/ws_sensor_combined/install/px4_msgs/share/px4_msgs/msg/PositionSetpointTriplet.idl\n'}
[1.343497] (px4_msgs) StdoutLine: {'line': b'-- Up-to-date symlink: /root/ws_sensor_combined/install/px4_msgs/share/px4_msgs/msg/PowerButtonState.idl\n'}
[1.343779] (px4_msgs) StdoutLine: {'line': b'-- Up-to-date symlink: /root/ws_sensor_combined/install/px4_msgs/share/px4_msgs/msg/PowerMonitor.idl\n'}
[1.344096] (px4_msgs) StdoutLine: {'line': b'-- Up-to-date symlink: /root/ws_sensor_combined/install/px4_msgs/share/px4_msgs/msg/PpsCapture.idl\n'}
[1.344342] (px4_msgs) StdoutLine: {'line': b'-- Up-to-date symlink: /root/ws_sensor_combined/install/px4_msgs/share/px4_msgs/msg/PurePursuitStatus.idl\n'}
[1.344566] (px4_msgs) StdoutLine: {'line': b'-- Up-to-date symlink: /root/ws_sensor_combined/install/px4_msgs/share/px4_msgs/msg/PwmInput.idl\n'}
[1.344794] (px4_msgs) StdoutLine: {'line': b'-- Up-to-date symlink: /root/ws_sensor_combined/install/px4_msgs/share/px4_msgs/msg/Px4ioStatus.idl\n'}
[1.345027] (px4_msgs) StdoutLine: {'line': b'-- Up-to-date symlink: /root/ws_sensor_combined/install/px4_msgs/share/px4_msgs/msg/QshellReq.idl\n'}
[1.345290] (px4_msgs) StdoutLine: {'line': b'-- Up-to-date symlink: /root/ws_sensor_combined/install/px4_msgs/share/px4_msgs/msg/QshellRetval.idl\n'}
[1.345608] (px4_msgs) StdoutLine: {'line': b'-- Up-to-date symlink: /root/ws_sensor_combined/install/px4_msgs/share/px4_msgs/msg/RadioStatus.idl\n'}
[1.345949] (px4_msgs) StdoutLine: {'line': b'-- Up-to-date symlink: /root/ws_sensor_combined/install/px4_msgs/share/px4_msgs/msg/RateCtrlStatus.idl\n'}
[1.346099] (px4_msgs) StdoutLine: {'line': b'-- Up-to-date symlink: /root/ws_sensor_combined/install/px4_msgs/share/px4_msgs/msg/RcChannels.idl\n'}
[1.346279] (px4_msgs) StdoutLine: {'line': b'-- Up-to-date symlink: /root/ws_sensor_combined/install/px4_msgs/share/px4_msgs/msg/RcParameterMap.idl\n'}
[1.346603] (px4_msgs) StdoutLine: {'line': b'-- Up-to-date symlink: /root/ws_sensor_combined/install/px4_msgs/share/px4_msgs/msg/RegisterExtComponentReply.idl\n'}
[1.346805] (px4_msgs) StdoutLine: {'line': b'-- Up-to-date symlink: /root/ws_sensor_combined/install/px4_msgs/share/px4_msgs/msg/RegisterExtComponentRequest.idl\n'}
[1.347044] (px4_msgs) StdoutLine: {'line': b'-- Up-to-date symlink: /root/ws_sensor_combined/install/px4_msgs/share/px4_msgs/msg/RoverAttitudeSetpoint.idl\n'}
[1.347316] (px4_msgs) StdoutLine: {'line': b'-- Up-to-date symlink: /root/ws_sensor_combined/install/px4_msgs/share/px4_msgs/msg/RoverAttitudeStatus.idl\n'}
[1.347576] (px4_msgs) StdoutLine: {'line': b'-- Up-to-date symlink: /root/ws_sensor_combined/install/px4_msgs/share/px4_msgs/msg/RoverPositionSetpoint.idl\n'}
[1.347737] (px4_msgs) StdoutLine: {'line': b'-- Up-to-date symlink: /root/ws_sensor_combined/install/px4_msgs/share/px4_msgs/msg/RoverRateSetpoint.idl\n'}
[1.347953] (px4_msgs) StdoutLine: {'line': b'-- Up-to-date symlink: /root/ws_sensor_combined/install/px4_msgs/share/px4_msgs/msg/RoverRateStatus.idl\n'}
[1.348182] (px4_msgs) StdoutLine: {'line': b'-- Up-to-date symlink: /root/ws_sensor_combined/install/px4_msgs/share/px4_msgs/msg/RoverSteeringSetpoint.idl\n'}
[1.348506] (px4_msgs) StdoutLine: {'line': b'-- Up-to-date symlink: /root/ws_sensor_combined/install/px4_msgs/share/px4_msgs/msg/RoverThrottleSetpoint.idl\n'}
[1.348832] (px4_msgs) StdoutLine: {'line': b'-- Up-to-date symlink: /root/ws_sensor_combined/install/px4_msgs/share/px4_msgs/msg/RoverVelocitySetpoint.idl\n'}
[1.349020] (px4_msgs) StdoutLine: {'line': b'-- Up-to-date symlink: /root/ws_sensor_combined/install/px4_msgs/share/px4_msgs/msg/RoverVelocityStatus.idl\n'}
[1.349346] (px4_msgs) StdoutLine: {'line': b'-- Up-to-date symlink: /root/ws_sensor_combined/install/px4_msgs/share/px4_msgs/msg/Rpm.idl\n'}
[1.349490] (px4_msgs) StdoutLine: {'line': b'-- Up-to-date symlink: /root/ws_sensor_combined/install/px4_msgs/share/px4_msgs/msg/RtlStatus.idl\n'}
[1.349743] (px4_msgs) StdoutLine: {'line': b'-- Up-to-date symlink: /root/ws_sensor_combined/install/px4_msgs/share/px4_msgs/msg/RtlTimeEstimate.idl\n'}
[1.349914] (px4_msgs) StdoutLine: {'line': b'-- Up-to-date symlink: /root/ws_sensor_combined/install/px4_msgs/share/px4_msgs/msg/SatelliteInfo.idl\n'}
[1.350190] (px4_msgs) StdoutLine: {'line': b'-- Up-to-date symlink: /root/ws_sensor_combined/install/px4_msgs/share/px4_msgs/msg/SensorAccel.idl\n'}
[1.350449] (px4_msgs) StdoutLine: {'line': b'-- Up-to-date symlink: /root/ws_sensor_combined/install/px4_msgs/share/px4_msgs/msg/SensorAccelFifo.idl\n'}
[1.350655] (px4_msgs) StdoutLine: {'line': b'-- Up-to-date symlink: /root/ws_sensor_combined/install/px4_msgs/share/px4_msgs/msg/SensorAirflow.idl\n'}
[1.350846] (px4_msgs) StdoutLine: {'line': b'-- Up-to-date symlink: /root/ws_sensor_combined/install/px4_msgs/share/px4_msgs/msg/SensorBaro.idl\n'}
[1.351189] (px4_msgs) StdoutLine: {'line': b'-- Up-to-date symlink: /root/ws_sensor_combined/install/px4_msgs/share/px4_msgs/msg/SensorCombined.idl\n'}
[1.351400] (px4_msgs) StdoutLine: {'line': b'-- Up-to-date symlink: /root/ws_sensor_combined/install/px4_msgs/share/px4_msgs/msg/SensorCorrection.idl\n'}
[1.351613] (px4_msgs) StdoutLine: {'line': b'-- Up-to-date symlink: /root/ws_sensor_combined/install/px4_msgs/share/px4_msgs/msg/SensorGnssRelative.idl\n'}
[1.351830] (px4_msgs) StdoutLine: {'line': b'-- Up-to-date symlink: /root/ws_sensor_combined/install/px4_msgs/share/px4_msgs/msg/SensorGps.idl\n'}
[1.352206] (px4_msgs) StdoutLine: {'line': b'-- Up-to-date symlink: /root/ws_sensor_combined/install/px4_msgs/share/px4_msgs/msg/SensorGyro.idl\n'}
[1.352404] (px4_msgs) StdoutLine: {'line': b'-- Up-to-date symlink: /root/ws_sensor_combined/install/px4_msgs/share/px4_msgs/msg/SensorGyroFft.idl\n'}
[1.352592] (px4_msgs) StdoutLine: {'line': b'-- Up-to-date symlink: /root/ws_sensor_combined/install/px4_msgs/share/px4_msgs/msg/SensorGyroFifo.idl\n'}
[1.352786] (px4_msgs) StdoutLine: {'line': b'-- Up-to-date symlink: /root/ws_sensor_combined/install/px4_msgs/share/px4_msgs/msg/SensorHygrometer.idl\n'}
[1.352972] (px4_msgs) StdoutLine: {'line': b'-- Up-to-date symlink: /root/ws_sensor_combined/install/px4_msgs/share/px4_msgs/msg/SensorMag.idl\n'}
[1.353155] (px4_msgs) StdoutLine: {'line': b'-- Up-to-date symlink: /root/ws_sensor_combined/install/px4_msgs/share/px4_msgs/msg/SensorOpticalFlow.idl\n'}
[1.353576] (px4_msgs) StdoutLine: {'line': b'-- Up-to-date symlink: /root/ws_sensor_combined/install/px4_msgs/share/px4_msgs/msg/SensorPreflightMag.idl\n'}
[1.353803] (px4_msgs) StdoutLine: {'line': b'-- Up-to-date symlink: /root/ws_sensor_combined/install/px4_msgs/share/px4_msgs/msg/SensorSelection.idl\n'}
[1.354017] (px4_msgs) StdoutLine: {'line': b'-- Up-to-date symlink: /root/ws_sensor_combined/install/px4_msgs/share/px4_msgs/msg/SensorUwb.idl\n'}
[1.354280] (px4_msgs) StdoutLine: {'line': b'-- Up-to-date symlink: /root/ws_sensor_combined/install/px4_msgs/share/px4_msgs/msg/SensorsStatus.idl\n'}
[1.354552] (px4_msgs) StdoutLine: {'line': b'-- Up-to-date symlink: /root/ws_sensor_combined/install/px4_msgs/share/px4_msgs/msg/SensorsStatusImu.idl\n'}
[1.354885] (px4_msgs) StdoutLine: {'line': b'-- Up-to-date symlink: /root/ws_sensor_combined/install/px4_msgs/share/px4_msgs/msg/SystemPower.idl\n'}
[1.355128] (px4_msgs) StdoutLine: {'line': b'-- Up-to-date symlink: /root/ws_sensor_combined/install/px4_msgs/share/px4_msgs/msg/TakeoffStatus.idl\n'}
[1.355383] (px4_msgs) StdoutLine: {'line': b'-- Up-to-date symlink: /root/ws_sensor_combined/install/px4_msgs/share/px4_msgs/msg/TaskStackInfo.idl\n'}
[1.355552] (px4_msgs) StdoutLine: {'line': b'-- Up-to-date symlink: /root/ws_sensor_combined/install/px4_msgs/share/px4_msgs/msg/TecsStatus.idl\n'}
[1.355749] (px4_msgs) StdoutLine: {'line': b'-- Up-to-date symlink: /root/ws_sensor_combined/install/px4_msgs/share/px4_msgs/msg/TelemetryStatus.idl\n'}
[1.355935] (px4_msgs) StdoutLine: {'line': b'-- Up-to-date symlink: /root/ws_sensor_combined/install/px4_msgs/share/px4_msgs/msg/TiltrotorExtraControls.idl\n'}
[1.356101] (px4_msgs) StdoutLine: {'line': b'-- Up-to-date symlink: /root/ws_sensor_combined/install/px4_msgs/share/px4_msgs/msg/TimesyncStatus.idl\n'}
[1.356292] (px4_msgs) StdoutLine: {'line': b'-- Up-to-date symlink: /root/ws_sensor_combined/install/px4_msgs/share/px4_msgs/msg/TrajectorySetpoint.idl\n'}
[1.356512] (px4_msgs) StdoutLine: {'line': b'-- Up-to-date symlink: /root/ws_sensor_combined/install/px4_msgs/share/px4_msgs/msg/TrajectorySetpoint6dof.idl\n'}
[1.356799] (px4_msgs) StdoutLine: {'line': b'-- Up-to-date symlink: /root/ws_sensor_combined/install/px4_msgs/share/px4_msgs/msg/TransponderReport.idl\n'}
[1.357013] (px4_msgs) StdoutLine: {'line': b'-- Up-to-date symlink: /root/ws_sensor_combined/install/px4_msgs/share/px4_msgs/msg/TuneControl.idl\n'}
[1.357269] (px4_msgs) StdoutLine: {'line': b'-- Up-to-date symlink: /root/ws_sensor_combined/install/px4_msgs/share/px4_msgs/msg/UavcanParameterRequest.idl\n'}
[1.357570] (px4_msgs) StdoutLine: {'line': b'-- Up-to-date symlink: /root/ws_sensor_combined/install/px4_msgs/share/px4_msgs/msg/UavcanParameterValue.idl\n'}
[1.357821] (px4_msgs) StdoutLine: {'line': b'-- Up-to-date symlink: /root/ws_sensor_combined/install/px4_msgs/share/px4_msgs/msg/UlogStream.idl\n'}
[1.358013] (px4_msgs) StdoutLine: {'line': b'-- Up-to-date symlink: /root/ws_sensor_combined/install/px4_msgs/share/px4_msgs/msg/UlogStreamAck.idl\n'}
[1.358201] (px4_msgs) StdoutLine: {'line': b'-- Up-to-date symlink: /root/ws_sensor_combined/install/px4_msgs/share/px4_msgs/msg/UnregisterExtComponent.idl\n'}
[1.358382] (px4_msgs) StdoutLine: {'line': b'-- Up-to-date symlink: /root/ws_sensor_combined/install/px4_msgs/share/px4_msgs/msg/VehicleAcceleration.idl\n'}
[1.358618] (px4_msgs) StdoutLine: {'line': b'-- Up-to-date symlink: /root/ws_sensor_combined/install/px4_msgs/share/px4_msgs/msg/VehicleAirData.idl\n'}
[1.358791] (px4_msgs) StdoutLine: {'line': b'-- Up-to-date symlink: /root/ws_sensor_combined/install/px4_msgs/share/px4_msgs/msg/VehicleAngularAccelerationSetpoint.idl\n'}
[1.359050] (px4_msgs) StdoutLine: {'line': b'-- Up-to-date symlink: /root/ws_sensor_combined/install/px4_msgs/share/px4_msgs/msg/VehicleAngularVelocity.idl\n'}
[1.359267] (px4_msgs) StdoutLine: {'line': b'-- Up-to-date symlink: /root/ws_sensor_combined/install/px4_msgs/share/px4_msgs/msg/VehicleAttitude.idl\n'}
[1.359513] (px4_msgs) StdoutLine: {'line': b'-- Up-to-date symlink: /root/ws_sensor_combined/install/px4_msgs/share/px4_msgs/msg/VehicleAttitudeSetpoint.idl\n'}
[1.359734] (px4_msgs) StdoutLine: {'line': b'-- Up-to-date symlink: /root/ws_sensor_combined/install/px4_msgs/share/px4_msgs/msg/VehicleCommand.idl\n'}
[1.359992] (px4_msgs) StdoutLine: {'line': b'-- Up-to-date symlink: /root/ws_sensor_combined/install/px4_msgs/share/px4_msgs/msg/VehicleCommandAck.idl\n'}
[1.360209] (px4_msgs) StdoutLine: {'line': b'-- Up-to-date symlink: /root/ws_sensor_combined/install/px4_msgs/share/px4_msgs/msg/VehicleConstraints.idl\n'}
[1.360662] (px4_msgs) StdoutLine: {'line': b'-- Up-to-date symlink: /root/ws_sensor_combined/install/px4_msgs/share/px4_msgs/msg/VehicleControlMode.idl\n'}
[1.360785] (px4_msgs) StdoutLine: {'line': b'-- Up-to-date symlink: /root/ws_sensor_combined/install/px4_msgs/share/px4_msgs/msg/VehicleGlobalPosition.idl\n'}
[1.361087] (px4_msgs) StdoutLine: {'line': b'-- Up-to-date symlink: /root/ws_sensor_combined/install/px4_msgs/share/px4_msgs/msg/VehicleImu.idl\n'}
[1.361517] (px4_msgs) StdoutLine: {'line': b'-- Up-to-date symlink: /root/ws_sensor_combined/install/px4_msgs/share/px4_msgs/msg/VehicleImuStatus.idl\n'}
[1.361991] (px4_msgs) StdoutLine: {'line': b'-- Up-to-date symlink: /root/ws_sensor_combined/install/px4_msgs/share/px4_msgs/msg/VehicleLandDetected.idl\n'}
[1.362227] (px4_msgs) StdoutLine: {'line': b'-- Up-to-date symlink: /root/ws_sensor_combined/install/px4_msgs/share/px4_msgs/msg/VehicleLocalPosition.idl\n'}
[1.362416] (px4_msgs) StdoutLine: {'line': b'-- Up-to-date symlink: /root/ws_sensor_combined/install/px4_msgs/share/px4_msgs/msg/VehicleLocalPositionSetpoint.idl\n'}
[1.362624] (px4_msgs) StdoutLine: {'line': b'-- Up-to-date symlink: /root/ws_sensor_combined/install/px4_msgs/share/px4_msgs/msg/VehicleMagnetometer.idl\n'}
[1.363026] (px4_msgs) StdoutLine: {'line': b'-- Up-to-date symlink: /root/ws_sensor_combined/install/px4_msgs/share/px4_msgs/msg/VehicleOdometry.idl\n'}
[1.363206] (px4_msgs) StdoutLine: {'line': b'-- Up-to-date symlink: /root/ws_sensor_combined/install/px4_msgs/share/px4_msgs/msg/VehicleOpticalFlow.idl\n'}
[1.363440] (px4_msgs) StdoutLine: {'line': b'-- Up-to-date symlink: /root/ws_sensor_combined/install/px4_msgs/share/px4_msgs/msg/VehicleOpticalFlowVel.idl\n'}
[1.363730] (px4_msgs) StdoutLine: {'line': b'-- Up-to-date symlink: /root/ws_sensor_combined/install/px4_msgs/share/px4_msgs/msg/VehicleRatesSetpoint.idl\n'}
[1.363958] (px4_msgs) StdoutLine: {'line': b'-- Up-to-date symlink: /root/ws_sensor_combined/install/px4_msgs/share/px4_msgs/msg/VehicleRoi.idl\n'}
[1.364153] (px4_msgs) StdoutLine: {'line': b'-- Up-to-date symlink: /root/ws_sensor_combined/install/px4_msgs/share/px4_msgs/msg/VehicleStatus.idl\n'}
[1.364420] (px4_msgs) StdoutLine: {'line': b'-- Up-to-date symlink: /root/ws_sensor_combined/install/px4_msgs/share/px4_msgs/msg/VehicleThrustSetpoint.idl\n'}
[1.364618] (px4_msgs) StdoutLine: {'line': b'-- Up-to-date symlink: /root/ws_sensor_combined/install/px4_msgs/share/px4_msgs/msg/VehicleTorqueSetpoint.idl\n'}
[1.364812] (px4_msgs) StdoutLine: {'line': b'-- Up-to-date symlink: /root/ws_sensor_combined/install/px4_msgs/share/px4_msgs/msg/VelocityLimits.idl\n'}
[1.365087] (px4_msgs) StdoutLine: {'line': b'-- Up-to-date symlink: /root/ws_sensor_combined/install/px4_msgs/share/px4_msgs/msg/VtolVehicleStatus.idl\n'}
[1.365300] (px4_msgs) StdoutLine: {'line': b'-- Up-to-date symlink: /root/ws_sensor_combined/install/px4_msgs/share/px4_msgs/msg/WheelEncoders.idl\n'}
[1.365571] (px4_msgs) StdoutLine: {'line': b'-- Up-to-date symlink: /root/ws_sensor_combined/install/px4_msgs/share/px4_msgs/msg/Wind.idl\n'}
[1.365746] (px4_msgs) StdoutLine: {'line': b'-- Up-to-date symlink: /root/ws_sensor_combined/install/px4_msgs/share/px4_msgs/msg/YawEstimatorStatus.idl\n'}
[1.366157] (px4_msgs) StdoutLine: {'line': b'-- Up-to-date symlink: /root/ws_sensor_combined/install/px4_msgs/share/px4_msgs/srv/VehicleCommand.idl\n'}
[1.366386] (px4_msgs) StdoutLine: {'line': b'-- Up-to-date symlink: /root/ws_sensor_combined/install/px4_msgs/share/px4_msgs/msg/ActionRequest.msg\n'}
[1.366456] (px4_msgs) StdoutLine: {'line': b'-- Up-to-date symlink: /root/ws_sensor_combined/install/px4_msgs/share/px4_msgs/msg/ActuatorArmed.msg\n'}
[1.366573] (px4_msgs) StdoutLine: {'line': b'-- Up-to-date symlink: /root/ws_sensor_combined/install/px4_msgs/share/px4_msgs/msg/ActuatorControlsStatus.msg\n'}
[1.366927] (px4_msgs) StdoutLine: {'line': b'-- Up-to-date symlink: /root/ws_sensor_combined/install/px4_msgs/share/px4_msgs/msg/ActuatorMotors.msg\n'}
[1.367097] (px4_msgs) StdoutLine: {'line': b'-- Up-to-date symlink: /root/ws_sensor_combined/install/px4_msgs/share/px4_msgs/msg/ActuatorOutputs.msg\n'}
[1.367279] (px4_msgs) StdoutLine: {'line': b'-- Up-to-date symlink: /root/ws_sensor_combined/install/px4_msgs/share/px4_msgs/msg/ActuatorServos.msg\n'}
[1.367462] (px4_msgs) StdoutLine: {'line': b'-- Up-to-date symlink: /root/ws_sensor_combined/install/px4_msgs/share/px4_msgs/msg/ActuatorServosTrim.msg\n'}
[1.367699] (px4_msgs) StdoutLine: {'line': b'-- Up-to-date symlink: /root/ws_sensor_combined/install/px4_msgs/share/px4_msgs/msg/ActuatorTest.msg\n'}
[1.367820] (px4_msgs) StdoutLine: {'line': b'-- Up-to-date symlink: /root/ws_sensor_combined/install/px4_msgs/share/px4_msgs/msg/AdcReport.msg\n'}
[1.367851] (px4_msgs) StdoutLine: {'line': b'-- Up-to-date symlink: /root/ws_sensor_combined/install/px4_msgs/share/px4_msgs/msg/Airspeed.msg\n'}
[1.368000] (px4_msgs) StdoutLine: {'line': b'-- Up-to-date symlink: /root/ws_sensor_combined/install/px4_msgs/share/px4_msgs/msg/AirspeedValidated.msg\n'}
[1.368067] (px4_msgs) StdoutLine: {'line': b'-- Up-to-date symlink: /root/ws_sensor_combined/install/px4_msgs/share/px4_msgs/msg/AirspeedWind.msg\n'}
[1.368187] (px4_msgs) StdoutLine: {'line': b'-- Up-to-date symlink: /root/ws_sensor_combined/install/px4_msgs/share/px4_msgs/msg/ArmingCheckReply.msg\n'}
[1.368474] (px4_msgs) StdoutLine: {'line': b'-- Up-to-date symlink: /root/ws_sensor_combined/install/px4_msgs/share/px4_msgs/msg/ArmingCheckRequest.msg\n'}
[1.368818] (px4_msgs) StdoutLine: {'line': b'-- Up-to-date symlink: /root/ws_sensor_combined/install/px4_msgs/share/px4_msgs/msg/AutotuneAttitudeControlStatus.msg\n'}
[1.369002] (px4_msgs) StdoutLine: {'line': b'-- Up-to-date symlink: /root/ws_sensor_combined/install/px4_msgs/share/px4_msgs/msg/BatteryInfo.msg\n'}
[1.369043] (px4_msgs) StdoutLine: {'line': b'-- Up-to-date symlink: /root/ws_sensor_combined/install/px4_msgs/share/px4_msgs/msg/BatteryStatus.msg\n'}
[1.369187] (px4_msgs) StdoutLine: {'line': b'-- Up-to-date symlink: /root/ws_sensor_combined/install/px4_msgs/share/px4_msgs/msg/ButtonEvent.msg\n'}
[1.369296] (px4_msgs) StdoutLine: {'line': b'-- Up-to-date symlink: /root/ws_sensor_combined/install/px4_msgs/share/px4_msgs/msg/CameraCapture.msg\n'}
[1.369434] (px4_msgs) StdoutLine: {'line': b'-- Up-to-date symlink: /root/ws_sensor_combined/install/px4_msgs/share/px4_msgs/msg/CameraStatus.msg\n'}
[1.369524] (px4_msgs) StdoutLine: {'line': b'-- Up-to-date symlink: /root/ws_sensor_combined/install/px4_msgs/share/px4_msgs/msg/CameraTrigger.msg\n'}
[1.369682] (px4_msgs) StdoutLine: {'line': b'-- Up-to-date symlink: /root/ws_sensor_combined/install/px4_msgs/share/px4_msgs/msg/CanInterfaceStatus.msg\n'}
[1.369812] (px4_msgs) StdoutLine: {'line': b'-- Up-to-date symlink: /root/ws_sensor_combined/install/px4_msgs/share/px4_msgs/msg/CellularStatus.msg\n'}
[1.370135] (px4_msgs) StdoutLine: {'line': b'-- Up-to-date symlink: /root/ws_sensor_combined/install/px4_msgs/share/px4_msgs/msg/CollisionConstraints.msg\n'}
[1.370405] (px4_msgs) StdoutLine: {'line': b'-- Up-to-date symlink: /root/ws_sensor_combined/install/px4_msgs/share/px4_msgs/msg/ConfigOverrides.msg\n'}
[1.370655] (px4_msgs) StdoutLine: {'line': b'-- Up-to-date symlink: /root/ws_sensor_combined/install/px4_msgs/share/px4_msgs/msg/ControlAllocatorStatus.msg\n'}
[1.370774] (px4_msgs) StdoutLine: {'line': b'-- Up-to-date symlink: /root/ws_sensor_combined/install/px4_msgs/share/px4_msgs/msg/Cpuload.msg\n'}
[1.371029] (px4_msgs) StdoutLine: {'line': b'-- Up-to-date symlink: /root/ws_sensor_combined/install/px4_msgs/share/px4_msgs/msg/DatamanRequest.msg\n'}
[1.371324] (px4_msgs) StdoutLine: {'line': b'-- Up-to-date symlink: /root/ws_sensor_combined/install/px4_msgs/share/px4_msgs/msg/DatamanResponse.msg\n'}
[1.371477] (px4_msgs) StdoutLine: {'line': b'-- Up-to-date symlink: /root/ws_sensor_combined/install/px4_msgs/share/px4_msgs/msg/DebugArray.msg\n'}
[1.371598] (px4_msgs) StdoutLine: {'line': b'-- Up-to-date symlink: /root/ws_sensor_combined/install/px4_msgs/share/px4_msgs/msg/DebugKeyValue.msg\n'}
[1.371738] (px4_msgs) StdoutLine: {'line': b'-- Up-to-date symlink: /root/ws_sensor_combined/install/px4_msgs/share/px4_msgs/msg/DebugValue.msg\n'}
[1.371788] (px4_msgs) StdoutLine: {'line': b'-- Up-to-date symlink: /root/ws_sensor_combined/install/px4_msgs/share/px4_msgs/msg/DebugVect.msg\n'}
[1.371945] (px4_msgs) StdoutLine: {'line': b'-- Up-to-date symlink: /root/ws_sensor_combined/install/px4_msgs/share/px4_msgs/msg/DifferentialPressure.msg\n'}
[1.372197] (px4_msgs) StdoutLine: {'line': b'-- Up-to-date symlink: /root/ws_sensor_combined/install/px4_msgs/share/px4_msgs/msg/DistanceSensor.msg\n'}
[1.372511] (px4_msgs) StdoutLine: {'line': b'-- Up-to-date symlink: /root/ws_sensor_combined/install/px4_msgs/share/px4_msgs/msg/DistanceSensorModeChangeRequest.msg\n'}
[1.372771] (px4_msgs) StdoutLine: {'line': b'-- Up-to-date symlink: /root/ws_sensor_combined/install/px4_msgs/share/px4_msgs/msg/DronecanNodeStatus.msg\n'}
[1.373168] (px4_msgs) StdoutLine: {'line': b'-- Up-to-date symlink: /root/ws_sensor_combined/install/px4_msgs/share/px4_msgs/msg/Ekf2Timestamps.msg\n'}
[1.373236] (px4_msgs) StdoutLine: {'line': b'-- Up-to-date symlink: /root/ws_sensor_combined/install/px4_msgs/share/px4_msgs/msg/EscReport.msg\n'}
[1.373382] (px4_msgs) StdoutLine: {'line': b'-- Up-to-date symlink: /root/ws_sensor_combined/install/px4_msgs/share/px4_msgs/msg/EscStatus.msg\n'}
[1.373591] (px4_msgs) StdoutLine: {'line': b'-- Up-to-date symlink: /root/ws_sensor_combined/install/px4_msgs/share/px4_msgs/msg/EstimatorAidSource1d.msg\n'}
[1.373826] (px4_msgs) StdoutLine: {'line': b'-- Up-to-date symlink: /root/ws_sensor_combined/install/px4_msgs/share/px4_msgs/msg/EstimatorAidSource2d.msg\n'}
[1.374101] (px4_msgs) StdoutLine: {'line': b'-- Up-to-date symlink: /root/ws_sensor_combined/install/px4_msgs/share/px4_msgs/msg/EstimatorAidSource3d.msg\n'}
[1.374224] (px4_msgs) StdoutLine: {'line': b'-- Up-to-date symlink: /root/ws_sensor_combined/install/px4_msgs/share/px4_msgs/msg/EstimatorBias.msg\n'}
[1.374521] (px4_msgs) StdoutLine: {'line': b'-- Up-to-date symlink: /root/ws_sensor_combined/install/px4_msgs/share/px4_msgs/msg/EstimatorBias3d.msg\n'}
[1.374794] (px4_msgs) StdoutLine: {'line': b'-- Up-to-date symlink: /root/ws_sensor_combined/install/px4_msgs/share/px4_msgs/msg/EstimatorEventFlags.msg\n'}
[1.375017] (px4_msgs) StdoutLine: {'line': b'-- Up-to-date symlink: /root/ws_sensor_combined/install/px4_msgs/share/px4_msgs/msg/EstimatorGpsStatus.msg\n'}
[1.375265] (px4_msgs) StdoutLine: {'line': b'-- Up-to-date symlink: /root/ws_sensor_combined/install/px4_msgs/share/px4_msgs/msg/EstimatorInnovations.msg\n'}
[1.375490] (px4_msgs) StdoutLine: {'line': b'-- Up-to-date symlink: /root/ws_sensor_combined/install/px4_msgs/share/px4_msgs/msg/EstimatorSelectorStatus.msg\n'}
[1.375694] (px4_msgs) StdoutLine: {'line': b'-- Up-to-date symlink: /root/ws_sensor_combined/install/px4_msgs/share/px4_msgs/msg/EstimatorSensorBias.msg\n'}
[1.375946] (px4_msgs) StdoutLine: {'line': b'-- Up-to-date symlink: /root/ws_sensor_combined/install/px4_msgs/share/px4_msgs/msg/EstimatorStates.msg\n'}
[1.376257] (px4_msgs) StdoutLine: {'line': b'-- Up-to-date symlink: /root/ws_sensor_combined/install/px4_msgs/share/px4_msgs/msg/EstimatorStatus.msg\n'}
[1.376496] (px4_msgs) StdoutLine: {'line': b'-- Up-to-date symlink: /root/ws_sensor_combined/install/px4_msgs/share/px4_msgs/msg/EstimatorStatusFlags.msg\n'}
[1.376611] (px4_msgs) StdoutLine: {'line': b'-- Up-to-date symlink: /root/ws_sensor_combined/install/px4_msgs/share/px4_msgs/msg/Event.msg\n'}
[1.376727] (px4_msgs) StdoutLine: {'line': b'-- Up-to-date symlink: /root/ws_sensor_combined/install/px4_msgs/share/px4_msgs/msg/FailsafeFlags.msg\n'}
[1.376895] (px4_msgs) StdoutLine: {'line': b'-- Up-to-date symlink: /root/ws_sensor_combined/install/px4_msgs/share/px4_msgs/msg/FailureDetectorStatus.msg\n'}
[1.377098] (px4_msgs) StdoutLine: {'line': b'-- Up-to-date symlink: /root/ws_sensor_combined/install/px4_msgs/share/px4_msgs/msg/FigureEightStatus.msg\n'}
[1.377323] (px4_msgs) StdoutLine: {'line': b'-- Up-to-date symlink: /root/ws_sensor_combined/install/px4_msgs/share/px4_msgs/msg/FixedWingLateralGuidanceStatus.msg\n'}
[1.377641] (px4_msgs) StdoutLine: {'line': b'-- Up-to-date symlink: /root/ws_sensor_combined/install/px4_msgs/share/px4_msgs/msg/FixedWingLateralSetpoint.msg\n'}
[1.377865] (px4_msgs) StdoutLine: {'line': b'-- Up-to-date symlink: /root/ws_sensor_combined/install/px4_msgs/share/px4_msgs/msg/FixedWingLateralStatus.msg\n'}
[1.378056] (px4_msgs) StdoutLine: {'line': b'-- Up-to-date symlink: /root/ws_sensor_combined/install/px4_msgs/share/px4_msgs/msg/FixedWingLongitudinalSetpoint.msg\n'}
[1.378230] (px4_msgs) StdoutLine: {'line': b'-- Up-to-date symlink: /root/ws_sensor_combined/install/px4_msgs/share/px4_msgs/msg/FixedWingRunwayControl.msg\n'}
[1.378444] (px4_msgs) StdoutLine: {'line': b'-- Up-to-date symlink: /root/ws_sensor_combined/install/px4_msgs/share/px4_msgs/msg/FlightPhaseEstimation.msg\n'}
[1.378575] (px4_msgs) StdoutLine: {'line': b'-- Up-to-date symlink: /root/ws_sensor_combined/install/px4_msgs/share/px4_msgs/msg/FollowTarget.msg\n'}
[1.378859] (px4_msgs) StdoutLine: {'line': b'-- Up-to-date symlink: /root/ws_sensor_combined/install/px4_msgs/share/px4_msgs/msg/FollowTargetEstimator.msg\n'}
[1.379069] (px4_msgs) StdoutLine: {'line': b'-- Up-to-date symlink: /root/ws_sensor_combined/install/px4_msgs/share/px4_msgs/msg/FollowTargetStatus.msg\n'}
[1.379404] (px4_msgs) StdoutLine: {'line': b'-- Up-to-date symlink: /root/ws_sensor_combined/install/px4_msgs/share/px4_msgs/msg/FuelTankStatus.msg\n'}
[1.379773] (px4_msgs) StdoutLine: {'line': b'-- Up-to-date symlink: /root/ws_sensor_combined/install/px4_msgs/share/px4_msgs/msg/GeneratorStatus.msg\n'}
[1.380018] (px4_msgs) StdoutLine: {'line': b'-- Up-to-date symlink: /root/ws_sensor_combined/install/px4_msgs/share/px4_msgs/msg/GeofenceResult.msg\n'}
[1.380291] (px4_msgs) StdoutLine: {'line': b'-- Up-to-date symlink: /root/ws_sensor_combined/install/px4_msgs/share/px4_msgs/msg/GeofenceStatus.msg\n'}
[1.380550] (px4_msgs) StdoutLine: {'line': b'-- Up-to-date symlink: /root/ws_sensor_combined/install/px4_msgs/share/px4_msgs/msg/GimbalControls.msg\n'}
[1.380804] (px4_msgs) StdoutLine: {'line': b'-- Up-to-date symlink: /root/ws_sensor_combined/install/px4_msgs/share/px4_msgs/msg/GimbalDeviceAttitudeStatus.msg\n'}
[1.381057] (px4_msgs) StdoutLine: {'line': b'-- Up-to-date symlink: /root/ws_sensor_combined/install/px4_msgs/share/px4_msgs/msg/GimbalDeviceInformation.msg\n'}
[1.381319] (px4_msgs) StdoutLine: {'line': b'-- Up-to-date symlink: /root/ws_sensor_combined/install/px4_msgs/share/px4_msgs/msg/GimbalDeviceSetAttitude.msg\n'}
[1.381639] (px4_msgs) StdoutLine: {'line': b'-- Up-to-date symlink: /root/ws_sensor_combined/install/px4_msgs/share/px4_msgs/msg/GimbalManagerInformation.msg\n'}
[1.381899] (px4_msgs) StdoutLine: {'line': b'-- Up-to-date symlink: /root/ws_sensor_combined/install/px4_msgs/share/px4_msgs/msg/GimbalManagerSetAttitude.msg\n'}
[1.382223] (px4_msgs) StdoutLine: {'line': b'-- Up-to-date symlink: /root/ws_sensor_combined/install/px4_msgs/share/px4_msgs/msg/GimbalManagerSetManualControl.msg\n'}
[1.382429] (px4_msgs) StdoutLine: {'line': b'-- Up-to-date symlink: /root/ws_sensor_combined/install/px4_msgs/share/px4_msgs/msg/GimbalManagerStatus.msg\n'}
[1.382536] (px4_msgs) StdoutLine: {'line': b'-- Up-to-date symlink: /root/ws_sensor_combined/install/px4_msgs/share/px4_msgs/msg/GotoSetpoint.msg\n'}
[1.382619] (px4_msgs) StdoutLine: {'line': b'-- Up-to-date symlink: /root/ws_sensor_combined/install/px4_msgs/share/px4_msgs/msg/GpioConfig.msg\n'}
[1.382711] (px4_msgs) StdoutLine: {'line': b'-- Up-to-date symlink: /root/ws_sensor_combined/install/px4_msgs/share/px4_msgs/msg/GpioIn.msg\n'}
[1.382901] (px4_msgs) StdoutLine: {'line': b'-- Up-to-date symlink: /root/ws_sensor_combined/install/px4_msgs/share/px4_msgs/msg/GpioOut.msg\n'}
[1.383110] (px4_msgs) StdoutLine: {'line': b'-- Up-to-date symlink: /root/ws_sensor_combined/install/px4_msgs/share/px4_msgs/msg/GpioRequest.msg\n'}
[1.383199] (px4_msgs) StdoutLine: {'line': b'-- Up-to-date symlink: /root/ws_sensor_combined/install/px4_msgs/share/px4_msgs/msg/GpsDump.msg\n'}
[1.383279] (px4_msgs) StdoutLine: {'line': b'-- Up-to-date symlink: /root/ws_sensor_combined/install/px4_msgs/share/px4_msgs/msg/GpsInjectData.msg\n'}
[1.383395] (px4_msgs) StdoutLine: {'line': b'-- Up-to-date symlink: /root/ws_sensor_combined/install/px4_msgs/share/px4_msgs/msg/Gripper.msg\n'}
[1.383426] (px4_msgs) StdoutLine: {'line': b'-- Up-to-date symlink: /root/ws_sensor_combined/install/px4_msgs/share/px4_msgs/msg/HealthReport.msg\n'}
[1.383452] (px4_msgs) StdoutLine: {'line': b'-- Up-to-date symlink: /root/ws_sensor_combined/install/px4_msgs/share/px4_msgs/msg/HeaterStatus.msg\n'}
[1.383476] (px4_msgs) StdoutLine: {'line': b'-- Up-to-date symlink: /root/ws_sensor_combined/install/px4_msgs/share/px4_msgs/msg/HomePosition.msg\n'}
[1.383670] (px4_msgs) StdoutLine: {'line': b'-- Up-to-date symlink: /root/ws_sensor_combined/install/px4_msgs/share/px4_msgs/msg/HoverThrustEstimate.msg\n'}
[1.383770] (px4_msgs) StdoutLine: {'line': b'-- Up-to-date symlink: /root/ws_sensor_combined/install/px4_msgs/share/px4_msgs/msg/InputRc.msg\n'}
[1.383987] (px4_msgs) StdoutLine: {'line': b'-- Up-to-date symlink: /root/ws_sensor_combined/install/px4_msgs/share/px4_msgs/msg/InternalCombustionEngineControl.msg\n'}
[1.384240] (px4_msgs) StdoutLine: {'line': b'-- Up-to-date symlink: /root/ws_sensor_combined/install/px4_msgs/share/px4_msgs/msg/InternalCombustionEngineStatus.msg\n'}
[1.384456] (px4_msgs) StdoutLine: {'line': b'-- Up-to-date symlink: /root/ws_sensor_combined/install/px4_msgs/share/px4_msgs/msg/IridiumsbdStatus.msg\n'}
[1.384558] (px4_msgs) StdoutLine: {'line': b'-- Up-to-date symlink: /root/ws_sensor_combined/install/px4_msgs/share/px4_msgs/msg/IrlockReport.msg\n'}
[1.384700] (px4_msgs) StdoutLine: {'line': b'-- Up-to-date symlink: /root/ws_sensor_combined/install/px4_msgs/share/px4_msgs/msg/LandingGear.msg\n'}
[1.385244] (px4_msgs) StdoutLine: {'line': b'-- Up-to-date symlink: /root/ws_sensor_combined/install/px4_msgs/share/px4_msgs/msg/LandingGearWheel.msg\n'}
[1.385459] (px4_msgs) StdoutLine: {'line': b'-- Up-to-date symlink: /root/ws_sensor_combined/install/px4_msgs/share/px4_msgs/msg/LandingTargetInnovations.msg\n'}
[1.385688] (px4_msgs) StdoutLine: {'line': b'-- Up-to-date symlink: /root/ws_sensor_combined/install/px4_msgs/share/px4_msgs/msg/LandingTargetPose.msg\n'}
[1.386130] (px4_msgs) StdoutLine: {'line': b'-- Up-to-date symlink: /root/ws_sensor_combined/install/px4_msgs/share/px4_msgs/msg/LateralControlConfiguration.msg\n'}
[1.386303] (px4_msgs) StdoutLine: {'line': b'-- Up-to-date symlink: /root/ws_sensor_combined/install/px4_msgs/share/px4_msgs/msg/LaunchDetectionStatus.msg\n'}
[1.386432] (px4_msgs) StdoutLine: {'line': b'-- Up-to-date symlink: /root/ws_sensor_combined/install/px4_msgs/share/px4_msgs/msg/LedControl.msg\n'}
[1.386515] (px4_msgs) StdoutLine: {'line': b'-- Up-to-date symlink: /root/ws_sensor_combined/install/px4_msgs/share/px4_msgs/msg/LogMessage.msg\n'}
[1.386606] (px4_msgs) StdoutLine: {'line': b'-- Up-to-date symlink: /root/ws_sensor_combined/install/px4_msgs/share/px4_msgs/msg/LoggerStatus.msg\n'}
[1.386818] (px4_msgs) StdoutLine: {'line': b'-- Up-to-date symlink: /root/ws_sensor_combined/install/px4_msgs/share/px4_msgs/msg/LongitudinalControlConfiguration.msg\n'}
[1.386941] (px4_msgs) StdoutLine: {'line': b'-- Up-to-date symlink: /root/ws_sensor_combined/install/px4_msgs/share/px4_msgs/msg/MagWorkerData.msg\n'}
[1.387195] (px4_msgs) StdoutLine: {'line': b'-- Up-to-date symlink: /root/ws_sensor_combined/install/px4_msgs/share/px4_msgs/msg/MagnetometerBiasEstimate.msg\n'}
[1.387493] (px4_msgs) StdoutLine: {'line': b'-- Up-to-date symlink: /root/ws_sensor_combined/install/px4_msgs/share/px4_msgs/msg/ManualControlSetpoint.msg\n'}
[1.387698] (px4_msgs) StdoutLine: {'line': b'-- Up-to-date symlink: /root/ws_sensor_combined/install/px4_msgs/share/px4_msgs/msg/ManualControlSwitches.msg\n'}
[1.387812] (px4_msgs) StdoutLine: {'line': b'-- Up-to-date symlink: /root/ws_sensor_combined/install/px4_msgs/share/px4_msgs/msg/MavlinkLog.msg\n'}
[1.387913] (px4_msgs) StdoutLine: {'line': b'-- Up-to-date symlink: /root/ws_sensor_combined/install/px4_msgs/share/px4_msgs/msg/MavlinkTunnel.msg\n'}
[1.388119] (px4_msgs) StdoutLine: {'line': b'-- Up-to-date symlink: /root/ws_sensor_combined/install/px4_msgs/share/px4_msgs/msg/MessageFormatRequest.msg\n'}
[1.388422] (px4_msgs) StdoutLine: {'line': b'-- Up-to-date symlink: /root/ws_sensor_combined/install/px4_msgs/share/px4_msgs/msg/MessageFormatResponse.msg\n'}
[1.388517] (px4_msgs) StdoutLine: {'line': b'-- Up-to-date symlink: /root/ws_sensor_combined/install/px4_msgs/share/px4_msgs/msg/Mission.msg\n'}
[1.388639] (px4_msgs) StdoutLine: {'line': b'-- Up-to-date symlink: /root/ws_sensor_combined/install/px4_msgs/share/px4_msgs/msg/MissionResult.msg\n'}
[1.388895] (px4_msgs) StdoutLine: {'line': b'-- Up-to-date symlink: /root/ws_sensor_combined/install/px4_msgs/share/px4_msgs/msg/ModeCompleted.msg\n'}
[1.388985] (px4_msgs) StdoutLine: {'line': b'-- Up-to-date symlink: /root/ws_sensor_combined/install/px4_msgs/share/px4_msgs/msg/MountOrientation.msg\n'}
[1.389142] (px4_msgs) StdoutLine: {'line': b'-- Up-to-date symlink: /root/ws_sensor_combined/install/px4_msgs/share/px4_msgs/msg/NavigatorMissionItem.msg\n'}
[1.389340] (px4_msgs) StdoutLine: {'line': b'-- Up-to-date symlink: /root/ws_sensor_combined/install/px4_msgs/share/px4_msgs/msg/NavigatorStatus.msg\n'}
[1.389419] (px4_msgs) StdoutLine: {'line': b'-- Up-to-date symlink: /root/ws_sensor_combined/install/px4_msgs/share/px4_msgs/msg/NeuralControl.msg\n'}
[1.389689] (px4_msgs) StdoutLine: {'line': b'-- Up-to-date symlink: /root/ws_sensor_combined/install/px4_msgs/share/px4_msgs/msg/NormalizedUnsignedSetpoint.msg\n'}
[1.389862] (px4_msgs) StdoutLine: {'line': b'-- Up-to-date symlink: /root/ws_sensor_combined/install/px4_msgs/share/px4_msgs/msg/ObstacleDistance.msg\n'}
[1.390091] (px4_msgs) StdoutLine: {'line': b'-- Up-to-date symlink: /root/ws_sensor_combined/install/px4_msgs/share/px4_msgs/msg/OffboardControlMode.msg\n'}
[1.390347] (px4_msgs) StdoutLine: {'line': b'-- Up-to-date symlink: /root/ws_sensor_combined/install/px4_msgs/share/px4_msgs/msg/OnboardComputerStatus.msg\n'}
[1.390603] (px4_msgs) StdoutLine: {'line': b'-- Up-to-date symlink: /root/ws_sensor_combined/install/px4_msgs/share/px4_msgs/msg/OpenDroneIdArmStatus.msg\n'}
[1.391084] (px4_msgs) StdoutLine: {'line': b'-- Up-to-date symlink: /root/ws_sensor_combined/install/px4_msgs/share/px4_msgs/msg/OpenDroneIdOperatorId.msg\n'}
[1.391358] (px4_msgs) StdoutLine: {'line': b'-- Up-to-date symlink: /root/ws_sensor_combined/install/px4_msgs/share/px4_msgs/msg/OpenDroneIdSelfId.msg\n'}
[1.391444] (px4_msgs) StdoutLine: {'line': b'-- Up-to-date symlink: /root/ws_sensor_combined/install/px4_msgs/share/px4_msgs/msg/OpenDroneIdSystem.msg\n'}
[1.391544] (px4_msgs) StdoutLine: {'line': b'-- Up-to-date symlink: /root/ws_sensor_combined/install/px4_msgs/share/px4_msgs/msg/OrbTest.msg\n'}
[1.391646] (px4_msgs) StdoutLine: {'line': b'-- Up-to-date symlink: /root/ws_sensor_combined/install/px4_msgs/share/px4_msgs/msg/OrbTestLarge.msg\n'}
[1.391725] (px4_msgs) StdoutLine: {'line': b'-- Up-to-date symlink: /root/ws_sensor_combined/install/px4_msgs/share/px4_msgs/msg/OrbTestMedium.msg\n'}
[1.391807] (px4_msgs) StdoutLine: {'line': b'-- Up-to-date symlink: /root/ws_sensor_combined/install/px4_msgs/share/px4_msgs/msg/OrbitStatus.msg\n'}
[1.392121] (px4_msgs) StdoutLine: {'line': b'-- Up-to-date symlink: /root/ws_sensor_combined/install/px4_msgs/share/px4_msgs/msg/ParameterResetRequest.msg\n'}
[1.392308] (px4_msgs) StdoutLine: {'line': b'-- Up-to-date symlink: /root/ws_sensor_combined/install/px4_msgs/share/px4_msgs/msg/ParameterSetUsedRequest.msg\n'}
[1.392573] (px4_msgs) StdoutLine: {'line': b'-- Up-to-date symlink: /root/ws_sensor_combined/install/px4_msgs/share/px4_msgs/msg/ParameterSetValueRequest.msg\n'}
[1.392845] (px4_msgs) StdoutLine: {'line': b'-- Up-to-date symlink: /root/ws_sensor_combined/install/px4_msgs/share/px4_msgs/msg/ParameterSetValueResponse.msg\n'}
[1.393053] (px4_msgs) StdoutLine: {'line': b'-- Up-to-date symlink: /root/ws_sensor_combined/install/px4_msgs/share/px4_msgs/msg/ParameterUpdate.msg\n'}
[1.393183] (px4_msgs) StdoutLine: {'line': b'-- Up-to-date symlink: /root/ws_sensor_combined/install/px4_msgs/share/px4_msgs/msg/Ping.msg\n'}
[1.393375] (px4_msgs) StdoutLine: {'line': b'-- Up-to-date symlink: /root/ws_sensor_combined/install/px4_msgs/share/px4_msgs/msg/PositionControllerLandingStatus.msg\n'}
[1.393701] (px4_msgs) StdoutLine: {'line': b'-- Up-to-date symlink: /root/ws_sensor_combined/install/px4_msgs/share/px4_msgs/msg/PositionControllerStatus.msg\n'}
[1.393966] (px4_msgs) StdoutLine: {'line': b'-- Up-to-date symlink: /root/ws_sensor_combined/install/px4_msgs/share/px4_msgs/msg/PositionSetpoint.msg\n'}
[1.394223] (px4_msgs) StdoutLine: {'line': b'-- Up-to-date symlink: /root/ws_sensor_combined/install/px4_msgs/share/px4_msgs/msg/PositionSetpointTriplet.msg\n'}
[1.394488] (px4_msgs) StdoutLine: {'line': b'-- Up-to-date symlink: /root/ws_sensor_combined/install/px4_msgs/share/px4_msgs/msg/PowerButtonState.msg\n'}
[1.394616] (px4_msgs) StdoutLine: {'line': b'-- Up-to-date symlink: /root/ws_sensor_combined/install/px4_msgs/share/px4_msgs/msg/PowerMonitor.msg\n'}
[1.394741] (px4_msgs) StdoutLine: {'line': b'-- Up-to-date symlink: /root/ws_sensor_combined/install/px4_msgs/share/px4_msgs/msg/PpsCapture.msg\n'}
[1.395007] (px4_msgs) StdoutLine: {'line': b'-- Up-to-date symlink: /root/ws_sensor_combined/install/px4_msgs/share/px4_msgs/msg/PurePursuitStatus.msg\n'}
[1.395152] (px4_msgs) StdoutLine: {'line': b'-- Up-to-date symlink: /root/ws_sensor_combined/install/px4_msgs/share/px4_msgs/msg/PwmInput.msg\n'}
[1.395325] (px4_msgs) StdoutLine: {'line': b'-- Up-to-date symlink: /root/ws_sensor_combined/install/px4_msgs/share/px4_msgs/msg/Px4ioStatus.msg\n'}
[1.395402] (px4_msgs) StdoutLine: {'line': b'-- Up-to-date symlink: /root/ws_sensor_combined/install/px4_msgs/share/px4_msgs/msg/QshellReq.msg\n'}
[1.395429] (px4_msgs) StdoutLine: {'line': b'-- Up-to-date symlink: /root/ws_sensor_combined/install/px4_msgs/share/px4_msgs/msg/QshellRetval.msg\n'}
[1.395454] (px4_msgs) StdoutLine: {'line': b'-- Up-to-date symlink: /root/ws_sensor_combined/install/px4_msgs/share/px4_msgs/msg/RadioStatus.msg\n'}
[1.395665] (px4_msgs) StdoutLine: {'line': b'-- Up-to-date symlink: /root/ws_sensor_combined/install/px4_msgs/share/px4_msgs/msg/RateCtrlStatus.msg\n'}
[1.395856] (px4_msgs) StdoutLine: {'line': b'-- Up-to-date symlink: /root/ws_sensor_combined/install/px4_msgs/share/px4_msgs/msg/RcChannels.msg\n'}
[1.395981] (px4_msgs) StdoutLine: {'line': b'-- Up-to-date symlink: /root/ws_sensor_combined/install/px4_msgs/share/px4_msgs/msg/RcParameterMap.msg\n'}
[1.396282] (px4_msgs) StdoutLine: {'line': b'-- Up-to-date symlink: /root/ws_sensor_combined/install/px4_msgs/share/px4_msgs/msg/RegisterExtComponentReply.msg\n'}
[1.396502] (px4_msgs) StdoutLine: {'line': b'-- Up-to-date symlink: /root/ws_sensor_combined/install/px4_msgs/share/px4_msgs/msg/RegisterExtComponentRequest.msg\n'}
[1.396729] (px4_msgs) StdoutLine: {'line': b'-- Up-to-date symlink: /root/ws_sensor_combined/install/px4_msgs/share/px4_msgs/msg/RoverAttitudeSetpoint.msg\n'}
[1.397004] (px4_msgs) StdoutLine: {'line': b'-- Up-to-date symlink: /root/ws_sensor_combined/install/px4_msgs/share/px4_msgs/msg/RoverAttitudeStatus.msg\n'}
[1.397245] (px4_msgs) StdoutLine: {'line': b'-- Up-to-date symlink: /root/ws_sensor_combined/install/px4_msgs/share/px4_msgs/msg/RoverPositionSetpoint.msg\n'}
[1.397502] (px4_msgs) StdoutLine: {'line': b'-- Up-to-date symlink: /root/ws_sensor_combined/install/px4_msgs/share/px4_msgs/msg/RoverRateSetpoint.msg\n'}
[1.397675] (px4_msgs) StdoutLine: {'line': b'-- Up-to-date symlink: /root/ws_sensor_combined/install/px4_msgs/share/px4_msgs/msg/RoverRateStatus.msg\n'}
[1.397952] (px4_msgs) StdoutLine: {'line': b'-- Up-to-date symlink: /root/ws_sensor_combined/install/px4_msgs/share/px4_msgs/msg/RoverSteeringSetpoint.msg\n'}
[1.398236] (px4_msgs) StdoutLine: {'line': b'-- Up-to-date symlink: /root/ws_sensor_combined/install/px4_msgs/share/px4_msgs/msg/RoverThrottleSetpoint.msg\n'}
[1.398457] (px4_msgs) StdoutLine: {'line': b'-- Up-to-date symlink: /root/ws_sensor_combined/install/px4_msgs/share/px4_msgs/msg/RoverVelocitySetpoint.msg\n'}
[1.398706] (px4_msgs) StdoutLine: {'line': b'-- Up-to-date symlink: /root/ws_sensor_combined/install/px4_msgs/share/px4_msgs/msg/RoverVelocityStatus.msg\n'}
[1.398911] (px4_msgs) StdoutLine: {'line': b'-- Up-to-date symlink: /root/ws_sensor_combined/install/px4_msgs/share/px4_msgs/msg/Rpm.msg\n'}
[1.398967] (px4_msgs) StdoutLine: {'line': b'-- Up-to-date symlink: /root/ws_sensor_combined/install/px4_msgs/share/px4_msgs/msg/RtlStatus.msg\n'}
[1.399096] (px4_msgs) StdoutLine: {'line': b'-- Up-to-date symlink: /root/ws_sensor_combined/install/px4_msgs/share/px4_msgs/msg/RtlTimeEstimate.msg\n'}
[1.399187] (px4_msgs) StdoutLine: {'line': b'-- Up-to-date symlink: /root/ws_sensor_combined/install/px4_msgs/share/px4_msgs/msg/SatelliteInfo.msg\n'}
[1.399277] (px4_msgs) StdoutLine: {'line': b'-- Up-to-date symlink: /root/ws_sensor_combined/install/px4_msgs/share/px4_msgs/msg/SensorAccel.msg\n'}
[1.399466] (px4_msgs) StdoutLine: {'line': b'-- Up-to-date symlink: /root/ws_sensor_combined/install/px4_msgs/share/px4_msgs/msg/SensorAccelFifo.msg\n'}
[1.399577] (px4_msgs) StdoutLine: {'line': b'-- Up-to-date symlink: /root/ws_sensor_combined/install/px4_msgs/share/px4_msgs/msg/SensorAirflow.msg\n'}
[1.399676] (px4_msgs) StdoutLine: {'line': b'-- Up-to-date symlink: /root/ws_sensor_combined/install/px4_msgs/share/px4_msgs/msg/SensorBaro.msg\n'}
[1.399886] (px4_msgs) StdoutLine: {'line': b'-- Up-to-date symlink: /root/ws_sensor_combined/install/px4_msgs/share/px4_msgs/msg/SensorCombined.msg\n'}
[1.400101] (px4_msgs) StdoutLine: {'line': b'-- Up-to-date symlink: /root/ws_sensor_combined/install/px4_msgs/share/px4_msgs/msg/SensorCorrection.msg\n'}
[1.400322] (px4_msgs) StdoutLine: {'line': b'-- Up-to-date symlink: /root/ws_sensor_combined/install/px4_msgs/share/px4_msgs/msg/SensorGnssRelative.msg\n'}
[1.400448] (px4_msgs) StdoutLine: {'line': b'-- Up-to-date symlink: /root/ws_sensor_combined/install/px4_msgs/share/px4_msgs/msg/SensorGps.msg\n'}
[1.400587] (px4_msgs) StdoutLine: {'line': b'-- Up-to-date symlink: /root/ws_sensor_combined/install/px4_msgs/share/px4_msgs/msg/SensorGyro.msg\n'}
[1.400643] (px4_msgs) StdoutLine: {'line': b'-- Up-to-date symlink: /root/ws_sensor_combined/install/px4_msgs/share/px4_msgs/msg/SensorGyroFft.msg\n'}
[1.400800] (px4_msgs) StdoutLine: {'line': b'-- Up-to-date symlink: /root/ws_sensor_combined/install/px4_msgs/share/px4_msgs/msg/SensorGyroFifo.msg\n'}
[1.401009] (px4_msgs) StdoutLine: {'line': b'-- Up-to-date symlink: /root/ws_sensor_combined/install/px4_msgs/share/px4_msgs/msg/SensorHygrometer.msg\n'}
[1.401131] (px4_msgs) StdoutLine: {'line': b'-- Up-to-date symlink: /root/ws_sensor_combined/install/px4_msgs/share/px4_msgs/msg/SensorMag.msg\n'}
[1.401376] (px4_msgs) StdoutLine: {'line': b'-- Up-to-date symlink: /root/ws_sensor_combined/install/px4_msgs/share/px4_msgs/msg/SensorOpticalFlow.msg\n'}
[1.401648] (px4_msgs) StdoutLine: {'line': b'-- Up-to-date symlink: /root/ws_sensor_combined/install/px4_msgs/share/px4_msgs/msg/SensorPreflightMag.msg\n'}
[1.401894] (px4_msgs) StdoutLine: {'line': b'-- Up-to-date symlink: /root/ws_sensor_combined/install/px4_msgs/share/px4_msgs/msg/SensorSelection.msg\n'}
[1.402162] (px4_msgs) StdoutLine: {'line': b'-- Up-to-date symlink: /root/ws_sensor_combined/install/px4_msgs/share/px4_msgs/msg/SensorUwb.msg\n'}
[1.402261] (px4_msgs) StdoutLine: {'line': b'-- Up-to-date symlink: /root/ws_sensor_combined/install/px4_msgs/share/px4_msgs/msg/SensorsStatus.msg\n'}
[1.402343] (px4_msgs) StdoutLine: {'line': b'-- Up-to-date symlink: /root/ws_sensor_combined/install/px4_msgs/share/px4_msgs/msg/SensorsStatusImu.msg\n'}
[1.402475] (px4_msgs) StdoutLine: {'line': b'-- Up-to-date symlink: /root/ws_sensor_combined/install/px4_msgs/share/px4_msgs/msg/SystemPower.msg\n'}
[1.402513] (px4_msgs) StdoutLine: {'line': b'-- Up-to-date symlink: /root/ws_sensor_combined/install/px4_msgs/share/px4_msgs/msg/TakeoffStatus.msg\n'}
[1.402576] (px4_msgs) StdoutLine: {'line': b'-- Up-to-date symlink: /root/ws_sensor_combined/install/px4_msgs/share/px4_msgs/msg/TaskStackInfo.msg\n'}
[1.402658] (px4_msgs) StdoutLine: {'line': b'-- Up-to-date symlink: /root/ws_sensor_combined/install/px4_msgs/share/px4_msgs/msg/TecsStatus.msg\n'}
[1.402845] (px4_msgs) StdoutLine: {'line': b'-- Up-to-date symlink: /root/ws_sensor_combined/install/px4_msgs/share/px4_msgs/msg/TelemetryStatus.msg\n'}
[1.402881] (-) TimerEvent: {}
[1.403223] (px4_msgs) StdoutLine: {'line': b'-- Up-to-date symlink: /root/ws_sensor_combined/install/px4_msgs/share/px4_msgs/msg/TiltrotorExtraControls.msg\n'}
[1.403562] (px4_msgs) StdoutLine: {'line': b'-- Up-to-date symlink: /root/ws_sensor_combined/install/px4_msgs/share/px4_msgs/msg/TimesyncStatus.msg\n'}
[1.403841] (px4_msgs) StdoutLine: {'line': b'-- Up-to-date symlink: /root/ws_sensor_combined/install/px4_msgs/share/px4_msgs/msg/TrajectorySetpoint.msg\n'}
[1.404108] (px4_msgs) StdoutLine: {'line': b'-- Up-to-date symlink: /root/ws_sensor_combined/install/px4_msgs/share/px4_msgs/msg/TrajectorySetpoint6dof.msg\n'}
[1.404451] (px4_msgs) StdoutLine: {'line': b'-- Up-to-date symlink: /root/ws_sensor_combined/install/px4_msgs/share/px4_msgs/msg/TransponderReport.msg\n'}
[1.404660] (px4_msgs) StdoutLine: {'line': b'-- Up-to-date symlink: /root/ws_sensor_combined/install/px4_msgs/share/px4_msgs/msg/TuneControl.msg\n'}
[1.404841] (px4_msgs) StdoutLine: {'line': b'-- Up-to-date symlink: /root/ws_sensor_combined/install/px4_msgs/share/px4_msgs/msg/UavcanParameterRequest.msg\n'}
[1.404962] (px4_msgs) StdoutLine: {'line': b'-- Up-to-date symlink: /root/ws_sensor_combined/install/px4_msgs/share/px4_msgs/msg/UavcanParameterValue.msg\n'}
[1.405046] (px4_msgs) StdoutLine: {'line': b'-- Up-to-date symlink: /root/ws_sensor_combined/install/px4_msgs/share/px4_msgs/msg/UlogStream.msg\n'}
[1.405262] (px4_msgs) StdoutLine: {'line': b'-- Up-to-date symlink: /root/ws_sensor_combined/install/px4_msgs/share/px4_msgs/msg/UlogStreamAck.msg\n'}
[1.405372] (px4_msgs) StdoutLine: {'line': b'-- Up-to-date symlink: /root/ws_sensor_combined/install/px4_msgs/share/px4_msgs/msg/UnregisterExtComponent.msg\n'}
[1.405561] (px4_msgs) StdoutLine: {'line': b'-- Up-to-date symlink: /root/ws_sensor_combined/install/px4_msgs/share/px4_msgs/msg/VehicleAcceleration.msg\n'}
[1.405781] (px4_msgs) StdoutLine: {'line': b'-- Up-to-date symlink: /root/ws_sensor_combined/install/px4_msgs/share/px4_msgs/msg/VehicleAirData.msg\n'}
[1.405998] (px4_msgs) StdoutLine: {'line': b'-- Up-to-date symlink: /root/ws_sensor_combined/install/px4_msgs/share/px4_msgs/msg/VehicleAngularAccelerationSetpoint.msg\n'}
[1.406219] (px4_msgs) StdoutLine: {'line': b'-- Up-to-date symlink: /root/ws_sensor_combined/install/px4_msgs/share/px4_msgs/msg/VehicleAngularVelocity.msg\n'}
[1.406417] (px4_msgs) StdoutLine: {'line': b'-- Up-to-date symlink: /root/ws_sensor_combined/install/px4_msgs/share/px4_msgs/msg/VehicleAttitude.msg\n'}
[1.406736] (px4_msgs) StdoutLine: {'line': b'-- Up-to-date symlink: /root/ws_sensor_combined/install/px4_msgs/share/px4_msgs/msg/VehicleAttitudeSetpoint.msg\n'}
[1.406937] (px4_msgs) StdoutLine: {'line': b'-- Up-to-date symlink: /root/ws_sensor_combined/install/px4_msgs/share/px4_msgs/msg/VehicleCommand.msg\n'}
[1.407156] (px4_msgs) StdoutLine: {'line': b'-- Up-to-date symlink: /root/ws_sensor_combined/install/px4_msgs/share/px4_msgs/msg/VehicleCommandAck.msg\n'}
[1.407363] (px4_msgs) StdoutLine: {'line': b'-- Up-to-date symlink: /root/ws_sensor_combined/install/px4_msgs/share/px4_msgs/msg/VehicleConstraints.msg\n'}
[1.407604] (px4_msgs) StdoutLine: {'line': b'-- Up-to-date symlink: /root/ws_sensor_combined/install/px4_msgs/share/px4_msgs/msg/VehicleControlMode.msg\n'}
[1.407815] (px4_msgs) StdoutLine: {'line': b'-- Up-to-date symlink: /root/ws_sensor_combined/install/px4_msgs/share/px4_msgs/msg/VehicleGlobalPosition.msg\n'}
[1.407947] (px4_msgs) StdoutLine: {'line': b'-- Up-to-date symlink: /root/ws_sensor_combined/install/px4_msgs/share/px4_msgs/msg/VehicleImu.msg\n'}
[1.408163] (px4_msgs) StdoutLine: {'line': b'-- Up-to-date symlink: /root/ws_sensor_combined/install/px4_msgs/share/px4_msgs/msg/VehicleImuStatus.msg\n'}
[1.408438] (px4_msgs) StdoutLine: {'line': b'-- Up-to-date symlink: /root/ws_sensor_combined/install/px4_msgs/share/px4_msgs/msg/VehicleLandDetected.msg\n'}
[1.408684] (px4_msgs) StdoutLine: {'line': b'-- Up-to-date symlink: /root/ws_sensor_combined/install/px4_msgs/share/px4_msgs/msg/VehicleLocalPosition.msg\n'}
[1.408956] (px4_msgs) StdoutLine: {'line': b'-- Up-to-date symlink: /root/ws_sensor_combined/install/px4_msgs/share/px4_msgs/msg/VehicleLocalPositionSetpoint.msg\n'}
[1.409232] (px4_msgs) StdoutLine: {'line': b'-- Up-to-date symlink: /root/ws_sensor_combined/install/px4_msgs/share/px4_msgs/msg/VehicleMagnetometer.msg\n'}
[1.409564] (px4_msgs) StdoutLine: {'line': b'-- Up-to-date symlink: /root/ws_sensor_combined/install/px4_msgs/share/px4_msgs/msg/VehicleOdometry.msg\n'}
[1.409943] (px4_msgs) StdoutLine: {'line': b'-- Up-to-date symlink: /root/ws_sensor_combined/install/px4_msgs/share/px4_msgs/msg/VehicleOpticalFlow.msg\n'}
[1.410364] (px4_msgs) StdoutLine: {'line': b'-- Up-to-date symlink: /root/ws_sensor_combined/install/px4_msgs/share/px4_msgs/msg/VehicleOpticalFlowVel.msg\n'}
[1.410622] (px4_msgs) StdoutLine: {'line': b'-- Up-to-date symlink: /root/ws_sensor_combined/install/px4_msgs/share/px4_msgs/msg/VehicleRatesSetpoint.msg\n'}
[1.410792] (px4_msgs) StdoutLine: {'line': b'-- Up-to-date symlink: /root/ws_sensor_combined/install/px4_msgs/share/px4_msgs/msg/VehicleRoi.msg\n'}
[1.410856] (px4_msgs) StdoutLine: {'line': b'-- Up-to-date symlink: /root/ws_sensor_combined/install/px4_msgs/share/px4_msgs/msg/VehicleStatus.msg\n'}
[1.411011] (px4_msgs) StdoutLine: {'line': b'-- Up-to-date symlink: /root/ws_sensor_combined/install/px4_msgs/share/px4_msgs/msg/VehicleThrustSetpoint.msg\n'}
[1.411270] (px4_msgs) StdoutLine: {'line': b'-- Up-to-date symlink: /root/ws_sensor_combined/install/px4_msgs/share/px4_msgs/msg/VehicleTorqueSetpoint.msg\n'}
[1.411440] (px4_msgs) StdoutLine: {'line': b'-- Up-to-date symlink: /root/ws_sensor_combined/install/px4_msgs/share/px4_msgs/msg/VelocityLimits.msg\n'}
[1.411751] (px4_msgs) StdoutLine: {'line': b'-- Up-to-date symlink: /root/ws_sensor_combined/install/px4_msgs/share/px4_msgs/msg/VtolVehicleStatus.msg\n'}
[1.411903] (px4_msgs) StdoutLine: {'line': b'-- Up-to-date symlink: /root/ws_sensor_combined/install/px4_msgs/share/px4_msgs/msg/WheelEncoders.msg\n'}
[1.411951] (px4_msgs) StdoutLine: {'line': b'-- Up-to-date symlink: /root/ws_sensor_combined/install/px4_msgs/share/px4_msgs/msg/Wind.msg\n'}
[1.412121] (px4_msgs) StdoutLine: {'line': b'-- Up-to-date symlink: /root/ws_sensor_combined/install/px4_msgs/share/px4_msgs/msg/YawEstimatorStatus.msg\n'}
[1.412406] (px4_msgs) StdoutLine: {'line': b'-- Up-to-date symlink: /root/ws_sensor_combined/install/px4_msgs/share/px4_msgs/srv/VehicleCommand.srv\n'}
[1.412627] (px4_msgs) StdoutLine: {'line': b'-- Up-to-date symlink: /root/ws_sensor_combined/install/px4_msgs/share/px4_msgs/srv/VehicleCommand_Request.msg\n'}
[1.412843] (px4_msgs) StdoutLine: {'line': b'-- Up-to-date symlink: /root/ws_sensor_combined/install/px4_msgs/share/px4_msgs/srv/VehicleCommand_Response.msg\n'}
[1.412976] (px4_msgs) StdoutLine: {'line': b'-- Up-to-date symlink: /root/ws_sensor_combined/install/px4_msgs/share/ament_index/resource_index/package_run_dependencies/px4_msgs\n'}
[1.413345] (px4_msgs) StdoutLine: {'line': b'-- Up-to-date symlink: /root/ws_sensor_combined/install/px4_msgs/share/ament_index/resource_index/parent_prefix_path/px4_msgs\n'}
[1.413562] (px4_msgs) StdoutLine: {'line': b'-- Up-to-date symlink: /root/ws_sensor_combined/install/px4_msgs/share/px4_msgs/environment/ament_prefix_path.sh\n'}
[1.413774] (px4_msgs) StdoutLine: {'line': b'-- Up-to-date symlink: /root/ws_sensor_combined/install/px4_msgs/share/px4_msgs/environment/ament_prefix_path.dsv\n'}
[1.413997] (px4_msgs) StdoutLine: {'line': b'-- Up-to-date symlink: /root/ws_sensor_combined/install/px4_msgs/share/px4_msgs/environment/path.sh\n'}
[1.414288] (px4_msgs) StdoutLine: {'line': b'-- Up-to-date symlink: /root/ws_sensor_combined/install/px4_msgs/share/px4_msgs/environment/path.dsv\n'}
[1.414548] (px4_msgs) StdoutLine: {'line': b'-- Up-to-date symlink: /root/ws_sensor_combined/install/px4_msgs/share/px4_msgs/local_setup.bash\n'}
[1.414806] (px4_msgs) StdoutLine: {'line': b'-- Up-to-date symlink: /root/ws_sensor_combined/install/px4_msgs/share/px4_msgs/local_setup.sh\n'}
[1.415063] (px4_msgs) StdoutLine: {'line': b'-- Up-to-date symlink: /root/ws_sensor_combined/install/px4_msgs/share/px4_msgs/local_setup.zsh\n'}
[1.415412] (px4_msgs) StdoutLine: {'line': b'-- Up-to-date symlink: /root/ws_sensor_combined/install/px4_msgs/share/px4_msgs/local_setup.dsv\n'}
[1.415602] (px4_msgs) StdoutLine: {'line': b'-- Symlinking: /root/ws_sensor_combined/install/px4_msgs/share/px4_msgs/package.dsv\n'}
[1.423371] (px4_msgs) StdoutLine: {'line': b'-- Up-to-date symlink: /root/ws_sensor_combined/install/px4_msgs/share/ament_index/resource_index/packages/px4_msgs\n'}
[1.423662] (px4_msgs) StdoutLine: {'line': b'-- Up-to-date symlink: /root/ws_sensor_combined/install/px4_msgs/share/px4_msgs/cmake/rosidl_cmake-extras.cmake\n'}
[1.423950] (px4_msgs) StdoutLine: {'line': b'-- Up-to-date symlink: /root/ws_sensor_combined/install/px4_msgs/share/px4_msgs/cmake/ament_cmake_export_dependencies-extras.cmake\n'}
[1.424207] (px4_msgs) StdoutLine: {'line': b'-- Up-to-date symlink: /root/ws_sensor_combined/install/px4_msgs/share/px4_msgs/cmake/ament_cmake_export_include_directories-extras.cmake\n'}
[1.424464] (px4_msgs) StdoutLine: {'line': b'-- Up-to-date symlink: /root/ws_sensor_combined/install/px4_msgs/share/px4_msgs/cmake/ament_cmake_export_libraries-extras.cmake\n'}
[1.424739] (px4_msgs) StdoutLine: {'line': b'-- Up-to-date symlink: /root/ws_sensor_combined/install/px4_msgs/share/px4_msgs/cmake/ament_cmake_export_targets-extras.cmake\n'}
[1.425008] (px4_msgs) StdoutLine: {'line': b'-- Up-to-date symlink: /root/ws_sensor_combined/install/px4_msgs/share/px4_msgs/cmake/rosidl_cmake_export_typesupport_targets-extras.cmake\n'}
[1.425335] (px4_msgs) StdoutLine: {'line': b'-- Up-to-date symlink: /root/ws_sensor_combined/install/px4_msgs/share/px4_msgs/cmake/rosidl_cmake_export_typesupport_libraries-extras.cmake\n'}
[1.425599] (px4_msgs) StdoutLine: {'line': b'-- Up-to-date symlink: /root/ws_sensor_combined/install/px4_msgs/share/px4_msgs/cmake/px4_msgsConfig.cmake\n'}
[1.425813] (px4_msgs) StdoutLine: {'line': b'-- Up-to-date symlink: /root/ws_sensor_combined/install/px4_msgs/share/px4_msgs/cmake/px4_msgsConfig-version.cmake\n'}
[1.425938] (px4_msgs) StdoutLine: {'line': b'-- Up-to-date symlink: /root/ws_sensor_combined/install/px4_msgs/share/px4_msgs/package.xml\n'}
[1.427172] (px4_msgs) StdoutLine: {'line': b'-- Up-to-date: /root/ws_sensor_combined/install/px4_msgs/lib/libpx4_msgs__rosidl_generator_c.so\n'}
[1.427994] (px4_msgs) StdoutLine: {'line': b'-- Up-to-date: /root/ws_sensor_combined/install/px4_msgs/lib/libpx4_msgs__rosidl_typesupport_fastrtps_c.so\n'}
[1.428700] (px4_msgs) StdoutLine: {'line': b'-- Up-to-date: /root/ws_sensor_combined/install/px4_msgs/lib/libpx4_msgs__rosidl_typesupport_fastrtps_cpp.so\n'}
[1.429647] (px4_msgs) StdoutLine: {'line': b'-- Up-to-date: /root/ws_sensor_combined/install/px4_msgs/lib/libpx4_msgs__rosidl_typesupport_introspection_c.so\n'}
[1.430431] (px4_msgs) StdoutLine: {'line': b'-- Up-to-date: /root/ws_sensor_combined/install/px4_msgs/lib/libpx4_msgs__rosidl_typesupport_c.so\n'}
[1.431143] (px4_msgs) StdoutLine: {'line': b'-- Up-to-date: /root/ws_sensor_combined/install/px4_msgs/lib/libpx4_msgs__rosidl_typesupport_introspection_cpp.so\n'}
[1.431806] (px4_msgs) StdoutLine: {'line': b'-- Up-to-date: /root/ws_sensor_combined/install/px4_msgs/lib/libpx4_msgs__rosidl_typesupport_cpp.so\n'}
[1.503052] (-) TimerEvent: {}
[1.505453] (px4_msgs) StdoutLine: {'line': b"Listing '/root/ws_sensor_combined/install/px4_msgs/local/lib/python3.10/dist-packages/px4_msgs'...\n"}
[1.505623] (px4_msgs) StdoutLine: {'line': b"Listing '/root/ws_sensor_combined/install/px4_msgs/local/lib/python3.10/dist-packages/px4_msgs/msg'...\n"}
[1.505659] (px4_msgs) StdoutLine: {'line': b"Listing '/root/ws_sensor_combined/install/px4_msgs/local/lib/python3.10/dist-packages/px4_msgs/srv'...\n"}
[1.509633] (px4_msgs) StdoutLine: {'line': b'-- Up-to-date: /root/ws_sensor_combined/install/px4_msgs/lib/libpx4_msgs__rosidl_generator_py.so\n'}
[1.510209] (px4_msgs) StdoutLine: {'line': b'-- Up-to-date: /root/ws_sensor_combined/install/px4_msgs/share/px4_msgs/cmake/export_px4_msgs__rosidl_generator_cExport.cmake\n'}
[1.510328] (px4_msgs) StdoutLine: {'line': b'-- Up-to-date: /root/ws_sensor_combined/install/px4_msgs/share/px4_msgs/cmake/export_px4_msgs__rosidl_generator_cExport-noconfig.cmake\n'}
[1.510621] (px4_msgs) StdoutLine: {'line': b'-- Up-to-date: /root/ws_sensor_combined/install/px4_msgs/share/px4_msgs/cmake/export_px4_msgs__rosidl_typesupport_fastrtps_cExport.cmake\n'}
[1.510785] (px4_msgs) StdoutLine: {'line': b'-- Up-to-date: /root/ws_sensor_combined/install/px4_msgs/share/px4_msgs/cmake/export_px4_msgs__rosidl_typesupport_fastrtps_cExport-noconfig.cmake\n'}
[1.511046] (px4_msgs) StdoutLine: {'line': b'-- Up-to-date: /root/ws_sensor_combined/install/px4_msgs/share/px4_msgs/cmake/export_px4_msgs__rosidl_generator_cppExport.cmake\n'}
[1.511440] (px4_msgs) StdoutLine: {'line': b'-- Up-to-date: /root/ws_sensor_combined/install/px4_msgs/share/px4_msgs/cmake/export_px4_msgs__rosidl_typesupport_fastrtps_cppExport.cmake\n'}
[1.511556] (px4_msgs) StdoutLine: {'line': b'-- Up-to-date: /root/ws_sensor_combined/install/px4_msgs/share/px4_msgs/cmake/export_px4_msgs__rosidl_typesupport_fastrtps_cppExport-noconfig.cmake\n'}
[1.511868] (px4_msgs) StdoutLine: {'line': b'-- Up-to-date: /root/ws_sensor_combined/install/px4_msgs/share/px4_msgs/cmake/px4_msgs__rosidl_typesupport_introspection_cExport.cmake\n'}
[1.511939] (px4_msgs) StdoutLine: {'line': b'-- Up-to-date: /root/ws_sensor_combined/install/px4_msgs/share/px4_msgs/cmake/px4_msgs__rosidl_typesupport_introspection_cExport-noconfig.cmake\n'}
[1.512342] (px4_msgs) StdoutLine: {'line': b'-- Up-to-date: /root/ws_sensor_combined/install/px4_msgs/share/px4_msgs/cmake/px4_msgs__rosidl_typesupport_cExport.cmake\n'}
[1.512421] (px4_msgs) StdoutLine: {'line': b'-- Up-to-date: /root/ws_sensor_combined/install/px4_msgs/share/px4_msgs/cmake/px4_msgs__rosidl_typesupport_cExport-noconfig.cmake\n'}
[1.512863] (px4_msgs) StdoutLine: {'line': b'-- Up-to-date: /root/ws_sensor_combined/install/px4_msgs/share/px4_msgs/cmake/px4_msgs__rosidl_typesupport_introspection_cppExport.cmake\n'}
[1.513073] (px4_msgs) StdoutLine: {'line': b'-- Up-to-date: /root/ws_sensor_combined/install/px4_msgs/share/px4_msgs/cmake/px4_msgs__rosidl_typesupport_introspection_cppExport-noconfig.cmake\n'}
[1.513277] (px4_msgs) StdoutLine: {'line': b'-- Up-to-date: /root/ws_sensor_combined/install/px4_msgs/share/px4_msgs/cmake/px4_msgs__rosidl_typesupport_cppExport.cmake\n'}
[1.513447] (px4_msgs) StdoutLine: {'line': b'-- Up-to-date: /root/ws_sensor_combined/install/px4_msgs/share/px4_msgs/cmake/px4_msgs__rosidl_typesupport_cppExport-noconfig.cmake\n'}
[1.513689] (px4_msgs) StdoutLine: {'line': b'-- Up-to-date: /root/ws_sensor_combined/install/px4_msgs/share/px4_msgs/cmake/export_px4_msgs__rosidl_generator_pyExport.cmake\n'}
[1.513855] (px4_msgs) StdoutLine: {'line': b'-- Up-to-date: /root/ws_sensor_combined/install/px4_msgs/share/px4_msgs/cmake/export_px4_msgs__rosidl_generator_pyExport-noconfig.cmake\n'}
[1.516052] (px4_msgs) CommandEnded: {'returncode': 0}
[1.560452] (px4_msgs) JobEnded: {'identifier': 'px4_msgs', 'rc': 0}
[1.561462] (px4_ros2_cpp) JobStarted: {'identifier': 'px4_ros2_cpp'}
[1.563643] (px4_ros_com) JobStarted: {'identifier': 'px4_ros_com'}
[1.603220] (-) TimerEvent: {}
[1.603737] (px4_ros2_cpp) JobProgress: {'identifier': 'px4_ros2_cpp', 'progress': 'cmake'}
[1.604891] (px4_ros2_cpp) JobProgress: {'identifier': 'px4_ros2_cpp', 'progress': 'build'}
[1.605809] (px4_ros2_cpp) Command: {'cmd': ['/usr/bin/cmake', '--build', '/root/ws_sensor_combined/build/px4_ros2_cpp', '--', '-j20', '-l20'], 'cwd': '/root/ws_sensor_combined/build/px4_ros2_cpp', 'env': OrderedDict([('LESSOPEN', '| /usr/bin/lesspipe %s'), ('USER', 'root'), ('GIT_ASKPASS', '/root/.vscode-server/bin/360a4e4fd251bfce169a4ddf857c7d25d1ad40da/extensions/git/dist/askpass.sh'), ('SHLVL', '2'), ('LD_LIBRARY_PATH', '/root/ws_sensor_combined/install/px4_msgs/lib:/root/ws_sensor_combined/install/px4_ros_com/lib:/root/ws_sensor_combined/install/px4_ros2_cpp/lib:/opt/ros/humble/opt/rviz_ogre_vendor/lib:/opt/ros/humble/lib/x86_64-linux-gnu:/opt/ros/humble/lib'), ('WT_PROFILE_ID', '{4ff56d04-d9cf-57ea-bae2-ad396374e7e3}'), ('HOME', '/root'), ('TERM_PROGRAM_VERSION', '1.103.1'), ('VSCODE_IPC_HOOK_CLI', '/run/user/0/vscode-ipc-7c4c6447-ae3c-495f-b12e-4b258fca685d.sock'), ('ROS_PYTHON_VERSION', '3'), ('VSCODE_GIT_ASKPASS_MAIN', '/root/.vscode-server/bin/360a4e4fd251bfce169a4ddf857c7d25d1ad40da/extensions/git/dist/askpass-main.js'), ('VSCODE_GIT_ASKPASS_NODE', '/root/.vscode-server/bin/360a4e4fd251bfce169a4ddf857c7d25d1ad40da/node'), ('PYDEVD_DISABLE_FILE_VALIDATION', '1'), ('BUNDLED_DEBUGPY_PATH', '/root/.vscode-server/extensions/ms-python.debugpy-2025.10.0-linux-x64/bundled/libs/debugpy'), ('DBUS_SESSION_BUS_ADDRESS', 'unix:path=/run/user/0/bus'), ('COLORTERM', 'truecolor'), ('WSL_DISTRO_NAME', 'Ubuntu-22.04'), ('DEBUGINFOD_URLS', ''), ('WAYLAND_DISPLAY', 'wayland-0'), ('COLCON_PREFIX_PATH', '/root/ws_sensor_combined/install'), ('ROS_DISTRO', 'humble'), ('LOGNAME', 'root'), ('NAME', 'Code'), ('WSL_INTEROP', '/run/WSL/487_interop'), ('PULSE_SERVER', 'unix:/mnt/wslg/PulseServer'), ('_', '/usr/bin/colcon'), ('ROS_VERSION', '2'), ('TERM', 'xterm-256color'), ('ROS_LOCALHOST_ONLY', '0'), ('PATH', '/root/.vscode-server/bin/360a4e4fd251bfce169a4ddf857c7d25d1ad40da/bin/remote-cli:/opt/ros/humble/bin:/usr/local/sbin:/usr/local/bin:/usr/sbin:/usr/bin:/sbin:/bin:/usr/games:/usr/local/games:/usr/lib/wsl/lib:/mnt/c/Windows/system32:/mnt/c/Windows:/mnt/c/Windows/System32/Wbem:/mnt/c/Windows/System32/WindowsPowerShell/v1.0/:/mnt/c/Windows/System32/OpenSSH/:/mnt/c/Program Files (x86)/NVIDIA Corporation/PhysX/Common:/mnt/c/WINDOWS/system32:/mnt/c/WINDOWS:/mnt/c/WINDOWS/System32/Wbem:/mnt/c/WINDOWS/System32/WindowsPowerShell/v1.0/:/mnt/c/WINDOWS/System32/OpenSSH/:/mnt/c/Program Files/dotnet/:/mnt/c/Program Files/NVIDIA Corporation/NVIDIA App/NvDLISR:/mnt/c/Program Files/Git/cmd:/mnt/c/Users/chris/AppData/Local/Microsoft/WindowsApps:/mnt/c/Users/chris/AppData/Local/Programs/Microsoft VS Code/bin:/snap/bin:/root/.vscode-server/extensions/ms-python.debugpy-2025.10.0-linux-x64/bundled/scripts/noConfigScripts:/root/.vscode-server/data/User/globalStorage/github.copilot-chat/debugCommand'), ('WT_SESSION', '402ded2a-7e1d-4116-8c7a-81d3b47e82bd'), ('XDG_RUNTIME_DIR', '/run/user/0/'), ('DISPLAY', ':0'), ('VSCODE_DEBUGPY_ADAPTER_ENDPOINTS', '/root/.vscode-server/extensions/ms-python.debugpy-2025.10.0-linux-x64/.noConfigDebugAdapterEndpoints/endpoint-d6e2528f5321a076.txt'), ('LANG', 'en_US.UTF-8'), ('LS_COLORS', 'rs=0:di=01;34:ln=01;36:mh=00:pi=40;33:so=01;35:do=01;35:bd=40;33;01:cd=40;33;01:or=40;31;01:mi=00:su=37;41:sg=30;43:ca=30;41:tw=30;42:ow=34;42:st=37;44:ex=01;32:*.tar=01;31:*.tgz=01;31:*.arc=01;31:*.arj=01;31:*.taz=01;31:*.lha=01;31:*.lz4=01;31:*.lzh=01;31:*.lzma=01;31:*.tlz=01;31:*.txz=01;31:*.tzo=01;31:*.t7z=01;31:*.zip=01;31:*.z=01;31:*.dz=01;31:*.gz=01;31:*.lrz=01;31:*.lz=01;31:*.lzo=01;31:*.xz=01;31:*.zst=01;31:*.tzst=01;31:*.bz2=01;31:*.bz=01;31:*.tbz=01;31:*.tbz2=01;31:*.tz=01;31:*.deb=01;31:*.rpm=01;31:*.jar=01;31:*.war=01;31:*.ear=01;31:*.sar=01;31:*.rar=01;31:*.alz=01;31:*.ace=01;31:*.zoo=01;31:*.cpio=01;31:*.7z=01;31:*.rz=01;31:*.cab=01;31:*.wim=01;31:*.swm=01;31:*.dwm=01;31:*.esd=01;31:*.jpg=01;35:*.jpeg=01;35:*.mjpg=01;35:*.mjpeg=01;35:*.gif=01;35:*.bmp=01;35:*.pbm=01;35:*.pgm=01;35:*.ppm=01;35:*.tga=01;35:*.xbm=01;35:*.xpm=01;35:*.tif=01;35:*.tiff=01;35:*.png=01;35:*.svg=01;35:*.svgz=01;35:*.mng=01;35:*.pcx=01;35:*.mov=01;35:*.mpg=01;35:*.mpeg=01;35:*.m2v=01;35:*.mkv=01;35:*.webm=01;35:*.webp=01;35:*.ogm=01;35:*.mp4=01;35:*.m4v=01;35:*.mp4v=01;35:*.vob=01;35:*.qt=01;35:*.nuv=01;35:*.wmv=01;35:*.asf=01;35:*.rm=01;35:*.rmvb=01;35:*.flc=01;35:*.avi=01;35:*.fli=01;35:*.flv=01;35:*.gl=01;35:*.dl=01;35:*.xcf=01;35:*.xwd=01;35:*.yuv=01;35:*.cgm=01;35:*.emf=01;35:*.ogv=01;35:*.ogx=01;35:*.aac=00;36:*.au=00;36:*.flac=00;36:*.m4a=00;36:*.mid=00;36:*.midi=00;36:*.mka=00;36:*.mp3=00;36:*.mpc=00;36:*.ogg=00;36:*.ra=00;36:*.wav=00;36:*.oga=00;36:*.opus=00;36:*.spx=00;36:*.xspf=00;36:'), ('VSCODE_GIT_IPC_HANDLE', '/run/user/0/vscode-git-c1d1440c90.sock'), ('TERM_PROGRAM', 'vscode'), ('AMENT_PREFIX_PATH', '/root/ws_sensor_combined/install/px4_ros_com:/root/ws_sensor_combined/install/example_mode_with_executor_cpp:/root/ws_sensor_combined/install/example_mode_vtol_cpp:/root/ws_sensor_combined/install/example_mode_rtl_replacement_cpp:/root/ws_sensor_combined/install/example_mode_manual_cpp:/root/ws_sensor_combined/install/example_mode_goto_global_cpp:/root/ws_sensor_combined/install/example_mode_goto_cpp:/root/ws_sensor_combined/install/example_mode_fw_attitude_cpp:/root/ws_sensor_combined/install/example_local_navigation_cpp:/root/ws_sensor_combined/install/example_global_navigation_cpp:/root/ws_sensor_combined/install/example_executor_with_multiple_modes_cpp:/root/ws_sensor_combined/install/px4_ros2_cpp:/root/ws_sensor_combined/install/px4_msgs:/opt/ros/humble'), ('SHELL', '/bin/bash'), ('LESSCLOSE', '/usr/bin/lesspipe %s %s'), ('VSCODE_GIT_ASKPASS_EXTRA_ARGS', ''), ('PWD', '/root/ws_sensor_combined/build/px4_ros2_cpp'), ('XDG_DATA_DIRS', '/usr/local/share:/usr/share:/var/lib/snapd/desktop'), ('PYTHONPATH', '/root/ws_sensor_combined/install/px4_ros_com/local/lib/python3.10/dist-packages:/root/ws_sensor_combined/install/px4_msgs/local/lib/python3.10/dist-packages:/opt/ros/humble/lib/python3.10/site-packages:/opt/ros/humble/local/lib/python3.10/dist-packages'), ('COLCON', '1'), ('WSL2_GUI_APPS_ENABLED', '1'), ('HOSTTYPE', 'x86_64'), ('CMAKE_PREFIX_PATH', '/root/ws_sensor_combined/install/px4_msgs:/root/ws_sensor_combined/install/px4_ros_com:/root/ws_sensor_combined/install/example_mode_with_executor_cpp:/root/ws_sensor_combined/install/example_mode_vtol_cpp:/root/ws_sensor_combined/install/example_mode_rtl_replacement_cpp:/root/ws_sensor_combined/install/example_mode_manual_cpp:/root/ws_sensor_combined/install/example_mode_goto_global_cpp:/root/ws_sensor_combined/install/example_mode_goto_cpp:/root/ws_sensor_combined/install/example_mode_fw_attitude_cpp:/root/ws_sensor_combined/install/example_local_navigation_cpp:/root/ws_sensor_combined/install/example_global_navigation_cpp:/root/ws_sensor_combined/install/example_executor_with_multiple_modes_cpp:/root/ws_sensor_combined/install/px4_ros2_cpp:/opt/ros/humble'), ('WSLENV', 'ELECTRON_RUN_AS_NODE/w:WT_SESSION:WT_PROFILE_ID:')]), 'shell': False}
[1.607472] (px4_ros_com) JobProgress: {'identifier': 'px4_ros_com', 'progress': 'cmake'}
[1.608637] (px4_ros_com) JobProgress: {'identifier': 'px4_ros_com', 'progress': 'build'}
[1.609925] (px4_ros_com) Command: {'cmd': ['/usr/bin/cmake', '--build', '/root/ws_sensor_combined/build/px4_ros_com', '--', '-j20', '-l20'], 'cwd': '/root/ws_sensor_combined/build/px4_ros_com', 'env': OrderedDict([('LESSOPEN', '| /usr/bin/lesspipe %s'), ('USER', 'root'), ('GIT_ASKPASS', '/root/.vscode-server/bin/360a4e4fd251bfce169a4ddf857c7d25d1ad40da/extensions/git/dist/askpass.sh'), ('SHLVL', '2'), ('LD_LIBRARY_PATH', '/root/ws_sensor_combined/install/px4_msgs/lib:/root/ws_sensor_combined/install/px4_ros_com/lib:/root/ws_sensor_combined/install/px4_ros2_cpp/lib:/opt/ros/humble/opt/rviz_ogre_vendor/lib:/opt/ros/humble/lib/x86_64-linux-gnu:/opt/ros/humble/lib'), ('WT_PROFILE_ID', '{4ff56d04-d9cf-57ea-bae2-ad396374e7e3}'), ('HOME', '/root'), ('TERM_PROGRAM_VERSION', '1.103.1'), ('VSCODE_IPC_HOOK_CLI', '/run/user/0/vscode-ipc-7c4c6447-ae3c-495f-b12e-4b258fca685d.sock'), ('ROS_PYTHON_VERSION', '3'), ('VSCODE_GIT_ASKPASS_MAIN', '/root/.vscode-server/bin/360a4e4fd251bfce169a4ddf857c7d25d1ad40da/extensions/git/dist/askpass-main.js'), ('VSCODE_GIT_ASKPASS_NODE', '/root/.vscode-server/bin/360a4e4fd251bfce169a4ddf857c7d25d1ad40da/node'), ('PYDEVD_DISABLE_FILE_VALIDATION', '1'), ('BUNDLED_DEBUGPY_PATH', '/root/.vscode-server/extensions/ms-python.debugpy-2025.10.0-linux-x64/bundled/libs/debugpy'), ('DBUS_SESSION_BUS_ADDRESS', 'unix:path=/run/user/0/bus'), ('COLORTERM', 'truecolor'), ('WSL_DISTRO_NAME', 'Ubuntu-22.04'), ('DEBUGINFOD_URLS', ''), ('WAYLAND_DISPLAY', 'wayland-0'), ('COLCON_PREFIX_PATH', '/root/ws_sensor_combined/install'), ('ROS_DISTRO', 'humble'), ('LOGNAME', 'root'), ('NAME', 'Code'), ('WSL_INTEROP', '/run/WSL/487_interop'), ('PULSE_SERVER', 'unix:/mnt/wslg/PulseServer'), ('_', '/usr/bin/colcon'), ('ROS_VERSION', '2'), ('TERM', 'xterm-256color'), ('ROS_LOCALHOST_ONLY', '0'), ('PATH', '/root/.vscode-server/bin/360a4e4fd251bfce169a4ddf857c7d25d1ad40da/bin/remote-cli:/opt/ros/humble/bin:/usr/local/sbin:/usr/local/bin:/usr/sbin:/usr/bin:/sbin:/bin:/usr/games:/usr/local/games:/usr/lib/wsl/lib:/mnt/c/Windows/system32:/mnt/c/Windows:/mnt/c/Windows/System32/Wbem:/mnt/c/Windows/System32/WindowsPowerShell/v1.0/:/mnt/c/Windows/System32/OpenSSH/:/mnt/c/Program Files (x86)/NVIDIA Corporation/PhysX/Common:/mnt/c/WINDOWS/system32:/mnt/c/WINDOWS:/mnt/c/WINDOWS/System32/Wbem:/mnt/c/WINDOWS/System32/WindowsPowerShell/v1.0/:/mnt/c/WINDOWS/System32/OpenSSH/:/mnt/c/Program Files/dotnet/:/mnt/c/Program Files/NVIDIA Corporation/NVIDIA App/NvDLISR:/mnt/c/Program Files/Git/cmd:/mnt/c/Users/chris/AppData/Local/Microsoft/WindowsApps:/mnt/c/Users/chris/AppData/Local/Programs/Microsoft VS Code/bin:/snap/bin:/root/.vscode-server/extensions/ms-python.debugpy-2025.10.0-linux-x64/bundled/scripts/noConfigScripts:/root/.vscode-server/data/User/globalStorage/github.copilot-chat/debugCommand'), ('WT_SESSION', '402ded2a-7e1d-4116-8c7a-81d3b47e82bd'), ('XDG_RUNTIME_DIR', '/run/user/0/'), ('DISPLAY', ':0'), ('VSCODE_DEBUGPY_ADAPTER_ENDPOINTS', '/root/.vscode-server/extensions/ms-python.debugpy-2025.10.0-linux-x64/.noConfigDebugAdapterEndpoints/endpoint-d6e2528f5321a076.txt'), ('LANG', 'en_US.UTF-8'), ('LS_COLORS', 'rs=0:di=01;34:ln=01;36:mh=00:pi=40;33:so=01;35:do=01;35:bd=40;33;01:cd=40;33;01:or=40;31;01:mi=00:su=37;41:sg=30;43:ca=30;41:tw=30;42:ow=34;42:st=37;44:ex=01;32:*.tar=01;31:*.tgz=01;31:*.arc=01;31:*.arj=01;31:*.taz=01;31:*.lha=01;31:*.lz4=01;31:*.lzh=01;31:*.lzma=01;31:*.tlz=01;31:*.txz=01;31:*.tzo=01;31:*.t7z=01;31:*.zip=01;31:*.z=01;31:*.dz=01;31:*.gz=01;31:*.lrz=01;31:*.lz=01;31:*.lzo=01;31:*.xz=01;31:*.zst=01;31:*.tzst=01;31:*.bz2=01;31:*.bz=01;31:*.tbz=01;31:*.tbz2=01;31:*.tz=01;31:*.deb=01;31:*.rpm=01;31:*.jar=01;31:*.war=01;31:*.ear=01;31:*.sar=01;31:*.rar=01;31:*.alz=01;31:*.ace=01;31:*.zoo=01;31:*.cpio=01;31:*.7z=01;31:*.rz=01;31:*.cab=01;31:*.wim=01;31:*.swm=01;31:*.dwm=01;31:*.esd=01;31:*.jpg=01;35:*.jpeg=01;35:*.mjpg=01;35:*.mjpeg=01;35:*.gif=01;35:*.bmp=01;35:*.pbm=01;35:*.pgm=01;35:*.ppm=01;35:*.tga=01;35:*.xbm=01;35:*.xpm=01;35:*.tif=01;35:*.tiff=01;35:*.png=01;35:*.svg=01;35:*.svgz=01;35:*.mng=01;35:*.pcx=01;35:*.mov=01;35:*.mpg=01;35:*.mpeg=01;35:*.m2v=01;35:*.mkv=01;35:*.webm=01;35:*.webp=01;35:*.ogm=01;35:*.mp4=01;35:*.m4v=01;35:*.mp4v=01;35:*.vob=01;35:*.qt=01;35:*.nuv=01;35:*.wmv=01;35:*.asf=01;35:*.rm=01;35:*.rmvb=01;35:*.flc=01;35:*.avi=01;35:*.fli=01;35:*.flv=01;35:*.gl=01;35:*.dl=01;35:*.xcf=01;35:*.xwd=01;35:*.yuv=01;35:*.cgm=01;35:*.emf=01;35:*.ogv=01;35:*.ogx=01;35:*.aac=00;36:*.au=00;36:*.flac=00;36:*.m4a=00;36:*.mid=00;36:*.midi=00;36:*.mka=00;36:*.mp3=00;36:*.mpc=00;36:*.ogg=00;36:*.ra=00;36:*.wav=00;36:*.oga=00;36:*.opus=00;36:*.spx=00;36:*.xspf=00;36:'), ('VSCODE_GIT_IPC_HANDLE', '/run/user/0/vscode-git-c1d1440c90.sock'), ('TERM_PROGRAM', 'vscode'), ('AMENT_PREFIX_PATH', '/root/ws_sensor_combined/install/px4_ros_com:/root/ws_sensor_combined/install/example_mode_with_executor_cpp:/root/ws_sensor_combined/install/example_mode_vtol_cpp:/root/ws_sensor_combined/install/example_mode_rtl_replacement_cpp:/root/ws_sensor_combined/install/example_mode_manual_cpp:/root/ws_sensor_combined/install/example_mode_goto_global_cpp:/root/ws_sensor_combined/install/example_mode_goto_cpp:/root/ws_sensor_combined/install/example_mode_fw_attitude_cpp:/root/ws_sensor_combined/install/example_local_navigation_cpp:/root/ws_sensor_combined/install/example_global_navigation_cpp:/root/ws_sensor_combined/install/example_executor_with_multiple_modes_cpp:/root/ws_sensor_combined/install/px4_ros2_cpp:/root/ws_sensor_combined/install/px4_msgs:/opt/ros/humble'), ('SHELL', '/bin/bash'), ('LESSCLOSE', '/usr/bin/lesspipe %s %s'), ('VSCODE_GIT_ASKPASS_EXTRA_ARGS', ''), ('PWD', '/root/ws_sensor_combined/build/px4_ros_com'), ('XDG_DATA_DIRS', '/usr/local/share:/usr/share:/var/lib/snapd/desktop'), ('PYTHONPATH', '/root/ws_sensor_combined/install/px4_ros_com/local/lib/python3.10/dist-packages:/root/ws_sensor_combined/install/px4_msgs/local/lib/python3.10/dist-packages:/opt/ros/humble/lib/python3.10/site-packages:/opt/ros/humble/local/lib/python3.10/dist-packages'), ('COLCON', '1'), ('WSL2_GUI_APPS_ENABLED', '1'), ('HOSTTYPE', 'x86_64'), ('CMAKE_PREFIX_PATH', '/root/ws_sensor_combined/install/px4_msgs:/root/ws_sensor_combined/install/px4_ros_com:/root/ws_sensor_combined/install/example_mode_with_executor_cpp:/root/ws_sensor_combined/install/example_mode_vtol_cpp:/root/ws_sensor_combined/install/example_mode_rtl_replacement_cpp:/root/ws_sensor_combined/install/example_mode_manual_cpp:/root/ws_sensor_combined/install/example_mode_goto_global_cpp:/root/ws_sensor_combined/install/example_mode_goto_cpp:/root/ws_sensor_combined/install/example_mode_fw_attitude_cpp:/root/ws_sensor_combined/install/example_local_navigation_cpp:/root/ws_sensor_combined/install/example_global_navigation_cpp:/root/ws_sensor_combined/install/example_executor_with_multiple_modes_cpp:/root/ws_sensor_combined/install/px4_ros2_cpp:/opt/ros/humble'), ('WSLENV', 'ELECTRON_RUN_AS_NODE/w:WT_SESSION:WT_PROFILE_ID:')]), 'shell': False}
[1.668964] (px4_ros_com) StdoutLine: {'line': b'-- Found ament_cmake: 1.3.12 (/opt/ros/humble/share/ament_cmake/cmake)\n'}
[1.690765] (px4_ros2_cpp) StdoutLine: {'line': b'[  4%] Built target gtest\n'}
[1.691330] (px4_ros2_cpp) StdoutLine: {'line': b'[  8%] Built target unit_utils\n'}
[1.693490] (px4_ros2_cpp) StdoutLine: {'line': b'[ 12%] Built target gtest_main\n'}
[1.693768] (px4_ros2_cpp) StdoutLine: {'line': b'[ 16%] Built target integration_utils\n'}
[1.703386] (-) TimerEvent: {}
[1.718573] (px4_ros2_cpp) StdoutLine: {'line': b'[ 68%] Built target px4_ros2_cpp\n'}
[1.746245] (px4_ros2_cpp) StdoutLine: {'line': b'[ 86%] Built target integration_tests\n'}
[1.746468] (px4_ros2_cpp) StdoutLine: {'line': b'[100%] Built target px4_ros2_cpp_unit_tests\n'}
[1.754677] (px4_ros2_cpp) CommandEnded: {'returncode': 0}
[1.756151] (px4_ros2_cpp) JobProgress: {'identifier': 'px4_ros2_cpp', 'progress': 'install'}
[1.756905] (px4_ros2_cpp) Command: {'cmd': ['/usr/bin/cmake', '--install', '/root/ws_sensor_combined/build/px4_ros2_cpp'], 'cwd': '/root/ws_sensor_combined/build/px4_ros2_cpp', 'env': OrderedDict([('LESSOPEN', '| /usr/bin/lesspipe %s'), ('USER', 'root'), ('GIT_ASKPASS', '/root/.vscode-server/bin/360a4e4fd251bfce169a4ddf857c7d25d1ad40da/extensions/git/dist/askpass.sh'), ('SHLVL', '2'), ('LD_LIBRARY_PATH', '/root/ws_sensor_combined/install/px4_msgs/lib:/root/ws_sensor_combined/install/px4_ros_com/lib:/root/ws_sensor_combined/install/px4_ros2_cpp/lib:/opt/ros/humble/opt/rviz_ogre_vendor/lib:/opt/ros/humble/lib/x86_64-linux-gnu:/opt/ros/humble/lib'), ('WT_PROFILE_ID', '{4ff56d04-d9cf-57ea-bae2-ad396374e7e3}'), ('HOME', '/root'), ('TERM_PROGRAM_VERSION', '1.103.1'), ('VSCODE_IPC_HOOK_CLI', '/run/user/0/vscode-ipc-7c4c6447-ae3c-495f-b12e-4b258fca685d.sock'), ('ROS_PYTHON_VERSION', '3'), ('VSCODE_GIT_ASKPASS_MAIN', '/root/.vscode-server/bin/360a4e4fd251bfce169a4ddf857c7d25d1ad40da/extensions/git/dist/askpass-main.js'), ('VSCODE_GIT_ASKPASS_NODE', '/root/.vscode-server/bin/360a4e4fd251bfce169a4ddf857c7d25d1ad40da/node'), ('PYDEVD_DISABLE_FILE_VALIDATION', '1'), ('BUNDLED_DEBUGPY_PATH', '/root/.vscode-server/extensions/ms-python.debugpy-2025.10.0-linux-x64/bundled/libs/debugpy'), ('DBUS_SESSION_BUS_ADDRESS', 'unix:path=/run/user/0/bus'), ('COLORTERM', 'truecolor'), ('WSL_DISTRO_NAME', 'Ubuntu-22.04'), ('DEBUGINFOD_URLS', ''), ('WAYLAND_DISPLAY', 'wayland-0'), ('COLCON_PREFIX_PATH', '/root/ws_sensor_combined/install'), ('ROS_DISTRO', 'humble'), ('LOGNAME', 'root'), ('NAME', 'Code'), ('WSL_INTEROP', '/run/WSL/487_interop'), ('PULSE_SERVER', 'unix:/mnt/wslg/PulseServer'), ('_', '/usr/bin/colcon'), ('ROS_VERSION', '2'), ('TERM', 'xterm-256color'), ('ROS_LOCALHOST_ONLY', '0'), ('PATH', '/root/.vscode-server/bin/360a4e4fd251bfce169a4ddf857c7d25d1ad40da/bin/remote-cli:/opt/ros/humble/bin:/usr/local/sbin:/usr/local/bin:/usr/sbin:/usr/bin:/sbin:/bin:/usr/games:/usr/local/games:/usr/lib/wsl/lib:/mnt/c/Windows/system32:/mnt/c/Windows:/mnt/c/Windows/System32/Wbem:/mnt/c/Windows/System32/WindowsPowerShell/v1.0/:/mnt/c/Windows/System32/OpenSSH/:/mnt/c/Program Files (x86)/NVIDIA Corporation/PhysX/Common:/mnt/c/WINDOWS/system32:/mnt/c/WINDOWS:/mnt/c/WINDOWS/System32/Wbem:/mnt/c/WINDOWS/System32/WindowsPowerShell/v1.0/:/mnt/c/WINDOWS/System32/OpenSSH/:/mnt/c/Program Files/dotnet/:/mnt/c/Program Files/NVIDIA Corporation/NVIDIA App/NvDLISR:/mnt/c/Program Files/Git/cmd:/mnt/c/Users/chris/AppData/Local/Microsoft/WindowsApps:/mnt/c/Users/chris/AppData/Local/Programs/Microsoft VS Code/bin:/snap/bin:/root/.vscode-server/extensions/ms-python.debugpy-2025.10.0-linux-x64/bundled/scripts/noConfigScripts:/root/.vscode-server/data/User/globalStorage/github.copilot-chat/debugCommand'), ('WT_SESSION', '402ded2a-7e1d-4116-8c7a-81d3b47e82bd'), ('XDG_RUNTIME_DIR', '/run/user/0/'), ('DISPLAY', ':0'), ('VSCODE_DEBUGPY_ADAPTER_ENDPOINTS', '/root/.vscode-server/extensions/ms-python.debugpy-2025.10.0-linux-x64/.noConfigDebugAdapterEndpoints/endpoint-d6e2528f5321a076.txt'), ('LANG', 'en_US.UTF-8'), ('LS_COLORS', 'rs=0:di=01;34:ln=01;36:mh=00:pi=40;33:so=01;35:do=01;35:bd=40;33;01:cd=40;33;01:or=40;31;01:mi=00:su=37;41:sg=30;43:ca=30;41:tw=30;42:ow=34;42:st=37;44:ex=01;32:*.tar=01;31:*.tgz=01;31:*.arc=01;31:*.arj=01;31:*.taz=01;31:*.lha=01;31:*.lz4=01;31:*.lzh=01;31:*.lzma=01;31:*.tlz=01;31:*.txz=01;31:*.tzo=01;31:*.t7z=01;31:*.zip=01;31:*.z=01;31:*.dz=01;31:*.gz=01;31:*.lrz=01;31:*.lz=01;31:*.lzo=01;31:*.xz=01;31:*.zst=01;31:*.tzst=01;31:*.bz2=01;31:*.bz=01;31:*.tbz=01;31:*.tbz2=01;31:*.tz=01;31:*.deb=01;31:*.rpm=01;31:*.jar=01;31:*.war=01;31:*.ear=01;31:*.sar=01;31:*.rar=01;31:*.alz=01;31:*.ace=01;31:*.zoo=01;31:*.cpio=01;31:*.7z=01;31:*.rz=01;31:*.cab=01;31:*.wim=01;31:*.swm=01;31:*.dwm=01;31:*.esd=01;31:*.jpg=01;35:*.jpeg=01;35:*.mjpg=01;35:*.mjpeg=01;35:*.gif=01;35:*.bmp=01;35:*.pbm=01;35:*.pgm=01;35:*.ppm=01;35:*.tga=01;35:*.xbm=01;35:*.xpm=01;35:*.tif=01;35:*.tiff=01;35:*.png=01;35:*.svg=01;35:*.svgz=01;35:*.mng=01;35:*.pcx=01;35:*.mov=01;35:*.mpg=01;35:*.mpeg=01;35:*.m2v=01;35:*.mkv=01;35:*.webm=01;35:*.webp=01;35:*.ogm=01;35:*.mp4=01;35:*.m4v=01;35:*.mp4v=01;35:*.vob=01;35:*.qt=01;35:*.nuv=01;35:*.wmv=01;35:*.asf=01;35:*.rm=01;35:*.rmvb=01;35:*.flc=01;35:*.avi=01;35:*.fli=01;35:*.flv=01;35:*.gl=01;35:*.dl=01;35:*.xcf=01;35:*.xwd=01;35:*.yuv=01;35:*.cgm=01;35:*.emf=01;35:*.ogv=01;35:*.ogx=01;35:*.aac=00;36:*.au=00;36:*.flac=00;36:*.m4a=00;36:*.mid=00;36:*.midi=00;36:*.mka=00;36:*.mp3=00;36:*.mpc=00;36:*.ogg=00;36:*.ra=00;36:*.wav=00;36:*.oga=00;36:*.opus=00;36:*.spx=00;36:*.xspf=00;36:'), ('VSCODE_GIT_IPC_HANDLE', '/run/user/0/vscode-git-c1d1440c90.sock'), ('TERM_PROGRAM', 'vscode'), ('AMENT_PREFIX_PATH', '/root/ws_sensor_combined/install/px4_ros_com:/root/ws_sensor_combined/install/example_mode_with_executor_cpp:/root/ws_sensor_combined/install/example_mode_vtol_cpp:/root/ws_sensor_combined/install/example_mode_rtl_replacement_cpp:/root/ws_sensor_combined/install/example_mode_manual_cpp:/root/ws_sensor_combined/install/example_mode_goto_global_cpp:/root/ws_sensor_combined/install/example_mode_goto_cpp:/root/ws_sensor_combined/install/example_mode_fw_attitude_cpp:/root/ws_sensor_combined/install/example_local_navigation_cpp:/root/ws_sensor_combined/install/example_global_navigation_cpp:/root/ws_sensor_combined/install/example_executor_with_multiple_modes_cpp:/root/ws_sensor_combined/install/px4_ros2_cpp:/root/ws_sensor_combined/install/px4_msgs:/opt/ros/humble'), ('SHELL', '/bin/bash'), ('LESSCLOSE', '/usr/bin/lesspipe %s %s'), ('VSCODE_GIT_ASKPASS_EXTRA_ARGS', ''), ('PWD', '/root/ws_sensor_combined/build/px4_ros2_cpp'), ('XDG_DATA_DIRS', '/usr/local/share:/usr/share:/var/lib/snapd/desktop'), ('PYTHONPATH', '/root/ws_sensor_combined/install/px4_ros_com/local/lib/python3.10/dist-packages:/root/ws_sensor_combined/install/px4_msgs/local/lib/python3.10/dist-packages:/opt/ros/humble/lib/python3.10/site-packages:/opt/ros/humble/local/lib/python3.10/dist-packages'), ('COLCON', '1'), ('WSL2_GUI_APPS_ENABLED', '1'), ('HOSTTYPE', 'x86_64'), ('CMAKE_PREFIX_PATH', '/root/ws_sensor_combined/install/px4_msgs:/root/ws_sensor_combined/install/px4_ros_com:/root/ws_sensor_combined/install/example_mode_with_executor_cpp:/root/ws_sensor_combined/install/example_mode_vtol_cpp:/root/ws_sensor_combined/install/example_mode_rtl_replacement_cpp:/root/ws_sensor_combined/install/example_mode_manual_cpp:/root/ws_sensor_combined/install/example_mode_goto_global_cpp:/root/ws_sensor_combined/install/example_mode_goto_cpp:/root/ws_sensor_combined/install/example_mode_fw_attitude_cpp:/root/ws_sensor_combined/install/example_local_navigation_cpp:/root/ws_sensor_combined/install/example_global_navigation_cpp:/root/ws_sensor_combined/install/example_executor_with_multiple_modes_cpp:/root/ws_sensor_combined/install/px4_ros2_cpp:/opt/ros/humble'), ('WSLENV', 'ELECTRON_RUN_AS_NODE/w:WT_SESSION:WT_PROFILE_ID:')]), 'shell': False}
[1.762697] (px4_ros2_cpp) StdoutLine: {'line': b'-- Install configuration: ""\n'}
[1.762968] (px4_ros2_cpp) StdoutLine: {'line': b'-- Up-to-date: /root/ws_sensor_combined/install/px4_ros2_cpp/share/px4_ros2_cpp/environment/library_path.sh\n'}
[1.763090] (px4_ros2_cpp) StdoutLine: {'line': b'-- Up-to-date: /root/ws_sensor_combined/install/px4_ros2_cpp/share/px4_ros2_cpp/environment/library_path.dsv\n'}
[1.763165] (px4_ros2_cpp) StdoutLine: {'line': b'-- Up-to-date: /root/ws_sensor_combined/install/px4_ros2_cpp/include/px4_ros2\n'}
[1.763224] (px4_ros2_cpp) StdoutLine: {'line': b'-- Up-to-date: /root/ws_sensor_combined/install/px4_ros2_cpp/include/px4_ros2/vehicle_state\n'}
[1.763506] (px4_ros2_cpp) StdoutLine: {'line': b'-- Up-to-date: /root/ws_sensor_combined/install/px4_ros2_cpp/include/px4_ros2/vehicle_state/battery.hpp\n'}
[1.763725] (px4_ros2_cpp) StdoutLine: {'line': b'-- Up-to-date: /root/ws_sensor_combined/install/px4_ros2_cpp/include/px4_ros2/vehicle_state/vehicle_status.hpp\n'}
[1.763805] (px4_ros2_cpp) StdoutLine: {'line': b'-- Up-to-date: /root/ws_sensor_combined/install/px4_ros2_cpp/include/px4_ros2/vehicle_state/land_detected.hpp\n'}
[1.763870] (px4_ros2_cpp) StdoutLine: {'line': b'-- Up-to-date: /root/ws_sensor_combined/install/px4_ros2_cpp/include/px4_ros2/vehicle_state/vtol_status.hpp\n'}
[1.763942] (px4_ros2_cpp) StdoutLine: {'line': b'-- Up-to-date: /root/ws_sensor_combined/install/px4_ros2_cpp/include/px4_ros2/vehicle_state/groups.dox\n'}
[1.764025] (px4_ros2_cpp) StdoutLine: {'line': b'-- Up-to-date: /root/ws_sensor_combined/install/px4_ros2_cpp/include/px4_ros2/vehicle_state/home_position.hpp\n'}
[1.764211] (px4_ros2_cpp) StdoutLine: {'line': b'-- Up-to-date: /root/ws_sensor_combined/install/px4_ros2_cpp/include/px4_ros2/utils\n'}
[1.764255] (px4_ros2_cpp) StdoutLine: {'line': b'-- Up-to-date: /root/ws_sensor_combined/install/px4_ros2_cpp/include/px4_ros2/utils/geometry.hpp\n'}
[1.764282] (px4_ros2_cpp) StdoutLine: {'line': b'-- Up-to-date: /root/ws_sensor_combined/install/px4_ros2_cpp/include/px4_ros2/utils/subscription.hpp\n'}
[1.764306] (px4_ros2_cpp) StdoutLine: {'line': b'-- Up-to-date: /root/ws_sensor_combined/install/px4_ros2_cpp/include/px4_ros2/utils/frame_conversion.hpp\n'}
[1.764329] (px4_ros2_cpp) StdoutLine: {'line': b'-- Up-to-date: /root/ws_sensor_combined/install/px4_ros2_cpp/include/px4_ros2/utils/geodesic.hpp\n'}
[1.764352] (px4_ros2_cpp) StdoutLine: {'line': b'-- Up-to-date: /root/ws_sensor_combined/install/px4_ros2_cpp/include/px4_ros2/utils/message_version.hpp\n'}
[1.764374] (px4_ros2_cpp) StdoutLine: {'line': b'-- Up-to-date: /root/ws_sensor_combined/install/px4_ros2_cpp/include/px4_ros2/utils/groups.dox\n'}
[1.764396] (px4_ros2_cpp) StdoutLine: {'line': b'-- Up-to-date: /root/ws_sensor_combined/install/px4_ros2_cpp/include/px4_ros2/control\n'}
[1.764418] (px4_ros2_cpp) StdoutLine: {'line': b'-- Up-to-date: /root/ws_sensor_combined/install/px4_ros2_cpp/include/px4_ros2/control/vtol.hpp\n'}
[1.764441] (px4_ros2_cpp) StdoutLine: {'line': b'-- Up-to-date: /root/ws_sensor_combined/install/px4_ros2_cpp/include/px4_ros2/control/setpoint_types\n'}
[1.764463] (px4_ros2_cpp) StdoutLine: {'line': b'-- Up-to-date: /root/ws_sensor_combined/install/px4_ros2_cpp/include/px4_ros2/control/setpoint_types/fixedwing_lateral_longitudinal.hpp\n'}
[1.764486] (px4_ros2_cpp) StdoutLine: {'line': b'-- Up-to-date: /root/ws_sensor_combined/install/px4_ros2_cpp/include/px4_ros2/control/setpoint_types/goto.hpp\n'}
[1.764509] (px4_ros2_cpp) StdoutLine: {'line': b'-- Up-to-date: /root/ws_sensor_combined/install/px4_ros2_cpp/include/px4_ros2/control/setpoint_types/experimental\n'}
[1.764531] (px4_ros2_cpp) StdoutLine: {'line': b'-- Up-to-date: /root/ws_sensor_combined/install/px4_ros2_cpp/include/px4_ros2/control/setpoint_types/experimental/attitude.hpp\n'}
[1.764558] (px4_ros2_cpp) StdoutLine: {'line': b'-- Up-to-date: /root/ws_sensor_combined/install/px4_ros2_cpp/include/px4_ros2/control/setpoint_types/experimental/rates.hpp\n'}
[1.764580] (px4_ros2_cpp) StdoutLine: {'line': b'-- Up-to-date: /root/ws_sensor_combined/install/px4_ros2_cpp/include/px4_ros2/control/setpoint_types/experimental/trajectory.hpp\n'}
[1.764601] (px4_ros2_cpp) StdoutLine: {'line': b'-- Up-to-date: /root/ws_sensor_combined/install/px4_ros2_cpp/include/px4_ros2/control/setpoint_types/direct_actuators.hpp\n'}
[1.764623] (px4_ros2_cpp) StdoutLine: {'line': b'-- Up-to-date: /root/ws_sensor_combined/install/px4_ros2_cpp/include/px4_ros2/control/setpoint_types/groups.dox\n'}
[1.764644] (px4_ros2_cpp) StdoutLine: {'line': b'-- Up-to-date: /root/ws_sensor_combined/install/px4_ros2_cpp/include/px4_ros2/control/groups.dox\n'}
[1.764666] (px4_ros2_cpp) StdoutLine: {'line': b'-- Up-to-date: /root/ws_sensor_combined/install/px4_ros2_cpp/include/px4_ros2/control/peripheral_actuators.hpp\n'}
[1.764687] (px4_ros2_cpp) StdoutLine: {'line': b'-- Up-to-date: /root/ws_sensor_combined/install/px4_ros2_cpp/include/px4_ros2/navigation\n'}
[1.764708] (px4_ros2_cpp) StdoutLine: {'line': b'-- Up-to-date: /root/ws_sensor_combined/install/px4_ros2_cpp/include/px4_ros2/navigation/experimental\n'}
[1.764729] (px4_ros2_cpp) StdoutLine: {'line': b'-- Up-to-date: /root/ws_sensor_combined/install/px4_ros2_cpp/include/px4_ros2/navigation/experimental/global_position_measurement_interface.hpp\n'}
[1.764750] (px4_ros2_cpp) StdoutLine: {'line': b'-- Up-to-date: /root/ws_sensor_combined/install/px4_ros2_cpp/include/px4_ros2/navigation/experimental/navigation_interface_base.hpp\n'}
[1.764772] (px4_ros2_cpp) StdoutLine: {'line': b'-- Up-to-date: /root/ws_sensor_combined/install/px4_ros2_cpp/include/px4_ros2/navigation/experimental/local_position_measurement_interface.hpp\n'}
[1.764793] (px4_ros2_cpp) StdoutLine: {'line': b'-- Up-to-date: /root/ws_sensor_combined/install/px4_ros2_cpp/include/px4_ros2/navigation/groups.dox\n'}
[1.764818] (px4_ros2_cpp) StdoutLine: {'line': b'-- Up-to-date: /root/ws_sensor_combined/install/px4_ros2_cpp/include/px4_ros2/common\n'}
[1.764842] (px4_ros2_cpp) StdoutLine: {'line': b'-- Up-to-date: /root/ws_sensor_combined/install/px4_ros2_cpp/include/px4_ros2/common/setpoint_base.hpp\n'}
[1.764863] (px4_ros2_cpp) StdoutLine: {'line': b'-- Up-to-date: /root/ws_sensor_combined/install/px4_ros2_cpp/include/px4_ros2/common/requirement_flags.hpp\n'}
[1.764885] (px4_ros2_cpp) StdoutLine: {'line': b'-- Up-to-date: /root/ws_sensor_combined/install/px4_ros2_cpp/include/px4_ros2/common/frame.hpp\n'}
[1.764906] (px4_ros2_cpp) StdoutLine: {'line': b'-- Up-to-date: /root/ws_sensor_combined/install/px4_ros2_cpp/include/px4_ros2/common/context.hpp\n'}
[1.764927] (px4_ros2_cpp) StdoutLine: {'line': b'-- Up-to-date: /root/ws_sensor_combined/install/px4_ros2_cpp/include/px4_ros2/odometry\n'}
[1.764949] (px4_ros2_cpp) StdoutLine: {'line': b'-- Up-to-date: /root/ws_sensor_combined/install/px4_ros2_cpp/include/px4_ros2/odometry/attitude.hpp\n'}
[1.764971] (px4_ros2_cpp) StdoutLine: {'line': b'-- Up-to-date: /root/ws_sensor_combined/install/px4_ros2_cpp/include/px4_ros2/odometry/airspeed.hpp\n'}
[1.764991] (px4_ros2_cpp) StdoutLine: {'line': b'-- Up-to-date: /root/ws_sensor_combined/install/px4_ros2_cpp/include/px4_ros2/odometry/global_position.hpp\n'}
[1.765012] (px4_ros2_cpp) StdoutLine: {'line': b'-- Up-to-date: /root/ws_sensor_combined/install/px4_ros2_cpp/include/px4_ros2/odometry/angular_velocity.hpp\n'}
[1.765034] (px4_ros2_cpp) StdoutLine: {'line': b'-- Up-to-date: /root/ws_sensor_combined/install/px4_ros2_cpp/include/px4_ros2/odometry/local_position.hpp\n'}
[1.765055] (px4_ros2_cpp) StdoutLine: {'line': b'-- Up-to-date: /root/ws_sensor_combined/install/px4_ros2_cpp/include/px4_ros2/odometry/groups.dox\n'}
[1.765112] (px4_ros2_cpp) StdoutLine: {'line': b'-- Up-to-date: /root/ws_sensor_combined/install/px4_ros2_cpp/include/px4_ros2/components\n'}
[1.765165] (px4_ros2_cpp) StdoutLine: {'line': b'-- Up-to-date: /root/ws_sensor_combined/install/px4_ros2_cpp/include/px4_ros2/components/node_with_mode.hpp\n'}
[1.765234] (px4_ros2_cpp) StdoutLine: {'line': b'-- Up-to-date: /root/ws_sensor_combined/install/px4_ros2_cpp/include/px4_ros2/components/mode_executor.hpp\n'}
[1.765289] (px4_ros2_cpp) StdoutLine: {'line': b'-- Up-to-date: /root/ws_sensor_combined/install/px4_ros2_cpp/include/px4_ros2/components/mode.hpp\n'}
[1.765351] (px4_ros2_cpp) StdoutLine: {'line': b'-- Up-to-date: /root/ws_sensor_combined/install/px4_ros2_cpp/include/px4_ros2/components/wait_for_fmu.hpp\n'}
[1.765651] (px4_ros2_cpp) StdoutLine: {'line': b'-- Up-to-date: /root/ws_sensor_combined/install/px4_ros2_cpp/include/px4_ros2/components/health_and_arming_checks.hpp\n'}
[1.765730] (px4_ros2_cpp) StdoutLine: {'line': b'-- Up-to-date: /root/ws_sensor_combined/install/px4_ros2_cpp/include/px4_ros2/components/overrides.hpp\n'}
[1.765797] (px4_ros2_cpp) StdoutLine: {'line': b'-- Up-to-date: /root/ws_sensor_combined/install/px4_ros2_cpp/include/px4_ros2/components/message_compatibility_check.hpp\n'}
[1.765860] (px4_ros2_cpp) StdoutLine: {'line': b'-- Up-to-date: /root/ws_sensor_combined/install/px4_ros2_cpp/include/px4_ros2/components/manual_control_input.hpp\n'}
[1.765943] (px4_ros2_cpp) StdoutLine: {'line': b'-- Up-to-date: /root/ws_sensor_combined/install/px4_ros2_cpp/include/px4_ros2/components/groups.dox\n'}
[1.766004] (px4_ros2_cpp) StdoutLine: {'line': b'-- Up-to-date: /root/ws_sensor_combined/install/px4_ros2_cpp/include/px4_ros2/components/events.hpp\n'}
[1.766057] (px4_ros2_cpp) StdoutLine: {'line': b'-- Up-to-date: /root/ws_sensor_combined/install/px4_ros2_cpp/lib/libpx4_ros2_cpp.so\n'}
[1.766209] (px4_ros2_cpp) StdoutLine: {'line': b'-- Up-to-date: /root/ws_sensor_combined/install/px4_ros2_cpp/share/ament_index/resource_index/package_run_dependencies/px4_ros2_cpp\n'}
[1.766298] (px4_ros2_cpp) StdoutLine: {'line': b'-- Up-to-date: /root/ws_sensor_combined/install/px4_ros2_cpp/share/ament_index/resource_index/parent_prefix_path/px4_ros2_cpp\n'}
[1.766379] (px4_ros2_cpp) StdoutLine: {'line': b'-- Up-to-date: /root/ws_sensor_combined/install/px4_ros2_cpp/share/px4_ros2_cpp/environment/ament_prefix_path.sh\n'}
[1.766465] (px4_ros2_cpp) StdoutLine: {'line': b'-- Up-to-date: /root/ws_sensor_combined/install/px4_ros2_cpp/share/px4_ros2_cpp/environment/ament_prefix_path.dsv\n'}
[1.766546] (px4_ros2_cpp) StdoutLine: {'line': b'-- Up-to-date: /root/ws_sensor_combined/install/px4_ros2_cpp/share/px4_ros2_cpp/environment/path.sh\n'}
[1.766606] (px4_ros2_cpp) StdoutLine: {'line': b'-- Up-to-date: /root/ws_sensor_combined/install/px4_ros2_cpp/share/px4_ros2_cpp/environment/path.dsv\n'}
[1.766664] (px4_ros2_cpp) StdoutLine: {'line': b'-- Up-to-date: /root/ws_sensor_combined/install/px4_ros2_cpp/share/px4_ros2_cpp/local_setup.bash\n'}
[1.766723] (px4_ros2_cpp) StdoutLine: {'line': b'-- Up-to-date: /root/ws_sensor_combined/install/px4_ros2_cpp/share/px4_ros2_cpp/local_setup.sh\n'}
[1.766882] (px4_ros2_cpp) StdoutLine: {'line': b'-- Up-to-date: /root/ws_sensor_combined/install/px4_ros2_cpp/share/px4_ros2_cpp/local_setup.zsh\n'}
[1.766945] (px4_ros2_cpp) StdoutLine: {'line': b'-- Up-to-date: /root/ws_sensor_combined/install/px4_ros2_cpp/share/px4_ros2_cpp/local_setup.dsv\n'}
[1.766972] (px4_ros2_cpp) StdoutLine: {'line': b'-- Installing: /root/ws_sensor_combined/install/px4_ros2_cpp/share/px4_ros2_cpp/package.dsv\n'}
[1.767023] (px4_ros2_cpp) StdoutLine: {'line': b'-- Up-to-date: /root/ws_sensor_combined/install/px4_ros2_cpp/share/ament_index/resource_index/packages/px4_ros2_cpp\n'}
[1.767209] (px4_ros2_cpp) StdoutLine: {'line': b'-- Up-to-date: /root/ws_sensor_combined/install/px4_ros2_cpp/share/px4_ros2_cpp/cmake/px4_ros2_cppExport.cmake\n'}
[1.767404] (px4_ros2_cpp) StdoutLine: {'line': b'-- Up-to-date: /root/ws_sensor_combined/install/px4_ros2_cpp/share/px4_ros2_cpp/cmake/px4_ros2_cppExport-noconfig.cmake\n'}
[1.767526] (px4_ros2_cpp) StdoutLine: {'line': b'-- Up-to-date: /root/ws_sensor_combined/install/px4_ros2_cpp/share/px4_ros2_cpp/cmake/ament_cmake_export_targets-extras.cmake\n'}
[1.767625] (px4_ros2_cpp) StdoutLine: {'line': b'-- Up-to-date: /root/ws_sensor_combined/install/px4_ros2_cpp/share/px4_ros2_cpp/cmake/ament_cmake_export_dependencies-extras.cmake\n'}
[1.767702] (px4_ros2_cpp) StdoutLine: {'line': b'-- Up-to-date: /root/ws_sensor_combined/install/px4_ros2_cpp/share/px4_ros2_cpp/cmake/px4_ros2_cppConfig.cmake\n'}
[1.767776] (px4_ros2_cpp) StdoutLine: {'line': b'-- Up-to-date: /root/ws_sensor_combined/install/px4_ros2_cpp/share/px4_ros2_cpp/cmake/px4_ros2_cppConfig-version.cmake\n'}
[1.767849] (px4_ros2_cpp) StdoutLine: {'line': b'-- Up-to-date: /root/ws_sensor_combined/install/px4_ros2_cpp/share/px4_ros2_cpp/package.xml\n'}
[1.769423] (px4_ros2_cpp) CommandEnded: {'returncode': 0}
[1.781144] (px4_ros2_cpp) JobEnded: {'identifier': 'px4_ros2_cpp', 'rc': 0}
[1.782324] (example_executor_with_multiple_modes_cpp) JobStarted: {'identifier': 'example_executor_with_multiple_modes_cpp'}
[1.784817] (example_global_navigation_cpp) JobStarted: {'identifier': 'example_global_navigation_cpp'}
[1.787896] (example_local_navigation_cpp) JobStarted: {'identifier': 'example_local_navigation_cpp'}
[1.791008] (example_mode_fw_attitude_cpp) JobStarted: {'identifier': 'example_mode_fw_attitude_cpp'}
[1.795175] (example_mode_goto_cpp) JobStarted: {'identifier': 'example_mode_goto_cpp'}
[1.796872] (px4_ros_com) StdoutLine: {'line': b'-- Found builtin_interfaces: 1.2.2 (/opt/ros/humble/share/builtin_interfaces/cmake)\n'}
[1.800005] (example_mode_goto_global_cpp) JobStarted: {'identifier': 'example_mode_goto_global_cpp'}
[1.803748] (example_mode_manual_cpp) JobStarted: {'identifier': 'example_mode_manual_cpp'}
[1.803886] (-) TimerEvent: {}
[1.807521] (example_mode_rtl_replacement_cpp) JobStarted: {'identifier': 'example_mode_rtl_replacement_cpp'}
[1.811726] (example_mode_vtol_cpp) JobStarted: {'identifier': 'example_mode_vtol_cpp'}
[1.815892] (example_mode_with_executor_cpp) JobStarted: {'identifier': 'example_mode_with_executor_cpp'}
[1.875152] (example_executor_with_multiple_modes_cpp) JobProgress: {'identifier': 'example_executor_with_multiple_modes_cpp', 'progress': 'cmake'}
[1.876479] (example_executor_with_multiple_modes_cpp) JobProgress: {'identifier': 'example_executor_with_multiple_modes_cpp', 'progress': 'build'}
[1.877351] (example_executor_with_multiple_modes_cpp) Command: {'cmd': ['/usr/bin/cmake', '--build', '/root/ws_sensor_combined/build/example_executor_with_multiple_modes_cpp', '--', '-j20', '-l20'], 'cwd': '/root/ws_sensor_combined/build/example_executor_with_multiple_modes_cpp', 'env': OrderedDict([('LESSOPEN', '| /usr/bin/lesspipe %s'), ('USER', 'root'), ('GIT_ASKPASS', '/root/.vscode-server/bin/360a4e4fd251bfce169a4ddf857c7d25d1ad40da/extensions/git/dist/askpass.sh'), ('SHLVL', '2'), ('LD_LIBRARY_PATH', '/root/ws_sensor_combined/install/px4_ros2_cpp/lib:/root/ws_sensor_combined/install/px4_msgs/lib:/root/ws_sensor_combined/install/px4_ros_com/lib:/opt/ros/humble/opt/rviz_ogre_vendor/lib:/opt/ros/humble/lib/x86_64-linux-gnu:/opt/ros/humble/lib'), ('WT_PROFILE_ID', '{4ff56d04-d9cf-57ea-bae2-ad396374e7e3}'), ('HOME', '/root'), ('TERM_PROGRAM_VERSION', '1.103.1'), ('VSCODE_IPC_HOOK_CLI', '/run/user/0/vscode-ipc-7c4c6447-ae3c-495f-b12e-4b258fca685d.sock'), ('ROS_PYTHON_VERSION', '3'), ('VSCODE_GIT_ASKPASS_MAIN', '/root/.vscode-server/bin/360a4e4fd251bfce169a4ddf857c7d25d1ad40da/extensions/git/dist/askpass-main.js'), ('VSCODE_GIT_ASKPASS_NODE', '/root/.vscode-server/bin/360a4e4fd251bfce169a4ddf857c7d25d1ad40da/node'), ('PYDEVD_DISABLE_FILE_VALIDATION', '1'), ('BUNDLED_DEBUGPY_PATH', '/root/.vscode-server/extensions/ms-python.debugpy-2025.10.0-linux-x64/bundled/libs/debugpy'), ('DBUS_SESSION_BUS_ADDRESS', 'unix:path=/run/user/0/bus'), ('COLORTERM', 'truecolor'), ('WSL_DISTRO_NAME', 'Ubuntu-22.04'), ('DEBUGINFOD_URLS', ''), ('WAYLAND_DISPLAY', 'wayland-0'), ('COLCON_PREFIX_PATH', '/root/ws_sensor_combined/install'), ('ROS_DISTRO', 'humble'), ('LOGNAME', 'root'), ('NAME', 'Code'), ('WSL_INTEROP', '/run/WSL/487_interop'), ('PULSE_SERVER', 'unix:/mnt/wslg/PulseServer'), ('_', '/usr/bin/colcon'), ('ROS_VERSION', '2'), ('TERM', 'xterm-256color'), ('ROS_LOCALHOST_ONLY', '0'), ('PATH', '/root/.vscode-server/bin/360a4e4fd251bfce169a4ddf857c7d25d1ad40da/bin/remote-cli:/opt/ros/humble/bin:/usr/local/sbin:/usr/local/bin:/usr/sbin:/usr/bin:/sbin:/bin:/usr/games:/usr/local/games:/usr/lib/wsl/lib:/mnt/c/Windows/system32:/mnt/c/Windows:/mnt/c/Windows/System32/Wbem:/mnt/c/Windows/System32/WindowsPowerShell/v1.0/:/mnt/c/Windows/System32/OpenSSH/:/mnt/c/Program Files (x86)/NVIDIA Corporation/PhysX/Common:/mnt/c/WINDOWS/system32:/mnt/c/WINDOWS:/mnt/c/WINDOWS/System32/Wbem:/mnt/c/WINDOWS/System32/WindowsPowerShell/v1.0/:/mnt/c/WINDOWS/System32/OpenSSH/:/mnt/c/Program Files/dotnet/:/mnt/c/Program Files/NVIDIA Corporation/NVIDIA App/NvDLISR:/mnt/c/Program Files/Git/cmd:/mnt/c/Users/chris/AppData/Local/Microsoft/WindowsApps:/mnt/c/Users/chris/AppData/Local/Programs/Microsoft VS Code/bin:/snap/bin:/root/.vscode-server/extensions/ms-python.debugpy-2025.10.0-linux-x64/bundled/scripts/noConfigScripts:/root/.vscode-server/data/User/globalStorage/github.copilot-chat/debugCommand'), ('WT_SESSION', '402ded2a-7e1d-4116-8c7a-81d3b47e82bd'), ('XDG_RUNTIME_DIR', '/run/user/0/'), ('DISPLAY', ':0'), ('VSCODE_DEBUGPY_ADAPTER_ENDPOINTS', '/root/.vscode-server/extensions/ms-python.debugpy-2025.10.0-linux-x64/.noConfigDebugAdapterEndpoints/endpoint-d6e2528f5321a076.txt'), ('LANG', 'en_US.UTF-8'), ('LS_COLORS', 'rs=0:di=01;34:ln=01;36:mh=00:pi=40;33:so=01;35:do=01;35:bd=40;33;01:cd=40;33;01:or=40;31;01:mi=00:su=37;41:sg=30;43:ca=30;41:tw=30;42:ow=34;42:st=37;44:ex=01;32:*.tar=01;31:*.tgz=01;31:*.arc=01;31:*.arj=01;31:*.taz=01;31:*.lha=01;31:*.lz4=01;31:*.lzh=01;31:*.lzma=01;31:*.tlz=01;31:*.txz=01;31:*.tzo=01;31:*.t7z=01;31:*.zip=01;31:*.z=01;31:*.dz=01;31:*.gz=01;31:*.lrz=01;31:*.lz=01;31:*.lzo=01;31:*.xz=01;31:*.zst=01;31:*.tzst=01;31:*.bz2=01;31:*.bz=01;31:*.tbz=01;31:*.tbz2=01;31:*.tz=01;31:*.deb=01;31:*.rpm=01;31:*.jar=01;31:*.war=01;31:*.ear=01;31:*.sar=01;31:*.rar=01;31:*.alz=01;31:*.ace=01;31:*.zoo=01;31:*.cpio=01;31:*.7z=01;31:*.rz=01;31:*.cab=01;31:*.wim=01;31:*.swm=01;31:*.dwm=01;31:*.esd=01;31:*.jpg=01;35:*.jpeg=01;35:*.mjpg=01;35:*.mjpeg=01;35:*.gif=01;35:*.bmp=01;35:*.pbm=01;35:*.pgm=01;35:*.ppm=01;35:*.tga=01;35:*.xbm=01;35:*.xpm=01;35:*.tif=01;35:*.tiff=01;35:*.png=01;35:*.svg=01;35:*.svgz=01;35:*.mng=01;35:*.pcx=01;35:*.mov=01;35:*.mpg=01;35:*.mpeg=01;35:*.m2v=01;35:*.mkv=01;35:*.webm=01;35:*.webp=01;35:*.ogm=01;35:*.mp4=01;35:*.m4v=01;35:*.mp4v=01;35:*.vob=01;35:*.qt=01;35:*.nuv=01;35:*.wmv=01;35:*.asf=01;35:*.rm=01;35:*.rmvb=01;35:*.flc=01;35:*.avi=01;35:*.fli=01;35:*.flv=01;35:*.gl=01;35:*.dl=01;35:*.xcf=01;35:*.xwd=01;35:*.yuv=01;35:*.cgm=01;35:*.emf=01;35:*.ogv=01;35:*.ogx=01;35:*.aac=00;36:*.au=00;36:*.flac=00;36:*.m4a=00;36:*.mid=00;36:*.midi=00;36:*.mka=00;36:*.mp3=00;36:*.mpc=00;36:*.ogg=00;36:*.ra=00;36:*.wav=00;36:*.oga=00;36:*.opus=00;36:*.spx=00;36:*.xspf=00;36:'), ('VSCODE_GIT_IPC_HANDLE', '/run/user/0/vscode-git-c1d1440c90.sock'), ('TERM_PROGRAM', 'vscode'), ('AMENT_PREFIX_PATH', '/root/ws_sensor_combined/install/px4_ros_com:/root/ws_sensor_combined/install/example_mode_with_executor_cpp:/root/ws_sensor_combined/install/example_mode_vtol_cpp:/root/ws_sensor_combined/install/example_mode_rtl_replacement_cpp:/root/ws_sensor_combined/install/example_mode_manual_cpp:/root/ws_sensor_combined/install/example_mode_goto_global_cpp:/root/ws_sensor_combined/install/example_mode_goto_cpp:/root/ws_sensor_combined/install/example_mode_fw_attitude_cpp:/root/ws_sensor_combined/install/example_local_navigation_cpp:/root/ws_sensor_combined/install/example_global_navigation_cpp:/root/ws_sensor_combined/install/example_executor_with_multiple_modes_cpp:/root/ws_sensor_combined/install/px4_ros2_cpp:/root/ws_sensor_combined/install/px4_msgs:/opt/ros/humble'), ('SHELL', '/bin/bash'), ('LESSCLOSE', '/usr/bin/lesspipe %s %s'), ('VSCODE_GIT_ASKPASS_EXTRA_ARGS', ''), ('PWD', '/root/ws_sensor_combined/build/example_executor_with_multiple_modes_cpp'), ('XDG_DATA_DIRS', '/usr/local/share:/usr/share:/var/lib/snapd/desktop'), ('PYTHONPATH', '/root/ws_sensor_combined/install/px4_ros_com/local/lib/python3.10/dist-packages:/root/ws_sensor_combined/install/px4_msgs/local/lib/python3.10/dist-packages:/opt/ros/humble/lib/python3.10/site-packages:/opt/ros/humble/local/lib/python3.10/dist-packages'), ('COLCON', '1'), ('WSL2_GUI_APPS_ENABLED', '1'), ('HOSTTYPE', 'x86_64'), ('CMAKE_PREFIX_PATH', '/root/ws_sensor_combined/install/px4_ros2_cpp:/root/ws_sensor_combined/install/px4_msgs:/root/ws_sensor_combined/install/px4_ros_com:/root/ws_sensor_combined/install/example_mode_with_executor_cpp:/root/ws_sensor_combined/install/example_mode_vtol_cpp:/root/ws_sensor_combined/install/example_mode_rtl_replacement_cpp:/root/ws_sensor_combined/install/example_mode_manual_cpp:/root/ws_sensor_combined/install/example_mode_goto_global_cpp:/root/ws_sensor_combined/install/example_mode_goto_cpp:/root/ws_sensor_combined/install/example_mode_fw_attitude_cpp:/root/ws_sensor_combined/install/example_local_navigation_cpp:/root/ws_sensor_combined/install/example_global_navigation_cpp:/root/ws_sensor_combined/install/example_executor_with_multiple_modes_cpp:/opt/ros/humble'), ('WSLENV', 'ELECTRON_RUN_AS_NODE/w:WT_SESSION:WT_PROFILE_ID:')]), 'shell': False}
[1.878153] (example_global_navigation_cpp) JobProgress: {'identifier': 'example_global_navigation_cpp', 'progress': 'cmake'}
[1.878841] (example_global_navigation_cpp) JobProgress: {'identifier': 'example_global_navigation_cpp', 'progress': 'build'}
[1.879391] (example_global_navigation_cpp) Command: {'cmd': ['/usr/bin/cmake', '--build', '/root/ws_sensor_combined/build/example_global_navigation_cpp', '--', '-j20', '-l20'], 'cwd': '/root/ws_sensor_combined/build/example_global_navigation_cpp', 'env': OrderedDict([('LESSOPEN', '| /usr/bin/lesspipe %s'), ('USER', 'root'), ('GIT_ASKPASS', '/root/.vscode-server/bin/360a4e4fd251bfce169a4ddf857c7d25d1ad40da/extensions/git/dist/askpass.sh'), ('SHLVL', '2'), ('LD_LIBRARY_PATH', '/root/ws_sensor_combined/install/px4_ros2_cpp/lib:/root/ws_sensor_combined/install/px4_msgs/lib:/root/ws_sensor_combined/install/px4_ros_com/lib:/opt/ros/humble/opt/rviz_ogre_vendor/lib:/opt/ros/humble/lib/x86_64-linux-gnu:/opt/ros/humble/lib'), ('WT_PROFILE_ID', '{4ff56d04-d9cf-57ea-bae2-ad396374e7e3}'), ('HOME', '/root'), ('TERM_PROGRAM_VERSION', '1.103.1'), ('VSCODE_IPC_HOOK_CLI', '/run/user/0/vscode-ipc-7c4c6447-ae3c-495f-b12e-4b258fca685d.sock'), ('ROS_PYTHON_VERSION', '3'), ('VSCODE_GIT_ASKPASS_MAIN', '/root/.vscode-server/bin/360a4e4fd251bfce169a4ddf857c7d25d1ad40da/extensions/git/dist/askpass-main.js'), ('VSCODE_GIT_ASKPASS_NODE', '/root/.vscode-server/bin/360a4e4fd251bfce169a4ddf857c7d25d1ad40da/node'), ('PYDEVD_DISABLE_FILE_VALIDATION', '1'), ('BUNDLED_DEBUGPY_PATH', '/root/.vscode-server/extensions/ms-python.debugpy-2025.10.0-linux-x64/bundled/libs/debugpy'), ('DBUS_SESSION_BUS_ADDRESS', 'unix:path=/run/user/0/bus'), ('COLORTERM', 'truecolor'), ('WSL_DISTRO_NAME', 'Ubuntu-22.04'), ('DEBUGINFOD_URLS', ''), ('WAYLAND_DISPLAY', 'wayland-0'), ('COLCON_PREFIX_PATH', '/root/ws_sensor_combined/install'), ('ROS_DISTRO', 'humble'), ('LOGNAME', 'root'), ('NAME', 'Code'), ('WSL_INTEROP', '/run/WSL/487_interop'), ('PULSE_SERVER', 'unix:/mnt/wslg/PulseServer'), ('_', '/usr/bin/colcon'), ('ROS_VERSION', '2'), ('TERM', 'xterm-256color'), ('ROS_LOCALHOST_ONLY', '0'), ('PATH', '/root/.vscode-server/bin/360a4e4fd251bfce169a4ddf857c7d25d1ad40da/bin/remote-cli:/opt/ros/humble/bin:/usr/local/sbin:/usr/local/bin:/usr/sbin:/usr/bin:/sbin:/bin:/usr/games:/usr/local/games:/usr/lib/wsl/lib:/mnt/c/Windows/system32:/mnt/c/Windows:/mnt/c/Windows/System32/Wbem:/mnt/c/Windows/System32/WindowsPowerShell/v1.0/:/mnt/c/Windows/System32/OpenSSH/:/mnt/c/Program Files (x86)/NVIDIA Corporation/PhysX/Common:/mnt/c/WINDOWS/system32:/mnt/c/WINDOWS:/mnt/c/WINDOWS/System32/Wbem:/mnt/c/WINDOWS/System32/WindowsPowerShell/v1.0/:/mnt/c/WINDOWS/System32/OpenSSH/:/mnt/c/Program Files/dotnet/:/mnt/c/Program Files/NVIDIA Corporation/NVIDIA App/NvDLISR:/mnt/c/Program Files/Git/cmd:/mnt/c/Users/chris/AppData/Local/Microsoft/WindowsApps:/mnt/c/Users/chris/AppData/Local/Programs/Microsoft VS Code/bin:/snap/bin:/root/.vscode-server/extensions/ms-python.debugpy-2025.10.0-linux-x64/bundled/scripts/noConfigScripts:/root/.vscode-server/data/User/globalStorage/github.copilot-chat/debugCommand'), ('WT_SESSION', '402ded2a-7e1d-4116-8c7a-81d3b47e82bd'), ('XDG_RUNTIME_DIR', '/run/user/0/'), ('DISPLAY', ':0'), ('VSCODE_DEBUGPY_ADAPTER_ENDPOINTS', '/root/.vscode-server/extensions/ms-python.debugpy-2025.10.0-linux-x64/.noConfigDebugAdapterEndpoints/endpoint-d6e2528f5321a076.txt'), ('LANG', 'en_US.UTF-8'), ('LS_COLORS', 'rs=0:di=01;34:ln=01;36:mh=00:pi=40;33:so=01;35:do=01;35:bd=40;33;01:cd=40;33;01:or=40;31;01:mi=00:su=37;41:sg=30;43:ca=30;41:tw=30;42:ow=34;42:st=37;44:ex=01;32:*.tar=01;31:*.tgz=01;31:*.arc=01;31:*.arj=01;31:*.taz=01;31:*.lha=01;31:*.lz4=01;31:*.lzh=01;31:*.lzma=01;31:*.tlz=01;31:*.txz=01;31:*.tzo=01;31:*.t7z=01;31:*.zip=01;31:*.z=01;31:*.dz=01;31:*.gz=01;31:*.lrz=01;31:*.lz=01;31:*.lzo=01;31:*.xz=01;31:*.zst=01;31:*.tzst=01;31:*.bz2=01;31:*.bz=01;31:*.tbz=01;31:*.tbz2=01;31:*.tz=01;31:*.deb=01;31:*.rpm=01;31:*.jar=01;31:*.war=01;31:*.ear=01;31:*.sar=01;31:*.rar=01;31:*.alz=01;31:*.ace=01;31:*.zoo=01;31:*.cpio=01;31:*.7z=01;31:*.rz=01;31:*.cab=01;31:*.wim=01;31:*.swm=01;31:*.dwm=01;31:*.esd=01;31:*.jpg=01;35:*.jpeg=01;35:*.mjpg=01;35:*.mjpeg=01;35:*.gif=01;35:*.bmp=01;35:*.pbm=01;35:*.pgm=01;35:*.ppm=01;35:*.tga=01;35:*.xbm=01;35:*.xpm=01;35:*.tif=01;35:*.tiff=01;35:*.png=01;35:*.svg=01;35:*.svgz=01;35:*.mng=01;35:*.pcx=01;35:*.mov=01;35:*.mpg=01;35:*.mpeg=01;35:*.m2v=01;35:*.mkv=01;35:*.webm=01;35:*.webp=01;35:*.ogm=01;35:*.mp4=01;35:*.m4v=01;35:*.mp4v=01;35:*.vob=01;35:*.qt=01;35:*.nuv=01;35:*.wmv=01;35:*.asf=01;35:*.rm=01;35:*.rmvb=01;35:*.flc=01;35:*.avi=01;35:*.fli=01;35:*.flv=01;35:*.gl=01;35:*.dl=01;35:*.xcf=01;35:*.xwd=01;35:*.yuv=01;35:*.cgm=01;35:*.emf=01;35:*.ogv=01;35:*.ogx=01;35:*.aac=00;36:*.au=00;36:*.flac=00;36:*.m4a=00;36:*.mid=00;36:*.midi=00;36:*.mka=00;36:*.mp3=00;36:*.mpc=00;36:*.ogg=00;36:*.ra=00;36:*.wav=00;36:*.oga=00;36:*.opus=00;36:*.spx=00;36:*.xspf=00;36:'), ('VSCODE_GIT_IPC_HANDLE', '/run/user/0/vscode-git-c1d1440c90.sock'), ('TERM_PROGRAM', 'vscode'), ('AMENT_PREFIX_PATH', '/root/ws_sensor_combined/install/px4_ros_com:/root/ws_sensor_combined/install/example_mode_with_executor_cpp:/root/ws_sensor_combined/install/example_mode_vtol_cpp:/root/ws_sensor_combined/install/example_mode_rtl_replacement_cpp:/root/ws_sensor_combined/install/example_mode_manual_cpp:/root/ws_sensor_combined/install/example_mode_goto_global_cpp:/root/ws_sensor_combined/install/example_mode_goto_cpp:/root/ws_sensor_combined/install/example_mode_fw_attitude_cpp:/root/ws_sensor_combined/install/example_local_navigation_cpp:/root/ws_sensor_combined/install/example_global_navigation_cpp:/root/ws_sensor_combined/install/example_executor_with_multiple_modes_cpp:/root/ws_sensor_combined/install/px4_ros2_cpp:/root/ws_sensor_combined/install/px4_msgs:/opt/ros/humble'), ('SHELL', '/bin/bash'), ('LESSCLOSE', '/usr/bin/lesspipe %s %s'), ('VSCODE_GIT_ASKPASS_EXTRA_ARGS', ''), ('PWD', '/root/ws_sensor_combined/build/example_global_navigation_cpp'), ('XDG_DATA_DIRS', '/usr/local/share:/usr/share:/var/lib/snapd/desktop'), ('PYTHONPATH', '/root/ws_sensor_combined/install/px4_ros_com/local/lib/python3.10/dist-packages:/root/ws_sensor_combined/install/px4_msgs/local/lib/python3.10/dist-packages:/opt/ros/humble/lib/python3.10/site-packages:/opt/ros/humble/local/lib/python3.10/dist-packages'), ('COLCON', '1'), ('WSL2_GUI_APPS_ENABLED', '1'), ('HOSTTYPE', 'x86_64'), ('CMAKE_PREFIX_PATH', '/root/ws_sensor_combined/install/px4_ros2_cpp:/root/ws_sensor_combined/install/px4_msgs:/root/ws_sensor_combined/install/px4_ros_com:/root/ws_sensor_combined/install/example_mode_with_executor_cpp:/root/ws_sensor_combined/install/example_mode_vtol_cpp:/root/ws_sensor_combined/install/example_mode_rtl_replacement_cpp:/root/ws_sensor_combined/install/example_mode_manual_cpp:/root/ws_sensor_combined/install/example_mode_goto_global_cpp:/root/ws_sensor_combined/install/example_mode_goto_cpp:/root/ws_sensor_combined/install/example_mode_fw_attitude_cpp:/root/ws_sensor_combined/install/example_local_navigation_cpp:/root/ws_sensor_combined/install/example_global_navigation_cpp:/root/ws_sensor_combined/install/example_executor_with_multiple_modes_cpp:/opt/ros/humble'), ('WSLENV', 'ELECTRON_RUN_AS_NODE/w:WT_SESSION:WT_PROFILE_ID:')]), 'shell': False}
[1.883432] (example_local_navigation_cpp) JobProgress: {'identifier': 'example_local_navigation_cpp', 'progress': 'cmake'}
[1.885365] (example_local_navigation_cpp) JobProgress: {'identifier': 'example_local_navigation_cpp', 'progress': 'build'}
[1.885577] (example_local_navigation_cpp) Command: {'cmd': ['/usr/bin/cmake', '--build', '/root/ws_sensor_combined/build/example_local_navigation_cpp', '--', '-j20', '-l20'], 'cwd': '/root/ws_sensor_combined/build/example_local_navigation_cpp', 'env': OrderedDict([('LESSOPEN', '| /usr/bin/lesspipe %s'), ('USER', 'root'), ('GIT_ASKPASS', '/root/.vscode-server/bin/360a4e4fd251bfce169a4ddf857c7d25d1ad40da/extensions/git/dist/askpass.sh'), ('SHLVL', '2'), ('LD_LIBRARY_PATH', '/root/ws_sensor_combined/install/px4_ros2_cpp/lib:/root/ws_sensor_combined/install/px4_msgs/lib:/root/ws_sensor_combined/install/px4_ros_com/lib:/opt/ros/humble/opt/rviz_ogre_vendor/lib:/opt/ros/humble/lib/x86_64-linux-gnu:/opt/ros/humble/lib'), ('WT_PROFILE_ID', '{4ff56d04-d9cf-57ea-bae2-ad396374e7e3}'), ('HOME', '/root'), ('TERM_PROGRAM_VERSION', '1.103.1'), ('VSCODE_IPC_HOOK_CLI', '/run/user/0/vscode-ipc-7c4c6447-ae3c-495f-b12e-4b258fca685d.sock'), ('ROS_PYTHON_VERSION', '3'), ('VSCODE_GIT_ASKPASS_MAIN', '/root/.vscode-server/bin/360a4e4fd251bfce169a4ddf857c7d25d1ad40da/extensions/git/dist/askpass-main.js'), ('VSCODE_GIT_ASKPASS_NODE', '/root/.vscode-server/bin/360a4e4fd251bfce169a4ddf857c7d25d1ad40da/node'), ('PYDEVD_DISABLE_FILE_VALIDATION', '1'), ('BUNDLED_DEBUGPY_PATH', '/root/.vscode-server/extensions/ms-python.debugpy-2025.10.0-linux-x64/bundled/libs/debugpy'), ('DBUS_SESSION_BUS_ADDRESS', 'unix:path=/run/user/0/bus'), ('COLORTERM', 'truecolor'), ('WSL_DISTRO_NAME', 'Ubuntu-22.04'), ('DEBUGINFOD_URLS', ''), ('WAYLAND_DISPLAY', 'wayland-0'), ('COLCON_PREFIX_PATH', '/root/ws_sensor_combined/install'), ('ROS_DISTRO', 'humble'), ('LOGNAME', 'root'), ('NAME', 'Code'), ('WSL_INTEROP', '/run/WSL/487_interop'), ('PULSE_SERVER', 'unix:/mnt/wslg/PulseServer'), ('_', '/usr/bin/colcon'), ('ROS_VERSION', '2'), ('TERM', 'xterm-256color'), ('ROS_LOCALHOST_ONLY', '0'), ('PATH', '/root/.vscode-server/bin/360a4e4fd251bfce169a4ddf857c7d25d1ad40da/bin/remote-cli:/opt/ros/humble/bin:/usr/local/sbin:/usr/local/bin:/usr/sbin:/usr/bin:/sbin:/bin:/usr/games:/usr/local/games:/usr/lib/wsl/lib:/mnt/c/Windows/system32:/mnt/c/Windows:/mnt/c/Windows/System32/Wbem:/mnt/c/Windows/System32/WindowsPowerShell/v1.0/:/mnt/c/Windows/System32/OpenSSH/:/mnt/c/Program Files (x86)/NVIDIA Corporation/PhysX/Common:/mnt/c/WINDOWS/system32:/mnt/c/WINDOWS:/mnt/c/WINDOWS/System32/Wbem:/mnt/c/WINDOWS/System32/WindowsPowerShell/v1.0/:/mnt/c/WINDOWS/System32/OpenSSH/:/mnt/c/Program Files/dotnet/:/mnt/c/Program Files/NVIDIA Corporation/NVIDIA App/NvDLISR:/mnt/c/Program Files/Git/cmd:/mnt/c/Users/chris/AppData/Local/Microsoft/WindowsApps:/mnt/c/Users/chris/AppData/Local/Programs/Microsoft VS Code/bin:/snap/bin:/root/.vscode-server/extensions/ms-python.debugpy-2025.10.0-linux-x64/bundled/scripts/noConfigScripts:/root/.vscode-server/data/User/globalStorage/github.copilot-chat/debugCommand'), ('WT_SESSION', '402ded2a-7e1d-4116-8c7a-81d3b47e82bd'), ('XDG_RUNTIME_DIR', '/run/user/0/'), ('DISPLAY', ':0'), ('VSCODE_DEBUGPY_ADAPTER_ENDPOINTS', '/root/.vscode-server/extensions/ms-python.debugpy-2025.10.0-linux-x64/.noConfigDebugAdapterEndpoints/endpoint-d6e2528f5321a076.txt'), ('LANG', 'en_US.UTF-8'), ('LS_COLORS', 'rs=0:di=01;34:ln=01;36:mh=00:pi=40;33:so=01;35:do=01;35:bd=40;33;01:cd=40;33;01:or=40;31;01:mi=00:su=37;41:sg=30;43:ca=30;41:tw=30;42:ow=34;42:st=37;44:ex=01;32:*.tar=01;31:*.tgz=01;31:*.arc=01;31:*.arj=01;31:*.taz=01;31:*.lha=01;31:*.lz4=01;31:*.lzh=01;31:*.lzma=01;31:*.tlz=01;31:*.txz=01;31:*.tzo=01;31:*.t7z=01;31:*.zip=01;31:*.z=01;31:*.dz=01;31:*.gz=01;31:*.lrz=01;31:*.lz=01;31:*.lzo=01;31:*.xz=01;31:*.zst=01;31:*.tzst=01;31:*.bz2=01;31:*.bz=01;31:*.tbz=01;31:*.tbz2=01;31:*.tz=01;31:*.deb=01;31:*.rpm=01;31:*.jar=01;31:*.war=01;31:*.ear=01;31:*.sar=01;31:*.rar=01;31:*.alz=01;31:*.ace=01;31:*.zoo=01;31:*.cpio=01;31:*.7z=01;31:*.rz=01;31:*.cab=01;31:*.wim=01;31:*.swm=01;31:*.dwm=01;31:*.esd=01;31:*.jpg=01;35:*.jpeg=01;35:*.mjpg=01;35:*.mjpeg=01;35:*.gif=01;35:*.bmp=01;35:*.pbm=01;35:*.pgm=01;35:*.ppm=01;35:*.tga=01;35:*.xbm=01;35:*.xpm=01;35:*.tif=01;35:*.tiff=01;35:*.png=01;35:*.svg=01;35:*.svgz=01;35:*.mng=01;35:*.pcx=01;35:*.mov=01;35:*.mpg=01;35:*.mpeg=01;35:*.m2v=01;35:*.mkv=01;35:*.webm=01;35:*.webp=01;35:*.ogm=01;35:*.mp4=01;35:*.m4v=01;35:*.mp4v=01;35:*.vob=01;35:*.qt=01;35:*.nuv=01;35:*.wmv=01;35:*.asf=01;35:*.rm=01;35:*.rmvb=01;35:*.flc=01;35:*.avi=01;35:*.fli=01;35:*.flv=01;35:*.gl=01;35:*.dl=01;35:*.xcf=01;35:*.xwd=01;35:*.yuv=01;35:*.cgm=01;35:*.emf=01;35:*.ogv=01;35:*.ogx=01;35:*.aac=00;36:*.au=00;36:*.flac=00;36:*.m4a=00;36:*.mid=00;36:*.midi=00;36:*.mka=00;36:*.mp3=00;36:*.mpc=00;36:*.ogg=00;36:*.ra=00;36:*.wav=00;36:*.oga=00;36:*.opus=00;36:*.spx=00;36:*.xspf=00;36:'), ('VSCODE_GIT_IPC_HANDLE', '/run/user/0/vscode-git-c1d1440c90.sock'), ('TERM_PROGRAM', 'vscode'), ('AMENT_PREFIX_PATH', '/root/ws_sensor_combined/install/px4_ros_com:/root/ws_sensor_combined/install/example_mode_with_executor_cpp:/root/ws_sensor_combined/install/example_mode_vtol_cpp:/root/ws_sensor_combined/install/example_mode_rtl_replacement_cpp:/root/ws_sensor_combined/install/example_mode_manual_cpp:/root/ws_sensor_combined/install/example_mode_goto_global_cpp:/root/ws_sensor_combined/install/example_mode_goto_cpp:/root/ws_sensor_combined/install/example_mode_fw_attitude_cpp:/root/ws_sensor_combined/install/example_local_navigation_cpp:/root/ws_sensor_combined/install/example_global_navigation_cpp:/root/ws_sensor_combined/install/example_executor_with_multiple_modes_cpp:/root/ws_sensor_combined/install/px4_ros2_cpp:/root/ws_sensor_combined/install/px4_msgs:/opt/ros/humble'), ('SHELL', '/bin/bash'), ('LESSCLOSE', '/usr/bin/lesspipe %s %s'), ('VSCODE_GIT_ASKPASS_EXTRA_ARGS', ''), ('PWD', '/root/ws_sensor_combined/build/example_local_navigation_cpp'), ('XDG_DATA_DIRS', '/usr/local/share:/usr/share:/var/lib/snapd/desktop'), ('PYTHONPATH', '/root/ws_sensor_combined/install/px4_ros_com/local/lib/python3.10/dist-packages:/root/ws_sensor_combined/install/px4_msgs/local/lib/python3.10/dist-packages:/opt/ros/humble/lib/python3.10/site-packages:/opt/ros/humble/local/lib/python3.10/dist-packages'), ('COLCON', '1'), ('WSL2_GUI_APPS_ENABLED', '1'), ('HOSTTYPE', 'x86_64'), ('CMAKE_PREFIX_PATH', '/root/ws_sensor_combined/install/px4_ros2_cpp:/root/ws_sensor_combined/install/px4_msgs:/root/ws_sensor_combined/install/px4_ros_com:/root/ws_sensor_combined/install/example_mode_with_executor_cpp:/root/ws_sensor_combined/install/example_mode_vtol_cpp:/root/ws_sensor_combined/install/example_mode_rtl_replacement_cpp:/root/ws_sensor_combined/install/example_mode_manual_cpp:/root/ws_sensor_combined/install/example_mode_goto_global_cpp:/root/ws_sensor_combined/install/example_mode_goto_cpp:/root/ws_sensor_combined/install/example_mode_fw_attitude_cpp:/root/ws_sensor_combined/install/example_local_navigation_cpp:/root/ws_sensor_combined/install/example_global_navigation_cpp:/root/ws_sensor_combined/install/example_executor_with_multiple_modes_cpp:/opt/ros/humble'), ('WSLENV', 'ELECTRON_RUN_AS_NODE/w:WT_SESSION:WT_PROFILE_ID:')]), 'shell': False}
[1.891558] (example_mode_goto_global_cpp) JobProgress: {'identifier': 'example_mode_goto_global_cpp', 'progress': 'cmake'}
[1.892688] (example_mode_goto_global_cpp) JobProgress: {'identifier': 'example_mode_goto_global_cpp', 'progress': 'build'}
[1.893473] (example_mode_goto_global_cpp) Command: {'cmd': ['/usr/bin/cmake', '--build', '/root/ws_sensor_combined/build/example_mode_goto_global_cpp', '--', '-j20', '-l20'], 'cwd': '/root/ws_sensor_combined/build/example_mode_goto_global_cpp', 'env': OrderedDict([('LESSOPEN', '| /usr/bin/lesspipe %s'), ('USER', 'root'), ('GIT_ASKPASS', '/root/.vscode-server/bin/360a4e4fd251bfce169a4ddf857c7d25d1ad40da/extensions/git/dist/askpass.sh'), ('SHLVL', '2'), ('LD_LIBRARY_PATH', '/root/ws_sensor_combined/install/px4_ros2_cpp/lib:/root/ws_sensor_combined/install/px4_msgs/lib:/root/ws_sensor_combined/install/px4_ros_com/lib:/opt/ros/humble/opt/rviz_ogre_vendor/lib:/opt/ros/humble/lib/x86_64-linux-gnu:/opt/ros/humble/lib'), ('WT_PROFILE_ID', '{4ff56d04-d9cf-57ea-bae2-ad396374e7e3}'), ('HOME', '/root'), ('TERM_PROGRAM_VERSION', '1.103.1'), ('VSCODE_IPC_HOOK_CLI', '/run/user/0/vscode-ipc-7c4c6447-ae3c-495f-b12e-4b258fca685d.sock'), ('ROS_PYTHON_VERSION', '3'), ('VSCODE_GIT_ASKPASS_MAIN', '/root/.vscode-server/bin/360a4e4fd251bfce169a4ddf857c7d25d1ad40da/extensions/git/dist/askpass-main.js'), ('VSCODE_GIT_ASKPASS_NODE', '/root/.vscode-server/bin/360a4e4fd251bfce169a4ddf857c7d25d1ad40da/node'), ('PYDEVD_DISABLE_FILE_VALIDATION', '1'), ('BUNDLED_DEBUGPY_PATH', '/root/.vscode-server/extensions/ms-python.debugpy-2025.10.0-linux-x64/bundled/libs/debugpy'), ('DBUS_SESSION_BUS_ADDRESS', 'unix:path=/run/user/0/bus'), ('COLORTERM', 'truecolor'), ('WSL_DISTRO_NAME', 'Ubuntu-22.04'), ('DEBUGINFOD_URLS', ''), ('WAYLAND_DISPLAY', 'wayland-0'), ('COLCON_PREFIX_PATH', '/root/ws_sensor_combined/install'), ('ROS_DISTRO', 'humble'), ('LOGNAME', 'root'), ('NAME', 'Code'), ('WSL_INTEROP', '/run/WSL/487_interop'), ('PULSE_SERVER', 'unix:/mnt/wslg/PulseServer'), ('_', '/usr/bin/colcon'), ('ROS_VERSION', '2'), ('TERM', 'xterm-256color'), ('ROS_LOCALHOST_ONLY', '0'), ('PATH', '/root/.vscode-server/bin/360a4e4fd251bfce169a4ddf857c7d25d1ad40da/bin/remote-cli:/opt/ros/humble/bin:/usr/local/sbin:/usr/local/bin:/usr/sbin:/usr/bin:/sbin:/bin:/usr/games:/usr/local/games:/usr/lib/wsl/lib:/mnt/c/Windows/system32:/mnt/c/Windows:/mnt/c/Windows/System32/Wbem:/mnt/c/Windows/System32/WindowsPowerShell/v1.0/:/mnt/c/Windows/System32/OpenSSH/:/mnt/c/Program Files (x86)/NVIDIA Corporation/PhysX/Common:/mnt/c/WINDOWS/system32:/mnt/c/WINDOWS:/mnt/c/WINDOWS/System32/Wbem:/mnt/c/WINDOWS/System32/WindowsPowerShell/v1.0/:/mnt/c/WINDOWS/System32/OpenSSH/:/mnt/c/Program Files/dotnet/:/mnt/c/Program Files/NVIDIA Corporation/NVIDIA App/NvDLISR:/mnt/c/Program Files/Git/cmd:/mnt/c/Users/chris/AppData/Local/Microsoft/WindowsApps:/mnt/c/Users/chris/AppData/Local/Programs/Microsoft VS Code/bin:/snap/bin:/root/.vscode-server/extensions/ms-python.debugpy-2025.10.0-linux-x64/bundled/scripts/noConfigScripts:/root/.vscode-server/data/User/globalStorage/github.copilot-chat/debugCommand'), ('WT_SESSION', '402ded2a-7e1d-4116-8c7a-81d3b47e82bd'), ('XDG_RUNTIME_DIR', '/run/user/0/'), ('DISPLAY', ':0'), ('VSCODE_DEBUGPY_ADAPTER_ENDPOINTS', '/root/.vscode-server/extensions/ms-python.debugpy-2025.10.0-linux-x64/.noConfigDebugAdapterEndpoints/endpoint-d6e2528f5321a076.txt'), ('LANG', 'en_US.UTF-8'), ('LS_COLORS', 'rs=0:di=01;34:ln=01;36:mh=00:pi=40;33:so=01;35:do=01;35:bd=40;33;01:cd=40;33;01:or=40;31;01:mi=00:su=37;41:sg=30;43:ca=30;41:tw=30;42:ow=34;42:st=37;44:ex=01;32:*.tar=01;31:*.tgz=01;31:*.arc=01;31:*.arj=01;31:*.taz=01;31:*.lha=01;31:*.lz4=01;31:*.lzh=01;31:*.lzma=01;31:*.tlz=01;31:*.txz=01;31:*.tzo=01;31:*.t7z=01;31:*.zip=01;31:*.z=01;31:*.dz=01;31:*.gz=01;31:*.lrz=01;31:*.lz=01;31:*.lzo=01;31:*.xz=01;31:*.zst=01;31:*.tzst=01;31:*.bz2=01;31:*.bz=01;31:*.tbz=01;31:*.tbz2=01;31:*.tz=01;31:*.deb=01;31:*.rpm=01;31:*.jar=01;31:*.war=01;31:*.ear=01;31:*.sar=01;31:*.rar=01;31:*.alz=01;31:*.ace=01;31:*.zoo=01;31:*.cpio=01;31:*.7z=01;31:*.rz=01;31:*.cab=01;31:*.wim=01;31:*.swm=01;31:*.dwm=01;31:*.esd=01;31:*.jpg=01;35:*.jpeg=01;35:*.mjpg=01;35:*.mjpeg=01;35:*.gif=01;35:*.bmp=01;35:*.pbm=01;35:*.pgm=01;35:*.ppm=01;35:*.tga=01;35:*.xbm=01;35:*.xpm=01;35:*.tif=01;35:*.tiff=01;35:*.png=01;35:*.svg=01;35:*.svgz=01;35:*.mng=01;35:*.pcx=01;35:*.mov=01;35:*.mpg=01;35:*.mpeg=01;35:*.m2v=01;35:*.mkv=01;35:*.webm=01;35:*.webp=01;35:*.ogm=01;35:*.mp4=01;35:*.m4v=01;35:*.mp4v=01;35:*.vob=01;35:*.qt=01;35:*.nuv=01;35:*.wmv=01;35:*.asf=01;35:*.rm=01;35:*.rmvb=01;35:*.flc=01;35:*.avi=01;35:*.fli=01;35:*.flv=01;35:*.gl=01;35:*.dl=01;35:*.xcf=01;35:*.xwd=01;35:*.yuv=01;35:*.cgm=01;35:*.emf=01;35:*.ogv=01;35:*.ogx=01;35:*.aac=00;36:*.au=00;36:*.flac=00;36:*.m4a=00;36:*.mid=00;36:*.midi=00;36:*.mka=00;36:*.mp3=00;36:*.mpc=00;36:*.ogg=00;36:*.ra=00;36:*.wav=00;36:*.oga=00;36:*.opus=00;36:*.spx=00;36:*.xspf=00;36:'), ('VSCODE_GIT_IPC_HANDLE', '/run/user/0/vscode-git-c1d1440c90.sock'), ('TERM_PROGRAM', 'vscode'), ('AMENT_PREFIX_PATH', '/root/ws_sensor_combined/install/px4_ros_com:/root/ws_sensor_combined/install/example_mode_with_executor_cpp:/root/ws_sensor_combined/install/example_mode_vtol_cpp:/root/ws_sensor_combined/install/example_mode_rtl_replacement_cpp:/root/ws_sensor_combined/install/example_mode_manual_cpp:/root/ws_sensor_combined/install/example_mode_goto_global_cpp:/root/ws_sensor_combined/install/example_mode_goto_cpp:/root/ws_sensor_combined/install/example_mode_fw_attitude_cpp:/root/ws_sensor_combined/install/example_local_navigation_cpp:/root/ws_sensor_combined/install/example_global_navigation_cpp:/root/ws_sensor_combined/install/example_executor_with_multiple_modes_cpp:/root/ws_sensor_combined/install/px4_ros2_cpp:/root/ws_sensor_combined/install/px4_msgs:/opt/ros/humble'), ('SHELL', '/bin/bash'), ('LESSCLOSE', '/usr/bin/lesspipe %s %s'), ('VSCODE_GIT_ASKPASS_EXTRA_ARGS', ''), ('PWD', '/root/ws_sensor_combined/build/example_mode_goto_global_cpp'), ('XDG_DATA_DIRS', '/usr/local/share:/usr/share:/var/lib/snapd/desktop'), ('PYTHONPATH', '/root/ws_sensor_combined/install/px4_ros_com/local/lib/python3.10/dist-packages:/root/ws_sensor_combined/install/px4_msgs/local/lib/python3.10/dist-packages:/opt/ros/humble/lib/python3.10/site-packages:/opt/ros/humble/local/lib/python3.10/dist-packages'), ('COLCON', '1'), ('WSL2_GUI_APPS_ENABLED', '1'), ('HOSTTYPE', 'x86_64'), ('CMAKE_PREFIX_PATH', '/root/ws_sensor_combined/install/px4_ros2_cpp:/root/ws_sensor_combined/install/px4_msgs:/root/ws_sensor_combined/install/px4_ros_com:/root/ws_sensor_combined/install/example_mode_with_executor_cpp:/root/ws_sensor_combined/install/example_mode_vtol_cpp:/root/ws_sensor_combined/install/example_mode_rtl_replacement_cpp:/root/ws_sensor_combined/install/example_mode_manual_cpp:/root/ws_sensor_combined/install/example_mode_goto_global_cpp:/root/ws_sensor_combined/install/example_mode_goto_cpp:/root/ws_sensor_combined/install/example_mode_fw_attitude_cpp:/root/ws_sensor_combined/install/example_local_navigation_cpp:/root/ws_sensor_combined/install/example_global_navigation_cpp:/root/ws_sensor_combined/install/example_executor_with_multiple_modes_cpp:/opt/ros/humble'), ('WSLENV', 'ELECTRON_RUN_AS_NODE/w:WT_SESSION:WT_PROFILE_ID:')]), 'shell': False}
[1.896523] (example_mode_goto_cpp) JobProgress: {'identifier': 'example_mode_goto_cpp', 'progress': 'cmake'}
[1.898936] (example_mode_goto_cpp) JobProgress: {'identifier': 'example_mode_goto_cpp', 'progress': 'build'}
[1.899417] (example_mode_goto_cpp) Command: {'cmd': ['/usr/bin/cmake', '--build', '/root/ws_sensor_combined/build/example_mode_goto_cpp', '--', '-j20', '-l20'], 'cwd': '/root/ws_sensor_combined/build/example_mode_goto_cpp', 'env': OrderedDict([('LESSOPEN', '| /usr/bin/lesspipe %s'), ('USER', 'root'), ('GIT_ASKPASS', '/root/.vscode-server/bin/360a4e4fd251bfce169a4ddf857c7d25d1ad40da/extensions/git/dist/askpass.sh'), ('SHLVL', '2'), ('LD_LIBRARY_PATH', '/root/ws_sensor_combined/install/px4_ros2_cpp/lib:/root/ws_sensor_combined/install/px4_msgs/lib:/root/ws_sensor_combined/install/px4_ros_com/lib:/opt/ros/humble/opt/rviz_ogre_vendor/lib:/opt/ros/humble/lib/x86_64-linux-gnu:/opt/ros/humble/lib'), ('WT_PROFILE_ID', '{4ff56d04-d9cf-57ea-bae2-ad396374e7e3}'), ('HOME', '/root'), ('TERM_PROGRAM_VERSION', '1.103.1'), ('VSCODE_IPC_HOOK_CLI', '/run/user/0/vscode-ipc-7c4c6447-ae3c-495f-b12e-4b258fca685d.sock'), ('ROS_PYTHON_VERSION', '3'), ('VSCODE_GIT_ASKPASS_MAIN', '/root/.vscode-server/bin/360a4e4fd251bfce169a4ddf857c7d25d1ad40da/extensions/git/dist/askpass-main.js'), ('VSCODE_GIT_ASKPASS_NODE', '/root/.vscode-server/bin/360a4e4fd251bfce169a4ddf857c7d25d1ad40da/node'), ('PYDEVD_DISABLE_FILE_VALIDATION', '1'), ('BUNDLED_DEBUGPY_PATH', '/root/.vscode-server/extensions/ms-python.debugpy-2025.10.0-linux-x64/bundled/libs/debugpy'), ('DBUS_SESSION_BUS_ADDRESS', 'unix:path=/run/user/0/bus'), ('COLORTERM', 'truecolor'), ('WSL_DISTRO_NAME', 'Ubuntu-22.04'), ('DEBUGINFOD_URLS', ''), ('WAYLAND_DISPLAY', 'wayland-0'), ('COLCON_PREFIX_PATH', '/root/ws_sensor_combined/install'), ('ROS_DISTRO', 'humble'), ('LOGNAME', 'root'), ('NAME', 'Code'), ('WSL_INTEROP', '/run/WSL/487_interop'), ('PULSE_SERVER', 'unix:/mnt/wslg/PulseServer'), ('_', '/usr/bin/colcon'), ('ROS_VERSION', '2'), ('TERM', 'xterm-256color'), ('ROS_LOCALHOST_ONLY', '0'), ('PATH', '/root/.vscode-server/bin/360a4e4fd251bfce169a4ddf857c7d25d1ad40da/bin/remote-cli:/opt/ros/humble/bin:/usr/local/sbin:/usr/local/bin:/usr/sbin:/usr/bin:/sbin:/bin:/usr/games:/usr/local/games:/usr/lib/wsl/lib:/mnt/c/Windows/system32:/mnt/c/Windows:/mnt/c/Windows/System32/Wbem:/mnt/c/Windows/System32/WindowsPowerShell/v1.0/:/mnt/c/Windows/System32/OpenSSH/:/mnt/c/Program Files (x86)/NVIDIA Corporation/PhysX/Common:/mnt/c/WINDOWS/system32:/mnt/c/WINDOWS:/mnt/c/WINDOWS/System32/Wbem:/mnt/c/WINDOWS/System32/WindowsPowerShell/v1.0/:/mnt/c/WINDOWS/System32/OpenSSH/:/mnt/c/Program Files/dotnet/:/mnt/c/Program Files/NVIDIA Corporation/NVIDIA App/NvDLISR:/mnt/c/Program Files/Git/cmd:/mnt/c/Users/chris/AppData/Local/Microsoft/WindowsApps:/mnt/c/Users/chris/AppData/Local/Programs/Microsoft VS Code/bin:/snap/bin:/root/.vscode-server/extensions/ms-python.debugpy-2025.10.0-linux-x64/bundled/scripts/noConfigScripts:/root/.vscode-server/data/User/globalStorage/github.copilot-chat/debugCommand'), ('WT_SESSION', '402ded2a-7e1d-4116-8c7a-81d3b47e82bd'), ('XDG_RUNTIME_DIR', '/run/user/0/'), ('DISPLAY', ':0'), ('VSCODE_DEBUGPY_ADAPTER_ENDPOINTS', '/root/.vscode-server/extensions/ms-python.debugpy-2025.10.0-linux-x64/.noConfigDebugAdapterEndpoints/endpoint-d6e2528f5321a076.txt'), ('LANG', 'en_US.UTF-8'), ('LS_COLORS', 'rs=0:di=01;34:ln=01;36:mh=00:pi=40;33:so=01;35:do=01;35:bd=40;33;01:cd=40;33;01:or=40;31;01:mi=00:su=37;41:sg=30;43:ca=30;41:tw=30;42:ow=34;42:st=37;44:ex=01;32:*.tar=01;31:*.tgz=01;31:*.arc=01;31:*.arj=01;31:*.taz=01;31:*.lha=01;31:*.lz4=01;31:*.lzh=01;31:*.lzma=01;31:*.tlz=01;31:*.txz=01;31:*.tzo=01;31:*.t7z=01;31:*.zip=01;31:*.z=01;31:*.dz=01;31:*.gz=01;31:*.lrz=01;31:*.lz=01;31:*.lzo=01;31:*.xz=01;31:*.zst=01;31:*.tzst=01;31:*.bz2=01;31:*.bz=01;31:*.tbz=01;31:*.tbz2=01;31:*.tz=01;31:*.deb=01;31:*.rpm=01;31:*.jar=01;31:*.war=01;31:*.ear=01;31:*.sar=01;31:*.rar=01;31:*.alz=01;31:*.ace=01;31:*.zoo=01;31:*.cpio=01;31:*.7z=01;31:*.rz=01;31:*.cab=01;31:*.wim=01;31:*.swm=01;31:*.dwm=01;31:*.esd=01;31:*.jpg=01;35:*.jpeg=01;35:*.mjpg=01;35:*.mjpeg=01;35:*.gif=01;35:*.bmp=01;35:*.pbm=01;35:*.pgm=01;35:*.ppm=01;35:*.tga=01;35:*.xbm=01;35:*.xpm=01;35:*.tif=01;35:*.tiff=01;35:*.png=01;35:*.svg=01;35:*.svgz=01;35:*.mng=01;35:*.pcx=01;35:*.mov=01;35:*.mpg=01;35:*.mpeg=01;35:*.m2v=01;35:*.mkv=01;35:*.webm=01;35:*.webp=01;35:*.ogm=01;35:*.mp4=01;35:*.m4v=01;35:*.mp4v=01;35:*.vob=01;35:*.qt=01;35:*.nuv=01;35:*.wmv=01;35:*.asf=01;35:*.rm=01;35:*.rmvb=01;35:*.flc=01;35:*.avi=01;35:*.fli=01;35:*.flv=01;35:*.gl=01;35:*.dl=01;35:*.xcf=01;35:*.xwd=01;35:*.yuv=01;35:*.cgm=01;35:*.emf=01;35:*.ogv=01;35:*.ogx=01;35:*.aac=00;36:*.au=00;36:*.flac=00;36:*.m4a=00;36:*.mid=00;36:*.midi=00;36:*.mka=00;36:*.mp3=00;36:*.mpc=00;36:*.ogg=00;36:*.ra=00;36:*.wav=00;36:*.oga=00;36:*.opus=00;36:*.spx=00;36:*.xspf=00;36:'), ('VSCODE_GIT_IPC_HANDLE', '/run/user/0/vscode-git-c1d1440c90.sock'), ('TERM_PROGRAM', 'vscode'), ('AMENT_PREFIX_PATH', '/root/ws_sensor_combined/install/px4_ros_com:/root/ws_sensor_combined/install/example_mode_with_executor_cpp:/root/ws_sensor_combined/install/example_mode_vtol_cpp:/root/ws_sensor_combined/install/example_mode_rtl_replacement_cpp:/root/ws_sensor_combined/install/example_mode_manual_cpp:/root/ws_sensor_combined/install/example_mode_goto_global_cpp:/root/ws_sensor_combined/install/example_mode_goto_cpp:/root/ws_sensor_combined/install/example_mode_fw_attitude_cpp:/root/ws_sensor_combined/install/example_local_navigation_cpp:/root/ws_sensor_combined/install/example_global_navigation_cpp:/root/ws_sensor_combined/install/example_executor_with_multiple_modes_cpp:/root/ws_sensor_combined/install/px4_ros2_cpp:/root/ws_sensor_combined/install/px4_msgs:/opt/ros/humble'), ('SHELL', '/bin/bash'), ('LESSCLOSE', '/usr/bin/lesspipe %s %s'), ('VSCODE_GIT_ASKPASS_EXTRA_ARGS', ''), ('PWD', '/root/ws_sensor_combined/build/example_mode_goto_cpp'), ('XDG_DATA_DIRS', '/usr/local/share:/usr/share:/var/lib/snapd/desktop'), ('PYTHONPATH', '/root/ws_sensor_combined/install/px4_ros_com/local/lib/python3.10/dist-packages:/root/ws_sensor_combined/install/px4_msgs/local/lib/python3.10/dist-packages:/opt/ros/humble/lib/python3.10/site-packages:/opt/ros/humble/local/lib/python3.10/dist-packages'), ('COLCON', '1'), ('WSL2_GUI_APPS_ENABLED', '1'), ('HOSTTYPE', 'x86_64'), ('CMAKE_PREFIX_PATH', '/root/ws_sensor_combined/install/px4_ros2_cpp:/root/ws_sensor_combined/install/px4_msgs:/root/ws_sensor_combined/install/px4_ros_com:/root/ws_sensor_combined/install/example_mode_with_executor_cpp:/root/ws_sensor_combined/install/example_mode_vtol_cpp:/root/ws_sensor_combined/install/example_mode_rtl_replacement_cpp:/root/ws_sensor_combined/install/example_mode_manual_cpp:/root/ws_sensor_combined/install/example_mode_goto_global_cpp:/root/ws_sensor_combined/install/example_mode_goto_cpp:/root/ws_sensor_combined/install/example_mode_fw_attitude_cpp:/root/ws_sensor_combined/install/example_local_navigation_cpp:/root/ws_sensor_combined/install/example_global_navigation_cpp:/root/ws_sensor_combined/install/example_executor_with_multiple_modes_cpp:/opt/ros/humble'), ('WSLENV', 'ELECTRON_RUN_AS_NODE/w:WT_SESSION:WT_PROFILE_ID:')]), 'shell': False}
[1.901257] (example_mode_fw_attitude_cpp) JobProgress: {'identifier': 'example_mode_fw_attitude_cpp', 'progress': 'cmake'}
[1.901997] (example_mode_fw_attitude_cpp) JobProgress: {'identifier': 'example_mode_fw_attitude_cpp', 'progress': 'build'}
[1.902705] (example_mode_fw_attitude_cpp) Command: {'cmd': ['/usr/bin/cmake', '--build', '/root/ws_sensor_combined/build/example_mode_fw_attitude_cpp', '--', '-j20', '-l20'], 'cwd': '/root/ws_sensor_combined/build/example_mode_fw_attitude_cpp', 'env': OrderedDict([('LESSOPEN', '| /usr/bin/lesspipe %s'), ('USER', 'root'), ('GIT_ASKPASS', '/root/.vscode-server/bin/360a4e4fd251bfce169a4ddf857c7d25d1ad40da/extensions/git/dist/askpass.sh'), ('SHLVL', '2'), ('LD_LIBRARY_PATH', '/root/ws_sensor_combined/install/px4_ros2_cpp/lib:/root/ws_sensor_combined/install/px4_msgs/lib:/root/ws_sensor_combined/install/px4_ros_com/lib:/opt/ros/humble/opt/rviz_ogre_vendor/lib:/opt/ros/humble/lib/x86_64-linux-gnu:/opt/ros/humble/lib'), ('WT_PROFILE_ID', '{4ff56d04-d9cf-57ea-bae2-ad396374e7e3}'), ('HOME', '/root'), ('TERM_PROGRAM_VERSION', '1.103.1'), ('VSCODE_IPC_HOOK_CLI', '/run/user/0/vscode-ipc-7c4c6447-ae3c-495f-b12e-4b258fca685d.sock'), ('ROS_PYTHON_VERSION', '3'), ('VSCODE_GIT_ASKPASS_MAIN', '/root/.vscode-server/bin/360a4e4fd251bfce169a4ddf857c7d25d1ad40da/extensions/git/dist/askpass-main.js'), ('VSCODE_GIT_ASKPASS_NODE', '/root/.vscode-server/bin/360a4e4fd251bfce169a4ddf857c7d25d1ad40da/node'), ('PYDEVD_DISABLE_FILE_VALIDATION', '1'), ('BUNDLED_DEBUGPY_PATH', '/root/.vscode-server/extensions/ms-python.debugpy-2025.10.0-linux-x64/bundled/libs/debugpy'), ('DBUS_SESSION_BUS_ADDRESS', 'unix:path=/run/user/0/bus'), ('COLORTERM', 'truecolor'), ('WSL_DISTRO_NAME', 'Ubuntu-22.04'), ('DEBUGINFOD_URLS', ''), ('WAYLAND_DISPLAY', 'wayland-0'), ('COLCON_PREFIX_PATH', '/root/ws_sensor_combined/install'), ('ROS_DISTRO', 'humble'), ('LOGNAME', 'root'), ('NAME', 'Code'), ('WSL_INTEROP', '/run/WSL/487_interop'), ('PULSE_SERVER', 'unix:/mnt/wslg/PulseServer'), ('_', '/usr/bin/colcon'), ('ROS_VERSION', '2'), ('TERM', 'xterm-256color'), ('ROS_LOCALHOST_ONLY', '0'), ('PATH', '/root/.vscode-server/bin/360a4e4fd251bfce169a4ddf857c7d25d1ad40da/bin/remote-cli:/opt/ros/humble/bin:/usr/local/sbin:/usr/local/bin:/usr/sbin:/usr/bin:/sbin:/bin:/usr/games:/usr/local/games:/usr/lib/wsl/lib:/mnt/c/Windows/system32:/mnt/c/Windows:/mnt/c/Windows/System32/Wbem:/mnt/c/Windows/System32/WindowsPowerShell/v1.0/:/mnt/c/Windows/System32/OpenSSH/:/mnt/c/Program Files (x86)/NVIDIA Corporation/PhysX/Common:/mnt/c/WINDOWS/system32:/mnt/c/WINDOWS:/mnt/c/WINDOWS/System32/Wbem:/mnt/c/WINDOWS/System32/WindowsPowerShell/v1.0/:/mnt/c/WINDOWS/System32/OpenSSH/:/mnt/c/Program Files/dotnet/:/mnt/c/Program Files/NVIDIA Corporation/NVIDIA App/NvDLISR:/mnt/c/Program Files/Git/cmd:/mnt/c/Users/chris/AppData/Local/Microsoft/WindowsApps:/mnt/c/Users/chris/AppData/Local/Programs/Microsoft VS Code/bin:/snap/bin:/root/.vscode-server/extensions/ms-python.debugpy-2025.10.0-linux-x64/bundled/scripts/noConfigScripts:/root/.vscode-server/data/User/globalStorage/github.copilot-chat/debugCommand'), ('WT_SESSION', '402ded2a-7e1d-4116-8c7a-81d3b47e82bd'), ('XDG_RUNTIME_DIR', '/run/user/0/'), ('DISPLAY', ':0'), ('VSCODE_DEBUGPY_ADAPTER_ENDPOINTS', '/root/.vscode-server/extensions/ms-python.debugpy-2025.10.0-linux-x64/.noConfigDebugAdapterEndpoints/endpoint-d6e2528f5321a076.txt'), ('LANG', 'en_US.UTF-8'), ('LS_COLORS', 'rs=0:di=01;34:ln=01;36:mh=00:pi=40;33:so=01;35:do=01;35:bd=40;33;01:cd=40;33;01:or=40;31;01:mi=00:su=37;41:sg=30;43:ca=30;41:tw=30;42:ow=34;42:st=37;44:ex=01;32:*.tar=01;31:*.tgz=01;31:*.arc=01;31:*.arj=01;31:*.taz=01;31:*.lha=01;31:*.lz4=01;31:*.lzh=01;31:*.lzma=01;31:*.tlz=01;31:*.txz=01;31:*.tzo=01;31:*.t7z=01;31:*.zip=01;31:*.z=01;31:*.dz=01;31:*.gz=01;31:*.lrz=01;31:*.lz=01;31:*.lzo=01;31:*.xz=01;31:*.zst=01;31:*.tzst=01;31:*.bz2=01;31:*.bz=01;31:*.tbz=01;31:*.tbz2=01;31:*.tz=01;31:*.deb=01;31:*.rpm=01;31:*.jar=01;31:*.war=01;31:*.ear=01;31:*.sar=01;31:*.rar=01;31:*.alz=01;31:*.ace=01;31:*.zoo=01;31:*.cpio=01;31:*.7z=01;31:*.rz=01;31:*.cab=01;31:*.wim=01;31:*.swm=01;31:*.dwm=01;31:*.esd=01;31:*.jpg=01;35:*.jpeg=01;35:*.mjpg=01;35:*.mjpeg=01;35:*.gif=01;35:*.bmp=01;35:*.pbm=01;35:*.pgm=01;35:*.ppm=01;35:*.tga=01;35:*.xbm=01;35:*.xpm=01;35:*.tif=01;35:*.tiff=01;35:*.png=01;35:*.svg=01;35:*.svgz=01;35:*.mng=01;35:*.pcx=01;35:*.mov=01;35:*.mpg=01;35:*.mpeg=01;35:*.m2v=01;35:*.mkv=01;35:*.webm=01;35:*.webp=01;35:*.ogm=01;35:*.mp4=01;35:*.m4v=01;35:*.mp4v=01;35:*.vob=01;35:*.qt=01;35:*.nuv=01;35:*.wmv=01;35:*.asf=01;35:*.rm=01;35:*.rmvb=01;35:*.flc=01;35:*.avi=01;35:*.fli=01;35:*.flv=01;35:*.gl=01;35:*.dl=01;35:*.xcf=01;35:*.xwd=01;35:*.yuv=01;35:*.cgm=01;35:*.emf=01;35:*.ogv=01;35:*.ogx=01;35:*.aac=00;36:*.au=00;36:*.flac=00;36:*.m4a=00;36:*.mid=00;36:*.midi=00;36:*.mka=00;36:*.mp3=00;36:*.mpc=00;36:*.ogg=00;36:*.ra=00;36:*.wav=00;36:*.oga=00;36:*.opus=00;36:*.spx=00;36:*.xspf=00;36:'), ('VSCODE_GIT_IPC_HANDLE', '/run/user/0/vscode-git-c1d1440c90.sock'), ('TERM_PROGRAM', 'vscode'), ('AMENT_PREFIX_PATH', '/root/ws_sensor_combined/install/px4_ros_com:/root/ws_sensor_combined/install/example_mode_with_executor_cpp:/root/ws_sensor_combined/install/example_mode_vtol_cpp:/root/ws_sensor_combined/install/example_mode_rtl_replacement_cpp:/root/ws_sensor_combined/install/example_mode_manual_cpp:/root/ws_sensor_combined/install/example_mode_goto_global_cpp:/root/ws_sensor_combined/install/example_mode_goto_cpp:/root/ws_sensor_combined/install/example_mode_fw_attitude_cpp:/root/ws_sensor_combined/install/example_local_navigation_cpp:/root/ws_sensor_combined/install/example_global_navigation_cpp:/root/ws_sensor_combined/install/example_executor_with_multiple_modes_cpp:/root/ws_sensor_combined/install/px4_ros2_cpp:/root/ws_sensor_combined/install/px4_msgs:/opt/ros/humble'), ('SHELL', '/bin/bash'), ('LESSCLOSE', '/usr/bin/lesspipe %s %s'), ('VSCODE_GIT_ASKPASS_EXTRA_ARGS', ''), ('PWD', '/root/ws_sensor_combined/build/example_mode_fw_attitude_cpp'), ('XDG_DATA_DIRS', '/usr/local/share:/usr/share:/var/lib/snapd/desktop'), ('PYTHONPATH', '/root/ws_sensor_combined/install/px4_ros_com/local/lib/python3.10/dist-packages:/root/ws_sensor_combined/install/px4_msgs/local/lib/python3.10/dist-packages:/opt/ros/humble/lib/python3.10/site-packages:/opt/ros/humble/local/lib/python3.10/dist-packages'), ('COLCON', '1'), ('WSL2_GUI_APPS_ENABLED', '1'), ('HOSTTYPE', 'x86_64'), ('CMAKE_PREFIX_PATH', '/root/ws_sensor_combined/install/px4_ros2_cpp:/root/ws_sensor_combined/install/px4_msgs:/root/ws_sensor_combined/install/px4_ros_com:/root/ws_sensor_combined/install/example_mode_with_executor_cpp:/root/ws_sensor_combined/install/example_mode_vtol_cpp:/root/ws_sensor_combined/install/example_mode_rtl_replacement_cpp:/root/ws_sensor_combined/install/example_mode_manual_cpp:/root/ws_sensor_combined/install/example_mode_goto_global_cpp:/root/ws_sensor_combined/install/example_mode_goto_cpp:/root/ws_sensor_combined/install/example_mode_fw_attitude_cpp:/root/ws_sensor_combined/install/example_local_navigation_cpp:/root/ws_sensor_combined/install/example_global_navigation_cpp:/root/ws_sensor_combined/install/example_executor_with_multiple_modes_cpp:/opt/ros/humble'), ('WSLENV', 'ELECTRON_RUN_AS_NODE/w:WT_SESSION:WT_PROFILE_ID:')]), 'shell': False}
[1.918738] (-) TimerEvent: {}
[1.919215] (example_mode_vtol_cpp) JobProgress: {'identifier': 'example_mode_vtol_cpp', 'progress': 'cmake'}
[1.920813] (example_mode_vtol_cpp) JobProgress: {'identifier': 'example_mode_vtol_cpp', 'progress': 'build'}
[1.921752] (example_mode_vtol_cpp) Command: {'cmd': ['/usr/bin/cmake', '--build', '/root/ws_sensor_combined/build/example_mode_vtol_cpp', '--', '-j20', '-l20'], 'cwd': '/root/ws_sensor_combined/build/example_mode_vtol_cpp', 'env': OrderedDict([('LESSOPEN', '| /usr/bin/lesspipe %s'), ('USER', 'root'), ('GIT_ASKPASS', '/root/.vscode-server/bin/360a4e4fd251bfce169a4ddf857c7d25d1ad40da/extensions/git/dist/askpass.sh'), ('SHLVL', '2'), ('LD_LIBRARY_PATH', '/root/ws_sensor_combined/install/px4_ros2_cpp/lib:/root/ws_sensor_combined/install/px4_msgs/lib:/root/ws_sensor_combined/install/px4_ros_com/lib:/opt/ros/humble/opt/rviz_ogre_vendor/lib:/opt/ros/humble/lib/x86_64-linux-gnu:/opt/ros/humble/lib'), ('WT_PROFILE_ID', '{4ff56d04-d9cf-57ea-bae2-ad396374e7e3}'), ('HOME', '/root'), ('TERM_PROGRAM_VERSION', '1.103.1'), ('VSCODE_IPC_HOOK_CLI', '/run/user/0/vscode-ipc-7c4c6447-ae3c-495f-b12e-4b258fca685d.sock'), ('ROS_PYTHON_VERSION', '3'), ('VSCODE_GIT_ASKPASS_MAIN', '/root/.vscode-server/bin/360a4e4fd251bfce169a4ddf857c7d25d1ad40da/extensions/git/dist/askpass-main.js'), ('VSCODE_GIT_ASKPASS_NODE', '/root/.vscode-server/bin/360a4e4fd251bfce169a4ddf857c7d25d1ad40da/node'), ('PYDEVD_DISABLE_FILE_VALIDATION', '1'), ('BUNDLED_DEBUGPY_PATH', '/root/.vscode-server/extensions/ms-python.debugpy-2025.10.0-linux-x64/bundled/libs/debugpy'), ('DBUS_SESSION_BUS_ADDRESS', 'unix:path=/run/user/0/bus'), ('COLORTERM', 'truecolor'), ('WSL_DISTRO_NAME', 'Ubuntu-22.04'), ('DEBUGINFOD_URLS', ''), ('WAYLAND_DISPLAY', 'wayland-0'), ('COLCON_PREFIX_PATH', '/root/ws_sensor_combined/install'), ('ROS_DISTRO', 'humble'), ('LOGNAME', 'root'), ('NAME', 'Code'), ('WSL_INTEROP', '/run/WSL/487_interop'), ('PULSE_SERVER', 'unix:/mnt/wslg/PulseServer'), ('_', '/usr/bin/colcon'), ('ROS_VERSION', '2'), ('TERM', 'xterm-256color'), ('ROS_LOCALHOST_ONLY', '0'), ('PATH', '/root/.vscode-server/bin/360a4e4fd251bfce169a4ddf857c7d25d1ad40da/bin/remote-cli:/opt/ros/humble/bin:/usr/local/sbin:/usr/local/bin:/usr/sbin:/usr/bin:/sbin:/bin:/usr/games:/usr/local/games:/usr/lib/wsl/lib:/mnt/c/Windows/system32:/mnt/c/Windows:/mnt/c/Windows/System32/Wbem:/mnt/c/Windows/System32/WindowsPowerShell/v1.0/:/mnt/c/Windows/System32/OpenSSH/:/mnt/c/Program Files (x86)/NVIDIA Corporation/PhysX/Common:/mnt/c/WINDOWS/system32:/mnt/c/WINDOWS:/mnt/c/WINDOWS/System32/Wbem:/mnt/c/WINDOWS/System32/WindowsPowerShell/v1.0/:/mnt/c/WINDOWS/System32/OpenSSH/:/mnt/c/Program Files/dotnet/:/mnt/c/Program Files/NVIDIA Corporation/NVIDIA App/NvDLISR:/mnt/c/Program Files/Git/cmd:/mnt/c/Users/chris/AppData/Local/Microsoft/WindowsApps:/mnt/c/Users/chris/AppData/Local/Programs/Microsoft VS Code/bin:/snap/bin:/root/.vscode-server/extensions/ms-python.debugpy-2025.10.0-linux-x64/bundled/scripts/noConfigScripts:/root/.vscode-server/data/User/globalStorage/github.copilot-chat/debugCommand'), ('WT_SESSION', '402ded2a-7e1d-4116-8c7a-81d3b47e82bd'), ('XDG_RUNTIME_DIR', '/run/user/0/'), ('DISPLAY', ':0'), ('VSCODE_DEBUGPY_ADAPTER_ENDPOINTS', '/root/.vscode-server/extensions/ms-python.debugpy-2025.10.0-linux-x64/.noConfigDebugAdapterEndpoints/endpoint-d6e2528f5321a076.txt'), ('LANG', 'en_US.UTF-8'), ('LS_COLORS', 'rs=0:di=01;34:ln=01;36:mh=00:pi=40;33:so=01;35:do=01;35:bd=40;33;01:cd=40;33;01:or=40;31;01:mi=00:su=37;41:sg=30;43:ca=30;41:tw=30;42:ow=34;42:st=37;44:ex=01;32:*.tar=01;31:*.tgz=01;31:*.arc=01;31:*.arj=01;31:*.taz=01;31:*.lha=01;31:*.lz4=01;31:*.lzh=01;31:*.lzma=01;31:*.tlz=01;31:*.txz=01;31:*.tzo=01;31:*.t7z=01;31:*.zip=01;31:*.z=01;31:*.dz=01;31:*.gz=01;31:*.lrz=01;31:*.lz=01;31:*.lzo=01;31:*.xz=01;31:*.zst=01;31:*.tzst=01;31:*.bz2=01;31:*.bz=01;31:*.tbz=01;31:*.tbz2=01;31:*.tz=01;31:*.deb=01;31:*.rpm=01;31:*.jar=01;31:*.war=01;31:*.ear=01;31:*.sar=01;31:*.rar=01;31:*.alz=01;31:*.ace=01;31:*.zoo=01;31:*.cpio=01;31:*.7z=01;31:*.rz=01;31:*.cab=01;31:*.wim=01;31:*.swm=01;31:*.dwm=01;31:*.esd=01;31:*.jpg=01;35:*.jpeg=01;35:*.mjpg=01;35:*.mjpeg=01;35:*.gif=01;35:*.bmp=01;35:*.pbm=01;35:*.pgm=01;35:*.ppm=01;35:*.tga=01;35:*.xbm=01;35:*.xpm=01;35:*.tif=01;35:*.tiff=01;35:*.png=01;35:*.svg=01;35:*.svgz=01;35:*.mng=01;35:*.pcx=01;35:*.mov=01;35:*.mpg=01;35:*.mpeg=01;35:*.m2v=01;35:*.mkv=01;35:*.webm=01;35:*.webp=01;35:*.ogm=01;35:*.mp4=01;35:*.m4v=01;35:*.mp4v=01;35:*.vob=01;35:*.qt=01;35:*.nuv=01;35:*.wmv=01;35:*.asf=01;35:*.rm=01;35:*.rmvb=01;35:*.flc=01;35:*.avi=01;35:*.fli=01;35:*.flv=01;35:*.gl=01;35:*.dl=01;35:*.xcf=01;35:*.xwd=01;35:*.yuv=01;35:*.cgm=01;35:*.emf=01;35:*.ogv=01;35:*.ogx=01;35:*.aac=00;36:*.au=00;36:*.flac=00;36:*.m4a=00;36:*.mid=00;36:*.midi=00;36:*.mka=00;36:*.mp3=00;36:*.mpc=00;36:*.ogg=00;36:*.ra=00;36:*.wav=00;36:*.oga=00;36:*.opus=00;36:*.spx=00;36:*.xspf=00;36:'), ('VSCODE_GIT_IPC_HANDLE', '/run/user/0/vscode-git-c1d1440c90.sock'), ('TERM_PROGRAM', 'vscode'), ('AMENT_PREFIX_PATH', '/root/ws_sensor_combined/install/px4_ros_com:/root/ws_sensor_combined/install/example_mode_with_executor_cpp:/root/ws_sensor_combined/install/example_mode_vtol_cpp:/root/ws_sensor_combined/install/example_mode_rtl_replacement_cpp:/root/ws_sensor_combined/install/example_mode_manual_cpp:/root/ws_sensor_combined/install/example_mode_goto_global_cpp:/root/ws_sensor_combined/install/example_mode_goto_cpp:/root/ws_sensor_combined/install/example_mode_fw_attitude_cpp:/root/ws_sensor_combined/install/example_local_navigation_cpp:/root/ws_sensor_combined/install/example_global_navigation_cpp:/root/ws_sensor_combined/install/example_executor_with_multiple_modes_cpp:/root/ws_sensor_combined/install/px4_ros2_cpp:/root/ws_sensor_combined/install/px4_msgs:/opt/ros/humble'), ('SHELL', '/bin/bash'), ('LESSCLOSE', '/usr/bin/lesspipe %s %s'), ('VSCODE_GIT_ASKPASS_EXTRA_ARGS', ''), ('PWD', '/root/ws_sensor_combined/build/example_mode_vtol_cpp'), ('XDG_DATA_DIRS', '/usr/local/share:/usr/share:/var/lib/snapd/desktop'), ('PYTHONPATH', '/root/ws_sensor_combined/install/px4_ros_com/local/lib/python3.10/dist-packages:/root/ws_sensor_combined/install/px4_msgs/local/lib/python3.10/dist-packages:/opt/ros/humble/lib/python3.10/site-packages:/opt/ros/humble/local/lib/python3.10/dist-packages'), ('COLCON', '1'), ('WSL2_GUI_APPS_ENABLED', '1'), ('HOSTTYPE', 'x86_64'), ('CMAKE_PREFIX_PATH', '/root/ws_sensor_combined/install/px4_ros2_cpp:/root/ws_sensor_combined/install/px4_msgs:/root/ws_sensor_combined/install/px4_ros_com:/root/ws_sensor_combined/install/example_mode_with_executor_cpp:/root/ws_sensor_combined/install/example_mode_vtol_cpp:/root/ws_sensor_combined/install/example_mode_rtl_replacement_cpp:/root/ws_sensor_combined/install/example_mode_manual_cpp:/root/ws_sensor_combined/install/example_mode_goto_global_cpp:/root/ws_sensor_combined/install/example_mode_goto_cpp:/root/ws_sensor_combined/install/example_mode_fw_attitude_cpp:/root/ws_sensor_combined/install/example_local_navigation_cpp:/root/ws_sensor_combined/install/example_global_navigation_cpp:/root/ws_sensor_combined/install/example_executor_with_multiple_modes_cpp:/opt/ros/humble'), ('WSLENV', 'ELECTRON_RUN_AS_NODE/w:WT_SESSION:WT_PROFILE_ID:')]), 'shell': False}
[1.924106] (example_mode_rtl_replacement_cpp) JobProgress: {'identifier': 'example_mode_rtl_replacement_cpp', 'progress': 'cmake'}
[1.924611] (example_global_navigation_cpp) StdoutLine: {'line': b'[100%] Built target example_global_navigation\n'}
[1.925383] (example_mode_rtl_replacement_cpp) JobProgress: {'identifier': 'example_mode_rtl_replacement_cpp', 'progress': 'build'}
[1.925972] (example_mode_rtl_replacement_cpp) Command: {'cmd': ['/usr/bin/cmake', '--build', '/root/ws_sensor_combined/build/example_mode_rtl_replacement_cpp', '--', '-j20', '-l20'], 'cwd': '/root/ws_sensor_combined/build/example_mode_rtl_replacement_cpp', 'env': OrderedDict([('LESSOPEN', '| /usr/bin/lesspipe %s'), ('USER', 'root'), ('GIT_ASKPASS', '/root/.vscode-server/bin/360a4e4fd251bfce169a4ddf857c7d25d1ad40da/extensions/git/dist/askpass.sh'), ('SHLVL', '2'), ('LD_LIBRARY_PATH', '/root/ws_sensor_combined/install/px4_ros2_cpp/lib:/root/ws_sensor_combined/install/px4_msgs/lib:/root/ws_sensor_combined/install/px4_ros_com/lib:/opt/ros/humble/opt/rviz_ogre_vendor/lib:/opt/ros/humble/lib/x86_64-linux-gnu:/opt/ros/humble/lib'), ('WT_PROFILE_ID', '{4ff56d04-d9cf-57ea-bae2-ad396374e7e3}'), ('HOME', '/root'), ('TERM_PROGRAM_VERSION', '1.103.1'), ('VSCODE_IPC_HOOK_CLI', '/run/user/0/vscode-ipc-7c4c6447-ae3c-495f-b12e-4b258fca685d.sock'), ('ROS_PYTHON_VERSION', '3'), ('VSCODE_GIT_ASKPASS_MAIN', '/root/.vscode-server/bin/360a4e4fd251bfce169a4ddf857c7d25d1ad40da/extensions/git/dist/askpass-main.js'), ('VSCODE_GIT_ASKPASS_NODE', '/root/.vscode-server/bin/360a4e4fd251bfce169a4ddf857c7d25d1ad40da/node'), ('PYDEVD_DISABLE_FILE_VALIDATION', '1'), ('BUNDLED_DEBUGPY_PATH', '/root/.vscode-server/extensions/ms-python.debugpy-2025.10.0-linux-x64/bundled/libs/debugpy'), ('DBUS_SESSION_BUS_ADDRESS', 'unix:path=/run/user/0/bus'), ('COLORTERM', 'truecolor'), ('WSL_DISTRO_NAME', 'Ubuntu-22.04'), ('DEBUGINFOD_URLS', ''), ('WAYLAND_DISPLAY', 'wayland-0'), ('COLCON_PREFIX_PATH', '/root/ws_sensor_combined/install'), ('ROS_DISTRO', 'humble'), ('LOGNAME', 'root'), ('NAME', 'Code'), ('WSL_INTEROP', '/run/WSL/487_interop'), ('PULSE_SERVER', 'unix:/mnt/wslg/PulseServer'), ('_', '/usr/bin/colcon'), ('ROS_VERSION', '2'), ('TERM', 'xterm-256color'), ('ROS_LOCALHOST_ONLY', '0'), ('PATH', '/root/.vscode-server/bin/360a4e4fd251bfce169a4ddf857c7d25d1ad40da/bin/remote-cli:/opt/ros/humble/bin:/usr/local/sbin:/usr/local/bin:/usr/sbin:/usr/bin:/sbin:/bin:/usr/games:/usr/local/games:/usr/lib/wsl/lib:/mnt/c/Windows/system32:/mnt/c/Windows:/mnt/c/Windows/System32/Wbem:/mnt/c/Windows/System32/WindowsPowerShell/v1.0/:/mnt/c/Windows/System32/OpenSSH/:/mnt/c/Program Files (x86)/NVIDIA Corporation/PhysX/Common:/mnt/c/WINDOWS/system32:/mnt/c/WINDOWS:/mnt/c/WINDOWS/System32/Wbem:/mnt/c/WINDOWS/System32/WindowsPowerShell/v1.0/:/mnt/c/WINDOWS/System32/OpenSSH/:/mnt/c/Program Files/dotnet/:/mnt/c/Program Files/NVIDIA Corporation/NVIDIA App/NvDLISR:/mnt/c/Program Files/Git/cmd:/mnt/c/Users/chris/AppData/Local/Microsoft/WindowsApps:/mnt/c/Users/chris/AppData/Local/Programs/Microsoft VS Code/bin:/snap/bin:/root/.vscode-server/extensions/ms-python.debugpy-2025.10.0-linux-x64/bundled/scripts/noConfigScripts:/root/.vscode-server/data/User/globalStorage/github.copilot-chat/debugCommand'), ('WT_SESSION', '402ded2a-7e1d-4116-8c7a-81d3b47e82bd'), ('XDG_RUNTIME_DIR', '/run/user/0/'), ('DISPLAY', ':0'), ('VSCODE_DEBUGPY_ADAPTER_ENDPOINTS', '/root/.vscode-server/extensions/ms-python.debugpy-2025.10.0-linux-x64/.noConfigDebugAdapterEndpoints/endpoint-d6e2528f5321a076.txt'), ('LANG', 'en_US.UTF-8'), ('LS_COLORS', 'rs=0:di=01;34:ln=01;36:mh=00:pi=40;33:so=01;35:do=01;35:bd=40;33;01:cd=40;33;01:or=40;31;01:mi=00:su=37;41:sg=30;43:ca=30;41:tw=30;42:ow=34;42:st=37;44:ex=01;32:*.tar=01;31:*.tgz=01;31:*.arc=01;31:*.arj=01;31:*.taz=01;31:*.lha=01;31:*.lz4=01;31:*.lzh=01;31:*.lzma=01;31:*.tlz=01;31:*.txz=01;31:*.tzo=01;31:*.t7z=01;31:*.zip=01;31:*.z=01;31:*.dz=01;31:*.gz=01;31:*.lrz=01;31:*.lz=01;31:*.lzo=01;31:*.xz=01;31:*.zst=01;31:*.tzst=01;31:*.bz2=01;31:*.bz=01;31:*.tbz=01;31:*.tbz2=01;31:*.tz=01;31:*.deb=01;31:*.rpm=01;31:*.jar=01;31:*.war=01;31:*.ear=01;31:*.sar=01;31:*.rar=01;31:*.alz=01;31:*.ace=01;31:*.zoo=01;31:*.cpio=01;31:*.7z=01;31:*.rz=01;31:*.cab=01;31:*.wim=01;31:*.swm=01;31:*.dwm=01;31:*.esd=01;31:*.jpg=01;35:*.jpeg=01;35:*.mjpg=01;35:*.mjpeg=01;35:*.gif=01;35:*.bmp=01;35:*.pbm=01;35:*.pgm=01;35:*.ppm=01;35:*.tga=01;35:*.xbm=01;35:*.xpm=01;35:*.tif=01;35:*.tiff=01;35:*.png=01;35:*.svg=01;35:*.svgz=01;35:*.mng=01;35:*.pcx=01;35:*.mov=01;35:*.mpg=01;35:*.mpeg=01;35:*.m2v=01;35:*.mkv=01;35:*.webm=01;35:*.webp=01;35:*.ogm=01;35:*.mp4=01;35:*.m4v=01;35:*.mp4v=01;35:*.vob=01;35:*.qt=01;35:*.nuv=01;35:*.wmv=01;35:*.asf=01;35:*.rm=01;35:*.rmvb=01;35:*.flc=01;35:*.avi=01;35:*.fli=01;35:*.flv=01;35:*.gl=01;35:*.dl=01;35:*.xcf=01;35:*.xwd=01;35:*.yuv=01;35:*.cgm=01;35:*.emf=01;35:*.ogv=01;35:*.ogx=01;35:*.aac=00;36:*.au=00;36:*.flac=00;36:*.m4a=00;36:*.mid=00;36:*.midi=00;36:*.mka=00;36:*.mp3=00;36:*.mpc=00;36:*.ogg=00;36:*.ra=00;36:*.wav=00;36:*.oga=00;36:*.opus=00;36:*.spx=00;36:*.xspf=00;36:'), ('VSCODE_GIT_IPC_HANDLE', '/run/user/0/vscode-git-c1d1440c90.sock'), ('TERM_PROGRAM', 'vscode'), ('AMENT_PREFIX_PATH', '/root/ws_sensor_combined/install/px4_ros_com:/root/ws_sensor_combined/install/example_mode_with_executor_cpp:/root/ws_sensor_combined/install/example_mode_vtol_cpp:/root/ws_sensor_combined/install/example_mode_rtl_replacement_cpp:/root/ws_sensor_combined/install/example_mode_manual_cpp:/root/ws_sensor_combined/install/example_mode_goto_global_cpp:/root/ws_sensor_combined/install/example_mode_goto_cpp:/root/ws_sensor_combined/install/example_mode_fw_attitude_cpp:/root/ws_sensor_combined/install/example_local_navigation_cpp:/root/ws_sensor_combined/install/example_global_navigation_cpp:/root/ws_sensor_combined/install/example_executor_with_multiple_modes_cpp:/root/ws_sensor_combined/install/px4_ros2_cpp:/root/ws_sensor_combined/install/px4_msgs:/opt/ros/humble'), ('SHELL', '/bin/bash'), ('LESSCLOSE', '/usr/bin/lesspipe %s %s'), ('VSCODE_GIT_ASKPASS_EXTRA_ARGS', ''), ('PWD', '/root/ws_sensor_combined/build/example_mode_rtl_replacement_cpp'), ('XDG_DATA_DIRS', '/usr/local/share:/usr/share:/var/lib/snapd/desktop'), ('PYTHONPATH', '/root/ws_sensor_combined/install/px4_ros_com/local/lib/python3.10/dist-packages:/root/ws_sensor_combined/install/px4_msgs/local/lib/python3.10/dist-packages:/opt/ros/humble/lib/python3.10/site-packages:/opt/ros/humble/local/lib/python3.10/dist-packages'), ('COLCON', '1'), ('WSL2_GUI_APPS_ENABLED', '1'), ('HOSTTYPE', 'x86_64'), ('CMAKE_PREFIX_PATH', '/root/ws_sensor_combined/install/px4_ros2_cpp:/root/ws_sensor_combined/install/px4_msgs:/root/ws_sensor_combined/install/px4_ros_com:/root/ws_sensor_combined/install/example_mode_with_executor_cpp:/root/ws_sensor_combined/install/example_mode_vtol_cpp:/root/ws_sensor_combined/install/example_mode_rtl_replacement_cpp:/root/ws_sensor_combined/install/example_mode_manual_cpp:/root/ws_sensor_combined/install/example_mode_goto_global_cpp:/root/ws_sensor_combined/install/example_mode_goto_cpp:/root/ws_sensor_combined/install/example_mode_fw_attitude_cpp:/root/ws_sensor_combined/install/example_local_navigation_cpp:/root/ws_sensor_combined/install/example_global_navigation_cpp:/root/ws_sensor_combined/install/example_executor_with_multiple_modes_cpp:/opt/ros/humble'), ('WSLENV', 'ELECTRON_RUN_AS_NODE/w:WT_SESSION:WT_PROFILE_ID:')]), 'shell': False}
[1.927772] (example_executor_with_multiple_modes_cpp) StdoutLine: {'line': b'[100%] Built target example_executor_with_multiple_modes\n'}
[1.928213] (example_mode_with_executor_cpp) JobProgress: {'identifier': 'example_mode_with_executor_cpp', 'progress': 'cmake'}
[1.929268] (example_mode_with_executor_cpp) JobProgress: {'identifier': 'example_mode_with_executor_cpp', 'progress': 'build'}
[1.930205] (example_mode_with_executor_cpp) Command: {'cmd': ['/usr/bin/cmake', '--build', '/root/ws_sensor_combined/build/example_mode_with_executor_cpp', '--', '-j20', '-l20'], 'cwd': '/root/ws_sensor_combined/build/example_mode_with_executor_cpp', 'env': OrderedDict([('LESSOPEN', '| /usr/bin/lesspipe %s'), ('USER', 'root'), ('GIT_ASKPASS', '/root/.vscode-server/bin/360a4e4fd251bfce169a4ddf857c7d25d1ad40da/extensions/git/dist/askpass.sh'), ('SHLVL', '2'), ('LD_LIBRARY_PATH', '/root/ws_sensor_combined/install/px4_ros2_cpp/lib:/root/ws_sensor_combined/install/px4_msgs/lib:/root/ws_sensor_combined/install/px4_ros_com/lib:/opt/ros/humble/opt/rviz_ogre_vendor/lib:/opt/ros/humble/lib/x86_64-linux-gnu:/opt/ros/humble/lib'), ('WT_PROFILE_ID', '{4ff56d04-d9cf-57ea-bae2-ad396374e7e3}'), ('HOME', '/root'), ('TERM_PROGRAM_VERSION', '1.103.1'), ('VSCODE_IPC_HOOK_CLI', '/run/user/0/vscode-ipc-7c4c6447-ae3c-495f-b12e-4b258fca685d.sock'), ('ROS_PYTHON_VERSION', '3'), ('VSCODE_GIT_ASKPASS_MAIN', '/root/.vscode-server/bin/360a4e4fd251bfce169a4ddf857c7d25d1ad40da/extensions/git/dist/askpass-main.js'), ('VSCODE_GIT_ASKPASS_NODE', '/root/.vscode-server/bin/360a4e4fd251bfce169a4ddf857c7d25d1ad40da/node'), ('PYDEVD_DISABLE_FILE_VALIDATION', '1'), ('BUNDLED_DEBUGPY_PATH', '/root/.vscode-server/extensions/ms-python.debugpy-2025.10.0-linux-x64/bundled/libs/debugpy'), ('DBUS_SESSION_BUS_ADDRESS', 'unix:path=/run/user/0/bus'), ('COLORTERM', 'truecolor'), ('WSL_DISTRO_NAME', 'Ubuntu-22.04'), ('DEBUGINFOD_URLS', ''), ('WAYLAND_DISPLAY', 'wayland-0'), ('COLCON_PREFIX_PATH', '/root/ws_sensor_combined/install'), ('ROS_DISTRO', 'humble'), ('LOGNAME', 'root'), ('NAME', 'Code'), ('WSL_INTEROP', '/run/WSL/487_interop'), ('PULSE_SERVER', 'unix:/mnt/wslg/PulseServer'), ('_', '/usr/bin/colcon'), ('ROS_VERSION', '2'), ('TERM', 'xterm-256color'), ('ROS_LOCALHOST_ONLY', '0'), ('PATH', '/root/.vscode-server/bin/360a4e4fd251bfce169a4ddf857c7d25d1ad40da/bin/remote-cli:/opt/ros/humble/bin:/usr/local/sbin:/usr/local/bin:/usr/sbin:/usr/bin:/sbin:/bin:/usr/games:/usr/local/games:/usr/lib/wsl/lib:/mnt/c/Windows/system32:/mnt/c/Windows:/mnt/c/Windows/System32/Wbem:/mnt/c/Windows/System32/WindowsPowerShell/v1.0/:/mnt/c/Windows/System32/OpenSSH/:/mnt/c/Program Files (x86)/NVIDIA Corporation/PhysX/Common:/mnt/c/WINDOWS/system32:/mnt/c/WINDOWS:/mnt/c/WINDOWS/System32/Wbem:/mnt/c/WINDOWS/System32/WindowsPowerShell/v1.0/:/mnt/c/WINDOWS/System32/OpenSSH/:/mnt/c/Program Files/dotnet/:/mnt/c/Program Files/NVIDIA Corporation/NVIDIA App/NvDLISR:/mnt/c/Program Files/Git/cmd:/mnt/c/Users/chris/AppData/Local/Microsoft/WindowsApps:/mnt/c/Users/chris/AppData/Local/Programs/Microsoft VS Code/bin:/snap/bin:/root/.vscode-server/extensions/ms-python.debugpy-2025.10.0-linux-x64/bundled/scripts/noConfigScripts:/root/.vscode-server/data/User/globalStorage/github.copilot-chat/debugCommand'), ('WT_SESSION', '402ded2a-7e1d-4116-8c7a-81d3b47e82bd'), ('XDG_RUNTIME_DIR', '/run/user/0/'), ('DISPLAY', ':0'), ('VSCODE_DEBUGPY_ADAPTER_ENDPOINTS', '/root/.vscode-server/extensions/ms-python.debugpy-2025.10.0-linux-x64/.noConfigDebugAdapterEndpoints/endpoint-d6e2528f5321a076.txt'), ('LANG', 'en_US.UTF-8'), ('LS_COLORS', 'rs=0:di=01;34:ln=01;36:mh=00:pi=40;33:so=01;35:do=01;35:bd=40;33;01:cd=40;33;01:or=40;31;01:mi=00:su=37;41:sg=30;43:ca=30;41:tw=30;42:ow=34;42:st=37;44:ex=01;32:*.tar=01;31:*.tgz=01;31:*.arc=01;31:*.arj=01;31:*.taz=01;31:*.lha=01;31:*.lz4=01;31:*.lzh=01;31:*.lzma=01;31:*.tlz=01;31:*.txz=01;31:*.tzo=01;31:*.t7z=01;31:*.zip=01;31:*.z=01;31:*.dz=01;31:*.gz=01;31:*.lrz=01;31:*.lz=01;31:*.lzo=01;31:*.xz=01;31:*.zst=01;31:*.tzst=01;31:*.bz2=01;31:*.bz=01;31:*.tbz=01;31:*.tbz2=01;31:*.tz=01;31:*.deb=01;31:*.rpm=01;31:*.jar=01;31:*.war=01;31:*.ear=01;31:*.sar=01;31:*.rar=01;31:*.alz=01;31:*.ace=01;31:*.zoo=01;31:*.cpio=01;31:*.7z=01;31:*.rz=01;31:*.cab=01;31:*.wim=01;31:*.swm=01;31:*.dwm=01;31:*.esd=01;31:*.jpg=01;35:*.jpeg=01;35:*.mjpg=01;35:*.mjpeg=01;35:*.gif=01;35:*.bmp=01;35:*.pbm=01;35:*.pgm=01;35:*.ppm=01;35:*.tga=01;35:*.xbm=01;35:*.xpm=01;35:*.tif=01;35:*.tiff=01;35:*.png=01;35:*.svg=01;35:*.svgz=01;35:*.mng=01;35:*.pcx=01;35:*.mov=01;35:*.mpg=01;35:*.mpeg=01;35:*.m2v=01;35:*.mkv=01;35:*.webm=01;35:*.webp=01;35:*.ogm=01;35:*.mp4=01;35:*.m4v=01;35:*.mp4v=01;35:*.vob=01;35:*.qt=01;35:*.nuv=01;35:*.wmv=01;35:*.asf=01;35:*.rm=01;35:*.rmvb=01;35:*.flc=01;35:*.avi=01;35:*.fli=01;35:*.flv=01;35:*.gl=01;35:*.dl=01;35:*.xcf=01;35:*.xwd=01;35:*.yuv=01;35:*.cgm=01;35:*.emf=01;35:*.ogv=01;35:*.ogx=01;35:*.aac=00;36:*.au=00;36:*.flac=00;36:*.m4a=00;36:*.mid=00;36:*.midi=00;36:*.mka=00;36:*.mp3=00;36:*.mpc=00;36:*.ogg=00;36:*.ra=00;36:*.wav=00;36:*.oga=00;36:*.opus=00;36:*.spx=00;36:*.xspf=00;36:'), ('VSCODE_GIT_IPC_HANDLE', '/run/user/0/vscode-git-c1d1440c90.sock'), ('TERM_PROGRAM', 'vscode'), ('AMENT_PREFIX_PATH', '/root/ws_sensor_combined/install/px4_ros_com:/root/ws_sensor_combined/install/example_mode_with_executor_cpp:/root/ws_sensor_combined/install/example_mode_vtol_cpp:/root/ws_sensor_combined/install/example_mode_rtl_replacement_cpp:/root/ws_sensor_combined/install/example_mode_manual_cpp:/root/ws_sensor_combined/install/example_mode_goto_global_cpp:/root/ws_sensor_combined/install/example_mode_goto_cpp:/root/ws_sensor_combined/install/example_mode_fw_attitude_cpp:/root/ws_sensor_combined/install/example_local_navigation_cpp:/root/ws_sensor_combined/install/example_global_navigation_cpp:/root/ws_sensor_combined/install/example_executor_with_multiple_modes_cpp:/root/ws_sensor_combined/install/px4_ros2_cpp:/root/ws_sensor_combined/install/px4_msgs:/opt/ros/humble'), ('SHELL', '/bin/bash'), ('LESSCLOSE', '/usr/bin/lesspipe %s %s'), ('VSCODE_GIT_ASKPASS_EXTRA_ARGS', ''), ('PWD', '/root/ws_sensor_combined/build/example_mode_with_executor_cpp'), ('XDG_DATA_DIRS', '/usr/local/share:/usr/share:/var/lib/snapd/desktop'), ('PYTHONPATH', '/root/ws_sensor_combined/install/px4_ros_com/local/lib/python3.10/dist-packages:/root/ws_sensor_combined/install/px4_msgs/local/lib/python3.10/dist-packages:/opt/ros/humble/lib/python3.10/site-packages:/opt/ros/humble/local/lib/python3.10/dist-packages'), ('COLCON', '1'), ('WSL2_GUI_APPS_ENABLED', '1'), ('HOSTTYPE', 'x86_64'), ('CMAKE_PREFIX_PATH', '/root/ws_sensor_combined/install/px4_ros2_cpp:/root/ws_sensor_combined/install/px4_msgs:/root/ws_sensor_combined/install/px4_ros_com:/root/ws_sensor_combined/install/example_mode_with_executor_cpp:/root/ws_sensor_combined/install/example_mode_vtol_cpp:/root/ws_sensor_combined/install/example_mode_rtl_replacement_cpp:/root/ws_sensor_combined/install/example_mode_manual_cpp:/root/ws_sensor_combined/install/example_mode_goto_global_cpp:/root/ws_sensor_combined/install/example_mode_goto_cpp:/root/ws_sensor_combined/install/example_mode_fw_attitude_cpp:/root/ws_sensor_combined/install/example_local_navigation_cpp:/root/ws_sensor_combined/install/example_global_navigation_cpp:/root/ws_sensor_combined/install/example_executor_with_multiple_modes_cpp:/opt/ros/humble'), ('WSLENV', 'ELECTRON_RUN_AS_NODE/w:WT_SESSION:WT_PROFILE_ID:')]), 'shell': False}
[1.931803] (example_mode_manual_cpp) JobProgress: {'identifier': 'example_mode_manual_cpp', 'progress': 'cmake'}
[1.932429] (example_local_navigation_cpp) StdoutLine: {'line': b'[100%] Built target example_local_navigation\n'}
[1.933830] (example_mode_manual_cpp) JobProgress: {'identifier': 'example_mode_manual_cpp', 'progress': 'build'}
[1.934916] (example_mode_manual_cpp) Command: {'cmd': ['/usr/bin/cmake', '--build', '/root/ws_sensor_combined/build/example_mode_manual_cpp', '--', '-j20', '-l20'], 'cwd': '/root/ws_sensor_combined/build/example_mode_manual_cpp', 'env': OrderedDict([('LESSOPEN', '| /usr/bin/lesspipe %s'), ('USER', 'root'), ('GIT_ASKPASS', '/root/.vscode-server/bin/360a4e4fd251bfce169a4ddf857c7d25d1ad40da/extensions/git/dist/askpass.sh'), ('SHLVL', '2'), ('LD_LIBRARY_PATH', '/root/ws_sensor_combined/install/px4_ros2_cpp/lib:/root/ws_sensor_combined/install/px4_msgs/lib:/root/ws_sensor_combined/install/px4_ros_com/lib:/opt/ros/humble/opt/rviz_ogre_vendor/lib:/opt/ros/humble/lib/x86_64-linux-gnu:/opt/ros/humble/lib'), ('WT_PROFILE_ID', '{4ff56d04-d9cf-57ea-bae2-ad396374e7e3}'), ('HOME', '/root'), ('TERM_PROGRAM_VERSION', '1.103.1'), ('VSCODE_IPC_HOOK_CLI', '/run/user/0/vscode-ipc-7c4c6447-ae3c-495f-b12e-4b258fca685d.sock'), ('ROS_PYTHON_VERSION', '3'), ('VSCODE_GIT_ASKPASS_MAIN', '/root/.vscode-server/bin/360a4e4fd251bfce169a4ddf857c7d25d1ad40da/extensions/git/dist/askpass-main.js'), ('VSCODE_GIT_ASKPASS_NODE', '/root/.vscode-server/bin/360a4e4fd251bfce169a4ddf857c7d25d1ad40da/node'), ('PYDEVD_DISABLE_FILE_VALIDATION', '1'), ('BUNDLED_DEBUGPY_PATH', '/root/.vscode-server/extensions/ms-python.debugpy-2025.10.0-linux-x64/bundled/libs/debugpy'), ('DBUS_SESSION_BUS_ADDRESS', 'unix:path=/run/user/0/bus'), ('COLORTERM', 'truecolor'), ('WSL_DISTRO_NAME', 'Ubuntu-22.04'), ('DEBUGINFOD_URLS', ''), ('WAYLAND_DISPLAY', 'wayland-0'), ('COLCON_PREFIX_PATH', '/root/ws_sensor_combined/install'), ('ROS_DISTRO', 'humble'), ('LOGNAME', 'root'), ('NAME', 'Code'), ('WSL_INTEROP', '/run/WSL/487_interop'), ('PULSE_SERVER', 'unix:/mnt/wslg/PulseServer'), ('_', '/usr/bin/colcon'), ('ROS_VERSION', '2'), ('TERM', 'xterm-256color'), ('ROS_LOCALHOST_ONLY', '0'), ('PATH', '/root/.vscode-server/bin/360a4e4fd251bfce169a4ddf857c7d25d1ad40da/bin/remote-cli:/opt/ros/humble/bin:/usr/local/sbin:/usr/local/bin:/usr/sbin:/usr/bin:/sbin:/bin:/usr/games:/usr/local/games:/usr/lib/wsl/lib:/mnt/c/Windows/system32:/mnt/c/Windows:/mnt/c/Windows/System32/Wbem:/mnt/c/Windows/System32/WindowsPowerShell/v1.0/:/mnt/c/Windows/System32/OpenSSH/:/mnt/c/Program Files (x86)/NVIDIA Corporation/PhysX/Common:/mnt/c/WINDOWS/system32:/mnt/c/WINDOWS:/mnt/c/WINDOWS/System32/Wbem:/mnt/c/WINDOWS/System32/WindowsPowerShell/v1.0/:/mnt/c/WINDOWS/System32/OpenSSH/:/mnt/c/Program Files/dotnet/:/mnt/c/Program Files/NVIDIA Corporation/NVIDIA App/NvDLISR:/mnt/c/Program Files/Git/cmd:/mnt/c/Users/chris/AppData/Local/Microsoft/WindowsApps:/mnt/c/Users/chris/AppData/Local/Programs/Microsoft VS Code/bin:/snap/bin:/root/.vscode-server/extensions/ms-python.debugpy-2025.10.0-linux-x64/bundled/scripts/noConfigScripts:/root/.vscode-server/data/User/globalStorage/github.copilot-chat/debugCommand'), ('WT_SESSION', '402ded2a-7e1d-4116-8c7a-81d3b47e82bd'), ('XDG_RUNTIME_DIR', '/run/user/0/'), ('DISPLAY', ':0'), ('VSCODE_DEBUGPY_ADAPTER_ENDPOINTS', '/root/.vscode-server/extensions/ms-python.debugpy-2025.10.0-linux-x64/.noConfigDebugAdapterEndpoints/endpoint-d6e2528f5321a076.txt'), ('LANG', 'en_US.UTF-8'), ('LS_COLORS', 'rs=0:di=01;34:ln=01;36:mh=00:pi=40;33:so=01;35:do=01;35:bd=40;33;01:cd=40;33;01:or=40;31;01:mi=00:su=37;41:sg=30;43:ca=30;41:tw=30;42:ow=34;42:st=37;44:ex=01;32:*.tar=01;31:*.tgz=01;31:*.arc=01;31:*.arj=01;31:*.taz=01;31:*.lha=01;31:*.lz4=01;31:*.lzh=01;31:*.lzma=01;31:*.tlz=01;31:*.txz=01;31:*.tzo=01;31:*.t7z=01;31:*.zip=01;31:*.z=01;31:*.dz=01;31:*.gz=01;31:*.lrz=01;31:*.lz=01;31:*.lzo=01;31:*.xz=01;31:*.zst=01;31:*.tzst=01;31:*.bz2=01;31:*.bz=01;31:*.tbz=01;31:*.tbz2=01;31:*.tz=01;31:*.deb=01;31:*.rpm=01;31:*.jar=01;31:*.war=01;31:*.ear=01;31:*.sar=01;31:*.rar=01;31:*.alz=01;31:*.ace=01;31:*.zoo=01;31:*.cpio=01;31:*.7z=01;31:*.rz=01;31:*.cab=01;31:*.wim=01;31:*.swm=01;31:*.dwm=01;31:*.esd=01;31:*.jpg=01;35:*.jpeg=01;35:*.mjpg=01;35:*.mjpeg=01;35:*.gif=01;35:*.bmp=01;35:*.pbm=01;35:*.pgm=01;35:*.ppm=01;35:*.tga=01;35:*.xbm=01;35:*.xpm=01;35:*.tif=01;35:*.tiff=01;35:*.png=01;35:*.svg=01;35:*.svgz=01;35:*.mng=01;35:*.pcx=01;35:*.mov=01;35:*.mpg=01;35:*.mpeg=01;35:*.m2v=01;35:*.mkv=01;35:*.webm=01;35:*.webp=01;35:*.ogm=01;35:*.mp4=01;35:*.m4v=01;35:*.mp4v=01;35:*.vob=01;35:*.qt=01;35:*.nuv=01;35:*.wmv=01;35:*.asf=01;35:*.rm=01;35:*.rmvb=01;35:*.flc=01;35:*.avi=01;35:*.fli=01;35:*.flv=01;35:*.gl=01;35:*.dl=01;35:*.xcf=01;35:*.xwd=01;35:*.yuv=01;35:*.cgm=01;35:*.emf=01;35:*.ogv=01;35:*.ogx=01;35:*.aac=00;36:*.au=00;36:*.flac=00;36:*.m4a=00;36:*.mid=00;36:*.midi=00;36:*.mka=00;36:*.mp3=00;36:*.mpc=00;36:*.ogg=00;36:*.ra=00;36:*.wav=00;36:*.oga=00;36:*.opus=00;36:*.spx=00;36:*.xspf=00;36:'), ('VSCODE_GIT_IPC_HANDLE', '/run/user/0/vscode-git-c1d1440c90.sock'), ('TERM_PROGRAM', 'vscode'), ('AMENT_PREFIX_PATH', '/root/ws_sensor_combined/install/px4_ros_com:/root/ws_sensor_combined/install/example_mode_with_executor_cpp:/root/ws_sensor_combined/install/example_mode_vtol_cpp:/root/ws_sensor_combined/install/example_mode_rtl_replacement_cpp:/root/ws_sensor_combined/install/example_mode_manual_cpp:/root/ws_sensor_combined/install/example_mode_goto_global_cpp:/root/ws_sensor_combined/install/example_mode_goto_cpp:/root/ws_sensor_combined/install/example_mode_fw_attitude_cpp:/root/ws_sensor_combined/install/example_local_navigation_cpp:/root/ws_sensor_combined/install/example_global_navigation_cpp:/root/ws_sensor_combined/install/example_executor_with_multiple_modes_cpp:/root/ws_sensor_combined/install/px4_ros2_cpp:/root/ws_sensor_combined/install/px4_msgs:/opt/ros/humble'), ('SHELL', '/bin/bash'), ('LESSCLOSE', '/usr/bin/lesspipe %s %s'), ('VSCODE_GIT_ASKPASS_EXTRA_ARGS', ''), ('PWD', '/root/ws_sensor_combined/build/example_mode_manual_cpp'), ('XDG_DATA_DIRS', '/usr/local/share:/usr/share:/var/lib/snapd/desktop'), ('PYTHONPATH', '/root/ws_sensor_combined/install/px4_ros_com/local/lib/python3.10/dist-packages:/root/ws_sensor_combined/install/px4_msgs/local/lib/python3.10/dist-packages:/opt/ros/humble/lib/python3.10/site-packages:/opt/ros/humble/local/lib/python3.10/dist-packages'), ('COLCON', '1'), ('WSL2_GUI_APPS_ENABLED', '1'), ('HOSTTYPE', 'x86_64'), ('CMAKE_PREFIX_PATH', '/root/ws_sensor_combined/install/px4_ros2_cpp:/root/ws_sensor_combined/install/px4_msgs:/root/ws_sensor_combined/install/px4_ros_com:/root/ws_sensor_combined/install/example_mode_with_executor_cpp:/root/ws_sensor_combined/install/example_mode_vtol_cpp:/root/ws_sensor_combined/install/example_mode_rtl_replacement_cpp:/root/ws_sensor_combined/install/example_mode_manual_cpp:/root/ws_sensor_combined/install/example_mode_goto_global_cpp:/root/ws_sensor_combined/install/example_mode_goto_cpp:/root/ws_sensor_combined/install/example_mode_fw_attitude_cpp:/root/ws_sensor_combined/install/example_local_navigation_cpp:/root/ws_sensor_combined/install/example_global_navigation_cpp:/root/ws_sensor_combined/install/example_executor_with_multiple_modes_cpp:/opt/ros/humble'), ('WSLENV', 'ELECTRON_RUN_AS_NODE/w:WT_SESSION:WT_PROFILE_ID:')]), 'shell': False}
[1.943159] (example_executor_with_multiple_modes_cpp) CommandEnded: {'returncode': 0}
[1.944802] (example_executor_with_multiple_modes_cpp) JobProgress: {'identifier': 'example_executor_with_multiple_modes_cpp', 'progress': 'install'}
[1.945177] (example_executor_with_multiple_modes_cpp) Command: {'cmd': ['/usr/bin/cmake', '--install', '/root/ws_sensor_combined/build/example_executor_with_multiple_modes_cpp'], 'cwd': '/root/ws_sensor_combined/build/example_executor_with_multiple_modes_cpp', 'env': OrderedDict([('LESSOPEN', '| /usr/bin/lesspipe %s'), ('USER', 'root'), ('GIT_ASKPASS', '/root/.vscode-server/bin/360a4e4fd251bfce169a4ddf857c7d25d1ad40da/extensions/git/dist/askpass.sh'), ('SHLVL', '2'), ('LD_LIBRARY_PATH', '/root/ws_sensor_combined/install/px4_ros2_cpp/lib:/root/ws_sensor_combined/install/px4_msgs/lib:/root/ws_sensor_combined/install/px4_ros_com/lib:/opt/ros/humble/opt/rviz_ogre_vendor/lib:/opt/ros/humble/lib/x86_64-linux-gnu:/opt/ros/humble/lib'), ('WT_PROFILE_ID', '{4ff56d04-d9cf-57ea-bae2-ad396374e7e3}'), ('HOME', '/root'), ('TERM_PROGRAM_VERSION', '1.103.1'), ('VSCODE_IPC_HOOK_CLI', '/run/user/0/vscode-ipc-7c4c6447-ae3c-495f-b12e-4b258fca685d.sock'), ('ROS_PYTHON_VERSION', '3'), ('VSCODE_GIT_ASKPASS_MAIN', '/root/.vscode-server/bin/360a4e4fd251bfce169a4ddf857c7d25d1ad40da/extensions/git/dist/askpass-main.js'), ('VSCODE_GIT_ASKPASS_NODE', '/root/.vscode-server/bin/360a4e4fd251bfce169a4ddf857c7d25d1ad40da/node'), ('PYDEVD_DISABLE_FILE_VALIDATION', '1'), ('BUNDLED_DEBUGPY_PATH', '/root/.vscode-server/extensions/ms-python.debugpy-2025.10.0-linux-x64/bundled/libs/debugpy'), ('DBUS_SESSION_BUS_ADDRESS', 'unix:path=/run/user/0/bus'), ('COLORTERM', 'truecolor'), ('WSL_DISTRO_NAME', 'Ubuntu-22.04'), ('DEBUGINFOD_URLS', ''), ('WAYLAND_DISPLAY', 'wayland-0'), ('COLCON_PREFIX_PATH', '/root/ws_sensor_combined/install'), ('ROS_DISTRO', 'humble'), ('LOGNAME', 'root'), ('NAME', 'Code'), ('WSL_INTEROP', '/run/WSL/487_interop'), ('PULSE_SERVER', 'unix:/mnt/wslg/PulseServer'), ('_', '/usr/bin/colcon'), ('ROS_VERSION', '2'), ('TERM', 'xterm-256color'), ('ROS_LOCALHOST_ONLY', '0'), ('PATH', '/root/.vscode-server/bin/360a4e4fd251bfce169a4ddf857c7d25d1ad40da/bin/remote-cli:/opt/ros/humble/bin:/usr/local/sbin:/usr/local/bin:/usr/sbin:/usr/bin:/sbin:/bin:/usr/games:/usr/local/games:/usr/lib/wsl/lib:/mnt/c/Windows/system32:/mnt/c/Windows:/mnt/c/Windows/System32/Wbem:/mnt/c/Windows/System32/WindowsPowerShell/v1.0/:/mnt/c/Windows/System32/OpenSSH/:/mnt/c/Program Files (x86)/NVIDIA Corporation/PhysX/Common:/mnt/c/WINDOWS/system32:/mnt/c/WINDOWS:/mnt/c/WINDOWS/System32/Wbem:/mnt/c/WINDOWS/System32/WindowsPowerShell/v1.0/:/mnt/c/WINDOWS/System32/OpenSSH/:/mnt/c/Program Files/dotnet/:/mnt/c/Program Files/NVIDIA Corporation/NVIDIA App/NvDLISR:/mnt/c/Program Files/Git/cmd:/mnt/c/Users/chris/AppData/Local/Microsoft/WindowsApps:/mnt/c/Users/chris/AppData/Local/Programs/Microsoft VS Code/bin:/snap/bin:/root/.vscode-server/extensions/ms-python.debugpy-2025.10.0-linux-x64/bundled/scripts/noConfigScripts:/root/.vscode-server/data/User/globalStorage/github.copilot-chat/debugCommand'), ('WT_SESSION', '402ded2a-7e1d-4116-8c7a-81d3b47e82bd'), ('XDG_RUNTIME_DIR', '/run/user/0/'), ('DISPLAY', ':0'), ('VSCODE_DEBUGPY_ADAPTER_ENDPOINTS', '/root/.vscode-server/extensions/ms-python.debugpy-2025.10.0-linux-x64/.noConfigDebugAdapterEndpoints/endpoint-d6e2528f5321a076.txt'), ('LANG', 'en_US.UTF-8'), ('LS_COLORS', 'rs=0:di=01;34:ln=01;36:mh=00:pi=40;33:so=01;35:do=01;35:bd=40;33;01:cd=40;33;01:or=40;31;01:mi=00:su=37;41:sg=30;43:ca=30;41:tw=30;42:ow=34;42:st=37;44:ex=01;32:*.tar=01;31:*.tgz=01;31:*.arc=01;31:*.arj=01;31:*.taz=01;31:*.lha=01;31:*.lz4=01;31:*.lzh=01;31:*.lzma=01;31:*.tlz=01;31:*.txz=01;31:*.tzo=01;31:*.t7z=01;31:*.zip=01;31:*.z=01;31:*.dz=01;31:*.gz=01;31:*.lrz=01;31:*.lz=01;31:*.lzo=01;31:*.xz=01;31:*.zst=01;31:*.tzst=01;31:*.bz2=01;31:*.bz=01;31:*.tbz=01;31:*.tbz2=01;31:*.tz=01;31:*.deb=01;31:*.rpm=01;31:*.jar=01;31:*.war=01;31:*.ear=01;31:*.sar=01;31:*.rar=01;31:*.alz=01;31:*.ace=01;31:*.zoo=01;31:*.cpio=01;31:*.7z=01;31:*.rz=01;31:*.cab=01;31:*.wim=01;31:*.swm=01;31:*.dwm=01;31:*.esd=01;31:*.jpg=01;35:*.jpeg=01;35:*.mjpg=01;35:*.mjpeg=01;35:*.gif=01;35:*.bmp=01;35:*.pbm=01;35:*.pgm=01;35:*.ppm=01;35:*.tga=01;35:*.xbm=01;35:*.xpm=01;35:*.tif=01;35:*.tiff=01;35:*.png=01;35:*.svg=01;35:*.svgz=01;35:*.mng=01;35:*.pcx=01;35:*.mov=01;35:*.mpg=01;35:*.mpeg=01;35:*.m2v=01;35:*.mkv=01;35:*.webm=01;35:*.webp=01;35:*.ogm=01;35:*.mp4=01;35:*.m4v=01;35:*.mp4v=01;35:*.vob=01;35:*.qt=01;35:*.nuv=01;35:*.wmv=01;35:*.asf=01;35:*.rm=01;35:*.rmvb=01;35:*.flc=01;35:*.avi=01;35:*.fli=01;35:*.flv=01;35:*.gl=01;35:*.dl=01;35:*.xcf=01;35:*.xwd=01;35:*.yuv=01;35:*.cgm=01;35:*.emf=01;35:*.ogv=01;35:*.ogx=01;35:*.aac=00;36:*.au=00;36:*.flac=00;36:*.m4a=00;36:*.mid=00;36:*.midi=00;36:*.mka=00;36:*.mp3=00;36:*.mpc=00;36:*.ogg=00;36:*.ra=00;36:*.wav=00;36:*.oga=00;36:*.opus=00;36:*.spx=00;36:*.xspf=00;36:'), ('VSCODE_GIT_IPC_HANDLE', '/run/user/0/vscode-git-c1d1440c90.sock'), ('TERM_PROGRAM', 'vscode'), ('AMENT_PREFIX_PATH', '/root/ws_sensor_combined/install/px4_ros_com:/root/ws_sensor_combined/install/example_mode_with_executor_cpp:/root/ws_sensor_combined/install/example_mode_vtol_cpp:/root/ws_sensor_combined/install/example_mode_rtl_replacement_cpp:/root/ws_sensor_combined/install/example_mode_manual_cpp:/root/ws_sensor_combined/install/example_mode_goto_global_cpp:/root/ws_sensor_combined/install/example_mode_goto_cpp:/root/ws_sensor_combined/install/example_mode_fw_attitude_cpp:/root/ws_sensor_combined/install/example_local_navigation_cpp:/root/ws_sensor_combined/install/example_global_navigation_cpp:/root/ws_sensor_combined/install/example_executor_with_multiple_modes_cpp:/root/ws_sensor_combined/install/px4_ros2_cpp:/root/ws_sensor_combined/install/px4_msgs:/opt/ros/humble'), ('SHELL', '/bin/bash'), ('LESSCLOSE', '/usr/bin/lesspipe %s %s'), ('VSCODE_GIT_ASKPASS_EXTRA_ARGS', ''), ('PWD', '/root/ws_sensor_combined/build/example_executor_with_multiple_modes_cpp'), ('XDG_DATA_DIRS', '/usr/local/share:/usr/share:/var/lib/snapd/desktop'), ('PYTHONPATH', '/root/ws_sensor_combined/install/px4_ros_com/local/lib/python3.10/dist-packages:/root/ws_sensor_combined/install/px4_msgs/local/lib/python3.10/dist-packages:/opt/ros/humble/lib/python3.10/site-packages:/opt/ros/humble/local/lib/python3.10/dist-packages'), ('COLCON', '1'), ('WSL2_GUI_APPS_ENABLED', '1'), ('HOSTTYPE', 'x86_64'), ('CMAKE_PREFIX_PATH', '/root/ws_sensor_combined/install/px4_ros2_cpp:/root/ws_sensor_combined/install/px4_msgs:/root/ws_sensor_combined/install/px4_ros_com:/root/ws_sensor_combined/install/example_mode_with_executor_cpp:/root/ws_sensor_combined/install/example_mode_vtol_cpp:/root/ws_sensor_combined/install/example_mode_rtl_replacement_cpp:/root/ws_sensor_combined/install/example_mode_manual_cpp:/root/ws_sensor_combined/install/example_mode_goto_global_cpp:/root/ws_sensor_combined/install/example_mode_goto_cpp:/root/ws_sensor_combined/install/example_mode_fw_attitude_cpp:/root/ws_sensor_combined/install/example_local_navigation_cpp:/root/ws_sensor_combined/install/example_global_navigation_cpp:/root/ws_sensor_combined/install/example_executor_with_multiple_modes_cpp:/opt/ros/humble'), ('WSLENV', 'ELECTRON_RUN_AS_NODE/w:WT_SESSION:WT_PROFILE_ID:')]), 'shell': False}
[1.947275] (example_mode_goto_global_cpp) StdoutLine: {'line': b'[100%] Built target example_mode_goto_global\n'}
[1.947726] (example_global_navigation_cpp) CommandEnded: {'returncode': 0}
[1.949315] (example_global_navigation_cpp) JobProgress: {'identifier': 'example_global_navigation_cpp', 'progress': 'install'}
[1.950694] (example_global_navigation_cpp) Command: {'cmd': ['/usr/bin/cmake', '--install', '/root/ws_sensor_combined/build/example_global_navigation_cpp'], 'cwd': '/root/ws_sensor_combined/build/example_global_navigation_cpp', 'env': OrderedDict([('LESSOPEN', '| /usr/bin/lesspipe %s'), ('USER', 'root'), ('GIT_ASKPASS', '/root/.vscode-server/bin/360a4e4fd251bfce169a4ddf857c7d25d1ad40da/extensions/git/dist/askpass.sh'), ('SHLVL', '2'), ('LD_LIBRARY_PATH', '/root/ws_sensor_combined/install/px4_ros2_cpp/lib:/root/ws_sensor_combined/install/px4_msgs/lib:/root/ws_sensor_combined/install/px4_ros_com/lib:/opt/ros/humble/opt/rviz_ogre_vendor/lib:/opt/ros/humble/lib/x86_64-linux-gnu:/opt/ros/humble/lib'), ('WT_PROFILE_ID', '{4ff56d04-d9cf-57ea-bae2-ad396374e7e3}'), ('HOME', '/root'), ('TERM_PROGRAM_VERSION', '1.103.1'), ('VSCODE_IPC_HOOK_CLI', '/run/user/0/vscode-ipc-7c4c6447-ae3c-495f-b12e-4b258fca685d.sock'), ('ROS_PYTHON_VERSION', '3'), ('VSCODE_GIT_ASKPASS_MAIN', '/root/.vscode-server/bin/360a4e4fd251bfce169a4ddf857c7d25d1ad40da/extensions/git/dist/askpass-main.js'), ('VSCODE_GIT_ASKPASS_NODE', '/root/.vscode-server/bin/360a4e4fd251bfce169a4ddf857c7d25d1ad40da/node'), ('PYDEVD_DISABLE_FILE_VALIDATION', '1'), ('BUNDLED_DEBUGPY_PATH', '/root/.vscode-server/extensions/ms-python.debugpy-2025.10.0-linux-x64/bundled/libs/debugpy'), ('DBUS_SESSION_BUS_ADDRESS', 'unix:path=/run/user/0/bus'), ('COLORTERM', 'truecolor'), ('WSL_DISTRO_NAME', 'Ubuntu-22.04'), ('DEBUGINFOD_URLS', ''), ('WAYLAND_DISPLAY', 'wayland-0'), ('COLCON_PREFIX_PATH', '/root/ws_sensor_combined/install'), ('ROS_DISTRO', 'humble'), ('LOGNAME', 'root'), ('NAME', 'Code'), ('WSL_INTEROP', '/run/WSL/487_interop'), ('PULSE_SERVER', 'unix:/mnt/wslg/PulseServer'), ('_', '/usr/bin/colcon'), ('ROS_VERSION', '2'), ('TERM', 'xterm-256color'), ('ROS_LOCALHOST_ONLY', '0'), ('PATH', '/root/.vscode-server/bin/360a4e4fd251bfce169a4ddf857c7d25d1ad40da/bin/remote-cli:/opt/ros/humble/bin:/usr/local/sbin:/usr/local/bin:/usr/sbin:/usr/bin:/sbin:/bin:/usr/games:/usr/local/games:/usr/lib/wsl/lib:/mnt/c/Windows/system32:/mnt/c/Windows:/mnt/c/Windows/System32/Wbem:/mnt/c/Windows/System32/WindowsPowerShell/v1.0/:/mnt/c/Windows/System32/OpenSSH/:/mnt/c/Program Files (x86)/NVIDIA Corporation/PhysX/Common:/mnt/c/WINDOWS/system32:/mnt/c/WINDOWS:/mnt/c/WINDOWS/System32/Wbem:/mnt/c/WINDOWS/System32/WindowsPowerShell/v1.0/:/mnt/c/WINDOWS/System32/OpenSSH/:/mnt/c/Program Files/dotnet/:/mnt/c/Program Files/NVIDIA Corporation/NVIDIA App/NvDLISR:/mnt/c/Program Files/Git/cmd:/mnt/c/Users/chris/AppData/Local/Microsoft/WindowsApps:/mnt/c/Users/chris/AppData/Local/Programs/Microsoft VS Code/bin:/snap/bin:/root/.vscode-server/extensions/ms-python.debugpy-2025.10.0-linux-x64/bundled/scripts/noConfigScripts:/root/.vscode-server/data/User/globalStorage/github.copilot-chat/debugCommand'), ('WT_SESSION', '402ded2a-7e1d-4116-8c7a-81d3b47e82bd'), ('XDG_RUNTIME_DIR', '/run/user/0/'), ('DISPLAY', ':0'), ('VSCODE_DEBUGPY_ADAPTER_ENDPOINTS', '/root/.vscode-server/extensions/ms-python.debugpy-2025.10.0-linux-x64/.noConfigDebugAdapterEndpoints/endpoint-d6e2528f5321a076.txt'), ('LANG', 'en_US.UTF-8'), ('LS_COLORS', 'rs=0:di=01;34:ln=01;36:mh=00:pi=40;33:so=01;35:do=01;35:bd=40;33;01:cd=40;33;01:or=40;31;01:mi=00:su=37;41:sg=30;43:ca=30;41:tw=30;42:ow=34;42:st=37;44:ex=01;32:*.tar=01;31:*.tgz=01;31:*.arc=01;31:*.arj=01;31:*.taz=01;31:*.lha=01;31:*.lz4=01;31:*.lzh=01;31:*.lzma=01;31:*.tlz=01;31:*.txz=01;31:*.tzo=01;31:*.t7z=01;31:*.zip=01;31:*.z=01;31:*.dz=01;31:*.gz=01;31:*.lrz=01;31:*.lz=01;31:*.lzo=01;31:*.xz=01;31:*.zst=01;31:*.tzst=01;31:*.bz2=01;31:*.bz=01;31:*.tbz=01;31:*.tbz2=01;31:*.tz=01;31:*.deb=01;31:*.rpm=01;31:*.jar=01;31:*.war=01;31:*.ear=01;31:*.sar=01;31:*.rar=01;31:*.alz=01;31:*.ace=01;31:*.zoo=01;31:*.cpio=01;31:*.7z=01;31:*.rz=01;31:*.cab=01;31:*.wim=01;31:*.swm=01;31:*.dwm=01;31:*.esd=01;31:*.jpg=01;35:*.jpeg=01;35:*.mjpg=01;35:*.mjpeg=01;35:*.gif=01;35:*.bmp=01;35:*.pbm=01;35:*.pgm=01;35:*.ppm=01;35:*.tga=01;35:*.xbm=01;35:*.xpm=01;35:*.tif=01;35:*.tiff=01;35:*.png=01;35:*.svg=01;35:*.svgz=01;35:*.mng=01;35:*.pcx=01;35:*.mov=01;35:*.mpg=01;35:*.mpeg=01;35:*.m2v=01;35:*.mkv=01;35:*.webm=01;35:*.webp=01;35:*.ogm=01;35:*.mp4=01;35:*.m4v=01;35:*.mp4v=01;35:*.vob=01;35:*.qt=01;35:*.nuv=01;35:*.wmv=01;35:*.asf=01;35:*.rm=01;35:*.rmvb=01;35:*.flc=01;35:*.avi=01;35:*.fli=01;35:*.flv=01;35:*.gl=01;35:*.dl=01;35:*.xcf=01;35:*.xwd=01;35:*.yuv=01;35:*.cgm=01;35:*.emf=01;35:*.ogv=01;35:*.ogx=01;35:*.aac=00;36:*.au=00;36:*.flac=00;36:*.m4a=00;36:*.mid=00;36:*.midi=00;36:*.mka=00;36:*.mp3=00;36:*.mpc=00;36:*.ogg=00;36:*.ra=00;36:*.wav=00;36:*.oga=00;36:*.opus=00;36:*.spx=00;36:*.xspf=00;36:'), ('VSCODE_GIT_IPC_HANDLE', '/run/user/0/vscode-git-c1d1440c90.sock'), ('TERM_PROGRAM', 'vscode'), ('AMENT_PREFIX_PATH', '/root/ws_sensor_combined/install/px4_ros_com:/root/ws_sensor_combined/install/example_mode_with_executor_cpp:/root/ws_sensor_combined/install/example_mode_vtol_cpp:/root/ws_sensor_combined/install/example_mode_rtl_replacement_cpp:/root/ws_sensor_combined/install/example_mode_manual_cpp:/root/ws_sensor_combined/install/example_mode_goto_global_cpp:/root/ws_sensor_combined/install/example_mode_goto_cpp:/root/ws_sensor_combined/install/example_mode_fw_attitude_cpp:/root/ws_sensor_combined/install/example_local_navigation_cpp:/root/ws_sensor_combined/install/example_global_navigation_cpp:/root/ws_sensor_combined/install/example_executor_with_multiple_modes_cpp:/root/ws_sensor_combined/install/px4_ros2_cpp:/root/ws_sensor_combined/install/px4_msgs:/opt/ros/humble'), ('SHELL', '/bin/bash'), ('LESSCLOSE', '/usr/bin/lesspipe %s %s'), ('VSCODE_GIT_ASKPASS_EXTRA_ARGS', ''), ('PWD', '/root/ws_sensor_combined/build/example_global_navigation_cpp'), ('XDG_DATA_DIRS', '/usr/local/share:/usr/share:/var/lib/snapd/desktop'), ('PYTHONPATH', '/root/ws_sensor_combined/install/px4_ros_com/local/lib/python3.10/dist-packages:/root/ws_sensor_combined/install/px4_msgs/local/lib/python3.10/dist-packages:/opt/ros/humble/lib/python3.10/site-packages:/opt/ros/humble/local/lib/python3.10/dist-packages'), ('COLCON', '1'), ('WSL2_GUI_APPS_ENABLED', '1'), ('HOSTTYPE', 'x86_64'), ('CMAKE_PREFIX_PATH', '/root/ws_sensor_combined/install/px4_ros2_cpp:/root/ws_sensor_combined/install/px4_msgs:/root/ws_sensor_combined/install/px4_ros_com:/root/ws_sensor_combined/install/example_mode_with_executor_cpp:/root/ws_sensor_combined/install/example_mode_vtol_cpp:/root/ws_sensor_combined/install/example_mode_rtl_replacement_cpp:/root/ws_sensor_combined/install/example_mode_manual_cpp:/root/ws_sensor_combined/install/example_mode_goto_global_cpp:/root/ws_sensor_combined/install/example_mode_goto_cpp:/root/ws_sensor_combined/install/example_mode_fw_attitude_cpp:/root/ws_sensor_combined/install/example_local_navigation_cpp:/root/ws_sensor_combined/install/example_global_navigation_cpp:/root/ws_sensor_combined/install/example_executor_with_multiple_modes_cpp:/opt/ros/humble'), ('WSLENV', 'ELECTRON_RUN_AS_NODE/w:WT_SESSION:WT_PROFILE_ID:')]), 'shell': False}
[1.951261] (px4_ros_com) StdoutLine: {'line': b'-- Found rosidl_generator_c: 3.1.7 (/opt/ros/humble/share/rosidl_generator_c/cmake)\n'}
[1.952700] (example_local_navigation_cpp) CommandEnded: {'returncode': 0}
[1.953912] (example_mode_goto_cpp) StdoutLine: {'line': b'[100%] Built target example_mode_goto\n'}
[1.955507] (example_local_navigation_cpp) JobProgress: {'identifier': 'example_local_navigation_cpp', 'progress': 'install'}
[1.957267] (example_local_navigation_cpp) Command: {'cmd': ['/usr/bin/cmake', '--install', '/root/ws_sensor_combined/build/example_local_navigation_cpp'], 'cwd': '/root/ws_sensor_combined/build/example_local_navigation_cpp', 'env': OrderedDict([('LESSOPEN', '| /usr/bin/lesspipe %s'), ('USER', 'root'), ('GIT_ASKPASS', '/root/.vscode-server/bin/360a4e4fd251bfce169a4ddf857c7d25d1ad40da/extensions/git/dist/askpass.sh'), ('SHLVL', '2'), ('LD_LIBRARY_PATH', '/root/ws_sensor_combined/install/px4_ros2_cpp/lib:/root/ws_sensor_combined/install/px4_msgs/lib:/root/ws_sensor_combined/install/px4_ros_com/lib:/opt/ros/humble/opt/rviz_ogre_vendor/lib:/opt/ros/humble/lib/x86_64-linux-gnu:/opt/ros/humble/lib'), ('WT_PROFILE_ID', '{4ff56d04-d9cf-57ea-bae2-ad396374e7e3}'), ('HOME', '/root'), ('TERM_PROGRAM_VERSION', '1.103.1'), ('VSCODE_IPC_HOOK_CLI', '/run/user/0/vscode-ipc-7c4c6447-ae3c-495f-b12e-4b258fca685d.sock'), ('ROS_PYTHON_VERSION', '3'), ('VSCODE_GIT_ASKPASS_MAIN', '/root/.vscode-server/bin/360a4e4fd251bfce169a4ddf857c7d25d1ad40da/extensions/git/dist/askpass-main.js'), ('VSCODE_GIT_ASKPASS_NODE', '/root/.vscode-server/bin/360a4e4fd251bfce169a4ddf857c7d25d1ad40da/node'), ('PYDEVD_DISABLE_FILE_VALIDATION', '1'), ('BUNDLED_DEBUGPY_PATH', '/root/.vscode-server/extensions/ms-python.debugpy-2025.10.0-linux-x64/bundled/libs/debugpy'), ('DBUS_SESSION_BUS_ADDRESS', 'unix:path=/run/user/0/bus'), ('COLORTERM', 'truecolor'), ('WSL_DISTRO_NAME', 'Ubuntu-22.04'), ('DEBUGINFOD_URLS', ''), ('WAYLAND_DISPLAY', 'wayland-0'), ('COLCON_PREFIX_PATH', '/root/ws_sensor_combined/install'), ('ROS_DISTRO', 'humble'), ('LOGNAME', 'root'), ('NAME', 'Code'), ('WSL_INTEROP', '/run/WSL/487_interop'), ('PULSE_SERVER', 'unix:/mnt/wslg/PulseServer'), ('_', '/usr/bin/colcon'), ('ROS_VERSION', '2'), ('TERM', 'xterm-256color'), ('ROS_LOCALHOST_ONLY', '0'), ('PATH', '/root/.vscode-server/bin/360a4e4fd251bfce169a4ddf857c7d25d1ad40da/bin/remote-cli:/opt/ros/humble/bin:/usr/local/sbin:/usr/local/bin:/usr/sbin:/usr/bin:/sbin:/bin:/usr/games:/usr/local/games:/usr/lib/wsl/lib:/mnt/c/Windows/system32:/mnt/c/Windows:/mnt/c/Windows/System32/Wbem:/mnt/c/Windows/System32/WindowsPowerShell/v1.0/:/mnt/c/Windows/System32/OpenSSH/:/mnt/c/Program Files (x86)/NVIDIA Corporation/PhysX/Common:/mnt/c/WINDOWS/system32:/mnt/c/WINDOWS:/mnt/c/WINDOWS/System32/Wbem:/mnt/c/WINDOWS/System32/WindowsPowerShell/v1.0/:/mnt/c/WINDOWS/System32/OpenSSH/:/mnt/c/Program Files/dotnet/:/mnt/c/Program Files/NVIDIA Corporation/NVIDIA App/NvDLISR:/mnt/c/Program Files/Git/cmd:/mnt/c/Users/chris/AppData/Local/Microsoft/WindowsApps:/mnt/c/Users/chris/AppData/Local/Programs/Microsoft VS Code/bin:/snap/bin:/root/.vscode-server/extensions/ms-python.debugpy-2025.10.0-linux-x64/bundled/scripts/noConfigScripts:/root/.vscode-server/data/User/globalStorage/github.copilot-chat/debugCommand'), ('WT_SESSION', '402ded2a-7e1d-4116-8c7a-81d3b47e82bd'), ('XDG_RUNTIME_DIR', '/run/user/0/'), ('DISPLAY', ':0'), ('VSCODE_DEBUGPY_ADAPTER_ENDPOINTS', '/root/.vscode-server/extensions/ms-python.debugpy-2025.10.0-linux-x64/.noConfigDebugAdapterEndpoints/endpoint-d6e2528f5321a076.txt'), ('LANG', 'en_US.UTF-8'), ('LS_COLORS', 'rs=0:di=01;34:ln=01;36:mh=00:pi=40;33:so=01;35:do=01;35:bd=40;33;01:cd=40;33;01:or=40;31;01:mi=00:su=37;41:sg=30;43:ca=30;41:tw=30;42:ow=34;42:st=37;44:ex=01;32:*.tar=01;31:*.tgz=01;31:*.arc=01;31:*.arj=01;31:*.taz=01;31:*.lha=01;31:*.lz4=01;31:*.lzh=01;31:*.lzma=01;31:*.tlz=01;31:*.txz=01;31:*.tzo=01;31:*.t7z=01;31:*.zip=01;31:*.z=01;31:*.dz=01;31:*.gz=01;31:*.lrz=01;31:*.lz=01;31:*.lzo=01;31:*.xz=01;31:*.zst=01;31:*.tzst=01;31:*.bz2=01;31:*.bz=01;31:*.tbz=01;31:*.tbz2=01;31:*.tz=01;31:*.deb=01;31:*.rpm=01;31:*.jar=01;31:*.war=01;31:*.ear=01;31:*.sar=01;31:*.rar=01;31:*.alz=01;31:*.ace=01;31:*.zoo=01;31:*.cpio=01;31:*.7z=01;31:*.rz=01;31:*.cab=01;31:*.wim=01;31:*.swm=01;31:*.dwm=01;31:*.esd=01;31:*.jpg=01;35:*.jpeg=01;35:*.mjpg=01;35:*.mjpeg=01;35:*.gif=01;35:*.bmp=01;35:*.pbm=01;35:*.pgm=01;35:*.ppm=01;35:*.tga=01;35:*.xbm=01;35:*.xpm=01;35:*.tif=01;35:*.tiff=01;35:*.png=01;35:*.svg=01;35:*.svgz=01;35:*.mng=01;35:*.pcx=01;35:*.mov=01;35:*.mpg=01;35:*.mpeg=01;35:*.m2v=01;35:*.mkv=01;35:*.webm=01;35:*.webp=01;35:*.ogm=01;35:*.mp4=01;35:*.m4v=01;35:*.mp4v=01;35:*.vob=01;35:*.qt=01;35:*.nuv=01;35:*.wmv=01;35:*.asf=01;35:*.rm=01;35:*.rmvb=01;35:*.flc=01;35:*.avi=01;35:*.fli=01;35:*.flv=01;35:*.gl=01;35:*.dl=01;35:*.xcf=01;35:*.xwd=01;35:*.yuv=01;35:*.cgm=01;35:*.emf=01;35:*.ogv=01;35:*.ogx=01;35:*.aac=00;36:*.au=00;36:*.flac=00;36:*.m4a=00;36:*.mid=00;36:*.midi=00;36:*.mka=00;36:*.mp3=00;36:*.mpc=00;36:*.ogg=00;36:*.ra=00;36:*.wav=00;36:*.oga=00;36:*.opus=00;36:*.spx=00;36:*.xspf=00;36:'), ('VSCODE_GIT_IPC_HANDLE', '/run/user/0/vscode-git-c1d1440c90.sock'), ('TERM_PROGRAM', 'vscode'), ('AMENT_PREFIX_PATH', '/root/ws_sensor_combined/install/px4_ros_com:/root/ws_sensor_combined/install/example_mode_with_executor_cpp:/root/ws_sensor_combined/install/example_mode_vtol_cpp:/root/ws_sensor_combined/install/example_mode_rtl_replacement_cpp:/root/ws_sensor_combined/install/example_mode_manual_cpp:/root/ws_sensor_combined/install/example_mode_goto_global_cpp:/root/ws_sensor_combined/install/example_mode_goto_cpp:/root/ws_sensor_combined/install/example_mode_fw_attitude_cpp:/root/ws_sensor_combined/install/example_local_navigation_cpp:/root/ws_sensor_combined/install/example_global_navigation_cpp:/root/ws_sensor_combined/install/example_executor_with_multiple_modes_cpp:/root/ws_sensor_combined/install/px4_ros2_cpp:/root/ws_sensor_combined/install/px4_msgs:/opt/ros/humble'), ('SHELL', '/bin/bash'), ('LESSCLOSE', '/usr/bin/lesspipe %s %s'), ('VSCODE_GIT_ASKPASS_EXTRA_ARGS', ''), ('PWD', '/root/ws_sensor_combined/build/example_local_navigation_cpp'), ('XDG_DATA_DIRS', '/usr/local/share:/usr/share:/var/lib/snapd/desktop'), ('PYTHONPATH', '/root/ws_sensor_combined/install/px4_ros_com/local/lib/python3.10/dist-packages:/root/ws_sensor_combined/install/px4_msgs/local/lib/python3.10/dist-packages:/opt/ros/humble/lib/python3.10/site-packages:/opt/ros/humble/local/lib/python3.10/dist-packages'), ('COLCON', '1'), ('WSL2_GUI_APPS_ENABLED', '1'), ('HOSTTYPE', 'x86_64'), ('CMAKE_PREFIX_PATH', '/root/ws_sensor_combined/install/px4_ros2_cpp:/root/ws_sensor_combined/install/px4_msgs:/root/ws_sensor_combined/install/px4_ros_com:/root/ws_sensor_combined/install/example_mode_with_executor_cpp:/root/ws_sensor_combined/install/example_mode_vtol_cpp:/root/ws_sensor_combined/install/example_mode_rtl_replacement_cpp:/root/ws_sensor_combined/install/example_mode_manual_cpp:/root/ws_sensor_combined/install/example_mode_goto_global_cpp:/root/ws_sensor_combined/install/example_mode_goto_cpp:/root/ws_sensor_combined/install/example_mode_fw_attitude_cpp:/root/ws_sensor_combined/install/example_local_navigation_cpp:/root/ws_sensor_combined/install/example_global_navigation_cpp:/root/ws_sensor_combined/install/example_executor_with_multiple_modes_cpp:/opt/ros/humble'), ('WSLENV', 'ELECTRON_RUN_AS_NODE/w:WT_SESSION:WT_PROFILE_ID:')]), 'shell': False}
[1.958537] (example_executor_with_multiple_modes_cpp) StdoutLine: {'line': b'-- Install configuration: ""\n'}
[1.959463] (example_executor_with_multiple_modes_cpp) StdoutLine: {'line': b'-- Up-to-date: /root/ws_sensor_combined/install/example_executor_with_multiple_modes_cpp/lib/example_executor_with_multiple_modes_cpp/example_executor_with_multiple_modes\n'}
[1.959586] (example_executor_with_multiple_modes_cpp) StdoutLine: {'line': b'-- Up-to-date: /root/ws_sensor_combined/install/example_executor_with_multiple_modes_cpp/share/ament_index/resource_index/package_run_dependencies/example_executor_with_multiple_modes_cpp\n'}
[1.959684] (example_executor_with_multiple_modes_cpp) StdoutLine: {'line': b'-- Up-to-date: /root/ws_sensor_combined/install/example_executor_with_multiple_modes_cpp/share/ament_index/resource_index/parent_prefix_path/example_executor_with_multiple_modes_cpp\n'}
[1.960970] (example_executor_with_multiple_modes_cpp) StdoutLine: {'line': b'-- Up-to-date: /root/ws_sensor_combined/install/example_executor_with_multiple_modes_cpp/share/example_executor_with_multiple_modes_cpp/environment/ament_prefix_path.sh\n'}
[1.962094] (example_executor_with_multiple_modes_cpp) StdoutLine: {'line': b'-- Up-to-date: /root/ws_sensor_combined/install/example_executor_with_multiple_modes_cpp/share/example_executor_with_multiple_modes_cpp/environment/ament_prefix_path.dsv\n'}
[1.963122] (px4_ros_com) StdoutLine: {'line': b'-- Found rosidl_adapter: 3.1.7 (/opt/ros/humble/share/rosidl_adapter/cmake)\n'}
[1.963221] (example_executor_with_multiple_modes_cpp) StdoutLine: {'line': b'-- Up-to-date: /root/ws_sensor_combined/install/example_executor_with_multiple_modes_cpp/share/example_executor_with_multiple_modes_cpp/environment/path.sh\n'}
[1.963622] (example_executor_with_multiple_modes_cpp) StdoutLine: {'line': b'-- Up-to-date: /root/ws_sensor_combined/install/example_executor_with_multiple_modes_cpp/share/example_executor_with_multiple_modes_cpp/environment/path.dsv\n'}
[1.963948] (example_executor_with_multiple_modes_cpp) StdoutLine: {'line': b'-- Up-to-date: /root/ws_sensor_combined/install/example_executor_with_multiple_modes_cpp/share/example_executor_with_multiple_modes_cpp/local_setup.bash\n'}
[1.964019] (example_executor_with_multiple_modes_cpp) StdoutLine: {'line': b'-- Up-to-date: /root/ws_sensor_combined/install/example_executor_with_multiple_modes_cpp/share/example_executor_with_multiple_modes_cpp/local_setup.sh\n'}
[1.964117] (example_executor_with_multiple_modes_cpp) StdoutLine: {'line': b'-- Up-to-date: /root/ws_sensor_combined/install/example_executor_with_multiple_modes_cpp/share/example_executor_with_multiple_modes_cpp/local_setup.zsh\n'}
[1.964502] (example_executor_with_multiple_modes_cpp) StdoutLine: {'line': b'-- Up-to-date: /root/ws_sensor_combined/install/example_executor_with_multiple_modes_cpp/share/example_executor_with_multiple_modes_cpp/local_setup.dsv\n'}
[1.964595] (example_executor_with_multiple_modes_cpp) StdoutLine: {'line': b'-- Installing: /root/ws_sensor_combined/install/example_executor_with_multiple_modes_cpp/share/example_executor_with_multiple_modes_cpp/package.dsv\n'}
[1.964683] (example_executor_with_multiple_modes_cpp) StdoutLine: {'line': b'-- Up-to-date: /root/ws_sensor_combined/install/example_executor_with_multiple_modes_cpp/share/ament_index/resource_index/packages/example_executor_with_multiple_modes_cpp\n'}
[1.964843] (example_executor_with_multiple_modes_cpp) StdoutLine: {'line': b'-- Up-to-date: /root/ws_sensor_combined/install/example_executor_with_multiple_modes_cpp/share/example_executor_with_multiple_modes_cpp/cmake/example_executor_with_multiple_modes_cppConfig.cmake\n'}
[1.964928] (example_executor_with_multiple_modes_cpp) StdoutLine: {'line': b'-- Up-to-date: /root/ws_sensor_combined/install/example_executor_with_multiple_modes_cpp/share/example_executor_with_multiple_modes_cpp/cmake/example_executor_with_multiple_modes_cppConfig-version.cmake\n'}
[1.965002] (example_executor_with_multiple_modes_cpp) StdoutLine: {'line': b'-- Up-to-date: /root/ws_sensor_combined/install/example_executor_with_multiple_modes_cpp/share/example_executor_with_multiple_modes_cpp/package.xml\n'}
[1.965150] (example_mode_fw_attitude_cpp) StdoutLine: {'line': b'[100%] Built target example_mode_fw_attitude\n'}
[1.965986] (example_global_navigation_cpp) StdoutLine: {'line': b'-- Install configuration: ""\n'}
[1.966111] (example_global_navigation_cpp) StdoutLine: {'line': b'-- Up-to-date: /root/ws_sensor_combined/install/example_global_navigation_cpp/lib/example_global_navigation_cpp/example_global_navigation\n'}
[1.966200] (example_global_navigation_cpp) StdoutLine: {'line': b'-- Up-to-date: /root/ws_sensor_combined/install/example_global_navigation_cpp/share/ament_index/resource_index/package_run_dependencies/example_global_navigation_cpp\n'}
[1.966294] (example_global_navigation_cpp) StdoutLine: {'line': b'-- Up-to-date: /root/ws_sensor_combined/install/example_global_navigation_cpp/share/ament_index/resource_index/parent_prefix_path/example_global_navigation_cpp\n'}
[1.966379] (example_global_navigation_cpp) StdoutLine: {'line': b'-- Up-to-date: /root/ws_sensor_combined/install/example_global_navigation_cpp/share/example_global_navigation_cpp/environment/ament_prefix_path.sh\n'}
[1.966463] (example_global_navigation_cpp) StdoutLine: {'line': b'-- Up-to-date: /root/ws_sensor_combined/install/example_global_navigation_cpp/share/example_global_navigation_cpp/environment/ament_prefix_path.dsv\n'}
[1.966545] (example_global_navigation_cpp) StdoutLine: {'line': b'-- Up-to-date: /root/ws_sensor_combined/install/example_global_navigation_cpp/share/example_global_navigation_cpp/environment/path.sh\n'}
[1.966726] (example_global_navigation_cpp) StdoutLine: {'line': b'-- Up-to-date: /root/ws_sensor_combined/install/example_global_navigation_cpp/share/example_global_navigation_cpp/environment/path.dsv\n'}
[1.967079] (example_global_navigation_cpp) StdoutLine: {'line': b'-- Up-to-date: /root/ws_sensor_combined/install/example_global_navigation_cpp/share/example_global_navigation_cpp/local_setup.bash\n'}
[1.967411] (example_global_navigation_cpp) StdoutLine: {'line': b'-- Up-to-date: /root/ws_sensor_combined/install/example_global_navigation_cpp/share/example_global_navigation_cpp/local_setup.sh\n'}
[1.967530] (example_global_navigation_cpp) StdoutLine: {'line': b'-- Up-to-date: /root/ws_sensor_combined/install/example_global_navigation_cpp/share/example_global_navigation_cpp/local_setup.zsh\n'}
[1.967616] (example_global_navigation_cpp) StdoutLine: {'line': b'-- Up-to-date: /root/ws_sensor_combined/install/example_global_navigation_cpp/share/example_global_navigation_cpp/local_setup.dsv\n'}
[1.967700] (example_global_navigation_cpp) StdoutLine: {'line': b'-- Installing: /root/ws_sensor_combined/install/example_global_navigation_cpp/share/example_global_navigation_cpp/package.dsv\n'}
[1.968061] (example_global_navigation_cpp) StdoutLine: {'line': b'-- Up-to-date: /root/ws_sensor_combined/install/example_global_navigation_cpp/share/ament_index/resource_index/packages/example_global_navigation_cpp\n'}
[1.968151] (example_global_navigation_cpp) StdoutLine: {'line': b'-- Up-to-date: /root/ws_sensor_combined/install/example_global_navigation_cpp/share/example_global_navigation_cpp/cmake/example_global_navigation_cppConfig.cmake\n'}
[1.968236] (example_global_navigation_cpp) StdoutLine: {'line': b'-- Up-to-date: /root/ws_sensor_combined/install/example_global_navigation_cpp/share/example_global_navigation_cpp/cmake/example_global_navigation_cppConfig-version.cmake\n'}
[1.968296] (example_global_navigation_cpp) StdoutLine: {'line': b'-- Up-to-date: /root/ws_sensor_combined/install/example_global_navigation_cpp/share/example_global_navigation_cpp/package.xml\n'}
[1.968355] (example_executor_with_multiple_modes_cpp) CommandEnded: {'returncode': 0}
[1.968604] (example_local_navigation_cpp) StdoutLine: {'line': b'-- Install configuration: ""\n'}
[1.968699] (example_local_navigation_cpp) StdoutLine: {'line': b'-- Up-to-date: /root/ws_sensor_combined/install/example_local_navigation_cpp/lib/example_local_navigation_cpp/example_local_navigation\n'}
[1.968852] (example_local_navigation_cpp) StdoutLine: {'line': b'-- Up-to-date: /root/ws_sensor_combined/install/example_local_navigation_cpp/share/ament_index/resource_index/package_run_dependencies/example_local_navigation_cpp\n'}
[1.969295] (example_local_navigation_cpp) StdoutLine: {'line': b'-- Up-to-date: /root/ws_sensor_combined/install/example_local_navigation_cpp/share/ament_index/resource_index/parent_prefix_path/example_local_navigation_cpp\n'}
[1.969581] (example_local_navigation_cpp) StdoutLine: {'line': b'-- Up-to-date: /root/ws_sensor_combined/install/example_local_navigation_cpp/share/example_local_navigation_cpp/environment/ament_prefix_path.sh\n'}
[1.969696] (example_local_navigation_cpp) StdoutLine: {'line': b'-- Up-to-date: /root/ws_sensor_combined/install/example_local_navigation_cpp/share/example_local_navigation_cpp/environment/ament_prefix_path.dsv\n'}
[1.969761] (example_local_navigation_cpp) StdoutLine: {'line': b'-- Up-to-date: /root/ws_sensor_combined/install/example_local_navigation_cpp/share/example_local_navigation_cpp/environment/path.sh\n'}
[1.969848] (example_local_navigation_cpp) StdoutLine: {'line': b'-- Up-to-date: /root/ws_sensor_combined/install/example_local_navigation_cpp/share/example_local_navigation_cpp/environment/path.dsv\n'}
[1.969900] (example_local_navigation_cpp) StdoutLine: {'line': b'-- Up-to-date: /root/ws_sensor_combined/install/example_local_navigation_cpp/share/example_local_navigation_cpp/local_setup.bash\n'}
[1.970205] (example_local_navigation_cpp) StdoutLine: {'line': b'-- Up-to-date: /root/ws_sensor_combined/install/example_local_navigation_cpp/share/example_local_navigation_cpp/local_setup.sh\n'}
[1.970648] (example_local_navigation_cpp) StdoutLine: {'line': b'-- Up-to-date: /root/ws_sensor_combined/install/example_local_navigation_cpp/share/example_local_navigation_cpp/local_setup.zsh\n'}
[1.970973] (example_local_navigation_cpp) StdoutLine: {'line': b'-- Up-to-date: /root/ws_sensor_combined/install/example_local_navigation_cpp/share/example_local_navigation_cpp/local_setup.dsv\n'}
[1.971203] (example_local_navigation_cpp) StdoutLine: {'line': b'-- Installing: /root/ws_sensor_combined/install/example_local_navigation_cpp/share/example_local_navigation_cpp/package.dsv\n'}
[1.971427] (px4_ros_com) StdoutLine: {'line': b'-- Found rosidl_generator_cpp: 3.1.7 (/opt/ros/humble/share/rosidl_generator_cpp/cmake)\n'}
[1.971754] (example_local_navigation_cpp) StdoutLine: {'line': b'-- Up-to-date: /root/ws_sensor_combined/install/example_local_navigation_cpp/share/ament_index/resource_index/packages/example_local_navigation_cpp\n'}
[1.971994] (example_local_navigation_cpp) StdoutLine: {'line': b'-- Up-to-date: /root/ws_sensor_combined/install/example_local_navigation_cpp/share/example_local_navigation_cpp/cmake/example_local_navigation_cppConfig.cmake\n'}
[1.972230] (example_local_navigation_cpp) StdoutLine: {'line': b'-- Up-to-date: /root/ws_sensor_combined/install/example_local_navigation_cpp/share/example_local_navigation_cpp/cmake/example_local_navigation_cppConfig-version.cmake\n'}
[1.972464] (example_local_navigation_cpp) StdoutLine: {'line': b'-- Up-to-date: /root/ws_sensor_combined/install/example_local_navigation_cpp/share/example_local_navigation_cpp/package.xml\n'}
[1.982422] (example_executor_with_multiple_modes_cpp) JobEnded: {'identifier': 'example_executor_with_multiple_modes_cpp', 'rc': 0}
[1.982807] (example_mode_goto_global_cpp) CommandEnded: {'returncode': 0}
[1.983035] (example_mode_rtl_replacement_cpp) StdoutLine: {'line': b'[100%] Built target example_mode_rtl\n'}
[1.983299] (example_mode_vtol_cpp) StdoutLine: {'line': b'[100%] Built target example_mode_vtol\n'}
[1.984347] (example_mode_goto_global_cpp) JobProgress: {'identifier': 'example_mode_goto_global_cpp', 'progress': 'install'}
[1.985527] (example_mode_goto_global_cpp) Command: {'cmd': ['/usr/bin/cmake', '--install', '/root/ws_sensor_combined/build/example_mode_goto_global_cpp'], 'cwd': '/root/ws_sensor_combined/build/example_mode_goto_global_cpp', 'env': OrderedDict([('LESSOPEN', '| /usr/bin/lesspipe %s'), ('USER', 'root'), ('GIT_ASKPASS', '/root/.vscode-server/bin/360a4e4fd251bfce169a4ddf857c7d25d1ad40da/extensions/git/dist/askpass.sh'), ('SHLVL', '2'), ('LD_LIBRARY_PATH', '/root/ws_sensor_combined/install/px4_ros2_cpp/lib:/root/ws_sensor_combined/install/px4_msgs/lib:/root/ws_sensor_combined/install/px4_ros_com/lib:/opt/ros/humble/opt/rviz_ogre_vendor/lib:/opt/ros/humble/lib/x86_64-linux-gnu:/opt/ros/humble/lib'), ('WT_PROFILE_ID', '{4ff56d04-d9cf-57ea-bae2-ad396374e7e3}'), ('HOME', '/root'), ('TERM_PROGRAM_VERSION', '1.103.1'), ('VSCODE_IPC_HOOK_CLI', '/run/user/0/vscode-ipc-7c4c6447-ae3c-495f-b12e-4b258fca685d.sock'), ('ROS_PYTHON_VERSION', '3'), ('VSCODE_GIT_ASKPASS_MAIN', '/root/.vscode-server/bin/360a4e4fd251bfce169a4ddf857c7d25d1ad40da/extensions/git/dist/askpass-main.js'), ('VSCODE_GIT_ASKPASS_NODE', '/root/.vscode-server/bin/360a4e4fd251bfce169a4ddf857c7d25d1ad40da/node'), ('PYDEVD_DISABLE_FILE_VALIDATION', '1'), ('BUNDLED_DEBUGPY_PATH', '/root/.vscode-server/extensions/ms-python.debugpy-2025.10.0-linux-x64/bundled/libs/debugpy'), ('DBUS_SESSION_BUS_ADDRESS', 'unix:path=/run/user/0/bus'), ('COLORTERM', 'truecolor'), ('WSL_DISTRO_NAME', 'Ubuntu-22.04'), ('DEBUGINFOD_URLS', ''), ('WAYLAND_DISPLAY', 'wayland-0'), ('COLCON_PREFIX_PATH', '/root/ws_sensor_combined/install'), ('ROS_DISTRO', 'humble'), ('LOGNAME', 'root'), ('NAME', 'Code'), ('WSL_INTEROP', '/run/WSL/487_interop'), ('PULSE_SERVER', 'unix:/mnt/wslg/PulseServer'), ('_', '/usr/bin/colcon'), ('ROS_VERSION', '2'), ('TERM', 'xterm-256color'), ('ROS_LOCALHOST_ONLY', '0'), ('PATH', '/root/.vscode-server/bin/360a4e4fd251bfce169a4ddf857c7d25d1ad40da/bin/remote-cli:/opt/ros/humble/bin:/usr/local/sbin:/usr/local/bin:/usr/sbin:/usr/bin:/sbin:/bin:/usr/games:/usr/local/games:/usr/lib/wsl/lib:/mnt/c/Windows/system32:/mnt/c/Windows:/mnt/c/Windows/System32/Wbem:/mnt/c/Windows/System32/WindowsPowerShell/v1.0/:/mnt/c/Windows/System32/OpenSSH/:/mnt/c/Program Files (x86)/NVIDIA Corporation/PhysX/Common:/mnt/c/WINDOWS/system32:/mnt/c/WINDOWS:/mnt/c/WINDOWS/System32/Wbem:/mnt/c/WINDOWS/System32/WindowsPowerShell/v1.0/:/mnt/c/WINDOWS/System32/OpenSSH/:/mnt/c/Program Files/dotnet/:/mnt/c/Program Files/NVIDIA Corporation/NVIDIA App/NvDLISR:/mnt/c/Program Files/Git/cmd:/mnt/c/Users/chris/AppData/Local/Microsoft/WindowsApps:/mnt/c/Users/chris/AppData/Local/Programs/Microsoft VS Code/bin:/snap/bin:/root/.vscode-server/extensions/ms-python.debugpy-2025.10.0-linux-x64/bundled/scripts/noConfigScripts:/root/.vscode-server/data/User/globalStorage/github.copilot-chat/debugCommand'), ('WT_SESSION', '402ded2a-7e1d-4116-8c7a-81d3b47e82bd'), ('XDG_RUNTIME_DIR', '/run/user/0/'), ('DISPLAY', ':0'), ('VSCODE_DEBUGPY_ADAPTER_ENDPOINTS', '/root/.vscode-server/extensions/ms-python.debugpy-2025.10.0-linux-x64/.noConfigDebugAdapterEndpoints/endpoint-d6e2528f5321a076.txt'), ('LANG', 'en_US.UTF-8'), ('LS_COLORS', 'rs=0:di=01;34:ln=01;36:mh=00:pi=40;33:so=01;35:do=01;35:bd=40;33;01:cd=40;33;01:or=40;31;01:mi=00:su=37;41:sg=30;43:ca=30;41:tw=30;42:ow=34;42:st=37;44:ex=01;32:*.tar=01;31:*.tgz=01;31:*.arc=01;31:*.arj=01;31:*.taz=01;31:*.lha=01;31:*.lz4=01;31:*.lzh=01;31:*.lzma=01;31:*.tlz=01;31:*.txz=01;31:*.tzo=01;31:*.t7z=01;31:*.zip=01;31:*.z=01;31:*.dz=01;31:*.gz=01;31:*.lrz=01;31:*.lz=01;31:*.lzo=01;31:*.xz=01;31:*.zst=01;31:*.tzst=01;31:*.bz2=01;31:*.bz=01;31:*.tbz=01;31:*.tbz2=01;31:*.tz=01;31:*.deb=01;31:*.rpm=01;31:*.jar=01;31:*.war=01;31:*.ear=01;31:*.sar=01;31:*.rar=01;31:*.alz=01;31:*.ace=01;31:*.zoo=01;31:*.cpio=01;31:*.7z=01;31:*.rz=01;31:*.cab=01;31:*.wim=01;31:*.swm=01;31:*.dwm=01;31:*.esd=01;31:*.jpg=01;35:*.jpeg=01;35:*.mjpg=01;35:*.mjpeg=01;35:*.gif=01;35:*.bmp=01;35:*.pbm=01;35:*.pgm=01;35:*.ppm=01;35:*.tga=01;35:*.xbm=01;35:*.xpm=01;35:*.tif=01;35:*.tiff=01;35:*.png=01;35:*.svg=01;35:*.svgz=01;35:*.mng=01;35:*.pcx=01;35:*.mov=01;35:*.mpg=01;35:*.mpeg=01;35:*.m2v=01;35:*.mkv=01;35:*.webm=01;35:*.webp=01;35:*.ogm=01;35:*.mp4=01;35:*.m4v=01;35:*.mp4v=01;35:*.vob=01;35:*.qt=01;35:*.nuv=01;35:*.wmv=01;35:*.asf=01;35:*.rm=01;35:*.rmvb=01;35:*.flc=01;35:*.avi=01;35:*.fli=01;35:*.flv=01;35:*.gl=01;35:*.dl=01;35:*.xcf=01;35:*.xwd=01;35:*.yuv=01;35:*.cgm=01;35:*.emf=01;35:*.ogv=01;35:*.ogx=01;35:*.aac=00;36:*.au=00;36:*.flac=00;36:*.m4a=00;36:*.mid=00;36:*.midi=00;36:*.mka=00;36:*.mp3=00;36:*.mpc=00;36:*.ogg=00;36:*.ra=00;36:*.wav=00;36:*.oga=00;36:*.opus=00;36:*.spx=00;36:*.xspf=00;36:'), ('VSCODE_GIT_IPC_HANDLE', '/run/user/0/vscode-git-c1d1440c90.sock'), ('TERM_PROGRAM', 'vscode'), ('AMENT_PREFIX_PATH', '/root/ws_sensor_combined/install/px4_ros_com:/root/ws_sensor_combined/install/example_mode_with_executor_cpp:/root/ws_sensor_combined/install/example_mode_vtol_cpp:/root/ws_sensor_combined/install/example_mode_rtl_replacement_cpp:/root/ws_sensor_combined/install/example_mode_manual_cpp:/root/ws_sensor_combined/install/example_mode_goto_global_cpp:/root/ws_sensor_combined/install/example_mode_goto_cpp:/root/ws_sensor_combined/install/example_mode_fw_attitude_cpp:/root/ws_sensor_combined/install/example_local_navigation_cpp:/root/ws_sensor_combined/install/example_global_navigation_cpp:/root/ws_sensor_combined/install/example_executor_with_multiple_modes_cpp:/root/ws_sensor_combined/install/px4_ros2_cpp:/root/ws_sensor_combined/install/px4_msgs:/opt/ros/humble'), ('SHELL', '/bin/bash'), ('LESSCLOSE', '/usr/bin/lesspipe %s %s'), ('VSCODE_GIT_ASKPASS_EXTRA_ARGS', ''), ('PWD', '/root/ws_sensor_combined/build/example_mode_goto_global_cpp'), ('XDG_DATA_DIRS', '/usr/local/share:/usr/share:/var/lib/snapd/desktop'), ('PYTHONPATH', '/root/ws_sensor_combined/install/px4_ros_com/local/lib/python3.10/dist-packages:/root/ws_sensor_combined/install/px4_msgs/local/lib/python3.10/dist-packages:/opt/ros/humble/lib/python3.10/site-packages:/opt/ros/humble/local/lib/python3.10/dist-packages'), ('COLCON', '1'), ('WSL2_GUI_APPS_ENABLED', '1'), ('HOSTTYPE', 'x86_64'), ('CMAKE_PREFIX_PATH', '/root/ws_sensor_combined/install/px4_ros2_cpp:/root/ws_sensor_combined/install/px4_msgs:/root/ws_sensor_combined/install/px4_ros_com:/root/ws_sensor_combined/install/example_mode_with_executor_cpp:/root/ws_sensor_combined/install/example_mode_vtol_cpp:/root/ws_sensor_combined/install/example_mode_rtl_replacement_cpp:/root/ws_sensor_combined/install/example_mode_manual_cpp:/root/ws_sensor_combined/install/example_mode_goto_global_cpp:/root/ws_sensor_combined/install/example_mode_goto_cpp:/root/ws_sensor_combined/install/example_mode_fw_attitude_cpp:/root/ws_sensor_combined/install/example_local_navigation_cpp:/root/ws_sensor_combined/install/example_global_navigation_cpp:/root/ws_sensor_combined/install/example_executor_with_multiple_modes_cpp:/opt/ros/humble'), ('WSLENV', 'ELECTRON_RUN_AS_NODE/w:WT_SESSION:WT_PROFILE_ID:')]), 'shell': False}
[1.986503] (px4_ros_com) StdoutLine: {'line': b'-- Using all available rosidl_typesupport_c: rosidl_typesupport_fastrtps_c;rosidl_typesupport_introspection_c\n'}
[1.987788] (example_mode_with_executor_cpp) StdoutLine: {'line': b'[100%] Built target example_mode_with_executor\n'}
[1.989888] (example_mode_manual_cpp) StdoutLine: {'line': b'[100%] Built target example_mode_manual\n'}
[1.991413] (example_global_navigation_cpp) CommandEnded: {'returncode': 0}
[1.992656] (example_mode_goto_global_cpp) StdoutLine: {'line': b'-- Install configuration: ""\n'}
[1.993046] (example_mode_goto_global_cpp) StdoutLine: {'line': b'-- Up-to-date: /root/ws_sensor_combined/install/example_mode_goto_global_cpp/lib/example_mode_goto_global_cpp/example_mode_goto_global\n'}
[1.993145] (example_mode_goto_global_cpp) StdoutLine: {'line': b'-- Up-to-date: /root/ws_sensor_combined/install/example_mode_goto_global_cpp/share/ament_index/resource_index/package_run_dependencies/example_mode_goto_global_cpp\n'}
[1.993289] (example_mode_goto_global_cpp) StdoutLine: {'line': b'-- Up-to-date: /root/ws_sensor_combined/install/example_mode_goto_global_cpp/share/ament_index/resource_index/parent_prefix_path/example_mode_goto_global_cpp\n'}
[1.993382] (example_mode_goto_global_cpp) StdoutLine: {'line': b'-- Up-to-date: /root/ws_sensor_combined/install/example_mode_goto_global_cpp/share/example_mode_goto_global_cpp/environment/ament_prefix_path.sh\n'}
[1.993487] (example_mode_goto_global_cpp) StdoutLine: {'line': b'-- Up-to-date: /root/ws_sensor_combined/install/example_mode_goto_global_cpp/share/example_mode_goto_global_cpp/environment/ament_prefix_path.dsv\n'}
[1.993527] (example_mode_goto_global_cpp) StdoutLine: {'line': b'-- Up-to-date: /root/ws_sensor_combined/install/example_mode_goto_global_cpp/share/example_mode_goto_global_cpp/environment/path.sh\n'}
[1.993561] (example_mode_goto_global_cpp) StdoutLine: {'line': b'-- Up-to-date: /root/ws_sensor_combined/install/example_mode_goto_global_cpp/share/example_mode_goto_global_cpp/environment/path.dsv\n'}
[1.993592] (example_mode_goto_global_cpp) StdoutLine: {'line': b'-- Up-to-date: /root/ws_sensor_combined/install/example_mode_goto_global_cpp/share/example_mode_goto_global_cpp/local_setup.bash\n'}
[1.993618] (example_mode_goto_global_cpp) StdoutLine: {'line': b'-- Up-to-date: /root/ws_sensor_combined/install/example_mode_goto_global_cpp/share/example_mode_goto_global_cpp/local_setup.sh\n'}
[1.993642] (example_mode_goto_global_cpp) StdoutLine: {'line': b'-- Up-to-date: /root/ws_sensor_combined/install/example_mode_goto_global_cpp/share/example_mode_goto_global_cpp/local_setup.zsh\n'}
[1.993705] (example_mode_goto_global_cpp) StdoutLine: {'line': b'-- Up-to-date: /root/ws_sensor_combined/install/example_mode_goto_global_cpp/share/example_mode_goto_global_cpp/local_setup.dsv\n'}
[1.993742] (example_mode_goto_global_cpp) StdoutLine: {'line': b'-- Installing: /root/ws_sensor_combined/install/example_mode_goto_global_cpp/share/example_mode_goto_global_cpp/package.dsv\n'}
[1.993949] (example_mode_goto_global_cpp) StdoutLine: {'line': b'-- Up-to-date: /root/ws_sensor_combined/install/example_mode_goto_global_cpp/share/ament_index/resource_index/packages/example_mode_goto_global_cpp\n'}
[1.994035] (example_mode_goto_global_cpp) StdoutLine: {'line': b'-- Up-to-date: /root/ws_sensor_combined/install/example_mode_goto_global_cpp/share/example_mode_goto_global_cpp/cmake/example_mode_goto_global_cppConfig.cmake\n'}
[1.994099] (example_mode_goto_global_cpp) StdoutLine: {'line': b'-- Up-to-date: /root/ws_sensor_combined/install/example_mode_goto_global_cpp/share/example_mode_goto_global_cpp/cmake/example_mode_goto_global_cppConfig-version.cmake\n'}
[1.994162] (example_mode_goto_global_cpp) StdoutLine: {'line': b'-- Up-to-date: /root/ws_sensor_combined/install/example_mode_goto_global_cpp/share/example_mode_goto_global_cpp/package.xml\n'}
[2.003750] (example_global_navigation_cpp) JobEnded: {'identifier': 'example_global_navigation_cpp', 'rc': 0}
[2.004073] (example_mode_goto_cpp) CommandEnded: {'returncode': 0}
[2.004588] (px4_ros_com) StdoutLine: {'line': b'-- Using all available rosidl_typesupport_cpp: rosidl_typesupport_fastrtps_cpp;rosidl_typesupport_introspection_cpp\n'}
[2.005421] (example_mode_goto_cpp) JobProgress: {'identifier': 'example_mode_goto_cpp', 'progress': 'install'}
[2.005692] (example_mode_goto_cpp) Command: {'cmd': ['/usr/bin/cmake', '--install', '/root/ws_sensor_combined/build/example_mode_goto_cpp'], 'cwd': '/root/ws_sensor_combined/build/example_mode_goto_cpp', 'env': OrderedDict([('LESSOPEN', '| /usr/bin/lesspipe %s'), ('USER', 'root'), ('GIT_ASKPASS', '/root/.vscode-server/bin/360a4e4fd251bfce169a4ddf857c7d25d1ad40da/extensions/git/dist/askpass.sh'), ('SHLVL', '2'), ('LD_LIBRARY_PATH', '/root/ws_sensor_combined/install/px4_ros2_cpp/lib:/root/ws_sensor_combined/install/px4_msgs/lib:/root/ws_sensor_combined/install/px4_ros_com/lib:/opt/ros/humble/opt/rviz_ogre_vendor/lib:/opt/ros/humble/lib/x86_64-linux-gnu:/opt/ros/humble/lib'), ('WT_PROFILE_ID', '{4ff56d04-d9cf-57ea-bae2-ad396374e7e3}'), ('HOME', '/root'), ('TERM_PROGRAM_VERSION', '1.103.1'), ('VSCODE_IPC_HOOK_CLI', '/run/user/0/vscode-ipc-7c4c6447-ae3c-495f-b12e-4b258fca685d.sock'), ('ROS_PYTHON_VERSION', '3'), ('VSCODE_GIT_ASKPASS_MAIN', '/root/.vscode-server/bin/360a4e4fd251bfce169a4ddf857c7d25d1ad40da/extensions/git/dist/askpass-main.js'), ('VSCODE_GIT_ASKPASS_NODE', '/root/.vscode-server/bin/360a4e4fd251bfce169a4ddf857c7d25d1ad40da/node'), ('PYDEVD_DISABLE_FILE_VALIDATION', '1'), ('BUNDLED_DEBUGPY_PATH', '/root/.vscode-server/extensions/ms-python.debugpy-2025.10.0-linux-x64/bundled/libs/debugpy'), ('DBUS_SESSION_BUS_ADDRESS', 'unix:path=/run/user/0/bus'), ('COLORTERM', 'truecolor'), ('WSL_DISTRO_NAME', 'Ubuntu-22.04'), ('DEBUGINFOD_URLS', ''), ('WAYLAND_DISPLAY', 'wayland-0'), ('COLCON_PREFIX_PATH', '/root/ws_sensor_combined/install'), ('ROS_DISTRO', 'humble'), ('LOGNAME', 'root'), ('NAME', 'Code'), ('WSL_INTEROP', '/run/WSL/487_interop'), ('PULSE_SERVER', 'unix:/mnt/wslg/PulseServer'), ('_', '/usr/bin/colcon'), ('ROS_VERSION', '2'), ('TERM', 'xterm-256color'), ('ROS_LOCALHOST_ONLY', '0'), ('PATH', '/root/.vscode-server/bin/360a4e4fd251bfce169a4ddf857c7d25d1ad40da/bin/remote-cli:/opt/ros/humble/bin:/usr/local/sbin:/usr/local/bin:/usr/sbin:/usr/bin:/sbin:/bin:/usr/games:/usr/local/games:/usr/lib/wsl/lib:/mnt/c/Windows/system32:/mnt/c/Windows:/mnt/c/Windows/System32/Wbem:/mnt/c/Windows/System32/WindowsPowerShell/v1.0/:/mnt/c/Windows/System32/OpenSSH/:/mnt/c/Program Files (x86)/NVIDIA Corporation/PhysX/Common:/mnt/c/WINDOWS/system32:/mnt/c/WINDOWS:/mnt/c/WINDOWS/System32/Wbem:/mnt/c/WINDOWS/System32/WindowsPowerShell/v1.0/:/mnt/c/WINDOWS/System32/OpenSSH/:/mnt/c/Program Files/dotnet/:/mnt/c/Program Files/NVIDIA Corporation/NVIDIA App/NvDLISR:/mnt/c/Program Files/Git/cmd:/mnt/c/Users/chris/AppData/Local/Microsoft/WindowsApps:/mnt/c/Users/chris/AppData/Local/Programs/Microsoft VS Code/bin:/snap/bin:/root/.vscode-server/extensions/ms-python.debugpy-2025.10.0-linux-x64/bundled/scripts/noConfigScripts:/root/.vscode-server/data/User/globalStorage/github.copilot-chat/debugCommand'), ('WT_SESSION', '402ded2a-7e1d-4116-8c7a-81d3b47e82bd'), ('XDG_RUNTIME_DIR', '/run/user/0/'), ('DISPLAY', ':0'), ('VSCODE_DEBUGPY_ADAPTER_ENDPOINTS', '/root/.vscode-server/extensions/ms-python.debugpy-2025.10.0-linux-x64/.noConfigDebugAdapterEndpoints/endpoint-d6e2528f5321a076.txt'), ('LANG', 'en_US.UTF-8'), ('LS_COLORS', 'rs=0:di=01;34:ln=01;36:mh=00:pi=40;33:so=01;35:do=01;35:bd=40;33;01:cd=40;33;01:or=40;31;01:mi=00:su=37;41:sg=30;43:ca=30;41:tw=30;42:ow=34;42:st=37;44:ex=01;32:*.tar=01;31:*.tgz=01;31:*.arc=01;31:*.arj=01;31:*.taz=01;31:*.lha=01;31:*.lz4=01;31:*.lzh=01;31:*.lzma=01;31:*.tlz=01;31:*.txz=01;31:*.tzo=01;31:*.t7z=01;31:*.zip=01;31:*.z=01;31:*.dz=01;31:*.gz=01;31:*.lrz=01;31:*.lz=01;31:*.lzo=01;31:*.xz=01;31:*.zst=01;31:*.tzst=01;31:*.bz2=01;31:*.bz=01;31:*.tbz=01;31:*.tbz2=01;31:*.tz=01;31:*.deb=01;31:*.rpm=01;31:*.jar=01;31:*.war=01;31:*.ear=01;31:*.sar=01;31:*.rar=01;31:*.alz=01;31:*.ace=01;31:*.zoo=01;31:*.cpio=01;31:*.7z=01;31:*.rz=01;31:*.cab=01;31:*.wim=01;31:*.swm=01;31:*.dwm=01;31:*.esd=01;31:*.jpg=01;35:*.jpeg=01;35:*.mjpg=01;35:*.mjpeg=01;35:*.gif=01;35:*.bmp=01;35:*.pbm=01;35:*.pgm=01;35:*.ppm=01;35:*.tga=01;35:*.xbm=01;35:*.xpm=01;35:*.tif=01;35:*.tiff=01;35:*.png=01;35:*.svg=01;35:*.svgz=01;35:*.mng=01;35:*.pcx=01;35:*.mov=01;35:*.mpg=01;35:*.mpeg=01;35:*.m2v=01;35:*.mkv=01;35:*.webm=01;35:*.webp=01;35:*.ogm=01;35:*.mp4=01;35:*.m4v=01;35:*.mp4v=01;35:*.vob=01;35:*.qt=01;35:*.nuv=01;35:*.wmv=01;35:*.asf=01;35:*.rm=01;35:*.rmvb=01;35:*.flc=01;35:*.avi=01;35:*.fli=01;35:*.flv=01;35:*.gl=01;35:*.dl=01;35:*.xcf=01;35:*.xwd=01;35:*.yuv=01;35:*.cgm=01;35:*.emf=01;35:*.ogv=01;35:*.ogx=01;35:*.aac=00;36:*.au=00;36:*.flac=00;36:*.m4a=00;36:*.mid=00;36:*.midi=00;36:*.mka=00;36:*.mp3=00;36:*.mpc=00;36:*.ogg=00;36:*.ra=00;36:*.wav=00;36:*.oga=00;36:*.opus=00;36:*.spx=00;36:*.xspf=00;36:'), ('VSCODE_GIT_IPC_HANDLE', '/run/user/0/vscode-git-c1d1440c90.sock'), ('TERM_PROGRAM', 'vscode'), ('AMENT_PREFIX_PATH', '/root/ws_sensor_combined/install/px4_ros_com:/root/ws_sensor_combined/install/example_mode_with_executor_cpp:/root/ws_sensor_combined/install/example_mode_vtol_cpp:/root/ws_sensor_combined/install/example_mode_rtl_replacement_cpp:/root/ws_sensor_combined/install/example_mode_manual_cpp:/root/ws_sensor_combined/install/example_mode_goto_global_cpp:/root/ws_sensor_combined/install/example_mode_goto_cpp:/root/ws_sensor_combined/install/example_mode_fw_attitude_cpp:/root/ws_sensor_combined/install/example_local_navigation_cpp:/root/ws_sensor_combined/install/example_global_navigation_cpp:/root/ws_sensor_combined/install/example_executor_with_multiple_modes_cpp:/root/ws_sensor_combined/install/px4_ros2_cpp:/root/ws_sensor_combined/install/px4_msgs:/opt/ros/humble'), ('SHELL', '/bin/bash'), ('LESSCLOSE', '/usr/bin/lesspipe %s %s'), ('VSCODE_GIT_ASKPASS_EXTRA_ARGS', ''), ('PWD', '/root/ws_sensor_combined/build/example_mode_goto_cpp'), ('XDG_DATA_DIRS', '/usr/local/share:/usr/share:/var/lib/snapd/desktop'), ('PYTHONPATH', '/root/ws_sensor_combined/install/px4_ros_com/local/lib/python3.10/dist-packages:/root/ws_sensor_combined/install/px4_msgs/local/lib/python3.10/dist-packages:/opt/ros/humble/lib/python3.10/site-packages:/opt/ros/humble/local/lib/python3.10/dist-packages'), ('COLCON', '1'), ('WSL2_GUI_APPS_ENABLED', '1'), ('HOSTTYPE', 'x86_64'), ('CMAKE_PREFIX_PATH', '/root/ws_sensor_combined/install/px4_ros2_cpp:/root/ws_sensor_combined/install/px4_msgs:/root/ws_sensor_combined/install/px4_ros_com:/root/ws_sensor_combined/install/example_mode_with_executor_cpp:/root/ws_sensor_combined/install/example_mode_vtol_cpp:/root/ws_sensor_combined/install/example_mode_rtl_replacement_cpp:/root/ws_sensor_combined/install/example_mode_manual_cpp:/root/ws_sensor_combined/install/example_mode_goto_global_cpp:/root/ws_sensor_combined/install/example_mode_goto_cpp:/root/ws_sensor_combined/install/example_mode_fw_attitude_cpp:/root/ws_sensor_combined/install/example_local_navigation_cpp:/root/ws_sensor_combined/install/example_global_navigation_cpp:/root/ws_sensor_combined/install/example_executor_with_multiple_modes_cpp:/opt/ros/humble'), ('WSLENV', 'ELECTRON_RUN_AS_NODE/w:WT_SESSION:WT_PROFILE_ID:')]), 'shell': False}
[2.006791] (example_mode_fw_attitude_cpp) CommandEnded: {'returncode': 0}
[2.007851] (example_mode_fw_attitude_cpp) JobProgress: {'identifier': 'example_mode_fw_attitude_cpp', 'progress': 'install'}
[2.008666] (example_mode_fw_attitude_cpp) Command: {'cmd': ['/usr/bin/cmake', '--install', '/root/ws_sensor_combined/build/example_mode_fw_attitude_cpp'], 'cwd': '/root/ws_sensor_combined/build/example_mode_fw_attitude_cpp', 'env': OrderedDict([('LESSOPEN', '| /usr/bin/lesspipe %s'), ('USER', 'root'), ('GIT_ASKPASS', '/root/.vscode-server/bin/360a4e4fd251bfce169a4ddf857c7d25d1ad40da/extensions/git/dist/askpass.sh'), ('SHLVL', '2'), ('LD_LIBRARY_PATH', '/root/ws_sensor_combined/install/px4_ros2_cpp/lib:/root/ws_sensor_combined/install/px4_msgs/lib:/root/ws_sensor_combined/install/px4_ros_com/lib:/opt/ros/humble/opt/rviz_ogre_vendor/lib:/opt/ros/humble/lib/x86_64-linux-gnu:/opt/ros/humble/lib'), ('WT_PROFILE_ID', '{4ff56d04-d9cf-57ea-bae2-ad396374e7e3}'), ('HOME', '/root'), ('TERM_PROGRAM_VERSION', '1.103.1'), ('VSCODE_IPC_HOOK_CLI', '/run/user/0/vscode-ipc-7c4c6447-ae3c-495f-b12e-4b258fca685d.sock'), ('ROS_PYTHON_VERSION', '3'), ('VSCODE_GIT_ASKPASS_MAIN', '/root/.vscode-server/bin/360a4e4fd251bfce169a4ddf857c7d25d1ad40da/extensions/git/dist/askpass-main.js'), ('VSCODE_GIT_ASKPASS_NODE', '/root/.vscode-server/bin/360a4e4fd251bfce169a4ddf857c7d25d1ad40da/node'), ('PYDEVD_DISABLE_FILE_VALIDATION', '1'), ('BUNDLED_DEBUGPY_PATH', '/root/.vscode-server/extensions/ms-python.debugpy-2025.10.0-linux-x64/bundled/libs/debugpy'), ('DBUS_SESSION_BUS_ADDRESS', 'unix:path=/run/user/0/bus'), ('COLORTERM', 'truecolor'), ('WSL_DISTRO_NAME', 'Ubuntu-22.04'), ('DEBUGINFOD_URLS', ''), ('WAYLAND_DISPLAY', 'wayland-0'), ('COLCON_PREFIX_PATH', '/root/ws_sensor_combined/install'), ('ROS_DISTRO', 'humble'), ('LOGNAME', 'root'), ('NAME', 'Code'), ('WSL_INTEROP', '/run/WSL/487_interop'), ('PULSE_SERVER', 'unix:/mnt/wslg/PulseServer'), ('_', '/usr/bin/colcon'), ('ROS_VERSION', '2'), ('TERM', 'xterm-256color'), ('ROS_LOCALHOST_ONLY', '0'), ('PATH', '/root/.vscode-server/bin/360a4e4fd251bfce169a4ddf857c7d25d1ad40da/bin/remote-cli:/opt/ros/humble/bin:/usr/local/sbin:/usr/local/bin:/usr/sbin:/usr/bin:/sbin:/bin:/usr/games:/usr/local/games:/usr/lib/wsl/lib:/mnt/c/Windows/system32:/mnt/c/Windows:/mnt/c/Windows/System32/Wbem:/mnt/c/Windows/System32/WindowsPowerShell/v1.0/:/mnt/c/Windows/System32/OpenSSH/:/mnt/c/Program Files (x86)/NVIDIA Corporation/PhysX/Common:/mnt/c/WINDOWS/system32:/mnt/c/WINDOWS:/mnt/c/WINDOWS/System32/Wbem:/mnt/c/WINDOWS/System32/WindowsPowerShell/v1.0/:/mnt/c/WINDOWS/System32/OpenSSH/:/mnt/c/Program Files/dotnet/:/mnt/c/Program Files/NVIDIA Corporation/NVIDIA App/NvDLISR:/mnt/c/Program Files/Git/cmd:/mnt/c/Users/chris/AppData/Local/Microsoft/WindowsApps:/mnt/c/Users/chris/AppData/Local/Programs/Microsoft VS Code/bin:/snap/bin:/root/.vscode-server/extensions/ms-python.debugpy-2025.10.0-linux-x64/bundled/scripts/noConfigScripts:/root/.vscode-server/data/User/globalStorage/github.copilot-chat/debugCommand'), ('WT_SESSION', '402ded2a-7e1d-4116-8c7a-81d3b47e82bd'), ('XDG_RUNTIME_DIR', '/run/user/0/'), ('DISPLAY', ':0'), ('VSCODE_DEBUGPY_ADAPTER_ENDPOINTS', '/root/.vscode-server/extensions/ms-python.debugpy-2025.10.0-linux-x64/.noConfigDebugAdapterEndpoints/endpoint-d6e2528f5321a076.txt'), ('LANG', 'en_US.UTF-8'), ('LS_COLORS', 'rs=0:di=01;34:ln=01;36:mh=00:pi=40;33:so=01;35:do=01;35:bd=40;33;01:cd=40;33;01:or=40;31;01:mi=00:su=37;41:sg=30;43:ca=30;41:tw=30;42:ow=34;42:st=37;44:ex=01;32:*.tar=01;31:*.tgz=01;31:*.arc=01;31:*.arj=01;31:*.taz=01;31:*.lha=01;31:*.lz4=01;31:*.lzh=01;31:*.lzma=01;31:*.tlz=01;31:*.txz=01;31:*.tzo=01;31:*.t7z=01;31:*.zip=01;31:*.z=01;31:*.dz=01;31:*.gz=01;31:*.lrz=01;31:*.lz=01;31:*.lzo=01;31:*.xz=01;31:*.zst=01;31:*.tzst=01;31:*.bz2=01;31:*.bz=01;31:*.tbz=01;31:*.tbz2=01;31:*.tz=01;31:*.deb=01;31:*.rpm=01;31:*.jar=01;31:*.war=01;31:*.ear=01;31:*.sar=01;31:*.rar=01;31:*.alz=01;31:*.ace=01;31:*.zoo=01;31:*.cpio=01;31:*.7z=01;31:*.rz=01;31:*.cab=01;31:*.wim=01;31:*.swm=01;31:*.dwm=01;31:*.esd=01;31:*.jpg=01;35:*.jpeg=01;35:*.mjpg=01;35:*.mjpeg=01;35:*.gif=01;35:*.bmp=01;35:*.pbm=01;35:*.pgm=01;35:*.ppm=01;35:*.tga=01;35:*.xbm=01;35:*.xpm=01;35:*.tif=01;35:*.tiff=01;35:*.png=01;35:*.svg=01;35:*.svgz=01;35:*.mng=01;35:*.pcx=01;35:*.mov=01;35:*.mpg=01;35:*.mpeg=01;35:*.m2v=01;35:*.mkv=01;35:*.webm=01;35:*.webp=01;35:*.ogm=01;35:*.mp4=01;35:*.m4v=01;35:*.mp4v=01;35:*.vob=01;35:*.qt=01;35:*.nuv=01;35:*.wmv=01;35:*.asf=01;35:*.rm=01;35:*.rmvb=01;35:*.flc=01;35:*.avi=01;35:*.fli=01;35:*.flv=01;35:*.gl=01;35:*.dl=01;35:*.xcf=01;35:*.xwd=01;35:*.yuv=01;35:*.cgm=01;35:*.emf=01;35:*.ogv=01;35:*.ogx=01;35:*.aac=00;36:*.au=00;36:*.flac=00;36:*.m4a=00;36:*.mid=00;36:*.midi=00;36:*.mka=00;36:*.mp3=00;36:*.mpc=00;36:*.ogg=00;36:*.ra=00;36:*.wav=00;36:*.oga=00;36:*.opus=00;36:*.spx=00;36:*.xspf=00;36:'), ('VSCODE_GIT_IPC_HANDLE', '/run/user/0/vscode-git-c1d1440c90.sock'), ('TERM_PROGRAM', 'vscode'), ('AMENT_PREFIX_PATH', '/root/ws_sensor_combined/install/px4_ros_com:/root/ws_sensor_combined/install/example_mode_with_executor_cpp:/root/ws_sensor_combined/install/example_mode_vtol_cpp:/root/ws_sensor_combined/install/example_mode_rtl_replacement_cpp:/root/ws_sensor_combined/install/example_mode_manual_cpp:/root/ws_sensor_combined/install/example_mode_goto_global_cpp:/root/ws_sensor_combined/install/example_mode_goto_cpp:/root/ws_sensor_combined/install/example_mode_fw_attitude_cpp:/root/ws_sensor_combined/install/example_local_navigation_cpp:/root/ws_sensor_combined/install/example_global_navigation_cpp:/root/ws_sensor_combined/install/example_executor_with_multiple_modes_cpp:/root/ws_sensor_combined/install/px4_ros2_cpp:/root/ws_sensor_combined/install/px4_msgs:/opt/ros/humble'), ('SHELL', '/bin/bash'), ('LESSCLOSE', '/usr/bin/lesspipe %s %s'), ('VSCODE_GIT_ASKPASS_EXTRA_ARGS', ''), ('PWD', '/root/ws_sensor_combined/build/example_mode_fw_attitude_cpp'), ('XDG_DATA_DIRS', '/usr/local/share:/usr/share:/var/lib/snapd/desktop'), ('PYTHONPATH', '/root/ws_sensor_combined/install/px4_ros_com/local/lib/python3.10/dist-packages:/root/ws_sensor_combined/install/px4_msgs/local/lib/python3.10/dist-packages:/opt/ros/humble/lib/python3.10/site-packages:/opt/ros/humble/local/lib/python3.10/dist-packages'), ('COLCON', '1'), ('WSL2_GUI_APPS_ENABLED', '1'), ('HOSTTYPE', 'x86_64'), ('CMAKE_PREFIX_PATH', '/root/ws_sensor_combined/install/px4_ros2_cpp:/root/ws_sensor_combined/install/px4_msgs:/root/ws_sensor_combined/install/px4_ros_com:/root/ws_sensor_combined/install/example_mode_with_executor_cpp:/root/ws_sensor_combined/install/example_mode_vtol_cpp:/root/ws_sensor_combined/install/example_mode_rtl_replacement_cpp:/root/ws_sensor_combined/install/example_mode_manual_cpp:/root/ws_sensor_combined/install/example_mode_goto_global_cpp:/root/ws_sensor_combined/install/example_mode_goto_cpp:/root/ws_sensor_combined/install/example_mode_fw_attitude_cpp:/root/ws_sensor_combined/install/example_local_navigation_cpp:/root/ws_sensor_combined/install/example_global_navigation_cpp:/root/ws_sensor_combined/install/example_executor_with_multiple_modes_cpp:/opt/ros/humble'), ('WSLENV', 'ELECTRON_RUN_AS_NODE/w:WT_SESSION:WT_PROFILE_ID:')]), 'shell': False}
[2.009505] (example_local_navigation_cpp) CommandEnded: {'returncode': 0}
[2.011797] (example_mode_goto_cpp) StdoutLine: {'line': b'-- Install configuration: ""\n'}
[2.013415] (example_mode_goto_cpp) StdoutLine: {'line': b'-- Up-to-date: /root/ws_sensor_combined/install/example_mode_goto_cpp/lib/example_mode_goto_cpp/example_mode_goto\n'}
[2.013584] (example_mode_goto_cpp) StdoutLine: {'line': b'-- Up-to-date: /root/ws_sensor_combined/install/example_mode_goto_cpp/share/ament_index/resource_index/package_run_dependencies/example_mode_goto_cpp\n'}
[2.013861] (example_mode_goto_cpp) StdoutLine: {'line': b'-- Up-to-date: /root/ws_sensor_combined/install/example_mode_goto_cpp/share/ament_index/resource_index/parent_prefix_path/example_mode_goto_cpp\n'}
[2.014022] (example_mode_goto_cpp) StdoutLine: {'line': b'-- Up-to-date: /root/ws_sensor_combined/install/example_mode_goto_cpp/share/example_mode_goto_cpp/environment/ament_prefix_path.sh\n'}
[2.014204] (example_mode_goto_cpp) StdoutLine: {'line': b'-- Up-to-date: /root/ws_sensor_combined/install/example_mode_goto_cpp/share/example_mode_goto_cpp/environment/ament_prefix_path.dsv\n'}
[2.014297] (example_mode_goto_cpp) StdoutLine: {'line': b'-- Up-to-date: /root/ws_sensor_combined/install/example_mode_goto_cpp/share/example_mode_goto_cpp/environment/path.sh\n'}
[2.014381] (example_mode_goto_cpp) StdoutLine: {'line': b'-- Up-to-date: /root/ws_sensor_combined/install/example_mode_goto_cpp/share/example_mode_goto_cpp/environment/path.dsv\n'}
[2.014464] (example_mode_goto_cpp) StdoutLine: {'line': b'-- Up-to-date: /root/ws_sensor_combined/install/example_mode_goto_cpp/share/example_mode_goto_cpp/local_setup.bash\n'}
[2.014585] (example_mode_goto_cpp) StdoutLine: {'line': b'-- Up-to-date: /root/ws_sensor_combined/install/example_mode_goto_cpp/share/example_mode_goto_cpp/local_setup.sh\n'}
[2.014772] (example_mode_goto_cpp) StdoutLine: {'line': b'-- Up-to-date: /root/ws_sensor_combined/install/example_mode_goto_cpp/share/example_mode_goto_cpp/local_setup.zsh\n'}
[2.014948] (example_mode_goto_cpp) StdoutLine: {'line': b'-- Up-to-date: /root/ws_sensor_combined/install/example_mode_goto_cpp/share/example_mode_goto_cpp/local_setup.dsv\n'}
[2.015043] (example_mode_goto_cpp) StdoutLine: {'line': b'-- Installing: /root/ws_sensor_combined/install/example_mode_goto_cpp/share/example_mode_goto_cpp/package.dsv\n'}
[2.015390] (example_mode_goto_cpp) StdoutLine: {'line': b'-- Up-to-date: /root/ws_sensor_combined/install/example_mode_goto_cpp/share/ament_index/resource_index/packages/example_mode_goto_cpp\n'}
[2.015653] (example_mode_goto_cpp) StdoutLine: {'line': b'-- Up-to-date: /root/ws_sensor_combined/install/example_mode_goto_cpp/share/example_mode_goto_cpp/cmake/example_mode_goto_cppConfig.cmake\n'}
[2.015738] (example_mode_goto_cpp) StdoutLine: {'line': b'-- Up-to-date: /root/ws_sensor_combined/install/example_mode_goto_cpp/share/example_mode_goto_cpp/cmake/example_mode_goto_cppConfig-version.cmake\n'}
[2.015818] (example_mode_goto_cpp) StdoutLine: {'line': b'-- Up-to-date: /root/ws_sensor_combined/install/example_mode_goto_cpp/share/example_mode_goto_cpp/package.xml\n'}
[2.018425] (px4_ros_com) StdoutLine: {'line': b'-- Found eigen3_cmake_module: 0.1.1 (/opt/ros/humble/share/eigen3_cmake_module/cmake)\n'}
[2.018956] (-) TimerEvent: {}
[2.021767] (px4_ros_com) StdoutLine: {'line': b'-- Found geometry_msgs: 4.9.0 (/opt/ros/humble/share/geometry_msgs/cmake)\n'}
[2.022400] (example_local_navigation_cpp) JobEnded: {'identifier': 'example_local_navigation_cpp', 'rc': 0}
[2.024654] (example_mode_fw_attitude_cpp) StdoutLine: {'line': b'-- Install configuration: ""\n'}
[2.025089] (example_mode_fw_attitude_cpp) StdoutLine: {'line': b'-- Up-to-date: /root/ws_sensor_combined/install/example_mode_fw_attitude_cpp/lib/example_mode_fw_attitude_cpp/example_mode_fw_attitude\n'}
[2.025184] (example_mode_fw_attitude_cpp) StdoutLine: {'line': b'-- Up-to-date: /root/ws_sensor_combined/install/example_mode_fw_attitude_cpp/share/ament_index/resource_index/package_run_dependencies/example_mode_fw_attitude_cpp\n'}
[2.025848] (example_mode_fw_attitude_cpp) StdoutLine: {'line': b'-- Up-to-date: /root/ws_sensor_combined/install/example_mode_fw_attitude_cpp/share/ament_index/resource_index/parent_prefix_path/example_mode_fw_attitude_cpp\n'}
[2.026049] (example_mode_fw_attitude_cpp) StdoutLine: {'line': b'-- Up-to-date: /root/ws_sensor_combined/install/example_mode_fw_attitude_cpp/share/example_mode_fw_attitude_cpp/environment/ament_prefix_path.sh\n'}
[2.026083] (example_mode_fw_attitude_cpp) StdoutLine: {'line': b'-- Up-to-date: /root/ws_sensor_combined/install/example_mode_fw_attitude_cpp/share/example_mode_fw_attitude_cpp/environment/ament_prefix_path.dsv\n'}
[2.026110] (example_mode_fw_attitude_cpp) StdoutLine: {'line': b'-- Up-to-date: /root/ws_sensor_combined/install/example_mode_fw_attitude_cpp/share/example_mode_fw_attitude_cpp/environment/path.sh\n'}
[2.026135] (example_mode_fw_attitude_cpp) StdoutLine: {'line': b'-- Up-to-date: /root/ws_sensor_combined/install/example_mode_fw_attitude_cpp/share/example_mode_fw_attitude_cpp/environment/path.dsv\n'}
[2.026161] (example_mode_fw_attitude_cpp) StdoutLine: {'line': b'-- Up-to-date: /root/ws_sensor_combined/install/example_mode_fw_attitude_cpp/share/example_mode_fw_attitude_cpp/local_setup.bash\n'}
[2.026185] (example_mode_fw_attitude_cpp) StdoutLine: {'line': b'-- Up-to-date: /root/ws_sensor_combined/install/example_mode_fw_attitude_cpp/share/example_mode_fw_attitude_cpp/local_setup.sh\n'}
[2.026209] (example_mode_fw_attitude_cpp) StdoutLine: {'line': b'-- Up-to-date: /root/ws_sensor_combined/install/example_mode_fw_attitude_cpp/share/example_mode_fw_attitude_cpp/local_setup.zsh\n'}
[2.026233] (example_mode_fw_attitude_cpp) StdoutLine: {'line': b'-- Up-to-date: /root/ws_sensor_combined/install/example_mode_fw_attitude_cpp/share/example_mode_fw_attitude_cpp/local_setup.dsv\n'}
[2.026257] (example_mode_fw_attitude_cpp) StdoutLine: {'line': b'-- Installing: /root/ws_sensor_combined/install/example_mode_fw_attitude_cpp/share/example_mode_fw_attitude_cpp/package.dsv\n'}
[2.026281] (example_mode_fw_attitude_cpp) StdoutLine: {'line': b'-- Up-to-date: /root/ws_sensor_combined/install/example_mode_fw_attitude_cpp/share/ament_index/resource_index/packages/example_mode_fw_attitude_cpp\n'}
[2.026304] (example_mode_fw_attitude_cpp) StdoutLine: {'line': b'-- Up-to-date: /root/ws_sensor_combined/install/example_mode_fw_attitude_cpp/share/example_mode_fw_attitude_cpp/cmake/example_mode_fw_attitude_cppConfig.cmake\n'}
[2.026327] (example_mode_fw_attitude_cpp) StdoutLine: {'line': b'-- Up-to-date: /root/ws_sensor_combined/install/example_mode_fw_attitude_cpp/share/example_mode_fw_attitude_cpp/cmake/example_mode_fw_attitude_cppConfig-version.cmake\n'}
[2.026350] (example_mode_fw_attitude_cpp) StdoutLine: {'line': b'-- Up-to-date: /root/ws_sensor_combined/install/example_mode_fw_attitude_cpp/share/example_mode_fw_attitude_cpp/package.xml\n'}
[2.026374] (example_mode_rtl_replacement_cpp) CommandEnded: {'returncode': 0}
[2.027430] (example_mode_rtl_replacement_cpp) JobProgress: {'identifier': 'example_mode_rtl_replacement_cpp', 'progress': 'install'}
[2.028069] (example_mode_rtl_replacement_cpp) Command: {'cmd': ['/usr/bin/cmake', '--install', '/root/ws_sensor_combined/build/example_mode_rtl_replacement_cpp'], 'cwd': '/root/ws_sensor_combined/build/example_mode_rtl_replacement_cpp', 'env': OrderedDict([('LESSOPEN', '| /usr/bin/lesspipe %s'), ('USER', 'root'), ('GIT_ASKPASS', '/root/.vscode-server/bin/360a4e4fd251bfce169a4ddf857c7d25d1ad40da/extensions/git/dist/askpass.sh'), ('SHLVL', '2'), ('LD_LIBRARY_PATH', '/root/ws_sensor_combined/install/px4_ros2_cpp/lib:/root/ws_sensor_combined/install/px4_msgs/lib:/root/ws_sensor_combined/install/px4_ros_com/lib:/opt/ros/humble/opt/rviz_ogre_vendor/lib:/opt/ros/humble/lib/x86_64-linux-gnu:/opt/ros/humble/lib'), ('WT_PROFILE_ID', '{4ff56d04-d9cf-57ea-bae2-ad396374e7e3}'), ('HOME', '/root'), ('TERM_PROGRAM_VERSION', '1.103.1'), ('VSCODE_IPC_HOOK_CLI', '/run/user/0/vscode-ipc-7c4c6447-ae3c-495f-b12e-4b258fca685d.sock'), ('ROS_PYTHON_VERSION', '3'), ('VSCODE_GIT_ASKPASS_MAIN', '/root/.vscode-server/bin/360a4e4fd251bfce169a4ddf857c7d25d1ad40da/extensions/git/dist/askpass-main.js'), ('VSCODE_GIT_ASKPASS_NODE', '/root/.vscode-server/bin/360a4e4fd251bfce169a4ddf857c7d25d1ad40da/node'), ('PYDEVD_DISABLE_FILE_VALIDATION', '1'), ('BUNDLED_DEBUGPY_PATH', '/root/.vscode-server/extensions/ms-python.debugpy-2025.10.0-linux-x64/bundled/libs/debugpy'), ('DBUS_SESSION_BUS_ADDRESS', 'unix:path=/run/user/0/bus'), ('COLORTERM', 'truecolor'), ('WSL_DISTRO_NAME', 'Ubuntu-22.04'), ('DEBUGINFOD_URLS', ''), ('WAYLAND_DISPLAY', 'wayland-0'), ('COLCON_PREFIX_PATH', '/root/ws_sensor_combined/install'), ('ROS_DISTRO', 'humble'), ('LOGNAME', 'root'), ('NAME', 'Code'), ('WSL_INTEROP', '/run/WSL/487_interop'), ('PULSE_SERVER', 'unix:/mnt/wslg/PulseServer'), ('_', '/usr/bin/colcon'), ('ROS_VERSION', '2'), ('TERM', 'xterm-256color'), ('ROS_LOCALHOST_ONLY', '0'), ('PATH', '/root/.vscode-server/bin/360a4e4fd251bfce169a4ddf857c7d25d1ad40da/bin/remote-cli:/opt/ros/humble/bin:/usr/local/sbin:/usr/local/bin:/usr/sbin:/usr/bin:/sbin:/bin:/usr/games:/usr/local/games:/usr/lib/wsl/lib:/mnt/c/Windows/system32:/mnt/c/Windows:/mnt/c/Windows/System32/Wbem:/mnt/c/Windows/System32/WindowsPowerShell/v1.0/:/mnt/c/Windows/System32/OpenSSH/:/mnt/c/Program Files (x86)/NVIDIA Corporation/PhysX/Common:/mnt/c/WINDOWS/system32:/mnt/c/WINDOWS:/mnt/c/WINDOWS/System32/Wbem:/mnt/c/WINDOWS/System32/WindowsPowerShell/v1.0/:/mnt/c/WINDOWS/System32/OpenSSH/:/mnt/c/Program Files/dotnet/:/mnt/c/Program Files/NVIDIA Corporation/NVIDIA App/NvDLISR:/mnt/c/Program Files/Git/cmd:/mnt/c/Users/chris/AppData/Local/Microsoft/WindowsApps:/mnt/c/Users/chris/AppData/Local/Programs/Microsoft VS Code/bin:/snap/bin:/root/.vscode-server/extensions/ms-python.debugpy-2025.10.0-linux-x64/bundled/scripts/noConfigScripts:/root/.vscode-server/data/User/globalStorage/github.copilot-chat/debugCommand'), ('WT_SESSION', '402ded2a-7e1d-4116-8c7a-81d3b47e82bd'), ('XDG_RUNTIME_DIR', '/run/user/0/'), ('DISPLAY', ':0'), ('VSCODE_DEBUGPY_ADAPTER_ENDPOINTS', '/root/.vscode-server/extensions/ms-python.debugpy-2025.10.0-linux-x64/.noConfigDebugAdapterEndpoints/endpoint-d6e2528f5321a076.txt'), ('LANG', 'en_US.UTF-8'), ('LS_COLORS', 'rs=0:di=01;34:ln=01;36:mh=00:pi=40;33:so=01;35:do=01;35:bd=40;33;01:cd=40;33;01:or=40;31;01:mi=00:su=37;41:sg=30;43:ca=30;41:tw=30;42:ow=34;42:st=37;44:ex=01;32:*.tar=01;31:*.tgz=01;31:*.arc=01;31:*.arj=01;31:*.taz=01;31:*.lha=01;31:*.lz4=01;31:*.lzh=01;31:*.lzma=01;31:*.tlz=01;31:*.txz=01;31:*.tzo=01;31:*.t7z=01;31:*.zip=01;31:*.z=01;31:*.dz=01;31:*.gz=01;31:*.lrz=01;31:*.lz=01;31:*.lzo=01;31:*.xz=01;31:*.zst=01;31:*.tzst=01;31:*.bz2=01;31:*.bz=01;31:*.tbz=01;31:*.tbz2=01;31:*.tz=01;31:*.deb=01;31:*.rpm=01;31:*.jar=01;31:*.war=01;31:*.ear=01;31:*.sar=01;31:*.rar=01;31:*.alz=01;31:*.ace=01;31:*.zoo=01;31:*.cpio=01;31:*.7z=01;31:*.rz=01;31:*.cab=01;31:*.wim=01;31:*.swm=01;31:*.dwm=01;31:*.esd=01;31:*.jpg=01;35:*.jpeg=01;35:*.mjpg=01;35:*.mjpeg=01;35:*.gif=01;35:*.bmp=01;35:*.pbm=01;35:*.pgm=01;35:*.ppm=01;35:*.tga=01;35:*.xbm=01;35:*.xpm=01;35:*.tif=01;35:*.tiff=01;35:*.png=01;35:*.svg=01;35:*.svgz=01;35:*.mng=01;35:*.pcx=01;35:*.mov=01;35:*.mpg=01;35:*.mpeg=01;35:*.m2v=01;35:*.mkv=01;35:*.webm=01;35:*.webp=01;35:*.ogm=01;35:*.mp4=01;35:*.m4v=01;35:*.mp4v=01;35:*.vob=01;35:*.qt=01;35:*.nuv=01;35:*.wmv=01;35:*.asf=01;35:*.rm=01;35:*.rmvb=01;35:*.flc=01;35:*.avi=01;35:*.fli=01;35:*.flv=01;35:*.gl=01;35:*.dl=01;35:*.xcf=01;35:*.xwd=01;35:*.yuv=01;35:*.cgm=01;35:*.emf=01;35:*.ogv=01;35:*.ogx=01;35:*.aac=00;36:*.au=00;36:*.flac=00;36:*.m4a=00;36:*.mid=00;36:*.midi=00;36:*.mka=00;36:*.mp3=00;36:*.mpc=00;36:*.ogg=00;36:*.ra=00;36:*.wav=00;36:*.oga=00;36:*.opus=00;36:*.spx=00;36:*.xspf=00;36:'), ('VSCODE_GIT_IPC_HANDLE', '/run/user/0/vscode-git-c1d1440c90.sock'), ('TERM_PROGRAM', 'vscode'), ('AMENT_PREFIX_PATH', '/root/ws_sensor_combined/install/px4_ros_com:/root/ws_sensor_combined/install/example_mode_with_executor_cpp:/root/ws_sensor_combined/install/example_mode_vtol_cpp:/root/ws_sensor_combined/install/example_mode_rtl_replacement_cpp:/root/ws_sensor_combined/install/example_mode_manual_cpp:/root/ws_sensor_combined/install/example_mode_goto_global_cpp:/root/ws_sensor_combined/install/example_mode_goto_cpp:/root/ws_sensor_combined/install/example_mode_fw_attitude_cpp:/root/ws_sensor_combined/install/example_local_navigation_cpp:/root/ws_sensor_combined/install/example_global_navigation_cpp:/root/ws_sensor_combined/install/example_executor_with_multiple_modes_cpp:/root/ws_sensor_combined/install/px4_ros2_cpp:/root/ws_sensor_combined/install/px4_msgs:/opt/ros/humble'), ('SHELL', '/bin/bash'), ('LESSCLOSE', '/usr/bin/lesspipe %s %s'), ('VSCODE_GIT_ASKPASS_EXTRA_ARGS', ''), ('PWD', '/root/ws_sensor_combined/build/example_mode_rtl_replacement_cpp'), ('XDG_DATA_DIRS', '/usr/local/share:/usr/share:/var/lib/snapd/desktop'), ('PYTHONPATH', '/root/ws_sensor_combined/install/px4_ros_com/local/lib/python3.10/dist-packages:/root/ws_sensor_combined/install/px4_msgs/local/lib/python3.10/dist-packages:/opt/ros/humble/lib/python3.10/site-packages:/opt/ros/humble/local/lib/python3.10/dist-packages'), ('COLCON', '1'), ('WSL2_GUI_APPS_ENABLED', '1'), ('HOSTTYPE', 'x86_64'), ('CMAKE_PREFIX_PATH', '/root/ws_sensor_combined/install/px4_ros2_cpp:/root/ws_sensor_combined/install/px4_msgs:/root/ws_sensor_combined/install/px4_ros_com:/root/ws_sensor_combined/install/example_mode_with_executor_cpp:/root/ws_sensor_combined/install/example_mode_vtol_cpp:/root/ws_sensor_combined/install/example_mode_rtl_replacement_cpp:/root/ws_sensor_combined/install/example_mode_manual_cpp:/root/ws_sensor_combined/install/example_mode_goto_global_cpp:/root/ws_sensor_combined/install/example_mode_goto_cpp:/root/ws_sensor_combined/install/example_mode_fw_attitude_cpp:/root/ws_sensor_combined/install/example_local_navigation_cpp:/root/ws_sensor_combined/install/example_global_navigation_cpp:/root/ws_sensor_combined/install/example_executor_with_multiple_modes_cpp:/opt/ros/humble'), ('WSLENV', 'ELECTRON_RUN_AS_NODE/w:WT_SESSION:WT_PROFILE_ID:')]), 'shell': False}
[2.028757] (example_mode_vtol_cpp) CommandEnded: {'returncode': 0}
[2.030013] (example_mode_vtol_cpp) JobProgress: {'identifier': 'example_mode_vtol_cpp', 'progress': 'install'}
[2.030692] (example_mode_vtol_cpp) Command: {'cmd': ['/usr/bin/cmake', '--install', '/root/ws_sensor_combined/build/example_mode_vtol_cpp'], 'cwd': '/root/ws_sensor_combined/build/example_mode_vtol_cpp', 'env': OrderedDict([('LESSOPEN', '| /usr/bin/lesspipe %s'), ('USER', 'root'), ('GIT_ASKPASS', '/root/.vscode-server/bin/360a4e4fd251bfce169a4ddf857c7d25d1ad40da/extensions/git/dist/askpass.sh'), ('SHLVL', '2'), ('LD_LIBRARY_PATH', '/root/ws_sensor_combined/install/px4_ros2_cpp/lib:/root/ws_sensor_combined/install/px4_msgs/lib:/root/ws_sensor_combined/install/px4_ros_com/lib:/opt/ros/humble/opt/rviz_ogre_vendor/lib:/opt/ros/humble/lib/x86_64-linux-gnu:/opt/ros/humble/lib'), ('WT_PROFILE_ID', '{4ff56d04-d9cf-57ea-bae2-ad396374e7e3}'), ('HOME', '/root'), ('TERM_PROGRAM_VERSION', '1.103.1'), ('VSCODE_IPC_HOOK_CLI', '/run/user/0/vscode-ipc-7c4c6447-ae3c-495f-b12e-4b258fca685d.sock'), ('ROS_PYTHON_VERSION', '3'), ('VSCODE_GIT_ASKPASS_MAIN', '/root/.vscode-server/bin/360a4e4fd251bfce169a4ddf857c7d25d1ad40da/extensions/git/dist/askpass-main.js'), ('VSCODE_GIT_ASKPASS_NODE', '/root/.vscode-server/bin/360a4e4fd251bfce169a4ddf857c7d25d1ad40da/node'), ('PYDEVD_DISABLE_FILE_VALIDATION', '1'), ('BUNDLED_DEBUGPY_PATH', '/root/.vscode-server/extensions/ms-python.debugpy-2025.10.0-linux-x64/bundled/libs/debugpy'), ('DBUS_SESSION_BUS_ADDRESS', 'unix:path=/run/user/0/bus'), ('COLORTERM', 'truecolor'), ('WSL_DISTRO_NAME', 'Ubuntu-22.04'), ('DEBUGINFOD_URLS', ''), ('WAYLAND_DISPLAY', 'wayland-0'), ('COLCON_PREFIX_PATH', '/root/ws_sensor_combined/install'), ('ROS_DISTRO', 'humble'), ('LOGNAME', 'root'), ('NAME', 'Code'), ('WSL_INTEROP', '/run/WSL/487_interop'), ('PULSE_SERVER', 'unix:/mnt/wslg/PulseServer'), ('_', '/usr/bin/colcon'), ('ROS_VERSION', '2'), ('TERM', 'xterm-256color'), ('ROS_LOCALHOST_ONLY', '0'), ('PATH', '/root/.vscode-server/bin/360a4e4fd251bfce169a4ddf857c7d25d1ad40da/bin/remote-cli:/opt/ros/humble/bin:/usr/local/sbin:/usr/local/bin:/usr/sbin:/usr/bin:/sbin:/bin:/usr/games:/usr/local/games:/usr/lib/wsl/lib:/mnt/c/Windows/system32:/mnt/c/Windows:/mnt/c/Windows/System32/Wbem:/mnt/c/Windows/System32/WindowsPowerShell/v1.0/:/mnt/c/Windows/System32/OpenSSH/:/mnt/c/Program Files (x86)/NVIDIA Corporation/PhysX/Common:/mnt/c/WINDOWS/system32:/mnt/c/WINDOWS:/mnt/c/WINDOWS/System32/Wbem:/mnt/c/WINDOWS/System32/WindowsPowerShell/v1.0/:/mnt/c/WINDOWS/System32/OpenSSH/:/mnt/c/Program Files/dotnet/:/mnt/c/Program Files/NVIDIA Corporation/NVIDIA App/NvDLISR:/mnt/c/Program Files/Git/cmd:/mnt/c/Users/chris/AppData/Local/Microsoft/WindowsApps:/mnt/c/Users/chris/AppData/Local/Programs/Microsoft VS Code/bin:/snap/bin:/root/.vscode-server/extensions/ms-python.debugpy-2025.10.0-linux-x64/bundled/scripts/noConfigScripts:/root/.vscode-server/data/User/globalStorage/github.copilot-chat/debugCommand'), ('WT_SESSION', '402ded2a-7e1d-4116-8c7a-81d3b47e82bd'), ('XDG_RUNTIME_DIR', '/run/user/0/'), ('DISPLAY', ':0'), ('VSCODE_DEBUGPY_ADAPTER_ENDPOINTS', '/root/.vscode-server/extensions/ms-python.debugpy-2025.10.0-linux-x64/.noConfigDebugAdapterEndpoints/endpoint-d6e2528f5321a076.txt'), ('LANG', 'en_US.UTF-8'), ('LS_COLORS', 'rs=0:di=01;34:ln=01;36:mh=00:pi=40;33:so=01;35:do=01;35:bd=40;33;01:cd=40;33;01:or=40;31;01:mi=00:su=37;41:sg=30;43:ca=30;41:tw=30;42:ow=34;42:st=37;44:ex=01;32:*.tar=01;31:*.tgz=01;31:*.arc=01;31:*.arj=01;31:*.taz=01;31:*.lha=01;31:*.lz4=01;31:*.lzh=01;31:*.lzma=01;31:*.tlz=01;31:*.txz=01;31:*.tzo=01;31:*.t7z=01;31:*.zip=01;31:*.z=01;31:*.dz=01;31:*.gz=01;31:*.lrz=01;31:*.lz=01;31:*.lzo=01;31:*.xz=01;31:*.zst=01;31:*.tzst=01;31:*.bz2=01;31:*.bz=01;31:*.tbz=01;31:*.tbz2=01;31:*.tz=01;31:*.deb=01;31:*.rpm=01;31:*.jar=01;31:*.war=01;31:*.ear=01;31:*.sar=01;31:*.rar=01;31:*.alz=01;31:*.ace=01;31:*.zoo=01;31:*.cpio=01;31:*.7z=01;31:*.rz=01;31:*.cab=01;31:*.wim=01;31:*.swm=01;31:*.dwm=01;31:*.esd=01;31:*.jpg=01;35:*.jpeg=01;35:*.mjpg=01;35:*.mjpeg=01;35:*.gif=01;35:*.bmp=01;35:*.pbm=01;35:*.pgm=01;35:*.ppm=01;35:*.tga=01;35:*.xbm=01;35:*.xpm=01;35:*.tif=01;35:*.tiff=01;35:*.png=01;35:*.svg=01;35:*.svgz=01;35:*.mng=01;35:*.pcx=01;35:*.mov=01;35:*.mpg=01;35:*.mpeg=01;35:*.m2v=01;35:*.mkv=01;35:*.webm=01;35:*.webp=01;35:*.ogm=01;35:*.mp4=01;35:*.m4v=01;35:*.mp4v=01;35:*.vob=01;35:*.qt=01;35:*.nuv=01;35:*.wmv=01;35:*.asf=01;35:*.rm=01;35:*.rmvb=01;35:*.flc=01;35:*.avi=01;35:*.fli=01;35:*.flv=01;35:*.gl=01;35:*.dl=01;35:*.xcf=01;35:*.xwd=01;35:*.yuv=01;35:*.cgm=01;35:*.emf=01;35:*.ogv=01;35:*.ogx=01;35:*.aac=00;36:*.au=00;36:*.flac=00;36:*.m4a=00;36:*.mid=00;36:*.midi=00;36:*.mka=00;36:*.mp3=00;36:*.mpc=00;36:*.ogg=00;36:*.ra=00;36:*.wav=00;36:*.oga=00;36:*.opus=00;36:*.spx=00;36:*.xspf=00;36:'), ('VSCODE_GIT_IPC_HANDLE', '/run/user/0/vscode-git-c1d1440c90.sock'), ('TERM_PROGRAM', 'vscode'), ('AMENT_PREFIX_PATH', '/root/ws_sensor_combined/install/px4_ros_com:/root/ws_sensor_combined/install/example_mode_with_executor_cpp:/root/ws_sensor_combined/install/example_mode_vtol_cpp:/root/ws_sensor_combined/install/example_mode_rtl_replacement_cpp:/root/ws_sensor_combined/install/example_mode_manual_cpp:/root/ws_sensor_combined/install/example_mode_goto_global_cpp:/root/ws_sensor_combined/install/example_mode_goto_cpp:/root/ws_sensor_combined/install/example_mode_fw_attitude_cpp:/root/ws_sensor_combined/install/example_local_navigation_cpp:/root/ws_sensor_combined/install/example_global_navigation_cpp:/root/ws_sensor_combined/install/example_executor_with_multiple_modes_cpp:/root/ws_sensor_combined/install/px4_ros2_cpp:/root/ws_sensor_combined/install/px4_msgs:/opt/ros/humble'), ('SHELL', '/bin/bash'), ('LESSCLOSE', '/usr/bin/lesspipe %s %s'), ('VSCODE_GIT_ASKPASS_EXTRA_ARGS', ''), ('PWD', '/root/ws_sensor_combined/build/example_mode_vtol_cpp'), ('XDG_DATA_DIRS', '/usr/local/share:/usr/share:/var/lib/snapd/desktop'), ('PYTHONPATH', '/root/ws_sensor_combined/install/px4_ros_com/local/lib/python3.10/dist-packages:/root/ws_sensor_combined/install/px4_msgs/local/lib/python3.10/dist-packages:/opt/ros/humble/lib/python3.10/site-packages:/opt/ros/humble/local/lib/python3.10/dist-packages'), ('COLCON', '1'), ('WSL2_GUI_APPS_ENABLED', '1'), ('HOSTTYPE', 'x86_64'), ('CMAKE_PREFIX_PATH', '/root/ws_sensor_combined/install/px4_ros2_cpp:/root/ws_sensor_combined/install/px4_msgs:/root/ws_sensor_combined/install/px4_ros_com:/root/ws_sensor_combined/install/example_mode_with_executor_cpp:/root/ws_sensor_combined/install/example_mode_vtol_cpp:/root/ws_sensor_combined/install/example_mode_rtl_replacement_cpp:/root/ws_sensor_combined/install/example_mode_manual_cpp:/root/ws_sensor_combined/install/example_mode_goto_global_cpp:/root/ws_sensor_combined/install/example_mode_goto_cpp:/root/ws_sensor_combined/install/example_mode_fw_attitude_cpp:/root/ws_sensor_combined/install/example_local_navigation_cpp:/root/ws_sensor_combined/install/example_global_navigation_cpp:/root/ws_sensor_combined/install/example_executor_with_multiple_modes_cpp:/opt/ros/humble'), ('WSLENV', 'ELECTRON_RUN_AS_NODE/w:WT_SESSION:WT_PROFILE_ID:')]), 'shell': False}
[2.031390] (example_mode_goto_global_cpp) CommandEnded: {'returncode': 0}
[2.039952] (example_mode_goto_global_cpp) JobEnded: {'identifier': 'example_mode_goto_global_cpp', 'rc': 0}
[2.040242] (example_mode_with_executor_cpp) CommandEnded: {'returncode': 0}
[2.041284] (example_mode_with_executor_cpp) JobProgress: {'identifier': 'example_mode_with_executor_cpp', 'progress': 'install'}
[2.042198] (example_mode_with_executor_cpp) Command: {'cmd': ['/usr/bin/cmake', '--install', '/root/ws_sensor_combined/build/example_mode_with_executor_cpp'], 'cwd': '/root/ws_sensor_combined/build/example_mode_with_executor_cpp', 'env': OrderedDict([('LESSOPEN', '| /usr/bin/lesspipe %s'), ('USER', 'root'), ('GIT_ASKPASS', '/root/.vscode-server/bin/360a4e4fd251bfce169a4ddf857c7d25d1ad40da/extensions/git/dist/askpass.sh'), ('SHLVL', '2'), ('LD_LIBRARY_PATH', '/root/ws_sensor_combined/install/px4_ros2_cpp/lib:/root/ws_sensor_combined/install/px4_msgs/lib:/root/ws_sensor_combined/install/px4_ros_com/lib:/opt/ros/humble/opt/rviz_ogre_vendor/lib:/opt/ros/humble/lib/x86_64-linux-gnu:/opt/ros/humble/lib'), ('WT_PROFILE_ID', '{4ff56d04-d9cf-57ea-bae2-ad396374e7e3}'), ('HOME', '/root'), ('TERM_PROGRAM_VERSION', '1.103.1'), ('VSCODE_IPC_HOOK_CLI', '/run/user/0/vscode-ipc-7c4c6447-ae3c-495f-b12e-4b258fca685d.sock'), ('ROS_PYTHON_VERSION', '3'), ('VSCODE_GIT_ASKPASS_MAIN', '/root/.vscode-server/bin/360a4e4fd251bfce169a4ddf857c7d25d1ad40da/extensions/git/dist/askpass-main.js'), ('VSCODE_GIT_ASKPASS_NODE', '/root/.vscode-server/bin/360a4e4fd251bfce169a4ddf857c7d25d1ad40da/node'), ('PYDEVD_DISABLE_FILE_VALIDATION', '1'), ('BUNDLED_DEBUGPY_PATH', '/root/.vscode-server/extensions/ms-python.debugpy-2025.10.0-linux-x64/bundled/libs/debugpy'), ('DBUS_SESSION_BUS_ADDRESS', 'unix:path=/run/user/0/bus'), ('COLORTERM', 'truecolor'), ('WSL_DISTRO_NAME', 'Ubuntu-22.04'), ('DEBUGINFOD_URLS', ''), ('WAYLAND_DISPLAY', 'wayland-0'), ('COLCON_PREFIX_PATH', '/root/ws_sensor_combined/install'), ('ROS_DISTRO', 'humble'), ('LOGNAME', 'root'), ('NAME', 'Code'), ('WSL_INTEROP', '/run/WSL/487_interop'), ('PULSE_SERVER', 'unix:/mnt/wslg/PulseServer'), ('_', '/usr/bin/colcon'), ('ROS_VERSION', '2'), ('TERM', 'xterm-256color'), ('ROS_LOCALHOST_ONLY', '0'), ('PATH', '/root/.vscode-server/bin/360a4e4fd251bfce169a4ddf857c7d25d1ad40da/bin/remote-cli:/opt/ros/humble/bin:/usr/local/sbin:/usr/local/bin:/usr/sbin:/usr/bin:/sbin:/bin:/usr/games:/usr/local/games:/usr/lib/wsl/lib:/mnt/c/Windows/system32:/mnt/c/Windows:/mnt/c/Windows/System32/Wbem:/mnt/c/Windows/System32/WindowsPowerShell/v1.0/:/mnt/c/Windows/System32/OpenSSH/:/mnt/c/Program Files (x86)/NVIDIA Corporation/PhysX/Common:/mnt/c/WINDOWS/system32:/mnt/c/WINDOWS:/mnt/c/WINDOWS/System32/Wbem:/mnt/c/WINDOWS/System32/WindowsPowerShell/v1.0/:/mnt/c/WINDOWS/System32/OpenSSH/:/mnt/c/Program Files/dotnet/:/mnt/c/Program Files/NVIDIA Corporation/NVIDIA App/NvDLISR:/mnt/c/Program Files/Git/cmd:/mnt/c/Users/chris/AppData/Local/Microsoft/WindowsApps:/mnt/c/Users/chris/AppData/Local/Programs/Microsoft VS Code/bin:/snap/bin:/root/.vscode-server/extensions/ms-python.debugpy-2025.10.0-linux-x64/bundled/scripts/noConfigScripts:/root/.vscode-server/data/User/globalStorage/github.copilot-chat/debugCommand'), ('WT_SESSION', '402ded2a-7e1d-4116-8c7a-81d3b47e82bd'), ('XDG_RUNTIME_DIR', '/run/user/0/'), ('DISPLAY', ':0'), ('VSCODE_DEBUGPY_ADAPTER_ENDPOINTS', '/root/.vscode-server/extensions/ms-python.debugpy-2025.10.0-linux-x64/.noConfigDebugAdapterEndpoints/endpoint-d6e2528f5321a076.txt'), ('LANG', 'en_US.UTF-8'), ('LS_COLORS', 'rs=0:di=01;34:ln=01;36:mh=00:pi=40;33:so=01;35:do=01;35:bd=40;33;01:cd=40;33;01:or=40;31;01:mi=00:su=37;41:sg=30;43:ca=30;41:tw=30;42:ow=34;42:st=37;44:ex=01;32:*.tar=01;31:*.tgz=01;31:*.arc=01;31:*.arj=01;31:*.taz=01;31:*.lha=01;31:*.lz4=01;31:*.lzh=01;31:*.lzma=01;31:*.tlz=01;31:*.txz=01;31:*.tzo=01;31:*.t7z=01;31:*.zip=01;31:*.z=01;31:*.dz=01;31:*.gz=01;31:*.lrz=01;31:*.lz=01;31:*.lzo=01;31:*.xz=01;31:*.zst=01;31:*.tzst=01;31:*.bz2=01;31:*.bz=01;31:*.tbz=01;31:*.tbz2=01;31:*.tz=01;31:*.deb=01;31:*.rpm=01;31:*.jar=01;31:*.war=01;31:*.ear=01;31:*.sar=01;31:*.rar=01;31:*.alz=01;31:*.ace=01;31:*.zoo=01;31:*.cpio=01;31:*.7z=01;31:*.rz=01;31:*.cab=01;31:*.wim=01;31:*.swm=01;31:*.dwm=01;31:*.esd=01;31:*.jpg=01;35:*.jpeg=01;35:*.mjpg=01;35:*.mjpeg=01;35:*.gif=01;35:*.bmp=01;35:*.pbm=01;35:*.pgm=01;35:*.ppm=01;35:*.tga=01;35:*.xbm=01;35:*.xpm=01;35:*.tif=01;35:*.tiff=01;35:*.png=01;35:*.svg=01;35:*.svgz=01;35:*.mng=01;35:*.pcx=01;35:*.mov=01;35:*.mpg=01;35:*.mpeg=01;35:*.m2v=01;35:*.mkv=01;35:*.webm=01;35:*.webp=01;35:*.ogm=01;35:*.mp4=01;35:*.m4v=01;35:*.mp4v=01;35:*.vob=01;35:*.qt=01;35:*.nuv=01;35:*.wmv=01;35:*.asf=01;35:*.rm=01;35:*.rmvb=01;35:*.flc=01;35:*.avi=01;35:*.fli=01;35:*.flv=01;35:*.gl=01;35:*.dl=01;35:*.xcf=01;35:*.xwd=01;35:*.yuv=01;35:*.cgm=01;35:*.emf=01;35:*.ogv=01;35:*.ogx=01;35:*.aac=00;36:*.au=00;36:*.flac=00;36:*.m4a=00;36:*.mid=00;36:*.midi=00;36:*.mka=00;36:*.mp3=00;36:*.mpc=00;36:*.ogg=00;36:*.ra=00;36:*.wav=00;36:*.oga=00;36:*.opus=00;36:*.spx=00;36:*.xspf=00;36:'), ('VSCODE_GIT_IPC_HANDLE', '/run/user/0/vscode-git-c1d1440c90.sock'), ('TERM_PROGRAM', 'vscode'), ('AMENT_PREFIX_PATH', '/root/ws_sensor_combined/install/px4_ros_com:/root/ws_sensor_combined/install/example_mode_with_executor_cpp:/root/ws_sensor_combined/install/example_mode_vtol_cpp:/root/ws_sensor_combined/install/example_mode_rtl_replacement_cpp:/root/ws_sensor_combined/install/example_mode_manual_cpp:/root/ws_sensor_combined/install/example_mode_goto_global_cpp:/root/ws_sensor_combined/install/example_mode_goto_cpp:/root/ws_sensor_combined/install/example_mode_fw_attitude_cpp:/root/ws_sensor_combined/install/example_local_navigation_cpp:/root/ws_sensor_combined/install/example_global_navigation_cpp:/root/ws_sensor_combined/install/example_executor_with_multiple_modes_cpp:/root/ws_sensor_combined/install/px4_ros2_cpp:/root/ws_sensor_combined/install/px4_msgs:/opt/ros/humble'), ('SHELL', '/bin/bash'), ('LESSCLOSE', '/usr/bin/lesspipe %s %s'), ('VSCODE_GIT_ASKPASS_EXTRA_ARGS', ''), ('PWD', '/root/ws_sensor_combined/build/example_mode_with_executor_cpp'), ('XDG_DATA_DIRS', '/usr/local/share:/usr/share:/var/lib/snapd/desktop'), ('PYTHONPATH', '/root/ws_sensor_combined/install/px4_ros_com/local/lib/python3.10/dist-packages:/root/ws_sensor_combined/install/px4_msgs/local/lib/python3.10/dist-packages:/opt/ros/humble/lib/python3.10/site-packages:/opt/ros/humble/local/lib/python3.10/dist-packages'), ('COLCON', '1'), ('WSL2_GUI_APPS_ENABLED', '1'), ('HOSTTYPE', 'x86_64'), ('CMAKE_PREFIX_PATH', '/root/ws_sensor_combined/install/px4_ros2_cpp:/root/ws_sensor_combined/install/px4_msgs:/root/ws_sensor_combined/install/px4_ros_com:/root/ws_sensor_combined/install/example_mode_with_executor_cpp:/root/ws_sensor_combined/install/example_mode_vtol_cpp:/root/ws_sensor_combined/install/example_mode_rtl_replacement_cpp:/root/ws_sensor_combined/install/example_mode_manual_cpp:/root/ws_sensor_combined/install/example_mode_goto_global_cpp:/root/ws_sensor_combined/install/example_mode_goto_cpp:/root/ws_sensor_combined/install/example_mode_fw_attitude_cpp:/root/ws_sensor_combined/install/example_local_navigation_cpp:/root/ws_sensor_combined/install/example_global_navigation_cpp:/root/ws_sensor_combined/install/example_executor_with_multiple_modes_cpp:/opt/ros/humble'), ('WSLENV', 'ELECTRON_RUN_AS_NODE/w:WT_SESSION:WT_PROFILE_ID:')]), 'shell': False}
[2.043173] (example_mode_manual_cpp) CommandEnded: {'returncode': 0}
[2.044230] (example_mode_rtl_replacement_cpp) StdoutLine: {'line': b'-- Install configuration: ""\n'}
[2.044528] (example_mode_rtl_replacement_cpp) StdoutLine: {'line': b'-- Up-to-date: /root/ws_sensor_combined/install/example_mode_rtl_replacement_cpp/lib/example_mode_rtl_replacement_cpp/example_mode_rtl\n'}
[2.044636] (example_mode_rtl_replacement_cpp) StdoutLine: {'line': b'-- Up-to-date: /root/ws_sensor_combined/install/example_mode_rtl_replacement_cpp/share/ament_index/resource_index/package_run_dependencies/example_mode_rtl_replacement_cpp\n'}
[2.044674] (example_mode_rtl_replacement_cpp) StdoutLine: {'line': b'-- Up-to-date: /root/ws_sensor_combined/install/example_mode_rtl_replacement_cpp/share/ament_index/resource_index/parent_prefix_path/example_mode_rtl_replacement_cpp\n'}
[2.044703] (example_mode_rtl_replacement_cpp) StdoutLine: {'line': b'-- Up-to-date: /root/ws_sensor_combined/install/example_mode_rtl_replacement_cpp/share/example_mode_rtl_replacement_cpp/environment/ament_prefix_path.sh\n'}
[2.044771] (example_mode_rtl_replacement_cpp) StdoutLine: {'line': b'-- Up-to-date: /root/ws_sensor_combined/install/example_mode_rtl_replacement_cpp/share/example_mode_rtl_replacement_cpp/environment/ament_prefix_path.dsv\n'}
[2.044850] (example_mode_rtl_replacement_cpp) StdoutLine: {'line': b'-- Up-to-date: /root/ws_sensor_combined/install/example_mode_rtl_replacement_cpp/share/example_mode_rtl_replacement_cpp/environment/path.sh\n'}
[2.044931] (example_mode_rtl_replacement_cpp) StdoutLine: {'line': b'-- Up-to-date: /root/ws_sensor_combined/install/example_mode_rtl_replacement_cpp/share/example_mode_rtl_replacement_cpp/environment/path.dsv\n'}
[2.045012] (example_mode_rtl_replacement_cpp) StdoutLine: {'line': b'-- Up-to-date: /root/ws_sensor_combined/install/example_mode_rtl_replacement_cpp/share/example_mode_rtl_replacement_cpp/local_setup.bash\n'}
[2.045092] (example_mode_rtl_replacement_cpp) StdoutLine: {'line': b'-- Up-to-date: /root/ws_sensor_combined/install/example_mode_rtl_replacement_cpp/share/example_mode_rtl_replacement_cpp/local_setup.sh\n'}
[2.045172] (example_mode_rtl_replacement_cpp) StdoutLine: {'line': b'-- Up-to-date: /root/ws_sensor_combined/install/example_mode_rtl_replacement_cpp/share/example_mode_rtl_replacement_cpp/local_setup.zsh\n'}
[2.045251] (example_mode_rtl_replacement_cpp) StdoutLine: {'line': b'-- Up-to-date: /root/ws_sensor_combined/install/example_mode_rtl_replacement_cpp/share/example_mode_rtl_replacement_cpp/local_setup.dsv\n'}
[2.045330] (example_mode_rtl_replacement_cpp) StdoutLine: {'line': b'-- Installing: /root/ws_sensor_combined/install/example_mode_rtl_replacement_cpp/share/example_mode_rtl_replacement_cpp/package.dsv\n'}
[2.045401] (example_mode_rtl_replacement_cpp) StdoutLine: {'line': b'-- Up-to-date: /root/ws_sensor_combined/install/example_mode_rtl_replacement_cpp/share/ament_index/resource_index/packages/example_mode_rtl_replacement_cpp\n'}
[2.045491] (example_mode_rtl_replacement_cpp) StdoutLine: {'line': b'-- Up-to-date: /root/ws_sensor_combined/install/example_mode_rtl_replacement_cpp/share/example_mode_rtl_replacement_cpp/cmake/example_mode_rtl_replacement_cppConfig.cmake\n'}
[2.045548] (example_mode_rtl_replacement_cpp) StdoutLine: {'line': b'-- Up-to-date: /root/ws_sensor_combined/install/example_mode_rtl_replacement_cpp/share/example_mode_rtl_replacement_cpp/cmake/example_mode_rtl_replacement_cppConfig-version.cmake\n'}
[2.045601] (example_mode_rtl_replacement_cpp) StdoutLine: {'line': b'-- Up-to-date: /root/ws_sensor_combined/install/example_mode_rtl_replacement_cpp/share/example_mode_rtl_replacement_cpp/package.xml\n'}
[2.045668] (example_mode_vtol_cpp) StdoutLine: {'line': b'-- Install configuration: ""\n'}
[2.045735] (example_mode_vtol_cpp) StdoutLine: {'line': b'-- Up-to-date: /root/ws_sensor_combined/install/example_mode_vtol_cpp/lib/example_mode_vtol_cpp/example_mode_vtol\n'}
[2.045930] (example_mode_vtol_cpp) StdoutLine: {'line': b'-- Up-to-date: /root/ws_sensor_combined/install/example_mode_vtol_cpp/share/ament_index/resource_index/package_run_dependencies/example_mode_vtol_cpp\n'}
[2.046006] (example_mode_vtol_cpp) StdoutLine: {'line': b'-- Up-to-date: /root/ws_sensor_combined/install/example_mode_vtol_cpp/share/ament_index/resource_index/parent_prefix_path/example_mode_vtol_cpp\n'}
[2.046164] (example_mode_vtol_cpp) StdoutLine: {'line': b'-- Up-to-date: /root/ws_sensor_combined/install/example_mode_vtol_cpp/share/example_mode_vtol_cpp/environment/ament_prefix_path.sh\n'}
[2.046253] (example_mode_vtol_cpp) StdoutLine: {'line': b'-- Up-to-date: /root/ws_sensor_combined/install/example_mode_vtol_cpp/share/example_mode_vtol_cpp/environment/ament_prefix_path.dsv\n'}
[2.046325] (example_mode_vtol_cpp) StdoutLine: {'line': b'-- Up-to-date: /root/ws_sensor_combined/install/example_mode_vtol_cpp/share/example_mode_vtol_cpp/environment/path.sh\n'}
[2.046406] (example_mode_vtol_cpp) StdoutLine: {'line': b'-- Up-to-date: /root/ws_sensor_combined/install/example_mode_vtol_cpp/share/example_mode_vtol_cpp/environment/path.dsv\n'}
[2.046477] (example_mode_vtol_cpp) StdoutLine: {'line': b'-- Up-to-date: /root/ws_sensor_combined/install/example_mode_vtol_cpp/share/example_mode_vtol_cpp/local_setup.bash\n'}
[2.046545] (example_mode_vtol_cpp) StdoutLine: {'line': b'-- Up-to-date: /root/ws_sensor_combined/install/example_mode_vtol_cpp/share/example_mode_vtol_cpp/local_setup.sh\n'}
[2.046693] (example_mode_vtol_cpp) StdoutLine: {'line': b'-- Up-to-date: /root/ws_sensor_combined/install/example_mode_vtol_cpp/share/example_mode_vtol_cpp/local_setup.zsh\n'}
[2.046736] (example_mode_vtol_cpp) StdoutLine: {'line': b'-- Up-to-date: /root/ws_sensor_combined/install/example_mode_vtol_cpp/share/example_mode_vtol_cpp/local_setup.dsv\n'}
[2.046761] (example_mode_vtol_cpp) StdoutLine: {'line': b'-- Installing: /root/ws_sensor_combined/install/example_mode_vtol_cpp/share/example_mode_vtol_cpp/package.dsv\n'}
[2.046785] (example_mode_vtol_cpp) StdoutLine: {'line': b'-- Up-to-date: /root/ws_sensor_combined/install/example_mode_vtol_cpp/share/ament_index/resource_index/packages/example_mode_vtol_cpp\n'}
[2.046810] (example_mode_vtol_cpp) StdoutLine: {'line': b'-- Up-to-date: /root/ws_sensor_combined/install/example_mode_vtol_cpp/share/example_mode_vtol_cpp/cmake/example_mode_vtol_cppConfig.cmake\n'}
[2.046838] (example_mode_vtol_cpp) StdoutLine: {'line': b'-- Up-to-date: /root/ws_sensor_combined/install/example_mode_vtol_cpp/share/example_mode_vtol_cpp/cmake/example_mode_vtol_cppConfig-version.cmake\n'}
[2.046921] (example_mode_vtol_cpp) StdoutLine: {'line': b'-- Up-to-date: /root/ws_sensor_combined/install/example_mode_vtol_cpp/share/example_mode_vtol_cpp/package.xml\n'}
[2.047241] (example_mode_manual_cpp) JobProgress: {'identifier': 'example_mode_manual_cpp', 'progress': 'install'}
[2.047580] (example_mode_manual_cpp) Command: {'cmd': ['/usr/bin/cmake', '--install', '/root/ws_sensor_combined/build/example_mode_manual_cpp'], 'cwd': '/root/ws_sensor_combined/build/example_mode_manual_cpp', 'env': OrderedDict([('LESSOPEN', '| /usr/bin/lesspipe %s'), ('USER', 'root'), ('GIT_ASKPASS', '/root/.vscode-server/bin/360a4e4fd251bfce169a4ddf857c7d25d1ad40da/extensions/git/dist/askpass.sh'), ('SHLVL', '2'), ('LD_LIBRARY_PATH', '/root/ws_sensor_combined/install/px4_ros2_cpp/lib:/root/ws_sensor_combined/install/px4_msgs/lib:/root/ws_sensor_combined/install/px4_ros_com/lib:/opt/ros/humble/opt/rviz_ogre_vendor/lib:/opt/ros/humble/lib/x86_64-linux-gnu:/opt/ros/humble/lib'), ('WT_PROFILE_ID', '{4ff56d04-d9cf-57ea-bae2-ad396374e7e3}'), ('HOME', '/root'), ('TERM_PROGRAM_VERSION', '1.103.1'), ('VSCODE_IPC_HOOK_CLI', '/run/user/0/vscode-ipc-7c4c6447-ae3c-495f-b12e-4b258fca685d.sock'), ('ROS_PYTHON_VERSION', '3'), ('VSCODE_GIT_ASKPASS_MAIN', '/root/.vscode-server/bin/360a4e4fd251bfce169a4ddf857c7d25d1ad40da/extensions/git/dist/askpass-main.js'), ('VSCODE_GIT_ASKPASS_NODE', '/root/.vscode-server/bin/360a4e4fd251bfce169a4ddf857c7d25d1ad40da/node'), ('PYDEVD_DISABLE_FILE_VALIDATION', '1'), ('BUNDLED_DEBUGPY_PATH', '/root/.vscode-server/extensions/ms-python.debugpy-2025.10.0-linux-x64/bundled/libs/debugpy'), ('DBUS_SESSION_BUS_ADDRESS', 'unix:path=/run/user/0/bus'), ('COLORTERM', 'truecolor'), ('WSL_DISTRO_NAME', 'Ubuntu-22.04'), ('DEBUGINFOD_URLS', ''), ('WAYLAND_DISPLAY', 'wayland-0'), ('COLCON_PREFIX_PATH', '/root/ws_sensor_combined/install'), ('ROS_DISTRO', 'humble'), ('LOGNAME', 'root'), ('NAME', 'Code'), ('WSL_INTEROP', '/run/WSL/487_interop'), ('PULSE_SERVER', 'unix:/mnt/wslg/PulseServer'), ('_', '/usr/bin/colcon'), ('ROS_VERSION', '2'), ('TERM', 'xterm-256color'), ('ROS_LOCALHOST_ONLY', '0'), ('PATH', '/root/.vscode-server/bin/360a4e4fd251bfce169a4ddf857c7d25d1ad40da/bin/remote-cli:/opt/ros/humble/bin:/usr/local/sbin:/usr/local/bin:/usr/sbin:/usr/bin:/sbin:/bin:/usr/games:/usr/local/games:/usr/lib/wsl/lib:/mnt/c/Windows/system32:/mnt/c/Windows:/mnt/c/Windows/System32/Wbem:/mnt/c/Windows/System32/WindowsPowerShell/v1.0/:/mnt/c/Windows/System32/OpenSSH/:/mnt/c/Program Files (x86)/NVIDIA Corporation/PhysX/Common:/mnt/c/WINDOWS/system32:/mnt/c/WINDOWS:/mnt/c/WINDOWS/System32/Wbem:/mnt/c/WINDOWS/System32/WindowsPowerShell/v1.0/:/mnt/c/WINDOWS/System32/OpenSSH/:/mnt/c/Program Files/dotnet/:/mnt/c/Program Files/NVIDIA Corporation/NVIDIA App/NvDLISR:/mnt/c/Program Files/Git/cmd:/mnt/c/Users/chris/AppData/Local/Microsoft/WindowsApps:/mnt/c/Users/chris/AppData/Local/Programs/Microsoft VS Code/bin:/snap/bin:/root/.vscode-server/extensions/ms-python.debugpy-2025.10.0-linux-x64/bundled/scripts/noConfigScripts:/root/.vscode-server/data/User/globalStorage/github.copilot-chat/debugCommand'), ('WT_SESSION', '402ded2a-7e1d-4116-8c7a-81d3b47e82bd'), ('XDG_RUNTIME_DIR', '/run/user/0/'), ('DISPLAY', ':0'), ('VSCODE_DEBUGPY_ADAPTER_ENDPOINTS', '/root/.vscode-server/extensions/ms-python.debugpy-2025.10.0-linux-x64/.noConfigDebugAdapterEndpoints/endpoint-d6e2528f5321a076.txt'), ('LANG', 'en_US.UTF-8'), ('LS_COLORS', 'rs=0:di=01;34:ln=01;36:mh=00:pi=40;33:so=01;35:do=01;35:bd=40;33;01:cd=40;33;01:or=40;31;01:mi=00:su=37;41:sg=30;43:ca=30;41:tw=30;42:ow=34;42:st=37;44:ex=01;32:*.tar=01;31:*.tgz=01;31:*.arc=01;31:*.arj=01;31:*.taz=01;31:*.lha=01;31:*.lz4=01;31:*.lzh=01;31:*.lzma=01;31:*.tlz=01;31:*.txz=01;31:*.tzo=01;31:*.t7z=01;31:*.zip=01;31:*.z=01;31:*.dz=01;31:*.gz=01;31:*.lrz=01;31:*.lz=01;31:*.lzo=01;31:*.xz=01;31:*.zst=01;31:*.tzst=01;31:*.bz2=01;31:*.bz=01;31:*.tbz=01;31:*.tbz2=01;31:*.tz=01;31:*.deb=01;31:*.rpm=01;31:*.jar=01;31:*.war=01;31:*.ear=01;31:*.sar=01;31:*.rar=01;31:*.alz=01;31:*.ace=01;31:*.zoo=01;31:*.cpio=01;31:*.7z=01;31:*.rz=01;31:*.cab=01;31:*.wim=01;31:*.swm=01;31:*.dwm=01;31:*.esd=01;31:*.jpg=01;35:*.jpeg=01;35:*.mjpg=01;35:*.mjpeg=01;35:*.gif=01;35:*.bmp=01;35:*.pbm=01;35:*.pgm=01;35:*.ppm=01;35:*.tga=01;35:*.xbm=01;35:*.xpm=01;35:*.tif=01;35:*.tiff=01;35:*.png=01;35:*.svg=01;35:*.svgz=01;35:*.mng=01;35:*.pcx=01;35:*.mov=01;35:*.mpg=01;35:*.mpeg=01;35:*.m2v=01;35:*.mkv=01;35:*.webm=01;35:*.webp=01;35:*.ogm=01;35:*.mp4=01;35:*.m4v=01;35:*.mp4v=01;35:*.vob=01;35:*.qt=01;35:*.nuv=01;35:*.wmv=01;35:*.asf=01;35:*.rm=01;35:*.rmvb=01;35:*.flc=01;35:*.avi=01;35:*.fli=01;35:*.flv=01;35:*.gl=01;35:*.dl=01;35:*.xcf=01;35:*.xwd=01;35:*.yuv=01;35:*.cgm=01;35:*.emf=01;35:*.ogv=01;35:*.ogx=01;35:*.aac=00;36:*.au=00;36:*.flac=00;36:*.m4a=00;36:*.mid=00;36:*.midi=00;36:*.mka=00;36:*.mp3=00;36:*.mpc=00;36:*.ogg=00;36:*.ra=00;36:*.wav=00;36:*.oga=00;36:*.opus=00;36:*.spx=00;36:*.xspf=00;36:'), ('VSCODE_GIT_IPC_HANDLE', '/run/user/0/vscode-git-c1d1440c90.sock'), ('TERM_PROGRAM', 'vscode'), ('AMENT_PREFIX_PATH', '/root/ws_sensor_combined/install/px4_ros_com:/root/ws_sensor_combined/install/example_mode_with_executor_cpp:/root/ws_sensor_combined/install/example_mode_vtol_cpp:/root/ws_sensor_combined/install/example_mode_rtl_replacement_cpp:/root/ws_sensor_combined/install/example_mode_manual_cpp:/root/ws_sensor_combined/install/example_mode_goto_global_cpp:/root/ws_sensor_combined/install/example_mode_goto_cpp:/root/ws_sensor_combined/install/example_mode_fw_attitude_cpp:/root/ws_sensor_combined/install/example_local_navigation_cpp:/root/ws_sensor_combined/install/example_global_navigation_cpp:/root/ws_sensor_combined/install/example_executor_with_multiple_modes_cpp:/root/ws_sensor_combined/install/px4_ros2_cpp:/root/ws_sensor_combined/install/px4_msgs:/opt/ros/humble'), ('SHELL', '/bin/bash'), ('LESSCLOSE', '/usr/bin/lesspipe %s %s'), ('VSCODE_GIT_ASKPASS_EXTRA_ARGS', ''), ('PWD', '/root/ws_sensor_combined/build/example_mode_manual_cpp'), ('XDG_DATA_DIRS', '/usr/local/share:/usr/share:/var/lib/snapd/desktop'), ('PYTHONPATH', '/root/ws_sensor_combined/install/px4_ros_com/local/lib/python3.10/dist-packages:/root/ws_sensor_combined/install/px4_msgs/local/lib/python3.10/dist-packages:/opt/ros/humble/lib/python3.10/site-packages:/opt/ros/humble/local/lib/python3.10/dist-packages'), ('COLCON', '1'), ('WSL2_GUI_APPS_ENABLED', '1'), ('HOSTTYPE', 'x86_64'), ('CMAKE_PREFIX_PATH', '/root/ws_sensor_combined/install/px4_ros2_cpp:/root/ws_sensor_combined/install/px4_msgs:/root/ws_sensor_combined/install/px4_ros_com:/root/ws_sensor_combined/install/example_mode_with_executor_cpp:/root/ws_sensor_combined/install/example_mode_vtol_cpp:/root/ws_sensor_combined/install/example_mode_rtl_replacement_cpp:/root/ws_sensor_combined/install/example_mode_manual_cpp:/root/ws_sensor_combined/install/example_mode_goto_global_cpp:/root/ws_sensor_combined/install/example_mode_goto_cpp:/root/ws_sensor_combined/install/example_mode_fw_attitude_cpp:/root/ws_sensor_combined/install/example_local_navigation_cpp:/root/ws_sensor_combined/install/example_global_navigation_cpp:/root/ws_sensor_combined/install/example_executor_with_multiple_modes_cpp:/opt/ros/humble'), ('WSLENV', 'ELECTRON_RUN_AS_NODE/w:WT_SESSION:WT_PROFILE_ID:')]), 'shell': False}
[2.048529] (example_mode_with_executor_cpp) StdoutLine: {'line': b'-- Install configuration: ""\n'}
[2.048619] (px4_ros_com) StdoutLine: {'line': b'-- Found px4_msgs: 2.0.1 (/root/ws_sensor_combined/install/px4_msgs/share/px4_msgs/cmake)\n'}
[2.049638] (example_mode_goto_cpp) CommandEnded: {'returncode': 0}
[2.050062] (example_mode_with_executor_cpp) StdoutLine: {'line': b'-- Up-to-date: /root/ws_sensor_combined/install/example_mode_with_executor_cpp/lib/example_mode_with_executor_cpp/example_mode_with_executor\n'}
[2.050172] (example_mode_with_executor_cpp) StdoutLine: {'line': b'-- Up-to-date: /root/ws_sensor_combined/install/example_mode_with_executor_cpp/share/ament_index/resource_index/package_run_dependencies/example_mode_with_executor_cpp\n'}
[2.050260] (example_mode_with_executor_cpp) StdoutLine: {'line': b'-- Up-to-date: /root/ws_sensor_combined/install/example_mode_with_executor_cpp/share/ament_index/resource_index/parent_prefix_path/example_mode_with_executor_cpp\n'}
[2.050343] (example_mode_with_executor_cpp) StdoutLine: {'line': b'-- Up-to-date: /root/ws_sensor_combined/install/example_mode_with_executor_cpp/share/example_mode_with_executor_cpp/environment/ament_prefix_path.sh\n'}
[2.050425] (example_mode_with_executor_cpp) StdoutLine: {'line': b'-- Up-to-date: /root/ws_sensor_combined/install/example_mode_with_executor_cpp/share/example_mode_with_executor_cpp/environment/ament_prefix_path.dsv\n'}
[2.050513] (example_mode_with_executor_cpp) StdoutLine: {'line': b'-- Up-to-date: /root/ws_sensor_combined/install/example_mode_with_executor_cpp/share/example_mode_with_executor_cpp/environment/path.sh\n'}
[2.050600] (example_mode_with_executor_cpp) StdoutLine: {'line': b'-- Up-to-date: /root/ws_sensor_combined/install/example_mode_with_executor_cpp/share/example_mode_with_executor_cpp/environment/path.dsv\n'}
[2.050688] (example_mode_with_executor_cpp) StdoutLine: {'line': b'-- Up-to-date: /root/ws_sensor_combined/install/example_mode_with_executor_cpp/share/example_mode_with_executor_cpp/local_setup.bash\n'}
[2.050776] (example_mode_with_executor_cpp) StdoutLine: {'line': b'-- Up-to-date: /root/ws_sensor_combined/install/example_mode_with_executor_cpp/share/example_mode_with_executor_cpp/local_setup.sh\n'}
[2.050862] (example_mode_with_executor_cpp) StdoutLine: {'line': b'-- Up-to-date: /root/ws_sensor_combined/install/example_mode_with_executor_cpp/share/example_mode_with_executor_cpp/local_setup.zsh\n'}
[2.050947] (example_mode_with_executor_cpp) StdoutLine: {'line': b'-- Up-to-date: /root/ws_sensor_combined/install/example_mode_with_executor_cpp/share/example_mode_with_executor_cpp/local_setup.dsv\n'}
[2.051028] (example_mode_with_executor_cpp) StdoutLine: {'line': b'-- Installing: /root/ws_sensor_combined/install/example_mode_with_executor_cpp/share/example_mode_with_executor_cpp/package.dsv\n'}
[2.051110] (example_mode_with_executor_cpp) StdoutLine: {'line': b'-- Up-to-date: /root/ws_sensor_combined/install/example_mode_with_executor_cpp/share/ament_index/resource_index/packages/example_mode_with_executor_cpp\n'}
[2.051192] (example_mode_with_executor_cpp) StdoutLine: {'line': b'-- Up-to-date: /root/ws_sensor_combined/install/example_mode_with_executor_cpp/share/example_mode_with_executor_cpp/cmake/example_mode_with_executor_cppConfig.cmake\n'}
[2.051273] (example_mode_with_executor_cpp) StdoutLine: {'line': b'-- Up-to-date: /root/ws_sensor_combined/install/example_mode_with_executor_cpp/share/example_mode_with_executor_cpp/cmake/example_mode_with_executor_cppConfig-version.cmake\n'}
[2.051353] (example_mode_with_executor_cpp) StdoutLine: {'line': b'-- Up-to-date: /root/ws_sensor_combined/install/example_mode_with_executor_cpp/share/example_mode_with_executor_cpp/package.xml\n'}
[2.058757] (example_mode_goto_cpp) JobEnded: {'identifier': 'example_mode_goto_cpp', 'rc': 0}
[2.059738] (example_mode_fw_attitude_cpp) CommandEnded: {'returncode': 0}
[2.062200] (px4_ros_com) StdoutLine: {'line': b'-- Found rclcpp: 16.0.14 (/opt/ros/humble/share/rclcpp/cmake)\n'}
[2.067811] (example_mode_fw_attitude_cpp) JobEnded: {'identifier': 'example_mode_fw_attitude_cpp', 'rc': 0}
[2.070364] (example_mode_rtl_replacement_cpp) CommandEnded: {'returncode': 0}
[2.070778] (example_mode_manual_cpp) StdoutLine: {'line': b'-- Install configuration: ""\n'}
[2.071091] (example_mode_manual_cpp) StdoutLine: {'line': b'-- Up-to-date: /root/ws_sensor_combined/install/example_mode_manual_cpp/lib/example_mode_manual_cpp/example_mode_manual\n'}
[2.071183] (example_mode_manual_cpp) StdoutLine: {'line': b'-- Up-to-date: /root/ws_sensor_combined/install/example_mode_manual_cpp/share/ament_index/resource_index/package_run_dependencies/example_mode_manual_cpp\n'}
[2.071289] (example_mode_manual_cpp) StdoutLine: {'line': b'-- Up-to-date: /root/ws_sensor_combined/install/example_mode_manual_cpp/share/ament_index/resource_index/parent_prefix_path/example_mode_manual_cpp\n'}
[2.071475] (example_mode_manual_cpp) StdoutLine: {'line': b'-- Up-to-date: /root/ws_sensor_combined/install/example_mode_manual_cpp/share/example_mode_manual_cpp/environment/ament_prefix_path.sh\n'}
[2.071587] (example_mode_manual_cpp) StdoutLine: {'line': b'-- Up-to-date: /root/ws_sensor_combined/install/example_mode_manual_cpp/share/example_mode_manual_cpp/environment/ament_prefix_path.dsv\n'}
[2.071661] (example_mode_manual_cpp) StdoutLine: {'line': b'-- Up-to-date: /root/ws_sensor_combined/install/example_mode_manual_cpp/share/example_mode_manual_cpp/environment/path.sh\n'}
[2.071737] (example_mode_manual_cpp) StdoutLine: {'line': b'-- Up-to-date: /root/ws_sensor_combined/install/example_mode_manual_cpp/share/example_mode_manual_cpp/environment/path.dsv\n'}
[2.071825] (example_mode_manual_cpp) StdoutLine: {'line': b'-- Up-to-date: /root/ws_sensor_combined/install/example_mode_manual_cpp/share/example_mode_manual_cpp/local_setup.bash\n'}
[2.071907] (example_mode_manual_cpp) StdoutLine: {'line': b'-- Up-to-date: /root/ws_sensor_combined/install/example_mode_manual_cpp/share/example_mode_manual_cpp/local_setup.sh\n'}
[2.071968] (example_mode_manual_cpp) StdoutLine: {'line': b'-- Up-to-date: /root/ws_sensor_combined/install/example_mode_manual_cpp/share/example_mode_manual_cpp/local_setup.zsh\n'}
[2.072055] (example_mode_manual_cpp) StdoutLine: {'line': b'-- Up-to-date: /root/ws_sensor_combined/install/example_mode_manual_cpp/share/example_mode_manual_cpp/local_setup.dsv\n'}
[2.072117] (example_mode_manual_cpp) StdoutLine: {'line': b'-- Installing: /root/ws_sensor_combined/install/example_mode_manual_cpp/share/example_mode_manual_cpp/package.dsv\n'}
[2.072178] (example_mode_manual_cpp) StdoutLine: {'line': b'-- Up-to-date: /root/ws_sensor_combined/install/example_mode_manual_cpp/share/ament_index/resource_index/packages/example_mode_manual_cpp\n'}
[2.072261] (example_mode_manual_cpp) StdoutLine: {'line': b'-- Up-to-date: /root/ws_sensor_combined/install/example_mode_manual_cpp/share/example_mode_manual_cpp/cmake/example_mode_manual_cppConfig.cmake\n'}
[2.072334] (example_mode_manual_cpp) StdoutLine: {'line': b'-- Up-to-date: /root/ws_sensor_combined/install/example_mode_manual_cpp/share/example_mode_manual_cpp/cmake/example_mode_manual_cppConfig-version.cmake\n'}
[2.072418] (example_mode_manual_cpp) StdoutLine: {'line': b'-- Up-to-date: /root/ws_sensor_combined/install/example_mode_manual_cpp/share/example_mode_manual_cpp/package.xml\n'}
[2.079605] (example_mode_rtl_replacement_cpp) JobEnded: {'identifier': 'example_mode_rtl_replacement_cpp', 'rc': 0}
[2.080656] (example_mode_vtol_cpp) CommandEnded: {'returncode': 0}
[2.089148] (example_mode_vtol_cpp) JobEnded: {'identifier': 'example_mode_vtol_cpp', 'rc': 0}
[2.090080] (example_mode_with_executor_cpp) CommandEnded: {'returncode': 0}
[2.098295] (example_mode_with_executor_cpp) JobEnded: {'identifier': 'example_mode_with_executor_cpp', 'rc': 0}
[2.099066] (example_mode_manual_cpp) CommandEnded: {'returncode': 0}
[2.105048] (px4_ros_com) StdoutLine: {'line': b'-- Found rmw_implementation_cmake: 6.1.2 (/opt/ros/humble/share/rmw_implementation_cmake/cmake)\n'}
[2.107965] (example_mode_manual_cpp) JobEnded: {'identifier': 'example_mode_manual_cpp', 'rc': 0}
[2.109262] (px4_ros_com) StdoutLine: {'line': b'-- Found rmw_fastrtps_cpp: 6.2.8 (/opt/ros/humble/share/rmw_fastrtps_cpp/cmake)\n'}
[2.119089] (-) TimerEvent: {}
[2.219430] (-) TimerEvent: {}
[2.319796] (-) TimerEvent: {}
[2.420190] (-) TimerEvent: {}
[2.520591] (-) TimerEvent: {}
[2.621861] (-) TimerEvent: {}
[2.722180] (-) TimerEvent: {}
[2.822496] (-) TimerEvent: {}
[2.922836] (-) TimerEvent: {}
[3.023163] (-) TimerEvent: {}
[3.123473] (-) TimerEvent: {}
[3.223834] (-) TimerEvent: {}
[3.324282] (-) TimerEvent: {}
[3.424593] (-) TimerEvent: {}
[3.524925] (-) TimerEvent: {}
[3.625240] (-) TimerEvent: {}
[3.725548] (-) TimerEvent: {}
[3.825859] (-) TimerEvent: {}
[3.926161] (-) TimerEvent: {}
[4.026450] (-) TimerEvent: {}
[4.126773] (-) TimerEvent: {}
[4.227104] (-) TimerEvent: {}
[4.327404] (-) TimerEvent: {}
[4.427719] (-) TimerEvent: {}
[4.528069] (-) TimerEvent: {}
[4.628438] (-) TimerEvent: {}
[4.728761] (-) TimerEvent: {}
[4.829177] (-) TimerEvent: {}
[4.929798] (-) TimerEvent: {}
[5.030176] (-) TimerEvent: {}
[5.130484] (-) TimerEvent: {}
[5.230814] (-) TimerEvent: {}
[5.331194] (-) TimerEvent: {}
[5.431554] (-) TimerEvent: {}
[5.531935] (-) TimerEvent: {}
[5.632308] (-) TimerEvent: {}
[5.732723] (-) TimerEvent: {}
[5.833069] (-) TimerEvent: {}
[5.933429] (-) TimerEvent: {}
[6.033817] (-) TimerEvent: {}
[6.134206] (-) TimerEvent: {}
[6.200542] (px4_ros_com) StdoutLine: {'line': b"-- Using RMW implementation 'rmw_fastrtps_cpp' as default\n"}
[6.234324] (-) TimerEvent: {}
[6.235073] (px4_ros_com) StdoutLine: {'line': b'-- Found sensor_msgs: 4.9.0 (/opt/ros/humble/share/sensor_msgs/cmake)\n'}
[6.250305] (px4_ros_com) StdoutLine: {'line': b'-- Found rclpy: 3.3.17 (/opt/ros/humble/share/rclpy/cmake)\n'}
[6.257934] (px4_ros_com) StdoutLine: {'line': b'-- Found ament_lint_auto: 0.12.14 (/opt/ros/humble/share/ament_lint_auto/cmake)\n'}
[6.317339] (px4_ros_com) StdoutLine: {'line': b"-- Added test 'copyright' to check source files copyright and LICENSE\n"}
[6.321618] (px4_ros_com) StdoutLine: {'line': b"-- Added test 'cppcheck' to perform static code analysis on C / C++ code\n"}
[6.321909] (px4_ros_com) StdoutLine: {'line': b'-- Configured cppcheck include dirs: /root/ws_sensor_combined/src/px4_ros_com/include;$<BUILD_INTERFACE:/root/ws_sensor_combined/src/px4_ros_com/include/px4_ros_com>\n'}
[6.322001] (px4_ros_com) StdoutLine: {'line': b'-- Configured cppcheck exclude dirs and/or files: \n'}
[6.323952] (px4_ros_com) StdoutLine: {'line': b"-- Added test 'cpplint' to check C / C++ code against the Google style\n"}
[6.324207] (px4_ros_com) StdoutLine: {'line': b'-- Configured cpplint exclude dirs and/or files: \n'}
[6.324489] (px4_ros_com) StdoutLine: {'line': b"-- Added test 'flake8' to check Python code syntax and style conventions\n"}
[6.325288] (px4_ros_com) StdoutLine: {'line': b"-- Added test 'lint_cmake' to check CMake code style\n"}
[6.325936] (px4_ros_com) StdoutLine: {'line': b"-- Added test 'pep257' to check Python code against some of the docstring style conventions in PEP 257\n"}
[6.327839] (px4_ros_com) StdoutLine: {'line': b"-- Added test 'uncrustify' to check C / C++ code style\n"}
[6.327926] (px4_ros_com) StdoutLine: {'line': b'-- Configured uncrustify additional arguments: \n'}
[6.328372] (px4_ros_com) StdoutLine: {'line': b"-- Added test 'xmllint' to check XML markup files\n"}
[6.330856] (px4_ros_com) StdoutLine: {'line': b'-- Configuring done\n'}
[6.334506] (-) TimerEvent: {}
[6.359895] (px4_ros_com) StdoutLine: {'line': b'-- Generating done\n'}
[6.366800] (px4_ros_com) StdoutLine: {'line': b'-- Build files have been written to: /root/ws_sensor_combined/build/px4_ros_com\n'}
[6.386237] (px4_ros_com) StdoutLine: {'line': b'\x1b[35m\x1b[1mConsolidate compiler generated dependencies of target frame_transforms\x1b[0m\n'}
[6.386477] (px4_ros_com) StdoutLine: {'line': b'\x1b[35m\x1b[1mConsolidate compiler generated dependencies of target sensor_combined_listener\x1b[0m\n'}
[6.386523] (px4_ros_com) StdoutLine: {'line': b'\x1b[35m\x1b[1mConsolidate compiler generated dependencies of target vehicle_gps_position_listener\x1b[0m\n'}
[6.386685] (px4_ros_com) StdoutLine: {'line': b'\x1b[35m\x1b[1mConsolidate compiler generated dependencies of target debug_vect_advertiser\x1b[0m\n'}
[6.389924] (px4_ros_com) StdoutLine: {'line': b'\x1b[35m\x1b[1mConsolidate compiler generated dependencies of target offboard_control_srv\x1b[0m\n'}
[6.390906] (px4_ros_com) StdoutLine: {'line': b'\x1b[35m\x1b[1mConsolidate compiler generated dependencies of target offboard_control\x1b[0m\n'}
[6.393566] (px4_ros_com) StdoutLine: {'line': b'[  7%] \x1b[32mBuilding CXX object CMakeFiles/offboard_control_enae.dir/src/examples/offboard/offboard_control_enae788m.cpp.o\x1b[0m\n'}
[6.398981] (px4_ros_com) StdoutLine: {'line': b'[ 21%] Built target sensor_combined_listener\n'}
[6.400378] (px4_ros_com) StdoutLine: {'line': b'[ 35%] Built target vehicle_gps_position_listener\n'}
[6.400573] (px4_ros_com) StdoutLine: {'line': b'[ 42%] \x1b[32mBuilding CXX object CMakeFiles/offboard_control.dir/src/examples/offboard/offboard_control.cpp.o\x1b[0m\n'}
[6.400649] (px4_ros_com) StdoutLine: {'line': b'[ 42%] Built target ament_cmake_python_copy_px4_ros_com\n'}
[6.400799] (px4_ros_com) StdoutLine: {'line': b'[ 57%] Built target offboard_control_srv\n'}
[6.401967] (px4_ros_com) StdoutLine: {'line': b'[ 71%] Built target frame_transforms\n'}
[6.402944] (px4_ros_com) StdoutLine: {'line': b'[ 85%] Built target debug_vect_advertiser\n'}
[6.422656] (px4_ros_com) StderrLine: {'line': b'\x1b[01m\x1b[K/root/ws_sensor_combined/src/px4_ros_com/src/examples/offboard/offboard_control_enae788m.cpp:41:10:\x1b[m\x1b[K \x1b[01;31m\x1b[Kfatal error: \x1b[m\x1b[Kpx4_msgs/msg/offboard_control_mode.hpp: No such file or directory\n'}
[6.422808] (px4_ros_com) StderrLine: {'line': b'   41 | #include \x1b[01;31m\x1b[K<px4_msgs/msg/offboard_control_mode.hpp>\x1b[m\x1b[K\n'}
[6.422844] (px4_ros_com) StderrLine: {'line': b'      |          \x1b[01;31m\x1b[K^~~~~~~~~~~~~~~~~~~~~~~~~~~~~~~~~~~~~~~~\x1b[m\x1b[K\n'}
[6.422869] (px4_ros_com) StderrLine: {'line': b'compilation terminated.\n'}
[6.424058] (px4_ros_com) StderrLine: {'line': b'gmake[2]: *** [CMakeFiles/offboard_control_enae.dir/build.make:76: CMakeFiles/offboard_control_enae.dir/src/examples/offboard/offboard_control_enae788m.cpp.o] Error 1\n'}
[6.424335] (px4_ros_com) StderrLine: {'line': b'gmake[1]: *** [CMakeFiles/Makefile2:282: CMakeFiles/offboard_control_enae.dir/all] Error 2\n'}
[6.424409] (px4_ros_com) StderrLine: {'line': b'gmake[1]: *** Waiting for unfinished jobs....\n'}
[6.434604] (-) TimerEvent: {}
[6.524543] (px4_ros_com) StdoutLine: {'line': b'running egg_info\n'}
[6.534722] (-) TimerEvent: {}
[6.534958] (px4_ros_com) StdoutLine: {'line': b'writing px4_ros_com.egg-info/PKG-INFO\n'}
[6.535253] (px4_ros_com) StdoutLine: {'line': b'writing dependency_links to px4_ros_com.egg-info/dependency_links.txt\n'}
[6.535405] (px4_ros_com) StdoutLine: {'line': b'writing top-level names to px4_ros_com.egg-info/top_level.txt\n'}
[6.560425] (px4_ros_com) StdoutLine: {'line': b"reading manifest file 'px4_ros_com.egg-info/SOURCES.txt'\n"}
[6.561420] (px4_ros_com) StdoutLine: {'line': b"writing manifest file 'px4_ros_com.egg-info/SOURCES.txt'\n"}
[6.583605] (px4_ros_com) StdoutLine: {'line': b'[ 85%] Built target ament_cmake_python_build_px4_ros_com_egg\n'}
[6.634855] (-) TimerEvent: {}
[6.735199] (-) TimerEvent: {}
[6.835550] (-) TimerEvent: {}
[6.935925] (-) TimerEvent: {}
[7.036245] (-) TimerEvent: {}
[7.136557] (-) TimerEvent: {}
[7.236973] (-) TimerEvent: {}
[7.337408] (-) TimerEvent: {}
[7.437832] (-) TimerEvent: {}
[7.538208] (-) TimerEvent: {}
[7.638535] (-) TimerEvent: {}
[7.738898] (-) TimerEvent: {}
[7.839249] (-) TimerEvent: {}
[7.939650] (-) TimerEvent: {}
[8.040008] (-) TimerEvent: {}
[8.140387] (-) TimerEvent: {}
[8.240721] (-) TimerEvent: {}
[8.341139] (-) TimerEvent: {}
[8.441539] (-) TimerEvent: {}
[8.541857] (-) TimerEvent: {}
[8.642168] (-) TimerEvent: {}
[8.742497] (-) TimerEvent: {}
[8.842849] (-) TimerEvent: {}
[8.943226] (-) TimerEvent: {}
[9.043551] (-) TimerEvent: {}
[9.143866] (-) TimerEvent: {}
[9.244197] (-) TimerEvent: {}
[9.344554] (-) TimerEvent: {}
[9.445029] (-) TimerEvent: {}
[9.545432] (-) TimerEvent: {}
[9.645764] (-) TimerEvent: {}
[9.746106] (-) TimerEvent: {}
[9.846396] (-) TimerEvent: {}
[9.946722] (-) TimerEvent: {}
[10.047177] (-) TimerEvent: {}
[10.096404] (px4_ros_com) StdoutLine: {'line': b'[ 92%] \x1b[32m\x1b[1mLinking CXX executable offboard_control\x1b[0m\n'}
[10.147294] (-) TimerEvent: {}
[10.247692] (-) TimerEvent: {}
[10.348078] (-) TimerEvent: {}
[10.383207] (px4_ros_com) StdoutLine: {'line': b'[ 92%] Built target offboard_control\n'}
[10.385238] (px4_ros_com) StderrLine: {'line': b'gmake: *** [Makefile:146: all] Error 2\n'}
[10.388620] (px4_ros_com) CommandEnded: {'returncode': 2}
[10.399102] (px4_ros_com) JobEnded: {'identifier': 'px4_ros_com', 'rc': 2}
[10.410377] (-) EventReactorShutdown: {}
