[0.123s] DEBUG:colcon:Command line arguments: ['/usr/bin/colcon', 'build']
[0.123s] DEBUG:colcon:Parsed command line arguments: Namespace(log_base=None, log_level=None, verb_name='build', build_base='build', install_base='install', merge_install=False, symlink_install=False, test_result_base=None, continue_on_error=False, executor='parallel', parallel_workers=20, event_handlers=None, ignore_user_meta=False, metas=['./colcon.meta'], base_paths=['.'], packages_ignore=None, packages_ignore_regex=None, paths=None, packages_up_to=None, packages_up_to_regex=None, packages_above=None, packages_above_and_dependencies=None, packages_above_depth=None, packages_select_by_dep=None, packages_skip_by_dep=None, packages_skip_up_to=None, packages_select_build_failed=False, packages_skip_build_finished=False, packages_select_test_failures=False, packages_skip_test_passed=False, packages_select=None, packages_skip=None, packages_select_regex=None, packages_skip_regex=None, packages_start=None, packages_end=None, allow_overriding=[], cmake_args=None, cmake_target=None, cmake_target_skip_unavailable=False, cmake_clean_cache=False, cmake_clean_first=False, cmake_force_configure=False, ament_cmake_args=None, catkin_cmake_args=None, catkin_skip_building_tests=False, mixin_files=None, mixin=None, verb_parser=<colcon_mixin.mixin.mixin_argument.MixinArgumentDecorator object at 0x7429c5b4af80>, verb_extension=<colcon_core.verb.build.BuildVerb object at 0x7429c5b4a980>, main=<bound method BuildVerb.main of <colcon_core.verb.build.BuildVerb object at 0x7429c5b4a980>>, mixin_verb=('build',))
[0.154s] Level 1:colcon.colcon_core.package_discovery:discover_packages(colcon_meta) check parameters
[0.154s] Level 1:colcon.colcon_core.package_discovery:discover_packages(recursive) check parameters
[0.154s] Level 1:colcon.colcon_core.package_discovery:discover_packages(ignore) check parameters
[0.154s] Level 1:colcon.colcon_core.package_discovery:discover_packages(path) check parameters
[0.154s] Level 1:colcon.colcon_core.package_discovery:discover_packages(colcon_meta) discover
[0.154s] Level 1:colcon.colcon_core.package_discovery:discover_packages(recursive) discover
[0.154s] INFO:colcon.colcon_core.package_discovery:Crawling recursively for packages in '/root/ws_sensor_combined'
[0.154s] Level 1:colcon.colcon_core.package_identification:_identify(.) by extensions ['ignore', 'ignore_ament_install']
[0.154s] Level 1:colcon.colcon_core.package_identification:_identify(.) by extension 'ignore'
[0.154s] Level 1:colcon.colcon_core.package_identification:_identify(.) by extension 'ignore_ament_install'
[0.154s] Level 1:colcon.colcon_core.package_identification:_identify(.) by extensions ['colcon_pkg']
[0.154s] Level 1:colcon.colcon_core.package_identification:_identify(.) by extension 'colcon_pkg'
[0.154s] Level 1:colcon.colcon_core.package_identification:_identify(.) by extensions ['colcon_meta']
[0.154s] Level 1:colcon.colcon_core.package_identification:_identify(.) by extension 'colcon_meta'
[0.154s] Level 1:colcon.colcon_core.package_identification:_identify(.) by extensions ['ros']
[0.154s] Level 1:colcon.colcon_core.package_identification:_identify(.) by extension 'ros'
[0.165s] Level 1:colcon.colcon_core.package_identification:_identify(.) by extensions ['cmake', 'python']
[0.166s] Level 1:colcon.colcon_core.package_identification:_identify(.) by extension 'cmake'
[0.166s] Level 1:colcon.colcon_core.package_identification:_identify(.) by extension 'python'
[0.166s] Level 1:colcon.colcon_core.package_identification:_identify(.) by extensions ['python_setup_py']
[0.166s] Level 1:colcon.colcon_core.package_identification:_identify(.) by extension 'python_setup_py'
[0.166s] Level 1:colcon.colcon_core.package_identification:_identify(build) by extensions ['ignore', 'ignore_ament_install']
[0.166s] Level 1:colcon.colcon_core.package_identification:_identify(build) by extension 'ignore'
[0.166s] Level 1:colcon.colcon_core.package_identification:_identify(build) ignored
[0.166s] Level 1:colcon.colcon_core.package_identification:_identify(install) by extensions ['ignore', 'ignore_ament_install']
[0.166s] Level 1:colcon.colcon_core.package_identification:_identify(install) by extension 'ignore'
[0.166s] Level 1:colcon.colcon_core.package_identification:_identify(install) ignored
[0.166s] Level 1:colcon.colcon_core.package_identification:_identify(log) by extensions ['ignore', 'ignore_ament_install']
[0.166s] Level 1:colcon.colcon_core.package_identification:_identify(log) by extension 'ignore'
[0.167s] Level 1:colcon.colcon_core.package_identification:_identify(log) ignored
[0.167s] Level 1:colcon.colcon_core.package_identification:_identify(src) by extensions ['ignore', 'ignore_ament_install']
[0.167s] Level 1:colcon.colcon_core.package_identification:_identify(src) by extension 'ignore'
[0.167s] Level 1:colcon.colcon_core.package_identification:_identify(src) by extension 'ignore_ament_install'
[0.167s] Level 1:colcon.colcon_core.package_identification:_identify(src) by extensions ['colcon_pkg']
[0.167s] Level 1:colcon.colcon_core.package_identification:_identify(src) by extension 'colcon_pkg'
[0.167s] Level 1:colcon.colcon_core.package_identification:_identify(src) by extensions ['colcon_meta']
[0.167s] Level 1:colcon.colcon_core.package_identification:_identify(src) by extension 'colcon_meta'
[0.167s] Level 1:colcon.colcon_core.package_identification:_identify(src) by extensions ['ros']
[0.167s] Level 1:colcon.colcon_core.package_identification:_identify(src) by extension 'ros'
[0.167s] Level 1:colcon.colcon_core.package_identification:_identify(src) by extensions ['cmake', 'python']
[0.167s] Level 1:colcon.colcon_core.package_identification:_identify(src) by extension 'cmake'
[0.167s] Level 1:colcon.colcon_core.package_identification:_identify(src) by extension 'python'
[0.167s] Level 1:colcon.colcon_core.package_identification:_identify(src) by extensions ['python_setup_py']
[0.167s] Level 1:colcon.colcon_core.package_identification:_identify(src) by extension 'python_setup_py'
[0.167s] Level 1:colcon.colcon_core.package_identification:_identify(src/px4-ros2-interface-lib) by extensions ['ignore', 'ignore_ament_install']
[0.167s] Level 1:colcon.colcon_core.package_identification:_identify(src/px4-ros2-interface-lib) by extension 'ignore'
[0.167s] Level 1:colcon.colcon_core.package_identification:_identify(src/px4-ros2-interface-lib) by extension 'ignore_ament_install'
[0.167s] Level 1:colcon.colcon_core.package_identification:_identify(src/px4-ros2-interface-lib) by extensions ['colcon_pkg']
[0.167s] Level 1:colcon.colcon_core.package_identification:_identify(src/px4-ros2-interface-lib) by extension 'colcon_pkg'
[0.167s] Level 1:colcon.colcon_core.package_identification:_identify(src/px4-ros2-interface-lib) by extensions ['colcon_meta']
[0.167s] Level 1:colcon.colcon_core.package_identification:_identify(src/px4-ros2-interface-lib) by extension 'colcon_meta'
[0.167s] Level 1:colcon.colcon_core.package_identification:_identify(src/px4-ros2-interface-lib) by extensions ['ros']
[0.167s] Level 1:colcon.colcon_core.package_identification:_identify(src/px4-ros2-interface-lib) by extension 'ros'
[0.167s] Level 1:colcon.colcon_core.package_identification:_identify(src/px4-ros2-interface-lib) by extensions ['cmake', 'python']
[0.167s] Level 1:colcon.colcon_core.package_identification:_identify(src/px4-ros2-interface-lib) by extension 'cmake'
[0.167s] Level 1:colcon.colcon_core.package_identification:_identify(src/px4-ros2-interface-lib) by extension 'python'
[0.167s] Level 1:colcon.colcon_core.package_identification:_identify(src/px4-ros2-interface-lib) by extensions ['python_setup_py']
[0.167s] Level 1:colcon.colcon_core.package_identification:_identify(src/px4-ros2-interface-lib) by extension 'python_setup_py'
[0.167s] Level 1:colcon.colcon_core.package_identification:_identify(src/px4-ros2-interface-lib/examples) by extensions ['ignore', 'ignore_ament_install']
[0.167s] Level 1:colcon.colcon_core.package_identification:_identify(src/px4-ros2-interface-lib/examples) by extension 'ignore'
[0.167s] Level 1:colcon.colcon_core.package_identification:_identify(src/px4-ros2-interface-lib/examples) by extension 'ignore_ament_install'
[0.167s] Level 1:colcon.colcon_core.package_identification:_identify(src/px4-ros2-interface-lib/examples) by extensions ['colcon_pkg']
[0.167s] Level 1:colcon.colcon_core.package_identification:_identify(src/px4-ros2-interface-lib/examples) by extension 'colcon_pkg'
[0.167s] Level 1:colcon.colcon_core.package_identification:_identify(src/px4-ros2-interface-lib/examples) by extensions ['colcon_meta']
[0.167s] Level 1:colcon.colcon_core.package_identification:_identify(src/px4-ros2-interface-lib/examples) by extension 'colcon_meta'
[0.168s] Level 1:colcon.colcon_core.package_identification:_identify(src/px4-ros2-interface-lib/examples) by extensions ['ros']
[0.168s] Level 1:colcon.colcon_core.package_identification:_identify(src/px4-ros2-interface-lib/examples) by extension 'ros'
[0.168s] Level 1:colcon.colcon_core.package_identification:_identify(src/px4-ros2-interface-lib/examples) by extensions ['cmake', 'python']
[0.168s] Level 1:colcon.colcon_core.package_identification:_identify(src/px4-ros2-interface-lib/examples) by extension 'cmake'
[0.168s] Level 1:colcon.colcon_core.package_identification:_identify(src/px4-ros2-interface-lib/examples) by extension 'python'
[0.168s] Level 1:colcon.colcon_core.package_identification:_identify(src/px4-ros2-interface-lib/examples) by extensions ['python_setup_py']
[0.168s] Level 1:colcon.colcon_core.package_identification:_identify(src/px4-ros2-interface-lib/examples) by extension 'python_setup_py'
[0.168s] Level 1:colcon.colcon_core.package_identification:_identify(src/px4-ros2-interface-lib/examples/cpp) by extensions ['ignore', 'ignore_ament_install']
[0.168s] Level 1:colcon.colcon_core.package_identification:_identify(src/px4-ros2-interface-lib/examples/cpp) by extension 'ignore'
[0.168s] Level 1:colcon.colcon_core.package_identification:_identify(src/px4-ros2-interface-lib/examples/cpp) by extension 'ignore_ament_install'
[0.168s] Level 1:colcon.colcon_core.package_identification:_identify(src/px4-ros2-interface-lib/examples/cpp) by extensions ['colcon_pkg']
[0.168s] Level 1:colcon.colcon_core.package_identification:_identify(src/px4-ros2-interface-lib/examples/cpp) by extension 'colcon_pkg'
[0.168s] Level 1:colcon.colcon_core.package_identification:_identify(src/px4-ros2-interface-lib/examples/cpp) by extensions ['colcon_meta']
[0.169s] Level 1:colcon.colcon_core.package_identification:_identify(src/px4-ros2-interface-lib/examples/cpp) by extension 'colcon_meta'
[0.169s] Level 1:colcon.colcon_core.package_identification:_identify(src/px4-ros2-interface-lib/examples/cpp) by extensions ['ros']
[0.169s] Level 1:colcon.colcon_core.package_identification:_identify(src/px4-ros2-interface-lib/examples/cpp) by extension 'ros'
[0.169s] Level 1:colcon.colcon_core.package_identification:_identify(src/px4-ros2-interface-lib/examples/cpp) by extensions ['cmake', 'python']
[0.169s] Level 1:colcon.colcon_core.package_identification:_identify(src/px4-ros2-interface-lib/examples/cpp) by extension 'cmake'
[0.169s] Level 1:colcon.colcon_core.package_identification:_identify(src/px4-ros2-interface-lib/examples/cpp) by extension 'python'
[0.169s] Level 1:colcon.colcon_core.package_identification:_identify(src/px4-ros2-interface-lib/examples/cpp) by extensions ['python_setup_py']
[0.169s] Level 1:colcon.colcon_core.package_identification:_identify(src/px4-ros2-interface-lib/examples/cpp) by extension 'python_setup_py'
[0.169s] Level 1:colcon.colcon_core.package_identification:_identify(src/px4-ros2-interface-lib/examples/cpp/modes) by extensions ['ignore', 'ignore_ament_install']
[0.169s] Level 1:colcon.colcon_core.package_identification:_identify(src/px4-ros2-interface-lib/examples/cpp/modes) by extension 'ignore'
[0.169s] Level 1:colcon.colcon_core.package_identification:_identify(src/px4-ros2-interface-lib/examples/cpp/modes) by extension 'ignore_ament_install'
[0.169s] Level 1:colcon.colcon_core.package_identification:_identify(src/px4-ros2-interface-lib/examples/cpp/modes) by extensions ['colcon_pkg']
[0.169s] Level 1:colcon.colcon_core.package_identification:_identify(src/px4-ros2-interface-lib/examples/cpp/modes) by extension 'colcon_pkg'
[0.169s] Level 1:colcon.colcon_core.package_identification:_identify(src/px4-ros2-interface-lib/examples/cpp/modes) by extensions ['colcon_meta']
[0.169s] Level 1:colcon.colcon_core.package_identification:_identify(src/px4-ros2-interface-lib/examples/cpp/modes) by extension 'colcon_meta'
[0.169s] Level 1:colcon.colcon_core.package_identification:_identify(src/px4-ros2-interface-lib/examples/cpp/modes) by extensions ['ros']
[0.169s] Level 1:colcon.colcon_core.package_identification:_identify(src/px4-ros2-interface-lib/examples/cpp/modes) by extension 'ros'
[0.169s] Level 1:colcon.colcon_core.package_identification:_identify(src/px4-ros2-interface-lib/examples/cpp/modes) by extensions ['cmake', 'python']
[0.169s] Level 1:colcon.colcon_core.package_identification:_identify(src/px4-ros2-interface-lib/examples/cpp/modes) by extension 'cmake'
[0.169s] Level 1:colcon.colcon_core.package_identification:_identify(src/px4-ros2-interface-lib/examples/cpp/modes) by extension 'python'
[0.169s] Level 1:colcon.colcon_core.package_identification:_identify(src/px4-ros2-interface-lib/examples/cpp/modes) by extensions ['python_setup_py']
[0.169s] Level 1:colcon.colcon_core.package_identification:_identify(src/px4-ros2-interface-lib/examples/cpp/modes) by extension 'python_setup_py'
[0.169s] Level 1:colcon.colcon_core.package_identification:_identify(src/px4-ros2-interface-lib/examples/cpp/modes/executor_with_multiple_modes) by extensions ['ignore', 'ignore_ament_install']
[0.169s] Level 1:colcon.colcon_core.package_identification:_identify(src/px4-ros2-interface-lib/examples/cpp/modes/executor_with_multiple_modes) by extension 'ignore'
[0.169s] Level 1:colcon.colcon_core.package_identification:_identify(src/px4-ros2-interface-lib/examples/cpp/modes/executor_with_multiple_modes) by extension 'ignore_ament_install'
[0.169s] Level 1:colcon.colcon_core.package_identification:_identify(src/px4-ros2-interface-lib/examples/cpp/modes/executor_with_multiple_modes) by extensions ['colcon_pkg']
[0.169s] Level 1:colcon.colcon_core.package_identification:_identify(src/px4-ros2-interface-lib/examples/cpp/modes/executor_with_multiple_modes) by extension 'colcon_pkg'
[0.169s] Level 1:colcon.colcon_core.package_identification:_identify(src/px4-ros2-interface-lib/examples/cpp/modes/executor_with_multiple_modes) by extensions ['colcon_meta']
[0.169s] Level 1:colcon.colcon_core.package_identification:_identify(src/px4-ros2-interface-lib/examples/cpp/modes/executor_with_multiple_modes) by extension 'colcon_meta'
[0.169s] Level 1:colcon.colcon_core.package_identification:_identify(src/px4-ros2-interface-lib/examples/cpp/modes/executor_with_multiple_modes) by extensions ['ros']
[0.169s] Level 1:colcon.colcon_core.package_identification:_identify(src/px4-ros2-interface-lib/examples/cpp/modes/executor_with_multiple_modes) by extension 'ros'
[0.171s] DEBUG:colcon.colcon_core.package_identification:Package 'src/px4-ros2-interface-lib/examples/cpp/modes/executor_with_multiple_modes' with type 'ros.ament_cmake' and name 'example_executor_with_multiple_modes_cpp'
[0.171s] Level 1:colcon.colcon_core.package_identification:_identify(src/px4-ros2-interface-lib/examples/cpp/modes/fw_attitude) by extensions ['ignore', 'ignore_ament_install']
[0.171s] Level 1:colcon.colcon_core.package_identification:_identify(src/px4-ros2-interface-lib/examples/cpp/modes/fw_attitude) by extension 'ignore'
[0.171s] Level 1:colcon.colcon_core.package_identification:_identify(src/px4-ros2-interface-lib/examples/cpp/modes/fw_attitude) by extension 'ignore_ament_install'
[0.171s] Level 1:colcon.colcon_core.package_identification:_identify(src/px4-ros2-interface-lib/examples/cpp/modes/fw_attitude) by extensions ['colcon_pkg']
[0.171s] Level 1:colcon.colcon_core.package_identification:_identify(src/px4-ros2-interface-lib/examples/cpp/modes/fw_attitude) by extension 'colcon_pkg'
[0.171s] Level 1:colcon.colcon_core.package_identification:_identify(src/px4-ros2-interface-lib/examples/cpp/modes/fw_attitude) by extensions ['colcon_meta']
[0.171s] Level 1:colcon.colcon_core.package_identification:_identify(src/px4-ros2-interface-lib/examples/cpp/modes/fw_attitude) by extension 'colcon_meta'
[0.171s] Level 1:colcon.colcon_core.package_identification:_identify(src/px4-ros2-interface-lib/examples/cpp/modes/fw_attitude) by extensions ['ros']
[0.171s] Level 1:colcon.colcon_core.package_identification:_identify(src/px4-ros2-interface-lib/examples/cpp/modes/fw_attitude) by extension 'ros'
[0.172s] DEBUG:colcon.colcon_core.package_identification:Package 'src/px4-ros2-interface-lib/examples/cpp/modes/fw_attitude' with type 'ros.ament_cmake' and name 'example_mode_fw_attitude_cpp'
[0.172s] Level 1:colcon.colcon_core.package_identification:_identify(src/px4-ros2-interface-lib/examples/cpp/modes/goto) by extensions ['ignore', 'ignore_ament_install']
[0.172s] Level 1:colcon.colcon_core.package_identification:_identify(src/px4-ros2-interface-lib/examples/cpp/modes/goto) by extension 'ignore'
[0.172s] Level 1:colcon.colcon_core.package_identification:_identify(src/px4-ros2-interface-lib/examples/cpp/modes/goto) by extension 'ignore_ament_install'
[0.172s] Level 1:colcon.colcon_core.package_identification:_identify(src/px4-ros2-interface-lib/examples/cpp/modes/goto) by extensions ['colcon_pkg']
[0.172s] Level 1:colcon.colcon_core.package_identification:_identify(src/px4-ros2-interface-lib/examples/cpp/modes/goto) by extension 'colcon_pkg'
[0.172s] Level 1:colcon.colcon_core.package_identification:_identify(src/px4-ros2-interface-lib/examples/cpp/modes/goto) by extensions ['colcon_meta']
[0.172s] Level 1:colcon.colcon_core.package_identification:_identify(src/px4-ros2-interface-lib/examples/cpp/modes/goto) by extension 'colcon_meta'
[0.172s] Level 1:colcon.colcon_core.package_identification:_identify(src/px4-ros2-interface-lib/examples/cpp/modes/goto) by extensions ['ros']
[0.172s] Level 1:colcon.colcon_core.package_identification:_identify(src/px4-ros2-interface-lib/examples/cpp/modes/goto) by extension 'ros'
[0.173s] DEBUG:colcon.colcon_core.package_identification:Package 'src/px4-ros2-interface-lib/examples/cpp/modes/goto' with type 'ros.ament_cmake' and name 'example_mode_goto_cpp'
[0.173s] Level 1:colcon.colcon_core.package_identification:_identify(src/px4-ros2-interface-lib/examples/cpp/modes/goto_global) by extensions ['ignore', 'ignore_ament_install']
[0.173s] Level 1:colcon.colcon_core.package_identification:_identify(src/px4-ros2-interface-lib/examples/cpp/modes/goto_global) by extension 'ignore'
[0.173s] Level 1:colcon.colcon_core.package_identification:_identify(src/px4-ros2-interface-lib/examples/cpp/modes/goto_global) by extension 'ignore_ament_install'
[0.173s] Level 1:colcon.colcon_core.package_identification:_identify(src/px4-ros2-interface-lib/examples/cpp/modes/goto_global) by extensions ['colcon_pkg']
[0.173s] Level 1:colcon.colcon_core.package_identification:_identify(src/px4-ros2-interface-lib/examples/cpp/modes/goto_global) by extension 'colcon_pkg'
[0.173s] Level 1:colcon.colcon_core.package_identification:_identify(src/px4-ros2-interface-lib/examples/cpp/modes/goto_global) by extensions ['colcon_meta']
[0.173s] Level 1:colcon.colcon_core.package_identification:_identify(src/px4-ros2-interface-lib/examples/cpp/modes/goto_global) by extension 'colcon_meta'
[0.173s] Level 1:colcon.colcon_core.package_identification:_identify(src/px4-ros2-interface-lib/examples/cpp/modes/goto_global) by extensions ['ros']
[0.173s] Level 1:colcon.colcon_core.package_identification:_identify(src/px4-ros2-interface-lib/examples/cpp/modes/goto_global) by extension 'ros'
[0.174s] DEBUG:colcon.colcon_core.package_identification:Package 'src/px4-ros2-interface-lib/examples/cpp/modes/goto_global' with type 'ros.ament_cmake' and name 'example_mode_goto_global_cpp'
[0.174s] Level 1:colcon.colcon_core.package_identification:_identify(src/px4-ros2-interface-lib/examples/cpp/modes/manual) by extensions ['ignore', 'ignore_ament_install']
[0.174s] Level 1:colcon.colcon_core.package_identification:_identify(src/px4-ros2-interface-lib/examples/cpp/modes/manual) by extension 'ignore'
[0.174s] Level 1:colcon.colcon_core.package_identification:_identify(src/px4-ros2-interface-lib/examples/cpp/modes/manual) by extension 'ignore_ament_install'
[0.174s] Level 1:colcon.colcon_core.package_identification:_identify(src/px4-ros2-interface-lib/examples/cpp/modes/manual) by extensions ['colcon_pkg']
[0.174s] Level 1:colcon.colcon_core.package_identification:_identify(src/px4-ros2-interface-lib/examples/cpp/modes/manual) by extension 'colcon_pkg'
[0.174s] Level 1:colcon.colcon_core.package_identification:_identify(src/px4-ros2-interface-lib/examples/cpp/modes/manual) by extensions ['colcon_meta']
[0.174s] Level 1:colcon.colcon_core.package_identification:_identify(src/px4-ros2-interface-lib/examples/cpp/modes/manual) by extension 'colcon_meta'
[0.174s] Level 1:colcon.colcon_core.package_identification:_identify(src/px4-ros2-interface-lib/examples/cpp/modes/manual) by extensions ['ros']
[0.174s] Level 1:colcon.colcon_core.package_identification:_identify(src/px4-ros2-interface-lib/examples/cpp/modes/manual) by extension 'ros'
[0.174s] DEBUG:colcon.colcon_core.package_identification:Package 'src/px4-ros2-interface-lib/examples/cpp/modes/manual' with type 'ros.ament_cmake' and name 'example_mode_manual_cpp'
[0.174s] Level 1:colcon.colcon_core.package_identification:_identify(src/px4-ros2-interface-lib/examples/cpp/modes/mode_with_executor) by extensions ['ignore', 'ignore_ament_install']
[0.174s] Level 1:colcon.colcon_core.package_identification:_identify(src/px4-ros2-interface-lib/examples/cpp/modes/mode_with_executor) by extension 'ignore'
[0.174s] Level 1:colcon.colcon_core.package_identification:_identify(src/px4-ros2-interface-lib/examples/cpp/modes/mode_with_executor) by extension 'ignore_ament_install'
[0.175s] Level 1:colcon.colcon_core.package_identification:_identify(src/px4-ros2-interface-lib/examples/cpp/modes/mode_with_executor) by extensions ['colcon_pkg']
[0.175s] Level 1:colcon.colcon_core.package_identification:_identify(src/px4-ros2-interface-lib/examples/cpp/modes/mode_with_executor) by extension 'colcon_pkg'
[0.175s] Level 1:colcon.colcon_core.package_identification:_identify(src/px4-ros2-interface-lib/examples/cpp/modes/mode_with_executor) by extensions ['colcon_meta']
[0.175s] Level 1:colcon.colcon_core.package_identification:_identify(src/px4-ros2-interface-lib/examples/cpp/modes/mode_with_executor) by extension 'colcon_meta'
[0.175s] Level 1:colcon.colcon_core.package_identification:_identify(src/px4-ros2-interface-lib/examples/cpp/modes/mode_with_executor) by extensions ['ros']
[0.175s] Level 1:colcon.colcon_core.package_identification:_identify(src/px4-ros2-interface-lib/examples/cpp/modes/mode_with_executor) by extension 'ros'
[0.175s] DEBUG:colcon.colcon_core.package_identification:Package 'src/px4-ros2-interface-lib/examples/cpp/modes/mode_with_executor' with type 'ros.ament_cmake' and name 'example_mode_with_executor_cpp'
[0.175s] Level 1:colcon.colcon_core.package_identification:_identify(src/px4-ros2-interface-lib/examples/cpp/modes/rtl_replacement) by extensions ['ignore', 'ignore_ament_install']
[0.175s] Level 1:colcon.colcon_core.package_identification:_identify(src/px4-ros2-interface-lib/examples/cpp/modes/rtl_replacement) by extension 'ignore'
[0.175s] Level 1:colcon.colcon_core.package_identification:_identify(src/px4-ros2-interface-lib/examples/cpp/modes/rtl_replacement) by extension 'ignore_ament_install'
[0.175s] Level 1:colcon.colcon_core.package_identification:_identify(src/px4-ros2-interface-lib/examples/cpp/modes/rtl_replacement) by extensions ['colcon_pkg']
[0.175s] Level 1:colcon.colcon_core.package_identification:_identify(src/px4-ros2-interface-lib/examples/cpp/modes/rtl_replacement) by extension 'colcon_pkg'
[0.175s] Level 1:colcon.colcon_core.package_identification:_identify(src/px4-ros2-interface-lib/examples/cpp/modes/rtl_replacement) by extensions ['colcon_meta']
[0.175s] Level 1:colcon.colcon_core.package_identification:_identify(src/px4-ros2-interface-lib/examples/cpp/modes/rtl_replacement) by extension 'colcon_meta'
[0.175s] Level 1:colcon.colcon_core.package_identification:_identify(src/px4-ros2-interface-lib/examples/cpp/modes/rtl_replacement) by extensions ['ros']
[0.175s] Level 1:colcon.colcon_core.package_identification:_identify(src/px4-ros2-interface-lib/examples/cpp/modes/rtl_replacement) by extension 'ros'
[0.176s] DEBUG:colcon.colcon_core.package_identification:Package 'src/px4-ros2-interface-lib/examples/cpp/modes/rtl_replacement' with type 'ros.ament_cmake' and name 'example_mode_rtl_replacement_cpp'
[0.176s] Level 1:colcon.colcon_core.package_identification:_identify(src/px4-ros2-interface-lib/examples/cpp/modes/vtol) by extensions ['ignore', 'ignore_ament_install']
[0.177s] Level 1:colcon.colcon_core.package_identification:_identify(src/px4-ros2-interface-lib/examples/cpp/modes/vtol) by extension 'ignore'
[0.177s] Level 1:colcon.colcon_core.package_identification:_identify(src/px4-ros2-interface-lib/examples/cpp/modes/vtol) by extension 'ignore_ament_install'
[0.177s] Level 1:colcon.colcon_core.package_identification:_identify(src/px4-ros2-interface-lib/examples/cpp/modes/vtol) by extensions ['colcon_pkg']
[0.177s] Level 1:colcon.colcon_core.package_identification:_identify(src/px4-ros2-interface-lib/examples/cpp/modes/vtol) by extension 'colcon_pkg'
[0.177s] Level 1:colcon.colcon_core.package_identification:_identify(src/px4-ros2-interface-lib/examples/cpp/modes/vtol) by extensions ['colcon_meta']
[0.177s] Level 1:colcon.colcon_core.package_identification:_identify(src/px4-ros2-interface-lib/examples/cpp/modes/vtol) by extension 'colcon_meta'
[0.177s] Level 1:colcon.colcon_core.package_identification:_identify(src/px4-ros2-interface-lib/examples/cpp/modes/vtol) by extensions ['ros']
[0.177s] Level 1:colcon.colcon_core.package_identification:_identify(src/px4-ros2-interface-lib/examples/cpp/modes/vtol) by extension 'ros'
[0.177s] DEBUG:colcon.colcon_core.package_identification:Package 'src/px4-ros2-interface-lib/examples/cpp/modes/vtol' with type 'ros.ament_cmake' and name 'example_mode_vtol_cpp'
[0.177s] Level 1:colcon.colcon_core.package_identification:_identify(src/px4-ros2-interface-lib/examples/cpp/navigation) by extensions ['ignore', 'ignore_ament_install']
[0.177s] Level 1:colcon.colcon_core.package_identification:_identify(src/px4-ros2-interface-lib/examples/cpp/navigation) by extension 'ignore'
[0.177s] Level 1:colcon.colcon_core.package_identification:_identify(src/px4-ros2-interface-lib/examples/cpp/navigation) by extension 'ignore_ament_install'
[0.177s] Level 1:colcon.colcon_core.package_identification:_identify(src/px4-ros2-interface-lib/examples/cpp/navigation) by extensions ['colcon_pkg']
[0.177s] Level 1:colcon.colcon_core.package_identification:_identify(src/px4-ros2-interface-lib/examples/cpp/navigation) by extension 'colcon_pkg'
[0.177s] Level 1:colcon.colcon_core.package_identification:_identify(src/px4-ros2-interface-lib/examples/cpp/navigation) by extensions ['colcon_meta']
[0.177s] Level 1:colcon.colcon_core.package_identification:_identify(src/px4-ros2-interface-lib/examples/cpp/navigation) by extension 'colcon_meta'
[0.178s] Level 1:colcon.colcon_core.package_identification:_identify(src/px4-ros2-interface-lib/examples/cpp/navigation) by extensions ['ros']
[0.178s] Level 1:colcon.colcon_core.package_identification:_identify(src/px4-ros2-interface-lib/examples/cpp/navigation) by extension 'ros'
[0.178s] Level 1:colcon.colcon_core.package_identification:_identify(src/px4-ros2-interface-lib/examples/cpp/navigation) by extensions ['cmake', 'python']
[0.178s] Level 1:colcon.colcon_core.package_identification:_identify(src/px4-ros2-interface-lib/examples/cpp/navigation) by extension 'cmake'
[0.178s] Level 1:colcon.colcon_core.package_identification:_identify(src/px4-ros2-interface-lib/examples/cpp/navigation) by extension 'python'
[0.178s] Level 1:colcon.colcon_core.package_identification:_identify(src/px4-ros2-interface-lib/examples/cpp/navigation) by extensions ['python_setup_py']
[0.178s] Level 1:colcon.colcon_core.package_identification:_identify(src/px4-ros2-interface-lib/examples/cpp/navigation) by extension 'python_setup_py'
[0.178s] Level 1:colcon.colcon_core.package_identification:_identify(src/px4-ros2-interface-lib/examples/cpp/navigation/global_navigation) by extensions ['ignore', 'ignore_ament_install']
[0.178s] Level 1:colcon.colcon_core.package_identification:_identify(src/px4-ros2-interface-lib/examples/cpp/navigation/global_navigation) by extension 'ignore'
[0.178s] Level 1:colcon.colcon_core.package_identification:_identify(src/px4-ros2-interface-lib/examples/cpp/navigation/global_navigation) by extension 'ignore_ament_install'
[0.178s] Level 1:colcon.colcon_core.package_identification:_identify(src/px4-ros2-interface-lib/examples/cpp/navigation/global_navigation) by extensions ['colcon_pkg']
[0.178s] Level 1:colcon.colcon_core.package_identification:_identify(src/px4-ros2-interface-lib/examples/cpp/navigation/global_navigation) by extension 'colcon_pkg'
[0.178s] Level 1:colcon.colcon_core.package_identification:_identify(src/px4-ros2-interface-lib/examples/cpp/navigation/global_navigation) by extensions ['colcon_meta']
[0.178s] Level 1:colcon.colcon_core.package_identification:_identify(src/px4-ros2-interface-lib/examples/cpp/navigation/global_navigation) by extension 'colcon_meta'
[0.178s] Level 1:colcon.colcon_core.package_identification:_identify(src/px4-ros2-interface-lib/examples/cpp/navigation/global_navigation) by extensions ['ros']
[0.178s] Level 1:colcon.colcon_core.package_identification:_identify(src/px4-ros2-interface-lib/examples/cpp/navigation/global_navigation) by extension 'ros'
[0.178s] DEBUG:colcon.colcon_core.package_identification:Package 'src/px4-ros2-interface-lib/examples/cpp/navigation/global_navigation' with type 'ros.ament_cmake' and name 'example_global_navigation_cpp'
[0.179s] Level 1:colcon.colcon_core.package_identification:_identify(src/px4-ros2-interface-lib/examples/cpp/navigation/local_navigation) by extensions ['ignore', 'ignore_ament_install']
[0.179s] Level 1:colcon.colcon_core.package_identification:_identify(src/px4-ros2-interface-lib/examples/cpp/navigation/local_navigation) by extension 'ignore'
[0.179s] Level 1:colcon.colcon_core.package_identification:_identify(src/px4-ros2-interface-lib/examples/cpp/navigation/local_navigation) by extension 'ignore_ament_install'
[0.179s] Level 1:colcon.colcon_core.package_identification:_identify(src/px4-ros2-interface-lib/examples/cpp/navigation/local_navigation) by extensions ['colcon_pkg']
[0.179s] Level 1:colcon.colcon_core.package_identification:_identify(src/px4-ros2-interface-lib/examples/cpp/navigation/local_navigation) by extension 'colcon_pkg'
[0.179s] Level 1:colcon.colcon_core.package_identification:_identify(src/px4-ros2-interface-lib/examples/cpp/navigation/local_navigation) by extensions ['colcon_meta']
[0.179s] Level 1:colcon.colcon_core.package_identification:_identify(src/px4-ros2-interface-lib/examples/cpp/navigation/local_navigation) by extension 'colcon_meta'
[0.179s] Level 1:colcon.colcon_core.package_identification:_identify(src/px4-ros2-interface-lib/examples/cpp/navigation/local_navigation) by extensions ['ros']
[0.179s] Level 1:colcon.colcon_core.package_identification:_identify(src/px4-ros2-interface-lib/examples/cpp/navigation/local_navigation) by extension 'ros'
[0.179s] DEBUG:colcon.colcon_core.package_identification:Package 'src/px4-ros2-interface-lib/examples/cpp/navigation/local_navigation' with type 'ros.ament_cmake' and name 'example_local_navigation_cpp'
[0.179s] Level 1:colcon.colcon_core.package_identification:_identify(src/px4-ros2-interface-lib/px4_ros2_cpp) by extensions ['ignore', 'ignore_ament_install']
[0.179s] Level 1:colcon.colcon_core.package_identification:_identify(src/px4-ros2-interface-lib/px4_ros2_cpp) by extension 'ignore'
[0.180s] Level 1:colcon.colcon_core.package_identification:_identify(src/px4-ros2-interface-lib/px4_ros2_cpp) by extension 'ignore_ament_install'
[0.180s] Level 1:colcon.colcon_core.package_identification:_identify(src/px4-ros2-interface-lib/px4_ros2_cpp) by extensions ['colcon_pkg']
[0.180s] Level 1:colcon.colcon_core.package_identification:_identify(src/px4-ros2-interface-lib/px4_ros2_cpp) by extension 'colcon_pkg'
[0.180s] Level 1:colcon.colcon_core.package_identification:_identify(src/px4-ros2-interface-lib/px4_ros2_cpp) by extensions ['colcon_meta']
[0.180s] Level 1:colcon.colcon_core.package_identification:_identify(src/px4-ros2-interface-lib/px4_ros2_cpp) by extension 'colcon_meta'
[0.180s] Level 1:colcon.colcon_core.package_identification:_identify(src/px4-ros2-interface-lib/px4_ros2_cpp) by extensions ['ros']
[0.180s] Level 1:colcon.colcon_core.package_identification:_identify(src/px4-ros2-interface-lib/px4_ros2_cpp) by extension 'ros'
[0.180s] DEBUG:colcon.colcon_core.package_identification:Package 'src/px4-ros2-interface-lib/px4_ros2_cpp' with type 'ros.ament_cmake' and name 'px4_ros2_cpp'
[0.181s] Level 1:colcon.colcon_core.package_identification:_identify(src/px4-ros2-interface-lib/scripts) by extensions ['ignore', 'ignore_ament_install']
[0.181s] Level 1:colcon.colcon_core.package_identification:_identify(src/px4-ros2-interface-lib/scripts) by extension 'ignore'
[0.181s] Level 1:colcon.colcon_core.package_identification:_identify(src/px4-ros2-interface-lib/scripts) by extension 'ignore_ament_install'
[0.181s] Level 1:colcon.colcon_core.package_identification:_identify(src/px4-ros2-interface-lib/scripts) by extensions ['colcon_pkg']
[0.181s] Level 1:colcon.colcon_core.package_identification:_identify(src/px4-ros2-interface-lib/scripts) by extension 'colcon_pkg'
[0.181s] Level 1:colcon.colcon_core.package_identification:_identify(src/px4-ros2-interface-lib/scripts) by extensions ['colcon_meta']
[0.181s] Level 1:colcon.colcon_core.package_identification:_identify(src/px4-ros2-interface-lib/scripts) by extension 'colcon_meta'
[0.181s] Level 1:colcon.colcon_core.package_identification:_identify(src/px4-ros2-interface-lib/scripts) by extensions ['ros']
[0.181s] Level 1:colcon.colcon_core.package_identification:_identify(src/px4-ros2-interface-lib/scripts) by extension 'ros'
[0.181s] Level 1:colcon.colcon_core.package_identification:_identify(src/px4-ros2-interface-lib/scripts) by extensions ['cmake', 'python']
[0.181s] Level 1:colcon.colcon_core.package_identification:_identify(src/px4-ros2-interface-lib/scripts) by extension 'cmake'
[0.181s] Level 1:colcon.colcon_core.package_identification:_identify(src/px4-ros2-interface-lib/scripts) by extension 'python'
[0.181s] Level 1:colcon.colcon_core.package_identification:_identify(src/px4-ros2-interface-lib/scripts) by extensions ['python_setup_py']
[0.181s] Level 1:colcon.colcon_core.package_identification:_identify(src/px4-ros2-interface-lib/scripts) by extension 'python_setup_py'
[0.181s] Level 1:colcon.colcon_core.package_identification:_identify(src/px4_msgs) by extensions ['ignore', 'ignore_ament_install']
[0.181s] Level 1:colcon.colcon_core.package_identification:_identify(src/px4_msgs) by extension 'ignore'
[0.181s] Level 1:colcon.colcon_core.package_identification:_identify(src/px4_msgs) by extension 'ignore_ament_install'
[0.181s] Level 1:colcon.colcon_core.package_identification:_identify(src/px4_msgs) by extensions ['colcon_pkg']
[0.181s] Level 1:colcon.colcon_core.package_identification:_identify(src/px4_msgs) by extension 'colcon_pkg'
[0.181s] Level 1:colcon.colcon_core.package_identification:_identify(src/px4_msgs) by extensions ['colcon_meta']
[0.181s] Level 1:colcon.colcon_core.package_identification:_identify(src/px4_msgs) by extension 'colcon_meta'
[0.181s] Level 1:colcon.colcon_core.package_identification:_identify(src/px4_msgs) by extensions ['ros']
[0.181s] Level 1:colcon.colcon_core.package_identification:_identify(src/px4_msgs) by extension 'ros'
[0.182s] DEBUG:colcon.colcon_core.package_identification:Package 'src/px4_msgs' with type 'ros.ament_cmake' and name 'px4_msgs'
[0.182s] Level 1:colcon.colcon_core.package_identification:_identify(src/px4_ros_com) by extensions ['ignore', 'ignore_ament_install']
[0.182s] Level 1:colcon.colcon_core.package_identification:_identify(src/px4_ros_com) by extension 'ignore'
[0.182s] Level 1:colcon.colcon_core.package_identification:_identify(src/px4_ros_com) by extension 'ignore_ament_install'
[0.182s] Level 1:colcon.colcon_core.package_identification:_identify(src/px4_ros_com) by extensions ['colcon_pkg']
[0.182s] Level 1:colcon.colcon_core.package_identification:_identify(src/px4_ros_com) by extension 'colcon_pkg'
[0.182s] Level 1:colcon.colcon_core.package_identification:_identify(src/px4_ros_com) by extensions ['colcon_meta']
[0.182s] Level 1:colcon.colcon_core.package_identification:_identify(src/px4_ros_com) by extension 'colcon_meta'
[0.182s] Level 1:colcon.colcon_core.package_identification:_identify(src/px4_ros_com) by extensions ['ros']
[0.182s] Level 1:colcon.colcon_core.package_identification:_identify(src/px4_ros_com) by extension 'ros'
[0.183s] DEBUG:colcon.colcon_core.package_identification:Package 'src/px4_ros_com' with type 'ros.ament_cmake' and name 'px4_ros_com'
[0.183s] Level 1:colcon.colcon_core.package_discovery:discover_packages(recursive) using defaults
[0.183s] Level 1:colcon.colcon_core.package_discovery:discover_packages(ignore) discover
[0.183s] Level 1:colcon.colcon_core.package_discovery:discover_packages(ignore) using defaults
[0.183s] Level 1:colcon.colcon_core.package_discovery:discover_packages(path) discover
[0.183s] Level 1:colcon.colcon_core.package_discovery:discover_packages(path) using defaults
[0.200s] Level 1:colcon.colcon_core.package_discovery:discover_packages(prefix_path) check parameters
[0.200s] Level 1:colcon.colcon_core.package_discovery:discover_packages(prefix_path) discover
[0.202s] DEBUG:colcon.colcon_installed_package_information.package_discovery:Found 13 installed packages in /root/ws_sensor_combined/install
[0.203s] DEBUG:colcon.colcon_installed_package_information.package_discovery:Found 271 installed packages in /opt/ros/humble
[0.203s] Level 1:colcon.colcon_core.package_discovery:discover_packages(prefix_path) using defaults
[0.227s] Level 5:colcon.colcon_core.verb:set package 'px4_msgs' build argument 'cmake_args' from command line to 'None'
[0.227s] Level 5:colcon.colcon_core.verb:set package 'px4_msgs' build argument 'cmake_target' from command line to 'None'
[0.228s] Level 5:colcon.colcon_core.verb:set package 'px4_msgs' build argument 'cmake_target_skip_unavailable' from command line to 'False'
[0.228s] Level 5:colcon.colcon_core.verb:set package 'px4_msgs' build argument 'cmake_clean_cache' from command line to 'False'
[0.228s] Level 5:colcon.colcon_core.verb:set package 'px4_msgs' build argument 'cmake_clean_first' from command line to 'False'
[0.228s] Level 5:colcon.colcon_core.verb:set package 'px4_msgs' build argument 'cmake_force_configure' from command line to 'False'
[0.228s] Level 5:colcon.colcon_core.verb:set package 'px4_msgs' build argument 'ament_cmake_args' from command line to 'None'
[0.228s] Level 5:colcon.colcon_core.verb:set package 'px4_msgs' build argument 'catkin_cmake_args' from command line to 'None'
[0.228s] Level 5:colcon.colcon_core.verb:set package 'px4_msgs' build argument 'catkin_skip_building_tests' from command line to 'False'
[0.228s] DEBUG:colcon.colcon_core.verb:Building package 'px4_msgs' with the following arguments: {'ament_cmake_args': None, 'build_base': '/root/ws_sensor_combined/build/px4_msgs', 'catkin_cmake_args': None, 'catkin_skip_building_tests': False, 'cmake_args': None, 'cmake_clean_cache': False, 'cmake_clean_first': False, 'cmake_force_configure': False, 'cmake_target': None, 'cmake_target_skip_unavailable': False, 'install_base': '/root/ws_sensor_combined/install/px4_msgs', 'merge_install': False, 'path': '/root/ws_sensor_combined/src/px4_msgs', 'symlink_install': False, 'test_result_base': None}
[0.228s] Level 5:colcon.colcon_core.verb:set package 'px4_ros2_cpp' build argument 'cmake_args' from command line to 'None'
[0.228s] Level 5:colcon.colcon_core.verb:set package 'px4_ros2_cpp' build argument 'cmake_target' from command line to 'None'
[0.228s] Level 5:colcon.colcon_core.verb:set package 'px4_ros2_cpp' build argument 'cmake_target_skip_unavailable' from command line to 'False'
[0.228s] Level 5:colcon.colcon_core.verb:set package 'px4_ros2_cpp' build argument 'cmake_clean_cache' from command line to 'False'
[0.228s] Level 5:colcon.colcon_core.verb:set package 'px4_ros2_cpp' build argument 'cmake_clean_first' from command line to 'False'
[0.228s] Level 5:colcon.colcon_core.verb:set package 'px4_ros2_cpp' build argument 'cmake_force_configure' from command line to 'False'
[0.228s] Level 5:colcon.colcon_core.verb:set package 'px4_ros2_cpp' build argument 'ament_cmake_args' from command line to 'None'
[0.228s] Level 5:colcon.colcon_core.verb:set package 'px4_ros2_cpp' build argument 'catkin_cmake_args' from command line to 'None'
[0.228s] Level 5:colcon.colcon_core.verb:set package 'px4_ros2_cpp' build argument 'catkin_skip_building_tests' from command line to 'False'
[0.228s] DEBUG:colcon.colcon_core.verb:Building package 'px4_ros2_cpp' with the following arguments: {'ament_cmake_args': None, 'build_base': '/root/ws_sensor_combined/build/px4_ros2_cpp', 'catkin_cmake_args': None, 'catkin_skip_building_tests': False, 'cmake_args': None, 'cmake_clean_cache': False, 'cmake_clean_first': False, 'cmake_force_configure': False, 'cmake_target': None, 'cmake_target_skip_unavailable': False, 'install_base': '/root/ws_sensor_combined/install/px4_ros2_cpp', 'merge_install': False, 'path': '/root/ws_sensor_combined/src/px4-ros2-interface-lib/px4_ros2_cpp', 'symlink_install': False, 'test_result_base': None}
[0.228s] Level 5:colcon.colcon_core.verb:set package 'px4_ros_com' build argument 'cmake_args' from command line to 'None'
[0.228s] Level 5:colcon.colcon_core.verb:set package 'px4_ros_com' build argument 'cmake_target' from command line to 'None'
[0.228s] Level 5:colcon.colcon_core.verb:set package 'px4_ros_com' build argument 'cmake_target_skip_unavailable' from command line to 'False'
[0.228s] Level 5:colcon.colcon_core.verb:set package 'px4_ros_com' build argument 'cmake_clean_cache' from command line to 'False'
[0.228s] Level 5:colcon.colcon_core.verb:set package 'px4_ros_com' build argument 'cmake_clean_first' from command line to 'False'
[0.228s] Level 5:colcon.colcon_core.verb:set package 'px4_ros_com' build argument 'cmake_force_configure' from command line to 'False'
[0.228s] Level 5:colcon.colcon_core.verb:set package 'px4_ros_com' build argument 'ament_cmake_args' from command line to 'None'
[0.228s] Level 5:colcon.colcon_core.verb:set package 'px4_ros_com' build argument 'catkin_cmake_args' from command line to 'None'
[0.228s] Level 5:colcon.colcon_core.verb:set package 'px4_ros_com' build argument 'catkin_skip_building_tests' from command line to 'False'
[0.229s] DEBUG:colcon.colcon_core.verb:Building package 'px4_ros_com' with the following arguments: {'ament_cmake_args': None, 'build_base': '/root/ws_sensor_combined/build/px4_ros_com', 'catkin_cmake_args': None, 'catkin_skip_building_tests': False, 'cmake_args': None, 'cmake_clean_cache': False, 'cmake_clean_first': False, 'cmake_force_configure': False, 'cmake_target': None, 'cmake_target_skip_unavailable': False, 'install_base': '/root/ws_sensor_combined/install/px4_ros_com', 'merge_install': False, 'path': '/root/ws_sensor_combined/src/px4_ros_com', 'symlink_install': False, 'test_result_base': None}
[0.229s] Level 5:colcon.colcon_core.verb:set package 'example_executor_with_multiple_modes_cpp' build argument 'cmake_args' from command line to 'None'
[0.229s] Level 5:colcon.colcon_core.verb:set package 'example_executor_with_multiple_modes_cpp' build argument 'cmake_target' from command line to 'None'
[0.229s] Level 5:colcon.colcon_core.verb:set package 'example_executor_with_multiple_modes_cpp' build argument 'cmake_target_skip_unavailable' from command line to 'False'
[0.229s] Level 5:colcon.colcon_core.verb:set package 'example_executor_with_multiple_modes_cpp' build argument 'cmake_clean_cache' from command line to 'False'
[0.229s] Level 5:colcon.colcon_core.verb:set package 'example_executor_with_multiple_modes_cpp' build argument 'cmake_clean_first' from command line to 'False'
[0.229s] Level 5:colcon.colcon_core.verb:set package 'example_executor_with_multiple_modes_cpp' build argument 'cmake_force_configure' from command line to 'False'
[0.229s] Level 5:colcon.colcon_core.verb:set package 'example_executor_with_multiple_modes_cpp' build argument 'ament_cmake_args' from command line to 'None'
[0.229s] Level 5:colcon.colcon_core.verb:set package 'example_executor_with_multiple_modes_cpp' build argument 'catkin_cmake_args' from command line to 'None'
[0.229s] Level 5:colcon.colcon_core.verb:set package 'example_executor_with_multiple_modes_cpp' build argument 'catkin_skip_building_tests' from command line to 'False'
[0.229s] DEBUG:colcon.colcon_core.verb:Building package 'example_executor_with_multiple_modes_cpp' with the following arguments: {'ament_cmake_args': None, 'build_base': '/root/ws_sensor_combined/build/example_executor_with_multiple_modes_cpp', 'catkin_cmake_args': None, 'catkin_skip_building_tests': False, 'cmake_args': None, 'cmake_clean_cache': False, 'cmake_clean_first': False, 'cmake_force_configure': False, 'cmake_target': None, 'cmake_target_skip_unavailable': False, 'install_base': '/root/ws_sensor_combined/install/example_executor_with_multiple_modes_cpp', 'merge_install': False, 'path': '/root/ws_sensor_combined/src/px4-ros2-interface-lib/examples/cpp/modes/executor_with_multiple_modes', 'symlink_install': False, 'test_result_base': None}
[0.229s] Level 5:colcon.colcon_core.verb:set package 'example_global_navigation_cpp' build argument 'cmake_args' from command line to 'None'
[0.229s] Level 5:colcon.colcon_core.verb:set package 'example_global_navigation_cpp' build argument 'cmake_target' from command line to 'None'
[0.229s] Level 5:colcon.colcon_core.verb:set package 'example_global_navigation_cpp' build argument 'cmake_target_skip_unavailable' from command line to 'False'
[0.229s] Level 5:colcon.colcon_core.verb:set package 'example_global_navigation_cpp' build argument 'cmake_clean_cache' from command line to 'False'
[0.229s] Level 5:colcon.colcon_core.verb:set package 'example_global_navigation_cpp' build argument 'cmake_clean_first' from command line to 'False'
[0.229s] Level 5:colcon.colcon_core.verb:set package 'example_global_navigation_cpp' build argument 'cmake_force_configure' from command line to 'False'
[0.229s] Level 5:colcon.colcon_core.verb:set package 'example_global_navigation_cpp' build argument 'ament_cmake_args' from command line to 'None'
[0.229s] Level 5:colcon.colcon_core.verb:set package 'example_global_navigation_cpp' build argument 'catkin_cmake_args' from command line to 'None'
[0.229s] Level 5:colcon.colcon_core.verb:set package 'example_global_navigation_cpp' build argument 'catkin_skip_building_tests' from command line to 'False'
[0.230s] DEBUG:colcon.colcon_core.verb:Building package 'example_global_navigation_cpp' with the following arguments: {'ament_cmake_args': None, 'build_base': '/root/ws_sensor_combined/build/example_global_navigation_cpp', 'catkin_cmake_args': None, 'catkin_skip_building_tests': False, 'cmake_args': None, 'cmake_clean_cache': False, 'cmake_clean_first': False, 'cmake_force_configure': False, 'cmake_target': None, 'cmake_target_skip_unavailable': False, 'install_base': '/root/ws_sensor_combined/install/example_global_navigation_cpp', 'merge_install': False, 'path': '/root/ws_sensor_combined/src/px4-ros2-interface-lib/examples/cpp/navigation/global_navigation', 'symlink_install': False, 'test_result_base': None}
[0.230s] Level 5:colcon.colcon_core.verb:set package 'example_local_navigation_cpp' build argument 'cmake_args' from command line to 'None'
[0.230s] Level 5:colcon.colcon_core.verb:set package 'example_local_navigation_cpp' build argument 'cmake_target' from command line to 'None'
[0.230s] Level 5:colcon.colcon_core.verb:set package 'example_local_navigation_cpp' build argument 'cmake_target_skip_unavailable' from command line to 'False'
[0.230s] Level 5:colcon.colcon_core.verb:set package 'example_local_navigation_cpp' build argument 'cmake_clean_cache' from command line to 'False'
[0.230s] Level 5:colcon.colcon_core.verb:set package 'example_local_navigation_cpp' build argument 'cmake_clean_first' from command line to 'False'
[0.230s] Level 5:colcon.colcon_core.verb:set package 'example_local_navigation_cpp' build argument 'cmake_force_configure' from command line to 'False'
[0.230s] Level 5:colcon.colcon_core.verb:set package 'example_local_navigation_cpp' build argument 'ament_cmake_args' from command line to 'None'
[0.230s] Level 5:colcon.colcon_core.verb:set package 'example_local_navigation_cpp' build argument 'catkin_cmake_args' from command line to 'None'
[0.230s] Level 5:colcon.colcon_core.verb:set package 'example_local_navigation_cpp' build argument 'catkin_skip_building_tests' from command line to 'False'
[0.230s] DEBUG:colcon.colcon_core.verb:Building package 'example_local_navigation_cpp' with the following arguments: {'ament_cmake_args': None, 'build_base': '/root/ws_sensor_combined/build/example_local_navigation_cpp', 'catkin_cmake_args': None, 'catkin_skip_building_tests': False, 'cmake_args': None, 'cmake_clean_cache': False, 'cmake_clean_first': False, 'cmake_force_configure': False, 'cmake_target': None, 'cmake_target_skip_unavailable': False, 'install_base': '/root/ws_sensor_combined/install/example_local_navigation_cpp', 'merge_install': False, 'path': '/root/ws_sensor_combined/src/px4-ros2-interface-lib/examples/cpp/navigation/local_navigation', 'symlink_install': False, 'test_result_base': None}
[0.230s] Level 5:colcon.colcon_core.verb:set package 'example_mode_fw_attitude_cpp' build argument 'cmake_args' from command line to 'None'
[0.230s] Level 5:colcon.colcon_core.verb:set package 'example_mode_fw_attitude_cpp' build argument 'cmake_target' from command line to 'None'
[0.230s] Level 5:colcon.colcon_core.verb:set package 'example_mode_fw_attitude_cpp' build argument 'cmake_target_skip_unavailable' from command line to 'False'
[0.230s] Level 5:colcon.colcon_core.verb:set package 'example_mode_fw_attitude_cpp' build argument 'cmake_clean_cache' from command line to 'False'
[0.230s] Level 5:colcon.colcon_core.verb:set package 'example_mode_fw_attitude_cpp' build argument 'cmake_clean_first' from command line to 'False'
[0.230s] Level 5:colcon.colcon_core.verb:set package 'example_mode_fw_attitude_cpp' build argument 'cmake_force_configure' from command line to 'False'
[0.230s] Level 5:colcon.colcon_core.verb:set package 'example_mode_fw_attitude_cpp' build argument 'ament_cmake_args' from command line to 'None'
[0.230s] Level 5:colcon.colcon_core.verb:set package 'example_mode_fw_attitude_cpp' build argument 'catkin_cmake_args' from command line to 'None'
[0.230s] Level 5:colcon.colcon_core.verb:set package 'example_mode_fw_attitude_cpp' build argument 'catkin_skip_building_tests' from command line to 'False'
[0.230s] DEBUG:colcon.colcon_core.verb:Building package 'example_mode_fw_attitude_cpp' with the following arguments: {'ament_cmake_args': None, 'build_base': '/root/ws_sensor_combined/build/example_mode_fw_attitude_cpp', 'catkin_cmake_args': None, 'catkin_skip_building_tests': False, 'cmake_args': None, 'cmake_clean_cache': False, 'cmake_clean_first': False, 'cmake_force_configure': False, 'cmake_target': None, 'cmake_target_skip_unavailable': False, 'install_base': '/root/ws_sensor_combined/install/example_mode_fw_attitude_cpp', 'merge_install': False, 'path': '/root/ws_sensor_combined/src/px4-ros2-interface-lib/examples/cpp/modes/fw_attitude', 'symlink_install': False, 'test_result_base': None}
[0.230s] Level 5:colcon.colcon_core.verb:set package 'example_mode_goto_cpp' build argument 'cmake_args' from command line to 'None'
[0.230s] Level 5:colcon.colcon_core.verb:set package 'example_mode_goto_cpp' build argument 'cmake_target' from command line to 'None'
[0.230s] Level 5:colcon.colcon_core.verb:set package 'example_mode_goto_cpp' build argument 'cmake_target_skip_unavailable' from command line to 'False'
[0.231s] Level 5:colcon.colcon_core.verb:set package 'example_mode_goto_cpp' build argument 'cmake_clean_cache' from command line to 'False'
[0.231s] Level 5:colcon.colcon_core.verb:set package 'example_mode_goto_cpp' build argument 'cmake_clean_first' from command line to 'False'
[0.231s] Level 5:colcon.colcon_core.verb:set package 'example_mode_goto_cpp' build argument 'cmake_force_configure' from command line to 'False'
[0.231s] Level 5:colcon.colcon_core.verb:set package 'example_mode_goto_cpp' build argument 'ament_cmake_args' from command line to 'None'
[0.231s] Level 5:colcon.colcon_core.verb:set package 'example_mode_goto_cpp' build argument 'catkin_cmake_args' from command line to 'None'
[0.231s] Level 5:colcon.colcon_core.verb:set package 'example_mode_goto_cpp' build argument 'catkin_skip_building_tests' from command line to 'False'
[0.231s] DEBUG:colcon.colcon_core.verb:Building package 'example_mode_goto_cpp' with the following arguments: {'ament_cmake_args': None, 'build_base': '/root/ws_sensor_combined/build/example_mode_goto_cpp', 'catkin_cmake_args': None, 'catkin_skip_building_tests': False, 'cmake_args': None, 'cmake_clean_cache': False, 'cmake_clean_first': False, 'cmake_force_configure': False, 'cmake_target': None, 'cmake_target_skip_unavailable': False, 'install_base': '/root/ws_sensor_combined/install/example_mode_goto_cpp', 'merge_install': False, 'path': '/root/ws_sensor_combined/src/px4-ros2-interface-lib/examples/cpp/modes/goto', 'symlink_install': False, 'test_result_base': None}
[0.231s] Level 5:colcon.colcon_core.verb:set package 'example_mode_goto_global_cpp' build argument 'cmake_args' from command line to 'None'
[0.231s] Level 5:colcon.colcon_core.verb:set package 'example_mode_goto_global_cpp' build argument 'cmake_target' from command line to 'None'
[0.231s] Level 5:colcon.colcon_core.verb:set package 'example_mode_goto_global_cpp' build argument 'cmake_target_skip_unavailable' from command line to 'False'
[0.231s] Level 5:colcon.colcon_core.verb:set package 'example_mode_goto_global_cpp' build argument 'cmake_clean_cache' from command line to 'False'
[0.231s] Level 5:colcon.colcon_core.verb:set package 'example_mode_goto_global_cpp' build argument 'cmake_clean_first' from command line to 'False'
[0.231s] Level 5:colcon.colcon_core.verb:set package 'example_mode_goto_global_cpp' build argument 'cmake_force_configure' from command line to 'False'
[0.231s] Level 5:colcon.colcon_core.verb:set package 'example_mode_goto_global_cpp' build argument 'ament_cmake_args' from command line to 'None'
[0.231s] Level 5:colcon.colcon_core.verb:set package 'example_mode_goto_global_cpp' build argument 'catkin_cmake_args' from command line to 'None'
[0.231s] Level 5:colcon.colcon_core.verb:set package 'example_mode_goto_global_cpp' build argument 'catkin_skip_building_tests' from command line to 'False'
[0.231s] DEBUG:colcon.colcon_core.verb:Building package 'example_mode_goto_global_cpp' with the following arguments: {'ament_cmake_args': None, 'build_base': '/root/ws_sensor_combined/build/example_mode_goto_global_cpp', 'catkin_cmake_args': None, 'catkin_skip_building_tests': False, 'cmake_args': None, 'cmake_clean_cache': False, 'cmake_clean_first': False, 'cmake_force_configure': False, 'cmake_target': None, 'cmake_target_skip_unavailable': False, 'install_base': '/root/ws_sensor_combined/install/example_mode_goto_global_cpp', 'merge_install': False, 'path': '/root/ws_sensor_combined/src/px4-ros2-interface-lib/examples/cpp/modes/goto_global', 'symlink_install': False, 'test_result_base': None}
[0.231s] Level 5:colcon.colcon_core.verb:set package 'example_mode_manual_cpp' build argument 'cmake_args' from command line to 'None'
[0.231s] Level 5:colcon.colcon_core.verb:set package 'example_mode_manual_cpp' build argument 'cmake_target' from command line to 'None'
[0.231s] Level 5:colcon.colcon_core.verb:set package 'example_mode_manual_cpp' build argument 'cmake_target_skip_unavailable' from command line to 'False'
[0.231s] Level 5:colcon.colcon_core.verb:set package 'example_mode_manual_cpp' build argument 'cmake_clean_cache' from command line to 'False'
[0.231s] Level 5:colcon.colcon_core.verb:set package 'example_mode_manual_cpp' build argument 'cmake_clean_first' from command line to 'False'
[0.231s] Level 5:colcon.colcon_core.verb:set package 'example_mode_manual_cpp' build argument 'cmake_force_configure' from command line to 'False'
[0.231s] Level 5:colcon.colcon_core.verb:set package 'example_mode_manual_cpp' build argument 'ament_cmake_args' from command line to 'None'
[0.231s] Level 5:colcon.colcon_core.verb:set package 'example_mode_manual_cpp' build argument 'catkin_cmake_args' from command line to 'None'
[0.231s] Level 5:colcon.colcon_core.verb:set package 'example_mode_manual_cpp' build argument 'catkin_skip_building_tests' from command line to 'False'
[0.231s] DEBUG:colcon.colcon_core.verb:Building package 'example_mode_manual_cpp' with the following arguments: {'ament_cmake_args': None, 'build_base': '/root/ws_sensor_combined/build/example_mode_manual_cpp', 'catkin_cmake_args': None, 'catkin_skip_building_tests': False, 'cmake_args': None, 'cmake_clean_cache': False, 'cmake_clean_first': False, 'cmake_force_configure': False, 'cmake_target': None, 'cmake_target_skip_unavailable': False, 'install_base': '/root/ws_sensor_combined/install/example_mode_manual_cpp', 'merge_install': False, 'path': '/root/ws_sensor_combined/src/px4-ros2-interface-lib/examples/cpp/modes/manual', 'symlink_install': False, 'test_result_base': None}
[0.231s] Level 5:colcon.colcon_core.verb:set package 'example_mode_rtl_replacement_cpp' build argument 'cmake_args' from command line to 'None'
[0.231s] Level 5:colcon.colcon_core.verb:set package 'example_mode_rtl_replacement_cpp' build argument 'cmake_target' from command line to 'None'
[0.231s] Level 5:colcon.colcon_core.verb:set package 'example_mode_rtl_replacement_cpp' build argument 'cmake_target_skip_unavailable' from command line to 'False'
[0.231s] Level 5:colcon.colcon_core.verb:set package 'example_mode_rtl_replacement_cpp' build argument 'cmake_clean_cache' from command line to 'False'
[0.231s] Level 5:colcon.colcon_core.verb:set package 'example_mode_rtl_replacement_cpp' build argument 'cmake_clean_first' from command line to 'False'
[0.231s] Level 5:colcon.colcon_core.verb:set package 'example_mode_rtl_replacement_cpp' build argument 'cmake_force_configure' from command line to 'False'
[0.231s] Level 5:colcon.colcon_core.verb:set package 'example_mode_rtl_replacement_cpp' build argument 'ament_cmake_args' from command line to 'None'
[0.231s] Level 5:colcon.colcon_core.verb:set package 'example_mode_rtl_replacement_cpp' build argument 'catkin_cmake_args' from command line to 'None'
[0.231s] Level 5:colcon.colcon_core.verb:set package 'example_mode_rtl_replacement_cpp' build argument 'catkin_skip_building_tests' from command line to 'False'
[0.231s] DEBUG:colcon.colcon_core.verb:Building package 'example_mode_rtl_replacement_cpp' with the following arguments: {'ament_cmake_args': None, 'build_base': '/root/ws_sensor_combined/build/example_mode_rtl_replacement_cpp', 'catkin_cmake_args': None, 'catkin_skip_building_tests': False, 'cmake_args': None, 'cmake_clean_cache': False, 'cmake_clean_first': False, 'cmake_force_configure': False, 'cmake_target': None, 'cmake_target_skip_unavailable': False, 'install_base': '/root/ws_sensor_combined/install/example_mode_rtl_replacement_cpp', 'merge_install': False, 'path': '/root/ws_sensor_combined/src/px4-ros2-interface-lib/examples/cpp/modes/rtl_replacement', 'symlink_install': False, 'test_result_base': None}
[0.232s] Level 5:colcon.colcon_core.verb:set package 'example_mode_vtol_cpp' build argument 'cmake_args' from command line to 'None'
[0.232s] Level 5:colcon.colcon_core.verb:set package 'example_mode_vtol_cpp' build argument 'cmake_target' from command line to 'None'
[0.232s] Level 5:colcon.colcon_core.verb:set package 'example_mode_vtol_cpp' build argument 'cmake_target_skip_unavailable' from command line to 'False'
[0.232s] Level 5:colcon.colcon_core.verb:set package 'example_mode_vtol_cpp' build argument 'cmake_clean_cache' from command line to 'False'
[0.232s] Level 5:colcon.colcon_core.verb:set package 'example_mode_vtol_cpp' build argument 'cmake_clean_first' from command line to 'False'
[0.232s] Level 5:colcon.colcon_core.verb:set package 'example_mode_vtol_cpp' build argument 'cmake_force_configure' from command line to 'False'
[0.232s] Level 5:colcon.colcon_core.verb:set package 'example_mode_vtol_cpp' build argument 'ament_cmake_args' from command line to 'None'
[0.232s] Level 5:colcon.colcon_core.verb:set package 'example_mode_vtol_cpp' build argument 'catkin_cmake_args' from command line to 'None'
[0.232s] Level 5:colcon.colcon_core.verb:set package 'example_mode_vtol_cpp' build argument 'catkin_skip_building_tests' from command line to 'False'
[0.232s] DEBUG:colcon.colcon_core.verb:Building package 'example_mode_vtol_cpp' with the following arguments: {'ament_cmake_args': None, 'build_base': '/root/ws_sensor_combined/build/example_mode_vtol_cpp', 'catkin_cmake_args': None, 'catkin_skip_building_tests': False, 'cmake_args': None, 'cmake_clean_cache': False, 'cmake_clean_first': False, 'cmake_force_configure': False, 'cmake_target': None, 'cmake_target_skip_unavailable': False, 'install_base': '/root/ws_sensor_combined/install/example_mode_vtol_cpp', 'merge_install': False, 'path': '/root/ws_sensor_combined/src/px4-ros2-interface-lib/examples/cpp/modes/vtol', 'symlink_install': False, 'test_result_base': None}
[0.232s] Level 5:colcon.colcon_core.verb:set package 'example_mode_with_executor_cpp' build argument 'cmake_args' from command line to 'None'
[0.232s] Level 5:colcon.colcon_core.verb:set package 'example_mode_with_executor_cpp' build argument 'cmake_target' from command line to 'None'
[0.232s] Level 5:colcon.colcon_core.verb:set package 'example_mode_with_executor_cpp' build argument 'cmake_target_skip_unavailable' from command line to 'False'
[0.232s] Level 5:colcon.colcon_core.verb:set package 'example_mode_with_executor_cpp' build argument 'cmake_clean_cache' from command line to 'False'
[0.232s] Level 5:colcon.colcon_core.verb:set package 'example_mode_with_executor_cpp' build argument 'cmake_clean_first' from command line to 'False'
[0.232s] Level 5:colcon.colcon_core.verb:set package 'example_mode_with_executor_cpp' build argument 'cmake_force_configure' from command line to 'False'
[0.232s] Level 5:colcon.colcon_core.verb:set package 'example_mode_with_executor_cpp' build argument 'ament_cmake_args' from command line to 'None'
[0.232s] Level 5:colcon.colcon_core.verb:set package 'example_mode_with_executor_cpp' build argument 'catkin_cmake_args' from command line to 'None'
[0.232s] Level 5:colcon.colcon_core.verb:set package 'example_mode_with_executor_cpp' build argument 'catkin_skip_building_tests' from command line to 'False'
[0.232s] DEBUG:colcon.colcon_core.verb:Building package 'example_mode_with_executor_cpp' with the following arguments: {'ament_cmake_args': None, 'build_base': '/root/ws_sensor_combined/build/example_mode_with_executor_cpp', 'catkin_cmake_args': None, 'catkin_skip_building_tests': False, 'cmake_args': None, 'cmake_clean_cache': False, 'cmake_clean_first': False, 'cmake_force_configure': False, 'cmake_target': None, 'cmake_target_skip_unavailable': False, 'install_base': '/root/ws_sensor_combined/install/example_mode_with_executor_cpp', 'merge_install': False, 'path': '/root/ws_sensor_combined/src/px4-ros2-interface-lib/examples/cpp/modes/mode_with_executor', 'symlink_install': False, 'test_result_base': None}
[0.232s] INFO:colcon.colcon_core.executor:Executing jobs using 'parallel' executor
[0.233s] DEBUG:colcon.colcon_parallel_executor.executor.parallel:run_until_complete
[0.233s] INFO:colcon.colcon_ros.task.ament_cmake.build:Building ROS package in '/root/ws_sensor_combined/src/px4_msgs' with build type 'ament_cmake'
[0.233s] INFO:colcon.colcon_cmake.task.cmake.build:Building CMake package in '/root/ws_sensor_combined/src/px4_msgs'
[0.235s] INFO:colcon.colcon_core.plugin_system:Skipping extension 'colcon_core.shell.bat': Not used on non-Windows systems
[0.235s] INFO:colcon.colcon_core.shell:Skip shell extension 'powershell' for command environment: Not usable outside of PowerShell
[0.235s] DEBUG:colcon.colcon_core.shell:Skip shell extension 'dsv' for command environment
[0.244s] DEBUG:colcon.colcon_core.event_handler.log_command:Invoking command in '/root/ws_sensor_combined/build/px4_msgs': CMAKE_PREFIX_PATH=${CMAKE_PREFIX_PATH}:/opt/ros/humble /usr/bin/cmake --build /root/ws_sensor_combined/build/px4_msgs -- -j20 -l20
[1.061s] DEBUG:colcon.colcon_core.event_handler.log_command:Invoked command in '/root/ws_sensor_combined/build/px4_msgs' returned '0': CMAKE_PREFIX_PATH=${CMAKE_PREFIX_PATH}:/opt/ros/humble /usr/bin/cmake --build /root/ws_sensor_combined/build/px4_msgs -- -j20 -l20
[1.068s] DEBUG:colcon.colcon_core.event_handler.log_command:Invoking command in '/root/ws_sensor_combined/build/px4_msgs': CMAKE_PREFIX_PATH=${CMAKE_PREFIX_PATH}:/opt/ros/humble /usr/bin/cmake --install /root/ws_sensor_combined/build/px4_msgs
[1.493s] Level 1:colcon.colcon_core.environment:create_environment_scripts_only(px4_msgs)
[1.494s] DEBUG:colcon.colcon_core.event_handler.log_command:Invoked command in '/root/ws_sensor_combined/build/px4_msgs' returned '0': CMAKE_PREFIX_PATH=${CMAKE_PREFIX_PATH}:/opt/ros/humble /usr/bin/cmake --install /root/ws_sensor_combined/build/px4_msgs
[1.495s] Level 1:colcon.colcon_core.environment:checking '/root/ws_sensor_combined/install/px4_msgs' for CMake module files
[1.496s] Level 1:colcon.colcon_core.environment:checking '/root/ws_sensor_combined/install/px4_msgs' for CMake config files
[1.510s] Level 1:colcon.colcon_core.shell:create_environment_hook('px4_msgs', 'cmake_prefix_path')
[1.510s] INFO:colcon.colcon_core.shell:Creating environment hook '/root/ws_sensor_combined/install/px4_msgs/share/px4_msgs/hook/cmake_prefix_path.ps1'
[1.511s] INFO:colcon.colcon_core.shell:Creating environment descriptor '/root/ws_sensor_combined/install/px4_msgs/share/px4_msgs/hook/cmake_prefix_path.dsv'
[1.512s] INFO:colcon.colcon_core.shell:Creating environment hook '/root/ws_sensor_combined/install/px4_msgs/share/px4_msgs/hook/cmake_prefix_path.sh'
[1.512s] Level 1:colcon.colcon_core.environment:checking '/root/ws_sensor_combined/install/px4_msgs/lib'
[1.513s] Level 1:colcon.colcon_core.shell:create_environment_hook('px4_msgs', 'ld_library_path_lib')
[1.513s] INFO:colcon.colcon_core.shell:Creating environment hook '/root/ws_sensor_combined/install/px4_msgs/share/px4_msgs/hook/ld_library_path_lib.ps1'
[1.513s] INFO:colcon.colcon_core.shell:Creating environment descriptor '/root/ws_sensor_combined/install/px4_msgs/share/px4_msgs/hook/ld_library_path_lib.dsv'
[1.513s] INFO:colcon.colcon_core.shell:Creating environment hook '/root/ws_sensor_combined/install/px4_msgs/share/px4_msgs/hook/ld_library_path_lib.sh'
[1.514s] Level 1:colcon.colcon_core.environment:checking '/root/ws_sensor_combined/install/px4_msgs/bin'
[1.514s] Level 1:colcon.colcon_core.environment:checking '/root/ws_sensor_combined/install/px4_msgs/lib/pkgconfig/px4_msgs.pc'
[1.514s] Level 1:colcon.colcon_core.environment:checking '/root/ws_sensor_combined/install/px4_msgs/lib/python3.10/site-packages'
[1.514s] Level 1:colcon.colcon_core.environment:checking '/root/ws_sensor_combined/install/px4_msgs/bin'
[1.515s] INFO:colcon.colcon_core.shell:Creating package script '/root/ws_sensor_combined/install/px4_msgs/share/px4_msgs/package.ps1'
[1.515s] INFO:colcon.colcon_core.shell:Creating package descriptor '/root/ws_sensor_combined/install/px4_msgs/share/px4_msgs/package.dsv'
[1.516s] INFO:colcon.colcon_core.shell:Creating package script '/root/ws_sensor_combined/install/px4_msgs/share/px4_msgs/package.sh'
[1.517s] INFO:colcon.colcon_core.shell:Creating package script '/root/ws_sensor_combined/install/px4_msgs/share/px4_msgs/package.bash'
[1.518s] INFO:colcon.colcon_core.shell:Creating package script '/root/ws_sensor_combined/install/px4_msgs/share/px4_msgs/package.zsh'
[1.518s] Level 1:colcon.colcon_core.environment:create_file_with_runtime_dependencies(/root/ws_sensor_combined/install/px4_msgs/share/colcon-core/packages/px4_msgs)
[1.519s] Level 1:colcon.colcon_core.environment:create_environment_scripts_only(px4_msgs)
[1.519s] Level 1:colcon.colcon_core.environment:checking '/root/ws_sensor_combined/install/px4_msgs' for CMake module files
[1.520s] Level 1:colcon.colcon_core.environment:checking '/root/ws_sensor_combined/install/px4_msgs' for CMake config files
[1.536s] Level 1:colcon.colcon_core.shell:create_environment_hook('px4_msgs', 'cmake_prefix_path')
[1.536s] INFO:colcon.colcon_core.shell:Creating environment hook '/root/ws_sensor_combined/install/px4_msgs/share/px4_msgs/hook/cmake_prefix_path.ps1'
[1.536s] INFO:colcon.colcon_core.shell:Creating environment descriptor '/root/ws_sensor_combined/install/px4_msgs/share/px4_msgs/hook/cmake_prefix_path.dsv'
[1.537s] INFO:colcon.colcon_core.shell:Creating environment hook '/root/ws_sensor_combined/install/px4_msgs/share/px4_msgs/hook/cmake_prefix_path.sh'
[1.538s] Level 1:colcon.colcon_core.environment:checking '/root/ws_sensor_combined/install/px4_msgs/lib'
[1.538s] Level 1:colcon.colcon_core.shell:create_environment_hook('px4_msgs', 'ld_library_path_lib')
[1.538s] INFO:colcon.colcon_core.shell:Creating environment hook '/root/ws_sensor_combined/install/px4_msgs/share/px4_msgs/hook/ld_library_path_lib.ps1'
[1.539s] INFO:colcon.colcon_core.shell:Creating environment descriptor '/root/ws_sensor_combined/install/px4_msgs/share/px4_msgs/hook/ld_library_path_lib.dsv'
[1.539s] INFO:colcon.colcon_core.shell:Creating environment hook '/root/ws_sensor_combined/install/px4_msgs/share/px4_msgs/hook/ld_library_path_lib.sh'
[1.540s] Level 1:colcon.colcon_core.environment:checking '/root/ws_sensor_combined/install/px4_msgs/bin'
[1.541s] Level 1:colcon.colcon_core.environment:checking '/root/ws_sensor_combined/install/px4_msgs/lib/pkgconfig/px4_msgs.pc'
[1.541s] Level 1:colcon.colcon_core.environment:checking '/root/ws_sensor_combined/install/px4_msgs/lib/python3.10/site-packages'
[1.541s] Level 1:colcon.colcon_core.environment:checking '/root/ws_sensor_combined/install/px4_msgs/bin'
[1.542s] INFO:colcon.colcon_core.shell:Creating package script '/root/ws_sensor_combined/install/px4_msgs/share/px4_msgs/package.ps1'
[1.543s] INFO:colcon.colcon_core.shell:Creating package descriptor '/root/ws_sensor_combined/install/px4_msgs/share/px4_msgs/package.dsv'
[1.544s] INFO:colcon.colcon_core.shell:Creating package script '/root/ws_sensor_combined/install/px4_msgs/share/px4_msgs/package.sh'
[1.545s] INFO:colcon.colcon_core.shell:Creating package script '/root/ws_sensor_combined/install/px4_msgs/share/px4_msgs/package.bash'
[1.545s] INFO:colcon.colcon_core.shell:Creating package script '/root/ws_sensor_combined/install/px4_msgs/share/px4_msgs/package.zsh'
[1.546s] Level 1:colcon.colcon_core.environment:create_file_with_runtime_dependencies(/root/ws_sensor_combined/install/px4_msgs/share/colcon-core/packages/px4_msgs)
[1.546s] INFO:colcon.colcon_ros.task.ament_cmake.build:Building ROS package in '/root/ws_sensor_combined/src/px4-ros2-interface-lib/px4_ros2_cpp' with build type 'ament_cmake'
[1.546s] INFO:colcon.colcon_cmake.task.cmake.build:Building CMake package in '/root/ws_sensor_combined/src/px4-ros2-interface-lib/px4_ros2_cpp'
[1.547s] INFO:colcon.colcon_core.shell:Skip shell extension 'powershell' for command environment: Not usable outside of PowerShell
[1.547s] DEBUG:colcon.colcon_core.shell:Skip shell extension 'dsv' for command environment
[1.552s] INFO:colcon.colcon_ros.task.ament_cmake.build:Building ROS package in '/root/ws_sensor_combined/src/px4_ros_com' with build type 'ament_cmake'
[1.552s] INFO:colcon.colcon_cmake.task.cmake.build:Building CMake package in '/root/ws_sensor_combined/src/px4_ros_com'
[1.553s] INFO:colcon.colcon_core.shell:Skip shell extension 'powershell' for command environment: Not usable outside of PowerShell
[1.553s] DEBUG:colcon.colcon_core.shell:Skip shell extension 'dsv' for command environment
[1.618s] DEBUG:colcon.colcon_core.event_handler.log_command:Invoking command in '/root/ws_sensor_combined/build/px4_ros_com': CMAKE_PREFIX_PATH=/root/ws_sensor_combined/install/px4_msgs:/root/ws_sensor_combined/install/px4_ros_com:/root/ws_sensor_combined/install/example_mode_with_executor_cpp:/root/ws_sensor_combined/install/example_mode_vtol_cpp:/root/ws_sensor_combined/install/example_mode_rtl_replacement_cpp:/root/ws_sensor_combined/install/example_mode_manual_cpp:/root/ws_sensor_combined/install/example_mode_goto_global_cpp:/root/ws_sensor_combined/install/example_mode_goto_cpp:/root/ws_sensor_combined/install/example_mode_fw_attitude_cpp:/root/ws_sensor_combined/install/example_local_navigation_cpp:/root/ws_sensor_combined/install/example_global_navigation_cpp:/root/ws_sensor_combined/install/example_executor_with_multiple_modes_cpp:/root/ws_sensor_combined/install/px4_ros2_cpp:/opt/ros/humble LD_LIBRARY_PATH=/root/ws_sensor_combined/install/px4_msgs/lib:/root/ws_sensor_combined/install/px4_ros_com/lib:/root/ws_sensor_combined/install/px4_ros2_cpp/lib:/opt/ros/humble/opt/rviz_ogre_vendor/lib:/opt/ros/humble/lib/x86_64-linux-gnu:/opt/ros/humble/lib /usr/bin/cmake --build /root/ws_sensor_combined/build/px4_ros_com -- -j20 -l20
[1.620s] DEBUG:colcon.colcon_core.event_handler.log_command:Invoking command in '/root/ws_sensor_combined/build/px4_ros2_cpp': CMAKE_PREFIX_PATH=/root/ws_sensor_combined/install/px4_msgs:/root/ws_sensor_combined/install/px4_ros_com:/root/ws_sensor_combined/install/example_mode_with_executor_cpp:/root/ws_sensor_combined/install/example_mode_vtol_cpp:/root/ws_sensor_combined/install/example_mode_rtl_replacement_cpp:/root/ws_sensor_combined/install/example_mode_manual_cpp:/root/ws_sensor_combined/install/example_mode_goto_global_cpp:/root/ws_sensor_combined/install/example_mode_goto_cpp:/root/ws_sensor_combined/install/example_mode_fw_attitude_cpp:/root/ws_sensor_combined/install/example_local_navigation_cpp:/root/ws_sensor_combined/install/example_global_navigation_cpp:/root/ws_sensor_combined/install/example_executor_with_multiple_modes_cpp:/root/ws_sensor_combined/install/px4_ros2_cpp:/opt/ros/humble LD_LIBRARY_PATH=/root/ws_sensor_combined/install/px4_msgs/lib:/root/ws_sensor_combined/install/px4_ros_com/lib:/root/ws_sensor_combined/install/px4_ros2_cpp/lib:/opt/ros/humble/opt/rviz_ogre_vendor/lib:/opt/ros/humble/lib/x86_64-linux-gnu:/opt/ros/humble/lib /usr/bin/cmake --build /root/ws_sensor_combined/build/px4_ros2_cpp -- -j20 -l20
[1.738s] DEBUG:colcon.colcon_core.event_handler.log_command:Invoked command in '/root/ws_sensor_combined/build/px4_ros2_cpp' returned '0': CMAKE_PREFIX_PATH=/root/ws_sensor_combined/install/px4_msgs:/root/ws_sensor_combined/install/px4_ros_com:/root/ws_sensor_combined/install/example_mode_with_executor_cpp:/root/ws_sensor_combined/install/example_mode_vtol_cpp:/root/ws_sensor_combined/install/example_mode_rtl_replacement_cpp:/root/ws_sensor_combined/install/example_mode_manual_cpp:/root/ws_sensor_combined/install/example_mode_goto_global_cpp:/root/ws_sensor_combined/install/example_mode_goto_cpp:/root/ws_sensor_combined/install/example_mode_fw_attitude_cpp:/root/ws_sensor_combined/install/example_local_navigation_cpp:/root/ws_sensor_combined/install/example_global_navigation_cpp:/root/ws_sensor_combined/install/example_executor_with_multiple_modes_cpp:/root/ws_sensor_combined/install/px4_ros2_cpp:/opt/ros/humble LD_LIBRARY_PATH=/root/ws_sensor_combined/install/px4_msgs/lib:/root/ws_sensor_combined/install/px4_ros_com/lib:/root/ws_sensor_combined/install/px4_ros2_cpp/lib:/opt/ros/humble/opt/rviz_ogre_vendor/lib:/opt/ros/humble/lib/x86_64-linux-gnu:/opt/ros/humble/lib /usr/bin/cmake --build /root/ws_sensor_combined/build/px4_ros2_cpp -- -j20 -l20
[1.740s] DEBUG:colcon.colcon_core.event_handler.log_command:Invoking command in '/root/ws_sensor_combined/build/px4_ros2_cpp': CMAKE_PREFIX_PATH=/root/ws_sensor_combined/install/px4_msgs:/root/ws_sensor_combined/install/px4_ros_com:/root/ws_sensor_combined/install/example_mode_with_executor_cpp:/root/ws_sensor_combined/install/example_mode_vtol_cpp:/root/ws_sensor_combined/install/example_mode_rtl_replacement_cpp:/root/ws_sensor_combined/install/example_mode_manual_cpp:/root/ws_sensor_combined/install/example_mode_goto_global_cpp:/root/ws_sensor_combined/install/example_mode_goto_cpp:/root/ws_sensor_combined/install/example_mode_fw_attitude_cpp:/root/ws_sensor_combined/install/example_local_navigation_cpp:/root/ws_sensor_combined/install/example_global_navigation_cpp:/root/ws_sensor_combined/install/example_executor_with_multiple_modes_cpp:/root/ws_sensor_combined/install/px4_ros2_cpp:/opt/ros/humble LD_LIBRARY_PATH=/root/ws_sensor_combined/install/px4_msgs/lib:/root/ws_sensor_combined/install/px4_ros_com/lib:/root/ws_sensor_combined/install/px4_ros2_cpp/lib:/opt/ros/humble/opt/rviz_ogre_vendor/lib:/opt/ros/humble/lib/x86_64-linux-gnu:/opt/ros/humble/lib /usr/bin/cmake --install /root/ws_sensor_combined/build/px4_ros2_cpp
[1.751s] Level 1:colcon.colcon_core.environment:create_environment_scripts_only(px4_ros2_cpp)
[1.751s] Level 1:colcon.colcon_core.environment:checking '/root/ws_sensor_combined/install/px4_ros2_cpp' for CMake module files
[1.753s] Level 1:colcon.colcon_core.environment:checking '/root/ws_sensor_combined/install/px4_ros2_cpp' for CMake config files
[1.756s] Level 1:colcon.colcon_core.shell:create_environment_hook('px4_ros2_cpp', 'cmake_prefix_path')
[1.756s] INFO:colcon.colcon_core.shell:Creating environment hook '/root/ws_sensor_combined/install/px4_ros2_cpp/share/px4_ros2_cpp/hook/cmake_prefix_path.ps1'
[1.758s] DEBUG:colcon.colcon_core.event_handler.log_command:Invoked command in '/root/ws_sensor_combined/build/px4_ros2_cpp' returned '0': CMAKE_PREFIX_PATH=/root/ws_sensor_combined/install/px4_msgs:/root/ws_sensor_combined/install/px4_ros_com:/root/ws_sensor_combined/install/example_mode_with_executor_cpp:/root/ws_sensor_combined/install/example_mode_vtol_cpp:/root/ws_sensor_combined/install/example_mode_rtl_replacement_cpp:/root/ws_sensor_combined/install/example_mode_manual_cpp:/root/ws_sensor_combined/install/example_mode_goto_global_cpp:/root/ws_sensor_combined/install/example_mode_goto_cpp:/root/ws_sensor_combined/install/example_mode_fw_attitude_cpp:/root/ws_sensor_combined/install/example_local_navigation_cpp:/root/ws_sensor_combined/install/example_global_navigation_cpp:/root/ws_sensor_combined/install/example_executor_with_multiple_modes_cpp:/root/ws_sensor_combined/install/px4_ros2_cpp:/opt/ros/humble LD_LIBRARY_PATH=/root/ws_sensor_combined/install/px4_msgs/lib:/root/ws_sensor_combined/install/px4_ros_com/lib:/root/ws_sensor_combined/install/px4_ros2_cpp/lib:/opt/ros/humble/opt/rviz_ogre_vendor/lib:/opt/ros/humble/lib/x86_64-linux-gnu:/opt/ros/humble/lib /usr/bin/cmake --install /root/ws_sensor_combined/build/px4_ros2_cpp
[1.759s] INFO:colcon.colcon_core.shell:Creating environment descriptor '/root/ws_sensor_combined/install/px4_ros2_cpp/share/px4_ros2_cpp/hook/cmake_prefix_path.dsv'
[1.759s] INFO:colcon.colcon_core.shell:Creating environment hook '/root/ws_sensor_combined/install/px4_ros2_cpp/share/px4_ros2_cpp/hook/cmake_prefix_path.sh'
[1.760s] Level 1:colcon.colcon_core.environment:checking '/root/ws_sensor_combined/install/px4_ros2_cpp/lib'
[1.760s] Level 1:colcon.colcon_core.shell:create_environment_hook('px4_ros2_cpp', 'ld_library_path_lib')
[1.760s] INFO:colcon.colcon_core.shell:Creating environment hook '/root/ws_sensor_combined/install/px4_ros2_cpp/share/px4_ros2_cpp/hook/ld_library_path_lib.ps1'
[1.760s] INFO:colcon.colcon_core.shell:Creating environment descriptor '/root/ws_sensor_combined/install/px4_ros2_cpp/share/px4_ros2_cpp/hook/ld_library_path_lib.dsv'
[1.761s] INFO:colcon.colcon_core.shell:Creating environment hook '/root/ws_sensor_combined/install/px4_ros2_cpp/share/px4_ros2_cpp/hook/ld_library_path_lib.sh'
[1.761s] Level 1:colcon.colcon_core.environment:checking '/root/ws_sensor_combined/install/px4_ros2_cpp/bin'
[1.761s] Level 1:colcon.colcon_core.environment:checking '/root/ws_sensor_combined/install/px4_ros2_cpp/lib/pkgconfig/px4_ros2_cpp.pc'
[1.761s] Level 1:colcon.colcon_core.environment:checking '/root/ws_sensor_combined/install/px4_ros2_cpp/lib/python3.10/site-packages'
[1.761s] Level 1:colcon.colcon_core.environment:checking '/root/ws_sensor_combined/install/px4_ros2_cpp/bin'
[1.762s] INFO:colcon.colcon_core.shell:Creating package script '/root/ws_sensor_combined/install/px4_ros2_cpp/share/px4_ros2_cpp/package.ps1'
[1.762s] INFO:colcon.colcon_core.shell:Creating package descriptor '/root/ws_sensor_combined/install/px4_ros2_cpp/share/px4_ros2_cpp/package.dsv'
[1.762s] INFO:colcon.colcon_core.shell:Creating package script '/root/ws_sensor_combined/install/px4_ros2_cpp/share/px4_ros2_cpp/package.sh'
[1.763s] INFO:colcon.colcon_core.shell:Creating package script '/root/ws_sensor_combined/install/px4_ros2_cpp/share/px4_ros2_cpp/package.bash'
[1.763s] INFO:colcon.colcon_core.shell:Creating package script '/root/ws_sensor_combined/install/px4_ros2_cpp/share/px4_ros2_cpp/package.zsh'
[1.764s] Level 1:colcon.colcon_core.environment:create_file_with_runtime_dependencies(/root/ws_sensor_combined/install/px4_ros2_cpp/share/colcon-core/packages/px4_ros2_cpp)
[1.764s] Level 1:colcon.colcon_core.environment:create_environment_scripts_only(px4_ros2_cpp)
[1.764s] Level 1:colcon.colcon_core.environment:checking '/root/ws_sensor_combined/install/px4_ros2_cpp' for CMake module files
[1.765s] Level 1:colcon.colcon_core.environment:checking '/root/ws_sensor_combined/install/px4_ros2_cpp' for CMake config files
[1.765s] Level 1:colcon.colcon_core.shell:create_environment_hook('px4_ros2_cpp', 'cmake_prefix_path')
[1.765s] INFO:colcon.colcon_core.shell:Creating environment hook '/root/ws_sensor_combined/install/px4_ros2_cpp/share/px4_ros2_cpp/hook/cmake_prefix_path.ps1'
[1.765s] INFO:colcon.colcon_core.shell:Creating environment descriptor '/root/ws_sensor_combined/install/px4_ros2_cpp/share/px4_ros2_cpp/hook/cmake_prefix_path.dsv'
[1.766s] INFO:colcon.colcon_core.shell:Creating environment hook '/root/ws_sensor_combined/install/px4_ros2_cpp/share/px4_ros2_cpp/hook/cmake_prefix_path.sh'
[1.766s] Level 1:colcon.colcon_core.environment:checking '/root/ws_sensor_combined/install/px4_ros2_cpp/lib'
[1.766s] Level 1:colcon.colcon_core.shell:create_environment_hook('px4_ros2_cpp', 'ld_library_path_lib')
[1.766s] INFO:colcon.colcon_core.shell:Creating environment hook '/root/ws_sensor_combined/install/px4_ros2_cpp/share/px4_ros2_cpp/hook/ld_library_path_lib.ps1'
[1.766s] INFO:colcon.colcon_core.shell:Creating environment descriptor '/root/ws_sensor_combined/install/px4_ros2_cpp/share/px4_ros2_cpp/hook/ld_library_path_lib.dsv'
[1.767s] INFO:colcon.colcon_core.shell:Creating environment hook '/root/ws_sensor_combined/install/px4_ros2_cpp/share/px4_ros2_cpp/hook/ld_library_path_lib.sh'
[1.767s] Level 1:colcon.colcon_core.environment:checking '/root/ws_sensor_combined/install/px4_ros2_cpp/bin'
[1.767s] Level 1:colcon.colcon_core.environment:checking '/root/ws_sensor_combined/install/px4_ros2_cpp/lib/pkgconfig/px4_ros2_cpp.pc'
[1.767s] Level 1:colcon.colcon_core.environment:checking '/root/ws_sensor_combined/install/px4_ros2_cpp/lib/python3.10/site-packages'
[1.767s] Level 1:colcon.colcon_core.environment:checking '/root/ws_sensor_combined/install/px4_ros2_cpp/bin'
[1.767s] INFO:colcon.colcon_core.shell:Creating package script '/root/ws_sensor_combined/install/px4_ros2_cpp/share/px4_ros2_cpp/package.ps1'
[1.768s] INFO:colcon.colcon_core.shell:Creating package descriptor '/root/ws_sensor_combined/install/px4_ros2_cpp/share/px4_ros2_cpp/package.dsv'
[1.768s] INFO:colcon.colcon_core.shell:Creating package script '/root/ws_sensor_combined/install/px4_ros2_cpp/share/px4_ros2_cpp/package.sh'
[1.768s] INFO:colcon.colcon_core.shell:Creating package script '/root/ws_sensor_combined/install/px4_ros2_cpp/share/px4_ros2_cpp/package.bash'
[1.768s] INFO:colcon.colcon_core.shell:Creating package script '/root/ws_sensor_combined/install/px4_ros2_cpp/share/px4_ros2_cpp/package.zsh'
[1.769s] Level 1:colcon.colcon_core.environment:create_file_with_runtime_dependencies(/root/ws_sensor_combined/install/px4_ros2_cpp/share/colcon-core/packages/px4_ros2_cpp)
[1.769s] INFO:colcon.colcon_ros.task.ament_cmake.build:Building ROS package in '/root/ws_sensor_combined/src/px4-ros2-interface-lib/examples/cpp/modes/executor_with_multiple_modes' with build type 'ament_cmake'
[1.769s] INFO:colcon.colcon_cmake.task.cmake.build:Building CMake package in '/root/ws_sensor_combined/src/px4-ros2-interface-lib/examples/cpp/modes/executor_with_multiple_modes'
[1.769s] INFO:colcon.colcon_core.shell:Skip shell extension 'powershell' for command environment: Not usable outside of PowerShell
[1.770s] DEBUG:colcon.colcon_core.shell:Skip shell extension 'dsv' for command environment
[1.773s] INFO:colcon.colcon_ros.task.ament_cmake.build:Building ROS package in '/root/ws_sensor_combined/src/px4-ros2-interface-lib/examples/cpp/navigation/global_navigation' with build type 'ament_cmake'
[1.774s] INFO:colcon.colcon_cmake.task.cmake.build:Building CMake package in '/root/ws_sensor_combined/src/px4-ros2-interface-lib/examples/cpp/navigation/global_navigation'
[1.774s] INFO:colcon.colcon_core.shell:Skip shell extension 'powershell' for command environment: Not usable outside of PowerShell
[1.774s] DEBUG:colcon.colcon_core.shell:Skip shell extension 'dsv' for command environment
[1.777s] INFO:colcon.colcon_ros.task.ament_cmake.build:Building ROS package in '/root/ws_sensor_combined/src/px4-ros2-interface-lib/examples/cpp/navigation/local_navigation' with build type 'ament_cmake'
[1.777s] INFO:colcon.colcon_cmake.task.cmake.build:Building CMake package in '/root/ws_sensor_combined/src/px4-ros2-interface-lib/examples/cpp/navigation/local_navigation'
[1.778s] INFO:colcon.colcon_core.shell:Skip shell extension 'powershell' for command environment: Not usable outside of PowerShell
[1.778s] DEBUG:colcon.colcon_core.shell:Skip shell extension 'dsv' for command environment
[1.781s] INFO:colcon.colcon_ros.task.ament_cmake.build:Building ROS package in '/root/ws_sensor_combined/src/px4-ros2-interface-lib/examples/cpp/modes/fw_attitude' with build type 'ament_cmake'
[1.782s] INFO:colcon.colcon_cmake.task.cmake.build:Building CMake package in '/root/ws_sensor_combined/src/px4-ros2-interface-lib/examples/cpp/modes/fw_attitude'
[1.782s] INFO:colcon.colcon_core.shell:Skip shell extension 'powershell' for command environment: Not usable outside of PowerShell
[1.782s] DEBUG:colcon.colcon_core.shell:Skip shell extension 'dsv' for command environment
[1.787s] INFO:colcon.colcon_ros.task.ament_cmake.build:Building ROS package in '/root/ws_sensor_combined/src/px4-ros2-interface-lib/examples/cpp/modes/goto' with build type 'ament_cmake'
[1.787s] INFO:colcon.colcon_cmake.task.cmake.build:Building CMake package in '/root/ws_sensor_combined/src/px4-ros2-interface-lib/examples/cpp/modes/goto'
[1.787s] INFO:colcon.colcon_core.shell:Skip shell extension 'powershell' for command environment: Not usable outside of PowerShell
[1.787s] DEBUG:colcon.colcon_core.shell:Skip shell extension 'dsv' for command environment
[1.791s] INFO:colcon.colcon_ros.task.ament_cmake.build:Building ROS package in '/root/ws_sensor_combined/src/px4-ros2-interface-lib/examples/cpp/modes/goto_global' with build type 'ament_cmake'
[1.791s] INFO:colcon.colcon_cmake.task.cmake.build:Building CMake package in '/root/ws_sensor_combined/src/px4-ros2-interface-lib/examples/cpp/modes/goto_global'
[1.792s] INFO:colcon.colcon_core.shell:Skip shell extension 'powershell' for command environment: Not usable outside of PowerShell
[1.792s] DEBUG:colcon.colcon_core.shell:Skip shell extension 'dsv' for command environment
[1.796s] INFO:colcon.colcon_ros.task.ament_cmake.build:Building ROS package in '/root/ws_sensor_combined/src/px4-ros2-interface-lib/examples/cpp/modes/manual' with build type 'ament_cmake'
[1.796s] INFO:colcon.colcon_cmake.task.cmake.build:Building CMake package in '/root/ws_sensor_combined/src/px4-ros2-interface-lib/examples/cpp/modes/manual'
[1.796s] INFO:colcon.colcon_core.shell:Skip shell extension 'powershell' for command environment: Not usable outside of PowerShell
[1.797s] DEBUG:colcon.colcon_core.shell:Skip shell extension 'dsv' for command environment
[1.799s] INFO:colcon.colcon_ros.task.ament_cmake.build:Building ROS package in '/root/ws_sensor_combined/src/px4-ros2-interface-lib/examples/cpp/modes/rtl_replacement' with build type 'ament_cmake'
[1.799s] INFO:colcon.colcon_cmake.task.cmake.build:Building CMake package in '/root/ws_sensor_combined/src/px4-ros2-interface-lib/examples/cpp/modes/rtl_replacement'
[1.800s] INFO:colcon.colcon_core.shell:Skip shell extension 'powershell' for command environment: Not usable outside of PowerShell
[1.800s] DEBUG:colcon.colcon_core.shell:Skip shell extension 'dsv' for command environment
[1.805s] INFO:colcon.colcon_ros.task.ament_cmake.build:Building ROS package in '/root/ws_sensor_combined/src/px4-ros2-interface-lib/examples/cpp/modes/vtol' with build type 'ament_cmake'
[1.805s] INFO:colcon.colcon_cmake.task.cmake.build:Building CMake package in '/root/ws_sensor_combined/src/px4-ros2-interface-lib/examples/cpp/modes/vtol'
[1.806s] INFO:colcon.colcon_core.shell:Skip shell extension 'powershell' for command environment: Not usable outside of PowerShell
[1.806s] DEBUG:colcon.colcon_core.shell:Skip shell extension 'dsv' for command environment
[1.809s] INFO:colcon.colcon_ros.task.ament_cmake.build:Building ROS package in '/root/ws_sensor_combined/src/px4-ros2-interface-lib/examples/cpp/modes/mode_with_executor' with build type 'ament_cmake'
[1.810s] INFO:colcon.colcon_cmake.task.cmake.build:Building CMake package in '/root/ws_sensor_combined/src/px4-ros2-interface-lib/examples/cpp/modes/mode_with_executor'
[1.810s] INFO:colcon.colcon_core.shell:Skip shell extension 'powershell' for command environment: Not usable outside of PowerShell
[1.811s] DEBUG:colcon.colcon_core.shell:Skip shell extension 'dsv' for command environment
[1.873s] DEBUG:colcon.colcon_core.event_handler.log_command:Invoking command in '/root/ws_sensor_combined/build/example_executor_with_multiple_modes_cpp': CMAKE_PREFIX_PATH=/root/ws_sensor_combined/install/px4_ros2_cpp:/root/ws_sensor_combined/install/px4_msgs:/root/ws_sensor_combined/install/px4_ros_com:/root/ws_sensor_combined/install/example_mode_with_executor_cpp:/root/ws_sensor_combined/install/example_mode_vtol_cpp:/root/ws_sensor_combined/install/example_mode_rtl_replacement_cpp:/root/ws_sensor_combined/install/example_mode_manual_cpp:/root/ws_sensor_combined/install/example_mode_goto_global_cpp:/root/ws_sensor_combined/install/example_mode_goto_cpp:/root/ws_sensor_combined/install/example_mode_fw_attitude_cpp:/root/ws_sensor_combined/install/example_local_navigation_cpp:/root/ws_sensor_combined/install/example_global_navigation_cpp:/root/ws_sensor_combined/install/example_executor_with_multiple_modes_cpp:/opt/ros/humble LD_LIBRARY_PATH=/root/ws_sensor_combined/install/px4_ros2_cpp/lib:/root/ws_sensor_combined/install/px4_msgs/lib:/root/ws_sensor_combined/install/px4_ros_com/lib:/opt/ros/humble/opt/rviz_ogre_vendor/lib:/opt/ros/humble/lib/x86_64-linux-gnu:/opt/ros/humble/lib /usr/bin/cmake --build /root/ws_sensor_combined/build/example_executor_with_multiple_modes_cpp -- -j20 -l20
[1.883s] DEBUG:colcon.colcon_core.event_handler.log_command:Invoking command in '/root/ws_sensor_combined/build/example_mode_fw_attitude_cpp': CMAKE_PREFIX_PATH=/root/ws_sensor_combined/install/px4_ros2_cpp:/root/ws_sensor_combined/install/px4_msgs:/root/ws_sensor_combined/install/px4_ros_com:/root/ws_sensor_combined/install/example_mode_with_executor_cpp:/root/ws_sensor_combined/install/example_mode_vtol_cpp:/root/ws_sensor_combined/install/example_mode_rtl_replacement_cpp:/root/ws_sensor_combined/install/example_mode_manual_cpp:/root/ws_sensor_combined/install/example_mode_goto_global_cpp:/root/ws_sensor_combined/install/example_mode_goto_cpp:/root/ws_sensor_combined/install/example_mode_fw_attitude_cpp:/root/ws_sensor_combined/install/example_local_navigation_cpp:/root/ws_sensor_combined/install/example_global_navigation_cpp:/root/ws_sensor_combined/install/example_executor_with_multiple_modes_cpp:/opt/ros/humble LD_LIBRARY_PATH=/root/ws_sensor_combined/install/px4_ros2_cpp/lib:/root/ws_sensor_combined/install/px4_msgs/lib:/root/ws_sensor_combined/install/px4_ros_com/lib:/opt/ros/humble/opt/rviz_ogre_vendor/lib:/opt/ros/humble/lib/x86_64-linux-gnu:/opt/ros/humble/lib /usr/bin/cmake --build /root/ws_sensor_combined/build/example_mode_fw_attitude_cpp -- -j20 -l20
[1.887s] DEBUG:colcon.colcon_core.event_handler.log_command:Invoking command in '/root/ws_sensor_combined/build/example_global_navigation_cpp': CMAKE_PREFIX_PATH=/root/ws_sensor_combined/install/px4_ros2_cpp:/root/ws_sensor_combined/install/px4_msgs:/root/ws_sensor_combined/install/px4_ros_com:/root/ws_sensor_combined/install/example_mode_with_executor_cpp:/root/ws_sensor_combined/install/example_mode_vtol_cpp:/root/ws_sensor_combined/install/example_mode_rtl_replacement_cpp:/root/ws_sensor_combined/install/example_mode_manual_cpp:/root/ws_sensor_combined/install/example_mode_goto_global_cpp:/root/ws_sensor_combined/install/example_mode_goto_cpp:/root/ws_sensor_combined/install/example_mode_fw_attitude_cpp:/root/ws_sensor_combined/install/example_local_navigation_cpp:/root/ws_sensor_combined/install/example_global_navigation_cpp:/root/ws_sensor_combined/install/example_executor_with_multiple_modes_cpp:/opt/ros/humble LD_LIBRARY_PATH=/root/ws_sensor_combined/install/px4_ros2_cpp/lib:/root/ws_sensor_combined/install/px4_msgs/lib:/root/ws_sensor_combined/install/px4_ros_com/lib:/opt/ros/humble/opt/rviz_ogre_vendor/lib:/opt/ros/humble/lib/x86_64-linux-gnu:/opt/ros/humble/lib /usr/bin/cmake --build /root/ws_sensor_combined/build/example_global_navigation_cpp -- -j20 -l20
[1.891s] DEBUG:colcon.colcon_core.event_handler.log_command:Invoking command in '/root/ws_sensor_combined/build/example_local_navigation_cpp': CMAKE_PREFIX_PATH=/root/ws_sensor_combined/install/px4_ros2_cpp:/root/ws_sensor_combined/install/px4_msgs:/root/ws_sensor_combined/install/px4_ros_com:/root/ws_sensor_combined/install/example_mode_with_executor_cpp:/root/ws_sensor_combined/install/example_mode_vtol_cpp:/root/ws_sensor_combined/install/example_mode_rtl_replacement_cpp:/root/ws_sensor_combined/install/example_mode_manual_cpp:/root/ws_sensor_combined/install/example_mode_goto_global_cpp:/root/ws_sensor_combined/install/example_mode_goto_cpp:/root/ws_sensor_combined/install/example_mode_fw_attitude_cpp:/root/ws_sensor_combined/install/example_local_navigation_cpp:/root/ws_sensor_combined/install/example_global_navigation_cpp:/root/ws_sensor_combined/install/example_executor_with_multiple_modes_cpp:/opt/ros/humble LD_LIBRARY_PATH=/root/ws_sensor_combined/install/px4_ros2_cpp/lib:/root/ws_sensor_combined/install/px4_msgs/lib:/root/ws_sensor_combined/install/px4_ros_com/lib:/opt/ros/humble/opt/rviz_ogre_vendor/lib:/opt/ros/humble/lib/x86_64-linux-gnu:/opt/ros/humble/lib /usr/bin/cmake --build /root/ws_sensor_combined/build/example_local_navigation_cpp -- -j20 -l20
[1.901s] DEBUG:colcon.colcon_core.event_handler.log_command:Invoking command in '/root/ws_sensor_combined/build/example_mode_manual_cpp': CMAKE_PREFIX_PATH=/root/ws_sensor_combined/install/px4_ros2_cpp:/root/ws_sensor_combined/install/px4_msgs:/root/ws_sensor_combined/install/px4_ros_com:/root/ws_sensor_combined/install/example_mode_with_executor_cpp:/root/ws_sensor_combined/install/example_mode_vtol_cpp:/root/ws_sensor_combined/install/example_mode_rtl_replacement_cpp:/root/ws_sensor_combined/install/example_mode_manual_cpp:/root/ws_sensor_combined/install/example_mode_goto_global_cpp:/root/ws_sensor_combined/install/example_mode_goto_cpp:/root/ws_sensor_combined/install/example_mode_fw_attitude_cpp:/root/ws_sensor_combined/install/example_local_navigation_cpp:/root/ws_sensor_combined/install/example_global_navigation_cpp:/root/ws_sensor_combined/install/example_executor_with_multiple_modes_cpp:/opt/ros/humble LD_LIBRARY_PATH=/root/ws_sensor_combined/install/px4_ros2_cpp/lib:/root/ws_sensor_combined/install/px4_msgs/lib:/root/ws_sensor_combined/install/px4_ros_com/lib:/opt/ros/humble/opt/rviz_ogre_vendor/lib:/opt/ros/humble/lib/x86_64-linux-gnu:/opt/ros/humble/lib /usr/bin/cmake --build /root/ws_sensor_combined/build/example_mode_manual_cpp -- -j20 -l20
[1.906s] DEBUG:colcon.colcon_core.event_handler.log_command:Invoking command in '/root/ws_sensor_combined/build/example_mode_goto_global_cpp': CMAKE_PREFIX_PATH=/root/ws_sensor_combined/install/px4_ros2_cpp:/root/ws_sensor_combined/install/px4_msgs:/root/ws_sensor_combined/install/px4_ros_com:/root/ws_sensor_combined/install/example_mode_with_executor_cpp:/root/ws_sensor_combined/install/example_mode_vtol_cpp:/root/ws_sensor_combined/install/example_mode_rtl_replacement_cpp:/root/ws_sensor_combined/install/example_mode_manual_cpp:/root/ws_sensor_combined/install/example_mode_goto_global_cpp:/root/ws_sensor_combined/install/example_mode_goto_cpp:/root/ws_sensor_combined/install/example_mode_fw_attitude_cpp:/root/ws_sensor_combined/install/example_local_navigation_cpp:/root/ws_sensor_combined/install/example_global_navigation_cpp:/root/ws_sensor_combined/install/example_executor_with_multiple_modes_cpp:/opt/ros/humble LD_LIBRARY_PATH=/root/ws_sensor_combined/install/px4_ros2_cpp/lib:/root/ws_sensor_combined/install/px4_msgs/lib:/root/ws_sensor_combined/install/px4_ros_com/lib:/opt/ros/humble/opt/rviz_ogre_vendor/lib:/opt/ros/humble/lib/x86_64-linux-gnu:/opt/ros/humble/lib /usr/bin/cmake --build /root/ws_sensor_combined/build/example_mode_goto_global_cpp -- -j20 -l20
[1.928s] DEBUG:colcon.colcon_core.event_handler.log_command:Invoking command in '/root/ws_sensor_combined/build/example_mode_goto_cpp': CMAKE_PREFIX_PATH=/root/ws_sensor_combined/install/px4_ros2_cpp:/root/ws_sensor_combined/install/px4_msgs:/root/ws_sensor_combined/install/px4_ros_com:/root/ws_sensor_combined/install/example_mode_with_executor_cpp:/root/ws_sensor_combined/install/example_mode_vtol_cpp:/root/ws_sensor_combined/install/example_mode_rtl_replacement_cpp:/root/ws_sensor_combined/install/example_mode_manual_cpp:/root/ws_sensor_combined/install/example_mode_goto_global_cpp:/root/ws_sensor_combined/install/example_mode_goto_cpp:/root/ws_sensor_combined/install/example_mode_fw_attitude_cpp:/root/ws_sensor_combined/install/example_local_navigation_cpp:/root/ws_sensor_combined/install/example_global_navigation_cpp:/root/ws_sensor_combined/install/example_executor_with_multiple_modes_cpp:/opt/ros/humble LD_LIBRARY_PATH=/root/ws_sensor_combined/install/px4_ros2_cpp/lib:/root/ws_sensor_combined/install/px4_msgs/lib:/root/ws_sensor_combined/install/px4_ros_com/lib:/opt/ros/humble/opt/rviz_ogre_vendor/lib:/opt/ros/humble/lib/x86_64-linux-gnu:/opt/ros/humble/lib /usr/bin/cmake --build /root/ws_sensor_combined/build/example_mode_goto_cpp -- -j20 -l20
[1.938s] DEBUG:colcon.colcon_core.event_handler.log_command:Invoking command in '/root/ws_sensor_combined/build/example_mode_rtl_replacement_cpp': CMAKE_PREFIX_PATH=/root/ws_sensor_combined/install/px4_ros2_cpp:/root/ws_sensor_combined/install/px4_msgs:/root/ws_sensor_combined/install/px4_ros_com:/root/ws_sensor_combined/install/example_mode_with_executor_cpp:/root/ws_sensor_combined/install/example_mode_vtol_cpp:/root/ws_sensor_combined/install/example_mode_rtl_replacement_cpp:/root/ws_sensor_combined/install/example_mode_manual_cpp:/root/ws_sensor_combined/install/example_mode_goto_global_cpp:/root/ws_sensor_combined/install/example_mode_goto_cpp:/root/ws_sensor_combined/install/example_mode_fw_attitude_cpp:/root/ws_sensor_combined/install/example_local_navigation_cpp:/root/ws_sensor_combined/install/example_global_navigation_cpp:/root/ws_sensor_combined/install/example_executor_with_multiple_modes_cpp:/opt/ros/humble LD_LIBRARY_PATH=/root/ws_sensor_combined/install/px4_ros2_cpp/lib:/root/ws_sensor_combined/install/px4_msgs/lib:/root/ws_sensor_combined/install/px4_ros_com/lib:/opt/ros/humble/opt/rviz_ogre_vendor/lib:/opt/ros/humble/lib/x86_64-linux-gnu:/opt/ros/humble/lib /usr/bin/cmake --build /root/ws_sensor_combined/build/example_mode_rtl_replacement_cpp -- -j20 -l20
[1.947s] DEBUG:colcon.colcon_core.event_handler.log_command:Invoking command in '/root/ws_sensor_combined/build/example_mode_vtol_cpp': CMAKE_PREFIX_PATH=/root/ws_sensor_combined/install/px4_ros2_cpp:/root/ws_sensor_combined/install/px4_msgs:/root/ws_sensor_combined/install/px4_ros_com:/root/ws_sensor_combined/install/example_mode_with_executor_cpp:/root/ws_sensor_combined/install/example_mode_vtol_cpp:/root/ws_sensor_combined/install/example_mode_rtl_replacement_cpp:/root/ws_sensor_combined/install/example_mode_manual_cpp:/root/ws_sensor_combined/install/example_mode_goto_global_cpp:/root/ws_sensor_combined/install/example_mode_goto_cpp:/root/ws_sensor_combined/install/example_mode_fw_attitude_cpp:/root/ws_sensor_combined/install/example_local_navigation_cpp:/root/ws_sensor_combined/install/example_global_navigation_cpp:/root/ws_sensor_combined/install/example_executor_with_multiple_modes_cpp:/opt/ros/humble LD_LIBRARY_PATH=/root/ws_sensor_combined/install/px4_ros2_cpp/lib:/root/ws_sensor_combined/install/px4_msgs/lib:/root/ws_sensor_combined/install/px4_ros_com/lib:/opt/ros/humble/opt/rviz_ogre_vendor/lib:/opt/ros/humble/lib/x86_64-linux-gnu:/opt/ros/humble/lib /usr/bin/cmake --build /root/ws_sensor_combined/build/example_mode_vtol_cpp -- -j20 -l20
[1.948s] DEBUG:colcon.colcon_core.event_handler.log_command:Invoking command in '/root/ws_sensor_combined/build/example_mode_with_executor_cpp': CMAKE_PREFIX_PATH=/root/ws_sensor_combined/install/px4_ros2_cpp:/root/ws_sensor_combined/install/px4_msgs:/root/ws_sensor_combined/install/px4_ros_com:/root/ws_sensor_combined/install/example_mode_with_executor_cpp:/root/ws_sensor_combined/install/example_mode_vtol_cpp:/root/ws_sensor_combined/install/example_mode_rtl_replacement_cpp:/root/ws_sensor_combined/install/example_mode_manual_cpp:/root/ws_sensor_combined/install/example_mode_goto_global_cpp:/root/ws_sensor_combined/install/example_mode_goto_cpp:/root/ws_sensor_combined/install/example_mode_fw_attitude_cpp:/root/ws_sensor_combined/install/example_local_navigation_cpp:/root/ws_sensor_combined/install/example_global_navigation_cpp:/root/ws_sensor_combined/install/example_executor_with_multiple_modes_cpp:/opt/ros/humble LD_LIBRARY_PATH=/root/ws_sensor_combined/install/px4_ros2_cpp/lib:/root/ws_sensor_combined/install/px4_msgs/lib:/root/ws_sensor_combined/install/px4_ros_com/lib:/opt/ros/humble/opt/rviz_ogre_vendor/lib:/opt/ros/humble/lib/x86_64-linux-gnu:/opt/ros/humble/lib /usr/bin/cmake --build /root/ws_sensor_combined/build/example_mode_with_executor_cpp -- -j20 -l20
[1.950s] DEBUG:colcon.colcon_core.event_handler.log_command:Invoked command in '/root/ws_sensor_combined/build/example_executor_with_multiple_modes_cpp' returned '0': CMAKE_PREFIX_PATH=/root/ws_sensor_combined/install/px4_ros2_cpp:/root/ws_sensor_combined/install/px4_msgs:/root/ws_sensor_combined/install/px4_ros_com:/root/ws_sensor_combined/install/example_mode_with_executor_cpp:/root/ws_sensor_combined/install/example_mode_vtol_cpp:/root/ws_sensor_combined/install/example_mode_rtl_replacement_cpp:/root/ws_sensor_combined/install/example_mode_manual_cpp:/root/ws_sensor_combined/install/example_mode_goto_global_cpp:/root/ws_sensor_combined/install/example_mode_goto_cpp:/root/ws_sensor_combined/install/example_mode_fw_attitude_cpp:/root/ws_sensor_combined/install/example_local_navigation_cpp:/root/ws_sensor_combined/install/example_global_navigation_cpp:/root/ws_sensor_combined/install/example_executor_with_multiple_modes_cpp:/opt/ros/humble LD_LIBRARY_PATH=/root/ws_sensor_combined/install/px4_ros2_cpp/lib:/root/ws_sensor_combined/install/px4_msgs/lib:/root/ws_sensor_combined/install/px4_ros_com/lib:/opt/ros/humble/opt/rviz_ogre_vendor/lib:/opt/ros/humble/lib/x86_64-linux-gnu:/opt/ros/humble/lib /usr/bin/cmake --build /root/ws_sensor_combined/build/example_executor_with_multiple_modes_cpp -- -j20 -l20
[1.953s] DEBUG:colcon.colcon_core.event_handler.log_command:Invoking command in '/root/ws_sensor_combined/build/example_executor_with_multiple_modes_cpp': CMAKE_PREFIX_PATH=/root/ws_sensor_combined/install/px4_ros2_cpp:/root/ws_sensor_combined/install/px4_msgs:/root/ws_sensor_combined/install/px4_ros_com:/root/ws_sensor_combined/install/example_mode_with_executor_cpp:/root/ws_sensor_combined/install/example_mode_vtol_cpp:/root/ws_sensor_combined/install/example_mode_rtl_replacement_cpp:/root/ws_sensor_combined/install/example_mode_manual_cpp:/root/ws_sensor_combined/install/example_mode_goto_global_cpp:/root/ws_sensor_combined/install/example_mode_goto_cpp:/root/ws_sensor_combined/install/example_mode_fw_attitude_cpp:/root/ws_sensor_combined/install/example_local_navigation_cpp:/root/ws_sensor_combined/install/example_global_navigation_cpp:/root/ws_sensor_combined/install/example_executor_with_multiple_modes_cpp:/opt/ros/humble LD_LIBRARY_PATH=/root/ws_sensor_combined/install/px4_ros2_cpp/lib:/root/ws_sensor_combined/install/px4_msgs/lib:/root/ws_sensor_combined/install/px4_ros_com/lib:/opt/ros/humble/opt/rviz_ogre_vendor/lib:/opt/ros/humble/lib/x86_64-linux-gnu:/opt/ros/humble/lib /usr/bin/cmake --install /root/ws_sensor_combined/build/example_executor_with_multiple_modes_cpp
[1.959s] DEBUG:colcon.colcon_core.event_handler.log_command:Invoked command in '/root/ws_sensor_combined/build/example_mode_fw_attitude_cpp' returned '0': CMAKE_PREFIX_PATH=/root/ws_sensor_combined/install/px4_ros2_cpp:/root/ws_sensor_combined/install/px4_msgs:/root/ws_sensor_combined/install/px4_ros_com:/root/ws_sensor_combined/install/example_mode_with_executor_cpp:/root/ws_sensor_combined/install/example_mode_vtol_cpp:/root/ws_sensor_combined/install/example_mode_rtl_replacement_cpp:/root/ws_sensor_combined/install/example_mode_manual_cpp:/root/ws_sensor_combined/install/example_mode_goto_global_cpp:/root/ws_sensor_combined/install/example_mode_goto_cpp:/root/ws_sensor_combined/install/example_mode_fw_attitude_cpp:/root/ws_sensor_combined/install/example_local_navigation_cpp:/root/ws_sensor_combined/install/example_global_navigation_cpp:/root/ws_sensor_combined/install/example_executor_with_multiple_modes_cpp:/opt/ros/humble LD_LIBRARY_PATH=/root/ws_sensor_combined/install/px4_ros2_cpp/lib:/root/ws_sensor_combined/install/px4_msgs/lib:/root/ws_sensor_combined/install/px4_ros_com/lib:/opt/ros/humble/opt/rviz_ogre_vendor/lib:/opt/ros/humble/lib/x86_64-linux-gnu:/opt/ros/humble/lib /usr/bin/cmake --build /root/ws_sensor_combined/build/example_mode_fw_attitude_cpp -- -j20 -l20
[1.959s] DEBUG:colcon.colcon_core.event_handler.log_command:Invoking command in '/root/ws_sensor_combined/build/example_mode_fw_attitude_cpp': CMAKE_PREFIX_PATH=/root/ws_sensor_combined/install/px4_ros2_cpp:/root/ws_sensor_combined/install/px4_msgs:/root/ws_sensor_combined/install/px4_ros_com:/root/ws_sensor_combined/install/example_mode_with_executor_cpp:/root/ws_sensor_combined/install/example_mode_vtol_cpp:/root/ws_sensor_combined/install/example_mode_rtl_replacement_cpp:/root/ws_sensor_combined/install/example_mode_manual_cpp:/root/ws_sensor_combined/install/example_mode_goto_global_cpp:/root/ws_sensor_combined/install/example_mode_goto_cpp:/root/ws_sensor_combined/install/example_mode_fw_attitude_cpp:/root/ws_sensor_combined/install/example_local_navigation_cpp:/root/ws_sensor_combined/install/example_global_navigation_cpp:/root/ws_sensor_combined/install/example_executor_with_multiple_modes_cpp:/opt/ros/humble LD_LIBRARY_PATH=/root/ws_sensor_combined/install/px4_ros2_cpp/lib:/root/ws_sensor_combined/install/px4_msgs/lib:/root/ws_sensor_combined/install/px4_ros_com/lib:/opt/ros/humble/opt/rviz_ogre_vendor/lib:/opt/ros/humble/lib/x86_64-linux-gnu:/opt/ros/humble/lib /usr/bin/cmake --install /root/ws_sensor_combined/build/example_mode_fw_attitude_cpp
[1.963s] DEBUG:colcon.colcon_core.event_handler.log_command:Invoked command in '/root/ws_sensor_combined/build/example_global_navigation_cpp' returned '0': CMAKE_PREFIX_PATH=/root/ws_sensor_combined/install/px4_ros2_cpp:/root/ws_sensor_combined/install/px4_msgs:/root/ws_sensor_combined/install/px4_ros_com:/root/ws_sensor_combined/install/example_mode_with_executor_cpp:/root/ws_sensor_combined/install/example_mode_vtol_cpp:/root/ws_sensor_combined/install/example_mode_rtl_replacement_cpp:/root/ws_sensor_combined/install/example_mode_manual_cpp:/root/ws_sensor_combined/install/example_mode_goto_global_cpp:/root/ws_sensor_combined/install/example_mode_goto_cpp:/root/ws_sensor_combined/install/example_mode_fw_attitude_cpp:/root/ws_sensor_combined/install/example_local_navigation_cpp:/root/ws_sensor_combined/install/example_global_navigation_cpp:/root/ws_sensor_combined/install/example_executor_with_multiple_modes_cpp:/opt/ros/humble LD_LIBRARY_PATH=/root/ws_sensor_combined/install/px4_ros2_cpp/lib:/root/ws_sensor_combined/install/px4_msgs/lib:/root/ws_sensor_combined/install/px4_ros_com/lib:/opt/ros/humble/opt/rviz_ogre_vendor/lib:/opt/ros/humble/lib/x86_64-linux-gnu:/opt/ros/humble/lib /usr/bin/cmake --build /root/ws_sensor_combined/build/example_global_navigation_cpp -- -j20 -l20
[1.973s] Level 1:colcon.colcon_core.environment:create_environment_scripts_only(example_executor_with_multiple_modes_cpp)
[1.974s] Level 1:colcon.colcon_core.environment:checking '/root/ws_sensor_combined/install/example_executor_with_multiple_modes_cpp' for CMake module files
[1.979s] Level 1:colcon.colcon_core.environment:checking '/root/ws_sensor_combined/install/example_executor_with_multiple_modes_cpp' for CMake config files
[1.979s] DEBUG:colcon.colcon_core.event_handler.log_command:Invoking command in '/root/ws_sensor_combined/build/example_global_navigation_cpp': CMAKE_PREFIX_PATH=/root/ws_sensor_combined/install/px4_ros2_cpp:/root/ws_sensor_combined/install/px4_msgs:/root/ws_sensor_combined/install/px4_ros_com:/root/ws_sensor_combined/install/example_mode_with_executor_cpp:/root/ws_sensor_combined/install/example_mode_vtol_cpp:/root/ws_sensor_combined/install/example_mode_rtl_replacement_cpp:/root/ws_sensor_combined/install/example_mode_manual_cpp:/root/ws_sensor_combined/install/example_mode_goto_global_cpp:/root/ws_sensor_combined/install/example_mode_goto_cpp:/root/ws_sensor_combined/install/example_mode_fw_attitude_cpp:/root/ws_sensor_combined/install/example_local_navigation_cpp:/root/ws_sensor_combined/install/example_global_navigation_cpp:/root/ws_sensor_combined/install/example_executor_with_multiple_modes_cpp:/opt/ros/humble LD_LIBRARY_PATH=/root/ws_sensor_combined/install/px4_ros2_cpp/lib:/root/ws_sensor_combined/install/px4_msgs/lib:/root/ws_sensor_combined/install/px4_ros_com/lib:/opt/ros/humble/opt/rviz_ogre_vendor/lib:/opt/ros/humble/lib/x86_64-linux-gnu:/opt/ros/humble/lib /usr/bin/cmake --install /root/ws_sensor_combined/build/example_global_navigation_cpp
[1.980s] DEBUG:colcon.colcon_core.event_handler.log_command:Invoked command in '/root/ws_sensor_combined/build/example_executor_with_multiple_modes_cpp' returned '0': CMAKE_PREFIX_PATH=/root/ws_sensor_combined/install/px4_ros2_cpp:/root/ws_sensor_combined/install/px4_msgs:/root/ws_sensor_combined/install/px4_ros_com:/root/ws_sensor_combined/install/example_mode_with_executor_cpp:/root/ws_sensor_combined/install/example_mode_vtol_cpp:/root/ws_sensor_combined/install/example_mode_rtl_replacement_cpp:/root/ws_sensor_combined/install/example_mode_manual_cpp:/root/ws_sensor_combined/install/example_mode_goto_global_cpp:/root/ws_sensor_combined/install/example_mode_goto_cpp:/root/ws_sensor_combined/install/example_mode_fw_attitude_cpp:/root/ws_sensor_combined/install/example_local_navigation_cpp:/root/ws_sensor_combined/install/example_global_navigation_cpp:/root/ws_sensor_combined/install/example_executor_with_multiple_modes_cpp:/opt/ros/humble LD_LIBRARY_PATH=/root/ws_sensor_combined/install/px4_ros2_cpp/lib:/root/ws_sensor_combined/install/px4_msgs/lib:/root/ws_sensor_combined/install/px4_ros_com/lib:/opt/ros/humble/opt/rviz_ogre_vendor/lib:/opt/ros/humble/lib/x86_64-linux-gnu:/opt/ros/humble/lib /usr/bin/cmake --install /root/ws_sensor_combined/build/example_executor_with_multiple_modes_cpp
[1.984s] Level 1:colcon.colcon_core.shell:create_environment_hook('example_executor_with_multiple_modes_cpp', 'cmake_prefix_path')
[1.984s] INFO:colcon.colcon_core.shell:Creating environment hook '/root/ws_sensor_combined/install/example_executor_with_multiple_modes_cpp/share/example_executor_with_multiple_modes_cpp/hook/cmake_prefix_path.ps1'
[1.984s] INFO:colcon.colcon_core.shell:Creating environment descriptor '/root/ws_sensor_combined/install/example_executor_with_multiple_modes_cpp/share/example_executor_with_multiple_modes_cpp/hook/cmake_prefix_path.dsv'
[1.985s] INFO:colcon.colcon_core.shell:Creating environment hook '/root/ws_sensor_combined/install/example_executor_with_multiple_modes_cpp/share/example_executor_with_multiple_modes_cpp/hook/cmake_prefix_path.sh'
[1.985s] Level 1:colcon.colcon_core.environment:checking '/root/ws_sensor_combined/install/example_executor_with_multiple_modes_cpp/lib'
[1.985s] Level 1:colcon.colcon_core.environment:checking '/root/ws_sensor_combined/install/example_executor_with_multiple_modes_cpp/bin'
[1.985s] Level 1:colcon.colcon_core.environment:checking '/root/ws_sensor_combined/install/example_executor_with_multiple_modes_cpp/lib/pkgconfig/example_executor_with_multiple_modes_cpp.pc'
[1.985s] Level 1:colcon.colcon_core.environment:checking '/root/ws_sensor_combined/install/example_executor_with_multiple_modes_cpp/lib/python3.10/site-packages'
[1.985s] Level 1:colcon.colcon_core.environment:checking '/root/ws_sensor_combined/install/example_executor_with_multiple_modes_cpp/bin'
[1.986s] INFO:colcon.colcon_core.shell:Creating package script '/root/ws_sensor_combined/install/example_executor_with_multiple_modes_cpp/share/example_executor_with_multiple_modes_cpp/package.ps1'
[1.986s] INFO:colcon.colcon_core.shell:Creating package descriptor '/root/ws_sensor_combined/install/example_executor_with_multiple_modes_cpp/share/example_executor_with_multiple_modes_cpp/package.dsv'
[1.986s] INFO:colcon.colcon_core.shell:Creating package script '/root/ws_sensor_combined/install/example_executor_with_multiple_modes_cpp/share/example_executor_with_multiple_modes_cpp/package.sh'
[1.987s] INFO:colcon.colcon_core.shell:Creating package script '/root/ws_sensor_combined/install/example_executor_with_multiple_modes_cpp/share/example_executor_with_multiple_modes_cpp/package.bash'
[1.987s] INFO:colcon.colcon_core.shell:Creating package script '/root/ws_sensor_combined/install/example_executor_with_multiple_modes_cpp/share/example_executor_with_multiple_modes_cpp/package.zsh'
[1.987s] Level 1:colcon.colcon_core.environment:create_file_with_runtime_dependencies(/root/ws_sensor_combined/install/example_executor_with_multiple_modes_cpp/share/colcon-core/packages/example_executor_with_multiple_modes_cpp)
[1.988s] Level 1:colcon.colcon_core.environment:create_environment_scripts_only(example_executor_with_multiple_modes_cpp)
[1.988s] Level 1:colcon.colcon_core.environment:checking '/root/ws_sensor_combined/install/example_executor_with_multiple_modes_cpp' for CMake module files
[1.988s] Level 1:colcon.colcon_core.environment:checking '/root/ws_sensor_combined/install/example_executor_with_multiple_modes_cpp' for CMake config files
[1.989s] Level 1:colcon.colcon_core.shell:create_environment_hook('example_executor_with_multiple_modes_cpp', 'cmake_prefix_path')
[1.989s] INFO:colcon.colcon_core.shell:Creating environment hook '/root/ws_sensor_combined/install/example_executor_with_multiple_modes_cpp/share/example_executor_with_multiple_modes_cpp/hook/cmake_prefix_path.ps1'
[1.989s] INFO:colcon.colcon_core.shell:Creating environment descriptor '/root/ws_sensor_combined/install/example_executor_with_multiple_modes_cpp/share/example_executor_with_multiple_modes_cpp/hook/cmake_prefix_path.dsv'
[1.990s] INFO:colcon.colcon_core.shell:Creating environment hook '/root/ws_sensor_combined/install/example_executor_with_multiple_modes_cpp/share/example_executor_with_multiple_modes_cpp/hook/cmake_prefix_path.sh'
[1.990s] Level 1:colcon.colcon_core.environment:checking '/root/ws_sensor_combined/install/example_executor_with_multiple_modes_cpp/lib'
[1.990s] Level 1:colcon.colcon_core.environment:checking '/root/ws_sensor_combined/install/example_executor_with_multiple_modes_cpp/bin'
[1.990s] Level 1:colcon.colcon_core.environment:checking '/root/ws_sensor_combined/install/example_executor_with_multiple_modes_cpp/lib/pkgconfig/example_executor_with_multiple_modes_cpp.pc'
[1.991s] Level 1:colcon.colcon_core.environment:checking '/root/ws_sensor_combined/install/example_executor_with_multiple_modes_cpp/lib/python3.10/site-packages'
[1.991s] Level 1:colcon.colcon_core.environment:checking '/root/ws_sensor_combined/install/example_executor_with_multiple_modes_cpp/bin'
[1.991s] INFO:colcon.colcon_core.shell:Creating package script '/root/ws_sensor_combined/install/example_executor_with_multiple_modes_cpp/share/example_executor_with_multiple_modes_cpp/package.ps1'
[1.992s] INFO:colcon.colcon_core.shell:Creating package descriptor '/root/ws_sensor_combined/install/example_executor_with_multiple_modes_cpp/share/example_executor_with_multiple_modes_cpp/package.dsv'
[1.992s] INFO:colcon.colcon_core.shell:Creating package script '/root/ws_sensor_combined/install/example_executor_with_multiple_modes_cpp/share/example_executor_with_multiple_modes_cpp/package.sh'
[1.993s] INFO:colcon.colcon_core.shell:Creating package script '/root/ws_sensor_combined/install/example_executor_with_multiple_modes_cpp/share/example_executor_with_multiple_modes_cpp/package.bash'
[1.993s] INFO:colcon.colcon_core.shell:Creating package script '/root/ws_sensor_combined/install/example_executor_with_multiple_modes_cpp/share/example_executor_with_multiple_modes_cpp/package.zsh'
[1.993s] Level 1:colcon.colcon_core.environment:create_file_with_runtime_dependencies(/root/ws_sensor_combined/install/example_executor_with_multiple_modes_cpp/share/colcon-core/packages/example_executor_with_multiple_modes_cpp)
[1.994s] Level 1:colcon.colcon_core.environment:create_environment_scripts_only(example_mode_fw_attitude_cpp)
[1.994s] Level 1:colcon.colcon_core.environment:checking '/root/ws_sensor_combined/install/example_mode_fw_attitude_cpp' for CMake module files
[1.998s] DEBUG:colcon.colcon_core.event_handler.log_command:Invoked command in '/root/ws_sensor_combined/build/example_mode_fw_attitude_cpp' returned '0': CMAKE_PREFIX_PATH=/root/ws_sensor_combined/install/px4_ros2_cpp:/root/ws_sensor_combined/install/px4_msgs:/root/ws_sensor_combined/install/px4_ros_com:/root/ws_sensor_combined/install/example_mode_with_executor_cpp:/root/ws_sensor_combined/install/example_mode_vtol_cpp:/root/ws_sensor_combined/install/example_mode_rtl_replacement_cpp:/root/ws_sensor_combined/install/example_mode_manual_cpp:/root/ws_sensor_combined/install/example_mode_goto_global_cpp:/root/ws_sensor_combined/install/example_mode_goto_cpp:/root/ws_sensor_combined/install/example_mode_fw_attitude_cpp:/root/ws_sensor_combined/install/example_local_navigation_cpp:/root/ws_sensor_combined/install/example_global_navigation_cpp:/root/ws_sensor_combined/install/example_executor_with_multiple_modes_cpp:/opt/ros/humble LD_LIBRARY_PATH=/root/ws_sensor_combined/install/px4_ros2_cpp/lib:/root/ws_sensor_combined/install/px4_msgs/lib:/root/ws_sensor_combined/install/px4_ros_com/lib:/opt/ros/humble/opt/rviz_ogre_vendor/lib:/opt/ros/humble/lib/x86_64-linux-gnu:/opt/ros/humble/lib /usr/bin/cmake --install /root/ws_sensor_combined/build/example_mode_fw_attitude_cpp
[1.998s] Level 1:colcon.colcon_core.environment:checking '/root/ws_sensor_combined/install/example_mode_fw_attitude_cpp' for CMake config files
[2.000s] Level 1:colcon.colcon_core.shell:create_environment_hook('example_mode_fw_attitude_cpp', 'cmake_prefix_path')
[2.001s] INFO:colcon.colcon_core.shell:Creating environment hook '/root/ws_sensor_combined/install/example_mode_fw_attitude_cpp/share/example_mode_fw_attitude_cpp/hook/cmake_prefix_path.ps1'
[2.002s] INFO:colcon.colcon_core.shell:Creating environment descriptor '/root/ws_sensor_combined/install/example_mode_fw_attitude_cpp/share/example_mode_fw_attitude_cpp/hook/cmake_prefix_path.dsv'
[2.002s] INFO:colcon.colcon_core.shell:Creating environment hook '/root/ws_sensor_combined/install/example_mode_fw_attitude_cpp/share/example_mode_fw_attitude_cpp/hook/cmake_prefix_path.sh'
[2.003s] Level 1:colcon.colcon_core.environment:checking '/root/ws_sensor_combined/install/example_mode_fw_attitude_cpp/lib'
[2.003s] Level 1:colcon.colcon_core.environment:checking '/root/ws_sensor_combined/install/example_mode_fw_attitude_cpp/bin'
[2.003s] Level 1:colcon.colcon_core.environment:checking '/root/ws_sensor_combined/install/example_mode_fw_attitude_cpp/lib/pkgconfig/example_mode_fw_attitude_cpp.pc'
[2.003s] Level 1:colcon.colcon_core.environment:checking '/root/ws_sensor_combined/install/example_mode_fw_attitude_cpp/lib/python3.10/site-packages'
[2.004s] Level 1:colcon.colcon_core.environment:checking '/root/ws_sensor_combined/install/example_mode_fw_attitude_cpp/bin'
[2.004s] INFO:colcon.colcon_core.shell:Creating package script '/root/ws_sensor_combined/install/example_mode_fw_attitude_cpp/share/example_mode_fw_attitude_cpp/package.ps1'
[2.005s] INFO:colcon.colcon_core.shell:Creating package descriptor '/root/ws_sensor_combined/install/example_mode_fw_attitude_cpp/share/example_mode_fw_attitude_cpp/package.dsv'
[2.005s] INFO:colcon.colcon_core.shell:Creating package script '/root/ws_sensor_combined/install/example_mode_fw_attitude_cpp/share/example_mode_fw_attitude_cpp/package.sh'
[2.006s] INFO:colcon.colcon_core.shell:Creating package script '/root/ws_sensor_combined/install/example_mode_fw_attitude_cpp/share/example_mode_fw_attitude_cpp/package.bash'
[2.006s] INFO:colcon.colcon_core.shell:Creating package script '/root/ws_sensor_combined/install/example_mode_fw_attitude_cpp/share/example_mode_fw_attitude_cpp/package.zsh'
[2.007s] Level 1:colcon.colcon_core.environment:create_file_with_runtime_dependencies(/root/ws_sensor_combined/install/example_mode_fw_attitude_cpp/share/colcon-core/packages/example_mode_fw_attitude_cpp)
[2.007s] Level 1:colcon.colcon_core.environment:create_environment_scripts_only(example_mode_fw_attitude_cpp)
[2.008s] Level 1:colcon.colcon_core.environment:checking '/root/ws_sensor_combined/install/example_mode_fw_attitude_cpp' for CMake module files
[2.009s] Level 1:colcon.colcon_core.environment:checking '/root/ws_sensor_combined/install/example_mode_fw_attitude_cpp' for CMake config files
[2.009s] Level 1:colcon.colcon_core.shell:create_environment_hook('example_mode_fw_attitude_cpp', 'cmake_prefix_path')
[2.009s] INFO:colcon.colcon_core.shell:Creating environment hook '/root/ws_sensor_combined/install/example_mode_fw_attitude_cpp/share/example_mode_fw_attitude_cpp/hook/cmake_prefix_path.ps1'
[2.010s] INFO:colcon.colcon_core.shell:Creating environment descriptor '/root/ws_sensor_combined/install/example_mode_fw_attitude_cpp/share/example_mode_fw_attitude_cpp/hook/cmake_prefix_path.dsv'
[2.010s] INFO:colcon.colcon_core.shell:Creating environment hook '/root/ws_sensor_combined/install/example_mode_fw_attitude_cpp/share/example_mode_fw_attitude_cpp/hook/cmake_prefix_path.sh'
[2.011s] Level 1:colcon.colcon_core.environment:checking '/root/ws_sensor_combined/install/example_mode_fw_attitude_cpp/lib'
[2.011s] Level 1:colcon.colcon_core.environment:checking '/root/ws_sensor_combined/install/example_mode_fw_attitude_cpp/bin'
[2.011s] Level 1:colcon.colcon_core.environment:checking '/root/ws_sensor_combined/install/example_mode_fw_attitude_cpp/lib/pkgconfig/example_mode_fw_attitude_cpp.pc'
[2.011s] Level 1:colcon.colcon_core.environment:checking '/root/ws_sensor_combined/install/example_mode_fw_attitude_cpp/lib/python3.10/site-packages'
[2.011s] Level 1:colcon.colcon_core.environment:checking '/root/ws_sensor_combined/install/example_mode_fw_attitude_cpp/bin'
[2.011s] INFO:colcon.colcon_core.shell:Creating package script '/root/ws_sensor_combined/install/example_mode_fw_attitude_cpp/share/example_mode_fw_attitude_cpp/package.ps1'
[2.012s] INFO:colcon.colcon_core.shell:Creating package descriptor '/root/ws_sensor_combined/install/example_mode_fw_attitude_cpp/share/example_mode_fw_attitude_cpp/package.dsv'
[2.012s] INFO:colcon.colcon_core.shell:Creating package script '/root/ws_sensor_combined/install/example_mode_fw_attitude_cpp/share/example_mode_fw_attitude_cpp/package.sh'
[2.012s] INFO:colcon.colcon_core.shell:Creating package script '/root/ws_sensor_combined/install/example_mode_fw_attitude_cpp/share/example_mode_fw_attitude_cpp/package.bash'
[2.013s] INFO:colcon.colcon_core.shell:Creating package script '/root/ws_sensor_combined/install/example_mode_fw_attitude_cpp/share/example_mode_fw_attitude_cpp/package.zsh'
[2.013s] Level 1:colcon.colcon_core.environment:create_file_with_runtime_dependencies(/root/ws_sensor_combined/install/example_mode_fw_attitude_cpp/share/colcon-core/packages/example_mode_fw_attitude_cpp)
[2.017s] DEBUG:colcon.colcon_core.event_handler.log_command:Invoked command in '/root/ws_sensor_combined/build/example_mode_manual_cpp' returned '0': CMAKE_PREFIX_PATH=/root/ws_sensor_combined/install/px4_ros2_cpp:/root/ws_sensor_combined/install/px4_msgs:/root/ws_sensor_combined/install/px4_ros_com:/root/ws_sensor_combined/install/example_mode_with_executor_cpp:/root/ws_sensor_combined/install/example_mode_vtol_cpp:/root/ws_sensor_combined/install/example_mode_rtl_replacement_cpp:/root/ws_sensor_combined/install/example_mode_manual_cpp:/root/ws_sensor_combined/install/example_mode_goto_global_cpp:/root/ws_sensor_combined/install/example_mode_goto_cpp:/root/ws_sensor_combined/install/example_mode_fw_attitude_cpp:/root/ws_sensor_combined/install/example_local_navigation_cpp:/root/ws_sensor_combined/install/example_global_navigation_cpp:/root/ws_sensor_combined/install/example_executor_with_multiple_modes_cpp:/opt/ros/humble LD_LIBRARY_PATH=/root/ws_sensor_combined/install/px4_ros2_cpp/lib:/root/ws_sensor_combined/install/px4_msgs/lib:/root/ws_sensor_combined/install/px4_ros_com/lib:/opt/ros/humble/opt/rviz_ogre_vendor/lib:/opt/ros/humble/lib/x86_64-linux-gnu:/opt/ros/humble/lib /usr/bin/cmake --build /root/ws_sensor_combined/build/example_mode_manual_cpp -- -j20 -l20
[2.018s] DEBUG:colcon.colcon_core.event_handler.log_command:Invoking command in '/root/ws_sensor_combined/build/example_mode_manual_cpp': CMAKE_PREFIX_PATH=/root/ws_sensor_combined/install/px4_ros2_cpp:/root/ws_sensor_combined/install/px4_msgs:/root/ws_sensor_combined/install/px4_ros_com:/root/ws_sensor_combined/install/example_mode_with_executor_cpp:/root/ws_sensor_combined/install/example_mode_vtol_cpp:/root/ws_sensor_combined/install/example_mode_rtl_replacement_cpp:/root/ws_sensor_combined/install/example_mode_manual_cpp:/root/ws_sensor_combined/install/example_mode_goto_global_cpp:/root/ws_sensor_combined/install/example_mode_goto_cpp:/root/ws_sensor_combined/install/example_mode_fw_attitude_cpp:/root/ws_sensor_combined/install/example_local_navigation_cpp:/root/ws_sensor_combined/install/example_global_navigation_cpp:/root/ws_sensor_combined/install/example_executor_with_multiple_modes_cpp:/opt/ros/humble LD_LIBRARY_PATH=/root/ws_sensor_combined/install/px4_ros2_cpp/lib:/root/ws_sensor_combined/install/px4_msgs/lib:/root/ws_sensor_combined/install/px4_ros_com/lib:/opt/ros/humble/opt/rviz_ogre_vendor/lib:/opt/ros/humble/lib/x86_64-linux-gnu:/opt/ros/humble/lib /usr/bin/cmake --install /root/ws_sensor_combined/build/example_mode_manual_cpp
[2.018s] DEBUG:colcon.colcon_core.event_handler.log_command:Invoked command in '/root/ws_sensor_combined/build/example_local_navigation_cpp' returned '0': CMAKE_PREFIX_PATH=/root/ws_sensor_combined/install/px4_ros2_cpp:/root/ws_sensor_combined/install/px4_msgs:/root/ws_sensor_combined/install/px4_ros_com:/root/ws_sensor_combined/install/example_mode_with_executor_cpp:/root/ws_sensor_combined/install/example_mode_vtol_cpp:/root/ws_sensor_combined/install/example_mode_rtl_replacement_cpp:/root/ws_sensor_combined/install/example_mode_manual_cpp:/root/ws_sensor_combined/install/example_mode_goto_global_cpp:/root/ws_sensor_combined/install/example_mode_goto_cpp:/root/ws_sensor_combined/install/example_mode_fw_attitude_cpp:/root/ws_sensor_combined/install/example_local_navigation_cpp:/root/ws_sensor_combined/install/example_global_navigation_cpp:/root/ws_sensor_combined/install/example_executor_with_multiple_modes_cpp:/opt/ros/humble LD_LIBRARY_PATH=/root/ws_sensor_combined/install/px4_ros2_cpp/lib:/root/ws_sensor_combined/install/px4_msgs/lib:/root/ws_sensor_combined/install/px4_ros_com/lib:/opt/ros/humble/opt/rviz_ogre_vendor/lib:/opt/ros/humble/lib/x86_64-linux-gnu:/opt/ros/humble/lib /usr/bin/cmake --build /root/ws_sensor_combined/build/example_local_navigation_cpp -- -j20 -l20
[2.021s] DEBUG:colcon.colcon_core.event_handler.log_command:Invoking command in '/root/ws_sensor_combined/build/example_local_navigation_cpp': CMAKE_PREFIX_PATH=/root/ws_sensor_combined/install/px4_ros2_cpp:/root/ws_sensor_combined/install/px4_msgs:/root/ws_sensor_combined/install/px4_ros_com:/root/ws_sensor_combined/install/example_mode_with_executor_cpp:/root/ws_sensor_combined/install/example_mode_vtol_cpp:/root/ws_sensor_combined/install/example_mode_rtl_replacement_cpp:/root/ws_sensor_combined/install/example_mode_manual_cpp:/root/ws_sensor_combined/install/example_mode_goto_global_cpp:/root/ws_sensor_combined/install/example_mode_goto_cpp:/root/ws_sensor_combined/install/example_mode_fw_attitude_cpp:/root/ws_sensor_combined/install/example_local_navigation_cpp:/root/ws_sensor_combined/install/example_global_navigation_cpp:/root/ws_sensor_combined/install/example_executor_with_multiple_modes_cpp:/opt/ros/humble LD_LIBRARY_PATH=/root/ws_sensor_combined/install/px4_ros2_cpp/lib:/root/ws_sensor_combined/install/px4_msgs/lib:/root/ws_sensor_combined/install/px4_ros_com/lib:/opt/ros/humble/opt/rviz_ogre_vendor/lib:/opt/ros/humble/lib/x86_64-linux-gnu:/opt/ros/humble/lib /usr/bin/cmake --install /root/ws_sensor_combined/build/example_local_navigation_cpp
[2.024s] DEBUG:colcon.colcon_core.event_handler.log_command:Invoked command in '/root/ws_sensor_combined/build/example_mode_goto_global_cpp' returned '0': CMAKE_PREFIX_PATH=/root/ws_sensor_combined/install/px4_ros2_cpp:/root/ws_sensor_combined/install/px4_msgs:/root/ws_sensor_combined/install/px4_ros_com:/root/ws_sensor_combined/install/example_mode_with_executor_cpp:/root/ws_sensor_combined/install/example_mode_vtol_cpp:/root/ws_sensor_combined/install/example_mode_rtl_replacement_cpp:/root/ws_sensor_combined/install/example_mode_manual_cpp:/root/ws_sensor_combined/install/example_mode_goto_global_cpp:/root/ws_sensor_combined/install/example_mode_goto_cpp:/root/ws_sensor_combined/install/example_mode_fw_attitude_cpp:/root/ws_sensor_combined/install/example_local_navigation_cpp:/root/ws_sensor_combined/install/example_global_navigation_cpp:/root/ws_sensor_combined/install/example_executor_with_multiple_modes_cpp:/opt/ros/humble LD_LIBRARY_PATH=/root/ws_sensor_combined/install/px4_ros2_cpp/lib:/root/ws_sensor_combined/install/px4_msgs/lib:/root/ws_sensor_combined/install/px4_ros_com/lib:/opt/ros/humble/opt/rviz_ogre_vendor/lib:/opt/ros/humble/lib/x86_64-linux-gnu:/opt/ros/humble/lib /usr/bin/cmake --build /root/ws_sensor_combined/build/example_mode_goto_global_cpp -- -j20 -l20
[2.029s] Level 1:colcon.colcon_core.environment:create_environment_scripts_only(example_global_navigation_cpp)
[2.030s] Level 1:colcon.colcon_core.environment:checking '/root/ws_sensor_combined/install/example_global_navigation_cpp' for CMake module files
[2.030s] DEBUG:colcon.colcon_core.event_handler.log_command:Invoking command in '/root/ws_sensor_combined/build/example_mode_goto_global_cpp': CMAKE_PREFIX_PATH=/root/ws_sensor_combined/install/px4_ros2_cpp:/root/ws_sensor_combined/install/px4_msgs:/root/ws_sensor_combined/install/px4_ros_com:/root/ws_sensor_combined/install/example_mode_with_executor_cpp:/root/ws_sensor_combined/install/example_mode_vtol_cpp:/root/ws_sensor_combined/install/example_mode_rtl_replacement_cpp:/root/ws_sensor_combined/install/example_mode_manual_cpp:/root/ws_sensor_combined/install/example_mode_goto_global_cpp:/root/ws_sensor_combined/install/example_mode_goto_cpp:/root/ws_sensor_combined/install/example_mode_fw_attitude_cpp:/root/ws_sensor_combined/install/example_local_navigation_cpp:/root/ws_sensor_combined/install/example_global_navigation_cpp:/root/ws_sensor_combined/install/example_executor_with_multiple_modes_cpp:/opt/ros/humble LD_LIBRARY_PATH=/root/ws_sensor_combined/install/px4_ros2_cpp/lib:/root/ws_sensor_combined/install/px4_msgs/lib:/root/ws_sensor_combined/install/px4_ros_com/lib:/opt/ros/humble/opt/rviz_ogre_vendor/lib:/opt/ros/humble/lib/x86_64-linux-gnu:/opt/ros/humble/lib /usr/bin/cmake --install /root/ws_sensor_combined/build/example_mode_goto_global_cpp
[2.035s] Level 1:colcon.colcon_core.environment:checking '/root/ws_sensor_combined/install/example_global_navigation_cpp' for CMake config files
[2.038s] DEBUG:colcon.colcon_core.event_handler.log_command:Invoked command in '/root/ws_sensor_combined/build/example_global_navigation_cpp' returned '0': CMAKE_PREFIX_PATH=/root/ws_sensor_combined/install/px4_ros2_cpp:/root/ws_sensor_combined/install/px4_msgs:/root/ws_sensor_combined/install/px4_ros_com:/root/ws_sensor_combined/install/example_mode_with_executor_cpp:/root/ws_sensor_combined/install/example_mode_vtol_cpp:/root/ws_sensor_combined/install/example_mode_rtl_replacement_cpp:/root/ws_sensor_combined/install/example_mode_manual_cpp:/root/ws_sensor_combined/install/example_mode_goto_global_cpp:/root/ws_sensor_combined/install/example_mode_goto_cpp:/root/ws_sensor_combined/install/example_mode_fw_attitude_cpp:/root/ws_sensor_combined/install/example_local_navigation_cpp:/root/ws_sensor_combined/install/example_global_navigation_cpp:/root/ws_sensor_combined/install/example_executor_with_multiple_modes_cpp:/opt/ros/humble LD_LIBRARY_PATH=/root/ws_sensor_combined/install/px4_ros2_cpp/lib:/root/ws_sensor_combined/install/px4_msgs/lib:/root/ws_sensor_combined/install/px4_ros_com/lib:/opt/ros/humble/opt/rviz_ogre_vendor/lib:/opt/ros/humble/lib/x86_64-linux-gnu:/opt/ros/humble/lib /usr/bin/cmake --install /root/ws_sensor_combined/build/example_global_navigation_cpp
[2.038s] Level 1:colcon.colcon_core.shell:create_environment_hook('example_global_navigation_cpp', 'cmake_prefix_path')
[2.039s] INFO:colcon.colcon_core.shell:Creating environment hook '/root/ws_sensor_combined/install/example_global_navigation_cpp/share/example_global_navigation_cpp/hook/cmake_prefix_path.ps1'
[2.040s] INFO:colcon.colcon_core.shell:Creating environment descriptor '/root/ws_sensor_combined/install/example_global_navigation_cpp/share/example_global_navigation_cpp/hook/cmake_prefix_path.dsv'
[2.040s] INFO:colcon.colcon_core.shell:Creating environment hook '/root/ws_sensor_combined/install/example_global_navigation_cpp/share/example_global_navigation_cpp/hook/cmake_prefix_path.sh'
[2.041s] Level 1:colcon.colcon_core.environment:checking '/root/ws_sensor_combined/install/example_global_navigation_cpp/lib'
[2.041s] Level 1:colcon.colcon_core.environment:checking '/root/ws_sensor_combined/install/example_global_navigation_cpp/bin'
[2.041s] Level 1:colcon.colcon_core.environment:checking '/root/ws_sensor_combined/install/example_global_navigation_cpp/lib/pkgconfig/example_global_navigation_cpp.pc'
[2.041s] Level 1:colcon.colcon_core.environment:checking '/root/ws_sensor_combined/install/example_global_navigation_cpp/lib/python3.10/site-packages'
[2.041s] Level 1:colcon.colcon_core.environment:checking '/root/ws_sensor_combined/install/example_global_navigation_cpp/bin'
[2.041s] INFO:colcon.colcon_core.shell:Creating package script '/root/ws_sensor_combined/install/example_global_navigation_cpp/share/example_global_navigation_cpp/package.ps1'
[2.042s] INFO:colcon.colcon_core.shell:Creating package descriptor '/root/ws_sensor_combined/install/example_global_navigation_cpp/share/example_global_navigation_cpp/package.dsv'
[2.042s] INFO:colcon.colcon_core.shell:Creating package script '/root/ws_sensor_combined/install/example_global_navigation_cpp/share/example_global_navigation_cpp/package.sh'
[2.042s] INFO:colcon.colcon_core.shell:Creating package script '/root/ws_sensor_combined/install/example_global_navigation_cpp/share/example_global_navigation_cpp/package.bash'
[2.043s] INFO:colcon.colcon_core.shell:Creating package script '/root/ws_sensor_combined/install/example_global_navigation_cpp/share/example_global_navigation_cpp/package.zsh'
[2.043s] Level 1:colcon.colcon_core.environment:create_file_with_runtime_dependencies(/root/ws_sensor_combined/install/example_global_navigation_cpp/share/colcon-core/packages/example_global_navigation_cpp)
[2.044s] Level 1:colcon.colcon_core.environment:create_environment_scripts_only(example_global_navigation_cpp)
[2.044s] Level 1:colcon.colcon_core.environment:checking '/root/ws_sensor_combined/install/example_global_navigation_cpp' for CMake module files
[2.044s] Level 1:colcon.colcon_core.environment:checking '/root/ws_sensor_combined/install/example_global_navigation_cpp' for CMake config files
[2.045s] Level 1:colcon.colcon_core.shell:create_environment_hook('example_global_navigation_cpp', 'cmake_prefix_path')
[2.045s] INFO:colcon.colcon_core.shell:Creating environment hook '/root/ws_sensor_combined/install/example_global_navigation_cpp/share/example_global_navigation_cpp/hook/cmake_prefix_path.ps1'
[2.045s] INFO:colcon.colcon_core.shell:Creating environment descriptor '/root/ws_sensor_combined/install/example_global_navigation_cpp/share/example_global_navigation_cpp/hook/cmake_prefix_path.dsv'
[2.046s] INFO:colcon.colcon_core.shell:Creating environment hook '/root/ws_sensor_combined/install/example_global_navigation_cpp/share/example_global_navigation_cpp/hook/cmake_prefix_path.sh'
[2.047s] Level 1:colcon.colcon_core.environment:checking '/root/ws_sensor_combined/install/example_global_navigation_cpp/lib'
[2.047s] Level 1:colcon.colcon_core.environment:checking '/root/ws_sensor_combined/install/example_global_navigation_cpp/bin'
[2.047s] Level 1:colcon.colcon_core.environment:checking '/root/ws_sensor_combined/install/example_global_navigation_cpp/lib/pkgconfig/example_global_navigation_cpp.pc'
[2.047s] Level 1:colcon.colcon_core.environment:checking '/root/ws_sensor_combined/install/example_global_navigation_cpp/lib/python3.10/site-packages'
[2.047s] Level 1:colcon.colcon_core.environment:checking '/root/ws_sensor_combined/install/example_global_navigation_cpp/bin'
[2.047s] INFO:colcon.colcon_core.shell:Creating package script '/root/ws_sensor_combined/install/example_global_navigation_cpp/share/example_global_navigation_cpp/package.ps1'
[2.048s] INFO:colcon.colcon_core.shell:Creating package descriptor '/root/ws_sensor_combined/install/example_global_navigation_cpp/share/example_global_navigation_cpp/package.dsv'
[2.048s] INFO:colcon.colcon_core.shell:Creating package script '/root/ws_sensor_combined/install/example_global_navigation_cpp/share/example_global_navigation_cpp/package.sh'
[2.049s] INFO:colcon.colcon_core.shell:Creating package script '/root/ws_sensor_combined/install/example_global_navigation_cpp/share/example_global_navigation_cpp/package.bash'
[2.049s] INFO:colcon.colcon_core.shell:Creating package script '/root/ws_sensor_combined/install/example_global_navigation_cpp/share/example_global_navigation_cpp/package.zsh'
[2.050s] Level 1:colcon.colcon_core.environment:create_file_with_runtime_dependencies(/root/ws_sensor_combined/install/example_global_navigation_cpp/share/colcon-core/packages/example_global_navigation_cpp)
[2.053s] DEBUG:colcon.colcon_core.event_handler.log_command:Invoked command in '/root/ws_sensor_combined/build/example_mode_goto_cpp' returned '0': CMAKE_PREFIX_PATH=/root/ws_sensor_combined/install/px4_ros2_cpp:/root/ws_sensor_combined/install/px4_msgs:/root/ws_sensor_combined/install/px4_ros_com:/root/ws_sensor_combined/install/example_mode_with_executor_cpp:/root/ws_sensor_combined/install/example_mode_vtol_cpp:/root/ws_sensor_combined/install/example_mode_rtl_replacement_cpp:/root/ws_sensor_combined/install/example_mode_manual_cpp:/root/ws_sensor_combined/install/example_mode_goto_global_cpp:/root/ws_sensor_combined/install/example_mode_goto_cpp:/root/ws_sensor_combined/install/example_mode_fw_attitude_cpp:/root/ws_sensor_combined/install/example_local_navigation_cpp:/root/ws_sensor_combined/install/example_global_navigation_cpp:/root/ws_sensor_combined/install/example_executor_with_multiple_modes_cpp:/opt/ros/humble LD_LIBRARY_PATH=/root/ws_sensor_combined/install/px4_ros2_cpp/lib:/root/ws_sensor_combined/install/px4_msgs/lib:/root/ws_sensor_combined/install/px4_ros_com/lib:/opt/ros/humble/opt/rviz_ogre_vendor/lib:/opt/ros/humble/lib/x86_64-linux-gnu:/opt/ros/humble/lib /usr/bin/cmake --build /root/ws_sensor_combined/build/example_mode_goto_cpp -- -j20 -l20
[2.053s] DEBUG:colcon.colcon_core.event_handler.log_command:Invoking command in '/root/ws_sensor_combined/build/example_mode_goto_cpp': CMAKE_PREFIX_PATH=/root/ws_sensor_combined/install/px4_ros2_cpp:/root/ws_sensor_combined/install/px4_msgs:/root/ws_sensor_combined/install/px4_ros_com:/root/ws_sensor_combined/install/example_mode_with_executor_cpp:/root/ws_sensor_combined/install/example_mode_vtol_cpp:/root/ws_sensor_combined/install/example_mode_rtl_replacement_cpp:/root/ws_sensor_combined/install/example_mode_manual_cpp:/root/ws_sensor_combined/install/example_mode_goto_global_cpp:/root/ws_sensor_combined/install/example_mode_goto_cpp:/root/ws_sensor_combined/install/example_mode_fw_attitude_cpp:/root/ws_sensor_combined/install/example_local_navigation_cpp:/root/ws_sensor_combined/install/example_global_navigation_cpp:/root/ws_sensor_combined/install/example_executor_with_multiple_modes_cpp:/opt/ros/humble LD_LIBRARY_PATH=/root/ws_sensor_combined/install/px4_ros2_cpp/lib:/root/ws_sensor_combined/install/px4_msgs/lib:/root/ws_sensor_combined/install/px4_ros_com/lib:/opt/ros/humble/opt/rviz_ogre_vendor/lib:/opt/ros/humble/lib/x86_64-linux-gnu:/opt/ros/humble/lib /usr/bin/cmake --install /root/ws_sensor_combined/build/example_mode_goto_cpp
[2.053s] DEBUG:colcon.colcon_core.event_handler.log_command:Invoked command in '/root/ws_sensor_combined/build/example_mode_with_executor_cpp' returned '0': CMAKE_PREFIX_PATH=/root/ws_sensor_combined/install/px4_ros2_cpp:/root/ws_sensor_combined/install/px4_msgs:/root/ws_sensor_combined/install/px4_ros_com:/root/ws_sensor_combined/install/example_mode_with_executor_cpp:/root/ws_sensor_combined/install/example_mode_vtol_cpp:/root/ws_sensor_combined/install/example_mode_rtl_replacement_cpp:/root/ws_sensor_combined/install/example_mode_manual_cpp:/root/ws_sensor_combined/install/example_mode_goto_global_cpp:/root/ws_sensor_combined/install/example_mode_goto_cpp:/root/ws_sensor_combined/install/example_mode_fw_attitude_cpp:/root/ws_sensor_combined/install/example_local_navigation_cpp:/root/ws_sensor_combined/install/example_global_navigation_cpp:/root/ws_sensor_combined/install/example_executor_with_multiple_modes_cpp:/opt/ros/humble LD_LIBRARY_PATH=/root/ws_sensor_combined/install/px4_ros2_cpp/lib:/root/ws_sensor_combined/install/px4_msgs/lib:/root/ws_sensor_combined/install/px4_ros_com/lib:/opt/ros/humble/opt/rviz_ogre_vendor/lib:/opt/ros/humble/lib/x86_64-linux-gnu:/opt/ros/humble/lib /usr/bin/cmake --build /root/ws_sensor_combined/build/example_mode_with_executor_cpp -- -j20 -l20
[2.056s] DEBUG:colcon.colcon_core.event_handler.log_command:Invoking command in '/root/ws_sensor_combined/build/example_mode_with_executor_cpp': CMAKE_PREFIX_PATH=/root/ws_sensor_combined/install/px4_ros2_cpp:/root/ws_sensor_combined/install/px4_msgs:/root/ws_sensor_combined/install/px4_ros_com:/root/ws_sensor_combined/install/example_mode_with_executor_cpp:/root/ws_sensor_combined/install/example_mode_vtol_cpp:/root/ws_sensor_combined/install/example_mode_rtl_replacement_cpp:/root/ws_sensor_combined/install/example_mode_manual_cpp:/root/ws_sensor_combined/install/example_mode_goto_global_cpp:/root/ws_sensor_combined/install/example_mode_goto_cpp:/root/ws_sensor_combined/install/example_mode_fw_attitude_cpp:/root/ws_sensor_combined/install/example_local_navigation_cpp:/root/ws_sensor_combined/install/example_global_navigation_cpp:/root/ws_sensor_combined/install/example_executor_with_multiple_modes_cpp:/opt/ros/humble LD_LIBRARY_PATH=/root/ws_sensor_combined/install/px4_ros2_cpp/lib:/root/ws_sensor_combined/install/px4_msgs/lib:/root/ws_sensor_combined/install/px4_ros_com/lib:/opt/ros/humble/opt/rviz_ogre_vendor/lib:/opt/ros/humble/lib/x86_64-linux-gnu:/opt/ros/humble/lib /usr/bin/cmake --install /root/ws_sensor_combined/build/example_mode_with_executor_cpp
[2.057s] DEBUG:colcon.colcon_core.event_handler.log_command:Invoked command in '/root/ws_sensor_combined/build/example_mode_rtl_replacement_cpp' returned '0': CMAKE_PREFIX_PATH=/root/ws_sensor_combined/install/px4_ros2_cpp:/root/ws_sensor_combined/install/px4_msgs:/root/ws_sensor_combined/install/px4_ros_com:/root/ws_sensor_combined/install/example_mode_with_executor_cpp:/root/ws_sensor_combined/install/example_mode_vtol_cpp:/root/ws_sensor_combined/install/example_mode_rtl_replacement_cpp:/root/ws_sensor_combined/install/example_mode_manual_cpp:/root/ws_sensor_combined/install/example_mode_goto_global_cpp:/root/ws_sensor_combined/install/example_mode_goto_cpp:/root/ws_sensor_combined/install/example_mode_fw_attitude_cpp:/root/ws_sensor_combined/install/example_local_navigation_cpp:/root/ws_sensor_combined/install/example_global_navigation_cpp:/root/ws_sensor_combined/install/example_executor_with_multiple_modes_cpp:/opt/ros/humble LD_LIBRARY_PATH=/root/ws_sensor_combined/install/px4_ros2_cpp/lib:/root/ws_sensor_combined/install/px4_msgs/lib:/root/ws_sensor_combined/install/px4_ros_com/lib:/opt/ros/humble/opt/rviz_ogre_vendor/lib:/opt/ros/humble/lib/x86_64-linux-gnu:/opt/ros/humble/lib /usr/bin/cmake --build /root/ws_sensor_combined/build/example_mode_rtl_replacement_cpp -- -j20 -l20
[2.058s] DEBUG:colcon.colcon_core.event_handler.log_command:Invoking command in '/root/ws_sensor_combined/build/example_mode_rtl_replacement_cpp': CMAKE_PREFIX_PATH=/root/ws_sensor_combined/install/px4_ros2_cpp:/root/ws_sensor_combined/install/px4_msgs:/root/ws_sensor_combined/install/px4_ros_com:/root/ws_sensor_combined/install/example_mode_with_executor_cpp:/root/ws_sensor_combined/install/example_mode_vtol_cpp:/root/ws_sensor_combined/install/example_mode_rtl_replacement_cpp:/root/ws_sensor_combined/install/example_mode_manual_cpp:/root/ws_sensor_combined/install/example_mode_goto_global_cpp:/root/ws_sensor_combined/install/example_mode_goto_cpp:/root/ws_sensor_combined/install/example_mode_fw_attitude_cpp:/root/ws_sensor_combined/install/example_local_navigation_cpp:/root/ws_sensor_combined/install/example_global_navigation_cpp:/root/ws_sensor_combined/install/example_executor_with_multiple_modes_cpp:/opt/ros/humble LD_LIBRARY_PATH=/root/ws_sensor_combined/install/px4_ros2_cpp/lib:/root/ws_sensor_combined/install/px4_msgs/lib:/root/ws_sensor_combined/install/px4_ros_com/lib:/opt/ros/humble/opt/rviz_ogre_vendor/lib:/opt/ros/humble/lib/x86_64-linux-gnu:/opt/ros/humble/lib /usr/bin/cmake --install /root/ws_sensor_combined/build/example_mode_rtl_replacement_cpp
[2.059s] DEBUG:colcon.colcon_core.event_handler.log_command:Invoked command in '/root/ws_sensor_combined/build/example_mode_vtol_cpp' returned '0': CMAKE_PREFIX_PATH=/root/ws_sensor_combined/install/px4_ros2_cpp:/root/ws_sensor_combined/install/px4_msgs:/root/ws_sensor_combined/install/px4_ros_com:/root/ws_sensor_combined/install/example_mode_with_executor_cpp:/root/ws_sensor_combined/install/example_mode_vtol_cpp:/root/ws_sensor_combined/install/example_mode_rtl_replacement_cpp:/root/ws_sensor_combined/install/example_mode_manual_cpp:/root/ws_sensor_combined/install/example_mode_goto_global_cpp:/root/ws_sensor_combined/install/example_mode_goto_cpp:/root/ws_sensor_combined/install/example_mode_fw_attitude_cpp:/root/ws_sensor_combined/install/example_local_navigation_cpp:/root/ws_sensor_combined/install/example_global_navigation_cpp:/root/ws_sensor_combined/install/example_executor_with_multiple_modes_cpp:/opt/ros/humble LD_LIBRARY_PATH=/root/ws_sensor_combined/install/px4_ros2_cpp/lib:/root/ws_sensor_combined/install/px4_msgs/lib:/root/ws_sensor_combined/install/px4_ros_com/lib:/opt/ros/humble/opt/rviz_ogre_vendor/lib:/opt/ros/humble/lib/x86_64-linux-gnu:/opt/ros/humble/lib /usr/bin/cmake --build /root/ws_sensor_combined/build/example_mode_vtol_cpp -- -j20 -l20
[2.061s] DEBUG:colcon.colcon_core.event_handler.log_command:Invoking command in '/root/ws_sensor_combined/build/example_mode_vtol_cpp': CMAKE_PREFIX_PATH=/root/ws_sensor_combined/install/px4_ros2_cpp:/root/ws_sensor_combined/install/px4_msgs:/root/ws_sensor_combined/install/px4_ros_com:/root/ws_sensor_combined/install/example_mode_with_executor_cpp:/root/ws_sensor_combined/install/example_mode_vtol_cpp:/root/ws_sensor_combined/install/example_mode_rtl_replacement_cpp:/root/ws_sensor_combined/install/example_mode_manual_cpp:/root/ws_sensor_combined/install/example_mode_goto_global_cpp:/root/ws_sensor_combined/install/example_mode_goto_cpp:/root/ws_sensor_combined/install/example_mode_fw_attitude_cpp:/root/ws_sensor_combined/install/example_local_navigation_cpp:/root/ws_sensor_combined/install/example_global_navigation_cpp:/root/ws_sensor_combined/install/example_executor_with_multiple_modes_cpp:/opt/ros/humble LD_LIBRARY_PATH=/root/ws_sensor_combined/install/px4_ros2_cpp/lib:/root/ws_sensor_combined/install/px4_msgs/lib:/root/ws_sensor_combined/install/px4_ros_com/lib:/opt/ros/humble/opt/rviz_ogre_vendor/lib:/opt/ros/humble/lib/x86_64-linux-gnu:/opt/ros/humble/lib /usr/bin/cmake --install /root/ws_sensor_combined/build/example_mode_vtol_cpp
[2.066s] Level 1:colcon.colcon_core.environment:create_environment_scripts_only(example_mode_manual_cpp)
[2.068s] Level 1:colcon.colcon_core.environment:checking '/root/ws_sensor_combined/install/example_mode_manual_cpp' for CMake module files
[2.069s] Level 1:colcon.colcon_core.environment:checking '/root/ws_sensor_combined/install/example_mode_manual_cpp' for CMake config files
[2.072s] DEBUG:colcon.colcon_core.event_handler.log_command:Invoked command in '/root/ws_sensor_combined/build/example_mode_manual_cpp' returned '0': CMAKE_PREFIX_PATH=/root/ws_sensor_combined/install/px4_ros2_cpp:/root/ws_sensor_combined/install/px4_msgs:/root/ws_sensor_combined/install/px4_ros_com:/root/ws_sensor_combined/install/example_mode_with_executor_cpp:/root/ws_sensor_combined/install/example_mode_vtol_cpp:/root/ws_sensor_combined/install/example_mode_rtl_replacement_cpp:/root/ws_sensor_combined/install/example_mode_manual_cpp:/root/ws_sensor_combined/install/example_mode_goto_global_cpp:/root/ws_sensor_combined/install/example_mode_goto_cpp:/root/ws_sensor_combined/install/example_mode_fw_attitude_cpp:/root/ws_sensor_combined/install/example_local_navigation_cpp:/root/ws_sensor_combined/install/example_global_navigation_cpp:/root/ws_sensor_combined/install/example_executor_with_multiple_modes_cpp:/opt/ros/humble LD_LIBRARY_PATH=/root/ws_sensor_combined/install/px4_ros2_cpp/lib:/root/ws_sensor_combined/install/px4_msgs/lib:/root/ws_sensor_combined/install/px4_ros_com/lib:/opt/ros/humble/opt/rviz_ogre_vendor/lib:/opt/ros/humble/lib/x86_64-linux-gnu:/opt/ros/humble/lib /usr/bin/cmake --install /root/ws_sensor_combined/build/example_mode_manual_cpp
[2.077s] Level 1:colcon.colcon_core.shell:create_environment_hook('example_mode_manual_cpp', 'cmake_prefix_path')
[2.078s] INFO:colcon.colcon_core.shell:Creating environment hook '/root/ws_sensor_combined/install/example_mode_manual_cpp/share/example_mode_manual_cpp/hook/cmake_prefix_path.ps1'
[2.079s] INFO:colcon.colcon_core.shell:Creating environment descriptor '/root/ws_sensor_combined/install/example_mode_manual_cpp/share/example_mode_manual_cpp/hook/cmake_prefix_path.dsv'
[2.079s] INFO:colcon.colcon_core.shell:Creating environment hook '/root/ws_sensor_combined/install/example_mode_manual_cpp/share/example_mode_manual_cpp/hook/cmake_prefix_path.sh'
[2.080s] Level 1:colcon.colcon_core.environment:checking '/root/ws_sensor_combined/install/example_mode_manual_cpp/lib'
[2.081s] Level 1:colcon.colcon_core.environment:checking '/root/ws_sensor_combined/install/example_mode_manual_cpp/bin'
[2.081s] Level 1:colcon.colcon_core.environment:checking '/root/ws_sensor_combined/install/example_mode_manual_cpp/lib/pkgconfig/example_mode_manual_cpp.pc'
[2.081s] Level 1:colcon.colcon_core.environment:checking '/root/ws_sensor_combined/install/example_mode_manual_cpp/lib/python3.10/site-packages'
[2.081s] Level 1:colcon.colcon_core.environment:checking '/root/ws_sensor_combined/install/example_mode_manual_cpp/bin'
[2.081s] INFO:colcon.colcon_core.shell:Creating package script '/root/ws_sensor_combined/install/example_mode_manual_cpp/share/example_mode_manual_cpp/package.ps1'
[2.081s] INFO:colcon.colcon_core.shell:Creating package descriptor '/root/ws_sensor_combined/install/example_mode_manual_cpp/share/example_mode_manual_cpp/package.dsv'
[2.082s] INFO:colcon.colcon_core.shell:Creating package script '/root/ws_sensor_combined/install/example_mode_manual_cpp/share/example_mode_manual_cpp/package.sh'
[2.082s] INFO:colcon.colcon_core.shell:Creating package script '/root/ws_sensor_combined/install/example_mode_manual_cpp/share/example_mode_manual_cpp/package.bash'
[2.082s] INFO:colcon.colcon_core.shell:Creating package script '/root/ws_sensor_combined/install/example_mode_manual_cpp/share/example_mode_manual_cpp/package.zsh'
[2.083s] Level 1:colcon.colcon_core.environment:create_file_with_runtime_dependencies(/root/ws_sensor_combined/install/example_mode_manual_cpp/share/colcon-core/packages/example_mode_manual_cpp)
[2.083s] Level 1:colcon.colcon_core.environment:create_environment_scripts_only(example_mode_manual_cpp)
[2.083s] Level 1:colcon.colcon_core.environment:checking '/root/ws_sensor_combined/install/example_mode_manual_cpp' for CMake module files
[2.083s] Level 1:colcon.colcon_core.environment:checking '/root/ws_sensor_combined/install/example_mode_manual_cpp' for CMake config files
[2.083s] Level 1:colcon.colcon_core.shell:create_environment_hook('example_mode_manual_cpp', 'cmake_prefix_path')
[2.084s] INFO:colcon.colcon_core.shell:Creating environment hook '/root/ws_sensor_combined/install/example_mode_manual_cpp/share/example_mode_manual_cpp/hook/cmake_prefix_path.ps1'
[2.084s] INFO:colcon.colcon_core.shell:Creating environment descriptor '/root/ws_sensor_combined/install/example_mode_manual_cpp/share/example_mode_manual_cpp/hook/cmake_prefix_path.dsv'
[2.084s] INFO:colcon.colcon_core.shell:Creating environment hook '/root/ws_sensor_combined/install/example_mode_manual_cpp/share/example_mode_manual_cpp/hook/cmake_prefix_path.sh'
[2.085s] Level 1:colcon.colcon_core.environment:checking '/root/ws_sensor_combined/install/example_mode_manual_cpp/lib'
[2.085s] Level 1:colcon.colcon_core.environment:checking '/root/ws_sensor_combined/install/example_mode_manual_cpp/bin'
[2.085s] Level 1:colcon.colcon_core.environment:checking '/root/ws_sensor_combined/install/example_mode_manual_cpp/lib/pkgconfig/example_mode_manual_cpp.pc'
[2.085s] Level 1:colcon.colcon_core.environment:checking '/root/ws_sensor_combined/install/example_mode_manual_cpp/lib/python3.10/site-packages'
[2.085s] Level 1:colcon.colcon_core.environment:checking '/root/ws_sensor_combined/install/example_mode_manual_cpp/bin'
[2.085s] INFO:colcon.colcon_core.shell:Creating package script '/root/ws_sensor_combined/install/example_mode_manual_cpp/share/example_mode_manual_cpp/package.ps1'
[2.086s] INFO:colcon.colcon_core.shell:Creating package descriptor '/root/ws_sensor_combined/install/example_mode_manual_cpp/share/example_mode_manual_cpp/package.dsv'
[2.086s] INFO:colcon.colcon_core.shell:Creating package script '/root/ws_sensor_combined/install/example_mode_manual_cpp/share/example_mode_manual_cpp/package.sh'
[2.086s] INFO:colcon.colcon_core.shell:Creating package script '/root/ws_sensor_combined/install/example_mode_manual_cpp/share/example_mode_manual_cpp/package.bash'
[2.087s] INFO:colcon.colcon_core.shell:Creating package script '/root/ws_sensor_combined/install/example_mode_manual_cpp/share/example_mode_manual_cpp/package.zsh'
[2.087s] Level 1:colcon.colcon_core.environment:create_file_with_runtime_dependencies(/root/ws_sensor_combined/install/example_mode_manual_cpp/share/colcon-core/packages/example_mode_manual_cpp)
[2.087s] Level 1:colcon.colcon_core.environment:create_environment_scripts_only(example_local_navigation_cpp)
[2.088s] Level 1:colcon.colcon_core.environment:checking '/root/ws_sensor_combined/install/example_local_navigation_cpp' for CMake module files
[2.089s] DEBUG:colcon.colcon_core.event_handler.log_command:Invoked command in '/root/ws_sensor_combined/build/example_local_navigation_cpp' returned '0': CMAKE_PREFIX_PATH=/root/ws_sensor_combined/install/px4_ros2_cpp:/root/ws_sensor_combined/install/px4_msgs:/root/ws_sensor_combined/install/px4_ros_com:/root/ws_sensor_combined/install/example_mode_with_executor_cpp:/root/ws_sensor_combined/install/example_mode_vtol_cpp:/root/ws_sensor_combined/install/example_mode_rtl_replacement_cpp:/root/ws_sensor_combined/install/example_mode_manual_cpp:/root/ws_sensor_combined/install/example_mode_goto_global_cpp:/root/ws_sensor_combined/install/example_mode_goto_cpp:/root/ws_sensor_combined/install/example_mode_fw_attitude_cpp:/root/ws_sensor_combined/install/example_local_navigation_cpp:/root/ws_sensor_combined/install/example_global_navigation_cpp:/root/ws_sensor_combined/install/example_executor_with_multiple_modes_cpp:/opt/ros/humble LD_LIBRARY_PATH=/root/ws_sensor_combined/install/px4_ros2_cpp/lib:/root/ws_sensor_combined/install/px4_msgs/lib:/root/ws_sensor_combined/install/px4_ros_com/lib:/opt/ros/humble/opt/rviz_ogre_vendor/lib:/opt/ros/humble/lib/x86_64-linux-gnu:/opt/ros/humble/lib /usr/bin/cmake --install /root/ws_sensor_combined/build/example_local_navigation_cpp
[2.089s] Level 1:colcon.colcon_core.environment:checking '/root/ws_sensor_combined/install/example_local_navigation_cpp' for CMake config files
[2.089s] Level 1:colcon.colcon_core.shell:create_environment_hook('example_local_navigation_cpp', 'cmake_prefix_path')
[2.089s] INFO:colcon.colcon_core.shell:Creating environment hook '/root/ws_sensor_combined/install/example_local_navigation_cpp/share/example_local_navigation_cpp/hook/cmake_prefix_path.ps1'
[2.090s] INFO:colcon.colcon_core.shell:Creating environment descriptor '/root/ws_sensor_combined/install/example_local_navigation_cpp/share/example_local_navigation_cpp/hook/cmake_prefix_path.dsv'
[2.090s] INFO:colcon.colcon_core.shell:Creating environment hook '/root/ws_sensor_combined/install/example_local_navigation_cpp/share/example_local_navigation_cpp/hook/cmake_prefix_path.sh'
[2.090s] Level 1:colcon.colcon_core.environment:checking '/root/ws_sensor_combined/install/example_local_navigation_cpp/lib'
[2.090s] Level 1:colcon.colcon_core.environment:checking '/root/ws_sensor_combined/install/example_local_navigation_cpp/bin'
[2.090s] Level 1:colcon.colcon_core.environment:checking '/root/ws_sensor_combined/install/example_local_navigation_cpp/lib/pkgconfig/example_local_navigation_cpp.pc'
[2.090s] Level 1:colcon.colcon_core.environment:checking '/root/ws_sensor_combined/install/example_local_navigation_cpp/lib/python3.10/site-packages'
[2.091s] Level 1:colcon.colcon_core.environment:checking '/root/ws_sensor_combined/install/example_local_navigation_cpp/bin'
[2.091s] INFO:colcon.colcon_core.shell:Creating package script '/root/ws_sensor_combined/install/example_local_navigation_cpp/share/example_local_navigation_cpp/package.ps1'
[2.091s] INFO:colcon.colcon_core.shell:Creating package descriptor '/root/ws_sensor_combined/install/example_local_navigation_cpp/share/example_local_navigation_cpp/package.dsv'
[2.092s] INFO:colcon.colcon_core.shell:Creating package script '/root/ws_sensor_combined/install/example_local_navigation_cpp/share/example_local_navigation_cpp/package.sh'
[2.092s] INFO:colcon.colcon_core.shell:Creating package script '/root/ws_sensor_combined/install/example_local_navigation_cpp/share/example_local_navigation_cpp/package.bash'
[2.092s] INFO:colcon.colcon_core.shell:Creating package script '/root/ws_sensor_combined/install/example_local_navigation_cpp/share/example_local_navigation_cpp/package.zsh'
[2.092s] Level 1:colcon.colcon_core.environment:create_file_with_runtime_dependencies(/root/ws_sensor_combined/install/example_local_navigation_cpp/share/colcon-core/packages/example_local_navigation_cpp)
[2.092s] Level 1:colcon.colcon_core.environment:create_environment_scripts_only(example_local_navigation_cpp)
[2.093s] Level 1:colcon.colcon_core.environment:checking '/root/ws_sensor_combined/install/example_local_navigation_cpp' for CMake module files
[2.093s] Level 1:colcon.colcon_core.environment:checking '/root/ws_sensor_combined/install/example_local_navigation_cpp' for CMake config files
[2.093s] Level 1:colcon.colcon_core.shell:create_environment_hook('example_local_navigation_cpp', 'cmake_prefix_path')
[2.093s] INFO:colcon.colcon_core.shell:Creating environment hook '/root/ws_sensor_combined/install/example_local_navigation_cpp/share/example_local_navigation_cpp/hook/cmake_prefix_path.ps1'
[2.093s] INFO:colcon.colcon_core.shell:Creating environment descriptor '/root/ws_sensor_combined/install/example_local_navigation_cpp/share/example_local_navigation_cpp/hook/cmake_prefix_path.dsv'
[2.094s] INFO:colcon.colcon_core.shell:Creating environment hook '/root/ws_sensor_combined/install/example_local_navigation_cpp/share/example_local_navigation_cpp/hook/cmake_prefix_path.sh'
[2.094s] Level 1:colcon.colcon_core.environment:checking '/root/ws_sensor_combined/install/example_local_navigation_cpp/lib'
[2.094s] Level 1:colcon.colcon_core.environment:checking '/root/ws_sensor_combined/install/example_local_navigation_cpp/bin'
[2.094s] Level 1:colcon.colcon_core.environment:checking '/root/ws_sensor_combined/install/example_local_navigation_cpp/lib/pkgconfig/example_local_navigation_cpp.pc'
[2.094s] Level 1:colcon.colcon_core.environment:checking '/root/ws_sensor_combined/install/example_local_navigation_cpp/lib/python3.10/site-packages'
[2.094s] Level 1:colcon.colcon_core.environment:checking '/root/ws_sensor_combined/install/example_local_navigation_cpp/bin'
[2.095s] INFO:colcon.colcon_core.shell:Creating package script '/root/ws_sensor_combined/install/example_local_navigation_cpp/share/example_local_navigation_cpp/package.ps1'
[2.095s] INFO:colcon.colcon_core.shell:Creating package descriptor '/root/ws_sensor_combined/install/example_local_navigation_cpp/share/example_local_navigation_cpp/package.dsv'
[2.095s] INFO:colcon.colcon_core.shell:Creating package script '/root/ws_sensor_combined/install/example_local_navigation_cpp/share/example_local_navigation_cpp/package.sh'
[2.096s] INFO:colcon.colcon_core.shell:Creating package script '/root/ws_sensor_combined/install/example_local_navigation_cpp/share/example_local_navigation_cpp/package.bash'
[2.096s] INFO:colcon.colcon_core.shell:Creating package script '/root/ws_sensor_combined/install/example_local_navigation_cpp/share/example_local_navigation_cpp/package.zsh'
[2.096s] Level 1:colcon.colcon_core.environment:create_file_with_runtime_dependencies(/root/ws_sensor_combined/install/example_local_navigation_cpp/share/colcon-core/packages/example_local_navigation_cpp)
[2.097s] Level 1:colcon.colcon_core.environment:create_environment_scripts_only(example_mode_goto_cpp)
[2.097s] Level 1:colcon.colcon_core.environment:checking '/root/ws_sensor_combined/install/example_mode_goto_cpp' for CMake module files
[2.098s] Level 1:colcon.colcon_core.environment:checking '/root/ws_sensor_combined/install/example_mode_goto_cpp' for CMake config files
[2.099s] DEBUG:colcon.colcon_core.event_handler.log_command:Invoked command in '/root/ws_sensor_combined/build/example_mode_goto_cpp' returned '0': CMAKE_PREFIX_PATH=/root/ws_sensor_combined/install/px4_ros2_cpp:/root/ws_sensor_combined/install/px4_msgs:/root/ws_sensor_combined/install/px4_ros_com:/root/ws_sensor_combined/install/example_mode_with_executor_cpp:/root/ws_sensor_combined/install/example_mode_vtol_cpp:/root/ws_sensor_combined/install/example_mode_rtl_replacement_cpp:/root/ws_sensor_combined/install/example_mode_manual_cpp:/root/ws_sensor_combined/install/example_mode_goto_global_cpp:/root/ws_sensor_combined/install/example_mode_goto_cpp:/root/ws_sensor_combined/install/example_mode_fw_attitude_cpp:/root/ws_sensor_combined/install/example_local_navigation_cpp:/root/ws_sensor_combined/install/example_global_navigation_cpp:/root/ws_sensor_combined/install/example_executor_with_multiple_modes_cpp:/opt/ros/humble LD_LIBRARY_PATH=/root/ws_sensor_combined/install/px4_ros2_cpp/lib:/root/ws_sensor_combined/install/px4_msgs/lib:/root/ws_sensor_combined/install/px4_ros_com/lib:/opt/ros/humble/opt/rviz_ogre_vendor/lib:/opt/ros/humble/lib/x86_64-linux-gnu:/opt/ros/humble/lib /usr/bin/cmake --install /root/ws_sensor_combined/build/example_mode_goto_cpp
[2.099s] Level 1:colcon.colcon_core.shell:create_environment_hook('example_mode_goto_cpp', 'cmake_prefix_path')
[2.099s] INFO:colcon.colcon_core.shell:Creating environment hook '/root/ws_sensor_combined/install/example_mode_goto_cpp/share/example_mode_goto_cpp/hook/cmake_prefix_path.ps1'
[2.099s] INFO:colcon.colcon_core.shell:Creating environment descriptor '/root/ws_sensor_combined/install/example_mode_goto_cpp/share/example_mode_goto_cpp/hook/cmake_prefix_path.dsv'
[2.100s] INFO:colcon.colcon_core.shell:Creating environment hook '/root/ws_sensor_combined/install/example_mode_goto_cpp/share/example_mode_goto_cpp/hook/cmake_prefix_path.sh'
[2.100s] Level 1:colcon.colcon_core.environment:checking '/root/ws_sensor_combined/install/example_mode_goto_cpp/lib'
[2.100s] Level 1:colcon.colcon_core.environment:checking '/root/ws_sensor_combined/install/example_mode_goto_cpp/bin'
[2.100s] Level 1:colcon.colcon_core.environment:checking '/root/ws_sensor_combined/install/example_mode_goto_cpp/lib/pkgconfig/example_mode_goto_cpp.pc'
[2.100s] Level 1:colcon.colcon_core.environment:checking '/root/ws_sensor_combined/install/example_mode_goto_cpp/lib/python3.10/site-packages'
[2.101s] Level 1:colcon.colcon_core.environment:checking '/root/ws_sensor_combined/install/example_mode_goto_cpp/bin'
[2.101s] INFO:colcon.colcon_core.shell:Creating package script '/root/ws_sensor_combined/install/example_mode_goto_cpp/share/example_mode_goto_cpp/package.ps1'
[2.101s] INFO:colcon.colcon_core.shell:Creating package descriptor '/root/ws_sensor_combined/install/example_mode_goto_cpp/share/example_mode_goto_cpp/package.dsv'
[2.101s] INFO:colcon.colcon_core.shell:Creating package script '/root/ws_sensor_combined/install/example_mode_goto_cpp/share/example_mode_goto_cpp/package.sh'
[2.102s] INFO:colcon.colcon_core.shell:Creating package script '/root/ws_sensor_combined/install/example_mode_goto_cpp/share/example_mode_goto_cpp/package.bash'
[2.102s] INFO:colcon.colcon_core.shell:Creating package script '/root/ws_sensor_combined/install/example_mode_goto_cpp/share/example_mode_goto_cpp/package.zsh'
[2.102s] Level 1:colcon.colcon_core.environment:create_file_with_runtime_dependencies(/root/ws_sensor_combined/install/example_mode_goto_cpp/share/colcon-core/packages/example_mode_goto_cpp)
[2.103s] Level 1:colcon.colcon_core.environment:create_environment_scripts_only(example_mode_goto_cpp)
[2.103s] Level 1:colcon.colcon_core.environment:checking '/root/ws_sensor_combined/install/example_mode_goto_cpp' for CMake module files
[2.103s] Level 1:colcon.colcon_core.environment:checking '/root/ws_sensor_combined/install/example_mode_goto_cpp' for CMake config files
[2.103s] Level 1:colcon.colcon_core.shell:create_environment_hook('example_mode_goto_cpp', 'cmake_prefix_path')
[2.103s] INFO:colcon.colcon_core.shell:Creating environment hook '/root/ws_sensor_combined/install/example_mode_goto_cpp/share/example_mode_goto_cpp/hook/cmake_prefix_path.ps1'
[2.104s] INFO:colcon.colcon_core.shell:Creating environment descriptor '/root/ws_sensor_combined/install/example_mode_goto_cpp/share/example_mode_goto_cpp/hook/cmake_prefix_path.dsv'
[2.104s] INFO:colcon.colcon_core.shell:Creating environment hook '/root/ws_sensor_combined/install/example_mode_goto_cpp/share/example_mode_goto_cpp/hook/cmake_prefix_path.sh'
[2.104s] Level 1:colcon.colcon_core.environment:checking '/root/ws_sensor_combined/install/example_mode_goto_cpp/lib'
[2.104s] Level 1:colcon.colcon_core.environment:checking '/root/ws_sensor_combined/install/example_mode_goto_cpp/bin'
[2.104s] Level 1:colcon.colcon_core.environment:checking '/root/ws_sensor_combined/install/example_mode_goto_cpp/lib/pkgconfig/example_mode_goto_cpp.pc'
[2.104s] Level 1:colcon.colcon_core.environment:checking '/root/ws_sensor_combined/install/example_mode_goto_cpp/lib/python3.10/site-packages'
[2.105s] Level 1:colcon.colcon_core.environment:checking '/root/ws_sensor_combined/install/example_mode_goto_cpp/bin'
[2.105s] INFO:colcon.colcon_core.shell:Creating package script '/root/ws_sensor_combined/install/example_mode_goto_cpp/share/example_mode_goto_cpp/package.ps1'
[2.105s] INFO:colcon.colcon_core.shell:Creating package descriptor '/root/ws_sensor_combined/install/example_mode_goto_cpp/share/example_mode_goto_cpp/package.dsv'
[2.105s] INFO:colcon.colcon_core.shell:Creating package script '/root/ws_sensor_combined/install/example_mode_goto_cpp/share/example_mode_goto_cpp/package.sh'
[2.106s] INFO:colcon.colcon_core.shell:Creating package script '/root/ws_sensor_combined/install/example_mode_goto_cpp/share/example_mode_goto_cpp/package.bash'
[2.106s] INFO:colcon.colcon_core.shell:Creating package script '/root/ws_sensor_combined/install/example_mode_goto_cpp/share/example_mode_goto_cpp/package.zsh'
[2.107s] Level 1:colcon.colcon_core.environment:create_file_with_runtime_dependencies(/root/ws_sensor_combined/install/example_mode_goto_cpp/share/colcon-core/packages/example_mode_goto_cpp)
[2.107s] Level 1:colcon.colcon_core.environment:create_environment_scripts_only(example_mode_goto_global_cpp)
[2.107s] Level 1:colcon.colcon_core.environment:checking '/root/ws_sensor_combined/install/example_mode_goto_global_cpp' for CMake module files
[2.108s] Level 1:colcon.colcon_core.environment:checking '/root/ws_sensor_combined/install/example_mode_goto_global_cpp' for CMake config files
[2.108s] DEBUG:colcon.colcon_core.event_handler.log_command:Invoked command in '/root/ws_sensor_combined/build/example_mode_goto_global_cpp' returned '0': CMAKE_PREFIX_PATH=/root/ws_sensor_combined/install/px4_ros2_cpp:/root/ws_sensor_combined/install/px4_msgs:/root/ws_sensor_combined/install/px4_ros_com:/root/ws_sensor_combined/install/example_mode_with_executor_cpp:/root/ws_sensor_combined/install/example_mode_vtol_cpp:/root/ws_sensor_combined/install/example_mode_rtl_replacement_cpp:/root/ws_sensor_combined/install/example_mode_manual_cpp:/root/ws_sensor_combined/install/example_mode_goto_global_cpp:/root/ws_sensor_combined/install/example_mode_goto_cpp:/root/ws_sensor_combined/install/example_mode_fw_attitude_cpp:/root/ws_sensor_combined/install/example_local_navigation_cpp:/root/ws_sensor_combined/install/example_global_navigation_cpp:/root/ws_sensor_combined/install/example_executor_with_multiple_modes_cpp:/opt/ros/humble LD_LIBRARY_PATH=/root/ws_sensor_combined/install/px4_ros2_cpp/lib:/root/ws_sensor_combined/install/px4_msgs/lib:/root/ws_sensor_combined/install/px4_ros_com/lib:/opt/ros/humble/opt/rviz_ogre_vendor/lib:/opt/ros/humble/lib/x86_64-linux-gnu:/opt/ros/humble/lib /usr/bin/cmake --install /root/ws_sensor_combined/build/example_mode_goto_global_cpp
[2.109s] Level 1:colcon.colcon_core.shell:create_environment_hook('example_mode_goto_global_cpp', 'cmake_prefix_path')
[2.109s] INFO:colcon.colcon_core.shell:Creating environment hook '/root/ws_sensor_combined/install/example_mode_goto_global_cpp/share/example_mode_goto_global_cpp/hook/cmake_prefix_path.ps1'
[2.110s] INFO:colcon.colcon_core.shell:Creating environment descriptor '/root/ws_sensor_combined/install/example_mode_goto_global_cpp/share/example_mode_goto_global_cpp/hook/cmake_prefix_path.dsv'
[2.110s] INFO:colcon.colcon_core.shell:Creating environment hook '/root/ws_sensor_combined/install/example_mode_goto_global_cpp/share/example_mode_goto_global_cpp/hook/cmake_prefix_path.sh'
[2.111s] Level 1:colcon.colcon_core.environment:checking '/root/ws_sensor_combined/install/example_mode_goto_global_cpp/lib'
[2.111s] Level 1:colcon.colcon_core.environment:checking '/root/ws_sensor_combined/install/example_mode_goto_global_cpp/bin'
[2.111s] Level 1:colcon.colcon_core.environment:checking '/root/ws_sensor_combined/install/example_mode_goto_global_cpp/lib/pkgconfig/example_mode_goto_global_cpp.pc'
[2.111s] Level 1:colcon.colcon_core.environment:checking '/root/ws_sensor_combined/install/example_mode_goto_global_cpp/lib/python3.10/site-packages'
[2.111s] Level 1:colcon.colcon_core.environment:checking '/root/ws_sensor_combined/install/example_mode_goto_global_cpp/bin'
[2.112s] INFO:colcon.colcon_core.shell:Creating package script '/root/ws_sensor_combined/install/example_mode_goto_global_cpp/share/example_mode_goto_global_cpp/package.ps1'
[2.112s] INFO:colcon.colcon_core.shell:Creating package descriptor '/root/ws_sensor_combined/install/example_mode_goto_global_cpp/share/example_mode_goto_global_cpp/package.dsv'
[2.113s] INFO:colcon.colcon_core.shell:Creating package script '/root/ws_sensor_combined/install/example_mode_goto_global_cpp/share/example_mode_goto_global_cpp/package.sh'
[2.113s] INFO:colcon.colcon_core.shell:Creating package script '/root/ws_sensor_combined/install/example_mode_goto_global_cpp/share/example_mode_goto_global_cpp/package.bash'
[2.114s] INFO:colcon.colcon_core.shell:Creating package script '/root/ws_sensor_combined/install/example_mode_goto_global_cpp/share/example_mode_goto_global_cpp/package.zsh'
[2.114s] Level 1:colcon.colcon_core.environment:create_file_with_runtime_dependencies(/root/ws_sensor_combined/install/example_mode_goto_global_cpp/share/colcon-core/packages/example_mode_goto_global_cpp)
[2.115s] Level 1:colcon.colcon_core.environment:create_environment_scripts_only(example_mode_goto_global_cpp)
[2.116s] Level 1:colcon.colcon_core.environment:checking '/root/ws_sensor_combined/install/example_mode_goto_global_cpp' for CMake module files
[2.116s] Level 1:colcon.colcon_core.environment:checking '/root/ws_sensor_combined/install/example_mode_goto_global_cpp' for CMake config files
[2.116s] Level 1:colcon.colcon_core.shell:create_environment_hook('example_mode_goto_global_cpp', 'cmake_prefix_path')
[2.117s] INFO:colcon.colcon_core.shell:Creating environment hook '/root/ws_sensor_combined/install/example_mode_goto_global_cpp/share/example_mode_goto_global_cpp/hook/cmake_prefix_path.ps1'
[2.117s] INFO:colcon.colcon_core.shell:Creating environment descriptor '/root/ws_sensor_combined/install/example_mode_goto_global_cpp/share/example_mode_goto_global_cpp/hook/cmake_prefix_path.dsv'
[2.118s] INFO:colcon.colcon_core.shell:Creating environment hook '/root/ws_sensor_combined/install/example_mode_goto_global_cpp/share/example_mode_goto_global_cpp/hook/cmake_prefix_path.sh'
[2.119s] Level 1:colcon.colcon_core.environment:checking '/root/ws_sensor_combined/install/example_mode_goto_global_cpp/lib'
[2.119s] Level 1:colcon.colcon_core.environment:checking '/root/ws_sensor_combined/install/example_mode_goto_global_cpp/bin'
[2.119s] Level 1:colcon.colcon_core.environment:checking '/root/ws_sensor_combined/install/example_mode_goto_global_cpp/lib/pkgconfig/example_mode_goto_global_cpp.pc'
[2.119s] Level 1:colcon.colcon_core.environment:checking '/root/ws_sensor_combined/install/example_mode_goto_global_cpp/lib/python3.10/site-packages'
[2.119s] Level 1:colcon.colcon_core.environment:checking '/root/ws_sensor_combined/install/example_mode_goto_global_cpp/bin'
[2.119s] INFO:colcon.colcon_core.shell:Creating package script '/root/ws_sensor_combined/install/example_mode_goto_global_cpp/share/example_mode_goto_global_cpp/package.ps1'
[2.120s] INFO:colcon.colcon_core.shell:Creating package descriptor '/root/ws_sensor_combined/install/example_mode_goto_global_cpp/share/example_mode_goto_global_cpp/package.dsv'
[2.120s] INFO:colcon.colcon_core.shell:Creating package script '/root/ws_sensor_combined/install/example_mode_goto_global_cpp/share/example_mode_goto_global_cpp/package.sh'
[2.120s] INFO:colcon.colcon_core.shell:Creating package script '/root/ws_sensor_combined/install/example_mode_goto_global_cpp/share/example_mode_goto_global_cpp/package.bash'
[2.121s] INFO:colcon.colcon_core.shell:Creating package script '/root/ws_sensor_combined/install/example_mode_goto_global_cpp/share/example_mode_goto_global_cpp/package.zsh'
[2.121s] Level 1:colcon.colcon_core.environment:create_file_with_runtime_dependencies(/root/ws_sensor_combined/install/example_mode_goto_global_cpp/share/colcon-core/packages/example_mode_goto_global_cpp)
[2.122s] Level 1:colcon.colcon_core.environment:create_environment_scripts_only(example_mode_with_executor_cpp)
[2.122s] Level 1:colcon.colcon_core.environment:checking '/root/ws_sensor_combined/install/example_mode_with_executor_cpp' for CMake module files
[2.124s] DEBUG:colcon.colcon_core.event_handler.log_command:Invoked command in '/root/ws_sensor_combined/build/example_mode_with_executor_cpp' returned '0': CMAKE_PREFIX_PATH=/root/ws_sensor_combined/install/px4_ros2_cpp:/root/ws_sensor_combined/install/px4_msgs:/root/ws_sensor_combined/install/px4_ros_com:/root/ws_sensor_combined/install/example_mode_with_executor_cpp:/root/ws_sensor_combined/install/example_mode_vtol_cpp:/root/ws_sensor_combined/install/example_mode_rtl_replacement_cpp:/root/ws_sensor_combined/install/example_mode_manual_cpp:/root/ws_sensor_combined/install/example_mode_goto_global_cpp:/root/ws_sensor_combined/install/example_mode_goto_cpp:/root/ws_sensor_combined/install/example_mode_fw_attitude_cpp:/root/ws_sensor_combined/install/example_local_navigation_cpp:/root/ws_sensor_combined/install/example_global_navigation_cpp:/root/ws_sensor_combined/install/example_executor_with_multiple_modes_cpp:/opt/ros/humble LD_LIBRARY_PATH=/root/ws_sensor_combined/install/px4_ros2_cpp/lib:/root/ws_sensor_combined/install/px4_msgs/lib:/root/ws_sensor_combined/install/px4_ros_com/lib:/opt/ros/humble/opt/rviz_ogre_vendor/lib:/opt/ros/humble/lib/x86_64-linux-gnu:/opt/ros/humble/lib /usr/bin/cmake --install /root/ws_sensor_combined/build/example_mode_with_executor_cpp
[2.124s] Level 1:colcon.colcon_core.environment:checking '/root/ws_sensor_combined/install/example_mode_with_executor_cpp' for CMake config files
[2.124s] Level 1:colcon.colcon_core.shell:create_environment_hook('example_mode_with_executor_cpp', 'cmake_prefix_path')
[2.125s] INFO:colcon.colcon_core.shell:Creating environment hook '/root/ws_sensor_combined/install/example_mode_with_executor_cpp/share/example_mode_with_executor_cpp/hook/cmake_prefix_path.ps1'
[2.125s] INFO:colcon.colcon_core.shell:Creating environment descriptor '/root/ws_sensor_combined/install/example_mode_with_executor_cpp/share/example_mode_with_executor_cpp/hook/cmake_prefix_path.dsv'
[2.125s] INFO:colcon.colcon_core.shell:Creating environment hook '/root/ws_sensor_combined/install/example_mode_with_executor_cpp/share/example_mode_with_executor_cpp/hook/cmake_prefix_path.sh'
[2.126s] Level 1:colcon.colcon_core.environment:checking '/root/ws_sensor_combined/install/example_mode_with_executor_cpp/lib'
[2.126s] Level 1:colcon.colcon_core.environment:checking '/root/ws_sensor_combined/install/example_mode_with_executor_cpp/bin'
[2.126s] Level 1:colcon.colcon_core.environment:checking '/root/ws_sensor_combined/install/example_mode_with_executor_cpp/lib/pkgconfig/example_mode_with_executor_cpp.pc'
[2.126s] Level 1:colcon.colcon_core.environment:checking '/root/ws_sensor_combined/install/example_mode_with_executor_cpp/lib/python3.10/site-packages'
[2.126s] Level 1:colcon.colcon_core.environment:checking '/root/ws_sensor_combined/install/example_mode_with_executor_cpp/bin'
[2.126s] INFO:colcon.colcon_core.shell:Creating package script '/root/ws_sensor_combined/install/example_mode_with_executor_cpp/share/example_mode_with_executor_cpp/package.ps1'
[2.127s] INFO:colcon.colcon_core.shell:Creating package descriptor '/root/ws_sensor_combined/install/example_mode_with_executor_cpp/share/example_mode_with_executor_cpp/package.dsv'
[2.128s] INFO:colcon.colcon_core.shell:Creating package script '/root/ws_sensor_combined/install/example_mode_with_executor_cpp/share/example_mode_with_executor_cpp/package.sh'
[2.129s] INFO:colcon.colcon_core.shell:Creating package script '/root/ws_sensor_combined/install/example_mode_with_executor_cpp/share/example_mode_with_executor_cpp/package.bash'
[2.129s] INFO:colcon.colcon_core.shell:Creating package script '/root/ws_sensor_combined/install/example_mode_with_executor_cpp/share/example_mode_with_executor_cpp/package.zsh'
[2.129s] Level 1:colcon.colcon_core.environment:create_file_with_runtime_dependencies(/root/ws_sensor_combined/install/example_mode_with_executor_cpp/share/colcon-core/packages/example_mode_with_executor_cpp)
[2.130s] Level 1:colcon.colcon_core.environment:create_environment_scripts_only(example_mode_with_executor_cpp)
[2.130s] Level 1:colcon.colcon_core.environment:checking '/root/ws_sensor_combined/install/example_mode_with_executor_cpp' for CMake module files
[2.130s] Level 1:colcon.colcon_core.environment:checking '/root/ws_sensor_combined/install/example_mode_with_executor_cpp' for CMake config files
[2.130s] Level 1:colcon.colcon_core.shell:create_environment_hook('example_mode_with_executor_cpp', 'cmake_prefix_path')
[2.131s] INFO:colcon.colcon_core.shell:Creating environment hook '/root/ws_sensor_combined/install/example_mode_with_executor_cpp/share/example_mode_with_executor_cpp/hook/cmake_prefix_path.ps1'
[2.131s] INFO:colcon.colcon_core.shell:Creating environment descriptor '/root/ws_sensor_combined/install/example_mode_with_executor_cpp/share/example_mode_with_executor_cpp/hook/cmake_prefix_path.dsv'
[2.132s] INFO:colcon.colcon_core.shell:Creating environment hook '/root/ws_sensor_combined/install/example_mode_with_executor_cpp/share/example_mode_with_executor_cpp/hook/cmake_prefix_path.sh'
[2.132s] Level 1:colcon.colcon_core.environment:checking '/root/ws_sensor_combined/install/example_mode_with_executor_cpp/lib'
[2.132s] Level 1:colcon.colcon_core.environment:checking '/root/ws_sensor_combined/install/example_mode_with_executor_cpp/bin'
[2.132s] Level 1:colcon.colcon_core.environment:checking '/root/ws_sensor_combined/install/example_mode_with_executor_cpp/lib/pkgconfig/example_mode_with_executor_cpp.pc'
[2.132s] Level 1:colcon.colcon_core.environment:checking '/root/ws_sensor_combined/install/example_mode_with_executor_cpp/lib/python3.10/site-packages'
[2.133s] Level 1:colcon.colcon_core.environment:checking '/root/ws_sensor_combined/install/example_mode_with_executor_cpp/bin'
[2.133s] INFO:colcon.colcon_core.shell:Creating package script '/root/ws_sensor_combined/install/example_mode_with_executor_cpp/share/example_mode_with_executor_cpp/package.ps1'
[2.133s] INFO:colcon.colcon_core.shell:Creating package descriptor '/root/ws_sensor_combined/install/example_mode_with_executor_cpp/share/example_mode_with_executor_cpp/package.dsv'
[2.133s] INFO:colcon.colcon_core.shell:Creating package script '/root/ws_sensor_combined/install/example_mode_with_executor_cpp/share/example_mode_with_executor_cpp/package.sh'
[2.134s] INFO:colcon.colcon_core.shell:Creating package script '/root/ws_sensor_combined/install/example_mode_with_executor_cpp/share/example_mode_with_executor_cpp/package.bash'
[2.134s] INFO:colcon.colcon_core.shell:Creating package script '/root/ws_sensor_combined/install/example_mode_with_executor_cpp/share/example_mode_with_executor_cpp/package.zsh'
[2.134s] Level 1:colcon.colcon_core.environment:create_file_with_runtime_dependencies(/root/ws_sensor_combined/install/example_mode_with_executor_cpp/share/colcon-core/packages/example_mode_with_executor_cpp)
[2.135s] Level 1:colcon.colcon_core.environment:create_environment_scripts_only(example_mode_rtl_replacement_cpp)
[2.135s] Level 1:colcon.colcon_core.environment:checking '/root/ws_sensor_combined/install/example_mode_rtl_replacement_cpp' for CMake module files
[2.136s] DEBUG:colcon.colcon_core.event_handler.log_command:Invoked command in '/root/ws_sensor_combined/build/example_mode_rtl_replacement_cpp' returned '0': CMAKE_PREFIX_PATH=/root/ws_sensor_combined/install/px4_ros2_cpp:/root/ws_sensor_combined/install/px4_msgs:/root/ws_sensor_combined/install/px4_ros_com:/root/ws_sensor_combined/install/example_mode_with_executor_cpp:/root/ws_sensor_combined/install/example_mode_vtol_cpp:/root/ws_sensor_combined/install/example_mode_rtl_replacement_cpp:/root/ws_sensor_combined/install/example_mode_manual_cpp:/root/ws_sensor_combined/install/example_mode_goto_global_cpp:/root/ws_sensor_combined/install/example_mode_goto_cpp:/root/ws_sensor_combined/install/example_mode_fw_attitude_cpp:/root/ws_sensor_combined/install/example_local_navigation_cpp:/root/ws_sensor_combined/install/example_global_navigation_cpp:/root/ws_sensor_combined/install/example_executor_with_multiple_modes_cpp:/opt/ros/humble LD_LIBRARY_PATH=/root/ws_sensor_combined/install/px4_ros2_cpp/lib:/root/ws_sensor_combined/install/px4_msgs/lib:/root/ws_sensor_combined/install/px4_ros_com/lib:/opt/ros/humble/opt/rviz_ogre_vendor/lib:/opt/ros/humble/lib/x86_64-linux-gnu:/opt/ros/humble/lib /usr/bin/cmake --install /root/ws_sensor_combined/build/example_mode_rtl_replacement_cpp
[2.136s] Level 1:colcon.colcon_core.environment:checking '/root/ws_sensor_combined/install/example_mode_rtl_replacement_cpp' for CMake config files
[2.137s] Level 1:colcon.colcon_core.shell:create_environment_hook('example_mode_rtl_replacement_cpp', 'cmake_prefix_path')
[2.137s] INFO:colcon.colcon_core.shell:Creating environment hook '/root/ws_sensor_combined/install/example_mode_rtl_replacement_cpp/share/example_mode_rtl_replacement_cpp/hook/cmake_prefix_path.ps1'
[2.137s] INFO:colcon.colcon_core.shell:Creating environment descriptor '/root/ws_sensor_combined/install/example_mode_rtl_replacement_cpp/share/example_mode_rtl_replacement_cpp/hook/cmake_prefix_path.dsv'
[2.137s] INFO:colcon.colcon_core.shell:Creating environment hook '/root/ws_sensor_combined/install/example_mode_rtl_replacement_cpp/share/example_mode_rtl_replacement_cpp/hook/cmake_prefix_path.sh'
[2.138s] Level 1:colcon.colcon_core.environment:checking '/root/ws_sensor_combined/install/example_mode_rtl_replacement_cpp/lib'
[2.138s] Level 1:colcon.colcon_core.environment:checking '/root/ws_sensor_combined/install/example_mode_rtl_replacement_cpp/bin'
[2.138s] Level 1:colcon.colcon_core.environment:checking '/root/ws_sensor_combined/install/example_mode_rtl_replacement_cpp/lib/pkgconfig/example_mode_rtl_replacement_cpp.pc'
[2.138s] Level 1:colcon.colcon_core.environment:checking '/root/ws_sensor_combined/install/example_mode_rtl_replacement_cpp/lib/python3.10/site-packages'
[2.138s] Level 1:colcon.colcon_core.environment:checking '/root/ws_sensor_combined/install/example_mode_rtl_replacement_cpp/bin'
[2.139s] INFO:colcon.colcon_core.shell:Creating package script '/root/ws_sensor_combined/install/example_mode_rtl_replacement_cpp/share/example_mode_rtl_replacement_cpp/package.ps1'
[2.139s] INFO:colcon.colcon_core.shell:Creating package descriptor '/root/ws_sensor_combined/install/example_mode_rtl_replacement_cpp/share/example_mode_rtl_replacement_cpp/package.dsv'
[2.140s] INFO:colcon.colcon_core.shell:Creating package script '/root/ws_sensor_combined/install/example_mode_rtl_replacement_cpp/share/example_mode_rtl_replacement_cpp/package.sh'
[2.140s] INFO:colcon.colcon_core.shell:Creating package script '/root/ws_sensor_combined/install/example_mode_rtl_replacement_cpp/share/example_mode_rtl_replacement_cpp/package.bash'
[2.140s] INFO:colcon.colcon_core.shell:Creating package script '/root/ws_sensor_combined/install/example_mode_rtl_replacement_cpp/share/example_mode_rtl_replacement_cpp/package.zsh'
[2.140s] Level 1:colcon.colcon_core.environment:create_file_with_runtime_dependencies(/root/ws_sensor_combined/install/example_mode_rtl_replacement_cpp/share/colcon-core/packages/example_mode_rtl_replacement_cpp)
[2.141s] Level 1:colcon.colcon_core.environment:create_environment_scripts_only(example_mode_rtl_replacement_cpp)
[2.141s] Level 1:colcon.colcon_core.environment:checking '/root/ws_sensor_combined/install/example_mode_rtl_replacement_cpp' for CMake module files
[2.141s] Level 1:colcon.colcon_core.environment:checking '/root/ws_sensor_combined/install/example_mode_rtl_replacement_cpp' for CMake config files
[2.141s] Level 1:colcon.colcon_core.shell:create_environment_hook('example_mode_rtl_replacement_cpp', 'cmake_prefix_path')
[2.141s] INFO:colcon.colcon_core.shell:Creating environment hook '/root/ws_sensor_combined/install/example_mode_rtl_replacement_cpp/share/example_mode_rtl_replacement_cpp/hook/cmake_prefix_path.ps1'
[2.142s] INFO:colcon.colcon_core.shell:Creating environment descriptor '/root/ws_sensor_combined/install/example_mode_rtl_replacement_cpp/share/example_mode_rtl_replacement_cpp/hook/cmake_prefix_path.dsv'
[2.142s] INFO:colcon.colcon_core.shell:Creating environment hook '/root/ws_sensor_combined/install/example_mode_rtl_replacement_cpp/share/example_mode_rtl_replacement_cpp/hook/cmake_prefix_path.sh'
[2.143s] Level 1:colcon.colcon_core.environment:checking '/root/ws_sensor_combined/install/example_mode_rtl_replacement_cpp/lib'
[2.143s] Level 1:colcon.colcon_core.environment:checking '/root/ws_sensor_combined/install/example_mode_rtl_replacement_cpp/bin'
[2.143s] Level 1:colcon.colcon_core.environment:checking '/root/ws_sensor_combined/install/example_mode_rtl_replacement_cpp/lib/pkgconfig/example_mode_rtl_replacement_cpp.pc'
[2.144s] Level 1:colcon.colcon_core.environment:checking '/root/ws_sensor_combined/install/example_mode_rtl_replacement_cpp/lib/python3.10/site-packages'
[2.144s] Level 1:colcon.colcon_core.environment:checking '/root/ws_sensor_combined/install/example_mode_rtl_replacement_cpp/bin'
[2.144s] INFO:colcon.colcon_core.shell:Creating package script '/root/ws_sensor_combined/install/example_mode_rtl_replacement_cpp/share/example_mode_rtl_replacement_cpp/package.ps1'
[2.144s] INFO:colcon.colcon_core.shell:Creating package descriptor '/root/ws_sensor_combined/install/example_mode_rtl_replacement_cpp/share/example_mode_rtl_replacement_cpp/package.dsv'
[2.145s] INFO:colcon.colcon_core.shell:Creating package script '/root/ws_sensor_combined/install/example_mode_rtl_replacement_cpp/share/example_mode_rtl_replacement_cpp/package.sh'
[2.145s] INFO:colcon.colcon_core.shell:Creating package script '/root/ws_sensor_combined/install/example_mode_rtl_replacement_cpp/share/example_mode_rtl_replacement_cpp/package.bash'
[2.145s] INFO:colcon.colcon_core.shell:Creating package script '/root/ws_sensor_combined/install/example_mode_rtl_replacement_cpp/share/example_mode_rtl_replacement_cpp/package.zsh'
[2.145s] Level 1:colcon.colcon_core.environment:create_file_with_runtime_dependencies(/root/ws_sensor_combined/install/example_mode_rtl_replacement_cpp/share/colcon-core/packages/example_mode_rtl_replacement_cpp)
[2.146s] Level 1:colcon.colcon_core.environment:create_environment_scripts_only(example_mode_vtol_cpp)
[2.146s] Level 1:colcon.colcon_core.environment:checking '/root/ws_sensor_combined/install/example_mode_vtol_cpp' for CMake module files
[2.148s] DEBUG:colcon.colcon_core.event_handler.log_command:Invoked command in '/root/ws_sensor_combined/build/example_mode_vtol_cpp' returned '0': CMAKE_PREFIX_PATH=/root/ws_sensor_combined/install/px4_ros2_cpp:/root/ws_sensor_combined/install/px4_msgs:/root/ws_sensor_combined/install/px4_ros_com:/root/ws_sensor_combined/install/example_mode_with_executor_cpp:/root/ws_sensor_combined/install/example_mode_vtol_cpp:/root/ws_sensor_combined/install/example_mode_rtl_replacement_cpp:/root/ws_sensor_combined/install/example_mode_manual_cpp:/root/ws_sensor_combined/install/example_mode_goto_global_cpp:/root/ws_sensor_combined/install/example_mode_goto_cpp:/root/ws_sensor_combined/install/example_mode_fw_attitude_cpp:/root/ws_sensor_combined/install/example_local_navigation_cpp:/root/ws_sensor_combined/install/example_global_navigation_cpp:/root/ws_sensor_combined/install/example_executor_with_multiple_modes_cpp:/opt/ros/humble LD_LIBRARY_PATH=/root/ws_sensor_combined/install/px4_ros2_cpp/lib:/root/ws_sensor_combined/install/px4_msgs/lib:/root/ws_sensor_combined/install/px4_ros_com/lib:/opt/ros/humble/opt/rviz_ogre_vendor/lib:/opt/ros/humble/lib/x86_64-linux-gnu:/opt/ros/humble/lib /usr/bin/cmake --install /root/ws_sensor_combined/build/example_mode_vtol_cpp
[2.148s] Level 1:colcon.colcon_core.environment:checking '/root/ws_sensor_combined/install/example_mode_vtol_cpp' for CMake config files
[2.149s] Level 1:colcon.colcon_core.shell:create_environment_hook('example_mode_vtol_cpp', 'cmake_prefix_path')
[2.149s] INFO:colcon.colcon_core.shell:Creating environment hook '/root/ws_sensor_combined/install/example_mode_vtol_cpp/share/example_mode_vtol_cpp/hook/cmake_prefix_path.ps1'
[2.150s] INFO:colcon.colcon_core.shell:Creating environment descriptor '/root/ws_sensor_combined/install/example_mode_vtol_cpp/share/example_mode_vtol_cpp/hook/cmake_prefix_path.dsv'
[2.150s] INFO:colcon.colcon_core.shell:Creating environment hook '/root/ws_sensor_combined/install/example_mode_vtol_cpp/share/example_mode_vtol_cpp/hook/cmake_prefix_path.sh'
[2.151s] Level 1:colcon.colcon_core.environment:checking '/root/ws_sensor_combined/install/example_mode_vtol_cpp/lib'
[2.151s] Level 1:colcon.colcon_core.environment:checking '/root/ws_sensor_combined/install/example_mode_vtol_cpp/bin'
[2.151s] Level 1:colcon.colcon_core.environment:checking '/root/ws_sensor_combined/install/example_mode_vtol_cpp/lib/pkgconfig/example_mode_vtol_cpp.pc'
[2.151s] Level 1:colcon.colcon_core.environment:checking '/root/ws_sensor_combined/install/example_mode_vtol_cpp/lib/python3.10/site-packages'
[2.152s] Level 1:colcon.colcon_core.environment:checking '/root/ws_sensor_combined/install/example_mode_vtol_cpp/bin'
[2.152s] INFO:colcon.colcon_core.shell:Creating package script '/root/ws_sensor_combined/install/example_mode_vtol_cpp/share/example_mode_vtol_cpp/package.ps1'
[2.152s] INFO:colcon.colcon_core.shell:Creating package descriptor '/root/ws_sensor_combined/install/example_mode_vtol_cpp/share/example_mode_vtol_cpp/package.dsv'
[2.153s] INFO:colcon.colcon_core.shell:Creating package script '/root/ws_sensor_combined/install/example_mode_vtol_cpp/share/example_mode_vtol_cpp/package.sh'
[2.153s] INFO:colcon.colcon_core.shell:Creating package script '/root/ws_sensor_combined/install/example_mode_vtol_cpp/share/example_mode_vtol_cpp/package.bash'
[2.153s] INFO:colcon.colcon_core.shell:Creating package script '/root/ws_sensor_combined/install/example_mode_vtol_cpp/share/example_mode_vtol_cpp/package.zsh'
[2.153s] Level 1:colcon.colcon_core.environment:create_file_with_runtime_dependencies(/root/ws_sensor_combined/install/example_mode_vtol_cpp/share/colcon-core/packages/example_mode_vtol_cpp)
[2.154s] Level 1:colcon.colcon_core.environment:create_environment_scripts_only(example_mode_vtol_cpp)
[2.154s] Level 1:colcon.colcon_core.environment:checking '/root/ws_sensor_combined/install/example_mode_vtol_cpp' for CMake module files
[2.154s] Level 1:colcon.colcon_core.environment:checking '/root/ws_sensor_combined/install/example_mode_vtol_cpp' for CMake config files
[2.154s] Level 1:colcon.colcon_core.shell:create_environment_hook('example_mode_vtol_cpp', 'cmake_prefix_path')
[2.155s] INFO:colcon.colcon_core.shell:Creating environment hook '/root/ws_sensor_combined/install/example_mode_vtol_cpp/share/example_mode_vtol_cpp/hook/cmake_prefix_path.ps1'
[2.155s] INFO:colcon.colcon_core.shell:Creating environment descriptor '/root/ws_sensor_combined/install/example_mode_vtol_cpp/share/example_mode_vtol_cpp/hook/cmake_prefix_path.dsv'
[2.155s] INFO:colcon.colcon_core.shell:Creating environment hook '/root/ws_sensor_combined/install/example_mode_vtol_cpp/share/example_mode_vtol_cpp/hook/cmake_prefix_path.sh'
[2.156s] Level 1:colcon.colcon_core.environment:checking '/root/ws_sensor_combined/install/example_mode_vtol_cpp/lib'
[2.156s] Level 1:colcon.colcon_core.environment:checking '/root/ws_sensor_combined/install/example_mode_vtol_cpp/bin'
[2.156s] Level 1:colcon.colcon_core.environment:checking '/root/ws_sensor_combined/install/example_mode_vtol_cpp/lib/pkgconfig/example_mode_vtol_cpp.pc'
[2.157s] Level 1:colcon.colcon_core.environment:checking '/root/ws_sensor_combined/install/example_mode_vtol_cpp/lib/python3.10/site-packages'
[2.157s] Level 1:colcon.colcon_core.environment:checking '/root/ws_sensor_combined/install/example_mode_vtol_cpp/bin'
[2.157s] INFO:colcon.colcon_core.shell:Creating package script '/root/ws_sensor_combined/install/example_mode_vtol_cpp/share/example_mode_vtol_cpp/package.ps1'
[2.158s] INFO:colcon.colcon_core.shell:Creating package descriptor '/root/ws_sensor_combined/install/example_mode_vtol_cpp/share/example_mode_vtol_cpp/package.dsv'
[2.158s] INFO:colcon.colcon_core.shell:Creating package script '/root/ws_sensor_combined/install/example_mode_vtol_cpp/share/example_mode_vtol_cpp/package.sh'
[2.158s] INFO:colcon.colcon_core.shell:Creating package script '/root/ws_sensor_combined/install/example_mode_vtol_cpp/share/example_mode_vtol_cpp/package.bash'
[2.159s] INFO:colcon.colcon_core.shell:Creating package script '/root/ws_sensor_combined/install/example_mode_vtol_cpp/share/example_mode_vtol_cpp/package.zsh'
[2.159s] Level 1:colcon.colcon_core.environment:create_file_with_runtime_dependencies(/root/ws_sensor_combined/install/example_mode_vtol_cpp/share/colcon-core/packages/example_mode_vtol_cpp)
[16.368s] DEBUG:colcon.colcon_core.event_handler.log_command:Invoked command in '/root/ws_sensor_combined/build/px4_ros_com' returned '0': CMAKE_PREFIX_PATH=/root/ws_sensor_combined/install/px4_msgs:/root/ws_sensor_combined/install/px4_ros_com:/root/ws_sensor_combined/install/example_mode_with_executor_cpp:/root/ws_sensor_combined/install/example_mode_vtol_cpp:/root/ws_sensor_combined/install/example_mode_rtl_replacement_cpp:/root/ws_sensor_combined/install/example_mode_manual_cpp:/root/ws_sensor_combined/install/example_mode_goto_global_cpp:/root/ws_sensor_combined/install/example_mode_goto_cpp:/root/ws_sensor_combined/install/example_mode_fw_attitude_cpp:/root/ws_sensor_combined/install/example_local_navigation_cpp:/root/ws_sensor_combined/install/example_global_navigation_cpp:/root/ws_sensor_combined/install/example_executor_with_multiple_modes_cpp:/root/ws_sensor_combined/install/px4_ros2_cpp:/opt/ros/humble LD_LIBRARY_PATH=/root/ws_sensor_combined/install/px4_msgs/lib:/root/ws_sensor_combined/install/px4_ros_com/lib:/root/ws_sensor_combined/install/px4_ros2_cpp/lib:/opt/ros/humble/opt/rviz_ogre_vendor/lib:/opt/ros/humble/lib/x86_64-linux-gnu:/opt/ros/humble/lib /usr/bin/cmake --build /root/ws_sensor_combined/build/px4_ros_com -- -j20 -l20
[16.370s] DEBUG:colcon.colcon_core.event_handler.log_command:Invoking command in '/root/ws_sensor_combined/build/px4_ros_com': CMAKE_PREFIX_PATH=/root/ws_sensor_combined/install/px4_msgs:/root/ws_sensor_combined/install/px4_ros_com:/root/ws_sensor_combined/install/example_mode_with_executor_cpp:/root/ws_sensor_combined/install/example_mode_vtol_cpp:/root/ws_sensor_combined/install/example_mode_rtl_replacement_cpp:/root/ws_sensor_combined/install/example_mode_manual_cpp:/root/ws_sensor_combined/install/example_mode_goto_global_cpp:/root/ws_sensor_combined/install/example_mode_goto_cpp:/root/ws_sensor_combined/install/example_mode_fw_attitude_cpp:/root/ws_sensor_combined/install/example_local_navigation_cpp:/root/ws_sensor_combined/install/example_global_navigation_cpp:/root/ws_sensor_combined/install/example_executor_with_multiple_modes_cpp:/root/ws_sensor_combined/install/px4_ros2_cpp:/opt/ros/humble LD_LIBRARY_PATH=/root/ws_sensor_combined/install/px4_msgs/lib:/root/ws_sensor_combined/install/px4_ros_com/lib:/root/ws_sensor_combined/install/px4_ros2_cpp/lib:/opt/ros/humble/opt/rviz_ogre_vendor/lib:/opt/ros/humble/lib/x86_64-linux-gnu:/opt/ros/humble/lib /usr/bin/cmake --install /root/ws_sensor_combined/build/px4_ros_com
[16.416s] Level 1:colcon.colcon_core.environment:create_environment_scripts_only(px4_ros_com)
[16.417s] Level 1:colcon.colcon_core.environment:checking '/root/ws_sensor_combined/install/px4_ros_com' for CMake module files
[16.417s] DEBUG:colcon.colcon_core.event_handler.log_command:Invoked command in '/root/ws_sensor_combined/build/px4_ros_com' returned '0': CMAKE_PREFIX_PATH=/root/ws_sensor_combined/install/px4_msgs:/root/ws_sensor_combined/install/px4_ros_com:/root/ws_sensor_combined/install/example_mode_with_executor_cpp:/root/ws_sensor_combined/install/example_mode_vtol_cpp:/root/ws_sensor_combined/install/example_mode_rtl_replacement_cpp:/root/ws_sensor_combined/install/example_mode_manual_cpp:/root/ws_sensor_combined/install/example_mode_goto_global_cpp:/root/ws_sensor_combined/install/example_mode_goto_cpp:/root/ws_sensor_combined/install/example_mode_fw_attitude_cpp:/root/ws_sensor_combined/install/example_local_navigation_cpp:/root/ws_sensor_combined/install/example_global_navigation_cpp:/root/ws_sensor_combined/install/example_executor_with_multiple_modes_cpp:/root/ws_sensor_combined/install/px4_ros2_cpp:/opt/ros/humble LD_LIBRARY_PATH=/root/ws_sensor_combined/install/px4_msgs/lib:/root/ws_sensor_combined/install/px4_ros_com/lib:/root/ws_sensor_combined/install/px4_ros2_cpp/lib:/opt/ros/humble/opt/rviz_ogre_vendor/lib:/opt/ros/humble/lib/x86_64-linux-gnu:/opt/ros/humble/lib /usr/bin/cmake --install /root/ws_sensor_combined/build/px4_ros_com
[16.418s] Level 1:colcon.colcon_core.environment:checking '/root/ws_sensor_combined/install/px4_ros_com' for CMake config files
[16.418s] Level 1:colcon.colcon_core.shell:create_environment_hook('px4_ros_com', 'cmake_prefix_path')
[16.418s] INFO:colcon.colcon_core.shell:Creating environment hook '/root/ws_sensor_combined/install/px4_ros_com/share/px4_ros_com/hook/cmake_prefix_path.ps1'
[16.419s] INFO:colcon.colcon_core.shell:Creating environment descriptor '/root/ws_sensor_combined/install/px4_ros_com/share/px4_ros_com/hook/cmake_prefix_path.dsv'
[16.419s] INFO:colcon.colcon_core.shell:Creating environment hook '/root/ws_sensor_combined/install/px4_ros_com/share/px4_ros_com/hook/cmake_prefix_path.sh'
[16.420s] Level 1:colcon.colcon_core.environment:checking '/root/ws_sensor_combined/install/px4_ros_com/lib'
[16.420s] Level 1:colcon.colcon_core.shell:create_environment_hook('px4_ros_com', 'ld_library_path_lib')
[16.420s] INFO:colcon.colcon_core.shell:Creating environment hook '/root/ws_sensor_combined/install/px4_ros_com/share/px4_ros_com/hook/ld_library_path_lib.ps1'
[16.420s] INFO:colcon.colcon_core.shell:Creating environment descriptor '/root/ws_sensor_combined/install/px4_ros_com/share/px4_ros_com/hook/ld_library_path_lib.dsv'
[16.420s] INFO:colcon.colcon_core.shell:Creating environment hook '/root/ws_sensor_combined/install/px4_ros_com/share/px4_ros_com/hook/ld_library_path_lib.sh'
[16.421s] Level 1:colcon.colcon_core.environment:checking '/root/ws_sensor_combined/install/px4_ros_com/bin'
[16.421s] Level 1:colcon.colcon_core.environment:checking '/root/ws_sensor_combined/install/px4_ros_com/lib/pkgconfig/px4_ros_com.pc'
[16.421s] Level 1:colcon.colcon_core.environment:checking '/root/ws_sensor_combined/install/px4_ros_com/lib/python3.10/site-packages'
[16.421s] Level 1:colcon.colcon_core.environment:checking '/root/ws_sensor_combined/install/px4_ros_com/bin'
[16.421s] INFO:colcon.colcon_core.shell:Creating package script '/root/ws_sensor_combined/install/px4_ros_com/share/px4_ros_com/package.ps1'
[16.421s] INFO:colcon.colcon_core.shell:Creating package descriptor '/root/ws_sensor_combined/install/px4_ros_com/share/px4_ros_com/package.dsv'
[16.422s] INFO:colcon.colcon_core.shell:Creating package script '/root/ws_sensor_combined/install/px4_ros_com/share/px4_ros_com/package.sh'
[16.422s] INFO:colcon.colcon_core.shell:Creating package script '/root/ws_sensor_combined/install/px4_ros_com/share/px4_ros_com/package.bash'
[16.422s] INFO:colcon.colcon_core.shell:Creating package script '/root/ws_sensor_combined/install/px4_ros_com/share/px4_ros_com/package.zsh'
[16.423s] Level 1:colcon.colcon_core.environment:create_file_with_runtime_dependencies(/root/ws_sensor_combined/install/px4_ros_com/share/colcon-core/packages/px4_ros_com)
[16.423s] Level 1:colcon.colcon_core.environment:create_environment_scripts_only(px4_ros_com)
[16.423s] Level 1:colcon.colcon_core.environment:checking '/root/ws_sensor_combined/install/px4_ros_com' for CMake module files
[16.423s] Level 1:colcon.colcon_core.environment:checking '/root/ws_sensor_combined/install/px4_ros_com' for CMake config files
[16.424s] Level 1:colcon.colcon_core.shell:create_environment_hook('px4_ros_com', 'cmake_prefix_path')
[16.424s] INFO:colcon.colcon_core.shell:Creating environment hook '/root/ws_sensor_combined/install/px4_ros_com/share/px4_ros_com/hook/cmake_prefix_path.ps1'
[16.424s] INFO:colcon.colcon_core.shell:Creating environment descriptor '/root/ws_sensor_combined/install/px4_ros_com/share/px4_ros_com/hook/cmake_prefix_path.dsv'
[16.424s] INFO:colcon.colcon_core.shell:Creating environment hook '/root/ws_sensor_combined/install/px4_ros_com/share/px4_ros_com/hook/cmake_prefix_path.sh'
[16.425s] Level 1:colcon.colcon_core.environment:checking '/root/ws_sensor_combined/install/px4_ros_com/lib'
[16.425s] Level 1:colcon.colcon_core.shell:create_environment_hook('px4_ros_com', 'ld_library_path_lib')
[16.425s] INFO:colcon.colcon_core.shell:Creating environment hook '/root/ws_sensor_combined/install/px4_ros_com/share/px4_ros_com/hook/ld_library_path_lib.ps1'
[16.425s] INFO:colcon.colcon_core.shell:Creating environment descriptor '/root/ws_sensor_combined/install/px4_ros_com/share/px4_ros_com/hook/ld_library_path_lib.dsv'
[16.425s] INFO:colcon.colcon_core.shell:Creating environment hook '/root/ws_sensor_combined/install/px4_ros_com/share/px4_ros_com/hook/ld_library_path_lib.sh'
[16.426s] Level 1:colcon.colcon_core.environment:checking '/root/ws_sensor_combined/install/px4_ros_com/bin'
[16.426s] Level 1:colcon.colcon_core.environment:checking '/root/ws_sensor_combined/install/px4_ros_com/lib/pkgconfig/px4_ros_com.pc'
[16.426s] Level 1:colcon.colcon_core.environment:checking '/root/ws_sensor_combined/install/px4_ros_com/lib/python3.10/site-packages'
[16.426s] Level 1:colcon.colcon_core.environment:checking '/root/ws_sensor_combined/install/px4_ros_com/bin'
[16.427s] INFO:colcon.colcon_core.shell:Creating package script '/root/ws_sensor_combined/install/px4_ros_com/share/px4_ros_com/package.ps1'
[16.427s] INFO:colcon.colcon_core.shell:Creating package descriptor '/root/ws_sensor_combined/install/px4_ros_com/share/px4_ros_com/package.dsv'
[16.427s] INFO:colcon.colcon_core.shell:Creating package script '/root/ws_sensor_combined/install/px4_ros_com/share/px4_ros_com/package.sh'
[16.427s] INFO:colcon.colcon_core.shell:Creating package script '/root/ws_sensor_combined/install/px4_ros_com/share/px4_ros_com/package.bash'
[16.428s] INFO:colcon.colcon_core.shell:Creating package script '/root/ws_sensor_combined/install/px4_ros_com/share/px4_ros_com/package.zsh'
[16.428s] Level 1:colcon.colcon_core.environment:create_file_with_runtime_dependencies(/root/ws_sensor_combined/install/px4_ros_com/share/colcon-core/packages/px4_ros_com)
[16.428s] DEBUG:colcon.colcon_parallel_executor.executor.parallel:closing loop
[16.428s] DEBUG:colcon.colcon_parallel_executor.executor.parallel:loop closed
[16.429s] DEBUG:colcon.colcon_parallel_executor.executor.parallel:run_until_complete finished with '0'
[16.429s] DEBUG:colcon.colcon_core.event_reactor:joining thread
[16.472s] INFO:colcon.colcon_core.plugin_system:Skipping extension 'colcon_notification.desktop_notification.notify_send': Could not find 'notify-send'
[16.472s] INFO:colcon.colcon_core.plugin_system:Skipping extension 'colcon_notification.desktop_notification.terminal_notifier': Not used on non-Darwin systems
[16.472s] INFO:colcon.colcon_core.plugin_system:Skipping extension 'colcon_notification.desktop_notification.win32': Not used on non-Windows systems
[16.472s] INFO:colcon.colcon_notification.desktop_notification:Sending desktop notification using 'notify2'
[16.472s] DEBUG:colcon.colcon_notification.desktop_notification.notify2:Failed to initialize notify2: org.freedesktop.DBus.Error.FileNotFound: Failed to connect to socket /run/user/0/bus: No such file or directory
[16.473s] DEBUG:colcon.colcon_core.event_reactor:joined thread
[16.473s] INFO:colcon.colcon_core.shell:Creating prefix script '/root/ws_sensor_combined/install/local_setup.ps1'
[16.473s] INFO:colcon.colcon_core.shell:Creating prefix util module '/root/ws_sensor_combined/install/_local_setup_util_ps1.py'
[16.474s] INFO:colcon.colcon_core.shell:Creating prefix chain script '/root/ws_sensor_combined/install/setup.ps1'
[16.475s] INFO:colcon.colcon_core.shell:Creating prefix script '/root/ws_sensor_combined/install/local_setup.sh'
[16.476s] INFO:colcon.colcon_core.shell:Creating prefix util module '/root/ws_sensor_combined/install/_local_setup_util_sh.py'
[16.476s] INFO:colcon.colcon_core.shell:Creating prefix chain script '/root/ws_sensor_combined/install/setup.sh'
[16.477s] INFO:colcon.colcon_core.shell:Creating prefix script '/root/ws_sensor_combined/install/local_setup.bash'
[16.477s] INFO:colcon.colcon_core.shell:Creating prefix chain script '/root/ws_sensor_combined/install/setup.bash'
[16.478s] INFO:colcon.colcon_core.shell:Creating prefix script '/root/ws_sensor_combined/install/local_setup.zsh'
[16.478s] INFO:colcon.colcon_core.shell:Creating prefix chain script '/root/ws_sensor_combined/install/setup.zsh'
