[0.000000] (-) TimerEvent: {}
[0.000531] (px4_msgs) JobQueued: {'identifier': 'px4_msgs', 'dependencies': OrderedDict()}
[0.000573] (px4_ros2_cpp) JobQueued: {'identifier': 'px4_ros2_cpp', 'dependencies': OrderedDict([('px4_msgs', '/root/ws_sensor_combined/install/px4_msgs')])}
[0.000712] (px4_ros_com) JobQueued: {'identifier': 'px4_ros_com', 'dependencies': OrderedDict([('px4_msgs', '/root/ws_sensor_combined/install/px4_msgs')])}
[0.000738] (example_executor_with_multiple_modes_cpp) JobQueued: {'identifier': 'example_executor_with_multiple_modes_cpp', 'dependencies': OrderedDict([('px4_msgs', '/root/ws_sensor_combined/install/px4_msgs'), ('px4_ros2_cpp', '/root/ws_sensor_combined/install/px4_ros2_cpp')])}
[0.000763] (example_global_navigation_cpp) JobQueued: {'identifier': 'example_global_navigation_cpp', 'dependencies': OrderedDict([('px4_msgs', '/root/ws_sensor_combined/install/px4_msgs'), ('px4_ros2_cpp', '/root/ws_sensor_combined/install/px4_ros2_cpp')])}
[0.000789] (example_local_navigation_cpp) JobQueued: {'identifier': 'example_local_navigation_cpp', 'dependencies': OrderedDict([('px4_msgs', '/root/ws_sensor_combined/install/px4_msgs'), ('px4_ros2_cpp', '/root/ws_sensor_combined/install/px4_ros2_cpp')])}
[0.000813] (example_mode_fw_attitude_cpp) JobQueued: {'identifier': 'example_mode_fw_attitude_cpp', 'dependencies': OrderedDict([('px4_msgs', '/root/ws_sensor_combined/install/px4_msgs'), ('px4_ros2_cpp', '/root/ws_sensor_combined/install/px4_ros2_cpp')])}
[0.000838] (example_mode_goto_cpp) JobQueued: {'identifier': 'example_mode_goto_cpp', 'dependencies': OrderedDict([('px4_msgs', '/root/ws_sensor_combined/install/px4_msgs'), ('px4_ros2_cpp', '/root/ws_sensor_combined/install/px4_ros2_cpp')])}
[0.000862] (example_mode_goto_global_cpp) JobQueued: {'identifier': 'example_mode_goto_global_cpp', 'dependencies': OrderedDict([('px4_msgs', '/root/ws_sensor_combined/install/px4_msgs'), ('px4_ros2_cpp', '/root/ws_sensor_combined/install/px4_ros2_cpp')])}
[0.000887] (example_mode_manual_cpp) JobQueued: {'identifier': 'example_mode_manual_cpp', 'dependencies': OrderedDict([('px4_msgs', '/root/ws_sensor_combined/install/px4_msgs'), ('px4_ros2_cpp', '/root/ws_sensor_combined/install/px4_ros2_cpp')])}
[0.000911] (example_mode_rtl_replacement_cpp) JobQueued: {'identifier': 'example_mode_rtl_replacement_cpp', 'dependencies': OrderedDict([('px4_msgs', '/root/ws_sensor_combined/install/px4_msgs'), ('px4_ros2_cpp', '/root/ws_sensor_combined/install/px4_ros2_cpp')])}
[0.000935] (example_mode_vtol_cpp) JobQueued: {'identifier': 'example_mode_vtol_cpp', 'dependencies': OrderedDict([('px4_msgs', '/root/ws_sensor_combined/install/px4_msgs'), ('px4_ros2_cpp', '/root/ws_sensor_combined/install/px4_ros2_cpp')])}
[0.000959] (example_mode_with_executor_cpp) JobQueued: {'identifier': 'example_mode_with_executor_cpp', 'dependencies': OrderedDict([('px4_msgs', '/root/ws_sensor_combined/install/px4_msgs'), ('px4_ros2_cpp', '/root/ws_sensor_combined/install/px4_ros2_cpp')])}
[0.000984] (px4_msgs) JobStarted: {'identifier': 'px4_msgs'}
[0.006422] (px4_msgs) JobProgress: {'identifier': 'px4_msgs', 'progress': 'cmake'}
[0.007448] (px4_msgs) JobProgress: {'identifier': 'px4_msgs', 'progress': 'build'}
[0.007531] (px4_msgs) Command: {'cmd': ['/usr/bin/cmake', '--build', '/root/ws_sensor_combined/build/px4_msgs', '--', '-j20', '-l20'], 'cwd': '/root/ws_sensor_combined/build/px4_msgs', 'env': OrderedDict([('LESSOPEN', '| /usr/bin/lesspipe %s'), ('USER', 'root'), ('GIT_ASKPASS', '/root/.vscode-server/bin/360a4e4fd251bfce169a4ddf857c7d25d1ad40da/extensions/git/dist/askpass.sh'), ('SHLVL', '2'), ('LD_LIBRARY_PATH', '/root/ws_sensor_combined/install/px4_ros_com/lib:/root/ws_sensor_combined/install/px4_ros2_cpp/lib:/root/ws_sensor_combined/install/px4_msgs/lib:/opt/ros/humble/opt/rviz_ogre_vendor/lib:/opt/ros/humble/lib/x86_64-linux-gnu:/opt/ros/humble/lib'), ('WT_PROFILE_ID', '{4ff56d04-d9cf-57ea-bae2-ad396374e7e3}'), ('HOME', '/root'), ('TERM_PROGRAM_VERSION', '1.103.1'), ('VSCODE_IPC_HOOK_CLI', '/run/user/0/vscode-ipc-7c4c6447-ae3c-495f-b12e-4b258fca685d.sock'), ('ROS_PYTHON_VERSION', '3'), ('VSCODE_GIT_ASKPASS_MAIN', '/root/.vscode-server/bin/360a4e4fd251bfce169a4ddf857c7d25d1ad40da/extensions/git/dist/askpass-main.js'), ('VSCODE_GIT_ASKPASS_NODE', '/root/.vscode-server/bin/360a4e4fd251bfce169a4ddf857c7d25d1ad40da/node'), ('PYDEVD_DISABLE_FILE_VALIDATION', '1'), ('BUNDLED_DEBUGPY_PATH', '/root/.vscode-server/extensions/ms-python.debugpy-2025.10.0-linux-x64/bundled/libs/debugpy'), ('DBUS_SESSION_BUS_ADDRESS', 'unix:path=/run/user/0/bus'), ('COLORTERM', 'truecolor'), ('WSL_DISTRO_NAME', 'Ubuntu-22.04'), ('DEBUGINFOD_URLS', ''), ('WAYLAND_DISPLAY', 'wayland-0'), ('COLCON_PREFIX_PATH', '/root/ws_sensor_combined/install'), ('ROS_DISTRO', 'humble'), ('LOGNAME', 'root'), ('NAME', 'Code'), ('WSL_INTEROP', '/run/WSL/487_interop'), ('PULSE_SERVER', 'unix:/mnt/wslg/PulseServer'), ('_', '/usr/bin/colcon'), ('ROS_VERSION', '2'), ('TERM', 'xterm-256color'), ('ROS_LOCALHOST_ONLY', '0'), ('PATH', '/root/.vscode-server/bin/360a4e4fd251bfce169a4ddf857c7d25d1ad40da/bin/remote-cli:/opt/ros/humble/bin:/usr/local/sbin:/usr/local/bin:/usr/sbin:/usr/bin:/sbin:/bin:/usr/games:/usr/local/games:/usr/lib/wsl/lib:/mnt/c/Windows/system32:/mnt/c/Windows:/mnt/c/Windows/System32/Wbem:/mnt/c/Windows/System32/WindowsPowerShell/v1.0/:/mnt/c/Windows/System32/OpenSSH/:/mnt/c/Program Files (x86)/NVIDIA Corporation/PhysX/Common:/mnt/c/WINDOWS/system32:/mnt/c/WINDOWS:/mnt/c/WINDOWS/System32/Wbem:/mnt/c/WINDOWS/System32/WindowsPowerShell/v1.0/:/mnt/c/WINDOWS/System32/OpenSSH/:/mnt/c/Program Files/dotnet/:/mnt/c/Program Files/NVIDIA Corporation/NVIDIA App/NvDLISR:/mnt/c/Program Files/Git/cmd:/mnt/c/Users/chris/AppData/Local/Microsoft/WindowsApps:/mnt/c/Users/chris/AppData/Local/Programs/Microsoft VS Code/bin:/snap/bin:/root/.vscode-server/extensions/ms-python.debugpy-2025.10.0-linux-x64/bundled/scripts/noConfigScripts:/root/.vscode-server/data/User/globalStorage/github.copilot-chat/debugCommand'), ('WT_SESSION', '402ded2a-7e1d-4116-8c7a-81d3b47e82bd'), ('XDG_RUNTIME_DIR', '/run/user/0/'), ('DISPLAY', ':0'), ('VSCODE_DEBUGPY_ADAPTER_ENDPOINTS', '/root/.vscode-server/extensions/ms-python.debugpy-2025.10.0-linux-x64/.noConfigDebugAdapterEndpoints/endpoint-d6e2528f5321a076.txt'), ('LANG', 'en_US.UTF-8'), ('LS_COLORS', 'rs=0:di=01;34:ln=01;36:mh=00:pi=40;33:so=01;35:do=01;35:bd=40;33;01:cd=40;33;01:or=40;31;01:mi=00:su=37;41:sg=30;43:ca=30;41:tw=30;42:ow=34;42:st=37;44:ex=01;32:*.tar=01;31:*.tgz=01;31:*.arc=01;31:*.arj=01;31:*.taz=01;31:*.lha=01;31:*.lz4=01;31:*.lzh=01;31:*.lzma=01;31:*.tlz=01;31:*.txz=01;31:*.tzo=01;31:*.t7z=01;31:*.zip=01;31:*.z=01;31:*.dz=01;31:*.gz=01;31:*.lrz=01;31:*.lz=01;31:*.lzo=01;31:*.xz=01;31:*.zst=01;31:*.tzst=01;31:*.bz2=01;31:*.bz=01;31:*.tbz=01;31:*.tbz2=01;31:*.tz=01;31:*.deb=01;31:*.rpm=01;31:*.jar=01;31:*.war=01;31:*.ear=01;31:*.sar=01;31:*.rar=01;31:*.alz=01;31:*.ace=01;31:*.zoo=01;31:*.cpio=01;31:*.7z=01;31:*.rz=01;31:*.cab=01;31:*.wim=01;31:*.swm=01;31:*.dwm=01;31:*.esd=01;31:*.jpg=01;35:*.jpeg=01;35:*.mjpg=01;35:*.mjpeg=01;35:*.gif=01;35:*.bmp=01;35:*.pbm=01;35:*.pgm=01;35:*.ppm=01;35:*.tga=01;35:*.xbm=01;35:*.xpm=01;35:*.tif=01;35:*.tiff=01;35:*.png=01;35:*.svg=01;35:*.svgz=01;35:*.mng=01;35:*.pcx=01;35:*.mov=01;35:*.mpg=01;35:*.mpeg=01;35:*.m2v=01;35:*.mkv=01;35:*.webm=01;35:*.webp=01;35:*.ogm=01;35:*.mp4=01;35:*.m4v=01;35:*.mp4v=01;35:*.vob=01;35:*.qt=01;35:*.nuv=01;35:*.wmv=01;35:*.asf=01;35:*.rm=01;35:*.rmvb=01;35:*.flc=01;35:*.avi=01;35:*.fli=01;35:*.flv=01;35:*.gl=01;35:*.dl=01;35:*.xcf=01;35:*.xwd=01;35:*.yuv=01;35:*.cgm=01;35:*.emf=01;35:*.ogv=01;35:*.ogx=01;35:*.aac=00;36:*.au=00;36:*.flac=00;36:*.m4a=00;36:*.mid=00;36:*.midi=00;36:*.mka=00;36:*.mp3=00;36:*.mpc=00;36:*.ogg=00;36:*.ra=00;36:*.wav=00;36:*.oga=00;36:*.opus=00;36:*.spx=00;36:*.xspf=00;36:'), ('VSCODE_GIT_IPC_HANDLE', '/run/user/0/vscode-git-c1d1440c90.sock'), ('TERM_PROGRAM', 'vscode'), ('AMENT_PREFIX_PATH', '/root/ws_sensor_combined/install/px4_ros_com:/root/ws_sensor_combined/install/example_mode_with_executor_cpp:/root/ws_sensor_combined/install/example_mode_vtol_cpp:/root/ws_sensor_combined/install/example_mode_rtl_replacement_cpp:/root/ws_sensor_combined/install/example_mode_manual_cpp:/root/ws_sensor_combined/install/example_mode_goto_global_cpp:/root/ws_sensor_combined/install/example_mode_goto_cpp:/root/ws_sensor_combined/install/example_mode_fw_attitude_cpp:/root/ws_sensor_combined/install/example_local_navigation_cpp:/root/ws_sensor_combined/install/example_global_navigation_cpp:/root/ws_sensor_combined/install/example_executor_with_multiple_modes_cpp:/root/ws_sensor_combined/install/px4_ros2_cpp:/root/ws_sensor_combined/install/px4_msgs:/opt/ros/humble'), ('SHELL', '/bin/bash'), ('LESSCLOSE', '/usr/bin/lesspipe %s %s'), ('VSCODE_GIT_ASKPASS_EXTRA_ARGS', ''), ('PWD', '/root/ws_sensor_combined/build/px4_msgs'), ('XDG_DATA_DIRS', '/usr/local/share:/usr/share:/var/lib/snapd/desktop'), ('PYTHONPATH', '/root/ws_sensor_combined/install/px4_ros_com/local/lib/python3.10/dist-packages:/root/ws_sensor_combined/install/px4_msgs/local/lib/python3.10/dist-packages:/opt/ros/humble/lib/python3.10/site-packages:/opt/ros/humble/local/lib/python3.10/dist-packages'), ('COLCON', '1'), ('WSL2_GUI_APPS_ENABLED', '1'), ('HOSTTYPE', 'x86_64'), ('CMAKE_PREFIX_PATH', '/root/ws_sensor_combined/install/px4_ros_com:/root/ws_sensor_combined/install/example_mode_with_executor_cpp:/root/ws_sensor_combined/install/example_mode_vtol_cpp:/root/ws_sensor_combined/install/example_mode_rtl_replacement_cpp:/root/ws_sensor_combined/install/example_mode_manual_cpp:/root/ws_sensor_combined/install/example_mode_goto_global_cpp:/root/ws_sensor_combined/install/example_mode_goto_cpp:/root/ws_sensor_combined/install/example_mode_fw_attitude_cpp:/root/ws_sensor_combined/install/example_local_navigation_cpp:/root/ws_sensor_combined/install/example_global_navigation_cpp:/root/ws_sensor_combined/install/example_executor_with_multiple_modes_cpp:/root/ws_sensor_combined/install/px4_ros2_cpp:/root/ws_sensor_combined/install/px4_msgs:/opt/ros/humble'), ('WSLENV', 'ELECTRON_RUN_AS_NODE/w:WT_SESSION:WT_PROFILE_ID:')]), 'shell': False}
[0.099881] (-) TimerEvent: {}
[0.200180] (-) TimerEvent: {}
[0.300505] (-) TimerEvent: {}
[0.369356] (px4_msgs) StdoutLine: {'line': b'[  0%] Built target ament_cmake_python_symlink_px4_msgs\n'}
[0.383418] (px4_msgs) StdoutLine: {'line': b'[  0%] Built target px4_msgs__cpp\n'}
[0.400750] (-) TimerEvent: {}
[0.409098] (px4_msgs) StdoutLine: {'line': b'[ 12%] Built target px4_msgs__rosidl_generator_c\n'}
[0.452561] (px4_msgs) StdoutLine: {'line': b'[ 24%] Built target px4_msgs__rosidl_typesupport_cpp\n'}
[0.453071] (px4_msgs) StdoutLine: {'line': b'[ 37%] Built target px4_msgs__rosidl_typesupport_c\n'}
[0.466407] (px4_msgs) StdoutLine: {'line': b'[ 50%] Built target px4_msgs__rosidl_typesupport_introspection_c\n'}
[0.466762] (px4_msgs) StdoutLine: {'line': b'[ 63%] Built target px4_msgs__rosidl_typesupport_introspection_cpp\n'}
[0.471298] (px4_msgs) StdoutLine: {'line': b'[ 75%] Built target px4_msgs__rosidl_typesupport_fastrtps_cpp\n'}
[0.490017] (px4_msgs) StdoutLine: {'line': b'[ 88%] Built target px4_msgs__rosidl_typesupport_fastrtps_c\n'}
[0.500869] (-) TimerEvent: {}
[0.502322] (px4_msgs) StdoutLine: {'line': b'running egg_info\n'}
[0.504269] (px4_msgs) StdoutLine: {'line': b'[ 88%] Built target px4_msgs\n'}
[0.510568] (px4_msgs) StdoutLine: {'line': b'writing px4_msgs.egg-info/PKG-INFO\n'}
[0.510969] (px4_msgs) StdoutLine: {'line': b'writing dependency_links to px4_msgs.egg-info/dependency_links.txt\n'}
[0.511114] (px4_msgs) StdoutLine: {'line': b'writing top-level names to px4_msgs.egg-info/top_level.txt\n'}
[0.525324] (px4_msgs) StdoutLine: {'line': b'[ 88%] Built target px4_msgs__py\n'}
[0.537289] (px4_msgs) StdoutLine: {'line': b"reading manifest file 'px4_msgs.egg-info/SOURCES.txt'\n"}
[0.540773] (px4_msgs) StdoutLine: {'line': b"writing manifest file 'px4_msgs.egg-info/SOURCES.txt'\n"}
[0.559293] (px4_msgs) StdoutLine: {'line': b'[ 88%] Built target ament_cmake_python_build_px4_msgs_egg\n'}
[0.592494] (px4_msgs) StdoutLine: {'line': b'[100%] Built target px4_msgs__rosidl_generator_py\n'}
[0.601032] (-) TimerEvent: {}
[0.609628] (px4_msgs) StdoutLine: {'line': b'[100%] Built target px4_msgs__rosidl_typesupport_fastrtps_c__pyext\n'}
[0.609790] (px4_msgs) StdoutLine: {'line': b'[100%] Built target px4_msgs__rosidl_typesupport_introspection_c__pyext\n'}
[0.609828] (px4_msgs) StdoutLine: {'line': b'[100%] Built target px4_msgs__rosidl_typesupport_c__pyext\n'}
[0.618661] (px4_msgs) CommandEnded: {'returncode': 0}
[0.619254] (px4_msgs) JobProgress: {'identifier': 'px4_msgs', 'progress': 'install'}
[0.625537] (px4_msgs) Command: {'cmd': ['/usr/bin/cmake', '--install', '/root/ws_sensor_combined/build/px4_msgs'], 'cwd': '/root/ws_sensor_combined/build/px4_msgs', 'env': OrderedDict([('LESSOPEN', '| /usr/bin/lesspipe %s'), ('USER', 'root'), ('GIT_ASKPASS', '/root/.vscode-server/bin/360a4e4fd251bfce169a4ddf857c7d25d1ad40da/extensions/git/dist/askpass.sh'), ('SHLVL', '2'), ('LD_LIBRARY_PATH', '/root/ws_sensor_combined/install/px4_ros_com/lib:/root/ws_sensor_combined/install/px4_ros2_cpp/lib:/root/ws_sensor_combined/install/px4_msgs/lib:/opt/ros/humble/opt/rviz_ogre_vendor/lib:/opt/ros/humble/lib/x86_64-linux-gnu:/opt/ros/humble/lib'), ('WT_PROFILE_ID', '{4ff56d04-d9cf-57ea-bae2-ad396374e7e3}'), ('HOME', '/root'), ('TERM_PROGRAM_VERSION', '1.103.1'), ('VSCODE_IPC_HOOK_CLI', '/run/user/0/vscode-ipc-7c4c6447-ae3c-495f-b12e-4b258fca685d.sock'), ('ROS_PYTHON_VERSION', '3'), ('VSCODE_GIT_ASKPASS_MAIN', '/root/.vscode-server/bin/360a4e4fd251bfce169a4ddf857c7d25d1ad40da/extensions/git/dist/askpass-main.js'), ('VSCODE_GIT_ASKPASS_NODE', '/root/.vscode-server/bin/360a4e4fd251bfce169a4ddf857c7d25d1ad40da/node'), ('PYDEVD_DISABLE_FILE_VALIDATION', '1'), ('BUNDLED_DEBUGPY_PATH', '/root/.vscode-server/extensions/ms-python.debugpy-2025.10.0-linux-x64/bundled/libs/debugpy'), ('DBUS_SESSION_BUS_ADDRESS', 'unix:path=/run/user/0/bus'), ('COLORTERM', 'truecolor'), ('WSL_DISTRO_NAME', 'Ubuntu-22.04'), ('DEBUGINFOD_URLS', ''), ('WAYLAND_DISPLAY', 'wayland-0'), ('COLCON_PREFIX_PATH', '/root/ws_sensor_combined/install'), ('ROS_DISTRO', 'humble'), ('LOGNAME', 'root'), ('NAME', 'Code'), ('WSL_INTEROP', '/run/WSL/487_interop'), ('PULSE_SERVER', 'unix:/mnt/wslg/PulseServer'), ('_', '/usr/bin/colcon'), ('ROS_VERSION', '2'), ('TERM', 'xterm-256color'), ('ROS_LOCALHOST_ONLY', '0'), ('PATH', '/root/.vscode-server/bin/360a4e4fd251bfce169a4ddf857c7d25d1ad40da/bin/remote-cli:/opt/ros/humble/bin:/usr/local/sbin:/usr/local/bin:/usr/sbin:/usr/bin:/sbin:/bin:/usr/games:/usr/local/games:/usr/lib/wsl/lib:/mnt/c/Windows/system32:/mnt/c/Windows:/mnt/c/Windows/System32/Wbem:/mnt/c/Windows/System32/WindowsPowerShell/v1.0/:/mnt/c/Windows/System32/OpenSSH/:/mnt/c/Program Files (x86)/NVIDIA Corporation/PhysX/Common:/mnt/c/WINDOWS/system32:/mnt/c/WINDOWS:/mnt/c/WINDOWS/System32/Wbem:/mnt/c/WINDOWS/System32/WindowsPowerShell/v1.0/:/mnt/c/WINDOWS/System32/OpenSSH/:/mnt/c/Program Files/dotnet/:/mnt/c/Program Files/NVIDIA Corporation/NVIDIA App/NvDLISR:/mnt/c/Program Files/Git/cmd:/mnt/c/Users/chris/AppData/Local/Microsoft/WindowsApps:/mnt/c/Users/chris/AppData/Local/Programs/Microsoft VS Code/bin:/snap/bin:/root/.vscode-server/extensions/ms-python.debugpy-2025.10.0-linux-x64/bundled/scripts/noConfigScripts:/root/.vscode-server/data/User/globalStorage/github.copilot-chat/debugCommand'), ('WT_SESSION', '402ded2a-7e1d-4116-8c7a-81d3b47e82bd'), ('XDG_RUNTIME_DIR', '/run/user/0/'), ('DISPLAY', ':0'), ('VSCODE_DEBUGPY_ADAPTER_ENDPOINTS', '/root/.vscode-server/extensions/ms-python.debugpy-2025.10.0-linux-x64/.noConfigDebugAdapterEndpoints/endpoint-d6e2528f5321a076.txt'), ('LANG', 'en_US.UTF-8'), ('LS_COLORS', 'rs=0:di=01;34:ln=01;36:mh=00:pi=40;33:so=01;35:do=01;35:bd=40;33;01:cd=40;33;01:or=40;31;01:mi=00:su=37;41:sg=30;43:ca=30;41:tw=30;42:ow=34;42:st=37;44:ex=01;32:*.tar=01;31:*.tgz=01;31:*.arc=01;31:*.arj=01;31:*.taz=01;31:*.lha=01;31:*.lz4=01;31:*.lzh=01;31:*.lzma=01;31:*.tlz=01;31:*.txz=01;31:*.tzo=01;31:*.t7z=01;31:*.zip=01;31:*.z=01;31:*.dz=01;31:*.gz=01;31:*.lrz=01;31:*.lz=01;31:*.lzo=01;31:*.xz=01;31:*.zst=01;31:*.tzst=01;31:*.bz2=01;31:*.bz=01;31:*.tbz=01;31:*.tbz2=01;31:*.tz=01;31:*.deb=01;31:*.rpm=01;31:*.jar=01;31:*.war=01;31:*.ear=01;31:*.sar=01;31:*.rar=01;31:*.alz=01;31:*.ace=01;31:*.zoo=01;31:*.cpio=01;31:*.7z=01;31:*.rz=01;31:*.cab=01;31:*.wim=01;31:*.swm=01;31:*.dwm=01;31:*.esd=01;31:*.jpg=01;35:*.jpeg=01;35:*.mjpg=01;35:*.mjpeg=01;35:*.gif=01;35:*.bmp=01;35:*.pbm=01;35:*.pgm=01;35:*.ppm=01;35:*.tga=01;35:*.xbm=01;35:*.xpm=01;35:*.tif=01;35:*.tiff=01;35:*.png=01;35:*.svg=01;35:*.svgz=01;35:*.mng=01;35:*.pcx=01;35:*.mov=01;35:*.mpg=01;35:*.mpeg=01;35:*.m2v=01;35:*.mkv=01;35:*.webm=01;35:*.webp=01;35:*.ogm=01;35:*.mp4=01;35:*.m4v=01;35:*.mp4v=01;35:*.vob=01;35:*.qt=01;35:*.nuv=01;35:*.wmv=01;35:*.asf=01;35:*.rm=01;35:*.rmvb=01;35:*.flc=01;35:*.avi=01;35:*.fli=01;35:*.flv=01;35:*.gl=01;35:*.dl=01;35:*.xcf=01;35:*.xwd=01;35:*.yuv=01;35:*.cgm=01;35:*.emf=01;35:*.ogv=01;35:*.ogx=01;35:*.aac=00;36:*.au=00;36:*.flac=00;36:*.m4a=00;36:*.mid=00;36:*.midi=00;36:*.mka=00;36:*.mp3=00;36:*.mpc=00;36:*.ogg=00;36:*.ra=00;36:*.wav=00;36:*.oga=00;36:*.opus=00;36:*.spx=00;36:*.xspf=00;36:'), ('VSCODE_GIT_IPC_HANDLE', '/run/user/0/vscode-git-c1d1440c90.sock'), ('TERM_PROGRAM', 'vscode'), ('AMENT_PREFIX_PATH', '/root/ws_sensor_combined/install/px4_ros_com:/root/ws_sensor_combined/install/example_mode_with_executor_cpp:/root/ws_sensor_combined/install/example_mode_vtol_cpp:/root/ws_sensor_combined/install/example_mode_rtl_replacement_cpp:/root/ws_sensor_combined/install/example_mode_manual_cpp:/root/ws_sensor_combined/install/example_mode_goto_global_cpp:/root/ws_sensor_combined/install/example_mode_goto_cpp:/root/ws_sensor_combined/install/example_mode_fw_attitude_cpp:/root/ws_sensor_combined/install/example_local_navigation_cpp:/root/ws_sensor_combined/install/example_global_navigation_cpp:/root/ws_sensor_combined/install/example_executor_with_multiple_modes_cpp:/root/ws_sensor_combined/install/px4_ros2_cpp:/root/ws_sensor_combined/install/px4_msgs:/opt/ros/humble'), ('SHELL', '/bin/bash'), ('LESSCLOSE', '/usr/bin/lesspipe %s %s'), ('VSCODE_GIT_ASKPASS_EXTRA_ARGS', ''), ('PWD', '/root/ws_sensor_combined/build/px4_msgs'), ('XDG_DATA_DIRS', '/usr/local/share:/usr/share:/var/lib/snapd/desktop'), ('PYTHONPATH', '/root/ws_sensor_combined/install/px4_ros_com/local/lib/python3.10/dist-packages:/root/ws_sensor_combined/install/px4_msgs/local/lib/python3.10/dist-packages:/opt/ros/humble/lib/python3.10/site-packages:/opt/ros/humble/local/lib/python3.10/dist-packages'), ('COLCON', '1'), ('WSL2_GUI_APPS_ENABLED', '1'), ('HOSTTYPE', 'x86_64'), ('CMAKE_PREFIX_PATH', '/root/ws_sensor_combined/install/px4_ros_com:/root/ws_sensor_combined/install/example_mode_with_executor_cpp:/root/ws_sensor_combined/install/example_mode_vtol_cpp:/root/ws_sensor_combined/install/example_mode_rtl_replacement_cpp:/root/ws_sensor_combined/install/example_mode_manual_cpp:/root/ws_sensor_combined/install/example_mode_goto_global_cpp:/root/ws_sensor_combined/install/example_mode_goto_cpp:/root/ws_sensor_combined/install/example_mode_fw_attitude_cpp:/root/ws_sensor_combined/install/example_local_navigation_cpp:/root/ws_sensor_combined/install/example_global_navigation_cpp:/root/ws_sensor_combined/install/example_executor_with_multiple_modes_cpp:/root/ws_sensor_combined/install/px4_ros2_cpp:/root/ws_sensor_combined/install/px4_msgs:/opt/ros/humble'), ('WSLENV', 'ELECTRON_RUN_AS_NODE/w:WT_SESSION:WT_PROFILE_ID:')]), 'shell': False}
[0.630559] (px4_msgs) StdoutLine: {'line': b'-- Install configuration: ""\n'}
[0.632223] (px4_msgs) StdoutLine: {'line': b'-- Execute custom install script\n'}
[0.632502] (px4_msgs) StdoutLine: {'line': b'-- Up-to-date symlink: /root/ws_sensor_combined/install/px4_msgs/share/ament_index/resource_index/rosidl_interfaces/px4_msgs\n'}
[0.637270] (px4_msgs) StdoutLine: {'line': b'-- Up-to-date symlink: /root/ws_sensor_combined/install/px4_msgs/include/px4_msgs/px4_msgs/msg/action_request.h\n'}
[0.637377] (px4_msgs) StdoutLine: {'line': b'-- Up-to-date symlink: /root/ws_sensor_combined/install/px4_msgs/include/px4_msgs/px4_msgs/msg/actuator_armed.h\n'}
[0.637473] (px4_msgs) StdoutLine: {'line': b'-- Up-to-date symlink: /root/ws_sensor_combined/install/px4_msgs/include/px4_msgs/px4_msgs/msg/actuator_controls_status.h\n'}
[0.637659] (px4_msgs) StdoutLine: {'line': b'-- Up-to-date symlink: /root/ws_sensor_combined/install/px4_msgs/include/px4_msgs/px4_msgs/msg/actuator_motors.h\n'}
[0.637756] (px4_msgs) StdoutLine: {'line': b'-- Up-to-date symlink: /root/ws_sensor_combined/install/px4_msgs/include/px4_msgs/px4_msgs/msg/actuator_outputs.h\n'}
[0.637841] (px4_msgs) StdoutLine: {'line': b'-- Up-to-date symlink: /root/ws_sensor_combined/install/px4_msgs/include/px4_msgs/px4_msgs/msg/actuator_servos.h\n'}
[0.637925] (px4_msgs) StdoutLine: {'line': b'-- Up-to-date symlink: /root/ws_sensor_combined/install/px4_msgs/include/px4_msgs/px4_msgs/msg/actuator_servos_trim.h\n'}
[0.638008] (px4_msgs) StdoutLine: {'line': b'-- Up-to-date symlink: /root/ws_sensor_combined/install/px4_msgs/include/px4_msgs/px4_msgs/msg/actuator_test.h\n'}
[0.638188] (px4_msgs) StdoutLine: {'line': b'-- Up-to-date symlink: /root/ws_sensor_combined/install/px4_msgs/include/px4_msgs/px4_msgs/msg/adc_report.h\n'}
[0.638285] (px4_msgs) StdoutLine: {'line': b'-- Up-to-date symlink: /root/ws_sensor_combined/install/px4_msgs/include/px4_msgs/px4_msgs/msg/airspeed.h\n'}
[0.638373] (px4_msgs) StdoutLine: {'line': b'-- Up-to-date symlink: /root/ws_sensor_combined/install/px4_msgs/include/px4_msgs/px4_msgs/msg/airspeed_validated.h\n'}
[0.638457] (px4_msgs) StdoutLine: {'line': b'-- Up-to-date symlink: /root/ws_sensor_combined/install/px4_msgs/include/px4_msgs/px4_msgs/msg/airspeed_wind.h\n'}
[0.638542] (px4_msgs) StdoutLine: {'line': b'-- Up-to-date symlink: /root/ws_sensor_combined/install/px4_msgs/include/px4_msgs/px4_msgs/msg/arming_check_reply.h\n'}
[0.638625] (px4_msgs) StdoutLine: {'line': b'-- Up-to-date symlink: /root/ws_sensor_combined/install/px4_msgs/include/px4_msgs/px4_msgs/msg/arming_check_request.h\n'}
[0.638709] (px4_msgs) StdoutLine: {'line': b'-- Up-to-date symlink: /root/ws_sensor_combined/install/px4_msgs/include/px4_msgs/px4_msgs/msg/autotune_attitude_control_status.h\n'}
[0.638793] (px4_msgs) StdoutLine: {'line': b'-- Up-to-date symlink: /root/ws_sensor_combined/install/px4_msgs/include/px4_msgs/px4_msgs/msg/battery_info.h\n'}
[0.638983] (px4_msgs) StdoutLine: {'line': b'-- Up-to-date symlink: /root/ws_sensor_combined/install/px4_msgs/include/px4_msgs/px4_msgs/msg/battery_status.h\n'}
[0.639072] (px4_msgs) StdoutLine: {'line': b'-- Up-to-date symlink: /root/ws_sensor_combined/install/px4_msgs/include/px4_msgs/px4_msgs/msg/button_event.h\n'}
[0.639156] (px4_msgs) StdoutLine: {'line': b'-- Up-to-date symlink: /root/ws_sensor_combined/install/px4_msgs/include/px4_msgs/px4_msgs/msg/camera_capture.h\n'}
[0.639240] (px4_msgs) StdoutLine: {'line': b'-- Up-to-date symlink: /root/ws_sensor_combined/install/px4_msgs/include/px4_msgs/px4_msgs/msg/camera_status.h\n'}
[0.639325] (px4_msgs) StdoutLine: {'line': b'-- Up-to-date symlink: /root/ws_sensor_combined/install/px4_msgs/include/px4_msgs/px4_msgs/msg/camera_trigger.h\n'}
[0.639410] (px4_msgs) StdoutLine: {'line': b'-- Up-to-date symlink: /root/ws_sensor_combined/install/px4_msgs/include/px4_msgs/px4_msgs/msg/can_interface_status.h\n'}
[0.639496] (px4_msgs) StdoutLine: {'line': b'-- Up-to-date symlink: /root/ws_sensor_combined/install/px4_msgs/include/px4_msgs/px4_msgs/msg/cellular_status.h\n'}
[0.639545] (px4_msgs) StdoutLine: {'line': b'-- Up-to-date symlink: /root/ws_sensor_combined/install/px4_msgs/include/px4_msgs/px4_msgs/msg/collision_constraints.h\n'}
[0.639700] (px4_msgs) StdoutLine: {'line': b'-- Up-to-date symlink: /root/ws_sensor_combined/install/px4_msgs/include/px4_msgs/px4_msgs/msg/config_overrides.h\n'}
[0.639961] (px4_msgs) StdoutLine: {'line': b'-- Up-to-date symlink: /root/ws_sensor_combined/install/px4_msgs/include/px4_msgs/px4_msgs/msg/control_allocator_status.h\n'}
[0.640000] (px4_msgs) StdoutLine: {'line': b'-- Up-to-date symlink: /root/ws_sensor_combined/install/px4_msgs/include/px4_msgs/px4_msgs/msg/cpuload.h\n'}
[0.640071] (px4_msgs) StdoutLine: {'line': b'-- Up-to-date symlink: /root/ws_sensor_combined/install/px4_msgs/include/px4_msgs/px4_msgs/msg/dataman_request.h\n'}
[0.640182] (px4_msgs) StdoutLine: {'line': b'-- Up-to-date symlink: /root/ws_sensor_combined/install/px4_msgs/include/px4_msgs/px4_msgs/msg/dataman_response.h\n'}
[0.640212] (px4_msgs) StdoutLine: {'line': b'-- Up-to-date symlink: /root/ws_sensor_combined/install/px4_msgs/include/px4_msgs/px4_msgs/msg/debug_array.h\n'}
[0.640285] (px4_msgs) StdoutLine: {'line': b'-- Up-to-date symlink: /root/ws_sensor_combined/install/px4_msgs/include/px4_msgs/px4_msgs/msg/debug_key_value.h\n'}
[0.640368] (px4_msgs) StdoutLine: {'line': b'-- Up-to-date symlink: /root/ws_sensor_combined/install/px4_msgs/include/px4_msgs/px4_msgs/msg/debug_value.h\n'}
[0.640451] (px4_msgs) StdoutLine: {'line': b'-- Up-to-date symlink: /root/ws_sensor_combined/install/px4_msgs/include/px4_msgs/px4_msgs/msg/debug_vect.h\n'}
[0.640534] (px4_msgs) StdoutLine: {'line': b'-- Up-to-date symlink: /root/ws_sensor_combined/install/px4_msgs/include/px4_msgs/px4_msgs/msg/detail/action_request__functions.h\n'}
[0.640616] (px4_msgs) StdoutLine: {'line': b'-- Up-to-date symlink: /root/ws_sensor_combined/install/px4_msgs/include/px4_msgs/px4_msgs/msg/detail/action_request__struct.h\n'}
[0.640699] (px4_msgs) StdoutLine: {'line': b'-- Up-to-date symlink: /root/ws_sensor_combined/install/px4_msgs/include/px4_msgs/px4_msgs/msg/detail/action_request__type_support.h\n'}
[0.640782] (px4_msgs) StdoutLine: {'line': b'-- Up-to-date symlink: /root/ws_sensor_combined/install/px4_msgs/include/px4_msgs/px4_msgs/msg/detail/actuator_armed__functions.h\n'}
[0.640864] (px4_msgs) StdoutLine: {'line': b'-- Up-to-date symlink: /root/ws_sensor_combined/install/px4_msgs/include/px4_msgs/px4_msgs/msg/detail/actuator_armed__struct.h\n'}
[0.640946] (px4_msgs) StdoutLine: {'line': b'-- Up-to-date symlink: /root/ws_sensor_combined/install/px4_msgs/include/px4_msgs/px4_msgs/msg/detail/actuator_armed__type_support.h\n'}
[0.640999] (px4_msgs) StdoutLine: {'line': b'-- Up-to-date symlink: /root/ws_sensor_combined/install/px4_msgs/include/px4_msgs/px4_msgs/msg/detail/actuator_controls_status__functions.h\n'}
[0.641031] (px4_msgs) StdoutLine: {'line': b'-- Up-to-date symlink: /root/ws_sensor_combined/install/px4_msgs/include/px4_msgs/px4_msgs/msg/detail/actuator_controls_status__struct.h\n'}
[0.641187] (px4_msgs) StdoutLine: {'line': b'-- Up-to-date symlink: /root/ws_sensor_combined/install/px4_msgs/include/px4_msgs/px4_msgs/msg/detail/actuator_controls_status__type_support.h\n'}
[0.641276] (px4_msgs) StdoutLine: {'line': b'-- Up-to-date symlink: /root/ws_sensor_combined/install/px4_msgs/include/px4_msgs/px4_msgs/msg/detail/actuator_motors__functions.h\n'}
[0.641358] (px4_msgs) StdoutLine: {'line': b'-- Up-to-date symlink: /root/ws_sensor_combined/install/px4_msgs/include/px4_msgs/px4_msgs/msg/detail/actuator_motors__struct.h\n'}
[0.641433] (px4_msgs) StdoutLine: {'line': b'-- Up-to-date symlink: /root/ws_sensor_combined/install/px4_msgs/include/px4_msgs/px4_msgs/msg/detail/actuator_motors__type_support.h\n'}
[0.641467] (px4_msgs) StdoutLine: {'line': b'-- Up-to-date symlink: /root/ws_sensor_combined/install/px4_msgs/include/px4_msgs/px4_msgs/msg/detail/actuator_outputs__functions.h\n'}
[0.641888] (px4_msgs) StdoutLine: {'line': b'-- Up-to-date symlink: /root/ws_sensor_combined/install/px4_msgs/include/px4_msgs/px4_msgs/msg/detail/actuator_outputs__struct.h\n'}
[0.642016] (px4_msgs) StdoutLine: {'line': b'-- Up-to-date symlink: /root/ws_sensor_combined/install/px4_msgs/include/px4_msgs/px4_msgs/msg/detail/actuator_outputs__type_support.h\n'}
[0.642109] (px4_msgs) StdoutLine: {'line': b'-- Up-to-date symlink: /root/ws_sensor_combined/install/px4_msgs/include/px4_msgs/px4_msgs/msg/detail/actuator_servos__functions.h\n'}
[0.642194] (px4_msgs) StdoutLine: {'line': b'-- Up-to-date symlink: /root/ws_sensor_combined/install/px4_msgs/include/px4_msgs/px4_msgs/msg/detail/actuator_servos__struct.h\n'}
[0.642279] (px4_msgs) StdoutLine: {'line': b'-- Up-to-date symlink: /root/ws_sensor_combined/install/px4_msgs/include/px4_msgs/px4_msgs/msg/detail/actuator_servos__type_support.h\n'}
[0.642365] (px4_msgs) StdoutLine: {'line': b'-- Up-to-date symlink: /root/ws_sensor_combined/install/px4_msgs/include/px4_msgs/px4_msgs/msg/detail/actuator_servos_trim__functions.h\n'}
[0.642448] (px4_msgs) StdoutLine: {'line': b'-- Up-to-date symlink: /root/ws_sensor_combined/install/px4_msgs/include/px4_msgs/px4_msgs/msg/detail/actuator_servos_trim__struct.h\n'}
[0.642531] (px4_msgs) StdoutLine: {'line': b'-- Up-to-date symlink: /root/ws_sensor_combined/install/px4_msgs/include/px4_msgs/px4_msgs/msg/detail/actuator_servos_trim__type_support.h\n'}
[0.642614] (px4_msgs) StdoutLine: {'line': b'-- Up-to-date symlink: /root/ws_sensor_combined/install/px4_msgs/include/px4_msgs/px4_msgs/msg/detail/actuator_test__functions.h\n'}
[0.642697] (px4_msgs) StdoutLine: {'line': b'-- Up-to-date symlink: /root/ws_sensor_combined/install/px4_msgs/include/px4_msgs/px4_msgs/msg/detail/actuator_test__struct.h\n'}
[0.642735] (px4_msgs) StdoutLine: {'line': b'-- Up-to-date symlink: /root/ws_sensor_combined/install/px4_msgs/include/px4_msgs/px4_msgs/msg/detail/actuator_test__type_support.h\n'}
[0.642875] (px4_msgs) StdoutLine: {'line': b'-- Up-to-date symlink: /root/ws_sensor_combined/install/px4_msgs/include/px4_msgs/px4_msgs/msg/detail/adc_report__functions.h\n'}
[0.642959] (px4_msgs) StdoutLine: {'line': b'-- Up-to-date symlink: /root/ws_sensor_combined/install/px4_msgs/include/px4_msgs/px4_msgs/msg/detail/adc_report__struct.h\n'}
[0.643043] (px4_msgs) StdoutLine: {'line': b'-- Up-to-date symlink: /root/ws_sensor_combined/install/px4_msgs/include/px4_msgs/px4_msgs/msg/detail/adc_report__type_support.h\n'}
[0.643126] (px4_msgs) StdoutLine: {'line': b'-- Up-to-date symlink: /root/ws_sensor_combined/install/px4_msgs/include/px4_msgs/px4_msgs/msg/detail/airspeed__functions.h\n'}
[0.643208] (px4_msgs) StdoutLine: {'line': b'-- Up-to-date symlink: /root/ws_sensor_combined/install/px4_msgs/include/px4_msgs/px4_msgs/msg/detail/airspeed__struct.h\n'}
[0.643291] (px4_msgs) StdoutLine: {'line': b'-- Up-to-date symlink: /root/ws_sensor_combined/install/px4_msgs/include/px4_msgs/px4_msgs/msg/detail/airspeed__type_support.h\n'}
[0.643374] (px4_msgs) StdoutLine: {'line': b'-- Up-to-date symlink: /root/ws_sensor_combined/install/px4_msgs/include/px4_msgs/px4_msgs/msg/detail/airspeed_validated__functions.h\n'}
[0.643457] (px4_msgs) StdoutLine: {'line': b'-- Up-to-date symlink: /root/ws_sensor_combined/install/px4_msgs/include/px4_msgs/px4_msgs/msg/detail/airspeed_validated__struct.h\n'}
[0.643540] (px4_msgs) StdoutLine: {'line': b'-- Up-to-date symlink: /root/ws_sensor_combined/install/px4_msgs/include/px4_msgs/px4_msgs/msg/detail/airspeed_validated__type_support.h\n'}
[0.643708] (px4_msgs) StdoutLine: {'line': b'-- Up-to-date symlink: /root/ws_sensor_combined/install/px4_msgs/include/px4_msgs/px4_msgs/msg/detail/airspeed_wind__functions.h\n'}
[0.643789] (px4_msgs) StdoutLine: {'line': b'-- Up-to-date symlink: /root/ws_sensor_combined/install/px4_msgs/include/px4_msgs/px4_msgs/msg/detail/airspeed_wind__struct.h\n'}
[0.643877] (px4_msgs) StdoutLine: {'line': b'-- Up-to-date symlink: /root/ws_sensor_combined/install/px4_msgs/include/px4_msgs/px4_msgs/msg/detail/airspeed_wind__type_support.h\n'}
[0.643961] (px4_msgs) StdoutLine: {'line': b'-- Up-to-date symlink: /root/ws_sensor_combined/install/px4_msgs/include/px4_msgs/px4_msgs/msg/detail/arming_check_reply__functions.h\n'}
[0.644043] (px4_msgs) StdoutLine: {'line': b'-- Up-to-date symlink: /root/ws_sensor_combined/install/px4_msgs/include/px4_msgs/px4_msgs/msg/detail/arming_check_reply__struct.h\n'}
[0.644125] (px4_msgs) StdoutLine: {'line': b'-- Up-to-date symlink: /root/ws_sensor_combined/install/px4_msgs/include/px4_msgs/px4_msgs/msg/detail/arming_check_reply__type_support.h\n'}
[0.644207] (px4_msgs) StdoutLine: {'line': b'-- Up-to-date symlink: /root/ws_sensor_combined/install/px4_msgs/include/px4_msgs/px4_msgs/msg/detail/arming_check_request__functions.h\n'}
[0.644289] (px4_msgs) StdoutLine: {'line': b'-- Up-to-date symlink: /root/ws_sensor_combined/install/px4_msgs/include/px4_msgs/px4_msgs/msg/detail/arming_check_request__struct.h\n'}
[0.644431] (px4_msgs) StdoutLine: {'line': b'-- Up-to-date symlink: /root/ws_sensor_combined/install/px4_msgs/include/px4_msgs/px4_msgs/msg/detail/arming_check_request__type_support.h\n'}
[0.644515] (px4_msgs) StdoutLine: {'line': b'-- Up-to-date symlink: /root/ws_sensor_combined/install/px4_msgs/include/px4_msgs/px4_msgs/msg/detail/autotune_attitude_control_status__functions.h\n'}
[0.644598] (px4_msgs) StdoutLine: {'line': b'-- Up-to-date symlink: /root/ws_sensor_combined/install/px4_msgs/include/px4_msgs/px4_msgs/msg/detail/autotune_attitude_control_status__struct.h\n'}
[0.644683] (px4_msgs) StdoutLine: {'line': b'-- Up-to-date symlink: /root/ws_sensor_combined/install/px4_msgs/include/px4_msgs/px4_msgs/msg/detail/autotune_attitude_control_status__type_support.h\n'}
[0.644765] (px4_msgs) StdoutLine: {'line': b'-- Up-to-date symlink: /root/ws_sensor_combined/install/px4_msgs/include/px4_msgs/px4_msgs/msg/detail/battery_info__functions.h\n'}
[0.644846] (px4_msgs) StdoutLine: {'line': b'-- Up-to-date symlink: /root/ws_sensor_combined/install/px4_msgs/include/px4_msgs/px4_msgs/msg/detail/battery_info__struct.h\n'}
[0.644928] (px4_msgs) StdoutLine: {'line': b'-- Up-to-date symlink: /root/ws_sensor_combined/install/px4_msgs/include/px4_msgs/px4_msgs/msg/detail/battery_info__type_support.h\n'}
[0.645011] (px4_msgs) StdoutLine: {'line': b'-- Up-to-date symlink: /root/ws_sensor_combined/install/px4_msgs/include/px4_msgs/px4_msgs/msg/detail/battery_status__functions.h\n'}
[0.645046] (px4_msgs) StdoutLine: {'line': b'-- Up-to-date symlink: /root/ws_sensor_combined/install/px4_msgs/include/px4_msgs/px4_msgs/msg/detail/battery_status__struct.h\n'}
[0.645130] (px4_msgs) StdoutLine: {'line': b'-- Up-to-date symlink: /root/ws_sensor_combined/install/px4_msgs/include/px4_msgs/px4_msgs/msg/detail/battery_status__type_support.h\n'}
[0.645212] (px4_msgs) StdoutLine: {'line': b'-- Up-to-date symlink: /root/ws_sensor_combined/install/px4_msgs/include/px4_msgs/px4_msgs/msg/detail/button_event__functions.h\n'}
[0.645293] (px4_msgs) StdoutLine: {'line': b'-- Up-to-date symlink: /root/ws_sensor_combined/install/px4_msgs/include/px4_msgs/px4_msgs/msg/detail/button_event__struct.h\n'}
[0.645375] (px4_msgs) StdoutLine: {'line': b'-- Up-to-date symlink: /root/ws_sensor_combined/install/px4_msgs/include/px4_msgs/px4_msgs/msg/detail/button_event__type_support.h\n'}
[0.645457] (px4_msgs) StdoutLine: {'line': b'-- Up-to-date symlink: /root/ws_sensor_combined/install/px4_msgs/include/px4_msgs/px4_msgs/msg/detail/camera_capture__functions.h\n'}
[0.645532] (px4_msgs) StdoutLine: {'line': b'-- Up-to-date symlink: /root/ws_sensor_combined/install/px4_msgs/include/px4_msgs/px4_msgs/msg/detail/camera_capture__struct.h\n'}
[0.645567] (px4_msgs) StdoutLine: {'line': b'-- Up-to-date symlink: /root/ws_sensor_combined/install/px4_msgs/include/px4_msgs/px4_msgs/msg/detail/camera_capture__type_support.h\n'}
[0.645654] (px4_msgs) StdoutLine: {'line': b'-- Up-to-date symlink: /root/ws_sensor_combined/install/px4_msgs/include/px4_msgs/px4_msgs/msg/detail/camera_status__functions.h\n'}
[0.645738] (px4_msgs) StdoutLine: {'line': b'-- Up-to-date symlink: /root/ws_sensor_combined/install/px4_msgs/include/px4_msgs/px4_msgs/msg/detail/camera_status__struct.h\n'}
[0.645821] (px4_msgs) StdoutLine: {'line': b'-- Up-to-date symlink: /root/ws_sensor_combined/install/px4_msgs/include/px4_msgs/px4_msgs/msg/detail/camera_status__type_support.h\n'}
[0.645904] (px4_msgs) StdoutLine: {'line': b'-- Up-to-date symlink: /root/ws_sensor_combined/install/px4_msgs/include/px4_msgs/px4_msgs/msg/detail/camera_trigger__functions.h\n'}
[0.645986] (px4_msgs) StdoutLine: {'line': b'-- Up-to-date symlink: /root/ws_sensor_combined/install/px4_msgs/include/px4_msgs/px4_msgs/msg/detail/camera_trigger__struct.h\n'}
[0.646069] (px4_msgs) StdoutLine: {'line': b'-- Up-to-date symlink: /root/ws_sensor_combined/install/px4_msgs/include/px4_msgs/px4_msgs/msg/detail/camera_trigger__type_support.h\n'}
[0.646151] (px4_msgs) StdoutLine: {'line': b'-- Up-to-date symlink: /root/ws_sensor_combined/install/px4_msgs/include/px4_msgs/px4_msgs/msg/detail/can_interface_status__functions.h\n'}
[0.646235] (px4_msgs) StdoutLine: {'line': b'-- Up-to-date symlink: /root/ws_sensor_combined/install/px4_msgs/include/px4_msgs/px4_msgs/msg/detail/can_interface_status__struct.h\n'}
[0.646317] (px4_msgs) StdoutLine: {'line': b'-- Up-to-date symlink: /root/ws_sensor_combined/install/px4_msgs/include/px4_msgs/px4_msgs/msg/detail/can_interface_status__type_support.h\n'}
[0.646447] (px4_msgs) StdoutLine: {'line': b'-- Up-to-date symlink: /root/ws_sensor_combined/install/px4_msgs/include/px4_msgs/px4_msgs/msg/detail/cellular_status__functions.h\n'}
[0.646638] (px4_msgs) StdoutLine: {'line': b'-- Up-to-date symlink: /root/ws_sensor_combined/install/px4_msgs/include/px4_msgs/px4_msgs/msg/detail/cellular_status__struct.h\n'}
[0.646677] (px4_msgs) StdoutLine: {'line': b'-- Up-to-date symlink: /root/ws_sensor_combined/install/px4_msgs/include/px4_msgs/px4_msgs/msg/detail/cellular_status__type_support.h\n'}
[0.646707] (px4_msgs) StdoutLine: {'line': b'-- Up-to-date symlink: /root/ws_sensor_combined/install/px4_msgs/include/px4_msgs/px4_msgs/msg/detail/collision_constraints__functions.h\n'}
[0.646738] (px4_msgs) StdoutLine: {'line': b'-- Up-to-date symlink: /root/ws_sensor_combined/install/px4_msgs/include/px4_msgs/px4_msgs/msg/detail/collision_constraints__struct.h\n'}
[0.646764] (px4_msgs) StdoutLine: {'line': b'-- Up-to-date symlink: /root/ws_sensor_combined/install/px4_msgs/include/px4_msgs/px4_msgs/msg/detail/collision_constraints__type_support.h\n'}
[0.646789] (px4_msgs) StdoutLine: {'line': b'-- Up-to-date symlink: /root/ws_sensor_combined/install/px4_msgs/include/px4_msgs/px4_msgs/msg/detail/config_overrides__functions.h\n'}
[0.646866] (px4_msgs) StdoutLine: {'line': b'-- Up-to-date symlink: /root/ws_sensor_combined/install/px4_msgs/include/px4_msgs/px4_msgs/msg/detail/config_overrides__struct.h\n'}
[0.646950] (px4_msgs) StdoutLine: {'line': b'-- Up-to-date symlink: /root/ws_sensor_combined/install/px4_msgs/include/px4_msgs/px4_msgs/msg/detail/config_overrides__type_support.h\n'}
[0.647070] (px4_msgs) StdoutLine: {'line': b'-- Up-to-date symlink: /root/ws_sensor_combined/install/px4_msgs/include/px4_msgs/px4_msgs/msg/detail/control_allocator_status__functions.h\n'}
[0.647106] (px4_msgs) StdoutLine: {'line': b'-- Up-to-date symlink: /root/ws_sensor_combined/install/px4_msgs/include/px4_msgs/px4_msgs/msg/detail/control_allocator_status__struct.h\n'}
[0.647191] (px4_msgs) StdoutLine: {'line': b'-- Up-to-date symlink: /root/ws_sensor_combined/install/px4_msgs/include/px4_msgs/px4_msgs/msg/detail/control_allocator_status__type_support.h\n'}
[0.647274] (px4_msgs) StdoutLine: {'line': b'-- Up-to-date symlink: /root/ws_sensor_combined/install/px4_msgs/include/px4_msgs/px4_msgs/msg/detail/cpuload__functions.h\n'}
[0.647451] (px4_msgs) StdoutLine: {'line': b'-- Up-to-date symlink: /root/ws_sensor_combined/install/px4_msgs/include/px4_msgs/px4_msgs/msg/detail/cpuload__struct.h\n'}
[0.647521] (px4_msgs) StdoutLine: {'line': b'-- Up-to-date symlink: /root/ws_sensor_combined/install/px4_msgs/include/px4_msgs/px4_msgs/msg/detail/cpuload__type_support.h\n'}
[0.647596] (px4_msgs) StdoutLine: {'line': b'-- Up-to-date symlink: /root/ws_sensor_combined/install/px4_msgs/include/px4_msgs/px4_msgs/msg/detail/dataman_request__functions.h\n'}
[0.647630] (px4_msgs) StdoutLine: {'line': b'-- Up-to-date symlink: /root/ws_sensor_combined/install/px4_msgs/include/px4_msgs/px4_msgs/msg/detail/dataman_request__struct.h\n'}
[0.647658] (px4_msgs) StdoutLine: {'line': b'-- Up-to-date symlink: /root/ws_sensor_combined/install/px4_msgs/include/px4_msgs/px4_msgs/msg/detail/dataman_request__type_support.h\n'}
[0.647684] (px4_msgs) StdoutLine: {'line': b'-- Up-to-date symlink: /root/ws_sensor_combined/install/px4_msgs/include/px4_msgs/px4_msgs/msg/detail/dataman_response__functions.h\n'}
[0.647816] (px4_msgs) StdoutLine: {'line': b'-- Up-to-date symlink: /root/ws_sensor_combined/install/px4_msgs/include/px4_msgs/px4_msgs/msg/detail/dataman_response__struct.h\n'}
[0.647891] (px4_msgs) StdoutLine: {'line': b'-- Up-to-date symlink: /root/ws_sensor_combined/install/px4_msgs/include/px4_msgs/px4_msgs/msg/detail/dataman_response__type_support.h\n'}
[0.647968] (px4_msgs) StdoutLine: {'line': b'-- Up-to-date symlink: /root/ws_sensor_combined/install/px4_msgs/include/px4_msgs/px4_msgs/msg/detail/debug_array__functions.h\n'}
[0.648042] (px4_msgs) StdoutLine: {'line': b'-- Up-to-date symlink: /root/ws_sensor_combined/install/px4_msgs/include/px4_msgs/px4_msgs/msg/detail/debug_array__struct.h\n'}
[0.648232] (px4_msgs) StdoutLine: {'line': b'-- Up-to-date symlink: /root/ws_sensor_combined/install/px4_msgs/include/px4_msgs/px4_msgs/msg/detail/debug_array__type_support.h\n'}
[0.648299] (px4_msgs) StdoutLine: {'line': b'-- Up-to-date symlink: /root/ws_sensor_combined/install/px4_msgs/include/px4_msgs/px4_msgs/msg/detail/debug_key_value__functions.h\n'}
[0.648350] (px4_msgs) StdoutLine: {'line': b'-- Up-to-date symlink: /root/ws_sensor_combined/install/px4_msgs/include/px4_msgs/px4_msgs/msg/detail/debug_key_value__struct.h\n'}
[0.648442] (px4_msgs) StdoutLine: {'line': b'-- Up-to-date symlink: /root/ws_sensor_combined/install/px4_msgs/include/px4_msgs/px4_msgs/msg/detail/debug_key_value__type_support.h\n'}
[0.648492] (px4_msgs) StdoutLine: {'line': b'-- Up-to-date symlink: /root/ws_sensor_combined/install/px4_msgs/include/px4_msgs/px4_msgs/msg/detail/debug_value__functions.h\n'}
[0.648685] (px4_msgs) StdoutLine: {'line': b'-- Up-to-date symlink: /root/ws_sensor_combined/install/px4_msgs/include/px4_msgs/px4_msgs/msg/detail/debug_value__struct.h\n'}
[0.648876] (px4_msgs) StdoutLine: {'line': b'-- Up-to-date symlink: /root/ws_sensor_combined/install/px4_msgs/include/px4_msgs/px4_msgs/msg/detail/debug_value__type_support.h\n'}
[0.649097] (px4_msgs) StdoutLine: {'line': b'-- Up-to-date symlink: /root/ws_sensor_combined/install/px4_msgs/include/px4_msgs/px4_msgs/msg/detail/debug_vect__functions.h\n'}
[0.649169] (px4_msgs) StdoutLine: {'line': b'-- Up-to-date symlink: /root/ws_sensor_combined/install/px4_msgs/include/px4_msgs/px4_msgs/msg/detail/debug_vect__struct.h\n'}
[0.649255] (px4_msgs) StdoutLine: {'line': b'-- Up-to-date symlink: /root/ws_sensor_combined/install/px4_msgs/include/px4_msgs/px4_msgs/msg/detail/debug_vect__type_support.h\n'}
[0.649338] (px4_msgs) StdoutLine: {'line': b'-- Up-to-date symlink: /root/ws_sensor_combined/install/px4_msgs/include/px4_msgs/px4_msgs/msg/detail/differential_pressure__functions.h\n'}
[0.649420] (px4_msgs) StdoutLine: {'line': b'-- Up-to-date symlink: /root/ws_sensor_combined/install/px4_msgs/include/px4_msgs/px4_msgs/msg/detail/differential_pressure__struct.h\n'}
[0.649520] (px4_msgs) StdoutLine: {'line': b'-- Up-to-date symlink: /root/ws_sensor_combined/install/px4_msgs/include/px4_msgs/px4_msgs/msg/detail/differential_pressure__type_support.h\n'}
[0.649651] (px4_msgs) StdoutLine: {'line': b'-- Up-to-date symlink: /root/ws_sensor_combined/install/px4_msgs/include/px4_msgs/px4_msgs/msg/detail/distance_sensor__functions.h\n'}
[0.649714] (px4_msgs) StdoutLine: {'line': b'-- Up-to-date symlink: /root/ws_sensor_combined/install/px4_msgs/include/px4_msgs/px4_msgs/msg/detail/distance_sensor__struct.h\n'}
[0.649761] (px4_msgs) StdoutLine: {'line': b'-- Up-to-date symlink: /root/ws_sensor_combined/install/px4_msgs/include/px4_msgs/px4_msgs/msg/detail/distance_sensor__type_support.h\n'}
[0.649878] (px4_msgs) StdoutLine: {'line': b'-- Up-to-date symlink: /root/ws_sensor_combined/install/px4_msgs/include/px4_msgs/px4_msgs/msg/detail/distance_sensor_mode_change_request__functions.h\n'}
[0.649969] (px4_msgs) StdoutLine: {'line': b'-- Up-to-date symlink: /root/ws_sensor_combined/install/px4_msgs/include/px4_msgs/px4_msgs/msg/detail/distance_sensor_mode_change_request__struct.h\n'}
[0.650052] (px4_msgs) StdoutLine: {'line': b'-- Up-to-date symlink: /root/ws_sensor_combined/install/px4_msgs/include/px4_msgs/px4_msgs/msg/detail/distance_sensor_mode_change_request__type_support.h\n'}
[0.650099] (px4_msgs) StdoutLine: {'line': b'-- Up-to-date symlink: /root/ws_sensor_combined/install/px4_msgs/include/px4_msgs/px4_msgs/msg/detail/dronecan_node_status__functions.h\n'}
[0.650261] (px4_msgs) StdoutLine: {'line': b'-- Up-to-date symlink: /root/ws_sensor_combined/install/px4_msgs/include/px4_msgs/px4_msgs/msg/detail/dronecan_node_status__struct.h\n'}
[0.650348] (px4_msgs) StdoutLine: {'line': b'-- Up-to-date symlink: /root/ws_sensor_combined/install/px4_msgs/include/px4_msgs/px4_msgs/msg/detail/dronecan_node_status__type_support.h\n'}
[0.650431] (px4_msgs) StdoutLine: {'line': b'-- Up-to-date symlink: /root/ws_sensor_combined/install/px4_msgs/include/px4_msgs/px4_msgs/msg/detail/ekf2_timestamps__functions.h\n'}
[0.650512] (px4_msgs) StdoutLine: {'line': b'-- Up-to-date symlink: /root/ws_sensor_combined/install/px4_msgs/include/px4_msgs/px4_msgs/msg/detail/ekf2_timestamps__struct.h\n'}
[0.650594] (px4_msgs) StdoutLine: {'line': b'-- Up-to-date symlink: /root/ws_sensor_combined/install/px4_msgs/include/px4_msgs/px4_msgs/msg/detail/ekf2_timestamps__type_support.h\n'}
[0.650677] (px4_msgs) StdoutLine: {'line': b'-- Up-to-date symlink: /root/ws_sensor_combined/install/px4_msgs/include/px4_msgs/px4_msgs/msg/detail/esc_report__functions.h\n'}
[0.650760] (px4_msgs) StdoutLine: {'line': b'-- Up-to-date symlink: /root/ws_sensor_combined/install/px4_msgs/include/px4_msgs/px4_msgs/msg/detail/esc_report__struct.h\n'}
[0.650842] (px4_msgs) StdoutLine: {'line': b'-- Up-to-date symlink: /root/ws_sensor_combined/install/px4_msgs/include/px4_msgs/px4_msgs/msg/detail/esc_report__type_support.h\n'}
[0.650998] (px4_msgs) StdoutLine: {'line': b'-- Up-to-date symlink: /root/ws_sensor_combined/install/px4_msgs/include/px4_msgs/px4_msgs/msg/detail/esc_status__functions.h\n'}
[0.651079] (px4_msgs) StdoutLine: {'line': b'-- Up-to-date symlink: /root/ws_sensor_combined/install/px4_msgs/include/px4_msgs/px4_msgs/msg/detail/esc_status__struct.h\n'}
[0.651161] (px4_msgs) StdoutLine: {'line': b'-- Up-to-date symlink: /root/ws_sensor_combined/install/px4_msgs/include/px4_msgs/px4_msgs/msg/detail/esc_status__type_support.h\n'}
[0.651242] (px4_msgs) StdoutLine: {'line': b'-- Up-to-date symlink: /root/ws_sensor_combined/install/px4_msgs/include/px4_msgs/px4_msgs/msg/detail/estimator_aid_source1d__functions.h\n'}
[0.651323] (px4_msgs) StdoutLine: {'line': b'-- Up-to-date symlink: /root/ws_sensor_combined/install/px4_msgs/include/px4_msgs/px4_msgs/msg/detail/estimator_aid_source1d__struct.h\n'}
[0.651405] (px4_msgs) StdoutLine: {'line': b'-- Up-to-date symlink: /root/ws_sensor_combined/install/px4_msgs/include/px4_msgs/px4_msgs/msg/detail/estimator_aid_source1d__type_support.h\n'}
[0.651486] (px4_msgs) StdoutLine: {'line': b'-- Up-to-date symlink: /root/ws_sensor_combined/install/px4_msgs/include/px4_msgs/px4_msgs/msg/detail/estimator_aid_source2d__functions.h\n'}
[0.651566] (px4_msgs) StdoutLine: {'line': b'-- Up-to-date symlink: /root/ws_sensor_combined/install/px4_msgs/include/px4_msgs/px4_msgs/msg/detail/estimator_aid_source2d__struct.h\n'}
[0.651647] (px4_msgs) StdoutLine: {'line': b'-- Up-to-date symlink: /root/ws_sensor_combined/install/px4_msgs/include/px4_msgs/px4_msgs/msg/detail/estimator_aid_source2d__type_support.h\n'}
[0.651728] (px4_msgs) StdoutLine: {'line': b'-- Up-to-date symlink: /root/ws_sensor_combined/install/px4_msgs/include/px4_msgs/px4_msgs/msg/detail/estimator_aid_source3d__functions.h\n'}
[0.651809] (px4_msgs) StdoutLine: {'line': b'-- Up-to-date symlink: /root/ws_sensor_combined/install/px4_msgs/include/px4_msgs/px4_msgs/msg/detail/estimator_aid_source3d__struct.h\n'}
[0.651892] (px4_msgs) StdoutLine: {'line': b'-- Up-to-date symlink: /root/ws_sensor_combined/install/px4_msgs/include/px4_msgs/px4_msgs/msg/detail/estimator_aid_source3d__type_support.h\n'}
[0.651940] (px4_msgs) StdoutLine: {'line': b'-- Up-to-date symlink: /root/ws_sensor_combined/install/px4_msgs/include/px4_msgs/px4_msgs/msg/detail/estimator_bias3d__functions.h\n'}
[0.652019] (px4_msgs) StdoutLine: {'line': b'-- Up-to-date symlink: /root/ws_sensor_combined/install/px4_msgs/include/px4_msgs/px4_msgs/msg/detail/estimator_bias3d__struct.h\n'}
[0.652052] (px4_msgs) StdoutLine: {'line': b'-- Up-to-date symlink: /root/ws_sensor_combined/install/px4_msgs/include/px4_msgs/px4_msgs/msg/detail/estimator_bias3d__type_support.h\n'}
[0.652197] (px4_msgs) StdoutLine: {'line': b'-- Up-to-date symlink: /root/ws_sensor_combined/install/px4_msgs/include/px4_msgs/px4_msgs/msg/detail/estimator_bias__functions.h\n'}
[0.652288] (px4_msgs) StdoutLine: {'line': b'-- Up-to-date symlink: /root/ws_sensor_combined/install/px4_msgs/include/px4_msgs/px4_msgs/msg/detail/estimator_bias__struct.h\n'}
[0.652370] (px4_msgs) StdoutLine: {'line': b'-- Up-to-date symlink: /root/ws_sensor_combined/install/px4_msgs/include/px4_msgs/px4_msgs/msg/detail/estimator_bias__type_support.h\n'}
[0.652453] (px4_msgs) StdoutLine: {'line': b'-- Up-to-date symlink: /root/ws_sensor_combined/install/px4_msgs/include/px4_msgs/px4_msgs/msg/detail/estimator_event_flags__functions.h\n'}
[0.652535] (px4_msgs) StdoutLine: {'line': b'-- Up-to-date symlink: /root/ws_sensor_combined/install/px4_msgs/include/px4_msgs/px4_msgs/msg/detail/estimator_event_flags__struct.h\n'}
[0.652617] (px4_msgs) StdoutLine: {'line': b'-- Up-to-date symlink: /root/ws_sensor_combined/install/px4_msgs/include/px4_msgs/px4_msgs/msg/detail/estimator_event_flags__type_support.h\n'}
[0.652699] (px4_msgs) StdoutLine: {'line': b'-- Up-to-date symlink: /root/ws_sensor_combined/install/px4_msgs/include/px4_msgs/px4_msgs/msg/detail/estimator_gps_status__functions.h\n'}
[0.652776] (px4_msgs) StdoutLine: {'line': b'-- Up-to-date symlink: /root/ws_sensor_combined/install/px4_msgs/include/px4_msgs/px4_msgs/msg/detail/estimator_gps_status__struct.h\n'}
[0.652858] (px4_msgs) StdoutLine: {'line': b'-- Up-to-date symlink: /root/ws_sensor_combined/install/px4_msgs/include/px4_msgs/px4_msgs/msg/detail/estimator_gps_status__type_support.h\n'}
[0.652940] (px4_msgs) StdoutLine: {'line': b'-- Up-to-date symlink: /root/ws_sensor_combined/install/px4_msgs/include/px4_msgs/px4_msgs/msg/detail/estimator_innovations__functions.h\n'}
[0.653022] (px4_msgs) StdoutLine: {'line': b'-- Up-to-date symlink: /root/ws_sensor_combined/install/px4_msgs/include/px4_msgs/px4_msgs/msg/detail/estimator_innovations__struct.h\n'}
[0.653105] (px4_msgs) StdoutLine: {'line': b'-- Up-to-date symlink: /root/ws_sensor_combined/install/px4_msgs/include/px4_msgs/px4_msgs/msg/detail/estimator_innovations__type_support.h\n'}
[0.653187] (px4_msgs) StdoutLine: {'line': b'-- Up-to-date symlink: /root/ws_sensor_combined/install/px4_msgs/include/px4_msgs/px4_msgs/msg/detail/estimator_selector_status__functions.h\n'}
[0.653269] (px4_msgs) StdoutLine: {'line': b'-- Up-to-date symlink: /root/ws_sensor_combined/install/px4_msgs/include/px4_msgs/px4_msgs/msg/detail/estimator_selector_status__struct.h\n'}
[0.653352] (px4_msgs) StdoutLine: {'line': b'-- Up-to-date symlink: /root/ws_sensor_combined/install/px4_msgs/include/px4_msgs/px4_msgs/msg/detail/estimator_selector_status__type_support.h\n'}
[0.653490] (px4_msgs) StdoutLine: {'line': b'-- Up-to-date symlink: /root/ws_sensor_combined/install/px4_msgs/include/px4_msgs/px4_msgs/msg/detail/estimator_sensor_bias__functions.h\n'}
[0.653593] (px4_msgs) StdoutLine: {'line': b'-- Up-to-date symlink: /root/ws_sensor_combined/install/px4_msgs/include/px4_msgs/px4_msgs/msg/detail/estimator_sensor_bias__struct.h\n'}
[0.653629] (px4_msgs) StdoutLine: {'line': b'-- Up-to-date symlink: /root/ws_sensor_combined/install/px4_msgs/include/px4_msgs/px4_msgs/msg/detail/estimator_sensor_bias__type_support.h\n'}
[0.653657] (px4_msgs) StdoutLine: {'line': b'-- Up-to-date symlink: /root/ws_sensor_combined/install/px4_msgs/include/px4_msgs/px4_msgs/msg/detail/estimator_states__functions.h\n'}
[0.653683] (px4_msgs) StdoutLine: {'line': b'-- Up-to-date symlink: /root/ws_sensor_combined/install/px4_msgs/include/px4_msgs/px4_msgs/msg/detail/estimator_states__struct.h\n'}
[0.653728] (px4_msgs) StdoutLine: {'line': b'-- Up-to-date symlink: /root/ws_sensor_combined/install/px4_msgs/include/px4_msgs/px4_msgs/msg/detail/estimator_states__type_support.h\n'}
[0.653894] (px4_msgs) StdoutLine: {'line': b'-- Up-to-date symlink: /root/ws_sensor_combined/install/px4_msgs/include/px4_msgs/px4_msgs/msg/detail/estimator_status__functions.h\n'}
[0.653977] (px4_msgs) StdoutLine: {'line': b'-- Up-to-date symlink: /root/ws_sensor_combined/install/px4_msgs/include/px4_msgs/px4_msgs/msg/detail/estimator_status__struct.h\n'}
[0.654061] (px4_msgs) StdoutLine: {'line': b'-- Up-to-date symlink: /root/ws_sensor_combined/install/px4_msgs/include/px4_msgs/px4_msgs/msg/detail/estimator_status__type_support.h\n'}
[0.654143] (px4_msgs) StdoutLine: {'line': b'-- Up-to-date symlink: /root/ws_sensor_combined/install/px4_msgs/include/px4_msgs/px4_msgs/msg/detail/estimator_status_flags__functions.h\n'}
[0.654225] (px4_msgs) StdoutLine: {'line': b'-- Up-to-date symlink: /root/ws_sensor_combined/install/px4_msgs/include/px4_msgs/px4_msgs/msg/detail/estimator_status_flags__struct.h\n'}
[0.654493] (px4_msgs) StdoutLine: {'line': b'-- Up-to-date symlink: /root/ws_sensor_combined/install/px4_msgs/include/px4_msgs/px4_msgs/msg/detail/estimator_status_flags__type_support.h\n'}
[0.654651] (px4_msgs) StdoutLine: {'line': b'-- Up-to-date symlink: /root/ws_sensor_combined/install/px4_msgs/include/px4_msgs/px4_msgs/msg/detail/event__functions.h\n'}
[0.654751] (px4_msgs) StdoutLine: {'line': b'-- Up-to-date symlink: /root/ws_sensor_combined/install/px4_msgs/include/px4_msgs/px4_msgs/msg/detail/event__struct.h\n'}
[0.654946] (px4_msgs) StdoutLine: {'line': b'-- Up-to-date symlink: /root/ws_sensor_combined/install/px4_msgs/include/px4_msgs/px4_msgs/msg/detail/event__type_support.h\n'}
[0.655033] (px4_msgs) StdoutLine: {'line': b'-- Up-to-date symlink: /root/ws_sensor_combined/install/px4_msgs/include/px4_msgs/px4_msgs/msg/detail/failsafe_flags__functions.h\n'}
[0.655116] (px4_msgs) StdoutLine: {'line': b'-- Up-to-date symlink: /root/ws_sensor_combined/install/px4_msgs/include/px4_msgs/px4_msgs/msg/detail/failsafe_flags__struct.h\n'}
[0.655237] (px4_msgs) StdoutLine: {'line': b'-- Up-to-date symlink: /root/ws_sensor_combined/install/px4_msgs/include/px4_msgs/px4_msgs/msg/detail/failsafe_flags__type_support.h\n'}
[0.655320] (px4_msgs) StdoutLine: {'line': b'-- Up-to-date symlink: /root/ws_sensor_combined/install/px4_msgs/include/px4_msgs/px4_msgs/msg/detail/failure_detector_status__functions.h\n'}
[0.655403] (px4_msgs) StdoutLine: {'line': b'-- Up-to-date symlink: /root/ws_sensor_combined/install/px4_msgs/include/px4_msgs/px4_msgs/msg/detail/failure_detector_status__struct.h\n'}
[0.655486] (px4_msgs) StdoutLine: {'line': b'-- Up-to-date symlink: /root/ws_sensor_combined/install/px4_msgs/include/px4_msgs/px4_msgs/msg/detail/failure_detector_status__type_support.h\n'}
[0.655568] (px4_msgs) StdoutLine: {'line': b'-- Up-to-date symlink: /root/ws_sensor_combined/install/px4_msgs/include/px4_msgs/px4_msgs/msg/detail/figure_eight_status__functions.h\n'}
[0.655649] (px4_msgs) StdoutLine: {'line': b'-- Up-to-date symlink: /root/ws_sensor_combined/install/px4_msgs/include/px4_msgs/px4_msgs/msg/detail/figure_eight_status__struct.h\n'}
[0.655733] (px4_msgs) StdoutLine: {'line': b'-- Up-to-date symlink: /root/ws_sensor_combined/install/px4_msgs/include/px4_msgs/px4_msgs/msg/detail/figure_eight_status__type_support.h\n'}
[0.655813] (px4_msgs) StdoutLine: {'line': b'-- Up-to-date symlink: /root/ws_sensor_combined/install/px4_msgs/include/px4_msgs/px4_msgs/msg/detail/fixed_wing_lateral_guidance_status__functions.h\n'}
[0.655893] (px4_msgs) StdoutLine: {'line': b'-- Up-to-date symlink: /root/ws_sensor_combined/install/px4_msgs/include/px4_msgs/px4_msgs/msg/detail/fixed_wing_lateral_guidance_status__struct.h\n'}
[0.655973] (px4_msgs) StdoutLine: {'line': b'-- Up-to-date symlink: /root/ws_sensor_combined/install/px4_msgs/include/px4_msgs/px4_msgs/msg/detail/fixed_wing_lateral_guidance_status__type_support.h\n'}
[0.656054] (px4_msgs) StdoutLine: {'line': b'-- Up-to-date symlink: /root/ws_sensor_combined/install/px4_msgs/include/px4_msgs/px4_msgs/msg/detail/fixed_wing_lateral_setpoint__functions.h\n'}
[0.656135] (px4_msgs) StdoutLine: {'line': b'-- Up-to-date symlink: /root/ws_sensor_combined/install/px4_msgs/include/px4_msgs/px4_msgs/msg/detail/fixed_wing_lateral_setpoint__struct.h\n'}
[0.656271] (px4_msgs) StdoutLine: {'line': b'-- Up-to-date symlink: /root/ws_sensor_combined/install/px4_msgs/include/px4_msgs/px4_msgs/msg/detail/fixed_wing_lateral_setpoint__type_support.h\n'}
[0.656300] (px4_msgs) StdoutLine: {'line': b'-- Up-to-date symlink: /root/ws_sensor_combined/install/px4_msgs/include/px4_msgs/px4_msgs/msg/detail/fixed_wing_lateral_status__functions.h\n'}
[0.656372] (px4_msgs) StdoutLine: {'line': b'-- Up-to-date symlink: /root/ws_sensor_combined/install/px4_msgs/include/px4_msgs/px4_msgs/msg/detail/fixed_wing_lateral_status__struct.h\n'}
[0.656452] (px4_msgs) StdoutLine: {'line': b'-- Up-to-date symlink: /root/ws_sensor_combined/install/px4_msgs/include/px4_msgs/px4_msgs/msg/detail/fixed_wing_lateral_status__type_support.h\n'}
[0.656533] (px4_msgs) StdoutLine: {'line': b'-- Up-to-date symlink: /root/ws_sensor_combined/install/px4_msgs/include/px4_msgs/px4_msgs/msg/detail/fixed_wing_longitudinal_setpoint__functions.h\n'}
[0.656613] (px4_msgs) StdoutLine: {'line': b'-- Up-to-date symlink: /root/ws_sensor_combined/install/px4_msgs/include/px4_msgs/px4_msgs/msg/detail/fixed_wing_longitudinal_setpoint__struct.h\n'}
[0.656694] (px4_msgs) StdoutLine: {'line': b'-- Up-to-date symlink: /root/ws_sensor_combined/install/px4_msgs/include/px4_msgs/px4_msgs/msg/detail/fixed_wing_longitudinal_setpoint__type_support.h\n'}
[0.656774] (px4_msgs) StdoutLine: {'line': b'-- Up-to-date symlink: /root/ws_sensor_combined/install/px4_msgs/include/px4_msgs/px4_msgs/msg/detail/fixed_wing_runway_control__functions.h\n'}
[0.656854] (px4_msgs) StdoutLine: {'line': b'-- Up-to-date symlink: /root/ws_sensor_combined/install/px4_msgs/include/px4_msgs/px4_msgs/msg/detail/fixed_wing_runway_control__struct.h\n'}
[0.656934] (px4_msgs) StdoutLine: {'line': b'-- Up-to-date symlink: /root/ws_sensor_combined/install/px4_msgs/include/px4_msgs/px4_msgs/msg/detail/fixed_wing_runway_control__type_support.h\n'}
[0.657014] (px4_msgs) StdoutLine: {'line': b'-- Up-to-date symlink: /root/ws_sensor_combined/install/px4_msgs/include/px4_msgs/px4_msgs/msg/detail/flight_phase_estimation__functions.h\n'}
[0.657096] (px4_msgs) StdoutLine: {'line': b'-- Up-to-date symlink: /root/ws_sensor_combined/install/px4_msgs/include/px4_msgs/px4_msgs/msg/detail/flight_phase_estimation__struct.h\n'}
[0.657176] (px4_msgs) StdoutLine: {'line': b'-- Up-to-date symlink: /root/ws_sensor_combined/install/px4_msgs/include/px4_msgs/px4_msgs/msg/detail/flight_phase_estimation__type_support.h\n'}
[0.657256] (px4_msgs) StdoutLine: {'line': b'-- Up-to-date symlink: /root/ws_sensor_combined/install/px4_msgs/include/px4_msgs/px4_msgs/msg/detail/follow_target__functions.h\n'}
[0.657336] (px4_msgs) StdoutLine: {'line': b'-- Up-to-date symlink: /root/ws_sensor_combined/install/px4_msgs/include/px4_msgs/px4_msgs/msg/detail/follow_target__struct.h\n'}
[0.657417] (px4_msgs) StdoutLine: {'line': b'-- Up-to-date symlink: /root/ws_sensor_combined/install/px4_msgs/include/px4_msgs/px4_msgs/msg/detail/follow_target__type_support.h\n'}
[0.657515] (px4_msgs) StdoutLine: {'line': b'-- Up-to-date symlink: /root/ws_sensor_combined/install/px4_msgs/include/px4_msgs/px4_msgs/msg/detail/follow_target_estimator__functions.h\n'}
[0.657565] (px4_msgs) StdoutLine: {'line': b'-- Up-to-date symlink: /root/ws_sensor_combined/install/px4_msgs/include/px4_msgs/px4_msgs/msg/detail/follow_target_estimator__struct.h\n'}
[0.657592] (px4_msgs) StdoutLine: {'line': b'-- Up-to-date symlink: /root/ws_sensor_combined/install/px4_msgs/include/px4_msgs/px4_msgs/msg/detail/follow_target_estimator__type_support.h\n'}
[0.657696] (px4_msgs) StdoutLine: {'line': b'-- Up-to-date symlink: /root/ws_sensor_combined/install/px4_msgs/include/px4_msgs/px4_msgs/msg/detail/follow_target_status__functions.h\n'}
[0.657805] (px4_msgs) StdoutLine: {'line': b'-- Up-to-date symlink: /root/ws_sensor_combined/install/px4_msgs/include/px4_msgs/px4_msgs/msg/detail/follow_target_status__struct.h\n'}
[0.657890] (px4_msgs) StdoutLine: {'line': b'-- Up-to-date symlink: /root/ws_sensor_combined/install/px4_msgs/include/px4_msgs/px4_msgs/msg/detail/follow_target_status__type_support.h\n'}
[0.658010] (px4_msgs) StdoutLine: {'line': b'-- Up-to-date symlink: /root/ws_sensor_combined/install/px4_msgs/include/px4_msgs/px4_msgs/msg/detail/fuel_tank_status__functions.h\n'}
[0.658083] (px4_msgs) StdoutLine: {'line': b'-- Up-to-date symlink: /root/ws_sensor_combined/install/px4_msgs/include/px4_msgs/px4_msgs/msg/detail/fuel_tank_status__struct.h\n'}
[0.658167] (px4_msgs) StdoutLine: {'line': b'-- Up-to-date symlink: /root/ws_sensor_combined/install/px4_msgs/include/px4_msgs/px4_msgs/msg/detail/fuel_tank_status__type_support.h\n'}
[0.658297] (px4_msgs) StdoutLine: {'line': b'-- Up-to-date symlink: /root/ws_sensor_combined/install/px4_msgs/include/px4_msgs/px4_msgs/msg/detail/generator_status__functions.h\n'}
[0.658405] (px4_msgs) StdoutLine: {'line': b'-- Up-to-date symlink: /root/ws_sensor_combined/install/px4_msgs/include/px4_msgs/px4_msgs/msg/detail/generator_status__struct.h\n'}
[0.658490] (px4_msgs) StdoutLine: {'line': b'-- Up-to-date symlink: /root/ws_sensor_combined/install/px4_msgs/include/px4_msgs/px4_msgs/msg/detail/generator_status__type_support.h\n'}
[0.658573] (px4_msgs) StdoutLine: {'line': b'-- Up-to-date symlink: /root/ws_sensor_combined/install/px4_msgs/include/px4_msgs/px4_msgs/msg/detail/geofence_result__functions.h\n'}
[0.658657] (px4_msgs) StdoutLine: {'line': b'-- Up-to-date symlink: /root/ws_sensor_combined/install/px4_msgs/include/px4_msgs/px4_msgs/msg/detail/geofence_result__struct.h\n'}
[0.658740] (px4_msgs) StdoutLine: {'line': b'-- Up-to-date symlink: /root/ws_sensor_combined/install/px4_msgs/include/px4_msgs/px4_msgs/msg/detail/geofence_result__type_support.h\n'}
[0.658822] (px4_msgs) StdoutLine: {'line': b'-- Up-to-date symlink: /root/ws_sensor_combined/install/px4_msgs/include/px4_msgs/px4_msgs/msg/detail/geofence_status__functions.h\n'}
[0.658963] (px4_msgs) StdoutLine: {'line': b'-- Up-to-date symlink: /root/ws_sensor_combined/install/px4_msgs/include/px4_msgs/px4_msgs/msg/detail/geofence_status__struct.h\n'}
[0.659013] (px4_msgs) StdoutLine: {'line': b'-- Up-to-date symlink: /root/ws_sensor_combined/install/px4_msgs/include/px4_msgs/px4_msgs/msg/detail/geofence_status__type_support.h\n'}
[0.659097] (px4_msgs) StdoutLine: {'line': b'-- Up-to-date symlink: /root/ws_sensor_combined/install/px4_msgs/include/px4_msgs/px4_msgs/msg/detail/gimbal_controls__functions.h\n'}
[0.659180] (px4_msgs) StdoutLine: {'line': b'-- Up-to-date symlink: /root/ws_sensor_combined/install/px4_msgs/include/px4_msgs/px4_msgs/msg/detail/gimbal_controls__struct.h\n'}
[0.659263] (px4_msgs) StdoutLine: {'line': b'-- Up-to-date symlink: /root/ws_sensor_combined/install/px4_msgs/include/px4_msgs/px4_msgs/msg/detail/gimbal_controls__type_support.h\n'}
[0.659345] (px4_msgs) StdoutLine: {'line': b'-- Up-to-date symlink: /root/ws_sensor_combined/install/px4_msgs/include/px4_msgs/px4_msgs/msg/detail/gimbal_device_attitude_status__functions.h\n'}
[0.659429] (px4_msgs) StdoutLine: {'line': b'-- Up-to-date symlink: /root/ws_sensor_combined/install/px4_msgs/include/px4_msgs/px4_msgs/msg/detail/gimbal_device_attitude_status__struct.h\n'}
[0.659513] (px4_msgs) StdoutLine: {'line': b'-- Up-to-date symlink: /root/ws_sensor_combined/install/px4_msgs/include/px4_msgs/px4_msgs/msg/detail/gimbal_device_attitude_status__type_support.h\n'}
[0.659599] (px4_msgs) StdoutLine: {'line': b'-- Up-to-date symlink: /root/ws_sensor_combined/install/px4_msgs/include/px4_msgs/px4_msgs/msg/detail/gimbal_device_information__functions.h\n'}
[0.659713] (px4_msgs) StdoutLine: {'line': b'-- Up-to-date symlink: /root/ws_sensor_combined/install/px4_msgs/include/px4_msgs/px4_msgs/msg/detail/gimbal_device_information__struct.h\n'}
[0.659804] (px4_msgs) StdoutLine: {'line': b'-- Up-to-date symlink: /root/ws_sensor_combined/install/px4_msgs/include/px4_msgs/px4_msgs/msg/detail/gimbal_device_information__type_support.h\n'}
[0.659893] (px4_msgs) StdoutLine: {'line': b'-- Up-to-date symlink: /root/ws_sensor_combined/install/px4_msgs/include/px4_msgs/px4_msgs/msg/detail/gimbal_device_set_attitude__functions.h\n'}
[0.659979] (px4_msgs) StdoutLine: {'line': b'-- Up-to-date symlink: /root/ws_sensor_combined/install/px4_msgs/include/px4_msgs/px4_msgs/msg/detail/gimbal_device_set_attitude__struct.h\n'}
[0.660060] (px4_msgs) StdoutLine: {'line': b'-- Up-to-date symlink: /root/ws_sensor_combined/install/px4_msgs/include/px4_msgs/px4_msgs/msg/detail/gimbal_device_set_attitude__type_support.h\n'}
[0.660122] (px4_msgs) StdoutLine: {'line': b'-- Up-to-date symlink: /root/ws_sensor_combined/install/px4_msgs/include/px4_msgs/px4_msgs/msg/detail/gimbal_manager_information__functions.h\n'}
[0.660178] (px4_msgs) StdoutLine: {'line': b'-- Up-to-date symlink: /root/ws_sensor_combined/install/px4_msgs/include/px4_msgs/px4_msgs/msg/detail/gimbal_manager_information__struct.h\n'}
[0.660230] (px4_msgs) StdoutLine: {'line': b'-- Up-to-date symlink: /root/ws_sensor_combined/install/px4_msgs/include/px4_msgs/px4_msgs/msg/detail/gimbal_manager_information__type_support.h\n'}
[0.660316] (px4_msgs) StdoutLine: {'line': b'-- Up-to-date symlink: /root/ws_sensor_combined/install/px4_msgs/include/px4_msgs/px4_msgs/msg/detail/gimbal_manager_set_attitude__functions.h\n'}
[0.660646] (px4_msgs) StdoutLine: {'line': b'-- Up-to-date symlink: /root/ws_sensor_combined/install/px4_msgs/include/px4_msgs/px4_msgs/msg/detail/gimbal_manager_set_attitude__struct.h\n'}
[0.660889] (px4_msgs) StdoutLine: {'line': b'-- Up-to-date symlink: /root/ws_sensor_combined/install/px4_msgs/include/px4_msgs/px4_msgs/msg/detail/gimbal_manager_set_attitude__type_support.h\n'}
[0.660981] (px4_msgs) StdoutLine: {'line': b'-- Up-to-date symlink: /root/ws_sensor_combined/install/px4_msgs/include/px4_msgs/px4_msgs/msg/detail/gimbal_manager_set_manual_control__functions.h\n'}
[0.661127] (px4_msgs) StdoutLine: {'line': b'-- Up-to-date symlink: /root/ws_sensor_combined/install/px4_msgs/include/px4_msgs/px4_msgs/msg/detail/gimbal_manager_set_manual_control__struct.h\n'}
[0.661194] (px4_msgs) StdoutLine: {'line': b'-- Up-to-date symlink: /root/ws_sensor_combined/install/px4_msgs/include/px4_msgs/px4_msgs/msg/detail/gimbal_manager_set_manual_control__type_support.h\n'}
[0.661280] (px4_msgs) StdoutLine: {'line': b'-- Up-to-date symlink: /root/ws_sensor_combined/install/px4_msgs/include/px4_msgs/px4_msgs/msg/detail/gimbal_manager_status__functions.h\n'}
[0.661363] (px4_msgs) StdoutLine: {'line': b'-- Up-to-date symlink: /root/ws_sensor_combined/install/px4_msgs/include/px4_msgs/px4_msgs/msg/detail/gimbal_manager_status__struct.h\n'}
[0.661444] (px4_msgs) StdoutLine: {'line': b'-- Up-to-date symlink: /root/ws_sensor_combined/install/px4_msgs/include/px4_msgs/px4_msgs/msg/detail/gimbal_manager_status__type_support.h\n'}
[0.661541] (px4_msgs) StdoutLine: {'line': b'-- Up-to-date symlink: /root/ws_sensor_combined/install/px4_msgs/include/px4_msgs/px4_msgs/msg/detail/goto_setpoint__functions.h\n'}
[0.661605] (px4_msgs) StdoutLine: {'line': b'-- Up-to-date symlink: /root/ws_sensor_combined/install/px4_msgs/include/px4_msgs/px4_msgs/msg/detail/goto_setpoint__struct.h\n'}
[0.661689] (px4_msgs) StdoutLine: {'line': b'-- Up-to-date symlink: /root/ws_sensor_combined/install/px4_msgs/include/px4_msgs/px4_msgs/msg/detail/goto_setpoint__type_support.h\n'}
[0.661842] (px4_msgs) StdoutLine: {'line': b'-- Up-to-date symlink: /root/ws_sensor_combined/install/px4_msgs/include/px4_msgs/px4_msgs/msg/detail/gpio_config__functions.h\n'}
[0.661892] (px4_msgs) StdoutLine: {'line': b'-- Up-to-date symlink: /root/ws_sensor_combined/install/px4_msgs/include/px4_msgs/px4_msgs/msg/detail/gpio_config__struct.h\n'}
[0.661977] (px4_msgs) StdoutLine: {'line': b'-- Up-to-date symlink: /root/ws_sensor_combined/install/px4_msgs/include/px4_msgs/px4_msgs/msg/detail/gpio_config__type_support.h\n'}
[0.662060] (px4_msgs) StdoutLine: {'line': b'-- Up-to-date symlink: /root/ws_sensor_combined/install/px4_msgs/include/px4_msgs/px4_msgs/msg/detail/gpio_in__functions.h\n'}
[0.662121] (px4_msgs) StdoutLine: {'line': b'-- Up-to-date symlink: /root/ws_sensor_combined/install/px4_msgs/include/px4_msgs/px4_msgs/msg/detail/gpio_in__struct.h\n'}
[0.662285] (px4_msgs) StdoutLine: {'line': b'-- Up-to-date symlink: /root/ws_sensor_combined/install/px4_msgs/include/px4_msgs/px4_msgs/msg/detail/gpio_in__type_support.h\n'}
[0.662419] (px4_msgs) StdoutLine: {'line': b'-- Up-to-date symlink: /root/ws_sensor_combined/install/px4_msgs/include/px4_msgs/px4_msgs/msg/detail/gpio_out__functions.h\n'}
[0.662453] (px4_msgs) StdoutLine: {'line': b'-- Up-to-date symlink: /root/ws_sensor_combined/install/px4_msgs/include/px4_msgs/px4_msgs/msg/detail/gpio_out__struct.h\n'}
[0.662480] (px4_msgs) StdoutLine: {'line': b'-- Up-to-date symlink: /root/ws_sensor_combined/install/px4_msgs/include/px4_msgs/px4_msgs/msg/detail/gpio_out__type_support.h\n'}
[0.662508] (px4_msgs) StdoutLine: {'line': b'-- Up-to-date symlink: /root/ws_sensor_combined/install/px4_msgs/include/px4_msgs/px4_msgs/msg/detail/gpio_request__functions.h\n'}
[0.662590] (px4_msgs) StdoutLine: {'line': b'-- Up-to-date symlink: /root/ws_sensor_combined/install/px4_msgs/include/px4_msgs/px4_msgs/msg/detail/gpio_request__struct.h\n'}
[0.662662] (px4_msgs) StdoutLine: {'line': b'-- Up-to-date symlink: /root/ws_sensor_combined/install/px4_msgs/include/px4_msgs/px4_msgs/msg/detail/gpio_request__type_support.h\n'}
[0.662737] (px4_msgs) StdoutLine: {'line': b'-- Up-to-date symlink: /root/ws_sensor_combined/install/px4_msgs/include/px4_msgs/px4_msgs/msg/detail/gps_dump__functions.h\n'}
[0.662818] (px4_msgs) StdoutLine: {'line': b'-- Up-to-date symlink: /root/ws_sensor_combined/install/px4_msgs/include/px4_msgs/px4_msgs/msg/detail/gps_dump__struct.h\n'}
[0.662899] (px4_msgs) StdoutLine: {'line': b'-- Up-to-date symlink: /root/ws_sensor_combined/install/px4_msgs/include/px4_msgs/px4_msgs/msg/detail/gps_dump__type_support.h\n'}
[0.662980] (px4_msgs) StdoutLine: {'line': b'-- Up-to-date symlink: /root/ws_sensor_combined/install/px4_msgs/include/px4_msgs/px4_msgs/msg/detail/gps_inject_data__functions.h\n'}
[0.663062] (px4_msgs) StdoutLine: {'line': b'-- Up-to-date symlink: /root/ws_sensor_combined/install/px4_msgs/include/px4_msgs/px4_msgs/msg/detail/gps_inject_data__struct.h\n'}
[0.663109] (px4_msgs) StdoutLine: {'line': b'-- Up-to-date symlink: /root/ws_sensor_combined/install/px4_msgs/include/px4_msgs/px4_msgs/msg/detail/gps_inject_data__type_support.h\n'}
[0.663136] (px4_msgs) StdoutLine: {'line': b'-- Up-to-date symlink: /root/ws_sensor_combined/install/px4_msgs/include/px4_msgs/px4_msgs/msg/detail/gripper__functions.h\n'}
[0.663207] (px4_msgs) StdoutLine: {'line': b'-- Up-to-date symlink: /root/ws_sensor_combined/install/px4_msgs/include/px4_msgs/px4_msgs/msg/detail/gripper__struct.h\n'}
[0.663288] (px4_msgs) StdoutLine: {'line': b'-- Up-to-date symlink: /root/ws_sensor_combined/install/px4_msgs/include/px4_msgs/px4_msgs/msg/detail/gripper__type_support.h\n'}
[0.663368] (px4_msgs) StdoutLine: {'line': b'-- Up-to-date symlink: /root/ws_sensor_combined/install/px4_msgs/include/px4_msgs/px4_msgs/msg/detail/health_report__functions.h\n'}
[0.663451] (px4_msgs) StdoutLine: {'line': b'-- Up-to-date symlink: /root/ws_sensor_combined/install/px4_msgs/include/px4_msgs/px4_msgs/msg/detail/health_report__struct.h\n'}
[0.663533] (px4_msgs) StdoutLine: {'line': b'-- Up-to-date symlink: /root/ws_sensor_combined/install/px4_msgs/include/px4_msgs/px4_msgs/msg/detail/health_report__type_support.h\n'}
[0.663614] (px4_msgs) StdoutLine: {'line': b'-- Up-to-date symlink: /root/ws_sensor_combined/install/px4_msgs/include/px4_msgs/px4_msgs/msg/detail/heater_status__functions.h\n'}
[0.663695] (px4_msgs) StdoutLine: {'line': b'-- Up-to-date symlink: /root/ws_sensor_combined/install/px4_msgs/include/px4_msgs/px4_msgs/msg/detail/heater_status__struct.h\n'}
[0.663776] (px4_msgs) StdoutLine: {'line': b'-- Up-to-date symlink: /root/ws_sensor_combined/install/px4_msgs/include/px4_msgs/px4_msgs/msg/detail/heater_status__type_support.h\n'}
[0.663857] (px4_msgs) StdoutLine: {'line': b'-- Up-to-date symlink: /root/ws_sensor_combined/install/px4_msgs/include/px4_msgs/px4_msgs/msg/detail/home_position__functions.h\n'}
[0.663941] (px4_msgs) StdoutLine: {'line': b'-- Up-to-date symlink: /root/ws_sensor_combined/install/px4_msgs/include/px4_msgs/px4_msgs/msg/detail/home_position__struct.h\n'}
[0.664021] (px4_msgs) StdoutLine: {'line': b'-- Up-to-date symlink: /root/ws_sensor_combined/install/px4_msgs/include/px4_msgs/px4_msgs/msg/detail/home_position__type_support.h\n'}
[0.664102] (px4_msgs) StdoutLine: {'line': b'-- Up-to-date symlink: /root/ws_sensor_combined/install/px4_msgs/include/px4_msgs/px4_msgs/msg/detail/hover_thrust_estimate__functions.h\n'}
[0.664248] (px4_msgs) StdoutLine: {'line': b'-- Up-to-date symlink: /root/ws_sensor_combined/install/px4_msgs/include/px4_msgs/px4_msgs/msg/detail/hover_thrust_estimate__struct.h\n'}
[0.664428] (px4_msgs) StdoutLine: {'line': b'-- Up-to-date symlink: /root/ws_sensor_combined/install/px4_msgs/include/px4_msgs/px4_msgs/msg/detail/hover_thrust_estimate__type_support.h\n'}
[0.664507] (px4_msgs) StdoutLine: {'line': b'-- Up-to-date symlink: /root/ws_sensor_combined/install/px4_msgs/include/px4_msgs/px4_msgs/msg/detail/input_rc__functions.h\n'}
[0.664590] (px4_msgs) StdoutLine: {'line': b'-- Up-to-date symlink: /root/ws_sensor_combined/install/px4_msgs/include/px4_msgs/px4_msgs/msg/detail/input_rc__struct.h\n'}
[0.664672] (px4_msgs) StdoutLine: {'line': b'-- Up-to-date symlink: /root/ws_sensor_combined/install/px4_msgs/include/px4_msgs/px4_msgs/msg/detail/input_rc__type_support.h\n'}
[0.664755] (px4_msgs) StdoutLine: {'line': b'-- Up-to-date symlink: /root/ws_sensor_combined/install/px4_msgs/include/px4_msgs/px4_msgs/msg/detail/internal_combustion_engine_control__functions.h\n'}
[0.664839] (px4_msgs) StdoutLine: {'line': b'-- Up-to-date symlink: /root/ws_sensor_combined/install/px4_msgs/include/px4_msgs/px4_msgs/msg/detail/internal_combustion_engine_control__struct.h\n'}
[0.664919] (px4_msgs) StdoutLine: {'line': b'-- Up-to-date symlink: /root/ws_sensor_combined/install/px4_msgs/include/px4_msgs/px4_msgs/msg/detail/internal_combustion_engine_control__type_support.h\n'}
[0.664999] (px4_msgs) StdoutLine: {'line': b'-- Up-to-date symlink: /root/ws_sensor_combined/install/px4_msgs/include/px4_msgs/px4_msgs/msg/detail/internal_combustion_engine_status__functions.h\n'}
[0.665080] (px4_msgs) StdoutLine: {'line': b'-- Up-to-date symlink: /root/ws_sensor_combined/install/px4_msgs/include/px4_msgs/px4_msgs/msg/detail/internal_combustion_engine_status__struct.h\n'}
[0.665161] (px4_msgs) StdoutLine: {'line': b'-- Up-to-date symlink: /root/ws_sensor_combined/install/px4_msgs/include/px4_msgs/px4_msgs/msg/detail/internal_combustion_engine_status__type_support.h\n'}
[0.665242] (px4_msgs) StdoutLine: {'line': b'-- Up-to-date symlink: /root/ws_sensor_combined/install/px4_msgs/include/px4_msgs/px4_msgs/msg/detail/iridiumsbd_status__functions.h\n'}
[0.665324] (px4_msgs) StdoutLine: {'line': b'-- Up-to-date symlink: /root/ws_sensor_combined/install/px4_msgs/include/px4_msgs/px4_msgs/msg/detail/iridiumsbd_status__struct.h\n'}
[0.665404] (px4_msgs) StdoutLine: {'line': b'-- Up-to-date symlink: /root/ws_sensor_combined/install/px4_msgs/include/px4_msgs/px4_msgs/msg/detail/iridiumsbd_status__type_support.h\n'}
[0.665485] (px4_msgs) StdoutLine: {'line': b'-- Up-to-date symlink: /root/ws_sensor_combined/install/px4_msgs/include/px4_msgs/px4_msgs/msg/detail/irlock_report__functions.h\n'}
[0.665589] (px4_msgs) StdoutLine: {'line': b'-- Up-to-date symlink: /root/ws_sensor_combined/install/px4_msgs/include/px4_msgs/px4_msgs/msg/detail/irlock_report__struct.h\n'}
[0.665664] (px4_msgs) StdoutLine: {'line': b'-- Up-to-date symlink: /root/ws_sensor_combined/install/px4_msgs/include/px4_msgs/px4_msgs/msg/detail/irlock_report__type_support.h\n'}
[0.665747] (px4_msgs) StdoutLine: {'line': b'-- Up-to-date symlink: /root/ws_sensor_combined/install/px4_msgs/include/px4_msgs/px4_msgs/msg/detail/landing_gear__functions.h\n'}
[0.665920] (px4_msgs) StdoutLine: {'line': b'-- Up-to-date symlink: /root/ws_sensor_combined/install/px4_msgs/include/px4_msgs/px4_msgs/msg/detail/landing_gear__struct.h\n'}
[0.665959] (px4_msgs) StdoutLine: {'line': b'-- Up-to-date symlink: /root/ws_sensor_combined/install/px4_msgs/include/px4_msgs/px4_msgs/msg/detail/landing_gear__type_support.h\n'}
[0.666080] (px4_msgs) StdoutLine: {'line': b'-- Up-to-date symlink: /root/ws_sensor_combined/install/px4_msgs/include/px4_msgs/px4_msgs/msg/detail/landing_gear_wheel__functions.h\n'}
[0.666205] (px4_msgs) StdoutLine: {'line': b'-- Up-to-date symlink: /root/ws_sensor_combined/install/px4_msgs/include/px4_msgs/px4_msgs/msg/detail/landing_gear_wheel__struct.h\n'}
[0.666359] (px4_msgs) StdoutLine: {'line': b'-- Up-to-date symlink: /root/ws_sensor_combined/install/px4_msgs/include/px4_msgs/px4_msgs/msg/detail/landing_gear_wheel__type_support.h\n'}
[0.666457] (px4_msgs) StdoutLine: {'line': b'-- Up-to-date symlink: /root/ws_sensor_combined/install/px4_msgs/include/px4_msgs/px4_msgs/msg/detail/landing_target_innovations__functions.h\n'}
[0.666542] (px4_msgs) StdoutLine: {'line': b'-- Up-to-date symlink: /root/ws_sensor_combined/install/px4_msgs/include/px4_msgs/px4_msgs/msg/detail/landing_target_innovations__struct.h\n'}
[0.666625] (px4_msgs) StdoutLine: {'line': b'-- Up-to-date symlink: /root/ws_sensor_combined/install/px4_msgs/include/px4_msgs/px4_msgs/msg/detail/landing_target_innovations__type_support.h\n'}
[0.666698] (px4_msgs) StdoutLine: {'line': b'-- Up-to-date symlink: /root/ws_sensor_combined/install/px4_msgs/include/px4_msgs/px4_msgs/msg/detail/landing_target_pose__functions.h\n'}
[0.666864] (px4_msgs) StdoutLine: {'line': b'-- Up-to-date symlink: /root/ws_sensor_combined/install/px4_msgs/include/px4_msgs/px4_msgs/msg/detail/landing_target_pose__struct.h\n'}
[0.666952] (px4_msgs) StdoutLine: {'line': b'-- Up-to-date symlink: /root/ws_sensor_combined/install/px4_msgs/include/px4_msgs/px4_msgs/msg/detail/landing_target_pose__type_support.h\n'}
[0.667035] (px4_msgs) StdoutLine: {'line': b'-- Up-to-date symlink: /root/ws_sensor_combined/install/px4_msgs/include/px4_msgs/px4_msgs/msg/detail/lateral_control_configuration__functions.h\n'}
[0.667116] (px4_msgs) StdoutLine: {'line': b'-- Up-to-date symlink: /root/ws_sensor_combined/install/px4_msgs/include/px4_msgs/px4_msgs/msg/detail/lateral_control_configuration__struct.h\n'}
[0.667279] (px4_msgs) StdoutLine: {'line': b'-- Up-to-date symlink: /root/ws_sensor_combined/install/px4_msgs/include/px4_msgs/px4_msgs/msg/detail/lateral_control_configuration__type_support.h\n'}
[0.667369] (px4_msgs) StdoutLine: {'line': b'-- Up-to-date symlink: /root/ws_sensor_combined/install/px4_msgs/include/px4_msgs/px4_msgs/msg/detail/launch_detection_status__functions.h\n'}
[0.667457] (px4_msgs) StdoutLine: {'line': b'-- Up-to-date symlink: /root/ws_sensor_combined/install/px4_msgs/include/px4_msgs/px4_msgs/msg/detail/launch_detection_status__struct.h\n'}
[0.667542] (px4_msgs) StdoutLine: {'line': b'-- Up-to-date symlink: /root/ws_sensor_combined/install/px4_msgs/include/px4_msgs/px4_msgs/msg/detail/launch_detection_status__type_support.h\n'}
[0.667626] (px4_msgs) StdoutLine: {'line': b'-- Up-to-date symlink: /root/ws_sensor_combined/install/px4_msgs/include/px4_msgs/px4_msgs/msg/detail/led_control__functions.h\n'}
[0.667710] (px4_msgs) StdoutLine: {'line': b'-- Up-to-date symlink: /root/ws_sensor_combined/install/px4_msgs/include/px4_msgs/px4_msgs/msg/detail/led_control__struct.h\n'}
[0.667794] (px4_msgs) StdoutLine: {'line': b'-- Up-to-date symlink: /root/ws_sensor_combined/install/px4_msgs/include/px4_msgs/px4_msgs/msg/detail/led_control__type_support.h\n'}
[0.667877] (px4_msgs) StdoutLine: {'line': b'-- Up-to-date symlink: /root/ws_sensor_combined/install/px4_msgs/include/px4_msgs/px4_msgs/msg/detail/log_message__functions.h\n'}
[0.667960] (px4_msgs) StdoutLine: {'line': b'-- Up-to-date symlink: /root/ws_sensor_combined/install/px4_msgs/include/px4_msgs/px4_msgs/msg/detail/log_message__struct.h\n'}
[0.668043] (px4_msgs) StdoutLine: {'line': b'-- Up-to-date symlink: /root/ws_sensor_combined/install/px4_msgs/include/px4_msgs/px4_msgs/msg/detail/log_message__type_support.h\n'}
[0.668126] (px4_msgs) StdoutLine: {'line': b'-- Up-to-date symlink: /root/ws_sensor_combined/install/px4_msgs/include/px4_msgs/px4_msgs/msg/detail/logger_status__functions.h\n'}
[0.668213] (px4_msgs) StdoutLine: {'line': b'-- Up-to-date symlink: /root/ws_sensor_combined/install/px4_msgs/include/px4_msgs/px4_msgs/msg/detail/logger_status__struct.h\n'}
[0.668296] (px4_msgs) StdoutLine: {'line': b'-- Up-to-date symlink: /root/ws_sensor_combined/install/px4_msgs/include/px4_msgs/px4_msgs/msg/detail/logger_status__type_support.h\n'}
[0.668380] (px4_msgs) StdoutLine: {'line': b'-- Up-to-date symlink: /root/ws_sensor_combined/install/px4_msgs/include/px4_msgs/px4_msgs/msg/detail/longitudinal_control_configuration__functions.h\n'}
[0.668463] (px4_msgs) StdoutLine: {'line': b'-- Up-to-date symlink: /root/ws_sensor_combined/install/px4_msgs/include/px4_msgs/px4_msgs/msg/detail/longitudinal_control_configuration__struct.h\n'}
[0.668546] (px4_msgs) StdoutLine: {'line': b'-- Up-to-date symlink: /root/ws_sensor_combined/install/px4_msgs/include/px4_msgs/px4_msgs/msg/detail/longitudinal_control_configuration__type_support.h\n'}
[0.668629] (px4_msgs) StdoutLine: {'line': b'-- Up-to-date symlink: /root/ws_sensor_combined/install/px4_msgs/include/px4_msgs/px4_msgs/msg/detail/mag_worker_data__functions.h\n'}
[0.668712] (px4_msgs) StdoutLine: {'line': b'-- Up-to-date symlink: /root/ws_sensor_combined/install/px4_msgs/include/px4_msgs/px4_msgs/msg/detail/mag_worker_data__struct.h\n'}
[0.668795] (px4_msgs) StdoutLine: {'line': b'-- Up-to-date symlink: /root/ws_sensor_combined/install/px4_msgs/include/px4_msgs/px4_msgs/msg/detail/mag_worker_data__type_support.h\n'}
[0.668881] (px4_msgs) StdoutLine: {'line': b'-- Up-to-date symlink: /root/ws_sensor_combined/install/px4_msgs/include/px4_msgs/px4_msgs/msg/detail/magnetometer_bias_estimate__functions.h\n'}
[0.668963] (px4_msgs) StdoutLine: {'line': b'-- Up-to-date symlink: /root/ws_sensor_combined/install/px4_msgs/include/px4_msgs/px4_msgs/msg/detail/magnetometer_bias_estimate__struct.h\n'}
[0.669046] (px4_msgs) StdoutLine: {'line': b'-- Up-to-date symlink: /root/ws_sensor_combined/install/px4_msgs/include/px4_msgs/px4_msgs/msg/detail/magnetometer_bias_estimate__type_support.h\n'}
[0.669128] (px4_msgs) StdoutLine: {'line': b'-- Up-to-date symlink: /root/ws_sensor_combined/install/px4_msgs/include/px4_msgs/px4_msgs/msg/detail/manual_control_setpoint__functions.h\n'}
[0.669209] (px4_msgs) StdoutLine: {'line': b'-- Up-to-date symlink: /root/ws_sensor_combined/install/px4_msgs/include/px4_msgs/px4_msgs/msg/detail/manual_control_setpoint__struct.h\n'}
[0.669291] (px4_msgs) StdoutLine: {'line': b'-- Up-to-date symlink: /root/ws_sensor_combined/install/px4_msgs/include/px4_msgs/px4_msgs/msg/detail/manual_control_setpoint__type_support.h\n'}
[0.669374] (px4_msgs) StdoutLine: {'line': b'-- Up-to-date symlink: /root/ws_sensor_combined/install/px4_msgs/include/px4_msgs/px4_msgs/msg/detail/manual_control_switches__functions.h\n'}
[0.669408] (px4_msgs) StdoutLine: {'line': b'-- Up-to-date symlink: /root/ws_sensor_combined/install/px4_msgs/include/px4_msgs/px4_msgs/msg/detail/manual_control_switches__struct.h\n'}
[0.669492] (px4_msgs) StdoutLine: {'line': b'-- Up-to-date symlink: /root/ws_sensor_combined/install/px4_msgs/include/px4_msgs/px4_msgs/msg/detail/manual_control_switches__type_support.h\n'}
[0.669775] (px4_msgs) StdoutLine: {'line': b'-- Up-to-date symlink: /root/ws_sensor_combined/install/px4_msgs/include/px4_msgs/px4_msgs/msg/detail/mavlink_log__functions.h\n'}
[0.669868] (px4_msgs) StdoutLine: {'line': b'-- Up-to-date symlink: /root/ws_sensor_combined/install/px4_msgs/include/px4_msgs/px4_msgs/msg/detail/mavlink_log__struct.h\n'}
[0.669988] (px4_msgs) StdoutLine: {'line': b'-- Up-to-date symlink: /root/ws_sensor_combined/install/px4_msgs/include/px4_msgs/px4_msgs/msg/detail/mavlink_log__type_support.h\n'}
[0.670020] (px4_msgs) StdoutLine: {'line': b'-- Up-to-date symlink: /root/ws_sensor_combined/install/px4_msgs/include/px4_msgs/px4_msgs/msg/detail/mavlink_tunnel__functions.h\n'}
[0.670047] (px4_msgs) StdoutLine: {'line': b'-- Up-to-date symlink: /root/ws_sensor_combined/install/px4_msgs/include/px4_msgs/px4_msgs/msg/detail/mavlink_tunnel__struct.h\n'}
[0.670189] (px4_msgs) StdoutLine: {'line': b'-- Up-to-date symlink: /root/ws_sensor_combined/install/px4_msgs/include/px4_msgs/px4_msgs/msg/detail/mavlink_tunnel__type_support.h\n'}
[0.670228] (px4_msgs) StdoutLine: {'line': b'-- Up-to-date symlink: /root/ws_sensor_combined/install/px4_msgs/include/px4_msgs/px4_msgs/msg/detail/message_format_request__functions.h\n'}
[0.670343] (px4_msgs) StdoutLine: {'line': b'-- Up-to-date symlink: /root/ws_sensor_combined/install/px4_msgs/include/px4_msgs/px4_msgs/msg/detail/message_format_request__struct.h\n'}
[0.670473] (px4_msgs) StdoutLine: {'line': b'-- Up-to-date symlink: /root/ws_sensor_combined/install/px4_msgs/include/px4_msgs/px4_msgs/msg/detail/message_format_request__type_support.h\n'}
[0.670558] (px4_msgs) StdoutLine: {'line': b'-- Up-to-date symlink: /root/ws_sensor_combined/install/px4_msgs/include/px4_msgs/px4_msgs/msg/detail/message_format_response__functions.h\n'}
[0.670640] (px4_msgs) StdoutLine: {'line': b'-- Up-to-date symlink: /root/ws_sensor_combined/install/px4_msgs/include/px4_msgs/px4_msgs/msg/detail/message_format_response__struct.h\n'}
[0.670722] (px4_msgs) StdoutLine: {'line': b'-- Up-to-date symlink: /root/ws_sensor_combined/install/px4_msgs/include/px4_msgs/px4_msgs/msg/detail/message_format_response__type_support.h\n'}
[0.670803] (px4_msgs) StdoutLine: {'line': b'-- Up-to-date symlink: /root/ws_sensor_combined/install/px4_msgs/include/px4_msgs/px4_msgs/msg/detail/mission__functions.h\n'}
[0.670884] (px4_msgs) StdoutLine: {'line': b'-- Up-to-date symlink: /root/ws_sensor_combined/install/px4_msgs/include/px4_msgs/px4_msgs/msg/detail/mission__struct.h\n'}
[0.671003] (px4_msgs) StdoutLine: {'line': b'-- Up-to-date symlink: /root/ws_sensor_combined/install/px4_msgs/include/px4_msgs/px4_msgs/msg/detail/mission__type_support.h\n'}
[0.671084] (px4_msgs) StdoutLine: {'line': b'-- Up-to-date symlink: /root/ws_sensor_combined/install/px4_msgs/include/px4_msgs/px4_msgs/msg/detail/mission_result__functions.h\n'}
[0.671164] (px4_msgs) StdoutLine: {'line': b'-- Up-to-date symlink: /root/ws_sensor_combined/install/px4_msgs/include/px4_msgs/px4_msgs/msg/detail/mission_result__struct.h\n'}
[0.671244] (px4_msgs) StdoutLine: {'line': b'-- Up-to-date symlink: /root/ws_sensor_combined/install/px4_msgs/include/px4_msgs/px4_msgs/msg/detail/mission_result__type_support.h\n'}
[0.671324] (px4_msgs) StdoutLine: {'line': b'-- Up-to-date symlink: /root/ws_sensor_combined/install/px4_msgs/include/px4_msgs/px4_msgs/msg/detail/mode_completed__functions.h\n'}
[0.671405] (px4_msgs) StdoutLine: {'line': b'-- Up-to-date symlink: /root/ws_sensor_combined/install/px4_msgs/include/px4_msgs/px4_msgs/msg/detail/mode_completed__struct.h\n'}
[0.671486] (px4_msgs) StdoutLine: {'line': b'-- Up-to-date symlink: /root/ws_sensor_combined/install/px4_msgs/include/px4_msgs/px4_msgs/msg/detail/mode_completed__type_support.h\n'}
[0.671567] (px4_msgs) StdoutLine: {'line': b'-- Up-to-date symlink: /root/ws_sensor_combined/install/px4_msgs/include/px4_msgs/px4_msgs/msg/detail/mount_orientation__functions.h\n'}
[0.671648] (px4_msgs) StdoutLine: {'line': b'-- Up-to-date symlink: /root/ws_sensor_combined/install/px4_msgs/include/px4_msgs/px4_msgs/msg/detail/mount_orientation__struct.h\n'}
[0.671728] (px4_msgs) StdoutLine: {'line': b'-- Up-to-date symlink: /root/ws_sensor_combined/install/px4_msgs/include/px4_msgs/px4_msgs/msg/detail/mount_orientation__type_support.h\n'}
[0.671784] (px4_msgs) StdoutLine: {'line': b'-- Up-to-date symlink: /root/ws_sensor_combined/install/px4_msgs/include/px4_msgs/px4_msgs/msg/detail/navigator_mission_item__functions.h\n'}
[0.671982] (px4_msgs) StdoutLine: {'line': b'-- Up-to-date symlink: /root/ws_sensor_combined/install/px4_msgs/include/px4_msgs/px4_msgs/msg/detail/navigator_mission_item__struct.h\n'}
[0.672023] (px4_msgs) StdoutLine: {'line': b'-- Up-to-date symlink: /root/ws_sensor_combined/install/px4_msgs/include/px4_msgs/px4_msgs/msg/detail/navigator_mission_item__type_support.h\n'}
[0.672273] (px4_msgs) StdoutLine: {'line': b'-- Up-to-date symlink: /root/ws_sensor_combined/install/px4_msgs/include/px4_msgs/px4_msgs/msg/detail/navigator_status__functions.h\n'}
[0.672386] (px4_msgs) StdoutLine: {'line': b'-- Up-to-date symlink: /root/ws_sensor_combined/install/px4_msgs/include/px4_msgs/px4_msgs/msg/detail/navigator_status__struct.h\n'}
[0.672448] (px4_msgs) StdoutLine: {'line': b'-- Up-to-date symlink: /root/ws_sensor_combined/install/px4_msgs/include/px4_msgs/px4_msgs/msg/detail/navigator_status__type_support.h\n'}
[0.672581] (px4_msgs) StdoutLine: {'line': b'-- Up-to-date symlink: /root/ws_sensor_combined/install/px4_msgs/include/px4_msgs/px4_msgs/msg/detail/neural_control__functions.h\n'}
[0.672643] (px4_msgs) StdoutLine: {'line': b'-- Up-to-date symlink: /root/ws_sensor_combined/install/px4_msgs/include/px4_msgs/px4_msgs/msg/detail/neural_control__struct.h\n'}
[0.672753] (px4_msgs) StdoutLine: {'line': b'-- Up-to-date symlink: /root/ws_sensor_combined/install/px4_msgs/include/px4_msgs/px4_msgs/msg/detail/neural_control__type_support.h\n'}
[0.672794] (px4_msgs) StdoutLine: {'line': b'-- Up-to-date symlink: /root/ws_sensor_combined/install/px4_msgs/include/px4_msgs/px4_msgs/msg/detail/normalized_unsigned_setpoint__functions.h\n'}
[0.672858] (px4_msgs) StdoutLine: {'line': b'-- Up-to-date symlink: /root/ws_sensor_combined/install/px4_msgs/include/px4_msgs/px4_msgs/msg/detail/normalized_unsigned_setpoint__struct.h\n'}
[0.672904] (px4_msgs) StdoutLine: {'line': b'-- Up-to-date symlink: /root/ws_sensor_combined/install/px4_msgs/include/px4_msgs/px4_msgs/msg/detail/normalized_unsigned_setpoint__type_support.h\n'}
[0.673055] (px4_msgs) StdoutLine: {'line': b'-- Up-to-date symlink: /root/ws_sensor_combined/install/px4_msgs/include/px4_msgs/px4_msgs/msg/detail/obstacle_distance__functions.h\n'}
[0.673158] (px4_msgs) StdoutLine: {'line': b'-- Up-to-date symlink: /root/ws_sensor_combined/install/px4_msgs/include/px4_msgs/px4_msgs/msg/detail/obstacle_distance__struct.h\n'}
[0.673243] (px4_msgs) StdoutLine: {'line': b'-- Up-to-date symlink: /root/ws_sensor_combined/install/px4_msgs/include/px4_msgs/px4_msgs/msg/detail/obstacle_distance__type_support.h\n'}
[0.673327] (px4_msgs) StdoutLine: {'line': b'-- Up-to-date symlink: /root/ws_sensor_combined/install/px4_msgs/include/px4_msgs/px4_msgs/msg/detail/offboard_control_mode__functions.h\n'}
[0.673409] (px4_msgs) StdoutLine: {'line': b'-- Up-to-date symlink: /root/ws_sensor_combined/install/px4_msgs/include/px4_msgs/px4_msgs/msg/detail/offboard_control_mode__struct.h\n'}
[0.673491] (px4_msgs) StdoutLine: {'line': b'-- Up-to-date symlink: /root/ws_sensor_combined/install/px4_msgs/include/px4_msgs/px4_msgs/msg/detail/offboard_control_mode__type_support.h\n'}
[0.673684] (px4_msgs) StdoutLine: {'line': b'-- Up-to-date symlink: /root/ws_sensor_combined/install/px4_msgs/include/px4_msgs/px4_msgs/msg/detail/onboard_computer_status__functions.h\n'}
[0.673785] (px4_msgs) StdoutLine: {'line': b'-- Up-to-date symlink: /root/ws_sensor_combined/install/px4_msgs/include/px4_msgs/px4_msgs/msg/detail/onboard_computer_status__struct.h\n'}
[0.673867] (px4_msgs) StdoutLine: {'line': b'-- Up-to-date symlink: /root/ws_sensor_combined/install/px4_msgs/include/px4_msgs/px4_msgs/msg/detail/onboard_computer_status__type_support.h\n'}
[0.673949] (px4_msgs) StdoutLine: {'line': b'-- Up-to-date symlink: /root/ws_sensor_combined/install/px4_msgs/include/px4_msgs/px4_msgs/msg/detail/open_drone_id_arm_status__functions.h\n'}
[0.674031] (px4_msgs) StdoutLine: {'line': b'-- Up-to-date symlink: /root/ws_sensor_combined/install/px4_msgs/include/px4_msgs/px4_msgs/msg/detail/open_drone_id_arm_status__struct.h\n'}
[0.674112] (px4_msgs) StdoutLine: {'line': b'-- Up-to-date symlink: /root/ws_sensor_combined/install/px4_msgs/include/px4_msgs/px4_msgs/msg/detail/open_drone_id_arm_status__type_support.h\n'}
[0.674193] (px4_msgs) StdoutLine: {'line': b'-- Up-to-date symlink: /root/ws_sensor_combined/install/px4_msgs/include/px4_msgs/px4_msgs/msg/detail/open_drone_id_operator_id__functions.h\n'}
[0.674337] (px4_msgs) StdoutLine: {'line': b'-- Up-to-date symlink: /root/ws_sensor_combined/install/px4_msgs/include/px4_msgs/px4_msgs/msg/detail/open_drone_id_operator_id__struct.h\n'}
[0.674420] (px4_msgs) StdoutLine: {'line': b'-- Up-to-date symlink: /root/ws_sensor_combined/install/px4_msgs/include/px4_msgs/px4_msgs/msg/detail/open_drone_id_operator_id__type_support.h\n'}
[0.674501] (px4_msgs) StdoutLine: {'line': b'-- Up-to-date symlink: /root/ws_sensor_combined/install/px4_msgs/include/px4_msgs/px4_msgs/msg/detail/open_drone_id_self_id__functions.h\n'}
[0.674582] (px4_msgs) StdoutLine: {'line': b'-- Up-to-date symlink: /root/ws_sensor_combined/install/px4_msgs/include/px4_msgs/px4_msgs/msg/detail/open_drone_id_self_id__struct.h\n'}
[0.674663] (px4_msgs) StdoutLine: {'line': b'-- Up-to-date symlink: /root/ws_sensor_combined/install/px4_msgs/include/px4_msgs/px4_msgs/msg/detail/open_drone_id_self_id__type_support.h\n'}
[0.674744] (px4_msgs) StdoutLine: {'line': b'-- Up-to-date symlink: /root/ws_sensor_combined/install/px4_msgs/include/px4_msgs/px4_msgs/msg/detail/open_drone_id_system__functions.h\n'}
[0.674825] (px4_msgs) StdoutLine: {'line': b'-- Up-to-date symlink: /root/ws_sensor_combined/install/px4_msgs/include/px4_msgs/px4_msgs/msg/detail/open_drone_id_system__struct.h\n'}
[0.674905] (px4_msgs) StdoutLine: {'line': b'-- Up-to-date symlink: /root/ws_sensor_combined/install/px4_msgs/include/px4_msgs/px4_msgs/msg/detail/open_drone_id_system__type_support.h\n'}
[0.674986] (px4_msgs) StdoutLine: {'line': b'-- Up-to-date symlink: /root/ws_sensor_combined/install/px4_msgs/include/px4_msgs/px4_msgs/msg/detail/orb_test__functions.h\n'}
[0.675067] (px4_msgs) StdoutLine: {'line': b'-- Up-to-date symlink: /root/ws_sensor_combined/install/px4_msgs/include/px4_msgs/px4_msgs/msg/detail/orb_test__struct.h\n'}
[0.675150] (px4_msgs) StdoutLine: {'line': b'-- Up-to-date symlink: /root/ws_sensor_combined/install/px4_msgs/include/px4_msgs/px4_msgs/msg/detail/orb_test__type_support.h\n'}
[0.675232] (px4_msgs) StdoutLine: {'line': b'-- Up-to-date symlink: /root/ws_sensor_combined/install/px4_msgs/include/px4_msgs/px4_msgs/msg/detail/orb_test_large__functions.h\n'}
[0.675316] (px4_msgs) StdoutLine: {'line': b'-- Up-to-date symlink: /root/ws_sensor_combined/install/px4_msgs/include/px4_msgs/px4_msgs/msg/detail/orb_test_large__struct.h\n'}
[0.675399] (px4_msgs) StdoutLine: {'line': b'-- Up-to-date symlink: /root/ws_sensor_combined/install/px4_msgs/include/px4_msgs/px4_msgs/msg/detail/orb_test_large__type_support.h\n'}
[0.675482] (px4_msgs) StdoutLine: {'line': b'-- Up-to-date symlink: /root/ws_sensor_combined/install/px4_msgs/include/px4_msgs/px4_msgs/msg/detail/orb_test_medium__functions.h\n'}
[0.675564] (px4_msgs) StdoutLine: {'line': b'-- Up-to-date symlink: /root/ws_sensor_combined/install/px4_msgs/include/px4_msgs/px4_msgs/msg/detail/orb_test_medium__struct.h\n'}
[0.675645] (px4_msgs) StdoutLine: {'line': b'-- Up-to-date symlink: /root/ws_sensor_combined/install/px4_msgs/include/px4_msgs/px4_msgs/msg/detail/orb_test_medium__type_support.h\n'}
[0.675725] (px4_msgs) StdoutLine: {'line': b'-- Up-to-date symlink: /root/ws_sensor_combined/install/px4_msgs/include/px4_msgs/px4_msgs/msg/detail/orbit_status__functions.h\n'}
[0.675804] (px4_msgs) StdoutLine: {'line': b'-- Up-to-date symlink: /root/ws_sensor_combined/install/px4_msgs/include/px4_msgs/px4_msgs/msg/detail/orbit_status__struct.h\n'}
[0.675861] (px4_msgs) StdoutLine: {'line': b'-- Up-to-date symlink: /root/ws_sensor_combined/install/px4_msgs/include/px4_msgs/px4_msgs/msg/detail/orbit_status__type_support.h\n'}
[0.675916] (px4_msgs) StdoutLine: {'line': b'-- Up-to-date symlink: /root/ws_sensor_combined/install/px4_msgs/include/px4_msgs/px4_msgs/msg/detail/parameter_reset_request__functions.h\n'}
[0.675996] (px4_msgs) StdoutLine: {'line': b'-- Up-to-date symlink: /root/ws_sensor_combined/install/px4_msgs/include/px4_msgs/px4_msgs/msg/detail/parameter_reset_request__struct.h\n'}
[0.676076] (px4_msgs) StdoutLine: {'line': b'-- Up-to-date symlink: /root/ws_sensor_combined/install/px4_msgs/include/px4_msgs/px4_msgs/msg/detail/parameter_reset_request__type_support.h\n'}
[0.676158] (px4_msgs) StdoutLine: {'line': b'-- Up-to-date symlink: /root/ws_sensor_combined/install/px4_msgs/include/px4_msgs/px4_msgs/msg/detail/parameter_set_used_request__functions.h\n'}
[0.676238] (px4_msgs) StdoutLine: {'line': b'-- Up-to-date symlink: /root/ws_sensor_combined/install/px4_msgs/include/px4_msgs/px4_msgs/msg/detail/parameter_set_used_request__struct.h\n'}
[0.676317] (px4_msgs) StdoutLine: {'line': b'-- Up-to-date symlink: /root/ws_sensor_combined/install/px4_msgs/include/px4_msgs/px4_msgs/msg/detail/parameter_set_used_request__type_support.h\n'}
[0.676398] (px4_msgs) StdoutLine: {'line': b'-- Up-to-date symlink: /root/ws_sensor_combined/install/px4_msgs/include/px4_msgs/px4_msgs/msg/detail/parameter_set_value_request__functions.h\n'}
[0.676478] (px4_msgs) StdoutLine: {'line': b'-- Up-to-date symlink: /root/ws_sensor_combined/install/px4_msgs/include/px4_msgs/px4_msgs/msg/detail/parameter_set_value_request__struct.h\n'}
[0.676559] (px4_msgs) StdoutLine: {'line': b'-- Up-to-date symlink: /root/ws_sensor_combined/install/px4_msgs/include/px4_msgs/px4_msgs/msg/detail/parameter_set_value_request__type_support.h\n'}
[0.676639] (px4_msgs) StdoutLine: {'line': b'-- Up-to-date symlink: /root/ws_sensor_combined/install/px4_msgs/include/px4_msgs/px4_msgs/msg/detail/parameter_set_value_response__functions.h\n'}
[0.676720] (px4_msgs) StdoutLine: {'line': b'-- Up-to-date symlink: /root/ws_sensor_combined/install/px4_msgs/include/px4_msgs/px4_msgs/msg/detail/parameter_set_value_response__struct.h\n'}
[0.676800] (px4_msgs) StdoutLine: {'line': b'-- Up-to-date symlink: /root/ws_sensor_combined/install/px4_msgs/include/px4_msgs/px4_msgs/msg/detail/parameter_set_value_response__type_support.h\n'}
[0.676880] (px4_msgs) StdoutLine: {'line': b'-- Up-to-date symlink: /root/ws_sensor_combined/install/px4_msgs/include/px4_msgs/px4_msgs/msg/detail/parameter_update__functions.h\n'}
[0.676962] (px4_msgs) StdoutLine: {'line': b'-- Up-to-date symlink: /root/ws_sensor_combined/install/px4_msgs/include/px4_msgs/px4_msgs/msg/detail/parameter_update__struct.h\n'}
[0.677043] (px4_msgs) StdoutLine: {'line': b'-- Up-to-date symlink: /root/ws_sensor_combined/install/px4_msgs/include/px4_msgs/px4_msgs/msg/detail/parameter_update__type_support.h\n'}
[0.677124] (px4_msgs) StdoutLine: {'line': b'-- Up-to-date symlink: /root/ws_sensor_combined/install/px4_msgs/include/px4_msgs/px4_msgs/msg/detail/ping__functions.h\n'}
[0.677376] (px4_msgs) StdoutLine: {'line': b'-- Up-to-date symlink: /root/ws_sensor_combined/install/px4_msgs/include/px4_msgs/px4_msgs/msg/detail/ping__struct.h\n'}
[0.677459] (px4_msgs) StdoutLine: {'line': b'-- Up-to-date symlink: /root/ws_sensor_combined/install/px4_msgs/include/px4_msgs/px4_msgs/msg/detail/ping__type_support.h\n'}
[0.677683] (px4_msgs) StdoutLine: {'line': b'-- Up-to-date symlink: /root/ws_sensor_combined/install/px4_msgs/include/px4_msgs/px4_msgs/msg/detail/position_controller_landing_status__functions.h\n'}
[0.677782] (px4_msgs) StdoutLine: {'line': b'-- Up-to-date symlink: /root/ws_sensor_combined/install/px4_msgs/include/px4_msgs/px4_msgs/msg/detail/position_controller_landing_status__struct.h\n'}
[0.677828] (px4_msgs) StdoutLine: {'line': b'-- Up-to-date symlink: /root/ws_sensor_combined/install/px4_msgs/include/px4_msgs/px4_msgs/msg/detail/position_controller_landing_status__type_support.h\n'}
[0.677876] (px4_msgs) StdoutLine: {'line': b'-- Up-to-date symlink: /root/ws_sensor_combined/install/px4_msgs/include/px4_msgs/px4_msgs/msg/detail/position_controller_status__functions.h\n'}
[0.677919] (px4_msgs) StdoutLine: {'line': b'-- Up-to-date symlink: /root/ws_sensor_combined/install/px4_msgs/include/px4_msgs/px4_msgs/msg/detail/position_controller_status__struct.h\n'}
[0.677992] (px4_msgs) StdoutLine: {'line': b'-- Up-to-date symlink: /root/ws_sensor_combined/install/px4_msgs/include/px4_msgs/px4_msgs/msg/detail/position_controller_status__type_support.h\n'}
[0.678077] (px4_msgs) StdoutLine: {'line': b'-- Up-to-date symlink: /root/ws_sensor_combined/install/px4_msgs/include/px4_msgs/px4_msgs/msg/detail/position_setpoint__functions.h\n'}
[0.678131] (px4_msgs) StdoutLine: {'line': b'-- Up-to-date symlink: /root/ws_sensor_combined/install/px4_msgs/include/px4_msgs/px4_msgs/msg/detail/position_setpoint__struct.h\n'}
[0.678188] (px4_msgs) StdoutLine: {'line': b'-- Up-to-date symlink: /root/ws_sensor_combined/install/px4_msgs/include/px4_msgs/px4_msgs/msg/detail/position_setpoint__type_support.h\n'}
[0.678249] (px4_msgs) StdoutLine: {'line': b'-- Up-to-date symlink: /root/ws_sensor_combined/install/px4_msgs/include/px4_msgs/px4_msgs/msg/detail/position_setpoint_triplet__functions.h\n'}
[0.678310] (px4_msgs) StdoutLine: {'line': b'-- Up-to-date symlink: /root/ws_sensor_combined/install/px4_msgs/include/px4_msgs/px4_msgs/msg/detail/position_setpoint_triplet__struct.h\n'}
[0.678375] (px4_msgs) StdoutLine: {'line': b'-- Up-to-date symlink: /root/ws_sensor_combined/install/px4_msgs/include/px4_msgs/px4_msgs/msg/detail/position_setpoint_triplet__type_support.h\n'}
[0.678436] (px4_msgs) StdoutLine: {'line': b'-- Up-to-date symlink: /root/ws_sensor_combined/install/px4_msgs/include/px4_msgs/px4_msgs/msg/detail/power_button_state__functions.h\n'}
[0.678525] (px4_msgs) StdoutLine: {'line': b'-- Up-to-date symlink: /root/ws_sensor_combined/install/px4_msgs/include/px4_msgs/px4_msgs/msg/detail/power_button_state__struct.h\n'}
[0.679045] (px4_msgs) StdoutLine: {'line': b'-- Up-to-date symlink: /root/ws_sensor_combined/install/px4_msgs/include/px4_msgs/px4_msgs/msg/detail/power_button_state__type_support.h\n'}
[0.679153] (px4_msgs) StdoutLine: {'line': b'-- Up-to-date symlink: /root/ws_sensor_combined/install/px4_msgs/include/px4_msgs/px4_msgs/msg/detail/power_monitor__functions.h\n'}
[0.679240] (px4_msgs) StdoutLine: {'line': b'-- Up-to-date symlink: /root/ws_sensor_combined/install/px4_msgs/include/px4_msgs/px4_msgs/msg/detail/power_monitor__struct.h\n'}
[0.679324] (px4_msgs) StdoutLine: {'line': b'-- Up-to-date symlink: /root/ws_sensor_combined/install/px4_msgs/include/px4_msgs/px4_msgs/msg/detail/power_monitor__type_support.h\n'}
[0.679408] (px4_msgs) StdoutLine: {'line': b'-- Up-to-date symlink: /root/ws_sensor_combined/install/px4_msgs/include/px4_msgs/px4_msgs/msg/detail/pps_capture__functions.h\n'}
[0.679492] (px4_msgs) StdoutLine: {'line': b'-- Up-to-date symlink: /root/ws_sensor_combined/install/px4_msgs/include/px4_msgs/px4_msgs/msg/detail/pps_capture__struct.h\n'}
[0.679576] (px4_msgs) StdoutLine: {'line': b'-- Up-to-date symlink: /root/ws_sensor_combined/install/px4_msgs/include/px4_msgs/px4_msgs/msg/detail/pps_capture__type_support.h\n'}
[0.679659] (px4_msgs) StdoutLine: {'line': b'-- Up-to-date symlink: /root/ws_sensor_combined/install/px4_msgs/include/px4_msgs/px4_msgs/msg/detail/pure_pursuit_status__functions.h\n'}
[0.679741] (px4_msgs) StdoutLine: {'line': b'-- Up-to-date symlink: /root/ws_sensor_combined/install/px4_msgs/include/px4_msgs/px4_msgs/msg/detail/pure_pursuit_status__struct.h\n'}
[0.679825] (px4_msgs) StdoutLine: {'line': b'-- Up-to-date symlink: /root/ws_sensor_combined/install/px4_msgs/include/px4_msgs/px4_msgs/msg/detail/pure_pursuit_status__type_support.h\n'}
[0.679908] (px4_msgs) StdoutLine: {'line': b'-- Up-to-date symlink: /root/ws_sensor_combined/install/px4_msgs/include/px4_msgs/px4_msgs/msg/detail/pwm_input__functions.h\n'}
[0.679991] (px4_msgs) StdoutLine: {'line': b'-- Up-to-date symlink: /root/ws_sensor_combined/install/px4_msgs/include/px4_msgs/px4_msgs/msg/detail/pwm_input__struct.h\n'}
[0.680075] (px4_msgs) StdoutLine: {'line': b'-- Up-to-date symlink: /root/ws_sensor_combined/install/px4_msgs/include/px4_msgs/px4_msgs/msg/detail/pwm_input__type_support.h\n'}
[0.680158] (px4_msgs) StdoutLine: {'line': b'-- Up-to-date symlink: /root/ws_sensor_combined/install/px4_msgs/include/px4_msgs/px4_msgs/msg/detail/px4io_status__functions.h\n'}
[0.680241] (px4_msgs) StdoutLine: {'line': b'-- Up-to-date symlink: /root/ws_sensor_combined/install/px4_msgs/include/px4_msgs/px4_msgs/msg/detail/px4io_status__struct.h\n'}
[0.680389] (px4_msgs) StdoutLine: {'line': b'-- Up-to-date symlink: /root/ws_sensor_combined/install/px4_msgs/include/px4_msgs/px4_msgs/msg/detail/px4io_status__type_support.h\n'}
[0.680422] (px4_msgs) StdoutLine: {'line': b'-- Up-to-date symlink: /root/ws_sensor_combined/install/px4_msgs/include/px4_msgs/px4_msgs/msg/detail/qshell_req__functions.h\n'}
[0.680448] (px4_msgs) StdoutLine: {'line': b'-- Up-to-date symlink: /root/ws_sensor_combined/install/px4_msgs/include/px4_msgs/px4_msgs/msg/detail/qshell_req__struct.h\n'}
[0.680472] (px4_msgs) StdoutLine: {'line': b'-- Up-to-date symlink: /root/ws_sensor_combined/install/px4_msgs/include/px4_msgs/px4_msgs/msg/detail/qshell_req__type_support.h\n'}
[0.680495] (px4_msgs) StdoutLine: {'line': b'-- Up-to-date symlink: /root/ws_sensor_combined/install/px4_msgs/include/px4_msgs/px4_msgs/msg/detail/qshell_retval__functions.h\n'}
[0.680519] (px4_msgs) StdoutLine: {'line': b'-- Up-to-date symlink: /root/ws_sensor_combined/install/px4_msgs/include/px4_msgs/px4_msgs/msg/detail/qshell_retval__struct.h\n'}
[0.680542] (px4_msgs) StdoutLine: {'line': b'-- Up-to-date symlink: /root/ws_sensor_combined/install/px4_msgs/include/px4_msgs/px4_msgs/msg/detail/qshell_retval__type_support.h\n'}
[0.680611] (px4_msgs) StdoutLine: {'line': b'-- Up-to-date symlink: /root/ws_sensor_combined/install/px4_msgs/include/px4_msgs/px4_msgs/msg/detail/radio_status__functions.h\n'}
[0.680693] (px4_msgs) StdoutLine: {'line': b'-- Up-to-date symlink: /root/ws_sensor_combined/install/px4_msgs/include/px4_msgs/px4_msgs/msg/detail/radio_status__struct.h\n'}
[0.680777] (px4_msgs) StdoutLine: {'line': b'-- Up-to-date symlink: /root/ws_sensor_combined/install/px4_msgs/include/px4_msgs/px4_msgs/msg/detail/radio_status__type_support.h\n'}
[0.680859] (px4_msgs) StdoutLine: {'line': b'-- Up-to-date symlink: /root/ws_sensor_combined/install/px4_msgs/include/px4_msgs/px4_msgs/msg/detail/rate_ctrl_status__functions.h\n'}
[0.680940] (px4_msgs) StdoutLine: {'line': b'-- Up-to-date symlink: /root/ws_sensor_combined/install/px4_msgs/include/px4_msgs/px4_msgs/msg/detail/rate_ctrl_status__struct.h\n'}
[0.680988] (px4_msgs) StdoutLine: {'line': b'-- Up-to-date symlink: /root/ws_sensor_combined/install/px4_msgs/include/px4_msgs/px4_msgs/msg/detail/rate_ctrl_status__type_support.h\n'}
[0.681082] (px4_msgs) StdoutLine: {'line': b'-- Up-to-date symlink: /root/ws_sensor_combined/install/px4_msgs/include/px4_msgs/px4_msgs/msg/detail/rc_channels__functions.h\n'}
[0.681154] (px4_msgs) StdoutLine: {'line': b'-- Up-to-date symlink: /root/ws_sensor_combined/install/px4_msgs/include/px4_msgs/px4_msgs/msg/detail/rc_channels__struct.h\n'}
[0.681235] (px4_msgs) StdoutLine: {'line': b'-- Up-to-date symlink: /root/ws_sensor_combined/install/px4_msgs/include/px4_msgs/px4_msgs/msg/detail/rc_channels__type_support.h\n'}
[0.681316] (px4_msgs) StdoutLine: {'line': b'-- Up-to-date symlink: /root/ws_sensor_combined/install/px4_msgs/include/px4_msgs/px4_msgs/msg/detail/rc_parameter_map__functions.h\n'}
[0.681397] (px4_msgs) StdoutLine: {'line': b'-- Up-to-date symlink: /root/ws_sensor_combined/install/px4_msgs/include/px4_msgs/px4_msgs/msg/detail/rc_parameter_map__struct.h\n'}
[0.681477] (px4_msgs) StdoutLine: {'line': b'-- Up-to-date symlink: /root/ws_sensor_combined/install/px4_msgs/include/px4_msgs/px4_msgs/msg/detail/rc_parameter_map__type_support.h\n'}
[0.681548] (px4_msgs) StdoutLine: {'line': b'-- Up-to-date symlink: /root/ws_sensor_combined/install/px4_msgs/include/px4_msgs/px4_msgs/msg/detail/register_ext_component_reply__functions.h\n'}
[0.681577] (px4_msgs) StdoutLine: {'line': b'-- Up-to-date symlink: /root/ws_sensor_combined/install/px4_msgs/include/px4_msgs/px4_msgs/msg/detail/register_ext_component_reply__struct.h\n'}
[0.681644] (px4_msgs) StdoutLine: {'line': b'-- Up-to-date symlink: /root/ws_sensor_combined/install/px4_msgs/include/px4_msgs/px4_msgs/msg/detail/register_ext_component_reply__type_support.h\n'}
[0.681726] (px4_msgs) StdoutLine: {'line': b'-- Up-to-date symlink: /root/ws_sensor_combined/install/px4_msgs/include/px4_msgs/px4_msgs/msg/detail/register_ext_component_request__functions.h\n'}
[0.681797] (px4_msgs) StdoutLine: {'line': b'-- Up-to-date symlink: /root/ws_sensor_combined/install/px4_msgs/include/px4_msgs/px4_msgs/msg/detail/register_ext_component_request__struct.h\n'}
[0.681879] (px4_msgs) StdoutLine: {'line': b'-- Up-to-date symlink: /root/ws_sensor_combined/install/px4_msgs/include/px4_msgs/px4_msgs/msg/detail/register_ext_component_request__type_support.h\n'}
[0.681960] (px4_msgs) StdoutLine: {'line': b'-- Up-to-date symlink: /root/ws_sensor_combined/install/px4_msgs/include/px4_msgs/px4_msgs/msg/detail/rover_attitude_setpoint__functions.h\n'}
[0.682040] (px4_msgs) StdoutLine: {'line': b'-- Up-to-date symlink: /root/ws_sensor_combined/install/px4_msgs/include/px4_msgs/px4_msgs/msg/detail/rover_attitude_setpoint__struct.h\n'}
[0.682087] (px4_msgs) StdoutLine: {'line': b'-- Up-to-date symlink: /root/ws_sensor_combined/install/px4_msgs/include/px4_msgs/px4_msgs/msg/detail/rover_attitude_setpoint__type_support.h\n'}
[0.682182] (px4_msgs) StdoutLine: {'line': b'-- Up-to-date symlink: /root/ws_sensor_combined/install/px4_msgs/include/px4_msgs/px4_msgs/msg/detail/rover_attitude_status__functions.h\n'}
[0.682245] (px4_msgs) StdoutLine: {'line': b'-- Up-to-date symlink: /root/ws_sensor_combined/install/px4_msgs/include/px4_msgs/px4_msgs/msg/detail/rover_attitude_status__struct.h\n'}
[0.682326] (px4_msgs) StdoutLine: {'line': b'-- Up-to-date symlink: /root/ws_sensor_combined/install/px4_msgs/include/px4_msgs/px4_msgs/msg/detail/rover_attitude_status__type_support.h\n'}
[0.682407] (px4_msgs) StdoutLine: {'line': b'-- Up-to-date symlink: /root/ws_sensor_combined/install/px4_msgs/include/px4_msgs/px4_msgs/msg/detail/rover_position_setpoint__functions.h\n'}
[0.682477] (px4_msgs) StdoutLine: {'line': b'-- Up-to-date symlink: /root/ws_sensor_combined/install/px4_msgs/include/px4_msgs/px4_msgs/msg/detail/rover_position_setpoint__struct.h\n'}
[0.682558] (px4_msgs) StdoutLine: {'line': b'-- Up-to-date symlink: /root/ws_sensor_combined/install/px4_msgs/include/px4_msgs/px4_msgs/msg/detail/rover_position_setpoint__type_support.h\n'}
[0.682627] (px4_msgs) StdoutLine: {'line': b'-- Up-to-date symlink: /root/ws_sensor_combined/install/px4_msgs/include/px4_msgs/px4_msgs/msg/detail/rover_rate_setpoint__functions.h\n'}
[0.682695] (px4_msgs) StdoutLine: {'line': b'-- Up-to-date symlink: /root/ws_sensor_combined/install/px4_msgs/include/px4_msgs/px4_msgs/msg/detail/rover_rate_setpoint__struct.h\n'}
[0.682776] (px4_msgs) StdoutLine: {'line': b'-- Up-to-date symlink: /root/ws_sensor_combined/install/px4_msgs/include/px4_msgs/px4_msgs/msg/detail/rover_rate_setpoint__type_support.h\n'}
[0.682857] (px4_msgs) StdoutLine: {'line': b'-- Up-to-date symlink: /root/ws_sensor_combined/install/px4_msgs/include/px4_msgs/px4_msgs/msg/detail/rover_rate_status__functions.h\n'}
[0.682926] (px4_msgs) StdoutLine: {'line': b'-- Up-to-date symlink: /root/ws_sensor_combined/install/px4_msgs/include/px4_msgs/px4_msgs/msg/detail/rover_rate_status__struct.h\n'}
[0.683009] (px4_msgs) StdoutLine: {'line': b'-- Up-to-date symlink: /root/ws_sensor_combined/install/px4_msgs/include/px4_msgs/px4_msgs/msg/detail/rover_rate_status__type_support.h\n'}
[0.683079] (px4_msgs) StdoutLine: {'line': b'-- Up-to-date symlink: /root/ws_sensor_combined/install/px4_msgs/include/px4_msgs/px4_msgs/msg/detail/rover_steering_setpoint__functions.h\n'}
[0.683159] (px4_msgs) StdoutLine: {'line': b'-- Up-to-date symlink: /root/ws_sensor_combined/install/px4_msgs/include/px4_msgs/px4_msgs/msg/detail/rover_steering_setpoint__struct.h\n'}
[0.683241] (px4_msgs) StdoutLine: {'line': b'-- Up-to-date symlink: /root/ws_sensor_combined/install/px4_msgs/include/px4_msgs/px4_msgs/msg/detail/rover_steering_setpoint__type_support.h\n'}
[0.683310] (px4_msgs) StdoutLine: {'line': b'-- Up-to-date symlink: /root/ws_sensor_combined/install/px4_msgs/include/px4_msgs/px4_msgs/msg/detail/rover_throttle_setpoint__functions.h\n'}
[0.683381] (px4_msgs) StdoutLine: {'line': b'-- Up-to-date symlink: /root/ws_sensor_combined/install/px4_msgs/include/px4_msgs/px4_msgs/msg/detail/rover_throttle_setpoint__struct.h\n'}
[0.683454] (px4_msgs) StdoutLine: {'line': b'-- Up-to-date symlink: /root/ws_sensor_combined/install/px4_msgs/include/px4_msgs/px4_msgs/msg/detail/rover_throttle_setpoint__type_support.h\n'}
[0.683524] (px4_msgs) StdoutLine: {'line': b'-- Up-to-date symlink: /root/ws_sensor_combined/install/px4_msgs/include/px4_msgs/px4_msgs/msg/detail/rover_velocity_setpoint__functions.h\n'}
[0.683594] (px4_msgs) StdoutLine: {'line': b'-- Up-to-date symlink: /root/ws_sensor_combined/install/px4_msgs/include/px4_msgs/px4_msgs/msg/detail/rover_velocity_setpoint__struct.h\n'}
[0.683676] (px4_msgs) StdoutLine: {'line': b'-- Up-to-date symlink: /root/ws_sensor_combined/install/px4_msgs/include/px4_msgs/px4_msgs/msg/detail/rover_velocity_setpoint__type_support.h\n'}
[0.683756] (px4_msgs) StdoutLine: {'line': b'-- Up-to-date symlink: /root/ws_sensor_combined/install/px4_msgs/include/px4_msgs/px4_msgs/msg/detail/rover_velocity_status__functions.h\n'}
[0.683839] (px4_msgs) StdoutLine: {'line': b'-- Up-to-date symlink: /root/ws_sensor_combined/install/px4_msgs/include/px4_msgs/px4_msgs/msg/detail/rover_velocity_status__struct.h\n'}
[0.683884] (px4_msgs) StdoutLine: {'line': b'-- Up-to-date symlink: /root/ws_sensor_combined/install/px4_msgs/include/px4_msgs/px4_msgs/msg/detail/rover_velocity_status__type_support.h\n'}
[0.684030] (px4_msgs) StdoutLine: {'line': b'-- Up-to-date symlink: /root/ws_sensor_combined/install/px4_msgs/include/px4_msgs/px4_msgs/msg/detail/rpm__functions.h\n'}
[0.684120] (px4_msgs) StdoutLine: {'line': b'-- Up-to-date symlink: /root/ws_sensor_combined/install/px4_msgs/include/px4_msgs/px4_msgs/msg/detail/rpm__struct.h\n'}
[0.684191] (px4_msgs) StdoutLine: {'line': b'-- Up-to-date symlink: /root/ws_sensor_combined/install/px4_msgs/include/px4_msgs/px4_msgs/msg/detail/rpm__type_support.h\n'}
[0.684272] (px4_msgs) StdoutLine: {'line': b'-- Up-to-date symlink: /root/ws_sensor_combined/install/px4_msgs/include/px4_msgs/px4_msgs/msg/detail/rtl_status__functions.h\n'}
[0.684344] (px4_msgs) StdoutLine: {'line': b'-- Up-to-date symlink: /root/ws_sensor_combined/install/px4_msgs/include/px4_msgs/px4_msgs/msg/detail/rtl_status__struct.h\n'}
[0.684377] (px4_msgs) StdoutLine: {'line': b'-- Up-to-date symlink: /root/ws_sensor_combined/install/px4_msgs/include/px4_msgs/px4_msgs/msg/detail/rtl_status__type_support.h\n'}
[0.684539] (px4_msgs) StdoutLine: {'line': b'-- Up-to-date symlink: /root/ws_sensor_combined/install/px4_msgs/include/px4_msgs/px4_msgs/msg/detail/rtl_time_estimate__functions.h\n'}
[0.684753] (px4_msgs) StdoutLine: {'line': b'-- Up-to-date symlink: /root/ws_sensor_combined/install/px4_msgs/include/px4_msgs/px4_msgs/msg/detail/rtl_time_estimate__struct.h\n'}
[0.684796] (px4_msgs) StdoutLine: {'line': b'-- Up-to-date symlink: /root/ws_sensor_combined/install/px4_msgs/include/px4_msgs/px4_msgs/msg/detail/rtl_time_estimate__type_support.h\n'}
[0.684826] (px4_msgs) StdoutLine: {'line': b'-- Up-to-date symlink: /root/ws_sensor_combined/install/px4_msgs/include/px4_msgs/px4_msgs/msg/detail/satellite_info__functions.h\n'}
[0.684903] (px4_msgs) StdoutLine: {'line': b'-- Up-to-date symlink: /root/ws_sensor_combined/install/px4_msgs/include/px4_msgs/px4_msgs/msg/detail/satellite_info__struct.h\n'}
[0.684979] (px4_msgs) StdoutLine: {'line': b'-- Up-to-date symlink: /root/ws_sensor_combined/install/px4_msgs/include/px4_msgs/px4_msgs/msg/detail/satellite_info__type_support.h\n'}
[0.685050] (px4_msgs) StdoutLine: {'line': b'-- Up-to-date symlink: /root/ws_sensor_combined/install/px4_msgs/include/px4_msgs/px4_msgs/msg/detail/sensor_accel__functions.h\n'}
[0.685133] (px4_msgs) StdoutLine: {'line': b'-- Up-to-date symlink: /root/ws_sensor_combined/install/px4_msgs/include/px4_msgs/px4_msgs/msg/detail/sensor_accel__struct.h\n'}
[0.685213] (px4_msgs) StdoutLine: {'line': b'-- Up-to-date symlink: /root/ws_sensor_combined/install/px4_msgs/include/px4_msgs/px4_msgs/msg/detail/sensor_accel__type_support.h\n'}
[0.685295] (px4_msgs) StdoutLine: {'line': b'-- Up-to-date symlink: /root/ws_sensor_combined/install/px4_msgs/include/px4_msgs/px4_msgs/msg/detail/sensor_accel_fifo__functions.h\n'}
[0.685460] (px4_msgs) StdoutLine: {'line': b'-- Up-to-date symlink: /root/ws_sensor_combined/install/px4_msgs/include/px4_msgs/px4_msgs/msg/detail/sensor_accel_fifo__struct.h\n'}
[0.685626] (px4_msgs) StdoutLine: {'line': b'-- Up-to-date symlink: /root/ws_sensor_combined/install/px4_msgs/include/px4_msgs/px4_msgs/msg/detail/sensor_accel_fifo__type_support.h\n'}
[0.685757] (px4_msgs) StdoutLine: {'line': b'-- Up-to-date symlink: /root/ws_sensor_combined/install/px4_msgs/include/px4_msgs/px4_msgs/msg/detail/sensor_airflow__functions.h\n'}
[0.685849] (px4_msgs) StdoutLine: {'line': b'-- Up-to-date symlink: /root/ws_sensor_combined/install/px4_msgs/include/px4_msgs/px4_msgs/msg/detail/sensor_airflow__struct.h\n'}
[0.685931] (px4_msgs) StdoutLine: {'line': b'-- Up-to-date symlink: /root/ws_sensor_combined/install/px4_msgs/include/px4_msgs/px4_msgs/msg/detail/sensor_airflow__type_support.h\n'}
[0.686022] (px4_msgs) StdoutLine: {'line': b'-- Up-to-date symlink: /root/ws_sensor_combined/install/px4_msgs/include/px4_msgs/px4_msgs/msg/detail/sensor_baro__functions.h\n'}
[0.686103] (px4_msgs) StdoutLine: {'line': b'-- Up-to-date symlink: /root/ws_sensor_combined/install/px4_msgs/include/px4_msgs/px4_msgs/msg/detail/sensor_baro__struct.h\n'}
[0.686196] (px4_msgs) StdoutLine: {'line': b'-- Up-to-date symlink: /root/ws_sensor_combined/install/px4_msgs/include/px4_msgs/px4_msgs/msg/detail/sensor_baro__type_support.h\n'}
[0.686278] (px4_msgs) StdoutLine: {'line': b'-- Up-to-date symlink: /root/ws_sensor_combined/install/px4_msgs/include/px4_msgs/px4_msgs/msg/detail/sensor_combined__functions.h\n'}
[0.686349] (px4_msgs) StdoutLine: {'line': b'-- Up-to-date symlink: /root/ws_sensor_combined/install/px4_msgs/include/px4_msgs/px4_msgs/msg/detail/sensor_combined__struct.h\n'}
[0.686420] (px4_msgs) StdoutLine: {'line': b'-- Up-to-date symlink: /root/ws_sensor_combined/install/px4_msgs/include/px4_msgs/px4_msgs/msg/detail/sensor_combined__type_support.h\n'}
[0.686506] (px4_msgs) StdoutLine: {'line': b'-- Up-to-date symlink: /root/ws_sensor_combined/install/px4_msgs/include/px4_msgs/px4_msgs/msg/detail/sensor_correction__functions.h\n'}
[0.686587] (px4_msgs) StdoutLine: {'line': b'-- Up-to-date symlink: /root/ws_sensor_combined/install/px4_msgs/include/px4_msgs/px4_msgs/msg/detail/sensor_correction__struct.h\n'}
[0.686667] (px4_msgs) StdoutLine: {'line': b'-- Up-to-date symlink: /root/ws_sensor_combined/install/px4_msgs/include/px4_msgs/px4_msgs/msg/detail/sensor_correction__type_support.h\n'}
[0.686737] (px4_msgs) StdoutLine: {'line': b'-- Up-to-date symlink: /root/ws_sensor_combined/install/px4_msgs/include/px4_msgs/px4_msgs/msg/detail/sensor_gnss_relative__functions.h\n'}
[0.686807] (px4_msgs) StdoutLine: {'line': b'-- Up-to-date symlink: /root/ws_sensor_combined/install/px4_msgs/include/px4_msgs/px4_msgs/msg/detail/sensor_gnss_relative__struct.h\n'}
[0.686888] (px4_msgs) StdoutLine: {'line': b'-- Up-to-date symlink: /root/ws_sensor_combined/install/px4_msgs/include/px4_msgs/px4_msgs/msg/detail/sensor_gnss_relative__type_support.h\n'}
[0.686957] (px4_msgs) StdoutLine: {'line': b'-- Up-to-date symlink: /root/ws_sensor_combined/install/px4_msgs/include/px4_msgs/px4_msgs/msg/detail/sensor_gps__functions.h\n'}
[0.687042] (px4_msgs) StdoutLine: {'line': b'-- Up-to-date symlink: /root/ws_sensor_combined/install/px4_msgs/include/px4_msgs/px4_msgs/msg/detail/sensor_gps__struct.h\n'}
[0.687125] (px4_msgs) StdoutLine: {'line': b'-- Up-to-date symlink: /root/ws_sensor_combined/install/px4_msgs/include/px4_msgs/px4_msgs/msg/detail/sensor_gps__type_support.h\n'}
[0.687195] (px4_msgs) StdoutLine: {'line': b'-- Up-to-date symlink: /root/ws_sensor_combined/install/px4_msgs/include/px4_msgs/px4_msgs/msg/detail/sensor_gyro__functions.h\n'}
[0.687276] (px4_msgs) StdoutLine: {'line': b'-- Up-to-date symlink: /root/ws_sensor_combined/install/px4_msgs/include/px4_msgs/px4_msgs/msg/detail/sensor_gyro__struct.h\n'}
[0.687324] (px4_msgs) StdoutLine: {'line': b'-- Up-to-date symlink: /root/ws_sensor_combined/install/px4_msgs/include/px4_msgs/px4_msgs/msg/detail/sensor_gyro__type_support.h\n'}
[0.687350] (px4_msgs) StdoutLine: {'line': b'-- Up-to-date symlink: /root/ws_sensor_combined/install/px4_msgs/include/px4_msgs/px4_msgs/msg/detail/sensor_gyro_fft__functions.h\n'}
[0.687413] (px4_msgs) StdoutLine: {'line': b'-- Up-to-date symlink: /root/ws_sensor_combined/install/px4_msgs/include/px4_msgs/px4_msgs/msg/detail/sensor_gyro_fft__struct.h\n'}
[0.687617] (px4_msgs) StdoutLine: {'line': b'-- Up-to-date symlink: /root/ws_sensor_combined/install/px4_msgs/include/px4_msgs/px4_msgs/msg/detail/sensor_gyro_fft__type_support.h\n'}
[0.687771] (px4_msgs) StdoutLine: {'line': b'-- Up-to-date symlink: /root/ws_sensor_combined/install/px4_msgs/include/px4_msgs/px4_msgs/msg/detail/sensor_gyro_fifo__functions.h\n'}
[0.687864] (px4_msgs) StdoutLine: {'line': b'-- Up-to-date symlink: /root/ws_sensor_combined/install/px4_msgs/include/px4_msgs/px4_msgs/msg/detail/sensor_gyro_fifo__struct.h\n'}
[0.687925] (px4_msgs) StdoutLine: {'line': b'-- Up-to-date symlink: /root/ws_sensor_combined/install/px4_msgs/include/px4_msgs/px4_msgs/msg/detail/sensor_gyro_fifo__type_support.h\n'}
[0.687986] (px4_msgs) StdoutLine: {'line': b'-- Up-to-date symlink: /root/ws_sensor_combined/install/px4_msgs/include/px4_msgs/px4_msgs/msg/detail/sensor_hygrometer__functions.h\n'}
[0.688058] (px4_msgs) StdoutLine: {'line': b'-- Up-to-date symlink: /root/ws_sensor_combined/install/px4_msgs/include/px4_msgs/px4_msgs/msg/detail/sensor_hygrometer__struct.h\n'}
[0.688140] (px4_msgs) StdoutLine: {'line': b'-- Up-to-date symlink: /root/ws_sensor_combined/install/px4_msgs/include/px4_msgs/px4_msgs/msg/detail/sensor_hygrometer__type_support.h\n'}
[0.688209] (px4_msgs) StdoutLine: {'line': b'-- Up-to-date symlink: /root/ws_sensor_combined/install/px4_msgs/include/px4_msgs/px4_msgs/msg/detail/sensor_mag__functions.h\n'}
[0.688335] (px4_msgs) StdoutLine: {'line': b'-- Up-to-date symlink: /root/ws_sensor_combined/install/px4_msgs/include/px4_msgs/px4_msgs/msg/detail/sensor_mag__struct.h\n'}
[0.688413] (px4_msgs) StdoutLine: {'line': b'-- Up-to-date symlink: /root/ws_sensor_combined/install/px4_msgs/include/px4_msgs/px4_msgs/msg/detail/sensor_mag__type_support.h\n'}
[0.688608] (px4_msgs) StdoutLine: {'line': b'-- Up-to-date symlink: /root/ws_sensor_combined/install/px4_msgs/include/px4_msgs/px4_msgs/msg/detail/sensor_optical_flow__functions.h\n'}
[0.688690] (px4_msgs) StdoutLine: {'line': b'-- Up-to-date symlink: /root/ws_sensor_combined/install/px4_msgs/include/px4_msgs/px4_msgs/msg/detail/sensor_optical_flow__struct.h\n'}
[0.688772] (px4_msgs) StdoutLine: {'line': b'-- Up-to-date symlink: /root/ws_sensor_combined/install/px4_msgs/include/px4_msgs/px4_msgs/msg/detail/sensor_optical_flow__type_support.h\n'}
[0.688853] (px4_msgs) StdoutLine: {'line': b'-- Up-to-date symlink: /root/ws_sensor_combined/install/px4_msgs/include/px4_msgs/px4_msgs/msg/detail/sensor_preflight_mag__functions.h\n'}
[0.689034] (px4_msgs) StdoutLine: {'line': b'-- Up-to-date symlink: /root/ws_sensor_combined/install/px4_msgs/include/px4_msgs/px4_msgs/msg/detail/sensor_preflight_mag__struct.h\n'}
[0.689121] (px4_msgs) StdoutLine: {'line': b'-- Up-to-date symlink: /root/ws_sensor_combined/install/px4_msgs/include/px4_msgs/px4_msgs/msg/detail/sensor_preflight_mag__type_support.h\n'}
[0.689204] (px4_msgs) StdoutLine: {'line': b'-- Up-to-date symlink: /root/ws_sensor_combined/install/px4_msgs/include/px4_msgs/px4_msgs/msg/detail/sensor_selection__functions.h\n'}
[0.689288] (px4_msgs) StdoutLine: {'line': b'-- Up-to-date symlink: /root/ws_sensor_combined/install/px4_msgs/include/px4_msgs/px4_msgs/msg/detail/sensor_selection__struct.h\n'}
[0.689370] (px4_msgs) StdoutLine: {'line': b'-- Up-to-date symlink: /root/ws_sensor_combined/install/px4_msgs/include/px4_msgs/px4_msgs/msg/detail/sensor_selection__type_support.h\n'}
[0.689440] (px4_msgs) StdoutLine: {'line': b'-- Up-to-date symlink: /root/ws_sensor_combined/install/px4_msgs/include/px4_msgs/px4_msgs/msg/detail/sensor_uwb__functions.h\n'}
[0.689600] (px4_msgs) StdoutLine: {'line': b'-- Up-to-date symlink: /root/ws_sensor_combined/install/px4_msgs/include/px4_msgs/px4_msgs/msg/detail/sensor_uwb__struct.h\n'}
[0.689662] (px4_msgs) StdoutLine: {'line': b'-- Up-to-date symlink: /root/ws_sensor_combined/install/px4_msgs/include/px4_msgs/px4_msgs/msg/detail/sensor_uwb__type_support.h\n'}
[0.689746] (px4_msgs) StdoutLine: {'line': b'-- Up-to-date symlink: /root/ws_sensor_combined/install/px4_msgs/include/px4_msgs/px4_msgs/msg/detail/sensors_status__functions.h\n'}
[0.689828] (px4_msgs) StdoutLine: {'line': b'-- Up-to-date symlink: /root/ws_sensor_combined/install/px4_msgs/include/px4_msgs/px4_msgs/msg/detail/sensors_status__struct.h\n'}
[0.689955] (px4_msgs) StdoutLine: {'line': b'-- Up-to-date symlink: /root/ws_sensor_combined/install/px4_msgs/include/px4_msgs/px4_msgs/msg/detail/sensors_status__type_support.h\n'}
[0.690084] (px4_msgs) StdoutLine: {'line': b'-- Up-to-date symlink: /root/ws_sensor_combined/install/px4_msgs/include/px4_msgs/px4_msgs/msg/detail/sensors_status_imu__functions.h\n'}
[0.690266] (px4_msgs) StdoutLine: {'line': b'-- Up-to-date symlink: /root/ws_sensor_combined/install/px4_msgs/include/px4_msgs/px4_msgs/msg/detail/sensors_status_imu__struct.h\n'}
[0.690316] (px4_msgs) StdoutLine: {'line': b'-- Up-to-date symlink: /root/ws_sensor_combined/install/px4_msgs/include/px4_msgs/px4_msgs/msg/detail/sensors_status_imu__type_support.h\n'}
[0.690675] (px4_msgs) StdoutLine: {'line': b'-- Up-to-date symlink: /root/ws_sensor_combined/install/px4_msgs/include/px4_msgs/px4_msgs/msg/detail/system_power__functions.h\n'}
[0.690715] (px4_msgs) StdoutLine: {'line': b'-- Up-to-date symlink: /root/ws_sensor_combined/install/px4_msgs/include/px4_msgs/px4_msgs/msg/detail/system_power__struct.h\n'}
[0.690743] (px4_msgs) StdoutLine: {'line': b'-- Up-to-date symlink: /root/ws_sensor_combined/install/px4_msgs/include/px4_msgs/px4_msgs/msg/detail/system_power__type_support.h\n'}
[0.690813] (px4_msgs) StdoutLine: {'line': b'-- Up-to-date symlink: /root/ws_sensor_combined/install/px4_msgs/include/px4_msgs/px4_msgs/msg/detail/takeoff_status__functions.h\n'}
[0.690879] (px4_msgs) StdoutLine: {'line': b'-- Up-to-date symlink: /root/ws_sensor_combined/install/px4_msgs/include/px4_msgs/px4_msgs/msg/detail/takeoff_status__struct.h\n'}
[0.690913] (px4_msgs) StdoutLine: {'line': b'-- Up-to-date symlink: /root/ws_sensor_combined/install/px4_msgs/include/px4_msgs/px4_msgs/msg/detail/takeoff_status__type_support.h\n'}
[0.690976] (px4_msgs) StdoutLine: {'line': b'-- Up-to-date symlink: /root/ws_sensor_combined/install/px4_msgs/include/px4_msgs/px4_msgs/msg/detail/task_stack_info__functions.h\n'}
[0.691027] (px4_msgs) StdoutLine: {'line': b'-- Up-to-date symlink: /root/ws_sensor_combined/install/px4_msgs/include/px4_msgs/px4_msgs/msg/detail/task_stack_info__struct.h\n'}
[0.691162] (px4_msgs) StdoutLine: {'line': b'-- Up-to-date symlink: /root/ws_sensor_combined/install/px4_msgs/include/px4_msgs/px4_msgs/msg/detail/task_stack_info__type_support.h\n'}
[0.691256] (px4_msgs) StdoutLine: {'line': b'-- Up-to-date symlink: /root/ws_sensor_combined/install/px4_msgs/include/px4_msgs/px4_msgs/msg/detail/tecs_status__functions.h\n'}
[0.691328] (px4_msgs) StdoutLine: {'line': b'-- Up-to-date symlink: /root/ws_sensor_combined/install/px4_msgs/include/px4_msgs/px4_msgs/msg/detail/tecs_status__struct.h\n'}
[0.691442] (px4_msgs) StdoutLine: {'line': b'-- Up-to-date symlink: /root/ws_sensor_combined/install/px4_msgs/include/px4_msgs/px4_msgs/msg/detail/tecs_status__type_support.h\n'}
[0.691474] (px4_msgs) StdoutLine: {'line': b'-- Up-to-date symlink: /root/ws_sensor_combined/install/px4_msgs/include/px4_msgs/px4_msgs/msg/detail/telemetry_status__functions.h\n'}
[0.691543] (px4_msgs) StdoutLine: {'line': b'-- Up-to-date symlink: /root/ws_sensor_combined/install/px4_msgs/include/px4_msgs/px4_msgs/msg/detail/telemetry_status__struct.h\n'}
[0.691624] (px4_msgs) StdoutLine: {'line': b'-- Up-to-date symlink: /root/ws_sensor_combined/install/px4_msgs/include/px4_msgs/px4_msgs/msg/detail/telemetry_status__type_support.h\n'}
[0.691707] (px4_msgs) StdoutLine: {'line': b'-- Up-to-date symlink: /root/ws_sensor_combined/install/px4_msgs/include/px4_msgs/px4_msgs/msg/detail/tiltrotor_extra_controls__functions.h\n'}
[0.691788] (px4_msgs) StdoutLine: {'line': b'-- Up-to-date symlink: /root/ws_sensor_combined/install/px4_msgs/include/px4_msgs/px4_msgs/msg/detail/tiltrotor_extra_controls__struct.h\n'}
[0.691943] (px4_msgs) StdoutLine: {'line': b'-- Up-to-date symlink: /root/ws_sensor_combined/install/px4_msgs/include/px4_msgs/px4_msgs/msg/detail/tiltrotor_extra_controls__type_support.h\n'}
[0.691993] (px4_msgs) StdoutLine: {'line': b'-- Up-to-date symlink: /root/ws_sensor_combined/install/px4_msgs/include/px4_msgs/px4_msgs/msg/detail/timesync_status__functions.h\n'}
[0.692032] (px4_msgs) StdoutLine: {'line': b'-- Up-to-date symlink: /root/ws_sensor_combined/install/px4_msgs/include/px4_msgs/px4_msgs/msg/detail/timesync_status__struct.h\n'}
[0.692166] (px4_msgs) StdoutLine: {'line': b'-- Up-to-date symlink: /root/ws_sensor_combined/install/px4_msgs/include/px4_msgs/px4_msgs/msg/detail/timesync_status__type_support.h\n'}
[0.692228] (px4_msgs) StdoutLine: {'line': b'-- Up-to-date symlink: /root/ws_sensor_combined/install/px4_msgs/include/px4_msgs/px4_msgs/msg/detail/trajectory_setpoint6dof__functions.h\n'}
[0.692313] (px4_msgs) StdoutLine: {'line': b'-- Up-to-date symlink: /root/ws_sensor_combined/install/px4_msgs/include/px4_msgs/px4_msgs/msg/detail/trajectory_setpoint6dof__struct.h\n'}
[0.692441] (px4_msgs) StdoutLine: {'line': b'-- Up-to-date symlink: /root/ws_sensor_combined/install/px4_msgs/include/px4_msgs/px4_msgs/msg/detail/trajectory_setpoint6dof__type_support.h\n'}
[0.692583] (px4_msgs) StdoutLine: {'line': b'-- Up-to-date symlink: /root/ws_sensor_combined/install/px4_msgs/include/px4_msgs/px4_msgs/msg/detail/trajectory_setpoint__functions.h\n'}
[0.692734] (px4_msgs) StdoutLine: {'line': b'-- Up-to-date symlink: /root/ws_sensor_combined/install/px4_msgs/include/px4_msgs/px4_msgs/msg/detail/trajectory_setpoint__struct.h\n'}
[0.692821] (px4_msgs) StdoutLine: {'line': b'-- Up-to-date symlink: /root/ws_sensor_combined/install/px4_msgs/include/px4_msgs/px4_msgs/msg/detail/trajectory_setpoint__type_support.h\n'}
[0.692969] (px4_msgs) StdoutLine: {'line': b'-- Up-to-date symlink: /root/ws_sensor_combined/install/px4_msgs/include/px4_msgs/px4_msgs/msg/detail/transponder_report__functions.h\n'}
[0.693091] (px4_msgs) StdoutLine: {'line': b'-- Up-to-date symlink: /root/ws_sensor_combined/install/px4_msgs/include/px4_msgs/px4_msgs/msg/detail/transponder_report__struct.h\n'}
[0.693175] (px4_msgs) StdoutLine: {'line': b'-- Up-to-date symlink: /root/ws_sensor_combined/install/px4_msgs/include/px4_msgs/px4_msgs/msg/detail/transponder_report__type_support.h\n'}
[0.693257] (px4_msgs) StdoutLine: {'line': b'-- Up-to-date symlink: /root/ws_sensor_combined/install/px4_msgs/include/px4_msgs/px4_msgs/msg/detail/tune_control__functions.h\n'}
[0.693327] (px4_msgs) StdoutLine: {'line': b'-- Up-to-date symlink: /root/ws_sensor_combined/install/px4_msgs/include/px4_msgs/px4_msgs/msg/detail/tune_control__struct.h\n'}
[0.693408] (px4_msgs) StdoutLine: {'line': b'-- Up-to-date symlink: /root/ws_sensor_combined/install/px4_msgs/include/px4_msgs/px4_msgs/msg/detail/tune_control__type_support.h\n'}
[0.693488] (px4_msgs) StdoutLine: {'line': b'-- Up-to-date symlink: /root/ws_sensor_combined/install/px4_msgs/include/px4_msgs/px4_msgs/msg/detail/uavcan_parameter_request__functions.h\n'}
[0.693634] (px4_msgs) StdoutLine: {'line': b'-- Up-to-date symlink: /root/ws_sensor_combined/install/px4_msgs/include/px4_msgs/px4_msgs/msg/detail/uavcan_parameter_request__struct.h\n'}
[0.693693] (px4_msgs) StdoutLine: {'line': b'-- Up-to-date symlink: /root/ws_sensor_combined/install/px4_msgs/include/px4_msgs/px4_msgs/msg/detail/uavcan_parameter_request__type_support.h\n'}
[0.693774] (px4_msgs) StdoutLine: {'line': b'-- Up-to-date symlink: /root/ws_sensor_combined/install/px4_msgs/include/px4_msgs/px4_msgs/msg/detail/uavcan_parameter_value__functions.h\n'}
[0.693860] (px4_msgs) StdoutLine: {'line': b'-- Up-to-date symlink: /root/ws_sensor_combined/install/px4_msgs/include/px4_msgs/px4_msgs/msg/detail/uavcan_parameter_value__struct.h\n'}
[0.693939] (px4_msgs) StdoutLine: {'line': b'-- Up-to-date symlink: /root/ws_sensor_combined/install/px4_msgs/include/px4_msgs/px4_msgs/msg/detail/uavcan_parameter_value__type_support.h\n'}
[0.694009] (px4_msgs) StdoutLine: {'line': b'-- Up-to-date symlink: /root/ws_sensor_combined/install/px4_msgs/include/px4_msgs/px4_msgs/msg/detail/ulog_stream__functions.h\n'}
[0.694089] (px4_msgs) StdoutLine: {'line': b'-- Up-to-date symlink: /root/ws_sensor_combined/install/px4_msgs/include/px4_msgs/px4_msgs/msg/detail/ulog_stream__struct.h\n'}
[0.694168] (px4_msgs) StdoutLine: {'line': b'-- Up-to-date symlink: /root/ws_sensor_combined/install/px4_msgs/include/px4_msgs/px4_msgs/msg/detail/ulog_stream__type_support.h\n'}
[0.694253] (px4_msgs) StdoutLine: {'line': b'-- Up-to-date symlink: /root/ws_sensor_combined/install/px4_msgs/include/px4_msgs/px4_msgs/msg/detail/ulog_stream_ack__functions.h\n'}
[0.694325] (px4_msgs) StdoutLine: {'line': b'-- Up-to-date symlink: /root/ws_sensor_combined/install/px4_msgs/include/px4_msgs/px4_msgs/msg/detail/ulog_stream_ack__struct.h\n'}
[0.694405] (px4_msgs) StdoutLine: {'line': b'-- Up-to-date symlink: /root/ws_sensor_combined/install/px4_msgs/include/px4_msgs/px4_msgs/msg/detail/ulog_stream_ack__type_support.h\n'}
[0.694485] (px4_msgs) StdoutLine: {'line': b'-- Up-to-date symlink: /root/ws_sensor_combined/install/px4_msgs/include/px4_msgs/px4_msgs/msg/detail/unregister_ext_component__functions.h\n'}
[0.694564] (px4_msgs) StdoutLine: {'line': b'-- Up-to-date symlink: /root/ws_sensor_combined/install/px4_msgs/include/px4_msgs/px4_msgs/msg/detail/unregister_ext_component__struct.h\n'}
[0.694632] (px4_msgs) StdoutLine: {'line': b'-- Up-to-date symlink: /root/ws_sensor_combined/install/px4_msgs/include/px4_msgs/px4_msgs/msg/detail/unregister_ext_component__type_support.h\n'}
[0.694711] (px4_msgs) StdoutLine: {'line': b'-- Up-to-date symlink: /root/ws_sensor_combined/install/px4_msgs/include/px4_msgs/px4_msgs/msg/detail/vehicle_acceleration__functions.h\n'}
[0.694791] (px4_msgs) StdoutLine: {'line': b'-- Up-to-date symlink: /root/ws_sensor_combined/install/px4_msgs/include/px4_msgs/px4_msgs/msg/detail/vehicle_acceleration__struct.h\n'}
[0.694860] (px4_msgs) StdoutLine: {'line': b'-- Up-to-date symlink: /root/ws_sensor_combined/install/px4_msgs/include/px4_msgs/px4_msgs/msg/detail/vehicle_acceleration__type_support.h\n'}
[0.694941] (px4_msgs) StdoutLine: {'line': b'-- Up-to-date symlink: /root/ws_sensor_combined/install/px4_msgs/include/px4_msgs/px4_msgs/msg/detail/vehicle_air_data__functions.h\n'}
[0.695019] (px4_msgs) StdoutLine: {'line': b'-- Up-to-date symlink: /root/ws_sensor_combined/install/px4_msgs/include/px4_msgs/px4_msgs/msg/detail/vehicle_air_data__struct.h\n'}
[0.695102] (px4_msgs) StdoutLine: {'line': b'-- Up-to-date symlink: /root/ws_sensor_combined/install/px4_msgs/include/px4_msgs/px4_msgs/msg/detail/vehicle_air_data__type_support.h\n'}
[0.695181] (px4_msgs) StdoutLine: {'line': b'-- Up-to-date symlink: /root/ws_sensor_combined/install/px4_msgs/include/px4_msgs/px4_msgs/msg/detail/vehicle_angular_acceleration_setpoint__functions.h\n'}
[0.695262] (px4_msgs) StdoutLine: {'line': b'-- Up-to-date symlink: /root/ws_sensor_combined/install/px4_msgs/include/px4_msgs/px4_msgs/msg/detail/vehicle_angular_acceleration_setpoint__struct.h\n'}
[0.695295] (px4_msgs) StdoutLine: {'line': b'-- Up-to-date symlink: /root/ws_sensor_combined/install/px4_msgs/include/px4_msgs/px4_msgs/msg/detail/vehicle_angular_acceleration_setpoint__type_support.h\n'}
[0.695360] (px4_msgs) StdoutLine: {'line': b'-- Up-to-date symlink: /root/ws_sensor_combined/install/px4_msgs/include/px4_msgs/px4_msgs/msg/detail/vehicle_angular_velocity__functions.h\n'}
[0.695439] (px4_msgs) StdoutLine: {'line': b'-- Up-to-date symlink: /root/ws_sensor_combined/install/px4_msgs/include/px4_msgs/px4_msgs/msg/detail/vehicle_angular_velocity__struct.h\n'}
[0.695523] (px4_msgs) StdoutLine: {'line': b'-- Up-to-date symlink: /root/ws_sensor_combined/install/px4_msgs/include/px4_msgs/px4_msgs/msg/detail/vehicle_angular_velocity__type_support.h\n'}
[0.695602] (px4_msgs) StdoutLine: {'line': b'-- Up-to-date symlink: /root/ws_sensor_combined/install/px4_msgs/include/px4_msgs/px4_msgs/msg/detail/vehicle_attitude__functions.h\n'}
[0.695663] (px4_msgs) StdoutLine: {'line': b'-- Up-to-date symlink: /root/ws_sensor_combined/install/px4_msgs/include/px4_msgs/px4_msgs/msg/detail/vehicle_attitude__struct.h\n'}
[0.695693] (px4_msgs) StdoutLine: {'line': b'-- Up-to-date symlink: /root/ws_sensor_combined/install/px4_msgs/include/px4_msgs/px4_msgs/msg/detail/vehicle_attitude__type_support.h\n'}
[0.695774] (px4_msgs) StdoutLine: {'line': b'-- Up-to-date symlink: /root/ws_sensor_combined/install/px4_msgs/include/px4_msgs/px4_msgs/msg/detail/vehicle_attitude_setpoint__functions.h\n'}
[0.695853] (px4_msgs) StdoutLine: {'line': b'-- Up-to-date symlink: /root/ws_sensor_combined/install/px4_msgs/include/px4_msgs/px4_msgs/msg/detail/vehicle_attitude_setpoint__struct.h\n'}
[0.695934] (px4_msgs) StdoutLine: {'line': b'-- Up-to-date symlink: /root/ws_sensor_combined/install/px4_msgs/include/px4_msgs/px4_msgs/msg/detail/vehicle_attitude_setpoint__type_support.h\n'}
[0.695994] (px4_msgs) StdoutLine: {'line': b'-- Up-to-date symlink: /root/ws_sensor_combined/install/px4_msgs/include/px4_msgs/px4_msgs/msg/detail/vehicle_command__functions.h\n'}
[0.696096] (px4_msgs) StdoutLine: {'line': b'-- Up-to-date symlink: /root/ws_sensor_combined/install/px4_msgs/include/px4_msgs/px4_msgs/msg/detail/vehicle_command__struct.h\n'}
[0.696161] (px4_msgs) StdoutLine: {'line': b'-- Up-to-date symlink: /root/ws_sensor_combined/install/px4_msgs/include/px4_msgs/px4_msgs/msg/detail/vehicle_command__type_support.h\n'}
[0.696257] (px4_msgs) StdoutLine: {'line': b'-- Up-to-date symlink: /root/ws_sensor_combined/install/px4_msgs/include/px4_msgs/px4_msgs/msg/detail/vehicle_command_ack__functions.h\n'}
[0.696654] (px4_msgs) StdoutLine: {'line': b'-- Up-to-date symlink: /root/ws_sensor_combined/install/px4_msgs/include/px4_msgs/px4_msgs/msg/detail/vehicle_command_ack__struct.h\n'}
[0.696734] (px4_msgs) StdoutLine: {'line': b'-- Up-to-date symlink: /root/ws_sensor_combined/install/px4_msgs/include/px4_msgs/px4_msgs/msg/detail/vehicle_command_ack__type_support.h\n'}
[0.696901] (px4_msgs) StdoutLine: {'line': b'-- Up-to-date symlink: /root/ws_sensor_combined/install/px4_msgs/include/px4_msgs/px4_msgs/msg/detail/vehicle_constraints__functions.h\n'}
[0.696939] (px4_msgs) StdoutLine: {'line': b'-- Up-to-date symlink: /root/ws_sensor_combined/install/px4_msgs/include/px4_msgs/px4_msgs/msg/detail/vehicle_constraints__struct.h\n'}
[0.696971] (px4_msgs) StdoutLine: {'line': b'-- Up-to-date symlink: /root/ws_sensor_combined/install/px4_msgs/include/px4_msgs/px4_msgs/msg/detail/vehicle_constraints__type_support.h\n'}
[0.697053] (px4_msgs) StdoutLine: {'line': b'-- Up-to-date symlink: /root/ws_sensor_combined/install/px4_msgs/include/px4_msgs/px4_msgs/msg/detail/vehicle_control_mode__functions.h\n'}
[0.697134] (px4_msgs) StdoutLine: {'line': b'-- Up-to-date symlink: /root/ws_sensor_combined/install/px4_msgs/include/px4_msgs/px4_msgs/msg/detail/vehicle_control_mode__struct.h\n'}
[0.697215] (px4_msgs) StdoutLine: {'line': b'-- Up-to-date symlink: /root/ws_sensor_combined/install/px4_msgs/include/px4_msgs/px4_msgs/msg/detail/vehicle_control_mode__type_support.h\n'}
[0.697297] (px4_msgs) StdoutLine: {'line': b'-- Up-to-date symlink: /root/ws_sensor_combined/install/px4_msgs/include/px4_msgs/px4_msgs/msg/detail/vehicle_global_position__functions.h\n'}
[0.697367] (px4_msgs) StdoutLine: {'line': b'-- Up-to-date symlink: /root/ws_sensor_combined/install/px4_msgs/include/px4_msgs/px4_msgs/msg/detail/vehicle_global_position__struct.h\n'}
[0.697448] (px4_msgs) StdoutLine: {'line': b'-- Up-to-date symlink: /root/ws_sensor_combined/install/px4_msgs/include/px4_msgs/px4_msgs/msg/detail/vehicle_global_position__type_support.h\n'}
[0.697599] (px4_msgs) StdoutLine: {'line': b'-- Up-to-date symlink: /root/ws_sensor_combined/install/px4_msgs/include/px4_msgs/px4_msgs/msg/detail/vehicle_imu__functions.h\n'}
[0.697717] (px4_msgs) StdoutLine: {'line': b'-- Up-to-date symlink: /root/ws_sensor_combined/install/px4_msgs/include/px4_msgs/px4_msgs/msg/detail/vehicle_imu__struct.h\n'}
[0.697783] (px4_msgs) StdoutLine: {'line': b'-- Up-to-date symlink: /root/ws_sensor_combined/install/px4_msgs/include/px4_msgs/px4_msgs/msg/detail/vehicle_imu__type_support.h\n'}
[0.697865] (px4_msgs) StdoutLine: {'line': b'-- Up-to-date symlink: /root/ws_sensor_combined/install/px4_msgs/include/px4_msgs/px4_msgs/msg/detail/vehicle_imu_status__functions.h\n'}
[0.697935] (px4_msgs) StdoutLine: {'line': b'-- Up-to-date symlink: /root/ws_sensor_combined/install/px4_msgs/include/px4_msgs/px4_msgs/msg/detail/vehicle_imu_status__struct.h\n'}
[0.698017] (px4_msgs) StdoutLine: {'line': b'-- Up-to-date symlink: /root/ws_sensor_combined/install/px4_msgs/include/px4_msgs/px4_msgs/msg/detail/vehicle_imu_status__type_support.h\n'}
[0.698086] (px4_msgs) StdoutLine: {'line': b'-- Up-to-date symlink: /root/ws_sensor_combined/install/px4_msgs/include/px4_msgs/px4_msgs/msg/detail/vehicle_land_detected__functions.h\n'}
[0.698167] (px4_msgs) StdoutLine: {'line': b'-- Up-to-date symlink: /root/ws_sensor_combined/install/px4_msgs/include/px4_msgs/px4_msgs/msg/detail/vehicle_land_detected__struct.h\n'}
[0.698247] (px4_msgs) StdoutLine: {'line': b'-- Up-to-date symlink: /root/ws_sensor_combined/install/px4_msgs/include/px4_msgs/px4_msgs/msg/detail/vehicle_land_detected__type_support.h\n'}
[0.698327] (px4_msgs) StdoutLine: {'line': b'-- Up-to-date symlink: /root/ws_sensor_combined/install/px4_msgs/include/px4_msgs/px4_msgs/msg/detail/vehicle_local_position__functions.h\n'}
[0.698374] (px4_msgs) StdoutLine: {'line': b'-- Up-to-date symlink: /root/ws_sensor_combined/install/px4_msgs/include/px4_msgs/px4_msgs/msg/detail/vehicle_local_position__struct.h\n'}
[0.698442] (px4_msgs) StdoutLine: {'line': b'-- Up-to-date symlink: /root/ws_sensor_combined/install/px4_msgs/include/px4_msgs/px4_msgs/msg/detail/vehicle_local_position__type_support.h\n'}
[0.698522] (px4_msgs) StdoutLine: {'line': b'-- Up-to-date symlink: /root/ws_sensor_combined/install/px4_msgs/include/px4_msgs/px4_msgs/msg/detail/vehicle_local_position_setpoint__functions.h\n'}
[0.698603] (px4_msgs) StdoutLine: {'line': b'-- Up-to-date symlink: /root/ws_sensor_combined/install/px4_msgs/include/px4_msgs/px4_msgs/msg/detail/vehicle_local_position_setpoint__struct.h\n'}
[0.698673] (px4_msgs) StdoutLine: {'line': b'-- Up-to-date symlink: /root/ws_sensor_combined/install/px4_msgs/include/px4_msgs/px4_msgs/msg/detail/vehicle_local_position_setpoint__type_support.h\n'}
[0.698744] (px4_msgs) StdoutLine: {'line': b'-- Up-to-date symlink: /root/ws_sensor_combined/install/px4_msgs/include/px4_msgs/px4_msgs/msg/detail/vehicle_magnetometer__functions.h\n'}
[0.698825] (px4_msgs) StdoutLine: {'line': b'-- Up-to-date symlink: /root/ws_sensor_combined/install/px4_msgs/include/px4_msgs/px4_msgs/msg/detail/vehicle_magnetometer__struct.h\n'}
[0.698905] (px4_msgs) StdoutLine: {'line': b'-- Up-to-date symlink: /root/ws_sensor_combined/install/px4_msgs/include/px4_msgs/px4_msgs/msg/detail/vehicle_magnetometer__type_support.h\n'}
[0.698985] (px4_msgs) StdoutLine: {'line': b'-- Up-to-date symlink: /root/ws_sensor_combined/install/px4_msgs/include/px4_msgs/px4_msgs/msg/detail/vehicle_odometry__functions.h\n'}
[0.699065] (px4_msgs) StdoutLine: {'line': b'-- Up-to-date symlink: /root/ws_sensor_combined/install/px4_msgs/include/px4_msgs/px4_msgs/msg/detail/vehicle_odometry__struct.h\n'}
[0.699135] (px4_msgs) StdoutLine: {'line': b'-- Up-to-date symlink: /root/ws_sensor_combined/install/px4_msgs/include/px4_msgs/px4_msgs/msg/detail/vehicle_odometry__type_support.h\n'}
[0.699282] (px4_msgs) StdoutLine: {'line': b'-- Up-to-date symlink: /root/ws_sensor_combined/install/px4_msgs/include/px4_msgs/px4_msgs/msg/detail/vehicle_optical_flow__functions.h\n'}
[0.699347] (px4_msgs) StdoutLine: {'line': b'-- Up-to-date symlink: /root/ws_sensor_combined/install/px4_msgs/include/px4_msgs/px4_msgs/msg/detail/vehicle_optical_flow__struct.h\n'}
[0.699379] (px4_msgs) StdoutLine: {'line': b'-- Up-to-date symlink: /root/ws_sensor_combined/install/px4_msgs/include/px4_msgs/px4_msgs/msg/detail/vehicle_optical_flow__type_support.h\n'}
[0.699446] (px4_msgs) StdoutLine: {'line': b'-- Up-to-date symlink: /root/ws_sensor_combined/install/px4_msgs/include/px4_msgs/px4_msgs/msg/detail/vehicle_optical_flow_vel__functions.h\n'}
[0.699526] (px4_msgs) StdoutLine: {'line': b'-- Up-to-date symlink: /root/ws_sensor_combined/install/px4_msgs/include/px4_msgs/px4_msgs/msg/detail/vehicle_optical_flow_vel__struct.h\n'}
[0.699606] (px4_msgs) StdoutLine: {'line': b'-- Up-to-date symlink: /root/ws_sensor_combined/install/px4_msgs/include/px4_msgs/px4_msgs/msg/detail/vehicle_optical_flow_vel__type_support.h\n'}
[0.699652] (px4_msgs) StdoutLine: {'line': b'-- Up-to-date symlink: /root/ws_sensor_combined/install/px4_msgs/include/px4_msgs/px4_msgs/msg/detail/vehicle_rates_setpoint__functions.h\n'}
[0.699736] (px4_msgs) StdoutLine: {'line': b'-- Up-to-date symlink: /root/ws_sensor_combined/install/px4_msgs/include/px4_msgs/px4_msgs/msg/detail/vehicle_rates_setpoint__struct.h\n'}
[0.699808] (px4_msgs) StdoutLine: {'line': b'-- Up-to-date symlink: /root/ws_sensor_combined/install/px4_msgs/include/px4_msgs/px4_msgs/msg/detail/vehicle_rates_setpoint__type_support.h\n'}
[0.699888] (px4_msgs) StdoutLine: {'line': b'-- Up-to-date symlink: /root/ws_sensor_combined/install/px4_msgs/include/px4_msgs/px4_msgs/msg/detail/vehicle_roi__functions.h\n'}
[0.699936] (px4_msgs) StdoutLine: {'line': b'-- Up-to-date symlink: /root/ws_sensor_combined/install/px4_msgs/include/px4_msgs/px4_msgs/msg/detail/vehicle_roi__struct.h\n'}
[0.700018] (px4_msgs) StdoutLine: {'line': b'-- Up-to-date symlink: /root/ws_sensor_combined/install/px4_msgs/include/px4_msgs/px4_msgs/msg/detail/vehicle_roi__type_support.h\n'}
[0.700101] (px4_msgs) StdoutLine: {'line': b'-- Up-to-date symlink: /root/ws_sensor_combined/install/px4_msgs/include/px4_msgs/px4_msgs/msg/detail/vehicle_status__functions.h\n'}
[0.700172] (px4_msgs) StdoutLine: {'line': b'-- Up-to-date symlink: /root/ws_sensor_combined/install/px4_msgs/include/px4_msgs/px4_msgs/msg/detail/vehicle_status__struct.h\n'}
[0.700242] (px4_msgs) StdoutLine: {'line': b'-- Up-to-date symlink: /root/ws_sensor_combined/install/px4_msgs/include/px4_msgs/px4_msgs/msg/detail/vehicle_status__type_support.h\n'}
[0.700313] (px4_msgs) StdoutLine: {'line': b'-- Up-to-date symlink: /root/ws_sensor_combined/install/px4_msgs/include/px4_msgs/px4_msgs/msg/detail/vehicle_thrust_setpoint__functions.h\n'}
[0.700393] (px4_msgs) StdoutLine: {'line': b'-- Up-to-date symlink: /root/ws_sensor_combined/install/px4_msgs/include/px4_msgs/px4_msgs/msg/detail/vehicle_thrust_setpoint__struct.h\n'}
[0.700461] (px4_msgs) StdoutLine: {'line': b'-- Up-to-date symlink: /root/ws_sensor_combined/install/px4_msgs/include/px4_msgs/px4_msgs/msg/detail/vehicle_thrust_setpoint__type_support.h\n'}
[0.700542] (px4_msgs) StdoutLine: {'line': b'-- Up-to-date symlink: /root/ws_sensor_combined/install/px4_msgs/include/px4_msgs/px4_msgs/msg/detail/vehicle_torque_setpoint__functions.h\n'}
[0.700622] (px4_msgs) StdoutLine: {'line': b'-- Up-to-date symlink: /root/ws_sensor_combined/install/px4_msgs/include/px4_msgs/px4_msgs/msg/detail/vehicle_torque_setpoint__struct.h\n'}
[0.700681] (px4_msgs) StdoutLine: {'line': b'-- Up-to-date symlink: /root/ws_sensor_combined/install/px4_msgs/include/px4_msgs/px4_msgs/msg/detail/vehicle_torque_setpoint__type_support.h\n'}
[0.700711] (px4_msgs) StdoutLine: {'line': b'-- Up-to-date symlink: /root/ws_sensor_combined/install/px4_msgs/include/px4_msgs/px4_msgs/msg/detail/velocity_limits__functions.h\n'}
[0.700737] (px4_msgs) StdoutLine: {'line': b'-- Up-to-date symlink: /root/ws_sensor_combined/install/px4_msgs/include/px4_msgs/px4_msgs/msg/detail/velocity_limits__struct.h\n'}
[0.700762] (px4_msgs) StdoutLine: {'line': b'-- Up-to-date symlink: /root/ws_sensor_combined/install/px4_msgs/include/px4_msgs/px4_msgs/msg/detail/velocity_limits__type_support.h\n'}
[0.700791] (px4_msgs) StdoutLine: {'line': b'-- Up-to-date symlink: /root/ws_sensor_combined/install/px4_msgs/include/px4_msgs/px4_msgs/msg/detail/vtol_vehicle_status__functions.h\n'}
[0.700857] (px4_msgs) StdoutLine: {'line': b'-- Up-to-date symlink: /root/ws_sensor_combined/install/px4_msgs/include/px4_msgs/px4_msgs/msg/detail/vtol_vehicle_status__struct.h\n'}
[0.700936] (px4_msgs) StdoutLine: {'line': b'-- Up-to-date symlink: /root/ws_sensor_combined/install/px4_msgs/include/px4_msgs/px4_msgs/msg/detail/vtol_vehicle_status__type_support.h\n'}
[0.701016] (px4_msgs) StdoutLine: {'line': b'-- Up-to-date symlink: /root/ws_sensor_combined/install/px4_msgs/include/px4_msgs/px4_msgs/msg/detail/wheel_encoders__functions.h\n'}
[0.701095] (-) TimerEvent: {}
[0.701287] (px4_msgs) StdoutLine: {'line': b'-- Up-to-date symlink: /root/ws_sensor_combined/install/px4_msgs/include/px4_msgs/px4_msgs/msg/detail/wheel_encoders__struct.h\n'}
[0.701339] (px4_msgs) StdoutLine: {'line': b'-- Up-to-date symlink: /root/ws_sensor_combined/install/px4_msgs/include/px4_msgs/px4_msgs/msg/detail/wheel_encoders__type_support.h\n'}
[0.701520] (px4_msgs) StdoutLine: {'line': b'-- Up-to-date symlink: /root/ws_sensor_combined/install/px4_msgs/include/px4_msgs/px4_msgs/msg/detail/wind__functions.h\n'}
[0.701608] (px4_msgs) StdoutLine: {'line': b'-- Up-to-date symlink: /root/ws_sensor_combined/install/px4_msgs/include/px4_msgs/px4_msgs/msg/detail/wind__struct.h\n'}
[0.701692] (px4_msgs) StdoutLine: {'line': b'-- Up-to-date symlink: /root/ws_sensor_combined/install/px4_msgs/include/px4_msgs/px4_msgs/msg/detail/wind__type_support.h\n'}
[0.701774] (px4_msgs) StdoutLine: {'line': b'-- Up-to-date symlink: /root/ws_sensor_combined/install/px4_msgs/include/px4_msgs/px4_msgs/msg/detail/yaw_estimator_status__functions.h\n'}
[0.701865] (px4_msgs) StdoutLine: {'line': b'-- Up-to-date symlink: /root/ws_sensor_combined/install/px4_msgs/include/px4_msgs/px4_msgs/msg/detail/yaw_estimator_status__struct.h\n'}
[0.701946] (px4_msgs) StdoutLine: {'line': b'-- Up-to-date symlink: /root/ws_sensor_combined/install/px4_msgs/include/px4_msgs/px4_msgs/msg/detail/yaw_estimator_status__type_support.h\n'}
[0.702024] (px4_msgs) StdoutLine: {'line': b'-- Up-to-date symlink: /root/ws_sensor_combined/install/px4_msgs/include/px4_msgs/px4_msgs/msg/differential_pressure.h\n'}
[0.702057] (px4_msgs) StdoutLine: {'line': b'-- Up-to-date symlink: /root/ws_sensor_combined/install/px4_msgs/include/px4_msgs/px4_msgs/msg/distance_sensor.h\n'}
[0.702118] (px4_msgs) StdoutLine: {'line': b'-- Up-to-date symlink: /root/ws_sensor_combined/install/px4_msgs/include/px4_msgs/px4_msgs/msg/distance_sensor_mode_change_request.h\n'}
[0.702148] (px4_msgs) StdoutLine: {'line': b'-- Up-to-date symlink: /root/ws_sensor_combined/install/px4_msgs/include/px4_msgs/px4_msgs/msg/dronecan_node_status.h\n'}
[0.702175] (px4_msgs) StdoutLine: {'line': b'-- Up-to-date symlink: /root/ws_sensor_combined/install/px4_msgs/include/px4_msgs/px4_msgs/msg/ekf2_timestamps.h\n'}
[0.702201] (px4_msgs) StdoutLine: {'line': b'-- Up-to-date symlink: /root/ws_sensor_combined/install/px4_msgs/include/px4_msgs/px4_msgs/msg/esc_report.h\n'}
[0.702374] (px4_msgs) StdoutLine: {'line': b'-- Up-to-date symlink: /root/ws_sensor_combined/install/px4_msgs/include/px4_msgs/px4_msgs/msg/esc_status.h\n'}
[0.702624] (px4_msgs) StdoutLine: {'line': b'-- Up-to-date symlink: /root/ws_sensor_combined/install/px4_msgs/include/px4_msgs/px4_msgs/msg/estimator_aid_source1d.h\n'}
[0.702677] (px4_msgs) StdoutLine: {'line': b'-- Up-to-date symlink: /root/ws_sensor_combined/install/px4_msgs/include/px4_msgs/px4_msgs/msg/estimator_aid_source2d.h\n'}
[0.702756] (px4_msgs) StdoutLine: {'line': b'-- Up-to-date symlink: /root/ws_sensor_combined/install/px4_msgs/include/px4_msgs/px4_msgs/msg/estimator_aid_source3d.h\n'}
[0.702839] (px4_msgs) StdoutLine: {'line': b'-- Up-to-date symlink: /root/ws_sensor_combined/install/px4_msgs/include/px4_msgs/px4_msgs/msg/estimator_bias.h\n'}
[0.702929] (px4_msgs) StdoutLine: {'line': b'-- Up-to-date symlink: /root/ws_sensor_combined/install/px4_msgs/include/px4_msgs/px4_msgs/msg/estimator_bias3d.h\n'}
[0.703120] (px4_msgs) StdoutLine: {'line': b'-- Up-to-date symlink: /root/ws_sensor_combined/install/px4_msgs/include/px4_msgs/px4_msgs/msg/estimator_event_flags.h\n'}
[0.703224] (px4_msgs) StdoutLine: {'line': b'-- Up-to-date symlink: /root/ws_sensor_combined/install/px4_msgs/include/px4_msgs/px4_msgs/msg/estimator_gps_status.h\n'}
[0.703342] (px4_msgs) StdoutLine: {'line': b'-- Up-to-date symlink: /root/ws_sensor_combined/install/px4_msgs/include/px4_msgs/px4_msgs/msg/estimator_innovations.h\n'}
[0.703380] (px4_msgs) StdoutLine: {'line': b'-- Up-to-date symlink: /root/ws_sensor_combined/install/px4_msgs/include/px4_msgs/px4_msgs/msg/estimator_selector_status.h\n'}
[0.703408] (px4_msgs) StdoutLine: {'line': b'-- Up-to-date symlink: /root/ws_sensor_combined/install/px4_msgs/include/px4_msgs/px4_msgs/msg/estimator_sensor_bias.h\n'}
[0.703432] (px4_msgs) StdoutLine: {'line': b'-- Up-to-date symlink: /root/ws_sensor_combined/install/px4_msgs/include/px4_msgs/px4_msgs/msg/estimator_states.h\n'}
[0.703456] (px4_msgs) StdoutLine: {'line': b'-- Up-to-date symlink: /root/ws_sensor_combined/install/px4_msgs/include/px4_msgs/px4_msgs/msg/estimator_status.h\n'}
[0.703479] (px4_msgs) StdoutLine: {'line': b'-- Up-to-date symlink: /root/ws_sensor_combined/install/px4_msgs/include/px4_msgs/px4_msgs/msg/estimator_status_flags.h\n'}
[0.703503] (px4_msgs) StdoutLine: {'line': b'-- Up-to-date symlink: /root/ws_sensor_combined/install/px4_msgs/include/px4_msgs/px4_msgs/msg/event.h\n'}
[0.703526] (px4_msgs) StdoutLine: {'line': b'-- Up-to-date symlink: /root/ws_sensor_combined/install/px4_msgs/include/px4_msgs/px4_msgs/msg/failsafe_flags.h\n'}
[0.703548] (px4_msgs) StdoutLine: {'line': b'-- Up-to-date symlink: /root/ws_sensor_combined/install/px4_msgs/include/px4_msgs/px4_msgs/msg/failure_detector_status.h\n'}
[0.703570] (px4_msgs) StdoutLine: {'line': b'-- Up-to-date symlink: /root/ws_sensor_combined/install/px4_msgs/include/px4_msgs/px4_msgs/msg/figure_eight_status.h\n'}
[0.703593] (px4_msgs) StdoutLine: {'line': b'-- Up-to-date symlink: /root/ws_sensor_combined/install/px4_msgs/include/px4_msgs/px4_msgs/msg/fixed_wing_lateral_guidance_status.h\n'}
[0.703616] (px4_msgs) StdoutLine: {'line': b'-- Up-to-date symlink: /root/ws_sensor_combined/install/px4_msgs/include/px4_msgs/px4_msgs/msg/fixed_wing_lateral_setpoint.h\n'}
[0.703639] (px4_msgs) StdoutLine: {'line': b'-- Up-to-date symlink: /root/ws_sensor_combined/install/px4_msgs/include/px4_msgs/px4_msgs/msg/fixed_wing_lateral_status.h\n'}
[0.703662] (px4_msgs) StdoutLine: {'line': b'-- Up-to-date symlink: /root/ws_sensor_combined/install/px4_msgs/include/px4_msgs/px4_msgs/msg/fixed_wing_longitudinal_setpoint.h\n'}
[0.703684] (px4_msgs) StdoutLine: {'line': b'-- Up-to-date symlink: /root/ws_sensor_combined/install/px4_msgs/include/px4_msgs/px4_msgs/msg/fixed_wing_runway_control.h\n'}
[0.703716] (px4_msgs) StdoutLine: {'line': b'-- Up-to-date symlink: /root/ws_sensor_combined/install/px4_msgs/include/px4_msgs/px4_msgs/msg/flight_phase_estimation.h\n'}
[0.703739] (px4_msgs) StdoutLine: {'line': b'-- Up-to-date symlink: /root/ws_sensor_combined/install/px4_msgs/include/px4_msgs/px4_msgs/msg/follow_target.h\n'}
[0.703761] (px4_msgs) StdoutLine: {'line': b'-- Up-to-date symlink: /root/ws_sensor_combined/install/px4_msgs/include/px4_msgs/px4_msgs/msg/follow_target_estimator.h\n'}
[0.703784] (px4_msgs) StdoutLine: {'line': b'-- Up-to-date symlink: /root/ws_sensor_combined/install/px4_msgs/include/px4_msgs/px4_msgs/msg/follow_target_status.h\n'}
[0.703807] (px4_msgs) StdoutLine: {'line': b'-- Up-to-date symlink: /root/ws_sensor_combined/install/px4_msgs/include/px4_msgs/px4_msgs/msg/fuel_tank_status.h\n'}
[0.703828] (px4_msgs) StdoutLine: {'line': b'-- Up-to-date symlink: /root/ws_sensor_combined/install/px4_msgs/include/px4_msgs/px4_msgs/msg/generator_status.h\n'}
[0.703849] (px4_msgs) StdoutLine: {'line': b'-- Up-to-date symlink: /root/ws_sensor_combined/install/px4_msgs/include/px4_msgs/px4_msgs/msg/geofence_result.h\n'}
[0.703872] (px4_msgs) StdoutLine: {'line': b'-- Up-to-date symlink: /root/ws_sensor_combined/install/px4_msgs/include/px4_msgs/px4_msgs/msg/geofence_status.h\n'}
[0.703893] (px4_msgs) StdoutLine: {'line': b'-- Up-to-date symlink: /root/ws_sensor_combined/install/px4_msgs/include/px4_msgs/px4_msgs/msg/gimbal_controls.h\n'}
[0.703915] (px4_msgs) StdoutLine: {'line': b'-- Up-to-date symlink: /root/ws_sensor_combined/install/px4_msgs/include/px4_msgs/px4_msgs/msg/gimbal_device_attitude_status.h\n'}
[0.703937] (px4_msgs) StdoutLine: {'line': b'-- Up-to-date symlink: /root/ws_sensor_combined/install/px4_msgs/include/px4_msgs/px4_msgs/msg/gimbal_device_information.h\n'}
[0.703960] (px4_msgs) StdoutLine: {'line': b'-- Up-to-date symlink: /root/ws_sensor_combined/install/px4_msgs/include/px4_msgs/px4_msgs/msg/gimbal_device_set_attitude.h\n'}
[0.703982] (px4_msgs) StdoutLine: {'line': b'-- Up-to-date symlink: /root/ws_sensor_combined/install/px4_msgs/include/px4_msgs/px4_msgs/msg/gimbal_manager_information.h\n'}
[0.704003] (px4_msgs) StdoutLine: {'line': b'-- Up-to-date symlink: /root/ws_sensor_combined/install/px4_msgs/include/px4_msgs/px4_msgs/msg/gimbal_manager_set_attitude.h\n'}
[0.704024] (px4_msgs) StdoutLine: {'line': b'-- Up-to-date symlink: /root/ws_sensor_combined/install/px4_msgs/include/px4_msgs/px4_msgs/msg/gimbal_manager_set_manual_control.h\n'}
[0.704046] (px4_msgs) StdoutLine: {'line': b'-- Up-to-date symlink: /root/ws_sensor_combined/install/px4_msgs/include/px4_msgs/px4_msgs/msg/gimbal_manager_status.h\n'}
[0.704069] (px4_msgs) StdoutLine: {'line': b'-- Up-to-date symlink: /root/ws_sensor_combined/install/px4_msgs/include/px4_msgs/px4_msgs/msg/goto_setpoint.h\n'}
[0.704090] (px4_msgs) StdoutLine: {'line': b'-- Up-to-date symlink: /root/ws_sensor_combined/install/px4_msgs/include/px4_msgs/px4_msgs/msg/gpio_config.h\n'}
[0.704112] (px4_msgs) StdoutLine: {'line': b'-- Up-to-date symlink: /root/ws_sensor_combined/install/px4_msgs/include/px4_msgs/px4_msgs/msg/gpio_in.h\n'}
[0.704134] (px4_msgs) StdoutLine: {'line': b'-- Up-to-date symlink: /root/ws_sensor_combined/install/px4_msgs/include/px4_msgs/px4_msgs/msg/gpio_out.h\n'}
[0.704155] (px4_msgs) StdoutLine: {'line': b'-- Up-to-date symlink: /root/ws_sensor_combined/install/px4_msgs/include/px4_msgs/px4_msgs/msg/gpio_request.h\n'}
[0.704177] (px4_msgs) StdoutLine: {'line': b'-- Up-to-date symlink: /root/ws_sensor_combined/install/px4_msgs/include/px4_msgs/px4_msgs/msg/gps_dump.h\n'}
[0.704199] (px4_msgs) StdoutLine: {'line': b'-- Up-to-date symlink: /root/ws_sensor_combined/install/px4_msgs/include/px4_msgs/px4_msgs/msg/gps_inject_data.h\n'}
[0.704221] (px4_msgs) StdoutLine: {'line': b'-- Up-to-date symlink: /root/ws_sensor_combined/install/px4_msgs/include/px4_msgs/px4_msgs/msg/gripper.h\n'}
[0.704242] (px4_msgs) StdoutLine: {'line': b'-- Up-to-date symlink: /root/ws_sensor_combined/install/px4_msgs/include/px4_msgs/px4_msgs/msg/health_report.h\n'}
[0.704264] (px4_msgs) StdoutLine: {'line': b'-- Up-to-date symlink: /root/ws_sensor_combined/install/px4_msgs/include/px4_msgs/px4_msgs/msg/heater_status.h\n'}
[0.704286] (px4_msgs) StdoutLine: {'line': b'-- Up-to-date symlink: /root/ws_sensor_combined/install/px4_msgs/include/px4_msgs/px4_msgs/msg/home_position.h\n'}
[0.704307] (px4_msgs) StdoutLine: {'line': b'-- Up-to-date symlink: /root/ws_sensor_combined/install/px4_msgs/include/px4_msgs/px4_msgs/msg/hover_thrust_estimate.h\n'}
[0.704329] (px4_msgs) StdoutLine: {'line': b'-- Up-to-date symlink: /root/ws_sensor_combined/install/px4_msgs/include/px4_msgs/px4_msgs/msg/input_rc.h\n'}
[0.704351] (px4_msgs) StdoutLine: {'line': b'-- Up-to-date symlink: /root/ws_sensor_combined/install/px4_msgs/include/px4_msgs/px4_msgs/msg/internal_combustion_engine_control.h\n'}
[0.704372] (px4_msgs) StdoutLine: {'line': b'-- Up-to-date symlink: /root/ws_sensor_combined/install/px4_msgs/include/px4_msgs/px4_msgs/msg/internal_combustion_engine_status.h\n'}
[0.704394] (px4_msgs) StdoutLine: {'line': b'-- Up-to-date symlink: /root/ws_sensor_combined/install/px4_msgs/include/px4_msgs/px4_msgs/msg/iridiumsbd_status.h\n'}
[0.704417] (px4_msgs) StdoutLine: {'line': b'-- Up-to-date symlink: /root/ws_sensor_combined/install/px4_msgs/include/px4_msgs/px4_msgs/msg/irlock_report.h\n'}
[0.704438] (px4_msgs) StdoutLine: {'line': b'-- Up-to-date symlink: /root/ws_sensor_combined/install/px4_msgs/include/px4_msgs/px4_msgs/msg/landing_gear.h\n'}
[0.704460] (px4_msgs) StdoutLine: {'line': b'-- Up-to-date symlink: /root/ws_sensor_combined/install/px4_msgs/include/px4_msgs/px4_msgs/msg/landing_gear_wheel.h\n'}
[0.704485] (px4_msgs) StdoutLine: {'line': b'-- Up-to-date symlink: /root/ws_sensor_combined/install/px4_msgs/include/px4_msgs/px4_msgs/msg/landing_target_innovations.h\n'}
[0.704508] (px4_msgs) StdoutLine: {'line': b'-- Up-to-date symlink: /root/ws_sensor_combined/install/px4_msgs/include/px4_msgs/px4_msgs/msg/landing_target_pose.h\n'}
[0.704529] (px4_msgs) StdoutLine: {'line': b'-- Up-to-date symlink: /root/ws_sensor_combined/install/px4_msgs/include/px4_msgs/px4_msgs/msg/lateral_control_configuration.h\n'}
[0.704551] (px4_msgs) StdoutLine: {'line': b'-- Up-to-date symlink: /root/ws_sensor_combined/install/px4_msgs/include/px4_msgs/px4_msgs/msg/launch_detection_status.h\n'}
[0.704572] (px4_msgs) StdoutLine: {'line': b'-- Up-to-date symlink: /root/ws_sensor_combined/install/px4_msgs/include/px4_msgs/px4_msgs/msg/led_control.h\n'}
[0.704594] (px4_msgs) StdoutLine: {'line': b'-- Up-to-date symlink: /root/ws_sensor_combined/install/px4_msgs/include/px4_msgs/px4_msgs/msg/log_message.h\n'}
[0.704616] (px4_msgs) StdoutLine: {'line': b'-- Up-to-date symlink: /root/ws_sensor_combined/install/px4_msgs/include/px4_msgs/px4_msgs/msg/logger_status.h\n'}
[0.704653] (px4_msgs) StdoutLine: {'line': b'-- Up-to-date symlink: /root/ws_sensor_combined/install/px4_msgs/include/px4_msgs/px4_msgs/msg/longitudinal_control_configuration.h\n'}
[0.704687] (px4_msgs) StdoutLine: {'line': b'-- Up-to-date symlink: /root/ws_sensor_combined/install/px4_msgs/include/px4_msgs/px4_msgs/msg/mag_worker_data.h\n'}
[0.704712] (px4_msgs) StdoutLine: {'line': b'-- Up-to-date symlink: /root/ws_sensor_combined/install/px4_msgs/include/px4_msgs/px4_msgs/msg/magnetometer_bias_estimate.h\n'}
[0.704736] (px4_msgs) StdoutLine: {'line': b'-- Up-to-date symlink: /root/ws_sensor_combined/install/px4_msgs/include/px4_msgs/px4_msgs/msg/manual_control_setpoint.h\n'}
[0.704759] (px4_msgs) StdoutLine: {'line': b'-- Up-to-date symlink: /root/ws_sensor_combined/install/px4_msgs/include/px4_msgs/px4_msgs/msg/manual_control_switches.h\n'}
[0.704782] (px4_msgs) StdoutLine: {'line': b'-- Up-to-date symlink: /root/ws_sensor_combined/install/px4_msgs/include/px4_msgs/px4_msgs/msg/mavlink_log.h\n'}
[0.704805] (px4_msgs) StdoutLine: {'line': b'-- Up-to-date symlink: /root/ws_sensor_combined/install/px4_msgs/include/px4_msgs/px4_msgs/msg/mavlink_tunnel.h\n'}
[0.704827] (px4_msgs) StdoutLine: {'line': b'-- Up-to-date symlink: /root/ws_sensor_combined/install/px4_msgs/include/px4_msgs/px4_msgs/msg/message_format_request.h\n'}
[0.704849] (px4_msgs) StdoutLine: {'line': b'-- Up-to-date symlink: /root/ws_sensor_combined/install/px4_msgs/include/px4_msgs/px4_msgs/msg/message_format_response.h\n'}
[0.704872] (px4_msgs) StdoutLine: {'line': b'-- Up-to-date symlink: /root/ws_sensor_combined/install/px4_msgs/include/px4_msgs/px4_msgs/msg/mission.h\n'}
[0.704893] (px4_msgs) StdoutLine: {'line': b'-- Up-to-date symlink: /root/ws_sensor_combined/install/px4_msgs/include/px4_msgs/px4_msgs/msg/mission_result.h\n'}
[0.704915] (px4_msgs) StdoutLine: {'line': b'-- Up-to-date symlink: /root/ws_sensor_combined/install/px4_msgs/include/px4_msgs/px4_msgs/msg/mode_completed.h\n'}
[0.704936] (px4_msgs) StdoutLine: {'line': b'-- Up-to-date symlink: /root/ws_sensor_combined/install/px4_msgs/include/px4_msgs/px4_msgs/msg/mount_orientation.h\n'}
[0.704958] (px4_msgs) StdoutLine: {'line': b'-- Up-to-date symlink: /root/ws_sensor_combined/install/px4_msgs/include/px4_msgs/px4_msgs/msg/navigator_mission_item.h\n'}
[0.704991] (px4_msgs) StdoutLine: {'line': b'-- Up-to-date symlink: /root/ws_sensor_combined/install/px4_msgs/include/px4_msgs/px4_msgs/msg/navigator_status.h\n'}
[0.705014] (px4_msgs) StdoutLine: {'line': b'-- Up-to-date symlink: /root/ws_sensor_combined/install/px4_msgs/include/px4_msgs/px4_msgs/msg/neural_control.h\n'}
[0.705035] (px4_msgs) StdoutLine: {'line': b'-- Up-to-date symlink: /root/ws_sensor_combined/install/px4_msgs/include/px4_msgs/px4_msgs/msg/normalized_unsigned_setpoint.h\n'}
[0.705058] (px4_msgs) StdoutLine: {'line': b'-- Up-to-date symlink: /root/ws_sensor_combined/install/px4_msgs/include/px4_msgs/px4_msgs/msg/obstacle_distance.h\n'}
[0.705080] (px4_msgs) StdoutLine: {'line': b'-- Up-to-date symlink: /root/ws_sensor_combined/install/px4_msgs/include/px4_msgs/px4_msgs/msg/offboard_control_mode.h\n'}
[0.705102] (px4_msgs) StdoutLine: {'line': b'-- Up-to-date symlink: /root/ws_sensor_combined/install/px4_msgs/include/px4_msgs/px4_msgs/msg/onboard_computer_status.h\n'}
[0.705124] (px4_msgs) StdoutLine: {'line': b'-- Up-to-date symlink: /root/ws_sensor_combined/install/px4_msgs/include/px4_msgs/px4_msgs/msg/open_drone_id_arm_status.h\n'}
[0.705147] (px4_msgs) StdoutLine: {'line': b'-- Up-to-date symlink: /root/ws_sensor_combined/install/px4_msgs/include/px4_msgs/px4_msgs/msg/open_drone_id_operator_id.h\n'}
[0.705168] (px4_msgs) StdoutLine: {'line': b'-- Up-to-date symlink: /root/ws_sensor_combined/install/px4_msgs/include/px4_msgs/px4_msgs/msg/open_drone_id_self_id.h\n'}
[0.705191] (px4_msgs) StdoutLine: {'line': b'-- Up-to-date symlink: /root/ws_sensor_combined/install/px4_msgs/include/px4_msgs/px4_msgs/msg/open_drone_id_system.h\n'}
[0.705212] (px4_msgs) StdoutLine: {'line': b'-- Up-to-date symlink: /root/ws_sensor_combined/install/px4_msgs/include/px4_msgs/px4_msgs/msg/orb_test.h\n'}
[0.705234] (px4_msgs) StdoutLine: {'line': b'-- Up-to-date symlink: /root/ws_sensor_combined/install/px4_msgs/include/px4_msgs/px4_msgs/msg/orb_test_large.h\n'}
[0.705255] (px4_msgs) StdoutLine: {'line': b'-- Up-to-date symlink: /root/ws_sensor_combined/install/px4_msgs/include/px4_msgs/px4_msgs/msg/orb_test_medium.h\n'}
[0.705278] (px4_msgs) StdoutLine: {'line': b'-- Up-to-date symlink: /root/ws_sensor_combined/install/px4_msgs/include/px4_msgs/px4_msgs/msg/orbit_status.h\n'}
[0.705303] (px4_msgs) StdoutLine: {'line': b'-- Up-to-date symlink: /root/ws_sensor_combined/install/px4_msgs/include/px4_msgs/px4_msgs/msg/parameter_reset_request.h\n'}
[0.705325] (px4_msgs) StdoutLine: {'line': b'-- Up-to-date symlink: /root/ws_sensor_combined/install/px4_msgs/include/px4_msgs/px4_msgs/msg/parameter_set_used_request.h\n'}
[0.705346] (px4_msgs) StdoutLine: {'line': b'-- Up-to-date symlink: /root/ws_sensor_combined/install/px4_msgs/include/px4_msgs/px4_msgs/msg/parameter_set_value_request.h\n'}
[0.705368] (px4_msgs) StdoutLine: {'line': b'-- Up-to-date symlink: /root/ws_sensor_combined/install/px4_msgs/include/px4_msgs/px4_msgs/msg/parameter_set_value_response.h\n'}
[0.705389] (px4_msgs) StdoutLine: {'line': b'-- Up-to-date symlink: /root/ws_sensor_combined/install/px4_msgs/include/px4_msgs/px4_msgs/msg/parameter_update.h\n'}
[0.705411] (px4_msgs) StdoutLine: {'line': b'-- Up-to-date symlink: /root/ws_sensor_combined/install/px4_msgs/include/px4_msgs/px4_msgs/msg/ping.h\n'}
[0.705432] (px4_msgs) StdoutLine: {'line': b'-- Up-to-date symlink: /root/ws_sensor_combined/install/px4_msgs/include/px4_msgs/px4_msgs/msg/position_controller_landing_status.h\n'}
[0.705453] (px4_msgs) StdoutLine: {'line': b'-- Up-to-date symlink: /root/ws_sensor_combined/install/px4_msgs/include/px4_msgs/px4_msgs/msg/position_controller_status.h\n'}
[0.705475] (px4_msgs) StdoutLine: {'line': b'-- Up-to-date symlink: /root/ws_sensor_combined/install/px4_msgs/include/px4_msgs/px4_msgs/msg/position_setpoint.h\n'}
[0.705541] (px4_msgs) StdoutLine: {'line': b'-- Up-to-date symlink: /root/ws_sensor_combined/install/px4_msgs/include/px4_msgs/px4_msgs/msg/position_setpoint_triplet.h\n'}
[0.705585] (px4_msgs) StdoutLine: {'line': b'-- Up-to-date symlink: /root/ws_sensor_combined/install/px4_msgs/include/px4_msgs/px4_msgs/msg/power_button_state.h\n'}
[0.705615] (px4_msgs) StdoutLine: {'line': b'-- Up-to-date symlink: /root/ws_sensor_combined/install/px4_msgs/include/px4_msgs/px4_msgs/msg/power_monitor.h\n'}
[0.705639] (px4_msgs) StdoutLine: {'line': b'-- Up-to-date symlink: /root/ws_sensor_combined/install/px4_msgs/include/px4_msgs/px4_msgs/msg/pps_capture.h\n'}
[0.705664] (px4_msgs) StdoutLine: {'line': b'-- Up-to-date symlink: /root/ws_sensor_combined/install/px4_msgs/include/px4_msgs/px4_msgs/msg/pure_pursuit_status.h\n'}
[0.705687] (px4_msgs) StdoutLine: {'line': b'-- Up-to-date symlink: /root/ws_sensor_combined/install/px4_msgs/include/px4_msgs/px4_msgs/msg/pwm_input.h\n'}
[0.705710] (px4_msgs) StdoutLine: {'line': b'-- Up-to-date symlink: /root/ws_sensor_combined/install/px4_msgs/include/px4_msgs/px4_msgs/msg/px4io_status.h\n'}
[0.705733] (px4_msgs) StdoutLine: {'line': b'-- Up-to-date symlink: /root/ws_sensor_combined/install/px4_msgs/include/px4_msgs/px4_msgs/msg/qshell_req.h\n'}
[0.705755] (px4_msgs) StdoutLine: {'line': b'-- Up-to-date symlink: /root/ws_sensor_combined/install/px4_msgs/include/px4_msgs/px4_msgs/msg/qshell_retval.h\n'}
[0.705778] (px4_msgs) StdoutLine: {'line': b'-- Up-to-date symlink: /root/ws_sensor_combined/install/px4_msgs/include/px4_msgs/px4_msgs/msg/radio_status.h\n'}
[0.705803] (px4_msgs) StdoutLine: {'line': b'-- Up-to-date symlink: /root/ws_sensor_combined/install/px4_msgs/include/px4_msgs/px4_msgs/msg/rate_ctrl_status.h\n'}
[0.705826] (px4_msgs) StdoutLine: {'line': b'-- Up-to-date symlink: /root/ws_sensor_combined/install/px4_msgs/include/px4_msgs/px4_msgs/msg/rc_channels.h\n'}
[0.705849] (px4_msgs) StdoutLine: {'line': b'-- Up-to-date symlink: /root/ws_sensor_combined/install/px4_msgs/include/px4_msgs/px4_msgs/msg/rc_parameter_map.h\n'}
[0.705871] (px4_msgs) StdoutLine: {'line': b'-- Up-to-date symlink: /root/ws_sensor_combined/install/px4_msgs/include/px4_msgs/px4_msgs/msg/register_ext_component_reply.h\n'}
[0.705893] (px4_msgs) StdoutLine: {'line': b'-- Up-to-date symlink: /root/ws_sensor_combined/install/px4_msgs/include/px4_msgs/px4_msgs/msg/register_ext_component_request.h\n'}
[0.705916] (px4_msgs) StdoutLine: {'line': b'-- Up-to-date symlink: /root/ws_sensor_combined/install/px4_msgs/include/px4_msgs/px4_msgs/msg/rosidl_generator_c__visibility_control.h\n'}
[0.705938] (px4_msgs) StdoutLine: {'line': b'-- Up-to-date symlink: /root/ws_sensor_combined/install/px4_msgs/include/px4_msgs/px4_msgs/msg/rover_attitude_setpoint.h\n'}
[0.705959] (px4_msgs) StdoutLine: {'line': b'-- Up-to-date symlink: /root/ws_sensor_combined/install/px4_msgs/include/px4_msgs/px4_msgs/msg/rover_attitude_status.h\n'}
[0.705981] (px4_msgs) StdoutLine: {'line': b'-- Up-to-date symlink: /root/ws_sensor_combined/install/px4_msgs/include/px4_msgs/px4_msgs/msg/rover_position_setpoint.h\n'}
[0.706004] (px4_msgs) StdoutLine: {'line': b'-- Up-to-date symlink: /root/ws_sensor_combined/install/px4_msgs/include/px4_msgs/px4_msgs/msg/rover_rate_setpoint.h\n'}
[0.706028] (px4_msgs) StdoutLine: {'line': b'-- Up-to-date symlink: /root/ws_sensor_combined/install/px4_msgs/include/px4_msgs/px4_msgs/msg/rover_rate_status.h\n'}
[0.706052] (px4_msgs) StdoutLine: {'line': b'-- Up-to-date symlink: /root/ws_sensor_combined/install/px4_msgs/include/px4_msgs/px4_msgs/msg/rover_steering_setpoint.h\n'}
[0.706077] (px4_msgs) StdoutLine: {'line': b'-- Up-to-date symlink: /root/ws_sensor_combined/install/px4_msgs/include/px4_msgs/px4_msgs/msg/rover_throttle_setpoint.h\n'}
[0.706100] (px4_msgs) StdoutLine: {'line': b'-- Up-to-date symlink: /root/ws_sensor_combined/install/px4_msgs/include/px4_msgs/px4_msgs/msg/rover_velocity_setpoint.h\n'}
[0.706122] (px4_msgs) StdoutLine: {'line': b'-- Up-to-date symlink: /root/ws_sensor_combined/install/px4_msgs/include/px4_msgs/px4_msgs/msg/rover_velocity_status.h\n'}
[0.706144] (px4_msgs) StdoutLine: {'line': b'-- Up-to-date symlink: /root/ws_sensor_combined/install/px4_msgs/include/px4_msgs/px4_msgs/msg/rpm.h\n'}
[0.706170] (px4_msgs) StdoutLine: {'line': b'-- Up-to-date symlink: /root/ws_sensor_combined/install/px4_msgs/include/px4_msgs/px4_msgs/msg/rtl_status.h\n'}
[0.706194] (px4_msgs) StdoutLine: {'line': b'-- Up-to-date symlink: /root/ws_sensor_combined/install/px4_msgs/include/px4_msgs/px4_msgs/msg/rtl_time_estimate.h\n'}
[0.706217] (px4_msgs) StdoutLine: {'line': b'-- Up-to-date symlink: /root/ws_sensor_combined/install/px4_msgs/include/px4_msgs/px4_msgs/msg/satellite_info.h\n'}
[0.706240] (px4_msgs) StdoutLine: {'line': b'-- Up-to-date symlink: /root/ws_sensor_combined/install/px4_msgs/include/px4_msgs/px4_msgs/msg/sensor_accel.h\n'}
[0.706262] (px4_msgs) StdoutLine: {'line': b'-- Up-to-date symlink: /root/ws_sensor_combined/install/px4_msgs/include/px4_msgs/px4_msgs/msg/sensor_accel_fifo.h\n'}
[0.706285] (px4_msgs) StdoutLine: {'line': b'-- Up-to-date symlink: /root/ws_sensor_combined/install/px4_msgs/include/px4_msgs/px4_msgs/msg/sensor_airflow.h\n'}
[0.706307] (px4_msgs) StdoutLine: {'line': b'-- Up-to-date symlink: /root/ws_sensor_combined/install/px4_msgs/include/px4_msgs/px4_msgs/msg/sensor_baro.h\n'}
[0.706329] (px4_msgs) StdoutLine: {'line': b'-- Up-to-date symlink: /root/ws_sensor_combined/install/px4_msgs/include/px4_msgs/px4_msgs/msg/sensor_combined.h\n'}
[0.706351] (px4_msgs) StdoutLine: {'line': b'-- Up-to-date symlink: /root/ws_sensor_combined/install/px4_msgs/include/px4_msgs/px4_msgs/msg/sensor_correction.h\n'}
[0.706374] (px4_msgs) StdoutLine: {'line': b'-- Up-to-date symlink: /root/ws_sensor_combined/install/px4_msgs/include/px4_msgs/px4_msgs/msg/sensor_gnss_relative.h\n'}
[0.706397] (px4_msgs) StdoutLine: {'line': b'-- Up-to-date symlink: /root/ws_sensor_combined/install/px4_msgs/include/px4_msgs/px4_msgs/msg/sensor_gps.h\n'}
[0.706418] (px4_msgs) StdoutLine: {'line': b'-- Up-to-date symlink: /root/ws_sensor_combined/install/px4_msgs/include/px4_msgs/px4_msgs/msg/sensor_gyro.h\n'}
[0.706440] (px4_msgs) StdoutLine: {'line': b'-- Up-to-date symlink: /root/ws_sensor_combined/install/px4_msgs/include/px4_msgs/px4_msgs/msg/sensor_gyro_fft.h\n'}
[0.706462] (px4_msgs) StdoutLine: {'line': b'-- Up-to-date symlink: /root/ws_sensor_combined/install/px4_msgs/include/px4_msgs/px4_msgs/msg/sensor_gyro_fifo.h\n'}
[0.706485] (px4_msgs) StdoutLine: {'line': b'-- Up-to-date symlink: /root/ws_sensor_combined/install/px4_msgs/include/px4_msgs/px4_msgs/msg/sensor_hygrometer.h\n'}
[0.706506] (px4_msgs) StdoutLine: {'line': b'-- Up-to-date symlink: /root/ws_sensor_combined/install/px4_msgs/include/px4_msgs/px4_msgs/msg/sensor_mag.h\n'}
[0.706528] (px4_msgs) StdoutLine: {'line': b'-- Up-to-date symlink: /root/ws_sensor_combined/install/px4_msgs/include/px4_msgs/px4_msgs/msg/sensor_optical_flow.h\n'}
[0.706587] (px4_msgs) StdoutLine: {'line': b'-- Up-to-date symlink: /root/ws_sensor_combined/install/px4_msgs/include/px4_msgs/px4_msgs/msg/sensor_preflight_mag.h\n'}
[0.706668] (px4_msgs) StdoutLine: {'line': b'-- Up-to-date symlink: /root/ws_sensor_combined/install/px4_msgs/include/px4_msgs/px4_msgs/msg/sensor_selection.h\n'}
[0.706748] (px4_msgs) StdoutLine: {'line': b'-- Up-to-date symlink: /root/ws_sensor_combined/install/px4_msgs/include/px4_msgs/px4_msgs/msg/sensor_uwb.h\n'}
[0.706819] (px4_msgs) StdoutLine: {'line': b'-- Up-to-date symlink: /root/ws_sensor_combined/install/px4_msgs/include/px4_msgs/px4_msgs/msg/sensors_status.h\n'}
[0.706899] (px4_msgs) StdoutLine: {'line': b'-- Up-to-date symlink: /root/ws_sensor_combined/install/px4_msgs/include/px4_msgs/px4_msgs/msg/sensors_status_imu.h\n'}
[0.707060] (px4_msgs) StdoutLine: {'line': b'-- Up-to-date symlink: /root/ws_sensor_combined/install/px4_msgs/include/px4_msgs/px4_msgs/msg/system_power.h\n'}
[0.707119] (px4_msgs) StdoutLine: {'line': b'-- Up-to-date symlink: /root/ws_sensor_combined/install/px4_msgs/include/px4_msgs/px4_msgs/msg/takeoff_status.h\n'}
[0.707245] (px4_msgs) StdoutLine: {'line': b'-- Up-to-date symlink: /root/ws_sensor_combined/install/px4_msgs/include/px4_msgs/px4_msgs/msg/task_stack_info.h\n'}
[0.707300] (px4_msgs) StdoutLine: {'line': b'-- Up-to-date symlink: /root/ws_sensor_combined/install/px4_msgs/include/px4_msgs/px4_msgs/msg/tecs_status.h\n'}
[0.707375] (px4_msgs) StdoutLine: {'line': b'-- Up-to-date symlink: /root/ws_sensor_combined/install/px4_msgs/include/px4_msgs/px4_msgs/msg/telemetry_status.h\n'}
[0.707456] (px4_msgs) StdoutLine: {'line': b'-- Up-to-date symlink: /root/ws_sensor_combined/install/px4_msgs/include/px4_msgs/px4_msgs/msg/tiltrotor_extra_controls.h\n'}
[0.707516] (px4_msgs) StdoutLine: {'line': b'-- Up-to-date symlink: /root/ws_sensor_combined/install/px4_msgs/include/px4_msgs/px4_msgs/msg/timesync_status.h\n'}
[0.707555] (px4_msgs) StdoutLine: {'line': b'-- Up-to-date symlink: /root/ws_sensor_combined/install/px4_msgs/include/px4_msgs/px4_msgs/msg/trajectory_setpoint.h\n'}
[0.707615] (px4_msgs) StdoutLine: {'line': b'-- Up-to-date symlink: /root/ws_sensor_combined/install/px4_msgs/include/px4_msgs/px4_msgs/msg/trajectory_setpoint6dof.h\n'}
[0.707675] (px4_msgs) StdoutLine: {'line': b'-- Up-to-date symlink: /root/ws_sensor_combined/install/px4_msgs/include/px4_msgs/px4_msgs/msg/transponder_report.h\n'}
[0.707758] (px4_msgs) StdoutLine: {'line': b'-- Up-to-date symlink: /root/ws_sensor_combined/install/px4_msgs/include/px4_msgs/px4_msgs/msg/tune_control.h\n'}
[0.707837] (px4_msgs) StdoutLine: {'line': b'-- Up-to-date symlink: /root/ws_sensor_combined/install/px4_msgs/include/px4_msgs/px4_msgs/msg/uavcan_parameter_request.h\n'}
[0.707971] (px4_msgs) StdoutLine: {'line': b'-- Up-to-date symlink: /root/ws_sensor_combined/install/px4_msgs/include/px4_msgs/px4_msgs/msg/uavcan_parameter_value.h\n'}
[0.708138] (px4_msgs) StdoutLine: {'line': b'-- Up-to-date symlink: /root/ws_sensor_combined/install/px4_msgs/include/px4_msgs/px4_msgs/msg/ulog_stream.h\n'}
[0.708549] (px4_msgs) StdoutLine: {'line': b'-- Up-to-date symlink: /root/ws_sensor_combined/install/px4_msgs/include/px4_msgs/px4_msgs/msg/ulog_stream_ack.h\n'}
[0.708587] (px4_msgs) StdoutLine: {'line': b'-- Up-to-date symlink: /root/ws_sensor_combined/install/px4_msgs/include/px4_msgs/px4_msgs/msg/unregister_ext_component.h\n'}
[0.708682] (px4_msgs) StdoutLine: {'line': b'-- Up-to-date symlink: /root/ws_sensor_combined/install/px4_msgs/include/px4_msgs/px4_msgs/msg/vehicle_acceleration.h\n'}
[0.708796] (px4_msgs) StdoutLine: {'line': b'-- Up-to-date symlink: /root/ws_sensor_combined/install/px4_msgs/include/px4_msgs/px4_msgs/msg/vehicle_air_data.h\n'}
[0.708850] (px4_msgs) StdoutLine: {'line': b'-- Up-to-date symlink: /root/ws_sensor_combined/install/px4_msgs/include/px4_msgs/px4_msgs/msg/vehicle_angular_acceleration_setpoint.h\n'}
[0.708986] (px4_msgs) StdoutLine: {'line': b'-- Up-to-date symlink: /root/ws_sensor_combined/install/px4_msgs/include/px4_msgs/px4_msgs/msg/vehicle_angular_velocity.h\n'}
[0.709018] (px4_msgs) StdoutLine: {'line': b'-- Up-to-date symlink: /root/ws_sensor_combined/install/px4_msgs/include/px4_msgs/px4_msgs/msg/vehicle_attitude.h\n'}
[0.709045] (px4_msgs) StdoutLine: {'line': b'-- Up-to-date symlink: /root/ws_sensor_combined/install/px4_msgs/include/px4_msgs/px4_msgs/msg/vehicle_attitude_setpoint.h\n'}
[0.709103] (px4_msgs) StdoutLine: {'line': b'-- Up-to-date symlink: /root/ws_sensor_combined/install/px4_msgs/include/px4_msgs/px4_msgs/msg/vehicle_command.h\n'}
[0.709246] (px4_msgs) StdoutLine: {'line': b'-- Up-to-date symlink: /root/ws_sensor_combined/install/px4_msgs/include/px4_msgs/px4_msgs/msg/vehicle_command_ack.h\n'}
[0.709334] (px4_msgs) StdoutLine: {'line': b'-- Up-to-date symlink: /root/ws_sensor_combined/install/px4_msgs/include/px4_msgs/px4_msgs/msg/vehicle_constraints.h\n'}
[0.709441] (px4_msgs) StdoutLine: {'line': b'-- Up-to-date symlink: /root/ws_sensor_combined/install/px4_msgs/include/px4_msgs/px4_msgs/msg/vehicle_control_mode.h\n'}
[0.709520] (px4_msgs) StdoutLine: {'line': b'-- Up-to-date symlink: /root/ws_sensor_combined/install/px4_msgs/include/px4_msgs/px4_msgs/msg/vehicle_global_position.h\n'}
[0.709602] (px4_msgs) StdoutLine: {'line': b'-- Up-to-date symlink: /root/ws_sensor_combined/install/px4_msgs/include/px4_msgs/px4_msgs/msg/vehicle_imu.h\n'}
[0.709660] (px4_msgs) StdoutLine: {'line': b'-- Up-to-date symlink: /root/ws_sensor_combined/install/px4_msgs/include/px4_msgs/px4_msgs/msg/vehicle_imu_status.h\n'}
[0.709741] (px4_msgs) StdoutLine: {'line': b'-- Up-to-date symlink: /root/ws_sensor_combined/install/px4_msgs/include/px4_msgs/px4_msgs/msg/vehicle_land_detected.h\n'}
[0.709860] (px4_msgs) StdoutLine: {'line': b'-- Up-to-date symlink: /root/ws_sensor_combined/install/px4_msgs/include/px4_msgs/px4_msgs/msg/vehicle_local_position.h\n'}
[0.709946] (px4_msgs) StdoutLine: {'line': b'-- Up-to-date symlink: /root/ws_sensor_combined/install/px4_msgs/include/px4_msgs/px4_msgs/msg/vehicle_local_position_setpoint.h\n'}
[0.710027] (px4_msgs) StdoutLine: {'line': b'-- Up-to-date symlink: /root/ws_sensor_combined/install/px4_msgs/include/px4_msgs/px4_msgs/msg/vehicle_magnetometer.h\n'}
[0.710108] (px4_msgs) StdoutLine: {'line': b'-- Up-to-date symlink: /root/ws_sensor_combined/install/px4_msgs/include/px4_msgs/px4_msgs/msg/vehicle_odometry.h\n'}
[0.710190] (px4_msgs) StdoutLine: {'line': b'-- Up-to-date symlink: /root/ws_sensor_combined/install/px4_msgs/include/px4_msgs/px4_msgs/msg/vehicle_optical_flow.h\n'}
[0.710271] (px4_msgs) StdoutLine: {'line': b'-- Up-to-date symlink: /root/ws_sensor_combined/install/px4_msgs/include/px4_msgs/px4_msgs/msg/vehicle_optical_flow_vel.h\n'}
[0.710352] (px4_msgs) StdoutLine: {'line': b'-- Up-to-date symlink: /root/ws_sensor_combined/install/px4_msgs/include/px4_msgs/px4_msgs/msg/vehicle_rates_setpoint.h\n'}
[0.710432] (px4_msgs) StdoutLine: {'line': b'-- Up-to-date symlink: /root/ws_sensor_combined/install/px4_msgs/include/px4_msgs/px4_msgs/msg/vehicle_roi.h\n'}
[0.710513] (px4_msgs) StdoutLine: {'line': b'-- Up-to-date symlink: /root/ws_sensor_combined/install/px4_msgs/include/px4_msgs/px4_msgs/msg/vehicle_status.h\n'}
[0.710594] (px4_msgs) StdoutLine: {'line': b'-- Up-to-date symlink: /root/ws_sensor_combined/install/px4_msgs/include/px4_msgs/px4_msgs/msg/vehicle_thrust_setpoint.h\n'}
[0.710816] (px4_msgs) StdoutLine: {'line': b'-- Up-to-date symlink: /root/ws_sensor_combined/install/px4_msgs/include/px4_msgs/px4_msgs/msg/vehicle_torque_setpoint.h\n'}
[0.710902] (px4_msgs) StdoutLine: {'line': b'-- Up-to-date symlink: /root/ws_sensor_combined/install/px4_msgs/include/px4_msgs/px4_msgs/msg/velocity_limits.h\n'}
[0.710984] (px4_msgs) StdoutLine: {'line': b'-- Up-to-date symlink: /root/ws_sensor_combined/install/px4_msgs/include/px4_msgs/px4_msgs/msg/vtol_vehicle_status.h\n'}
[0.711065] (px4_msgs) StdoutLine: {'line': b'-- Up-to-date symlink: /root/ws_sensor_combined/install/px4_msgs/include/px4_msgs/px4_msgs/msg/wheel_encoders.h\n'}
[0.711133] (px4_msgs) StdoutLine: {'line': b'-- Up-to-date symlink: /root/ws_sensor_combined/install/px4_msgs/include/px4_msgs/px4_msgs/msg/wind.h\n'}
[0.711214] (px4_msgs) StdoutLine: {'line': b'-- Up-to-date symlink: /root/ws_sensor_combined/install/px4_msgs/include/px4_msgs/px4_msgs/msg/yaw_estimator_status.h\n'}
[0.711295] (px4_msgs) StdoutLine: {'line': b'-- Up-to-date symlink: /root/ws_sensor_combined/install/px4_msgs/include/px4_msgs/px4_msgs/srv/detail/vehicle_command__functions.h\n'}
[0.711376] (px4_msgs) StdoutLine: {'line': b'-- Up-to-date symlink: /root/ws_sensor_combined/install/px4_msgs/include/px4_msgs/px4_msgs/srv/detail/vehicle_command__struct.h\n'}
[0.711456] (px4_msgs) StdoutLine: {'line': b'-- Up-to-date symlink: /root/ws_sensor_combined/install/px4_msgs/include/px4_msgs/px4_msgs/srv/detail/vehicle_command__type_support.h\n'}
[0.711603] (px4_msgs) StdoutLine: {'line': b'-- Up-to-date symlink: /root/ws_sensor_combined/install/px4_msgs/include/px4_msgs/px4_msgs/srv/vehicle_command.h\n'}
[0.711688] (px4_msgs) StdoutLine: {'line': b'-- Up-to-date symlink: /root/ws_sensor_combined/install/px4_msgs/share/px4_msgs/environment/library_path.sh\n'}
[0.711769] (px4_msgs) StdoutLine: {'line': b'-- Up-to-date symlink: /root/ws_sensor_combined/install/px4_msgs/share/px4_msgs/environment/library_path.dsv\n'}
[0.711850] (px4_msgs) StdoutLine: {'line': b'-- Up-to-date symlink: /root/ws_sensor_combined/install/px4_msgs/include/px4_msgs/px4_msgs/msg/detail/action_request__rosidl_typesupport_fastrtps_c.h\n'}
[0.711933] (px4_msgs) StdoutLine: {'line': b'-- Up-to-date symlink: /root/ws_sensor_combined/install/px4_msgs/include/px4_msgs/px4_msgs/msg/detail/actuator_armed__rosidl_typesupport_fastrtps_c.h\n'}
[0.712014] (px4_msgs) StdoutLine: {'line': b'-- Up-to-date symlink: /root/ws_sensor_combined/install/px4_msgs/include/px4_msgs/px4_msgs/msg/detail/actuator_controls_status__rosidl_typesupport_fastrtps_c.h\n'}
[0.712094] (px4_msgs) StdoutLine: {'line': b'-- Up-to-date symlink: /root/ws_sensor_combined/install/px4_msgs/include/px4_msgs/px4_msgs/msg/detail/actuator_motors__rosidl_typesupport_fastrtps_c.h\n'}
[0.712176] (px4_msgs) StdoutLine: {'line': b'-- Up-to-date symlink: /root/ws_sensor_combined/install/px4_msgs/include/px4_msgs/px4_msgs/msg/detail/actuator_outputs__rosidl_typesupport_fastrtps_c.h\n'}
[0.712257] (px4_msgs) StdoutLine: {'line': b'-- Up-to-date symlink: /root/ws_sensor_combined/install/px4_msgs/include/px4_msgs/px4_msgs/msg/detail/actuator_servos__rosidl_typesupport_fastrtps_c.h\n'}
[0.712338] (px4_msgs) StdoutLine: {'line': b'-- Up-to-date symlink: /root/ws_sensor_combined/install/px4_msgs/include/px4_msgs/px4_msgs/msg/detail/actuator_servos_trim__rosidl_typesupport_fastrtps_c.h\n'}
[0.712418] (px4_msgs) StdoutLine: {'line': b'-- Up-to-date symlink: /root/ws_sensor_combined/install/px4_msgs/include/px4_msgs/px4_msgs/msg/detail/actuator_test__rosidl_typesupport_fastrtps_c.h\n'}
[0.712488] (px4_msgs) StdoutLine: {'line': b'-- Up-to-date symlink: /root/ws_sensor_combined/install/px4_msgs/include/px4_msgs/px4_msgs/msg/detail/adc_report__rosidl_typesupport_fastrtps_c.h\n'}
[0.712569] (px4_msgs) StdoutLine: {'line': b'-- Up-to-date symlink: /root/ws_sensor_combined/install/px4_msgs/include/px4_msgs/px4_msgs/msg/detail/airspeed__rosidl_typesupport_fastrtps_c.h\n'}
[0.712650] (px4_msgs) StdoutLine: {'line': b'-- Up-to-date symlink: /root/ws_sensor_combined/install/px4_msgs/include/px4_msgs/px4_msgs/msg/detail/airspeed_validated__rosidl_typesupport_fastrtps_c.h\n'}
[0.712730] (px4_msgs) StdoutLine: {'line': b'-- Up-to-date symlink: /root/ws_sensor_combined/install/px4_msgs/include/px4_msgs/px4_msgs/msg/detail/airspeed_wind__rosidl_typesupport_fastrtps_c.h\n'}
[0.712811] (px4_msgs) StdoutLine: {'line': b'-- Up-to-date symlink: /root/ws_sensor_combined/install/px4_msgs/include/px4_msgs/px4_msgs/msg/detail/arming_check_reply__rosidl_typesupport_fastrtps_c.h\n'}
[0.712891] (px4_msgs) StdoutLine: {'line': b'-- Up-to-date symlink: /root/ws_sensor_combined/install/px4_msgs/include/px4_msgs/px4_msgs/msg/detail/arming_check_request__rosidl_typesupport_fastrtps_c.h\n'}
[0.712971] (px4_msgs) StdoutLine: {'line': b'-- Up-to-date symlink: /root/ws_sensor_combined/install/px4_msgs/include/px4_msgs/px4_msgs/msg/detail/autotune_attitude_control_status__rosidl_typesupport_fastrtps_c.h\n'}
[0.713052] (px4_msgs) StdoutLine: {'line': b'-- Up-to-date symlink: /root/ws_sensor_combined/install/px4_msgs/include/px4_msgs/px4_msgs/msg/detail/battery_info__rosidl_typesupport_fastrtps_c.h\n'}
[0.713134] (px4_msgs) StdoutLine: {'line': b'-- Up-to-date symlink: /root/ws_sensor_combined/install/px4_msgs/include/px4_msgs/px4_msgs/msg/detail/battery_status__rosidl_typesupport_fastrtps_c.h\n'}
[0.713216] (px4_msgs) StdoutLine: {'line': b'-- Up-to-date symlink: /root/ws_sensor_combined/install/px4_msgs/include/px4_msgs/px4_msgs/msg/detail/button_event__rosidl_typesupport_fastrtps_c.h\n'}
[0.713297] (px4_msgs) StdoutLine: {'line': b'-- Up-to-date symlink: /root/ws_sensor_combined/install/px4_msgs/include/px4_msgs/px4_msgs/msg/detail/camera_capture__rosidl_typesupport_fastrtps_c.h\n'}
[0.713378] (px4_msgs) StdoutLine: {'line': b'-- Up-to-date symlink: /root/ws_sensor_combined/install/px4_msgs/include/px4_msgs/px4_msgs/msg/detail/camera_status__rosidl_typesupport_fastrtps_c.h\n'}
[0.713447] (px4_msgs) StdoutLine: {'line': b'-- Up-to-date symlink: /root/ws_sensor_combined/install/px4_msgs/include/px4_msgs/px4_msgs/msg/detail/camera_trigger__rosidl_typesupport_fastrtps_c.h\n'}
[0.713536] (px4_msgs) StdoutLine: {'line': b'-- Up-to-date symlink: /root/ws_sensor_combined/install/px4_msgs/include/px4_msgs/px4_msgs/msg/detail/can_interface_status__rosidl_typesupport_fastrtps_c.h\n'}
[0.713575] (px4_msgs) StdoutLine: {'line': b'-- Up-to-date symlink: /root/ws_sensor_combined/install/px4_msgs/include/px4_msgs/px4_msgs/msg/detail/cellular_status__rosidl_typesupport_fastrtps_c.h\n'}
[0.713609] (px4_msgs) StdoutLine: {'line': b'-- Up-to-date symlink: /root/ws_sensor_combined/install/px4_msgs/include/px4_msgs/px4_msgs/msg/detail/collision_constraints__rosidl_typesupport_fastrtps_c.h\n'}
[0.713696] (px4_msgs) StdoutLine: {'line': b'-- Up-to-date symlink: /root/ws_sensor_combined/install/px4_msgs/include/px4_msgs/px4_msgs/msg/detail/config_overrides__rosidl_typesupport_fastrtps_c.h\n'}
[0.713778] (px4_msgs) StdoutLine: {'line': b'-- Up-to-date symlink: /root/ws_sensor_combined/install/px4_msgs/include/px4_msgs/px4_msgs/msg/detail/control_allocator_status__rosidl_typesupport_fastrtps_c.h\n'}
[0.713860] (px4_msgs) StdoutLine: {'line': b'-- Up-to-date symlink: /root/ws_sensor_combined/install/px4_msgs/include/px4_msgs/px4_msgs/msg/detail/cpuload__rosidl_typesupport_fastrtps_c.h\n'}
[0.713943] (px4_msgs) StdoutLine: {'line': b'-- Up-to-date symlink: /root/ws_sensor_combined/install/px4_msgs/include/px4_msgs/px4_msgs/msg/detail/dataman_request__rosidl_typesupport_fastrtps_c.h\n'}
[0.714029] (px4_msgs) StdoutLine: {'line': b'-- Up-to-date symlink: /root/ws_sensor_combined/install/px4_msgs/include/px4_msgs/px4_msgs/msg/detail/dataman_response__rosidl_typesupport_fastrtps_c.h\n'}
[0.714110] (px4_msgs) StdoutLine: {'line': b'-- Up-to-date symlink: /root/ws_sensor_combined/install/px4_msgs/include/px4_msgs/px4_msgs/msg/detail/debug_array__rosidl_typesupport_fastrtps_c.h\n'}
[0.714169] (px4_msgs) StdoutLine: {'line': b'-- Up-to-date symlink: /root/ws_sensor_combined/install/px4_msgs/include/px4_msgs/px4_msgs/msg/detail/debug_key_value__rosidl_typesupport_fastrtps_c.h\n'}
[0.714301] (px4_msgs) StdoutLine: {'line': b'-- Up-to-date symlink: /root/ws_sensor_combined/install/px4_msgs/include/px4_msgs/px4_msgs/msg/detail/debug_value__rosidl_typesupport_fastrtps_c.h\n'}
[0.714453] (px4_msgs) StdoutLine: {'line': b'-- Up-to-date symlink: /root/ws_sensor_combined/install/px4_msgs/include/px4_msgs/px4_msgs/msg/detail/debug_vect__rosidl_typesupport_fastrtps_c.h\n'}
[0.714720] (px4_msgs) StdoutLine: {'line': b'-- Up-to-date symlink: /root/ws_sensor_combined/install/px4_msgs/include/px4_msgs/px4_msgs/msg/detail/differential_pressure__rosidl_typesupport_fastrtps_c.h\n'}
[0.714755] (px4_msgs) StdoutLine: {'line': b'-- Up-to-date symlink: /root/ws_sensor_combined/install/px4_msgs/include/px4_msgs/px4_msgs/msg/detail/distance_sensor__rosidl_typesupport_fastrtps_c.h\n'}
[0.714814] (px4_msgs) StdoutLine: {'line': b'-- Up-to-date symlink: /root/ws_sensor_combined/install/px4_msgs/include/px4_msgs/px4_msgs/msg/detail/distance_sensor_mode_change_request__rosidl_typesupport_fastrtps_c.h\n'}
[0.714872] (px4_msgs) StdoutLine: {'line': b'-- Up-to-date symlink: /root/ws_sensor_combined/install/px4_msgs/include/px4_msgs/px4_msgs/msg/detail/dronecan_node_status__rosidl_typesupport_fastrtps_c.h\n'}
[0.714983] (px4_msgs) StdoutLine: {'line': b'-- Up-to-date symlink: /root/ws_sensor_combined/install/px4_msgs/include/px4_msgs/px4_msgs/msg/detail/ekf2_timestamps__rosidl_typesupport_fastrtps_c.h\n'}
[0.715077] (px4_msgs) StdoutLine: {'line': b'-- Up-to-date symlink: /root/ws_sensor_combined/install/px4_msgs/include/px4_msgs/px4_msgs/msg/detail/esc_report__rosidl_typesupport_fastrtps_c.h\n'}
[0.715219] (px4_msgs) StdoutLine: {'line': b'-- Up-to-date symlink: /root/ws_sensor_combined/install/px4_msgs/include/px4_msgs/px4_msgs/msg/detail/esc_status__rosidl_typesupport_fastrtps_c.h\n'}
[0.715304] (px4_msgs) StdoutLine: {'line': b'-- Up-to-date symlink: /root/ws_sensor_combined/install/px4_msgs/include/px4_msgs/px4_msgs/msg/detail/estimator_aid_source1d__rosidl_typesupport_fastrtps_c.h\n'}
[0.715384] (px4_msgs) StdoutLine: {'line': b'-- Up-to-date symlink: /root/ws_sensor_combined/install/px4_msgs/include/px4_msgs/px4_msgs/msg/detail/estimator_aid_source2d__rosidl_typesupport_fastrtps_c.h\n'}
[0.715472] (px4_msgs) StdoutLine: {'line': b'-- Up-to-date symlink: /root/ws_sensor_combined/install/px4_msgs/include/px4_msgs/px4_msgs/msg/detail/estimator_aid_source3d__rosidl_typesupport_fastrtps_c.h\n'}
[0.715552] (px4_msgs) StdoutLine: {'line': b'-- Up-to-date symlink: /root/ws_sensor_combined/install/px4_msgs/include/px4_msgs/px4_msgs/msg/detail/estimator_bias3d__rosidl_typesupport_fastrtps_c.h\n'}
[0.715622] (px4_msgs) StdoutLine: {'line': b'-- Up-to-date symlink: /root/ws_sensor_combined/install/px4_msgs/include/px4_msgs/px4_msgs/msg/detail/estimator_bias__rosidl_typesupport_fastrtps_c.h\n'}
[0.715692] (px4_msgs) StdoutLine: {'line': b'-- Up-to-date symlink: /root/ws_sensor_combined/install/px4_msgs/include/px4_msgs/px4_msgs/msg/detail/estimator_event_flags__rosidl_typesupport_fastrtps_c.h\n'}
[0.715772] (px4_msgs) StdoutLine: {'line': b'-- Up-to-date symlink: /root/ws_sensor_combined/install/px4_msgs/include/px4_msgs/px4_msgs/msg/detail/estimator_gps_status__rosidl_typesupport_fastrtps_c.h\n'}
[0.715854] (px4_msgs) StdoutLine: {'line': b'-- Up-to-date symlink: /root/ws_sensor_combined/install/px4_msgs/include/px4_msgs/px4_msgs/msg/detail/estimator_innovations__rosidl_typesupport_fastrtps_c.h\n'}
[0.715933] (px4_msgs) StdoutLine: {'line': b'-- Up-to-date symlink: /root/ws_sensor_combined/install/px4_msgs/include/px4_msgs/px4_msgs/msg/detail/estimator_selector_status__rosidl_typesupport_fastrtps_c.h\n'}
[0.716014] (px4_msgs) StdoutLine: {'line': b'-- Up-to-date symlink: /root/ws_sensor_combined/install/px4_msgs/include/px4_msgs/px4_msgs/msg/detail/estimator_sensor_bias__rosidl_typesupport_fastrtps_c.h\n'}
[0.716084] (px4_msgs) StdoutLine: {'line': b'-- Up-to-date symlink: /root/ws_sensor_combined/install/px4_msgs/include/px4_msgs/px4_msgs/msg/detail/estimator_states__rosidl_typesupport_fastrtps_c.h\n'}
[0.716167] (px4_msgs) StdoutLine: {'line': b'-- Up-to-date symlink: /root/ws_sensor_combined/install/px4_msgs/include/px4_msgs/px4_msgs/msg/detail/estimator_status__rosidl_typesupport_fastrtps_c.h\n'}
[0.716248] (px4_msgs) StdoutLine: {'line': b'-- Up-to-date symlink: /root/ws_sensor_combined/install/px4_msgs/include/px4_msgs/px4_msgs/msg/detail/estimator_status_flags__rosidl_typesupport_fastrtps_c.h\n'}
[0.716328] (px4_msgs) StdoutLine: {'line': b'-- Up-to-date symlink: /root/ws_sensor_combined/install/px4_msgs/include/px4_msgs/px4_msgs/msg/detail/event__rosidl_typesupport_fastrtps_c.h\n'}
[0.716409] (px4_msgs) StdoutLine: {'line': b'-- Up-to-date symlink: /root/ws_sensor_combined/install/px4_msgs/include/px4_msgs/px4_msgs/msg/detail/failsafe_flags__rosidl_typesupport_fastrtps_c.h\n'}
[0.716488] (px4_msgs) StdoutLine: {'line': b'-- Up-to-date symlink: /root/ws_sensor_combined/install/px4_msgs/include/px4_msgs/px4_msgs/msg/detail/failure_detector_status__rosidl_typesupport_fastrtps_c.h\n'}
[0.716569] (px4_msgs) StdoutLine: {'line': b'-- Up-to-date symlink: /root/ws_sensor_combined/install/px4_msgs/include/px4_msgs/px4_msgs/msg/detail/figure_eight_status__rosidl_typesupport_fastrtps_c.h\n'}
[0.716649] (px4_msgs) StdoutLine: {'line': b'-- Up-to-date symlink: /root/ws_sensor_combined/install/px4_msgs/include/px4_msgs/px4_msgs/msg/detail/fixed_wing_lateral_guidance_status__rosidl_typesupport_fastrtps_c.h\n'}
[0.716728] (px4_msgs) StdoutLine: {'line': b'-- Up-to-date symlink: /root/ws_sensor_combined/install/px4_msgs/include/px4_msgs/px4_msgs/msg/detail/fixed_wing_lateral_setpoint__rosidl_typesupport_fastrtps_c.h\n'}
[0.716798] (px4_msgs) StdoutLine: {'line': b'-- Up-to-date symlink: /root/ws_sensor_combined/install/px4_msgs/include/px4_msgs/px4_msgs/msg/detail/fixed_wing_lateral_status__rosidl_typesupport_fastrtps_c.h\n'}
[0.716878] (px4_msgs) StdoutLine: {'line': b'-- Up-to-date symlink: /root/ws_sensor_combined/install/px4_msgs/include/px4_msgs/px4_msgs/msg/detail/fixed_wing_longitudinal_setpoint__rosidl_typesupport_fastrtps_c.h\n'}
[0.716959] (px4_msgs) StdoutLine: {'line': b'-- Up-to-date symlink: /root/ws_sensor_combined/install/px4_msgs/include/px4_msgs/px4_msgs/msg/detail/fixed_wing_runway_control__rosidl_typesupport_fastrtps_c.h\n'}
[0.717041] (px4_msgs) StdoutLine: {'line': b'-- Up-to-date symlink: /root/ws_sensor_combined/install/px4_msgs/include/px4_msgs/px4_msgs/msg/detail/flight_phase_estimation__rosidl_typesupport_fastrtps_c.h\n'}
[0.717120] (px4_msgs) StdoutLine: {'line': b'-- Up-to-date symlink: /root/ws_sensor_combined/install/px4_msgs/include/px4_msgs/px4_msgs/msg/detail/follow_target__rosidl_typesupport_fastrtps_c.h\n'}
[0.717188] (px4_msgs) StdoutLine: {'line': b'-- Up-to-date symlink: /root/ws_sensor_combined/install/px4_msgs/include/px4_msgs/px4_msgs/msg/detail/follow_target_estimator__rosidl_typesupport_fastrtps_c.h\n'}
[0.717269] (px4_msgs) StdoutLine: {'line': b'-- Up-to-date symlink: /root/ws_sensor_combined/install/px4_msgs/include/px4_msgs/px4_msgs/msg/detail/follow_target_status__rosidl_typesupport_fastrtps_c.h\n'}
[0.717351] (px4_msgs) StdoutLine: {'line': b'-- Up-to-date symlink: /root/ws_sensor_combined/install/px4_msgs/include/px4_msgs/px4_msgs/msg/detail/fuel_tank_status__rosidl_typesupport_fastrtps_c.h\n'}
[0.717431] (px4_msgs) StdoutLine: {'line': b'-- Up-to-date symlink: /root/ws_sensor_combined/install/px4_msgs/include/px4_msgs/px4_msgs/msg/detail/generator_status__rosidl_typesupport_fastrtps_c.h\n'}
[0.717553] (px4_msgs) StdoutLine: {'line': b'-- Up-to-date symlink: /root/ws_sensor_combined/install/px4_msgs/include/px4_msgs/px4_msgs/msg/detail/geofence_result__rosidl_typesupport_fastrtps_c.h\n'}
[0.717640] (px4_msgs) StdoutLine: {'line': b'-- Up-to-date symlink: /root/ws_sensor_combined/install/px4_msgs/include/px4_msgs/px4_msgs/msg/detail/geofence_status__rosidl_typesupport_fastrtps_c.h\n'}
[0.717710] (px4_msgs) StdoutLine: {'line': b'-- Up-to-date symlink: /root/ws_sensor_combined/install/px4_msgs/include/px4_msgs/px4_msgs/msg/detail/gimbal_controls__rosidl_typesupport_fastrtps_c.h\n'}
[0.717781] (px4_msgs) StdoutLine: {'line': b'-- Up-to-date symlink: /root/ws_sensor_combined/install/px4_msgs/include/px4_msgs/px4_msgs/msg/detail/gimbal_device_attitude_status__rosidl_typesupport_fastrtps_c.h\n'}
[0.717861] (px4_msgs) StdoutLine: {'line': b'-- Up-to-date symlink: /root/ws_sensor_combined/install/px4_msgs/include/px4_msgs/px4_msgs/msg/detail/gimbal_device_information__rosidl_typesupport_fastrtps_c.h\n'}
[0.717931] (px4_msgs) StdoutLine: {'line': b'-- Up-to-date symlink: /root/ws_sensor_combined/install/px4_msgs/include/px4_msgs/px4_msgs/msg/detail/gimbal_device_set_attitude__rosidl_typesupport_fastrtps_c.h\n'}
[0.718013] (px4_msgs) StdoutLine: {'line': b'-- Up-to-date symlink: /root/ws_sensor_combined/install/px4_msgs/include/px4_msgs/px4_msgs/msg/detail/gimbal_manager_information__rosidl_typesupport_fastrtps_c.h\n'}
[0.718093] (px4_msgs) StdoutLine: {'line': b'-- Up-to-date symlink: /root/ws_sensor_combined/install/px4_msgs/include/px4_msgs/px4_msgs/msg/detail/gimbal_manager_set_attitude__rosidl_typesupport_fastrtps_c.h\n'}
[0.718175] (px4_msgs) StdoutLine: {'line': b'-- Up-to-date symlink: /root/ws_sensor_combined/install/px4_msgs/include/px4_msgs/px4_msgs/msg/detail/gimbal_manager_set_manual_control__rosidl_typesupport_fastrtps_c.h\n'}
[0.718258] (px4_msgs) StdoutLine: {'line': b'-- Up-to-date symlink: /root/ws_sensor_combined/install/px4_msgs/include/px4_msgs/px4_msgs/msg/detail/gimbal_manager_status__rosidl_typesupport_fastrtps_c.h\n'}
[0.718338] (px4_msgs) StdoutLine: {'line': b'-- Up-to-date symlink: /root/ws_sensor_combined/install/px4_msgs/include/px4_msgs/px4_msgs/msg/detail/goto_setpoint__rosidl_typesupport_fastrtps_c.h\n'}
[0.718418] (px4_msgs) StdoutLine: {'line': b'-- Up-to-date symlink: /root/ws_sensor_combined/install/px4_msgs/include/px4_msgs/px4_msgs/msg/detail/gpio_config__rosidl_typesupport_fastrtps_c.h\n'}
[0.718486] (px4_msgs) StdoutLine: {'line': b'-- Up-to-date symlink: /root/ws_sensor_combined/install/px4_msgs/include/px4_msgs/px4_msgs/msg/detail/gpio_in__rosidl_typesupport_fastrtps_c.h\n'}
[0.718556] (px4_msgs) StdoutLine: {'line': b'-- Up-to-date symlink: /root/ws_sensor_combined/install/px4_msgs/include/px4_msgs/px4_msgs/msg/detail/gpio_out__rosidl_typesupport_fastrtps_c.h\n'}
[0.718640] (px4_msgs) StdoutLine: {'line': b'-- Up-to-date symlink: /root/ws_sensor_combined/install/px4_msgs/include/px4_msgs/px4_msgs/msg/detail/gpio_request__rosidl_typesupport_fastrtps_c.h\n'}
[0.718713] (px4_msgs) StdoutLine: {'line': b'-- Up-to-date symlink: /root/ws_sensor_combined/install/px4_msgs/include/px4_msgs/px4_msgs/msg/detail/gps_dump__rosidl_typesupport_fastrtps_c.h\n'}
[0.718782] (px4_msgs) StdoutLine: {'line': b'-- Up-to-date symlink: /root/ws_sensor_combined/install/px4_msgs/include/px4_msgs/px4_msgs/msg/detail/gps_inject_data__rosidl_typesupport_fastrtps_c.h\n'}
[0.718864] (px4_msgs) StdoutLine: {'line': b'-- Up-to-date symlink: /root/ws_sensor_combined/install/px4_msgs/include/px4_msgs/px4_msgs/msg/detail/gripper__rosidl_typesupport_fastrtps_c.h\n'}
[0.718944] (px4_msgs) StdoutLine: {'line': b'-- Up-to-date symlink: /root/ws_sensor_combined/install/px4_msgs/include/px4_msgs/px4_msgs/msg/detail/health_report__rosidl_typesupport_fastrtps_c.h\n'}
[0.719013] (px4_msgs) StdoutLine: {'line': b'-- Up-to-date symlink: /root/ws_sensor_combined/install/px4_msgs/include/px4_msgs/px4_msgs/msg/detail/heater_status__rosidl_typesupport_fastrtps_c.h\n'}
[0.719093] (px4_msgs) StdoutLine: {'line': b'-- Up-to-date symlink: /root/ws_sensor_combined/install/px4_msgs/include/px4_msgs/px4_msgs/msg/detail/home_position__rosidl_typesupport_fastrtps_c.h\n'}
[0.719173] (px4_msgs) StdoutLine: {'line': b'-- Up-to-date symlink: /root/ws_sensor_combined/install/px4_msgs/include/px4_msgs/px4_msgs/msg/detail/hover_thrust_estimate__rosidl_typesupport_fastrtps_c.h\n'}
[0.719253] (px4_msgs) StdoutLine: {'line': b'-- Up-to-date symlink: /root/ws_sensor_combined/install/px4_msgs/include/px4_msgs/px4_msgs/msg/detail/input_rc__rosidl_typesupport_fastrtps_c.h\n'}
[0.719333] (px4_msgs) StdoutLine: {'line': b'-- Up-to-date symlink: /root/ws_sensor_combined/install/px4_msgs/include/px4_msgs/px4_msgs/msg/detail/internal_combustion_engine_control__rosidl_typesupport_fastrtps_c.h\n'}
[0.719417] (px4_msgs) StdoutLine: {'line': b'-- Up-to-date symlink: /root/ws_sensor_combined/install/px4_msgs/include/px4_msgs/px4_msgs/msg/detail/internal_combustion_engine_status__rosidl_typesupport_fastrtps_c.h\n'}
[0.719497] (px4_msgs) StdoutLine: {'line': b'-- Up-to-date symlink: /root/ws_sensor_combined/install/px4_msgs/include/px4_msgs/px4_msgs/msg/detail/iridiumsbd_status__rosidl_typesupport_fastrtps_c.h\n'}
[0.719578] (px4_msgs) StdoutLine: {'line': b'-- Up-to-date symlink: /root/ws_sensor_combined/install/px4_msgs/include/px4_msgs/px4_msgs/msg/detail/irlock_report__rosidl_typesupport_fastrtps_c.h\n'}
[0.719658] (px4_msgs) StdoutLine: {'line': b'-- Up-to-date symlink: /root/ws_sensor_combined/install/px4_msgs/include/px4_msgs/px4_msgs/msg/detail/landing_gear__rosidl_typesupport_fastrtps_c.h\n'}
[0.719737] (px4_msgs) StdoutLine: {'line': b'-- Up-to-date symlink: /root/ws_sensor_combined/install/px4_msgs/include/px4_msgs/px4_msgs/msg/detail/landing_gear_wheel__rosidl_typesupport_fastrtps_c.h\n'}
[0.719818] (px4_msgs) StdoutLine: {'line': b'-- Up-to-date symlink: /root/ws_sensor_combined/install/px4_msgs/include/px4_msgs/px4_msgs/msg/detail/landing_target_innovations__rosidl_typesupport_fastrtps_c.h\n'}
[0.719898] (px4_msgs) StdoutLine: {'line': b'-- Up-to-date symlink: /root/ws_sensor_combined/install/px4_msgs/include/px4_msgs/px4_msgs/msg/detail/landing_target_pose__rosidl_typesupport_fastrtps_c.h\n'}
[0.719977] (px4_msgs) StdoutLine: {'line': b'-- Up-to-date symlink: /root/ws_sensor_combined/install/px4_msgs/include/px4_msgs/px4_msgs/msg/detail/lateral_control_configuration__rosidl_typesupport_fastrtps_c.h\n'}
[0.720046] (px4_msgs) StdoutLine: {'line': b'-- Up-to-date symlink: /root/ws_sensor_combined/install/px4_msgs/include/px4_msgs/px4_msgs/msg/detail/launch_detection_status__rosidl_typesupport_fastrtps_c.h\n'}
[0.720126] (px4_msgs) StdoutLine: {'line': b'-- Up-to-date symlink: /root/ws_sensor_combined/install/px4_msgs/include/px4_msgs/px4_msgs/msg/detail/led_control__rosidl_typesupport_fastrtps_c.h\n'}
[0.720209] (px4_msgs) StdoutLine: {'line': b'-- Up-to-date symlink: /root/ws_sensor_combined/install/px4_msgs/include/px4_msgs/px4_msgs/msg/detail/log_message__rosidl_typesupport_fastrtps_c.h\n'}
[0.720242] (px4_msgs) StdoutLine: {'line': b'-- Up-to-date symlink: /root/ws_sensor_combined/install/px4_msgs/include/px4_msgs/px4_msgs/msg/detail/logger_status__rosidl_typesupport_fastrtps_c.h\n'}
[0.720272] (px4_msgs) StdoutLine: {'line': b'-- Up-to-date symlink: /root/ws_sensor_combined/install/px4_msgs/include/px4_msgs/px4_msgs/msg/detail/longitudinal_control_configuration__rosidl_typesupport_fastrtps_c.h\n'}
[0.720298] (px4_msgs) StdoutLine: {'line': b'-- Up-to-date symlink: /root/ws_sensor_combined/install/px4_msgs/include/px4_msgs/px4_msgs/msg/detail/mag_worker_data__rosidl_typesupport_fastrtps_c.h\n'}
[0.720357] (px4_msgs) StdoutLine: {'line': b'-- Up-to-date symlink: /root/ws_sensor_combined/install/px4_msgs/include/px4_msgs/px4_msgs/msg/detail/magnetometer_bias_estimate__rosidl_typesupport_fastrtps_c.h\n'}
[0.720443] (px4_msgs) StdoutLine: {'line': b'-- Up-to-date symlink: /root/ws_sensor_combined/install/px4_msgs/include/px4_msgs/px4_msgs/msg/detail/manual_control_setpoint__rosidl_typesupport_fastrtps_c.h\n'}
[0.720482] (px4_msgs) StdoutLine: {'line': b'-- Up-to-date symlink: /root/ws_sensor_combined/install/px4_msgs/include/px4_msgs/px4_msgs/msg/detail/manual_control_switches__rosidl_typesupport_fastrtps_c.h\n'}
[0.720549] (px4_msgs) StdoutLine: {'line': b'-- Up-to-date symlink: /root/ws_sensor_combined/install/px4_msgs/include/px4_msgs/px4_msgs/msg/detail/mavlink_log__rosidl_typesupport_fastrtps_c.h\n'}
[0.720637] (px4_msgs) StdoutLine: {'line': b'-- Up-to-date symlink: /root/ws_sensor_combined/install/px4_msgs/include/px4_msgs/px4_msgs/msg/detail/mavlink_tunnel__rosidl_typesupport_fastrtps_c.h\n'}
[0.720808] (px4_msgs) StdoutLine: {'line': b'-- Up-to-date symlink: /root/ws_sensor_combined/install/px4_msgs/include/px4_msgs/px4_msgs/msg/detail/message_format_request__rosidl_typesupport_fastrtps_c.h\n'}
[0.721125] (px4_msgs) StdoutLine: {'line': b'-- Up-to-date symlink: /root/ws_sensor_combined/install/px4_msgs/include/px4_msgs/px4_msgs/msg/detail/message_format_response__rosidl_typesupport_fastrtps_c.h\n'}
[0.721224] (px4_msgs) StdoutLine: {'line': b'-- Up-to-date symlink: /root/ws_sensor_combined/install/px4_msgs/include/px4_msgs/px4_msgs/msg/detail/mission__rosidl_typesupport_fastrtps_c.h\n'}
[0.721305] (px4_msgs) StdoutLine: {'line': b'-- Up-to-date symlink: /root/ws_sensor_combined/install/px4_msgs/include/px4_msgs/px4_msgs/msg/detail/mission_result__rosidl_typesupport_fastrtps_c.h\n'}
[0.721384] (px4_msgs) StdoutLine: {'line': b'-- Up-to-date symlink: /root/ws_sensor_combined/install/px4_msgs/include/px4_msgs/px4_msgs/msg/detail/mode_completed__rosidl_typesupport_fastrtps_c.h\n'}
[0.721453] (px4_msgs) StdoutLine: {'line': b'-- Up-to-date symlink: /root/ws_sensor_combined/install/px4_msgs/include/px4_msgs/px4_msgs/msg/detail/mount_orientation__rosidl_typesupport_fastrtps_c.h\n'}
[0.721547] (px4_msgs) StdoutLine: {'line': b'-- Up-to-date symlink: /root/ws_sensor_combined/install/px4_msgs/include/px4_msgs/px4_msgs/msg/detail/navigator_mission_item__rosidl_typesupport_fastrtps_c.h\n'}
[0.721673] (px4_msgs) StdoutLine: {'line': b'-- Up-to-date symlink: /root/ws_sensor_combined/install/px4_msgs/include/px4_msgs/px4_msgs/msg/detail/navigator_status__rosidl_typesupport_fastrtps_c.h\n'}
[0.721757] (px4_msgs) StdoutLine: {'line': b'-- Up-to-date symlink: /root/ws_sensor_combined/install/px4_msgs/include/px4_msgs/px4_msgs/msg/detail/neural_control__rosidl_typesupport_fastrtps_c.h\n'}
[0.721837] (px4_msgs) StdoutLine: {'line': b'-- Up-to-date symlink: /root/ws_sensor_combined/install/px4_msgs/include/px4_msgs/px4_msgs/msg/detail/normalized_unsigned_setpoint__rosidl_typesupport_fastrtps_c.h\n'}
[0.721918] (px4_msgs) StdoutLine: {'line': b'-- Up-to-date symlink: /root/ws_sensor_combined/install/px4_msgs/include/px4_msgs/px4_msgs/msg/detail/obstacle_distance__rosidl_typesupport_fastrtps_c.h\n'}
[0.722002] (px4_msgs) StdoutLine: {'line': b'-- Up-to-date symlink: /root/ws_sensor_combined/install/px4_msgs/include/px4_msgs/px4_msgs/msg/detail/offboard_control_mode__rosidl_typesupport_fastrtps_c.h\n'}
[0.722083] (px4_msgs) StdoutLine: {'line': b'-- Up-to-date symlink: /root/ws_sensor_combined/install/px4_msgs/include/px4_msgs/px4_msgs/msg/detail/onboard_computer_status__rosidl_typesupport_fastrtps_c.h\n'}
[0.722165] (px4_msgs) StdoutLine: {'line': b'-- Up-to-date symlink: /root/ws_sensor_combined/install/px4_msgs/include/px4_msgs/px4_msgs/msg/detail/open_drone_id_arm_status__rosidl_typesupport_fastrtps_c.h\n'}
[0.722234] (px4_msgs) StdoutLine: {'line': b'-- Up-to-date symlink: /root/ws_sensor_combined/install/px4_msgs/include/px4_msgs/px4_msgs/msg/detail/open_drone_id_operator_id__rosidl_typesupport_fastrtps_c.h\n'}
[0.722305] (px4_msgs) StdoutLine: {'line': b'-- Up-to-date symlink: /root/ws_sensor_combined/install/px4_msgs/include/px4_msgs/px4_msgs/msg/detail/open_drone_id_self_id__rosidl_typesupport_fastrtps_c.h\n'}
[0.722376] (px4_msgs) StdoutLine: {'line': b'-- Up-to-date symlink: /root/ws_sensor_combined/install/px4_msgs/include/px4_msgs/px4_msgs/msg/detail/open_drone_id_system__rosidl_typesupport_fastrtps_c.h\n'}
[0.722456] (px4_msgs) StdoutLine: {'line': b'-- Up-to-date symlink: /root/ws_sensor_combined/install/px4_msgs/include/px4_msgs/px4_msgs/msg/detail/orb_test__rosidl_typesupport_fastrtps_c.h\n'}
[0.722536] (px4_msgs) StdoutLine: {'line': b'-- Up-to-date symlink: /root/ws_sensor_combined/install/px4_msgs/include/px4_msgs/px4_msgs/msg/detail/orb_test_large__rosidl_typesupport_fastrtps_c.h\n'}
[0.722616] (px4_msgs) StdoutLine: {'line': b'-- Up-to-date symlink: /root/ws_sensor_combined/install/px4_msgs/include/px4_msgs/px4_msgs/msg/detail/orb_test_medium__rosidl_typesupport_fastrtps_c.h\n'}
[0.722703] (px4_msgs) StdoutLine: {'line': b'-- Up-to-date symlink: /root/ws_sensor_combined/install/px4_msgs/include/px4_msgs/px4_msgs/msg/detail/orbit_status__rosidl_typesupport_fastrtps_c.h\n'}
[0.722785] (px4_msgs) StdoutLine: {'line': b'-- Up-to-date symlink: /root/ws_sensor_combined/install/px4_msgs/include/px4_msgs/px4_msgs/msg/detail/parameter_reset_request__rosidl_typesupport_fastrtps_c.h\n'}
[0.722865] (px4_msgs) StdoutLine: {'line': b'-- Up-to-date symlink: /root/ws_sensor_combined/install/px4_msgs/include/px4_msgs/px4_msgs/msg/detail/parameter_set_used_request__rosidl_typesupport_fastrtps_c.h\n'}
[0.722945] (px4_msgs) StdoutLine: {'line': b'-- Up-to-date symlink: /root/ws_sensor_combined/install/px4_msgs/include/px4_msgs/px4_msgs/msg/detail/parameter_set_value_request__rosidl_typesupport_fastrtps_c.h\n'}
[0.723015] (px4_msgs) StdoutLine: {'line': b'-- Up-to-date symlink: /root/ws_sensor_combined/install/px4_msgs/include/px4_msgs/px4_msgs/msg/detail/parameter_set_value_response__rosidl_typesupport_fastrtps_c.h\n'}
[0.723096] (px4_msgs) StdoutLine: {'line': b'-- Up-to-date symlink: /root/ws_sensor_combined/install/px4_msgs/include/px4_msgs/px4_msgs/msg/detail/parameter_update__rosidl_typesupport_fastrtps_c.h\n'}
[0.723177] (px4_msgs) StdoutLine: {'line': b'-- Up-to-date symlink: /root/ws_sensor_combined/install/px4_msgs/include/px4_msgs/px4_msgs/msg/detail/ping__rosidl_typesupport_fastrtps_c.h\n'}
[0.723258] (px4_msgs) StdoutLine: {'line': b'-- Up-to-date symlink: /root/ws_sensor_combined/install/px4_msgs/include/px4_msgs/px4_msgs/msg/detail/position_controller_landing_status__rosidl_typesupport_fastrtps_c.h\n'}
[0.723338] (px4_msgs) StdoutLine: {'line': b'-- Up-to-date symlink: /root/ws_sensor_combined/install/px4_msgs/include/px4_msgs/px4_msgs/msg/detail/position_controller_status__rosidl_typesupport_fastrtps_c.h\n'}
[0.723418] (px4_msgs) StdoutLine: {'line': b'-- Up-to-date symlink: /root/ws_sensor_combined/install/px4_msgs/include/px4_msgs/px4_msgs/msg/detail/position_setpoint__rosidl_typesupport_fastrtps_c.h\n'}
[0.723500] (px4_msgs) StdoutLine: {'line': b'-- Up-to-date symlink: /root/ws_sensor_combined/install/px4_msgs/include/px4_msgs/px4_msgs/msg/detail/position_setpoint_triplet__rosidl_typesupport_fastrtps_c.h\n'}
[0.723581] (px4_msgs) StdoutLine: {'line': b'-- Up-to-date symlink: /root/ws_sensor_combined/install/px4_msgs/include/px4_msgs/px4_msgs/msg/detail/power_button_state__rosidl_typesupport_fastrtps_c.h\n'}
[0.723704] (px4_msgs) StdoutLine: {'line': b'-- Up-to-date symlink: /root/ws_sensor_combined/install/px4_msgs/include/px4_msgs/px4_msgs/msg/detail/power_monitor__rosidl_typesupport_fastrtps_c.h\n'}
[0.723784] (px4_msgs) StdoutLine: {'line': b'-- Up-to-date symlink: /root/ws_sensor_combined/install/px4_msgs/include/px4_msgs/px4_msgs/msg/detail/pps_capture__rosidl_typesupport_fastrtps_c.h\n'}
[0.723863] (px4_msgs) StdoutLine: {'line': b'-- Up-to-date symlink: /root/ws_sensor_combined/install/px4_msgs/include/px4_msgs/px4_msgs/msg/detail/pure_pursuit_status__rosidl_typesupport_fastrtps_c.h\n'}
[0.723943] (px4_msgs) StdoutLine: {'line': b'-- Up-to-date symlink: /root/ws_sensor_combined/install/px4_msgs/include/px4_msgs/px4_msgs/msg/detail/pwm_input__rosidl_typesupport_fastrtps_c.h\n'}
[0.724023] (px4_msgs) StdoutLine: {'line': b'-- Up-to-date symlink: /root/ws_sensor_combined/install/px4_msgs/include/px4_msgs/px4_msgs/msg/detail/px4io_status__rosidl_typesupport_fastrtps_c.h\n'}
[0.724103] (px4_msgs) StdoutLine: {'line': b'-- Up-to-date symlink: /root/ws_sensor_combined/install/px4_msgs/include/px4_msgs/px4_msgs/msg/detail/qshell_req__rosidl_typesupport_fastrtps_c.h\n'}
[0.724183] (px4_msgs) StdoutLine: {'line': b'-- Up-to-date symlink: /root/ws_sensor_combined/install/px4_msgs/include/px4_msgs/px4_msgs/msg/detail/qshell_retval__rosidl_typesupport_fastrtps_c.h\n'}
[0.724263] (px4_msgs) StdoutLine: {'line': b'-- Up-to-date symlink: /root/ws_sensor_combined/install/px4_msgs/include/px4_msgs/px4_msgs/msg/detail/radio_status__rosidl_typesupport_fastrtps_c.h\n'}
[0.724343] (px4_msgs) StdoutLine: {'line': b'-- Up-to-date symlink: /root/ws_sensor_combined/install/px4_msgs/include/px4_msgs/px4_msgs/msg/detail/rate_ctrl_status__rosidl_typesupport_fastrtps_c.h\n'}
[0.724423] (px4_msgs) StdoutLine: {'line': b'-- Up-to-date symlink: /root/ws_sensor_combined/install/px4_msgs/include/px4_msgs/px4_msgs/msg/detail/rc_channels__rosidl_typesupport_fastrtps_c.h\n'}
[0.724503] (px4_msgs) StdoutLine: {'line': b'-- Up-to-date symlink: /root/ws_sensor_combined/install/px4_msgs/include/px4_msgs/px4_msgs/msg/detail/rc_parameter_map__rosidl_typesupport_fastrtps_c.h\n'}
[0.724583] (px4_msgs) StdoutLine: {'line': b'-- Up-to-date symlink: /root/ws_sensor_combined/install/px4_msgs/include/px4_msgs/px4_msgs/msg/detail/register_ext_component_reply__rosidl_typesupport_fastrtps_c.h\n'}
[0.724663] (px4_msgs) StdoutLine: {'line': b'-- Up-to-date symlink: /root/ws_sensor_combined/install/px4_msgs/include/px4_msgs/px4_msgs/msg/detail/register_ext_component_request__rosidl_typesupport_fastrtps_c.h\n'}
[0.724742] (px4_msgs) StdoutLine: {'line': b'-- Up-to-date symlink: /root/ws_sensor_combined/install/px4_msgs/include/px4_msgs/px4_msgs/msg/detail/rover_attitude_setpoint__rosidl_typesupport_fastrtps_c.h\n'}
[0.724825] (px4_msgs) StdoutLine: {'line': b'-- Up-to-date symlink: /root/ws_sensor_combined/install/px4_msgs/include/px4_msgs/px4_msgs/msg/detail/rover_attitude_status__rosidl_typesupport_fastrtps_c.h\n'}
[0.724904] (px4_msgs) StdoutLine: {'line': b'-- Up-to-date symlink: /root/ws_sensor_combined/install/px4_msgs/include/px4_msgs/px4_msgs/msg/detail/rover_position_setpoint__rosidl_typesupport_fastrtps_c.h\n'}
[0.724984] (px4_msgs) StdoutLine: {'line': b'-- Up-to-date symlink: /root/ws_sensor_combined/install/px4_msgs/include/px4_msgs/px4_msgs/msg/detail/rover_rate_setpoint__rosidl_typesupport_fastrtps_c.h\n'}
[0.725063] (px4_msgs) StdoutLine: {'line': b'-- Up-to-date symlink: /root/ws_sensor_combined/install/px4_msgs/include/px4_msgs/px4_msgs/msg/detail/rover_rate_status__rosidl_typesupport_fastrtps_c.h\n'}
[0.725143] (px4_msgs) StdoutLine: {'line': b'-- Up-to-date symlink: /root/ws_sensor_combined/install/px4_msgs/include/px4_msgs/px4_msgs/msg/detail/rover_steering_setpoint__rosidl_typesupport_fastrtps_c.h\n'}
[0.725224] (px4_msgs) StdoutLine: {'line': b'-- Up-to-date symlink: /root/ws_sensor_combined/install/px4_msgs/include/px4_msgs/px4_msgs/msg/detail/rover_throttle_setpoint__rosidl_typesupport_fastrtps_c.h\n'}
[0.725304] (px4_msgs) StdoutLine: {'line': b'-- Up-to-date symlink: /root/ws_sensor_combined/install/px4_msgs/include/px4_msgs/px4_msgs/msg/detail/rover_velocity_setpoint__rosidl_typesupport_fastrtps_c.h\n'}
[0.725387] (px4_msgs) StdoutLine: {'line': b'-- Up-to-date symlink: /root/ws_sensor_combined/install/px4_msgs/include/px4_msgs/px4_msgs/msg/detail/rover_velocity_status__rosidl_typesupport_fastrtps_c.h\n'}
[0.725466] (px4_msgs) StdoutLine: {'line': b'-- Up-to-date symlink: /root/ws_sensor_combined/install/px4_msgs/include/px4_msgs/px4_msgs/msg/detail/rpm__rosidl_typesupport_fastrtps_c.h\n'}
[0.725574] (px4_msgs) StdoutLine: {'line': b'-- Up-to-date symlink: /root/ws_sensor_combined/install/px4_msgs/include/px4_msgs/px4_msgs/msg/detail/rtl_status__rosidl_typesupport_fastrtps_c.h\n'}
[0.725657] (px4_msgs) StdoutLine: {'line': b'-- Up-to-date symlink: /root/ws_sensor_combined/install/px4_msgs/include/px4_msgs/px4_msgs/msg/detail/rtl_time_estimate__rosidl_typesupport_fastrtps_c.h\n'}
[0.725737] (px4_msgs) StdoutLine: {'line': b'-- Up-to-date symlink: /root/ws_sensor_combined/install/px4_msgs/include/px4_msgs/px4_msgs/msg/detail/satellite_info__rosidl_typesupport_fastrtps_c.h\n'}
[0.725817] (px4_msgs) StdoutLine: {'line': b'-- Up-to-date symlink: /root/ws_sensor_combined/install/px4_msgs/include/px4_msgs/px4_msgs/msg/detail/sensor_accel__rosidl_typesupport_fastrtps_c.h\n'}
[0.725896] (px4_msgs) StdoutLine: {'line': b'-- Up-to-date symlink: /root/ws_sensor_combined/install/px4_msgs/include/px4_msgs/px4_msgs/msg/detail/sensor_accel_fifo__rosidl_typesupport_fastrtps_c.h\n'}
[0.725977] (px4_msgs) StdoutLine: {'line': b'-- Up-to-date symlink: /root/ws_sensor_combined/install/px4_msgs/include/px4_msgs/px4_msgs/msg/detail/sensor_airflow__rosidl_typesupport_fastrtps_c.h\n'}
[0.726057] (px4_msgs) StdoutLine: {'line': b'-- Up-to-date symlink: /root/ws_sensor_combined/install/px4_msgs/include/px4_msgs/px4_msgs/msg/detail/sensor_baro__rosidl_typesupport_fastrtps_c.h\n'}
[0.726138] (px4_msgs) StdoutLine: {'line': b'-- Up-to-date symlink: /root/ws_sensor_combined/install/px4_msgs/include/px4_msgs/px4_msgs/msg/detail/sensor_combined__rosidl_typesupport_fastrtps_c.h\n'}
[0.726219] (px4_msgs) StdoutLine: {'line': b'-- Up-to-date symlink: /root/ws_sensor_combined/install/px4_msgs/include/px4_msgs/px4_msgs/msg/detail/sensor_correction__rosidl_typesupport_fastrtps_c.h\n'}
[0.726279] (px4_msgs) StdoutLine: {'line': b'-- Up-to-date symlink: /root/ws_sensor_combined/install/px4_msgs/include/px4_msgs/px4_msgs/msg/detail/sensor_gnss_relative__rosidl_typesupport_fastrtps_c.h\n'}
[0.726491] (px4_msgs) StdoutLine: {'line': b'-- Up-to-date symlink: /root/ws_sensor_combined/install/px4_msgs/include/px4_msgs/px4_msgs/msg/detail/sensor_gps__rosidl_typesupport_fastrtps_c.h\n'}
[0.726604] (px4_msgs) StdoutLine: {'line': b'-- Up-to-date symlink: /root/ws_sensor_combined/install/px4_msgs/include/px4_msgs/px4_msgs/msg/detail/sensor_gyro__rosidl_typesupport_fastrtps_c.h\n'}
[0.726689] (px4_msgs) StdoutLine: {'line': b'-- Up-to-date symlink: /root/ws_sensor_combined/install/px4_msgs/include/px4_msgs/px4_msgs/msg/detail/sensor_gyro_fft__rosidl_typesupport_fastrtps_c.h\n'}
[0.726813] (px4_msgs) StdoutLine: {'line': b'-- Up-to-date symlink: /root/ws_sensor_combined/install/px4_msgs/include/px4_msgs/px4_msgs/msg/detail/sensor_gyro_fifo__rosidl_typesupport_fastrtps_c.h\n'}
[0.727004] (px4_msgs) StdoutLine: {'line': b'-- Up-to-date symlink: /root/ws_sensor_combined/install/px4_msgs/include/px4_msgs/px4_msgs/msg/detail/sensor_hygrometer__rosidl_typesupport_fastrtps_c.h\n'}
[0.727116] (px4_msgs) StdoutLine: {'line': b'-- Up-to-date symlink: /root/ws_sensor_combined/install/px4_msgs/include/px4_msgs/px4_msgs/msg/detail/sensor_mag__rosidl_typesupport_fastrtps_c.h\n'}
[0.727198] (px4_msgs) StdoutLine: {'line': b'-- Up-to-date symlink: /root/ws_sensor_combined/install/px4_msgs/include/px4_msgs/px4_msgs/msg/detail/sensor_optical_flow__rosidl_typesupport_fastrtps_c.h\n'}
[0.727307] (px4_msgs) StdoutLine: {'line': b'-- Up-to-date symlink: /root/ws_sensor_combined/install/px4_msgs/include/px4_msgs/px4_msgs/msg/detail/sensor_preflight_mag__rosidl_typesupport_fastrtps_c.h\n'}
[0.727338] (px4_msgs) StdoutLine: {'line': b'-- Up-to-date symlink: /root/ws_sensor_combined/install/px4_msgs/include/px4_msgs/px4_msgs/msg/detail/sensor_selection__rosidl_typesupport_fastrtps_c.h\n'}
[0.727362] (px4_msgs) StdoutLine: {'line': b'-- Up-to-date symlink: /root/ws_sensor_combined/install/px4_msgs/include/px4_msgs/px4_msgs/msg/detail/sensor_uwb__rosidl_typesupport_fastrtps_c.h\n'}
[0.727385] (px4_msgs) StdoutLine: {'line': b'-- Up-to-date symlink: /root/ws_sensor_combined/install/px4_msgs/include/px4_msgs/px4_msgs/msg/detail/sensors_status__rosidl_typesupport_fastrtps_c.h\n'}
[0.727408] (px4_msgs) StdoutLine: {'line': b'-- Up-to-date symlink: /root/ws_sensor_combined/install/px4_msgs/include/px4_msgs/px4_msgs/msg/detail/sensors_status_imu__rosidl_typesupport_fastrtps_c.h\n'}
[0.727431] (px4_msgs) StdoutLine: {'line': b'-- Up-to-date symlink: /root/ws_sensor_combined/install/px4_msgs/include/px4_msgs/px4_msgs/msg/detail/system_power__rosidl_typesupport_fastrtps_c.h\n'}
[0.727453] (px4_msgs) StdoutLine: {'line': b'-- Up-to-date symlink: /root/ws_sensor_combined/install/px4_msgs/include/px4_msgs/px4_msgs/msg/detail/takeoff_status__rosidl_typesupport_fastrtps_c.h\n'}
[0.727475] (px4_msgs) StdoutLine: {'line': b'-- Up-to-date symlink: /root/ws_sensor_combined/install/px4_msgs/include/px4_msgs/px4_msgs/msg/detail/task_stack_info__rosidl_typesupport_fastrtps_c.h\n'}
[0.727497] (px4_msgs) StdoutLine: {'line': b'-- Up-to-date symlink: /root/ws_sensor_combined/install/px4_msgs/include/px4_msgs/px4_msgs/msg/detail/tecs_status__rosidl_typesupport_fastrtps_c.h\n'}
[0.727521] (px4_msgs) StdoutLine: {'line': b'-- Up-to-date symlink: /root/ws_sensor_combined/install/px4_msgs/include/px4_msgs/px4_msgs/msg/detail/telemetry_status__rosidl_typesupport_fastrtps_c.h\n'}
[0.727543] (px4_msgs) StdoutLine: {'line': b'-- Up-to-date symlink: /root/ws_sensor_combined/install/px4_msgs/include/px4_msgs/px4_msgs/msg/detail/tiltrotor_extra_controls__rosidl_typesupport_fastrtps_c.h\n'}
[0.727566] (px4_msgs) StdoutLine: {'line': b'-- Up-to-date symlink: /root/ws_sensor_combined/install/px4_msgs/include/px4_msgs/px4_msgs/msg/detail/timesync_status__rosidl_typesupport_fastrtps_c.h\n'}
[0.727587] (px4_msgs) StdoutLine: {'line': b'-- Up-to-date symlink: /root/ws_sensor_combined/install/px4_msgs/include/px4_msgs/px4_msgs/msg/detail/trajectory_setpoint6dof__rosidl_typesupport_fastrtps_c.h\n'}
[0.727610] (px4_msgs) StdoutLine: {'line': b'-- Up-to-date symlink: /root/ws_sensor_combined/install/px4_msgs/include/px4_msgs/px4_msgs/msg/detail/trajectory_setpoint__rosidl_typesupport_fastrtps_c.h\n'}
[0.727633] (px4_msgs) StdoutLine: {'line': b'-- Up-to-date symlink: /root/ws_sensor_combined/install/px4_msgs/include/px4_msgs/px4_msgs/msg/detail/transponder_report__rosidl_typesupport_fastrtps_c.h\n'}
[0.727656] (px4_msgs) StdoutLine: {'line': b'-- Up-to-date symlink: /root/ws_sensor_combined/install/px4_msgs/include/px4_msgs/px4_msgs/msg/detail/tune_control__rosidl_typesupport_fastrtps_c.h\n'}
[0.727677] (px4_msgs) StdoutLine: {'line': b'-- Up-to-date symlink: /root/ws_sensor_combined/install/px4_msgs/include/px4_msgs/px4_msgs/msg/detail/uavcan_parameter_request__rosidl_typesupport_fastrtps_c.h\n'}
[0.727698] (px4_msgs) StdoutLine: {'line': b'-- Up-to-date symlink: /root/ws_sensor_combined/install/px4_msgs/include/px4_msgs/px4_msgs/msg/detail/uavcan_parameter_value__rosidl_typesupport_fastrtps_c.h\n'}
[0.727719] (px4_msgs) StdoutLine: {'line': b'-- Up-to-date symlink: /root/ws_sensor_combined/install/px4_msgs/include/px4_msgs/px4_msgs/msg/detail/ulog_stream__rosidl_typesupport_fastrtps_c.h\n'}
[0.727740] (px4_msgs) StdoutLine: {'line': b'-- Up-to-date symlink: /root/ws_sensor_combined/install/px4_msgs/include/px4_msgs/px4_msgs/msg/detail/ulog_stream_ack__rosidl_typesupport_fastrtps_c.h\n'}
[0.727763] (px4_msgs) StdoutLine: {'line': b'-- Up-to-date symlink: /root/ws_sensor_combined/install/px4_msgs/include/px4_msgs/px4_msgs/msg/detail/unregister_ext_component__rosidl_typesupport_fastrtps_c.h\n'}
[0.727785] (px4_msgs) StdoutLine: {'line': b'-- Up-to-date symlink: /root/ws_sensor_combined/install/px4_msgs/include/px4_msgs/px4_msgs/msg/detail/vehicle_acceleration__rosidl_typesupport_fastrtps_c.h\n'}
[0.727806] (px4_msgs) StdoutLine: {'line': b'-- Up-to-date symlink: /root/ws_sensor_combined/install/px4_msgs/include/px4_msgs/px4_msgs/msg/detail/vehicle_air_data__rosidl_typesupport_fastrtps_c.h\n'}
[0.727827] (px4_msgs) StdoutLine: {'line': b'-- Up-to-date symlink: /root/ws_sensor_combined/install/px4_msgs/include/px4_msgs/px4_msgs/msg/detail/vehicle_angular_acceleration_setpoint__rosidl_typesupport_fastrtps_c.h\n'}
[0.727849] (px4_msgs) StdoutLine: {'line': b'-- Up-to-date symlink: /root/ws_sensor_combined/install/px4_msgs/include/px4_msgs/px4_msgs/msg/detail/vehicle_angular_velocity__rosidl_typesupport_fastrtps_c.h\n'}
[0.727870] (px4_msgs) StdoutLine: {'line': b'-- Up-to-date symlink: /root/ws_sensor_combined/install/px4_msgs/include/px4_msgs/px4_msgs/msg/detail/vehicle_attitude__rosidl_typesupport_fastrtps_c.h\n'}
[0.727892] (px4_msgs) StdoutLine: {'line': b'-- Up-to-date symlink: /root/ws_sensor_combined/install/px4_msgs/include/px4_msgs/px4_msgs/msg/detail/vehicle_attitude_setpoint__rosidl_typesupport_fastrtps_c.h\n'}
[0.727913] (px4_msgs) StdoutLine: {'line': b'-- Up-to-date symlink: /root/ws_sensor_combined/install/px4_msgs/include/px4_msgs/px4_msgs/msg/detail/vehicle_command__rosidl_typesupport_fastrtps_c.h\n'}
[0.727936] (px4_msgs) StdoutLine: {'line': b'-- Up-to-date symlink: /root/ws_sensor_combined/install/px4_msgs/include/px4_msgs/px4_msgs/msg/detail/vehicle_command_ack__rosidl_typesupport_fastrtps_c.h\n'}
[0.727958] (px4_msgs) StdoutLine: {'line': b'-- Up-to-date symlink: /root/ws_sensor_combined/install/px4_msgs/include/px4_msgs/px4_msgs/msg/detail/vehicle_constraints__rosidl_typesupport_fastrtps_c.h\n'}
[0.727979] (px4_msgs) StdoutLine: {'line': b'-- Up-to-date symlink: /root/ws_sensor_combined/install/px4_msgs/include/px4_msgs/px4_msgs/msg/detail/vehicle_control_mode__rosidl_typesupport_fastrtps_c.h\n'}
[0.728000] (px4_msgs) StdoutLine: {'line': b'-- Up-to-date symlink: /root/ws_sensor_combined/install/px4_msgs/include/px4_msgs/px4_msgs/msg/detail/vehicle_global_position__rosidl_typesupport_fastrtps_c.h\n'}
[0.728021] (px4_msgs) StdoutLine: {'line': b'-- Up-to-date symlink: /root/ws_sensor_combined/install/px4_msgs/include/px4_msgs/px4_msgs/msg/detail/vehicle_imu__rosidl_typesupport_fastrtps_c.h\n'}
[0.728042] (px4_msgs) StdoutLine: {'line': b'-- Up-to-date symlink: /root/ws_sensor_combined/install/px4_msgs/include/px4_msgs/px4_msgs/msg/detail/vehicle_imu_status__rosidl_typesupport_fastrtps_c.h\n'}
[0.728064] (px4_msgs) StdoutLine: {'line': b'-- Up-to-date symlink: /root/ws_sensor_combined/install/px4_msgs/include/px4_msgs/px4_msgs/msg/detail/vehicle_land_detected__rosidl_typesupport_fastrtps_c.h\n'}
[0.728085] (px4_msgs) StdoutLine: {'line': b'-- Up-to-date symlink: /root/ws_sensor_combined/install/px4_msgs/include/px4_msgs/px4_msgs/msg/detail/vehicle_local_position__rosidl_typesupport_fastrtps_c.h\n'}
[0.728106] (px4_msgs) StdoutLine: {'line': b'-- Up-to-date symlink: /root/ws_sensor_combined/install/px4_msgs/include/px4_msgs/px4_msgs/msg/detail/vehicle_local_position_setpoint__rosidl_typesupport_fastrtps_c.h\n'}
[0.728127] (px4_msgs) StdoutLine: {'line': b'-- Up-to-date symlink: /root/ws_sensor_combined/install/px4_msgs/include/px4_msgs/px4_msgs/msg/detail/vehicle_magnetometer__rosidl_typesupport_fastrtps_c.h\n'}
[0.728148] (px4_msgs) StdoutLine: {'line': b'-- Up-to-date symlink: /root/ws_sensor_combined/install/px4_msgs/include/px4_msgs/px4_msgs/msg/detail/vehicle_odometry__rosidl_typesupport_fastrtps_c.h\n'}
[0.728168] (px4_msgs) StdoutLine: {'line': b'-- Up-to-date symlink: /root/ws_sensor_combined/install/px4_msgs/include/px4_msgs/px4_msgs/msg/detail/vehicle_optical_flow__rosidl_typesupport_fastrtps_c.h\n'}
[0.728192] (px4_msgs) StdoutLine: {'line': b'-- Up-to-date symlink: /root/ws_sensor_combined/install/px4_msgs/include/px4_msgs/px4_msgs/msg/detail/vehicle_optical_flow_vel__rosidl_typesupport_fastrtps_c.h\n'}
[0.728213] (px4_msgs) StdoutLine: {'line': b'-- Up-to-date symlink: /root/ws_sensor_combined/install/px4_msgs/include/px4_msgs/px4_msgs/msg/detail/vehicle_rates_setpoint__rosidl_typesupport_fastrtps_c.h\n'}
[0.728233] (px4_msgs) StdoutLine: {'line': b'-- Up-to-date symlink: /root/ws_sensor_combined/install/px4_msgs/include/px4_msgs/px4_msgs/msg/detail/vehicle_roi__rosidl_typesupport_fastrtps_c.h\n'}
[0.728254] (px4_msgs) StdoutLine: {'line': b'-- Up-to-date symlink: /root/ws_sensor_combined/install/px4_msgs/include/px4_msgs/px4_msgs/msg/detail/vehicle_status__rosidl_typesupport_fastrtps_c.h\n'}
[0.728274] (px4_msgs) StdoutLine: {'line': b'-- Up-to-date symlink: /root/ws_sensor_combined/install/px4_msgs/include/px4_msgs/px4_msgs/msg/detail/vehicle_thrust_setpoint__rosidl_typesupport_fastrtps_c.h\n'}
[0.728295] (px4_msgs) StdoutLine: {'line': b'-- Up-to-date symlink: /root/ws_sensor_combined/install/px4_msgs/include/px4_msgs/px4_msgs/msg/detail/vehicle_torque_setpoint__rosidl_typesupport_fastrtps_c.h\n'}
[0.728316] (px4_msgs) StdoutLine: {'line': b'-- Up-to-date symlink: /root/ws_sensor_combined/install/px4_msgs/include/px4_msgs/px4_msgs/msg/detail/velocity_limits__rosidl_typesupport_fastrtps_c.h\n'}
[0.728337] (px4_msgs) StdoutLine: {'line': b'-- Up-to-date symlink: /root/ws_sensor_combined/install/px4_msgs/include/px4_msgs/px4_msgs/msg/detail/vtol_vehicle_status__rosidl_typesupport_fastrtps_c.h\n'}
[0.728358] (px4_msgs) StdoutLine: {'line': b'-- Up-to-date symlink: /root/ws_sensor_combined/install/px4_msgs/include/px4_msgs/px4_msgs/msg/detail/wheel_encoders__rosidl_typesupport_fastrtps_c.h\n'}
[0.728378] (px4_msgs) StdoutLine: {'line': b'-- Up-to-date symlink: /root/ws_sensor_combined/install/px4_msgs/include/px4_msgs/px4_msgs/msg/detail/wind__rosidl_typesupport_fastrtps_c.h\n'}
[0.728399] (px4_msgs) StdoutLine: {'line': b'-- Up-to-date symlink: /root/ws_sensor_combined/install/px4_msgs/include/px4_msgs/px4_msgs/msg/detail/yaw_estimator_status__rosidl_typesupport_fastrtps_c.h\n'}
[0.728420] (px4_msgs) StdoutLine: {'line': b'-- Up-to-date symlink: /root/ws_sensor_combined/install/px4_msgs/include/px4_msgs/px4_msgs/msg/rosidl_typesupport_fastrtps_c__visibility_control.h\n'}
[0.728441] (px4_msgs) StdoutLine: {'line': b'-- Up-to-date symlink: /root/ws_sensor_combined/install/px4_msgs/include/px4_msgs/px4_msgs/srv/detail/vehicle_command__rosidl_typesupport_fastrtps_c.h\n'}
[0.728653] (px4_msgs) StdoutLine: {'line': b'-- Up-to-date symlink: /root/ws_sensor_combined/install/px4_msgs/include/px4_msgs/px4_msgs/msg/action_request.hpp\n'}
[0.728751] (px4_msgs) StdoutLine: {'line': b'-- Up-to-date symlink: /root/ws_sensor_combined/install/px4_msgs/include/px4_msgs/px4_msgs/msg/actuator_armed.hpp\n'}
[0.728782] (px4_msgs) StdoutLine: {'line': b'-- Up-to-date symlink: /root/ws_sensor_combined/install/px4_msgs/include/px4_msgs/px4_msgs/msg/actuator_controls_status.hpp\n'}
[0.728808] (px4_msgs) StdoutLine: {'line': b'-- Up-to-date symlink: /root/ws_sensor_combined/install/px4_msgs/include/px4_msgs/px4_msgs/msg/actuator_motors.hpp\n'}
[0.728880] (px4_msgs) StdoutLine: {'line': b'-- Up-to-date symlink: /root/ws_sensor_combined/install/px4_msgs/include/px4_msgs/px4_msgs/msg/actuator_outputs.hpp\n'}
[0.728915] (px4_msgs) StdoutLine: {'line': b'-- Up-to-date symlink: /root/ws_sensor_combined/install/px4_msgs/include/px4_msgs/px4_msgs/msg/actuator_servos.hpp\n'}
[0.729059] (px4_msgs) StdoutLine: {'line': b'-- Up-to-date symlink: /root/ws_sensor_combined/install/px4_msgs/include/px4_msgs/px4_msgs/msg/actuator_servos_trim.hpp\n'}
[0.729101] (px4_msgs) StdoutLine: {'line': b'-- Up-to-date symlink: /root/ws_sensor_combined/install/px4_msgs/include/px4_msgs/px4_msgs/msg/actuator_test.hpp\n'}
[0.729185] (px4_msgs) StdoutLine: {'line': b'-- Up-to-date symlink: /root/ws_sensor_combined/install/px4_msgs/include/px4_msgs/px4_msgs/msg/adc_report.hpp\n'}
[0.729327] (px4_msgs) StdoutLine: {'line': b'-- Up-to-date symlink: /root/ws_sensor_combined/install/px4_msgs/include/px4_msgs/px4_msgs/msg/airspeed.hpp\n'}
[0.729364] (px4_msgs) StdoutLine: {'line': b'-- Up-to-date symlink: /root/ws_sensor_combined/install/px4_msgs/include/px4_msgs/px4_msgs/msg/airspeed_validated.hpp\n'}
[0.729389] (px4_msgs) StdoutLine: {'line': b'-- Up-to-date symlink: /root/ws_sensor_combined/install/px4_msgs/include/px4_msgs/px4_msgs/msg/airspeed_wind.hpp\n'}
[0.729454] (px4_msgs) StdoutLine: {'line': b'-- Up-to-date symlink: /root/ws_sensor_combined/install/px4_msgs/include/px4_msgs/px4_msgs/msg/arming_check_reply.hpp\n'}
[0.729603] (px4_msgs) StdoutLine: {'line': b'-- Up-to-date symlink: /root/ws_sensor_combined/install/px4_msgs/include/px4_msgs/px4_msgs/msg/arming_check_request.hpp\n'}
[0.729954] (px4_msgs) StdoutLine: {'line': b'-- Up-to-date symlink: /root/ws_sensor_combined/install/px4_msgs/include/px4_msgs/px4_msgs/msg/autotune_attitude_control_status.hpp\n'}
[0.730014] (px4_msgs) StdoutLine: {'line': b'-- Up-to-date symlink: /root/ws_sensor_combined/install/px4_msgs/include/px4_msgs/px4_msgs/msg/battery_info.hpp\n'}
[0.730043] (px4_msgs) StdoutLine: {'line': b'-- Up-to-date symlink: /root/ws_sensor_combined/install/px4_msgs/include/px4_msgs/px4_msgs/msg/battery_status.hpp\n'}
[0.730110] (px4_msgs) StdoutLine: {'line': b'-- Up-to-date symlink: /root/ws_sensor_combined/install/px4_msgs/include/px4_msgs/px4_msgs/msg/button_event.hpp\n'}
[0.730189] (px4_msgs) StdoutLine: {'line': b'-- Up-to-date symlink: /root/ws_sensor_combined/install/px4_msgs/include/px4_msgs/px4_msgs/msg/camera_capture.hpp\n'}
[0.730268] (px4_msgs) StdoutLine: {'line': b'-- Up-to-date symlink: /root/ws_sensor_combined/install/px4_msgs/include/px4_msgs/px4_msgs/msg/camera_status.hpp\n'}
[0.730347] (px4_msgs) StdoutLine: {'line': b'-- Up-to-date symlink: /root/ws_sensor_combined/install/px4_msgs/include/px4_msgs/px4_msgs/msg/camera_trigger.hpp\n'}
[0.730391] (px4_msgs) StdoutLine: {'line': b'-- Up-to-date symlink: /root/ws_sensor_combined/install/px4_msgs/include/px4_msgs/px4_msgs/msg/can_interface_status.hpp\n'}
[0.730418] (px4_msgs) StdoutLine: {'line': b'-- Up-to-date symlink: /root/ws_sensor_combined/install/px4_msgs/include/px4_msgs/px4_msgs/msg/cellular_status.hpp\n'}
[0.730607] (px4_msgs) StdoutLine: {'line': b'-- Up-to-date symlink: /root/ws_sensor_combined/install/px4_msgs/include/px4_msgs/px4_msgs/msg/collision_constraints.hpp\n'}
[0.730768] (px4_msgs) StdoutLine: {'line': b'-- Up-to-date symlink: /root/ws_sensor_combined/install/px4_msgs/include/px4_msgs/px4_msgs/msg/config_overrides.hpp\n'}
[0.730811] (px4_msgs) StdoutLine: {'line': b'-- Up-to-date symlink: /root/ws_sensor_combined/install/px4_msgs/include/px4_msgs/px4_msgs/msg/control_allocator_status.hpp\n'}
[0.730859] (px4_msgs) StdoutLine: {'line': b'-- Up-to-date symlink: /root/ws_sensor_combined/install/px4_msgs/include/px4_msgs/px4_msgs/msg/cpuload.hpp\n'}
[0.730918] (px4_msgs) StdoutLine: {'line': b'-- Up-to-date symlink: /root/ws_sensor_combined/install/px4_msgs/include/px4_msgs/px4_msgs/msg/dataman_request.hpp\n'}
[0.730999] (px4_msgs) StdoutLine: {'line': b'-- Up-to-date symlink: /root/ws_sensor_combined/install/px4_msgs/include/px4_msgs/px4_msgs/msg/dataman_response.hpp\n'}
[0.731079] (px4_msgs) StdoutLine: {'line': b'-- Up-to-date symlink: /root/ws_sensor_combined/install/px4_msgs/include/px4_msgs/px4_msgs/msg/debug_array.hpp\n'}
[0.731128] (px4_msgs) StdoutLine: {'line': b'-- Up-to-date symlink: /root/ws_sensor_combined/install/px4_msgs/include/px4_msgs/px4_msgs/msg/debug_key_value.hpp\n'}
[0.731245] (px4_msgs) StdoutLine: {'line': b'-- Up-to-date symlink: /root/ws_sensor_combined/install/px4_msgs/include/px4_msgs/px4_msgs/msg/debug_value.hpp\n'}
[0.731318] (px4_msgs) StdoutLine: {'line': b'-- Up-to-date symlink: /root/ws_sensor_combined/install/px4_msgs/include/px4_msgs/px4_msgs/msg/debug_vect.hpp\n'}
[0.731398] (px4_msgs) StdoutLine: {'line': b'-- Up-to-date symlink: /root/ws_sensor_combined/install/px4_msgs/include/px4_msgs/px4_msgs/msg/detail/action_request__builder.hpp\n'}
[0.731575] (px4_msgs) StdoutLine: {'line': b'-- Up-to-date symlink: /root/ws_sensor_combined/install/px4_msgs/include/px4_msgs/px4_msgs/msg/detail/action_request__struct.hpp\n'}
[0.731747] (px4_msgs) StdoutLine: {'line': b'-- Up-to-date symlink: /root/ws_sensor_combined/install/px4_msgs/include/px4_msgs/px4_msgs/msg/detail/action_request__traits.hpp\n'}
[0.731973] (px4_msgs) StdoutLine: {'line': b'-- Up-to-date symlink: /root/ws_sensor_combined/install/px4_msgs/include/px4_msgs/px4_msgs/msg/detail/action_request__type_support.hpp\n'}
[0.732064] (px4_msgs) StdoutLine: {'line': b'-- Up-to-date symlink: /root/ws_sensor_combined/install/px4_msgs/include/px4_msgs/px4_msgs/msg/detail/actuator_armed__builder.hpp\n'}
[0.732224] (px4_msgs) StdoutLine: {'line': b'-- Up-to-date symlink: /root/ws_sensor_combined/install/px4_msgs/include/px4_msgs/px4_msgs/msg/detail/actuator_armed__struct.hpp\n'}
[0.732581] (px4_msgs) StdoutLine: {'line': b'-- Up-to-date symlink: /root/ws_sensor_combined/install/px4_msgs/include/px4_msgs/px4_msgs/msg/detail/actuator_armed__traits.hpp\n'}
[0.732724] (px4_msgs) StdoutLine: {'line': b'-- Up-to-date symlink: /root/ws_sensor_combined/install/px4_msgs/include/px4_msgs/px4_msgs/msg/detail/actuator_armed__type_support.hpp\n'}
[0.732757] (px4_msgs) StdoutLine: {'line': b'-- Up-to-date symlink: /root/ws_sensor_combined/install/px4_msgs/include/px4_msgs/px4_msgs/msg/detail/actuator_controls_status__builder.hpp\n'}
[0.732782] (px4_msgs) StdoutLine: {'line': b'-- Up-to-date symlink: /root/ws_sensor_combined/install/px4_msgs/include/px4_msgs/px4_msgs/msg/detail/actuator_controls_status__struct.hpp\n'}
[0.732840] (px4_msgs) StdoutLine: {'line': b'-- Up-to-date symlink: /root/ws_sensor_combined/install/px4_msgs/include/px4_msgs/px4_msgs/msg/detail/actuator_controls_status__traits.hpp\n'}
[0.732950] (px4_msgs) StdoutLine: {'line': b'-- Up-to-date symlink: /root/ws_sensor_combined/install/px4_msgs/include/px4_msgs/px4_msgs/msg/detail/actuator_controls_status__type_support.hpp\n'}
[0.733031] (px4_msgs) StdoutLine: {'line': b'-- Up-to-date symlink: /root/ws_sensor_combined/install/px4_msgs/include/px4_msgs/px4_msgs/msg/detail/actuator_motors__builder.hpp\n'}
[0.733112] (px4_msgs) StdoutLine: {'line': b'-- Up-to-date symlink: /root/ws_sensor_combined/install/px4_msgs/include/px4_msgs/px4_msgs/msg/detail/actuator_motors__struct.hpp\n'}
[0.733192] (px4_msgs) StdoutLine: {'line': b'-- Up-to-date symlink: /root/ws_sensor_combined/install/px4_msgs/include/px4_msgs/px4_msgs/msg/detail/actuator_motors__traits.hpp\n'}
[0.733251] (px4_msgs) StdoutLine: {'line': b'-- Up-to-date symlink: /root/ws_sensor_combined/install/px4_msgs/include/px4_msgs/px4_msgs/msg/detail/actuator_motors__type_support.hpp\n'}
[0.733332] (px4_msgs) StdoutLine: {'line': b'-- Up-to-date symlink: /root/ws_sensor_combined/install/px4_msgs/include/px4_msgs/px4_msgs/msg/detail/actuator_outputs__builder.hpp\n'}
[0.733413] (px4_msgs) StdoutLine: {'line': b'-- Up-to-date symlink: /root/ws_sensor_combined/install/px4_msgs/include/px4_msgs/px4_msgs/msg/detail/actuator_outputs__struct.hpp\n'}
[0.733493] (px4_msgs) StdoutLine: {'line': b'-- Up-to-date symlink: /root/ws_sensor_combined/install/px4_msgs/include/px4_msgs/px4_msgs/msg/detail/actuator_outputs__traits.hpp\n'}
[0.733603] (px4_msgs) StdoutLine: {'line': b'-- Up-to-date symlink: /root/ws_sensor_combined/install/px4_msgs/include/px4_msgs/px4_msgs/msg/detail/actuator_outputs__type_support.hpp\n'}
[0.733800] (px4_msgs) StdoutLine: {'line': b'-- Up-to-date symlink: /root/ws_sensor_combined/install/px4_msgs/include/px4_msgs/px4_msgs/msg/detail/actuator_servos__builder.hpp\n'}
[0.733890] (px4_msgs) StdoutLine: {'line': b'-- Up-to-date symlink: /root/ws_sensor_combined/install/px4_msgs/include/px4_msgs/px4_msgs/msg/detail/actuator_servos__struct.hpp\n'}
[0.733972] (px4_msgs) StdoutLine: {'line': b'-- Up-to-date symlink: /root/ws_sensor_combined/install/px4_msgs/include/px4_msgs/px4_msgs/msg/detail/actuator_servos__traits.hpp\n'}
[0.734056] (px4_msgs) StdoutLine: {'line': b'-- Up-to-date symlink: /root/ws_sensor_combined/install/px4_msgs/include/px4_msgs/px4_msgs/msg/detail/actuator_servos__type_support.hpp\n'}
[0.734136] (px4_msgs) StdoutLine: {'line': b'-- Up-to-date symlink: /root/ws_sensor_combined/install/px4_msgs/include/px4_msgs/px4_msgs/msg/detail/actuator_servos_trim__builder.hpp\n'}
[0.734203] (px4_msgs) StdoutLine: {'line': b'-- Up-to-date symlink: /root/ws_sensor_combined/install/px4_msgs/include/px4_msgs/px4_msgs/msg/detail/actuator_servos_trim__struct.hpp\n'}
[0.734272] (px4_msgs) StdoutLine: {'line': b'-- Up-to-date symlink: /root/ws_sensor_combined/install/px4_msgs/include/px4_msgs/px4_msgs/msg/detail/actuator_servos_trim__traits.hpp\n'}
[0.734352] (px4_msgs) StdoutLine: {'line': b'-- Up-to-date symlink: /root/ws_sensor_combined/install/px4_msgs/include/px4_msgs/px4_msgs/msg/detail/actuator_servos_trim__type_support.hpp\n'}
[0.734432] (px4_msgs) StdoutLine: {'line': b'-- Up-to-date symlink: /root/ws_sensor_combined/install/px4_msgs/include/px4_msgs/px4_msgs/msg/detail/actuator_test__builder.hpp\n'}
[0.734511] (px4_msgs) StdoutLine: {'line': b'-- Up-to-date symlink: /root/ws_sensor_combined/install/px4_msgs/include/px4_msgs/px4_msgs/msg/detail/actuator_test__struct.hpp\n'}
[0.734590] (px4_msgs) StdoutLine: {'line': b'-- Up-to-date symlink: /root/ws_sensor_combined/install/px4_msgs/include/px4_msgs/px4_msgs/msg/detail/actuator_test__traits.hpp\n'}
[0.734658] (px4_msgs) StdoutLine: {'line': b'-- Up-to-date symlink: /root/ws_sensor_combined/install/px4_msgs/include/px4_msgs/px4_msgs/msg/detail/actuator_test__type_support.hpp\n'}
[0.734738] (px4_msgs) StdoutLine: {'line': b'-- Up-to-date symlink: /root/ws_sensor_combined/install/px4_msgs/include/px4_msgs/px4_msgs/msg/detail/adc_report__builder.hpp\n'}
[0.734818] (px4_msgs) StdoutLine: {'line': b'-- Up-to-date symlink: /root/ws_sensor_combined/install/px4_msgs/include/px4_msgs/px4_msgs/msg/detail/adc_report__struct.hpp\n'}
[0.734902] (px4_msgs) StdoutLine: {'line': b'-- Up-to-date symlink: /root/ws_sensor_combined/install/px4_msgs/include/px4_msgs/px4_msgs/msg/detail/adc_report__traits.hpp\n'}
[0.734971] (px4_msgs) StdoutLine: {'line': b'-- Up-to-date symlink: /root/ws_sensor_combined/install/px4_msgs/include/px4_msgs/px4_msgs/msg/detail/adc_report__type_support.hpp\n'}
[0.735100] (px4_msgs) StdoutLine: {'line': b'-- Up-to-date symlink: /root/ws_sensor_combined/install/px4_msgs/include/px4_msgs/px4_msgs/msg/detail/airspeed__builder.hpp\n'}
[0.735229] (px4_msgs) StdoutLine: {'line': b'-- Up-to-date symlink: /root/ws_sensor_combined/install/px4_msgs/include/px4_msgs/px4_msgs/msg/detail/airspeed__struct.hpp\n'}
[0.735258] (px4_msgs) StdoutLine: {'line': b'-- Up-to-date symlink: /root/ws_sensor_combined/install/px4_msgs/include/px4_msgs/px4_msgs/msg/detail/airspeed__traits.hpp\n'}
[0.735283] (px4_msgs) StdoutLine: {'line': b'-- Up-to-date symlink: /root/ws_sensor_combined/install/px4_msgs/include/px4_msgs/px4_msgs/msg/detail/airspeed__type_support.hpp\n'}
[0.735410] (px4_msgs) StdoutLine: {'line': b'-- Up-to-date symlink: /root/ws_sensor_combined/install/px4_msgs/include/px4_msgs/px4_msgs/msg/detail/airspeed_validated__builder.hpp\n'}
[0.735498] (px4_msgs) StdoutLine: {'line': b'-- Up-to-date symlink: /root/ws_sensor_combined/install/px4_msgs/include/px4_msgs/px4_msgs/msg/detail/airspeed_validated__struct.hpp\n'}
[0.735579] (px4_msgs) StdoutLine: {'line': b'-- Up-to-date symlink: /root/ws_sensor_combined/install/px4_msgs/include/px4_msgs/px4_msgs/msg/detail/airspeed_validated__traits.hpp\n'}
[0.735660] (px4_msgs) StdoutLine: {'line': b'-- Up-to-date symlink: /root/ws_sensor_combined/install/px4_msgs/include/px4_msgs/px4_msgs/msg/detail/airspeed_validated__type_support.hpp\n'}
[0.735740] (px4_msgs) StdoutLine: {'line': b'-- Up-to-date symlink: /root/ws_sensor_combined/install/px4_msgs/include/px4_msgs/px4_msgs/msg/detail/airspeed_wind__builder.hpp\n'}
[0.735819] (px4_msgs) StdoutLine: {'line': b'-- Up-to-date symlink: /root/ws_sensor_combined/install/px4_msgs/include/px4_msgs/px4_msgs/msg/detail/airspeed_wind__struct.hpp\n'}
[0.735902] (px4_msgs) StdoutLine: {'line': b'-- Up-to-date symlink: /root/ws_sensor_combined/install/px4_msgs/include/px4_msgs/px4_msgs/msg/detail/airspeed_wind__traits.hpp\n'}
[0.735981] (px4_msgs) StdoutLine: {'line': b'-- Up-to-date symlink: /root/ws_sensor_combined/install/px4_msgs/include/px4_msgs/px4_msgs/msg/detail/airspeed_wind__type_support.hpp\n'}
[0.736061] (px4_msgs) StdoutLine: {'line': b'-- Up-to-date symlink: /root/ws_sensor_combined/install/px4_msgs/include/px4_msgs/px4_msgs/msg/detail/arming_check_reply__builder.hpp\n'}
[0.736140] (px4_msgs) StdoutLine: {'line': b'-- Up-to-date symlink: /root/ws_sensor_combined/install/px4_msgs/include/px4_msgs/px4_msgs/msg/detail/arming_check_reply__struct.hpp\n'}
[0.736219] (px4_msgs) StdoutLine: {'line': b'-- Up-to-date symlink: /root/ws_sensor_combined/install/px4_msgs/include/px4_msgs/px4_msgs/msg/detail/arming_check_reply__traits.hpp\n'}
[0.736298] (px4_msgs) StdoutLine: {'line': b'-- Up-to-date symlink: /root/ws_sensor_combined/install/px4_msgs/include/px4_msgs/px4_msgs/msg/detail/arming_check_reply__type_support.hpp\n'}
[0.736377] (px4_msgs) StdoutLine: {'line': b'-- Up-to-date symlink: /root/ws_sensor_combined/install/px4_msgs/include/px4_msgs/px4_msgs/msg/detail/arming_check_request__builder.hpp\n'}
[0.736457] (px4_msgs) StdoutLine: {'line': b'-- Up-to-date symlink: /root/ws_sensor_combined/install/px4_msgs/include/px4_msgs/px4_msgs/msg/detail/arming_check_request__struct.hpp\n'}
[0.736516] (px4_msgs) StdoutLine: {'line': b'-- Up-to-date symlink: /root/ws_sensor_combined/install/px4_msgs/include/px4_msgs/px4_msgs/msg/detail/arming_check_request__traits.hpp\n'}
[0.736574] (px4_msgs) StdoutLine: {'line': b'-- Up-to-date symlink: /root/ws_sensor_combined/install/px4_msgs/include/px4_msgs/px4_msgs/msg/detail/arming_check_request__type_support.hpp\n'}
[0.736656] (px4_msgs) StdoutLine: {'line': b'-- Up-to-date symlink: /root/ws_sensor_combined/install/px4_msgs/include/px4_msgs/px4_msgs/msg/detail/autotune_attitude_control_status__builder.hpp\n'}
[0.736729] (px4_msgs) StdoutLine: {'line': b'-- Up-to-date symlink: /root/ws_sensor_combined/install/px4_msgs/include/px4_msgs/px4_msgs/msg/detail/autotune_attitude_control_status__struct.hpp\n'}
[0.736810] (px4_msgs) StdoutLine: {'line': b'-- Up-to-date symlink: /root/ws_sensor_combined/install/px4_msgs/include/px4_msgs/px4_msgs/msg/detail/autotune_attitude_control_status__traits.hpp\n'}
[0.736889] (px4_msgs) StdoutLine: {'line': b'-- Up-to-date symlink: /root/ws_sensor_combined/install/px4_msgs/include/px4_msgs/px4_msgs/msg/detail/autotune_attitude_control_status__type_support.hpp\n'}
[0.736968] (px4_msgs) StdoutLine: {'line': b'-- Up-to-date symlink: /root/ws_sensor_combined/install/px4_msgs/include/px4_msgs/px4_msgs/msg/detail/battery_info__builder.hpp\n'}
[0.737092] (px4_msgs) StdoutLine: {'line': b'-- Up-to-date symlink: /root/ws_sensor_combined/install/px4_msgs/include/px4_msgs/px4_msgs/msg/detail/battery_info__struct.hpp\n'}
[0.737259] (px4_msgs) StdoutLine: {'line': b'-- Up-to-date symlink: /root/ws_sensor_combined/install/px4_msgs/include/px4_msgs/px4_msgs/msg/detail/battery_info__traits.hpp\n'}
[0.737297] (px4_msgs) StdoutLine: {'line': b'-- Up-to-date symlink: /root/ws_sensor_combined/install/px4_msgs/include/px4_msgs/px4_msgs/msg/detail/battery_info__type_support.hpp\n'}
[0.737380] (px4_msgs) StdoutLine: {'line': b'-- Up-to-date symlink: /root/ws_sensor_combined/install/px4_msgs/include/px4_msgs/px4_msgs/msg/detail/battery_status__builder.hpp\n'}
[0.737464] (px4_msgs) StdoutLine: {'line': b'-- Up-to-date symlink: /root/ws_sensor_combined/install/px4_msgs/include/px4_msgs/px4_msgs/msg/detail/battery_status__struct.hpp\n'}
[0.737586] (px4_msgs) StdoutLine: {'line': b'-- Up-to-date symlink: /root/ws_sensor_combined/install/px4_msgs/include/px4_msgs/px4_msgs/msg/detail/battery_status__traits.hpp\n'}
[0.737617] (px4_msgs) StdoutLine: {'line': b'-- Up-to-date symlink: /root/ws_sensor_combined/install/px4_msgs/include/px4_msgs/px4_msgs/msg/detail/battery_status__type_support.hpp\n'}
[0.737700] (px4_msgs) StdoutLine: {'line': b'-- Up-to-date symlink: /root/ws_sensor_combined/install/px4_msgs/include/px4_msgs/px4_msgs/msg/detail/button_event__builder.hpp\n'}
[0.737780] (px4_msgs) StdoutLine: {'line': b'-- Up-to-date symlink: /root/ws_sensor_combined/install/px4_msgs/include/px4_msgs/px4_msgs/msg/detail/button_event__struct.hpp\n'}
[0.737861] (px4_msgs) StdoutLine: {'line': b'-- Up-to-date symlink: /root/ws_sensor_combined/install/px4_msgs/include/px4_msgs/px4_msgs/msg/detail/button_event__traits.hpp\n'}
[0.737930] (px4_msgs) StdoutLine: {'line': b'-- Up-to-date symlink: /root/ws_sensor_combined/install/px4_msgs/include/px4_msgs/px4_msgs/msg/detail/button_event__type_support.hpp\n'}
[0.738009] (px4_msgs) StdoutLine: {'line': b'-- Up-to-date symlink: /root/ws_sensor_combined/install/px4_msgs/include/px4_msgs/px4_msgs/msg/detail/camera_capture__builder.hpp\n'}
[0.738089] (px4_msgs) StdoutLine: {'line': b'-- Up-to-date symlink: /root/ws_sensor_combined/install/px4_msgs/include/px4_msgs/px4_msgs/msg/detail/camera_capture__struct.hpp\n'}
[0.738168] (px4_msgs) StdoutLine: {'line': b'-- Up-to-date symlink: /root/ws_sensor_combined/install/px4_msgs/include/px4_msgs/px4_msgs/msg/detail/camera_capture__traits.hpp\n'}
[0.738248] (px4_msgs) StdoutLine: {'line': b'-- Up-to-date symlink: /root/ws_sensor_combined/install/px4_msgs/include/px4_msgs/px4_msgs/msg/detail/camera_capture__type_support.hpp\n'}
[0.738327] (px4_msgs) StdoutLine: {'line': b'-- Up-to-date symlink: /root/ws_sensor_combined/install/px4_msgs/include/px4_msgs/px4_msgs/msg/detail/camera_status__builder.hpp\n'}
[0.738407] (px4_msgs) StdoutLine: {'line': b'-- Up-to-date symlink: /root/ws_sensor_combined/install/px4_msgs/include/px4_msgs/px4_msgs/msg/detail/camera_status__struct.hpp\n'}
[0.738468] (px4_msgs) StdoutLine: {'line': b'-- Up-to-date symlink: /root/ws_sensor_combined/install/px4_msgs/include/px4_msgs/px4_msgs/msg/detail/camera_status__traits.hpp\n'}
[0.738503] (px4_msgs) StdoutLine: {'line': b'-- Up-to-date symlink: /root/ws_sensor_combined/install/px4_msgs/include/px4_msgs/px4_msgs/msg/detail/camera_status__type_support.hpp\n'}
[0.738578] (px4_msgs) StdoutLine: {'line': b'-- Up-to-date symlink: /root/ws_sensor_combined/install/px4_msgs/include/px4_msgs/px4_msgs/msg/detail/camera_trigger__builder.hpp\n'}
[0.738611] (px4_msgs) StdoutLine: {'line': b'-- Up-to-date symlink: /root/ws_sensor_combined/install/px4_msgs/include/px4_msgs/px4_msgs/msg/detail/camera_trigger__struct.hpp\n'}
[0.738637] (px4_msgs) StdoutLine: {'line': b'-- Up-to-date symlink: /root/ws_sensor_combined/install/px4_msgs/include/px4_msgs/px4_msgs/msg/detail/camera_trigger__traits.hpp\n'}
[0.738684] (px4_msgs) StdoutLine: {'line': b'-- Up-to-date symlink: /root/ws_sensor_combined/install/px4_msgs/include/px4_msgs/px4_msgs/msg/detail/camera_trigger__type_support.hpp\n'}
[0.738769] (px4_msgs) StdoutLine: {'line': b'-- Up-to-date symlink: /root/ws_sensor_combined/install/px4_msgs/include/px4_msgs/px4_msgs/msg/detail/can_interface_status__builder.hpp\n'}
[0.738856] (px4_msgs) StdoutLine: {'line': b'-- Up-to-date symlink: /root/ws_sensor_combined/install/px4_msgs/include/px4_msgs/px4_msgs/msg/detail/can_interface_status__struct.hpp\n'}
[0.738942] (px4_msgs) StdoutLine: {'line': b'-- Up-to-date symlink: /root/ws_sensor_combined/install/px4_msgs/include/px4_msgs/px4_msgs/msg/detail/can_interface_status__traits.hpp\n'}
[0.739027] (px4_msgs) StdoutLine: {'line': b'-- Up-to-date symlink: /root/ws_sensor_combined/install/px4_msgs/include/px4_msgs/px4_msgs/msg/detail/can_interface_status__type_support.hpp\n'}
[0.739111] (px4_msgs) StdoutLine: {'line': b'-- Up-to-date symlink: /root/ws_sensor_combined/install/px4_msgs/include/px4_msgs/px4_msgs/msg/detail/cellular_status__builder.hpp\n'}
[0.739197] (px4_msgs) StdoutLine: {'line': b'-- Up-to-date symlink: /root/ws_sensor_combined/install/px4_msgs/include/px4_msgs/px4_msgs/msg/detail/cellular_status__struct.hpp\n'}
[0.739282] (px4_msgs) StdoutLine: {'line': b'-- Up-to-date symlink: /root/ws_sensor_combined/install/px4_msgs/include/px4_msgs/px4_msgs/msg/detail/cellular_status__traits.hpp\n'}
[0.739365] (px4_msgs) StdoutLine: {'line': b'-- Up-to-date symlink: /root/ws_sensor_combined/install/px4_msgs/include/px4_msgs/px4_msgs/msg/detail/cellular_status__type_support.hpp\n'}
[0.739455] (px4_msgs) StdoutLine: {'line': b'-- Up-to-date symlink: /root/ws_sensor_combined/install/px4_msgs/include/px4_msgs/px4_msgs/msg/detail/collision_constraints__builder.hpp\n'}
[0.739541] (px4_msgs) StdoutLine: {'line': b'-- Up-to-date symlink: /root/ws_sensor_combined/install/px4_msgs/include/px4_msgs/px4_msgs/msg/detail/collision_constraints__struct.hpp\n'}
[0.739668] (px4_msgs) StdoutLine: {'line': b'-- Up-to-date symlink: /root/ws_sensor_combined/install/px4_msgs/include/px4_msgs/px4_msgs/msg/detail/collision_constraints__traits.hpp\n'}
[0.739740] (px4_msgs) StdoutLine: {'line': b'-- Up-to-date symlink: /root/ws_sensor_combined/install/px4_msgs/include/px4_msgs/px4_msgs/msg/detail/collision_constraints__type_support.hpp\n'}
[0.739965] (px4_msgs) StdoutLine: {'line': b'-- Up-to-date symlink: /root/ws_sensor_combined/install/px4_msgs/include/px4_msgs/px4_msgs/msg/detail/config_overrides__builder.hpp\n'}
[0.740103] (px4_msgs) StdoutLine: {'line': b'-- Up-to-date symlink: /root/ws_sensor_combined/install/px4_msgs/include/px4_msgs/px4_msgs/msg/detail/config_overrides__struct.hpp\n'}
[0.740189] (px4_msgs) StdoutLine: {'line': b'-- Up-to-date symlink: /root/ws_sensor_combined/install/px4_msgs/include/px4_msgs/px4_msgs/msg/detail/config_overrides__traits.hpp\n'}
[0.740269] (px4_msgs) StdoutLine: {'line': b'-- Up-to-date symlink: /root/ws_sensor_combined/install/px4_msgs/include/px4_msgs/px4_msgs/msg/detail/config_overrides__type_support.hpp\n'}
[0.740349] (px4_msgs) StdoutLine: {'line': b'-- Up-to-date symlink: /root/ws_sensor_combined/install/px4_msgs/include/px4_msgs/px4_msgs/msg/detail/control_allocator_status__builder.hpp\n'}
[0.740427] (px4_msgs) StdoutLine: {'line': b'-- Up-to-date symlink: /root/ws_sensor_combined/install/px4_msgs/include/px4_msgs/px4_msgs/msg/detail/control_allocator_status__struct.hpp\n'}
[0.740507] (px4_msgs) StdoutLine: {'line': b'-- Up-to-date symlink: /root/ws_sensor_combined/install/px4_msgs/include/px4_msgs/px4_msgs/msg/detail/control_allocator_status__traits.hpp\n'}
[0.740585] (px4_msgs) StdoutLine: {'line': b'-- Up-to-date symlink: /root/ws_sensor_combined/install/px4_msgs/include/px4_msgs/px4_msgs/msg/detail/control_allocator_status__type_support.hpp\n'}
[0.740665] (px4_msgs) StdoutLine: {'line': b'-- Up-to-date symlink: /root/ws_sensor_combined/install/px4_msgs/include/px4_msgs/px4_msgs/msg/detail/cpuload__builder.hpp\n'}
[0.740744] (px4_msgs) StdoutLine: {'line': b'-- Up-to-date symlink: /root/ws_sensor_combined/install/px4_msgs/include/px4_msgs/px4_msgs/msg/detail/cpuload__struct.hpp\n'}
[0.740823] (px4_msgs) StdoutLine: {'line': b'-- Up-to-date symlink: /root/ws_sensor_combined/install/px4_msgs/include/px4_msgs/px4_msgs/msg/detail/cpuload__traits.hpp\n'}
[0.740968] (px4_msgs) StdoutLine: {'line': b'-- Up-to-date symlink: /root/ws_sensor_combined/install/px4_msgs/include/px4_msgs/px4_msgs/msg/detail/cpuload__type_support.hpp\n'}
[0.741003] (px4_msgs) StdoutLine: {'line': b'-- Up-to-date symlink: /root/ws_sensor_combined/install/px4_msgs/include/px4_msgs/px4_msgs/msg/detail/dataman_request__builder.hpp\n'}
[0.741079] (px4_msgs) StdoutLine: {'line': b'-- Up-to-date symlink: /root/ws_sensor_combined/install/px4_msgs/include/px4_msgs/px4_msgs/msg/detail/dataman_request__struct.hpp\n'}
[0.741161] (px4_msgs) StdoutLine: {'line': b'-- Up-to-date symlink: /root/ws_sensor_combined/install/px4_msgs/include/px4_msgs/px4_msgs/msg/detail/dataman_request__traits.hpp\n'}
[0.741230] (px4_msgs) StdoutLine: {'line': b'-- Up-to-date symlink: /root/ws_sensor_combined/install/px4_msgs/include/px4_msgs/px4_msgs/msg/detail/dataman_request__type_support.hpp\n'}
[0.741311] (px4_msgs) StdoutLine: {'line': b'-- Up-to-date symlink: /root/ws_sensor_combined/install/px4_msgs/include/px4_msgs/px4_msgs/msg/detail/dataman_response__builder.hpp\n'}
[0.741392] (px4_msgs) StdoutLine: {'line': b'-- Up-to-date symlink: /root/ws_sensor_combined/install/px4_msgs/include/px4_msgs/px4_msgs/msg/detail/dataman_response__struct.hpp\n'}
[0.741442] (px4_msgs) StdoutLine: {'line': b'-- Up-to-date symlink: /root/ws_sensor_combined/install/px4_msgs/include/px4_msgs/px4_msgs/msg/detail/dataman_response__traits.hpp\n'}
[0.741468] (px4_msgs) StdoutLine: {'line': b'-- Up-to-date symlink: /root/ws_sensor_combined/install/px4_msgs/include/px4_msgs/px4_msgs/msg/detail/dataman_response__type_support.hpp\n'}
[0.741518] (px4_msgs) StdoutLine: {'line': b'-- Up-to-date symlink: /root/ws_sensor_combined/install/px4_msgs/include/px4_msgs/px4_msgs/msg/detail/debug_array__builder.hpp\n'}
[0.741551] (px4_msgs) StdoutLine: {'line': b'-- Up-to-date symlink: /root/ws_sensor_combined/install/px4_msgs/include/px4_msgs/px4_msgs/msg/detail/debug_array__struct.hpp\n'}
[0.741613] (px4_msgs) StdoutLine: {'line': b'-- Up-to-date symlink: /root/ws_sensor_combined/install/px4_msgs/include/px4_msgs/px4_msgs/msg/detail/debug_array__traits.hpp\n'}
[0.741695] (px4_msgs) StdoutLine: {'line': b'-- Up-to-date symlink: /root/ws_sensor_combined/install/px4_msgs/include/px4_msgs/px4_msgs/msg/detail/debug_array__type_support.hpp\n'}
[0.741764] (px4_msgs) StdoutLine: {'line': b'-- Up-to-date symlink: /root/ws_sensor_combined/install/px4_msgs/include/px4_msgs/px4_msgs/msg/detail/debug_key_value__builder.hpp\n'}
[0.741845] (px4_msgs) StdoutLine: {'line': b'-- Up-to-date symlink: /root/ws_sensor_combined/install/px4_msgs/include/px4_msgs/px4_msgs/msg/detail/debug_key_value__struct.hpp\n'}
[0.741925] (px4_msgs) StdoutLine: {'line': b'-- Up-to-date symlink: /root/ws_sensor_combined/install/px4_msgs/include/px4_msgs/px4_msgs/msg/detail/debug_key_value__traits.hpp\n'}
[0.742063] (px4_msgs) StdoutLine: {'line': b'-- Up-to-date symlink: /root/ws_sensor_combined/install/px4_msgs/include/px4_msgs/px4_msgs/msg/detail/debug_key_value__type_support.hpp\n'}
[0.742114] (px4_msgs) StdoutLine: {'line': b'-- Up-to-date symlink: /root/ws_sensor_combined/install/px4_msgs/include/px4_msgs/px4_msgs/msg/detail/debug_value__builder.hpp\n'}
[0.742140] (px4_msgs) StdoutLine: {'line': b'-- Up-to-date symlink: /root/ws_sensor_combined/install/px4_msgs/include/px4_msgs/px4_msgs/msg/detail/debug_value__struct.hpp\n'}
[0.742197] (px4_msgs) StdoutLine: {'line': b'-- Up-to-date symlink: /root/ws_sensor_combined/install/px4_msgs/include/px4_msgs/px4_msgs/msg/detail/debug_value__traits.hpp\n'}
[0.742281] (px4_msgs) StdoutLine: {'line': b'-- Up-to-date symlink: /root/ws_sensor_combined/install/px4_msgs/include/px4_msgs/px4_msgs/msg/detail/debug_value__type_support.hpp\n'}
[0.742361] (px4_msgs) StdoutLine: {'line': b'-- Up-to-date symlink: /root/ws_sensor_combined/install/px4_msgs/include/px4_msgs/px4_msgs/msg/detail/debug_vect__builder.hpp\n'}
[0.742430] (px4_msgs) StdoutLine: {'line': b'-- Up-to-date symlink: /root/ws_sensor_combined/install/px4_msgs/include/px4_msgs/px4_msgs/msg/detail/debug_vect__struct.hpp\n'}
[0.742512] (px4_msgs) StdoutLine: {'line': b'-- Up-to-date symlink: /root/ws_sensor_combined/install/px4_msgs/include/px4_msgs/px4_msgs/msg/detail/debug_vect__traits.hpp\n'}
[0.742583] (px4_msgs) StdoutLine: {'line': b'-- Up-to-date symlink: /root/ws_sensor_combined/install/px4_msgs/include/px4_msgs/px4_msgs/msg/detail/debug_vect__type_support.hpp\n'}
[0.742613] (px4_msgs) StdoutLine: {'line': b'-- Up-to-date symlink: /root/ws_sensor_combined/install/px4_msgs/include/px4_msgs/px4_msgs/msg/detail/differential_pressure__builder.hpp\n'}
[0.742642] (px4_msgs) StdoutLine: {'line': b'-- Up-to-date symlink: /root/ws_sensor_combined/install/px4_msgs/include/px4_msgs/px4_msgs/msg/detail/differential_pressure__struct.hpp\n'}
[0.742829] (px4_msgs) StdoutLine: {'line': b'-- Up-to-date symlink: /root/ws_sensor_combined/install/px4_msgs/include/px4_msgs/px4_msgs/msg/detail/differential_pressure__traits.hpp\n'}
[0.742925] (px4_msgs) StdoutLine: {'line': b'-- Up-to-date symlink: /root/ws_sensor_combined/install/px4_msgs/include/px4_msgs/px4_msgs/msg/detail/differential_pressure__type_support.hpp\n'}
[0.743000] (px4_msgs) StdoutLine: {'line': b'-- Up-to-date symlink: /root/ws_sensor_combined/install/px4_msgs/include/px4_msgs/px4_msgs/msg/detail/distance_sensor__builder.hpp\n'}
[0.743080] (px4_msgs) StdoutLine: {'line': b'-- Up-to-date symlink: /root/ws_sensor_combined/install/px4_msgs/include/px4_msgs/px4_msgs/msg/detail/distance_sensor__struct.hpp\n'}
[0.743160] (px4_msgs) StdoutLine: {'line': b'-- Up-to-date symlink: /root/ws_sensor_combined/install/px4_msgs/include/px4_msgs/px4_msgs/msg/detail/distance_sensor__traits.hpp\n'}
[0.743240] (px4_msgs) StdoutLine: {'line': b'-- Up-to-date symlink: /root/ws_sensor_combined/install/px4_msgs/include/px4_msgs/px4_msgs/msg/detail/distance_sensor__type_support.hpp\n'}
[0.743300] (px4_msgs) StdoutLine: {'line': b'-- Up-to-date symlink: /root/ws_sensor_combined/install/px4_msgs/include/px4_msgs/px4_msgs/msg/detail/distance_sensor_mode_change_request__builder.hpp\n'}
[0.743330] (px4_msgs) StdoutLine: {'line': b'-- Up-to-date symlink: /root/ws_sensor_combined/install/px4_msgs/include/px4_msgs/px4_msgs/msg/detail/distance_sensor_mode_change_request__struct.hpp\n'}
[0.743361] (px4_msgs) StdoutLine: {'line': b'-- Up-to-date symlink: /root/ws_sensor_combined/install/px4_msgs/include/px4_msgs/px4_msgs/msg/detail/distance_sensor_mode_change_request__traits.hpp\n'}
[0.743473] (px4_msgs) StdoutLine: {'line': b'-- Up-to-date symlink: /root/ws_sensor_combined/install/px4_msgs/include/px4_msgs/px4_msgs/msg/detail/distance_sensor_mode_change_request__type_support.hpp\n'}
[0.743557] (px4_msgs) StdoutLine: {'line': b'-- Up-to-date symlink: /root/ws_sensor_combined/install/px4_msgs/include/px4_msgs/px4_msgs/msg/detail/dronecan_node_status__builder.hpp\n'}
[0.743636] (px4_msgs) StdoutLine: {'line': b'-- Up-to-date symlink: /root/ws_sensor_combined/install/px4_msgs/include/px4_msgs/px4_msgs/msg/detail/dronecan_node_status__struct.hpp\n'}
[0.743705] (px4_msgs) StdoutLine: {'line': b'-- Up-to-date symlink: /root/ws_sensor_combined/install/px4_msgs/include/px4_msgs/px4_msgs/msg/detail/dronecan_node_status__traits.hpp\n'}
[0.743785] (px4_msgs) StdoutLine: {'line': b'-- Up-to-date symlink: /root/ws_sensor_combined/install/px4_msgs/include/px4_msgs/px4_msgs/msg/detail/dronecan_node_status__type_support.hpp\n'}
[0.743865] (px4_msgs) StdoutLine: {'line': b'-- Up-to-date symlink: /root/ws_sensor_combined/install/px4_msgs/include/px4_msgs/px4_msgs/msg/detail/ekf2_timestamps__builder.hpp\n'}
[0.743976] (px4_msgs) StdoutLine: {'line': b'-- Up-to-date symlink: /root/ws_sensor_combined/install/px4_msgs/include/px4_msgs/px4_msgs/msg/detail/ekf2_timestamps__struct.hpp\n'}
[0.744042] (px4_msgs) StdoutLine: {'line': b'-- Up-to-date symlink: /root/ws_sensor_combined/install/px4_msgs/include/px4_msgs/px4_msgs/msg/detail/ekf2_timestamps__traits.hpp\n'}
[0.744128] (px4_msgs) StdoutLine: {'line': b'-- Up-to-date symlink: /root/ws_sensor_combined/install/px4_msgs/include/px4_msgs/px4_msgs/msg/detail/ekf2_timestamps__type_support.hpp\n'}
[0.744208] (px4_msgs) StdoutLine: {'line': b'-- Up-to-date symlink: /root/ws_sensor_combined/install/px4_msgs/include/px4_msgs/px4_msgs/msg/detail/esc_report__builder.hpp\n'}
[0.744287] (px4_msgs) StdoutLine: {'line': b'-- Up-to-date symlink: /root/ws_sensor_combined/install/px4_msgs/include/px4_msgs/px4_msgs/msg/detail/esc_report__struct.hpp\n'}
[0.744366] (px4_msgs) StdoutLine: {'line': b'-- Up-to-date symlink: /root/ws_sensor_combined/install/px4_msgs/include/px4_msgs/px4_msgs/msg/detail/esc_report__traits.hpp\n'}
[0.744445] (px4_msgs) StdoutLine: {'line': b'-- Up-to-date symlink: /root/ws_sensor_combined/install/px4_msgs/include/px4_msgs/px4_msgs/msg/detail/esc_report__type_support.hpp\n'}
[0.744592] (px4_msgs) StdoutLine: {'line': b'-- Up-to-date symlink: /root/ws_sensor_combined/install/px4_msgs/include/px4_msgs/px4_msgs/msg/detail/esc_status__builder.hpp\n'}
[0.744635] (px4_msgs) StdoutLine: {'line': b'-- Up-to-date symlink: /root/ws_sensor_combined/install/px4_msgs/include/px4_msgs/px4_msgs/msg/detail/esc_status__struct.hpp\n'}
[0.744666] (px4_msgs) StdoutLine: {'line': b'-- Up-to-date symlink: /root/ws_sensor_combined/install/px4_msgs/include/px4_msgs/px4_msgs/msg/detail/esc_status__traits.hpp\n'}
[0.744811] (px4_msgs) StdoutLine: {'line': b'-- Up-to-date symlink: /root/ws_sensor_combined/install/px4_msgs/include/px4_msgs/px4_msgs/msg/detail/esc_status__type_support.hpp\n'}
[0.745072] (px4_msgs) StdoutLine: {'line': b'-- Up-to-date symlink: /root/ws_sensor_combined/install/px4_msgs/include/px4_msgs/px4_msgs/msg/detail/estimator_aid_source1d__builder.hpp\n'}
[0.745122] (px4_msgs) StdoutLine: {'line': b'-- Up-to-date symlink: /root/ws_sensor_combined/install/px4_msgs/include/px4_msgs/px4_msgs/msg/detail/estimator_aid_source1d__struct.hpp\n'}
[0.745159] (px4_msgs) StdoutLine: {'line': b'-- Up-to-date symlink: /root/ws_sensor_combined/install/px4_msgs/include/px4_msgs/px4_msgs/msg/detail/estimator_aid_source1d__traits.hpp\n'}
[0.745244] (px4_msgs) StdoutLine: {'line': b'-- Up-to-date symlink: /root/ws_sensor_combined/install/px4_msgs/include/px4_msgs/px4_msgs/msg/detail/estimator_aid_source1d__type_support.hpp\n'}
[0.745314] (px4_msgs) StdoutLine: {'line': b'-- Up-to-date symlink: /root/ws_sensor_combined/install/px4_msgs/include/px4_msgs/px4_msgs/msg/detail/estimator_aid_source2d__builder.hpp\n'}
[0.745395] (px4_msgs) StdoutLine: {'line': b'-- Up-to-date symlink: /root/ws_sensor_combined/install/px4_msgs/include/px4_msgs/px4_msgs/msg/detail/estimator_aid_source2d__struct.hpp\n'}
[0.745476] (px4_msgs) StdoutLine: {'line': b'-- Up-to-date symlink: /root/ws_sensor_combined/install/px4_msgs/include/px4_msgs/px4_msgs/msg/detail/estimator_aid_source2d__traits.hpp\n'}
[0.745580] (px4_msgs) StdoutLine: {'line': b'-- Up-to-date symlink: /root/ws_sensor_combined/install/px4_msgs/include/px4_msgs/px4_msgs/msg/detail/estimator_aid_source2d__type_support.hpp\n'}
[0.745628] (px4_msgs) StdoutLine: {'line': b'-- Up-to-date symlink: /root/ws_sensor_combined/install/px4_msgs/include/px4_msgs/px4_msgs/msg/detail/estimator_aid_source3d__builder.hpp\n'}
[0.745711] (px4_msgs) StdoutLine: {'line': b'-- Up-to-date symlink: /root/ws_sensor_combined/install/px4_msgs/include/px4_msgs/px4_msgs/msg/detail/estimator_aid_source3d__struct.hpp\n'}
[0.745791] (px4_msgs) StdoutLine: {'line': b'-- Up-to-date symlink: /root/ws_sensor_combined/install/px4_msgs/include/px4_msgs/px4_msgs/msg/detail/estimator_aid_source3d__traits.hpp\n'}
[0.745870] (px4_msgs) StdoutLine: {'line': b'-- Up-to-date symlink: /root/ws_sensor_combined/install/px4_msgs/include/px4_msgs/px4_msgs/msg/detail/estimator_aid_source3d__type_support.hpp\n'}
[0.745951] (px4_msgs) StdoutLine: {'line': b'-- Up-to-date symlink: /root/ws_sensor_combined/install/px4_msgs/include/px4_msgs/px4_msgs/msg/detail/estimator_bias3d__builder.hpp\n'}
[0.746031] (px4_msgs) StdoutLine: {'line': b'-- Up-to-date symlink: /root/ws_sensor_combined/install/px4_msgs/include/px4_msgs/px4_msgs/msg/detail/estimator_bias3d__struct.hpp\n'}
[0.746112] (px4_msgs) StdoutLine: {'line': b'-- Up-to-date symlink: /root/ws_sensor_combined/install/px4_msgs/include/px4_msgs/px4_msgs/msg/detail/estimator_bias3d__traits.hpp\n'}
[0.746193] (px4_msgs) StdoutLine: {'line': b'-- Up-to-date symlink: /root/ws_sensor_combined/install/px4_msgs/include/px4_msgs/px4_msgs/msg/detail/estimator_bias3d__type_support.hpp\n'}
[0.746274] (px4_msgs) StdoutLine: {'line': b'-- Up-to-date symlink: /root/ws_sensor_combined/install/px4_msgs/include/px4_msgs/px4_msgs/msg/detail/estimator_bias__builder.hpp\n'}
[0.746343] (px4_msgs) StdoutLine: {'line': b'-- Up-to-date symlink: /root/ws_sensor_combined/install/px4_msgs/include/px4_msgs/px4_msgs/msg/detail/estimator_bias__struct.hpp\n'}
[0.746423] (px4_msgs) StdoutLine: {'line': b'-- Up-to-date symlink: /root/ws_sensor_combined/install/px4_msgs/include/px4_msgs/px4_msgs/msg/detail/estimator_bias__traits.hpp\n'}
[0.746503] (px4_msgs) StdoutLine: {'line': b'-- Up-to-date symlink: /root/ws_sensor_combined/install/px4_msgs/include/px4_msgs/px4_msgs/msg/detail/estimator_bias__type_support.hpp\n'}
[0.746567] (px4_msgs) StdoutLine: {'line': b'-- Up-to-date symlink: /root/ws_sensor_combined/install/px4_msgs/include/px4_msgs/px4_msgs/msg/detail/estimator_event_flags__builder.hpp\n'}
[0.746612] (px4_msgs) StdoutLine: {'line': b'-- Up-to-date symlink: /root/ws_sensor_combined/install/px4_msgs/include/px4_msgs/px4_msgs/msg/detail/estimator_event_flags__struct.hpp\n'}
[0.746683] (px4_msgs) StdoutLine: {'line': b'-- Up-to-date symlink: /root/ws_sensor_combined/install/px4_msgs/include/px4_msgs/px4_msgs/msg/detail/estimator_event_flags__traits.hpp\n'}
[0.746755] (px4_msgs) StdoutLine: {'line': b'-- Up-to-date symlink: /root/ws_sensor_combined/install/px4_msgs/include/px4_msgs/px4_msgs/msg/detail/estimator_event_flags__type_support.hpp\n'}
[0.746837] (px4_msgs) StdoutLine: {'line': b'-- Up-to-date symlink: /root/ws_sensor_combined/install/px4_msgs/include/px4_msgs/px4_msgs/msg/detail/estimator_gps_status__builder.hpp\n'}
[0.746919] (px4_msgs) StdoutLine: {'line': b'-- Up-to-date symlink: /root/ws_sensor_combined/install/px4_msgs/include/px4_msgs/px4_msgs/msg/detail/estimator_gps_status__struct.hpp\n'}
[0.746999] (px4_msgs) StdoutLine: {'line': b'-- Up-to-date symlink: /root/ws_sensor_combined/install/px4_msgs/include/px4_msgs/px4_msgs/msg/detail/estimator_gps_status__traits.hpp\n'}
[0.747069] (px4_msgs) StdoutLine: {'line': b'-- Up-to-date symlink: /root/ws_sensor_combined/install/px4_msgs/include/px4_msgs/px4_msgs/msg/detail/estimator_gps_status__type_support.hpp\n'}
[0.747119] (px4_msgs) StdoutLine: {'line': b'-- Up-to-date symlink: /root/ws_sensor_combined/install/px4_msgs/include/px4_msgs/px4_msgs/msg/detail/estimator_innovations__builder.hpp\n'}
[0.747145] (px4_msgs) StdoutLine: {'line': b'-- Up-to-date symlink: /root/ws_sensor_combined/install/px4_msgs/include/px4_msgs/px4_msgs/msg/detail/estimator_innovations__struct.hpp\n'}
[0.747452] (px4_msgs) StdoutLine: {'line': b'-- Up-to-date symlink: /root/ws_sensor_combined/install/px4_msgs/include/px4_msgs/px4_msgs/msg/detail/estimator_innovations__traits.hpp\n'}
[0.747541] (px4_msgs) StdoutLine: {'line': b'-- Up-to-date symlink: /root/ws_sensor_combined/install/px4_msgs/include/px4_msgs/px4_msgs/msg/detail/estimator_innovations__type_support.hpp\n'}
[0.747689] (px4_msgs) StdoutLine: {'line': b'-- Up-to-date symlink: /root/ws_sensor_combined/install/px4_msgs/include/px4_msgs/px4_msgs/msg/detail/estimator_selector_status__builder.hpp\n'}
[0.747732] (px4_msgs) StdoutLine: {'line': b'-- Up-to-date symlink: /root/ws_sensor_combined/install/px4_msgs/include/px4_msgs/px4_msgs/msg/detail/estimator_selector_status__struct.hpp\n'}
[0.747840] (px4_msgs) StdoutLine: {'line': b'-- Up-to-date symlink: /root/ws_sensor_combined/install/px4_msgs/include/px4_msgs/px4_msgs/msg/detail/estimator_selector_status__traits.hpp\n'}
[0.747924] (px4_msgs) StdoutLine: {'line': b'-- Up-to-date symlink: /root/ws_sensor_combined/install/px4_msgs/include/px4_msgs/px4_msgs/msg/detail/estimator_selector_status__type_support.hpp\n'}
[0.748005] (px4_msgs) StdoutLine: {'line': b'-- Up-to-date symlink: /root/ws_sensor_combined/install/px4_msgs/include/px4_msgs/px4_msgs/msg/detail/estimator_sensor_bias__builder.hpp\n'}
[0.748086] (px4_msgs) StdoutLine: {'line': b'-- Up-to-date symlink: /root/ws_sensor_combined/install/px4_msgs/include/px4_msgs/px4_msgs/msg/detail/estimator_sensor_bias__struct.hpp\n'}
[0.748166] (px4_msgs) StdoutLine: {'line': b'-- Up-to-date symlink: /root/ws_sensor_combined/install/px4_msgs/include/px4_msgs/px4_msgs/msg/detail/estimator_sensor_bias__traits.hpp\n'}
[0.748229] (px4_msgs) StdoutLine: {'line': b'-- Up-to-date symlink: /root/ws_sensor_combined/install/px4_msgs/include/px4_msgs/px4_msgs/msg/detail/estimator_sensor_bias__type_support.hpp\n'}
[0.748290] (px4_msgs) StdoutLine: {'line': b'-- Up-to-date symlink: /root/ws_sensor_combined/install/px4_msgs/include/px4_msgs/px4_msgs/msg/detail/estimator_states__builder.hpp\n'}
[0.748371] (px4_msgs) StdoutLine: {'line': b'-- Up-to-date symlink: /root/ws_sensor_combined/install/px4_msgs/include/px4_msgs/px4_msgs/msg/detail/estimator_states__struct.hpp\n'}
[0.748452] (px4_msgs) StdoutLine: {'line': b'-- Up-to-date symlink: /root/ws_sensor_combined/install/px4_msgs/include/px4_msgs/px4_msgs/msg/detail/estimator_states__traits.hpp\n'}
[0.748527] (px4_msgs) StdoutLine: {'line': b'-- Up-to-date symlink: /root/ws_sensor_combined/install/px4_msgs/include/px4_msgs/px4_msgs/msg/detail/estimator_states__type_support.hpp\n'}
[0.748607] (px4_msgs) StdoutLine: {'line': b'-- Up-to-date symlink: /root/ws_sensor_combined/install/px4_msgs/include/px4_msgs/px4_msgs/msg/detail/estimator_status__builder.hpp\n'}
[0.748687] (px4_msgs) StdoutLine: {'line': b'-- Up-to-date symlink: /root/ws_sensor_combined/install/px4_msgs/include/px4_msgs/px4_msgs/msg/detail/estimator_status__struct.hpp\n'}
[0.748768] (px4_msgs) StdoutLine: {'line': b'-- Up-to-date symlink: /root/ws_sensor_combined/install/px4_msgs/include/px4_msgs/px4_msgs/msg/detail/estimator_status__traits.hpp\n'}
[0.748837] (px4_msgs) StdoutLine: {'line': b'-- Up-to-date symlink: /root/ws_sensor_combined/install/px4_msgs/include/px4_msgs/px4_msgs/msg/detail/estimator_status__type_support.hpp\n'}
[0.748922] (px4_msgs) StdoutLine: {'line': b'-- Up-to-date symlink: /root/ws_sensor_combined/install/px4_msgs/include/px4_msgs/px4_msgs/msg/detail/estimator_status_flags__builder.hpp\n'}
[0.748992] (px4_msgs) StdoutLine: {'line': b'-- Up-to-date symlink: /root/ws_sensor_combined/install/px4_msgs/include/px4_msgs/px4_msgs/msg/detail/estimator_status_flags__struct.hpp\n'}
[0.749073] (px4_msgs) StdoutLine: {'line': b'-- Up-to-date symlink: /root/ws_sensor_combined/install/px4_msgs/include/px4_msgs/px4_msgs/msg/detail/estimator_status_flags__traits.hpp\n'}
[0.749155] (px4_msgs) StdoutLine: {'line': b'-- Up-to-date symlink: /root/ws_sensor_combined/install/px4_msgs/include/px4_msgs/px4_msgs/msg/detail/estimator_status_flags__type_support.hpp\n'}
[0.749225] (px4_msgs) StdoutLine: {'line': b'-- Up-to-date symlink: /root/ws_sensor_combined/install/px4_msgs/include/px4_msgs/px4_msgs/msg/detail/event__builder.hpp\n'}
[0.749306] (px4_msgs) StdoutLine: {'line': b'-- Up-to-date symlink: /root/ws_sensor_combined/install/px4_msgs/include/px4_msgs/px4_msgs/msg/detail/event__struct.hpp\n'}
[0.749386] (px4_msgs) StdoutLine: {'line': b'-- Up-to-date symlink: /root/ws_sensor_combined/install/px4_msgs/include/px4_msgs/px4_msgs/msg/detail/event__traits.hpp\n'}
[0.749469] (px4_msgs) StdoutLine: {'line': b'-- Up-to-date symlink: /root/ws_sensor_combined/install/px4_msgs/include/px4_msgs/px4_msgs/msg/detail/event__type_support.hpp\n'}
[0.749560] (px4_msgs) StdoutLine: {'line': b'-- Up-to-date symlink: /root/ws_sensor_combined/install/px4_msgs/include/px4_msgs/px4_msgs/msg/detail/failsafe_flags__builder.hpp\n'}
[0.749642] (px4_msgs) StdoutLine: {'line': b'-- Up-to-date symlink: /root/ws_sensor_combined/install/px4_msgs/include/px4_msgs/px4_msgs/msg/detail/failsafe_flags__struct.hpp\n'}
[0.749799] (px4_msgs) StdoutLine: {'line': b'-- Up-to-date symlink: /root/ws_sensor_combined/install/px4_msgs/include/px4_msgs/px4_msgs/msg/detail/failsafe_flags__traits.hpp\n'}
[0.749831] (px4_msgs) StdoutLine: {'line': b'-- Up-to-date symlink: /root/ws_sensor_combined/install/px4_msgs/include/px4_msgs/px4_msgs/msg/detail/failsafe_flags__type_support.hpp\n'}
[0.749889] (px4_msgs) StdoutLine: {'line': b'-- Up-to-date symlink: /root/ws_sensor_combined/install/px4_msgs/include/px4_msgs/px4_msgs/msg/detail/failure_detector_status__builder.hpp\n'}
[0.749970] (px4_msgs) StdoutLine: {'line': b'-- Up-to-date symlink: /root/ws_sensor_combined/install/px4_msgs/include/px4_msgs/px4_msgs/msg/detail/failure_detector_status__struct.hpp\n'}
[0.750050] (px4_msgs) StdoutLine: {'line': b'-- Up-to-date symlink: /root/ws_sensor_combined/install/px4_msgs/include/px4_msgs/px4_msgs/msg/detail/failure_detector_status__traits.hpp\n'}
[0.750130] (px4_msgs) StdoutLine: {'line': b'-- Up-to-date symlink: /root/ws_sensor_combined/install/px4_msgs/include/px4_msgs/px4_msgs/msg/detail/failure_detector_status__type_support.hpp\n'}
[0.750212] (px4_msgs) StdoutLine: {'line': b'-- Up-to-date symlink: /root/ws_sensor_combined/install/px4_msgs/include/px4_msgs/px4_msgs/msg/detail/figure_eight_status__builder.hpp\n'}
[0.750298] (px4_msgs) StdoutLine: {'line': b'-- Up-to-date symlink: /root/ws_sensor_combined/install/px4_msgs/include/px4_msgs/px4_msgs/msg/detail/figure_eight_status__struct.hpp\n'}
[0.750379] (px4_msgs) StdoutLine: {'line': b'-- Up-to-date symlink: /root/ws_sensor_combined/install/px4_msgs/include/px4_msgs/px4_msgs/msg/detail/figure_eight_status__traits.hpp\n'}
[0.750437] (px4_msgs) StdoutLine: {'line': b'-- Up-to-date symlink: /root/ws_sensor_combined/install/px4_msgs/include/px4_msgs/px4_msgs/msg/detail/figure_eight_status__type_support.hpp\n'}
[0.750466] (px4_msgs) StdoutLine: {'line': b'-- Up-to-date symlink: /root/ws_sensor_combined/install/px4_msgs/include/px4_msgs/px4_msgs/msg/detail/fixed_wing_lateral_guidance_status__builder.hpp\n'}
[0.750491] (px4_msgs) StdoutLine: {'line': b'-- Up-to-date symlink: /root/ws_sensor_combined/install/px4_msgs/include/px4_msgs/px4_msgs/msg/detail/fixed_wing_lateral_guidance_status__struct.hpp\n'}
[0.750517] (px4_msgs) StdoutLine: {'line': b'-- Up-to-date symlink: /root/ws_sensor_combined/install/px4_msgs/include/px4_msgs/px4_msgs/msg/detail/fixed_wing_lateral_guidance_status__traits.hpp\n'}
[0.750541] (px4_msgs) StdoutLine: {'line': b'-- Up-to-date symlink: /root/ws_sensor_combined/install/px4_msgs/include/px4_msgs/px4_msgs/msg/detail/fixed_wing_lateral_guidance_status__type_support.hpp\n'}
[0.750678] (px4_msgs) StdoutLine: {'line': b'-- Up-to-date symlink: /root/ws_sensor_combined/install/px4_msgs/include/px4_msgs/px4_msgs/msg/detail/fixed_wing_lateral_setpoint__builder.hpp\n'}
[0.750719] (px4_msgs) StdoutLine: {'line': b'-- Up-to-date symlink: /root/ws_sensor_combined/install/px4_msgs/include/px4_msgs/px4_msgs/msg/detail/fixed_wing_lateral_setpoint__struct.hpp\n'}
[0.750746] (px4_msgs) StdoutLine: {'line': b'-- Up-to-date symlink: /root/ws_sensor_combined/install/px4_msgs/include/px4_msgs/px4_msgs/msg/detail/fixed_wing_lateral_setpoint__traits.hpp\n'}
[0.750818] (px4_msgs) StdoutLine: {'line': b'-- Up-to-date symlink: /root/ws_sensor_combined/install/px4_msgs/include/px4_msgs/px4_msgs/msg/detail/fixed_wing_lateral_setpoint__type_support.hpp\n'}
[0.750880] (px4_msgs) StdoutLine: {'line': b'-- Up-to-date symlink: /root/ws_sensor_combined/install/px4_msgs/include/px4_msgs/px4_msgs/msg/detail/fixed_wing_lateral_status__builder.hpp\n'}
[0.750910] (px4_msgs) StdoutLine: {'line': b'-- Up-to-date symlink: /root/ws_sensor_combined/install/px4_msgs/include/px4_msgs/px4_msgs/msg/detail/fixed_wing_lateral_status__struct.hpp\n'}
[0.750961] (px4_msgs) StdoutLine: {'line': b'-- Up-to-date symlink: /root/ws_sensor_combined/install/px4_msgs/include/px4_msgs/px4_msgs/msg/detail/fixed_wing_lateral_status__traits.hpp\n'}
[0.751009] (px4_msgs) StdoutLine: {'line': b'-- Up-to-date symlink: /root/ws_sensor_combined/install/px4_msgs/include/px4_msgs/px4_msgs/msg/detail/fixed_wing_lateral_status__type_support.hpp\n'}
[0.751056] (px4_msgs) StdoutLine: {'line': b'-- Up-to-date symlink: /root/ws_sensor_combined/install/px4_msgs/include/px4_msgs/px4_msgs/msg/detail/fixed_wing_longitudinal_setpoint__builder.hpp\n'}
[0.751106] (px4_msgs) StdoutLine: {'line': b'-- Up-to-date symlink: /root/ws_sensor_combined/install/px4_msgs/include/px4_msgs/px4_msgs/msg/detail/fixed_wing_longitudinal_setpoint__struct.hpp\n'}
[0.751168] (px4_msgs) StdoutLine: {'line': b'-- Up-to-date symlink: /root/ws_sensor_combined/install/px4_msgs/include/px4_msgs/px4_msgs/msg/detail/fixed_wing_longitudinal_setpoint__traits.hpp\n'}
[0.751249] (px4_msgs) StdoutLine: {'line': b'-- Up-to-date symlink: /root/ws_sensor_combined/install/px4_msgs/include/px4_msgs/px4_msgs/msg/detail/fixed_wing_longitudinal_setpoint__type_support.hpp\n'}
[0.751331] (px4_msgs) StdoutLine: {'line': b'-- Up-to-date symlink: /root/ws_sensor_combined/install/px4_msgs/include/px4_msgs/px4_msgs/msg/detail/fixed_wing_runway_control__builder.hpp\n'}
[0.751411] (px4_msgs) StdoutLine: {'line': b'-- Up-to-date symlink: /root/ws_sensor_combined/install/px4_msgs/include/px4_msgs/px4_msgs/msg/detail/fixed_wing_runway_control__struct.hpp\n'}
[0.751491] (px4_msgs) StdoutLine: {'line': b'-- Up-to-date symlink: /root/ws_sensor_combined/install/px4_msgs/include/px4_msgs/px4_msgs/msg/detail/fixed_wing_runway_control__traits.hpp\n'}
[0.751544] (px4_msgs) StdoutLine: {'line': b'-- Up-to-date symlink: /root/ws_sensor_combined/install/px4_msgs/include/px4_msgs/px4_msgs/msg/detail/fixed_wing_runway_control__type_support.hpp\n'}
[0.751686] (px4_msgs) StdoutLine: {'line': b'-- Up-to-date symlink: /root/ws_sensor_combined/install/px4_msgs/include/px4_msgs/px4_msgs/msg/detail/flight_phase_estimation__builder.hpp\n'}
[0.751725] (px4_msgs) StdoutLine: {'line': b'-- Up-to-date symlink: /root/ws_sensor_combined/install/px4_msgs/include/px4_msgs/px4_msgs/msg/detail/flight_phase_estimation__struct.hpp\n'}
[0.751769] (px4_msgs) StdoutLine: {'line': b'-- Up-to-date symlink: /root/ws_sensor_combined/install/px4_msgs/include/px4_msgs/px4_msgs/msg/detail/flight_phase_estimation__traits.hpp\n'}
[0.751848] (px4_msgs) StdoutLine: {'line': b'-- Up-to-date symlink: /root/ws_sensor_combined/install/px4_msgs/include/px4_msgs/px4_msgs/msg/detail/flight_phase_estimation__type_support.hpp\n'}
[0.751929] (px4_msgs) StdoutLine: {'line': b'-- Up-to-date symlink: /root/ws_sensor_combined/install/px4_msgs/include/px4_msgs/px4_msgs/msg/detail/follow_target__builder.hpp\n'}
[0.752009] (px4_msgs) StdoutLine: {'line': b'-- Up-to-date symlink: /root/ws_sensor_combined/install/px4_msgs/include/px4_msgs/px4_msgs/msg/detail/follow_target__struct.hpp\n'}
[0.752079] (px4_msgs) StdoutLine: {'line': b'-- Up-to-date symlink: /root/ws_sensor_combined/install/px4_msgs/include/px4_msgs/px4_msgs/msg/detail/follow_target__traits.hpp\n'}
[0.752159] (px4_msgs) StdoutLine: {'line': b'-- Up-to-date symlink: /root/ws_sensor_combined/install/px4_msgs/include/px4_msgs/px4_msgs/msg/detail/follow_target__type_support.hpp\n'}
[0.752239] (px4_msgs) StdoutLine: {'line': b'-- Up-to-date symlink: /root/ws_sensor_combined/install/px4_msgs/include/px4_msgs/px4_msgs/msg/detail/follow_target_estimator__builder.hpp\n'}
[0.752319] (px4_msgs) StdoutLine: {'line': b'-- Up-to-date symlink: /root/ws_sensor_combined/install/px4_msgs/include/px4_msgs/px4_msgs/msg/detail/follow_target_estimator__struct.hpp\n'}
[0.752387] (px4_msgs) StdoutLine: {'line': b'-- Up-to-date symlink: /root/ws_sensor_combined/install/px4_msgs/include/px4_msgs/px4_msgs/msg/detail/follow_target_estimator__traits.hpp\n'}
[0.752467] (px4_msgs) StdoutLine: {'line': b'-- Up-to-date symlink: /root/ws_sensor_combined/install/px4_msgs/include/px4_msgs/px4_msgs/msg/detail/follow_target_estimator__type_support.hpp\n'}
[0.752546] (px4_msgs) StdoutLine: {'line': b'-- Up-to-date symlink: /root/ws_sensor_combined/install/px4_msgs/include/px4_msgs/px4_msgs/msg/detail/follow_target_status__builder.hpp\n'}
[0.752626] (px4_msgs) StdoutLine: {'line': b'-- Up-to-date symlink: /root/ws_sensor_combined/install/px4_msgs/include/px4_msgs/px4_msgs/msg/detail/follow_target_status__struct.hpp\n'}
[0.752705] (px4_msgs) StdoutLine: {'line': b'-- Up-to-date symlink: /root/ws_sensor_combined/install/px4_msgs/include/px4_msgs/px4_msgs/msg/detail/follow_target_status__traits.hpp\n'}
[0.752773] (px4_msgs) StdoutLine: {'line': b'-- Up-to-date symlink: /root/ws_sensor_combined/install/px4_msgs/include/px4_msgs/px4_msgs/msg/detail/follow_target_status__type_support.hpp\n'}
[0.752926] (px4_msgs) StdoutLine: {'line': b'-- Up-to-date symlink: /root/ws_sensor_combined/install/px4_msgs/include/px4_msgs/px4_msgs/msg/detail/fuel_tank_status__builder.hpp\n'}
[0.753000] (px4_msgs) StdoutLine: {'line': b'-- Up-to-date symlink: /root/ws_sensor_combined/install/px4_msgs/include/px4_msgs/px4_msgs/msg/detail/fuel_tank_status__struct.hpp\n'}
[0.753080] (px4_msgs) StdoutLine: {'line': b'-- Up-to-date symlink: /root/ws_sensor_combined/install/px4_msgs/include/px4_msgs/px4_msgs/msg/detail/fuel_tank_status__traits.hpp\n'}
[0.753149] (px4_msgs) StdoutLine: {'line': b'-- Up-to-date symlink: /root/ws_sensor_combined/install/px4_msgs/include/px4_msgs/px4_msgs/msg/detail/fuel_tank_status__type_support.hpp\n'}
[0.753229] (px4_msgs) StdoutLine: {'line': b'-- Up-to-date symlink: /root/ws_sensor_combined/install/px4_msgs/include/px4_msgs/px4_msgs/msg/detail/generator_status__builder.hpp\n'}
[0.753303] (px4_msgs) StdoutLine: {'line': b'-- Up-to-date symlink: /root/ws_sensor_combined/install/px4_msgs/include/px4_msgs/px4_msgs/msg/detail/generator_status__struct.hpp\n'}
[0.753382] (px4_msgs) StdoutLine: {'line': b'-- Up-to-date symlink: /root/ws_sensor_combined/install/px4_msgs/include/px4_msgs/px4_msgs/msg/detail/generator_status__traits.hpp\n'}
[0.753462] (px4_msgs) StdoutLine: {'line': b'-- Up-to-date symlink: /root/ws_sensor_combined/install/px4_msgs/include/px4_msgs/px4_msgs/msg/detail/generator_status__type_support.hpp\n'}
[0.753596] (px4_msgs) StdoutLine: {'line': b'-- Up-to-date symlink: /root/ws_sensor_combined/install/px4_msgs/include/px4_msgs/px4_msgs/msg/detail/geofence_result__builder.hpp\n'}
[0.753667] (px4_msgs) StdoutLine: {'line': b'-- Up-to-date symlink: /root/ws_sensor_combined/install/px4_msgs/include/px4_msgs/px4_msgs/msg/detail/geofence_result__struct.hpp\n'}
[0.753747] (px4_msgs) StdoutLine: {'line': b'-- Up-to-date symlink: /root/ws_sensor_combined/install/px4_msgs/include/px4_msgs/px4_msgs/msg/detail/geofence_result__traits.hpp\n'}
[0.753816] (px4_msgs) StdoutLine: {'line': b'-- Up-to-date symlink: /root/ws_sensor_combined/install/px4_msgs/include/px4_msgs/px4_msgs/msg/detail/geofence_result__type_support.hpp\n'}
[0.753886] (px4_msgs) StdoutLine: {'line': b'-- Up-to-date symlink: /root/ws_sensor_combined/install/px4_msgs/include/px4_msgs/px4_msgs/msg/detail/geofence_status__builder.hpp\n'}
[0.753966] (px4_msgs) StdoutLine: {'line': b'-- Up-to-date symlink: /root/ws_sensor_combined/install/px4_msgs/include/px4_msgs/px4_msgs/msg/detail/geofence_status__struct.hpp\n'}
[0.754049] (px4_msgs) StdoutLine: {'line': b'-- Up-to-date symlink: /root/ws_sensor_combined/install/px4_msgs/include/px4_msgs/px4_msgs/msg/detail/geofence_status__traits.hpp\n'}
[0.754129] (px4_msgs) StdoutLine: {'line': b'-- Up-to-date symlink: /root/ws_sensor_combined/install/px4_msgs/include/px4_msgs/px4_msgs/msg/detail/geofence_status__type_support.hpp\n'}
[0.754198] (px4_msgs) StdoutLine: {'line': b'-- Up-to-date symlink: /root/ws_sensor_combined/install/px4_msgs/include/px4_msgs/px4_msgs/msg/detail/gimbal_controls__builder.hpp\n'}
[0.754279] (px4_msgs) StdoutLine: {'line': b'-- Up-to-date symlink: /root/ws_sensor_combined/install/px4_msgs/include/px4_msgs/px4_msgs/msg/detail/gimbal_controls__struct.hpp\n'}
[0.754359] (px4_msgs) StdoutLine: {'line': b'-- Up-to-date symlink: /root/ws_sensor_combined/install/px4_msgs/include/px4_msgs/px4_msgs/msg/detail/gimbal_controls__traits.hpp\n'}
[0.754438] (px4_msgs) StdoutLine: {'line': b'-- Up-to-date symlink: /root/ws_sensor_combined/install/px4_msgs/include/px4_msgs/px4_msgs/msg/detail/gimbal_controls__type_support.hpp\n'}
[0.754517] (px4_msgs) StdoutLine: {'line': b'-- Up-to-date symlink: /root/ws_sensor_combined/install/px4_msgs/include/px4_msgs/px4_msgs/msg/detail/gimbal_device_attitude_status__builder.hpp\n'}
[0.754585] (px4_msgs) StdoutLine: {'line': b'-- Up-to-date symlink: /root/ws_sensor_combined/install/px4_msgs/include/px4_msgs/px4_msgs/msg/detail/gimbal_device_attitude_status__struct.hpp\n'}
[0.754665] (px4_msgs) StdoutLine: {'line': b'-- Up-to-date symlink: /root/ws_sensor_combined/install/px4_msgs/include/px4_msgs/px4_msgs/msg/detail/gimbal_device_attitude_status__traits.hpp\n'}
[0.754733] (px4_msgs) StdoutLine: {'line': b'-- Up-to-date symlink: /root/ws_sensor_combined/install/px4_msgs/include/px4_msgs/px4_msgs/msg/detail/gimbal_device_attitude_status__type_support.hpp\n'}
[0.754780] (px4_msgs) StdoutLine: {'line': b'-- Up-to-date symlink: /root/ws_sensor_combined/install/px4_msgs/include/px4_msgs/px4_msgs/msg/detail/gimbal_device_information__builder.hpp\n'}
[0.754820] (px4_msgs) StdoutLine: {'line': b'-- Up-to-date symlink: /root/ws_sensor_combined/install/px4_msgs/include/px4_msgs/px4_msgs/msg/detail/gimbal_device_information__struct.hpp\n'}
[0.754901] (px4_msgs) StdoutLine: {'line': b'-- Up-to-date symlink: /root/ws_sensor_combined/install/px4_msgs/include/px4_msgs/px4_msgs/msg/detail/gimbal_device_information__traits.hpp\n'}
[0.754971] (px4_msgs) StdoutLine: {'line': b'-- Up-to-date symlink: /root/ws_sensor_combined/install/px4_msgs/include/px4_msgs/px4_msgs/msg/detail/gimbal_device_information__type_support.hpp\n'}
[0.755052] (px4_msgs) StdoutLine: {'line': b'-- Up-to-date symlink: /root/ws_sensor_combined/install/px4_msgs/include/px4_msgs/px4_msgs/msg/detail/gimbal_device_set_attitude__builder.hpp\n'}
[0.755132] (px4_msgs) StdoutLine: {'line': b'-- Up-to-date symlink: /root/ws_sensor_combined/install/px4_msgs/include/px4_msgs/px4_msgs/msg/detail/gimbal_device_set_attitude__struct.hpp\n'}
[0.755211] (px4_msgs) StdoutLine: {'line': b'-- Up-to-date symlink: /root/ws_sensor_combined/install/px4_msgs/include/px4_msgs/px4_msgs/msg/detail/gimbal_device_set_attitude__traits.hpp\n'}
[0.755280] (px4_msgs) StdoutLine: {'line': b'-- Up-to-date symlink: /root/ws_sensor_combined/install/px4_msgs/include/px4_msgs/px4_msgs/msg/detail/gimbal_device_set_attitude__type_support.hpp\n'}
[0.755360] (px4_msgs) StdoutLine: {'line': b'-- Up-to-date symlink: /root/ws_sensor_combined/install/px4_msgs/include/px4_msgs/px4_msgs/msg/detail/gimbal_manager_information__builder.hpp\n'}
[0.755440] (px4_msgs) StdoutLine: {'line': b'-- Up-to-date symlink: /root/ws_sensor_combined/install/px4_msgs/include/px4_msgs/px4_msgs/msg/detail/gimbal_manager_information__struct.hpp\n'}
[0.755520] (px4_msgs) StdoutLine: {'line': b'-- Up-to-date symlink: /root/ws_sensor_combined/install/px4_msgs/include/px4_msgs/px4_msgs/msg/detail/gimbal_manager_information__traits.hpp\n'}
[0.755599] (px4_msgs) StdoutLine: {'line': b'-- Up-to-date symlink: /root/ws_sensor_combined/install/px4_msgs/include/px4_msgs/px4_msgs/msg/detail/gimbal_manager_information__type_support.hpp\n'}
[0.755679] (px4_msgs) StdoutLine: {'line': b'-- Up-to-date symlink: /root/ws_sensor_combined/install/px4_msgs/include/px4_msgs/px4_msgs/msg/detail/gimbal_manager_set_attitude__builder.hpp\n'}
[0.755759] (px4_msgs) StdoutLine: {'line': b'-- Up-to-date symlink: /root/ws_sensor_combined/install/px4_msgs/include/px4_msgs/px4_msgs/msg/detail/gimbal_manager_set_attitude__struct.hpp\n'}
[0.755838] (px4_msgs) StdoutLine: {'line': b'-- Up-to-date symlink: /root/ws_sensor_combined/install/px4_msgs/include/px4_msgs/px4_msgs/msg/detail/gimbal_manager_set_attitude__traits.hpp\n'}
[0.755918] (px4_msgs) StdoutLine: {'line': b'-- Up-to-date symlink: /root/ws_sensor_combined/install/px4_msgs/include/px4_msgs/px4_msgs/msg/detail/gimbal_manager_set_attitude__type_support.hpp\n'}
[0.755989] (px4_msgs) StdoutLine: {'line': b'-- Up-to-date symlink: /root/ws_sensor_combined/install/px4_msgs/include/px4_msgs/px4_msgs/msg/detail/gimbal_manager_set_manual_control__builder.hpp\n'}
[0.756069] (px4_msgs) StdoutLine: {'line': b'-- Up-to-date symlink: /root/ws_sensor_combined/install/px4_msgs/include/px4_msgs/px4_msgs/msg/detail/gimbal_manager_set_manual_control__struct.hpp\n'}
[0.756148] (px4_msgs) StdoutLine: {'line': b'-- Up-to-date symlink: /root/ws_sensor_combined/install/px4_msgs/include/px4_msgs/px4_msgs/msg/detail/gimbal_manager_set_manual_control__traits.hpp\n'}
[0.756230] (px4_msgs) StdoutLine: {'line': b'-- Up-to-date symlink: /root/ws_sensor_combined/install/px4_msgs/include/px4_msgs/px4_msgs/msg/detail/gimbal_manager_set_manual_control__type_support.hpp\n'}
[0.756300] (px4_msgs) StdoutLine: {'line': b'-- Up-to-date symlink: /root/ws_sensor_combined/install/px4_msgs/include/px4_msgs/px4_msgs/msg/detail/gimbal_manager_status__builder.hpp\n'}
[0.756369] (px4_msgs) StdoutLine: {'line': b'-- Up-to-date symlink: /root/ws_sensor_combined/install/px4_msgs/include/px4_msgs/px4_msgs/msg/detail/gimbal_manager_status__struct.hpp\n'}
[0.756449] (px4_msgs) StdoutLine: {'line': b'-- Up-to-date symlink: /root/ws_sensor_combined/install/px4_msgs/include/px4_msgs/px4_msgs/msg/detail/gimbal_manager_status__traits.hpp\n'}
[0.756529] (px4_msgs) StdoutLine: {'line': b'-- Up-to-date symlink: /root/ws_sensor_combined/install/px4_msgs/include/px4_msgs/px4_msgs/msg/detail/gimbal_manager_status__type_support.hpp\n'}
[0.756610] (px4_msgs) StdoutLine: {'line': b'-- Up-to-date symlink: /root/ws_sensor_combined/install/px4_msgs/include/px4_msgs/px4_msgs/msg/detail/goto_setpoint__builder.hpp\n'}
[0.756679] (px4_msgs) StdoutLine: {'line': b'-- Up-to-date symlink: /root/ws_sensor_combined/install/px4_msgs/include/px4_msgs/px4_msgs/msg/detail/goto_setpoint__struct.hpp\n'}
[0.756726] (px4_msgs) StdoutLine: {'line': b'-- Up-to-date symlink: /root/ws_sensor_combined/install/px4_msgs/include/px4_msgs/px4_msgs/msg/detail/goto_setpoint__traits.hpp\n'}
[0.756753] (px4_msgs) StdoutLine: {'line': b'-- Up-to-date symlink: /root/ws_sensor_combined/install/px4_msgs/include/px4_msgs/px4_msgs/msg/detail/goto_setpoint__type_support.hpp\n'}
[0.756782] (px4_msgs) StdoutLine: {'line': b'-- Up-to-date symlink: /root/ws_sensor_combined/install/px4_msgs/include/px4_msgs/px4_msgs/msg/detail/gpio_config__builder.hpp\n'}
[0.756866] (px4_msgs) StdoutLine: {'line': b'-- Up-to-date symlink: /root/ws_sensor_combined/install/px4_msgs/include/px4_msgs/px4_msgs/msg/detail/gpio_config__struct.hpp\n'}
[0.756948] (px4_msgs) StdoutLine: {'line': b'-- Up-to-date symlink: /root/ws_sensor_combined/install/px4_msgs/include/px4_msgs/px4_msgs/msg/detail/gpio_config__traits.hpp\n'}
[0.756995] (px4_msgs) StdoutLine: {'line': b'-- Up-to-date symlink: /root/ws_sensor_combined/install/px4_msgs/include/px4_msgs/px4_msgs/msg/detail/gpio_config__type_support.hpp\n'}
[0.757126] (px4_msgs) StdoutLine: {'line': b'-- Up-to-date symlink: /root/ws_sensor_combined/install/px4_msgs/include/px4_msgs/px4_msgs/msg/detail/gpio_in__builder.hpp\n'}
[0.757219] (px4_msgs) StdoutLine: {'line': b'-- Up-to-date symlink: /root/ws_sensor_combined/install/px4_msgs/include/px4_msgs/px4_msgs/msg/detail/gpio_in__struct.hpp\n'}
[0.757303] (px4_msgs) StdoutLine: {'line': b'-- Up-to-date symlink: /root/ws_sensor_combined/install/px4_msgs/include/px4_msgs/px4_msgs/msg/detail/gpio_in__traits.hpp\n'}
[0.757548] (px4_msgs) StdoutLine: {'line': b'-- Up-to-date symlink: /root/ws_sensor_combined/install/px4_msgs/include/px4_msgs/px4_msgs/msg/detail/gpio_in__type_support.hpp\n'}
[0.757665] (px4_msgs) StdoutLine: {'line': b'-- Up-to-date symlink: /root/ws_sensor_combined/install/px4_msgs/include/px4_msgs/px4_msgs/msg/detail/gpio_out__builder.hpp\n'}
[0.757740] (px4_msgs) StdoutLine: {'line': b'-- Up-to-date symlink: /root/ws_sensor_combined/install/px4_msgs/include/px4_msgs/px4_msgs/msg/detail/gpio_out__struct.hpp\n'}
[0.757809] (px4_msgs) StdoutLine: {'line': b'-- Up-to-date symlink: /root/ws_sensor_combined/install/px4_msgs/include/px4_msgs/px4_msgs/msg/detail/gpio_out__traits.hpp\n'}
[0.757890] (px4_msgs) StdoutLine: {'line': b'-- Up-to-date symlink: /root/ws_sensor_combined/install/px4_msgs/include/px4_msgs/px4_msgs/msg/detail/gpio_out__type_support.hpp\n'}
[0.757970] (px4_msgs) StdoutLine: {'line': b'-- Up-to-date symlink: /root/ws_sensor_combined/install/px4_msgs/include/px4_msgs/px4_msgs/msg/detail/gpio_request__builder.hpp\n'}
[0.758050] (px4_msgs) StdoutLine: {'line': b'-- Up-to-date symlink: /root/ws_sensor_combined/install/px4_msgs/include/px4_msgs/px4_msgs/msg/detail/gpio_request__struct.hpp\n'}
[0.758130] (px4_msgs) StdoutLine: {'line': b'-- Up-to-date symlink: /root/ws_sensor_combined/install/px4_msgs/include/px4_msgs/px4_msgs/msg/detail/gpio_request__traits.hpp\n'}
[0.758204] (px4_msgs) StdoutLine: {'line': b'-- Up-to-date symlink: /root/ws_sensor_combined/install/px4_msgs/include/px4_msgs/px4_msgs/msg/detail/gpio_request__type_support.hpp\n'}
[0.758274] (px4_msgs) StdoutLine: {'line': b'-- Up-to-date symlink: /root/ws_sensor_combined/install/px4_msgs/include/px4_msgs/px4_msgs/msg/detail/gps_dump__builder.hpp\n'}
[0.758320] (px4_msgs) StdoutLine: {'line': b'-- Up-to-date symlink: /root/ws_sensor_combined/install/px4_msgs/include/px4_msgs/px4_msgs/msg/detail/gps_dump__struct.hpp\n'}
[0.758361] (px4_msgs) StdoutLine: {'line': b'-- Up-to-date symlink: /root/ws_sensor_combined/install/px4_msgs/include/px4_msgs/px4_msgs/msg/detail/gps_dump__traits.hpp\n'}
[0.758446] (px4_msgs) StdoutLine: {'line': b'-- Up-to-date symlink: /root/ws_sensor_combined/install/px4_msgs/include/px4_msgs/px4_msgs/msg/detail/gps_dump__type_support.hpp\n'}
[0.758525] (px4_msgs) StdoutLine: {'line': b'-- Up-to-date symlink: /root/ws_sensor_combined/install/px4_msgs/include/px4_msgs/px4_msgs/msg/detail/gps_inject_data__builder.hpp\n'}
[0.758603] (px4_msgs) StdoutLine: {'line': b'-- Up-to-date symlink: /root/ws_sensor_combined/install/px4_msgs/include/px4_msgs/px4_msgs/msg/detail/gps_inject_data__struct.hpp\n'}
[0.758687] (px4_msgs) StdoutLine: {'line': b'-- Up-to-date symlink: /root/ws_sensor_combined/install/px4_msgs/include/px4_msgs/px4_msgs/msg/detail/gps_inject_data__traits.hpp\n'}
[0.758767] (px4_msgs) StdoutLine: {'line': b'-- Up-to-date symlink: /root/ws_sensor_combined/install/px4_msgs/include/px4_msgs/px4_msgs/msg/detail/gps_inject_data__type_support.hpp\n'}
[0.758835] (px4_msgs) StdoutLine: {'line': b'-- Up-to-date symlink: /root/ws_sensor_combined/install/px4_msgs/include/px4_msgs/px4_msgs/msg/detail/gripper__builder.hpp\n'}
[0.758904] (px4_msgs) StdoutLine: {'line': b'-- Up-to-date symlink: /root/ws_sensor_combined/install/px4_msgs/include/px4_msgs/px4_msgs/msg/detail/gripper__struct.hpp\n'}
[0.758984] (px4_msgs) StdoutLine: {'line': b'-- Up-to-date symlink: /root/ws_sensor_combined/install/px4_msgs/include/px4_msgs/px4_msgs/msg/detail/gripper__traits.hpp\n'}
[0.759064] (px4_msgs) StdoutLine: {'line': b'-- Up-to-date symlink: /root/ws_sensor_combined/install/px4_msgs/include/px4_msgs/px4_msgs/msg/detail/gripper__type_support.hpp\n'}
[0.759142] (px4_msgs) StdoutLine: {'line': b'-- Up-to-date symlink: /root/ws_sensor_combined/install/px4_msgs/include/px4_msgs/px4_msgs/msg/detail/health_report__builder.hpp\n'}
[0.759221] (px4_msgs) StdoutLine: {'line': b'-- Up-to-date symlink: /root/ws_sensor_combined/install/px4_msgs/include/px4_msgs/px4_msgs/msg/detail/health_report__struct.hpp\n'}
[0.759300] (px4_msgs) StdoutLine: {'line': b'-- Up-to-date symlink: /root/ws_sensor_combined/install/px4_msgs/include/px4_msgs/px4_msgs/msg/detail/health_report__traits.hpp\n'}
[0.759380] (px4_msgs) StdoutLine: {'line': b'-- Up-to-date symlink: /root/ws_sensor_combined/install/px4_msgs/include/px4_msgs/px4_msgs/msg/detail/health_report__type_support.hpp\n'}
[0.759459] (px4_msgs) StdoutLine: {'line': b'-- Up-to-date symlink: /root/ws_sensor_combined/install/px4_msgs/include/px4_msgs/px4_msgs/msg/detail/heater_status__builder.hpp\n'}
[0.759538] (px4_msgs) StdoutLine: {'line': b'-- Up-to-date symlink: /root/ws_sensor_combined/install/px4_msgs/include/px4_msgs/px4_msgs/msg/detail/heater_status__struct.hpp\n'}
[0.759609] (px4_msgs) StdoutLine: {'line': b'-- Up-to-date symlink: /root/ws_sensor_combined/install/px4_msgs/include/px4_msgs/px4_msgs/msg/detail/heater_status__traits.hpp\n'}
[0.759690] (px4_msgs) StdoutLine: {'line': b'-- Up-to-date symlink: /root/ws_sensor_combined/install/px4_msgs/include/px4_msgs/px4_msgs/msg/detail/heater_status__type_support.hpp\n'}
[0.759770] (px4_msgs) StdoutLine: {'line': b'-- Up-to-date symlink: /root/ws_sensor_combined/install/px4_msgs/include/px4_msgs/px4_msgs/msg/detail/home_position__builder.hpp\n'}
[0.759848] (px4_msgs) StdoutLine: {'line': b'-- Up-to-date symlink: /root/ws_sensor_combined/install/px4_msgs/include/px4_msgs/px4_msgs/msg/detail/home_position__struct.hpp\n'}
[0.759928] (px4_msgs) StdoutLine: {'line': b'-- Up-to-date symlink: /root/ws_sensor_combined/install/px4_msgs/include/px4_msgs/px4_msgs/msg/detail/home_position__traits.hpp\n'}
[0.760006] (px4_msgs) StdoutLine: {'line': b'-- Up-to-date symlink: /root/ws_sensor_combined/install/px4_msgs/include/px4_msgs/px4_msgs/msg/detail/home_position__type_support.hpp\n'}
[0.760086] (px4_msgs) StdoutLine: {'line': b'-- Up-to-date symlink: /root/ws_sensor_combined/install/px4_msgs/include/px4_msgs/px4_msgs/msg/detail/hover_thrust_estimate__builder.hpp\n'}
[0.760165] (px4_msgs) StdoutLine: {'line': b'-- Up-to-date symlink: /root/ws_sensor_combined/install/px4_msgs/include/px4_msgs/px4_msgs/msg/detail/hover_thrust_estimate__struct.hpp\n'}
[0.760246] (px4_msgs) StdoutLine: {'line': b'-- Up-to-date symlink: /root/ws_sensor_combined/install/px4_msgs/include/px4_msgs/px4_msgs/msg/detail/hover_thrust_estimate__traits.hpp\n'}
[0.760314] (px4_msgs) StdoutLine: {'line': b'-- Up-to-date symlink: /root/ws_sensor_combined/install/px4_msgs/include/px4_msgs/px4_msgs/msg/detail/hover_thrust_estimate__type_support.hpp\n'}
[0.760394] (px4_msgs) StdoutLine: {'line': b'-- Up-to-date symlink: /root/ws_sensor_combined/install/px4_msgs/include/px4_msgs/px4_msgs/msg/detail/input_rc__builder.hpp\n'}
[0.760462] (px4_msgs) StdoutLine: {'line': b'-- Up-to-date symlink: /root/ws_sensor_combined/install/px4_msgs/include/px4_msgs/px4_msgs/msg/detail/input_rc__struct.hpp\n'}
[0.760543] (px4_msgs) StdoutLine: {'line': b'-- Up-to-date symlink: /root/ws_sensor_combined/install/px4_msgs/include/px4_msgs/px4_msgs/msg/detail/input_rc__traits.hpp\n'}
[0.760623] (px4_msgs) StdoutLine: {'line': b'-- Up-to-date symlink: /root/ws_sensor_combined/install/px4_msgs/include/px4_msgs/px4_msgs/msg/detail/input_rc__type_support.hpp\n'}
[0.760691] (px4_msgs) StdoutLine: {'line': b'-- Up-to-date symlink: /root/ws_sensor_combined/install/px4_msgs/include/px4_msgs/px4_msgs/msg/detail/internal_combustion_engine_control__builder.hpp\n'}
[0.760759] (px4_msgs) StdoutLine: {'line': b'-- Up-to-date symlink: /root/ws_sensor_combined/install/px4_msgs/include/px4_msgs/px4_msgs/msg/detail/internal_combustion_engine_control__struct.hpp\n'}
[0.760839] (px4_msgs) StdoutLine: {'line': b'-- Up-to-date symlink: /root/ws_sensor_combined/install/px4_msgs/include/px4_msgs/px4_msgs/msg/detail/internal_combustion_engine_control__traits.hpp\n'}
[0.760918] (px4_msgs) StdoutLine: {'line': b'-- Up-to-date symlink: /root/ws_sensor_combined/install/px4_msgs/include/px4_msgs/px4_msgs/msg/detail/internal_combustion_engine_control__type_support.hpp\n'}
[0.760997] (px4_msgs) StdoutLine: {'line': b'-- Up-to-date symlink: /root/ws_sensor_combined/install/px4_msgs/include/px4_msgs/px4_msgs/msg/detail/internal_combustion_engine_status__builder.hpp\n'}
[0.761080] (px4_msgs) StdoutLine: {'line': b'-- Up-to-date symlink: /root/ws_sensor_combined/install/px4_msgs/include/px4_msgs/px4_msgs/msg/detail/internal_combustion_engine_status__struct.hpp\n'}
[0.761147] (px4_msgs) StdoutLine: {'line': b'-- Up-to-date symlink: /root/ws_sensor_combined/install/px4_msgs/include/px4_msgs/px4_msgs/msg/detail/internal_combustion_engine_status__traits.hpp\n'}
[0.761226] (px4_msgs) StdoutLine: {'line': b'-- Up-to-date symlink: /root/ws_sensor_combined/install/px4_msgs/include/px4_msgs/px4_msgs/msg/detail/internal_combustion_engine_status__type_support.hpp\n'}
[0.761306] (px4_msgs) StdoutLine: {'line': b'-- Up-to-date symlink: /root/ws_sensor_combined/install/px4_msgs/include/px4_msgs/px4_msgs/msg/detail/iridiumsbd_status__builder.hpp\n'}
[0.761397] (px4_msgs) StdoutLine: {'line': b'-- Up-to-date symlink: /root/ws_sensor_combined/install/px4_msgs/include/px4_msgs/px4_msgs/msg/detail/iridiumsbd_status__struct.hpp\n'}
[0.761476] (px4_msgs) StdoutLine: {'line': b'-- Up-to-date symlink: /root/ws_sensor_combined/install/px4_msgs/include/px4_msgs/px4_msgs/msg/detail/iridiumsbd_status__traits.hpp\n'}
[0.761565] (px4_msgs) StdoutLine: {'line': b'-- Up-to-date symlink: /root/ws_sensor_combined/install/px4_msgs/include/px4_msgs/px4_msgs/msg/detail/iridiumsbd_status__type_support.hpp\n'}
[0.761647] (px4_msgs) StdoutLine: {'line': b'-- Up-to-date symlink: /root/ws_sensor_combined/install/px4_msgs/include/px4_msgs/px4_msgs/msg/detail/irlock_report__builder.hpp\n'}
[0.761727] (px4_msgs) StdoutLine: {'line': b'-- Up-to-date symlink: /root/ws_sensor_combined/install/px4_msgs/include/px4_msgs/px4_msgs/msg/detail/irlock_report__struct.hpp\n'}
[0.761809] (px4_msgs) StdoutLine: {'line': b'-- Up-to-date symlink: /root/ws_sensor_combined/install/px4_msgs/include/px4_msgs/px4_msgs/msg/detail/irlock_report__traits.hpp\n'}
[0.761889] (px4_msgs) StdoutLine: {'line': b'-- Up-to-date symlink: /root/ws_sensor_combined/install/px4_msgs/include/px4_msgs/px4_msgs/msg/detail/irlock_report__type_support.hpp\n'}
[0.761972] (px4_msgs) StdoutLine: {'line': b'-- Up-to-date symlink: /root/ws_sensor_combined/install/px4_msgs/include/px4_msgs/px4_msgs/msg/detail/landing_gear__builder.hpp\n'}
[0.762052] (px4_msgs) StdoutLine: {'line': b'-- Up-to-date symlink: /root/ws_sensor_combined/install/px4_msgs/include/px4_msgs/px4_msgs/msg/detail/landing_gear__struct.hpp\n'}
[0.762132] (px4_msgs) StdoutLine: {'line': b'-- Up-to-date symlink: /root/ws_sensor_combined/install/px4_msgs/include/px4_msgs/px4_msgs/msg/detail/landing_gear__traits.hpp\n'}
[0.762213] (px4_msgs) StdoutLine: {'line': b'-- Up-to-date symlink: /root/ws_sensor_combined/install/px4_msgs/include/px4_msgs/px4_msgs/msg/detail/landing_gear__type_support.hpp\n'}
[0.762282] (px4_msgs) StdoutLine: {'line': b'-- Up-to-date symlink: /root/ws_sensor_combined/install/px4_msgs/include/px4_msgs/px4_msgs/msg/detail/landing_gear_wheel__builder.hpp\n'}
[0.762414] (px4_msgs) StdoutLine: {'line': b'-- Up-to-date symlink: /root/ws_sensor_combined/install/px4_msgs/include/px4_msgs/px4_msgs/msg/detail/landing_gear_wheel__struct.hpp\n'}
[0.762573] (px4_msgs) StdoutLine: {'line': b'-- Up-to-date symlink: /root/ws_sensor_combined/install/px4_msgs/include/px4_msgs/px4_msgs/msg/detail/landing_gear_wheel__traits.hpp\n'}
[0.762715] (px4_msgs) StdoutLine: {'line': b'-- Up-to-date symlink: /root/ws_sensor_combined/install/px4_msgs/include/px4_msgs/px4_msgs/msg/detail/landing_gear_wheel__type_support.hpp\n'}
[0.762890] (px4_msgs) StdoutLine: {'line': b'-- Up-to-date symlink: /root/ws_sensor_combined/install/px4_msgs/include/px4_msgs/px4_msgs/msg/detail/landing_target_innovations__builder.hpp\n'}
[0.762933] (px4_msgs) StdoutLine: {'line': b'-- Up-to-date symlink: /root/ws_sensor_combined/install/px4_msgs/include/px4_msgs/px4_msgs/msg/detail/landing_target_innovations__struct.hpp\n'}
[0.763054] (px4_msgs) StdoutLine: {'line': b'-- Up-to-date symlink: /root/ws_sensor_combined/install/px4_msgs/include/px4_msgs/px4_msgs/msg/detail/landing_target_innovations__traits.hpp\n'}
[0.763212] (px4_msgs) StdoutLine: {'line': b'-- Up-to-date symlink: /root/ws_sensor_combined/install/px4_msgs/include/px4_msgs/px4_msgs/msg/detail/landing_target_innovations__type_support.hpp\n'}
[0.763259] (px4_msgs) StdoutLine: {'line': b'-- Up-to-date symlink: /root/ws_sensor_combined/install/px4_msgs/include/px4_msgs/px4_msgs/msg/detail/landing_target_pose__builder.hpp\n'}
[0.763286] (px4_msgs) StdoutLine: {'line': b'-- Up-to-date symlink: /root/ws_sensor_combined/install/px4_msgs/include/px4_msgs/px4_msgs/msg/detail/landing_target_pose__struct.hpp\n'}
[0.763360] (px4_msgs) StdoutLine: {'line': b'-- Up-to-date symlink: /root/ws_sensor_combined/install/px4_msgs/include/px4_msgs/px4_msgs/msg/detail/landing_target_pose__traits.hpp\n'}
[0.763513] (px4_msgs) StdoutLine: {'line': b'-- Up-to-date symlink: /root/ws_sensor_combined/install/px4_msgs/include/px4_msgs/px4_msgs/msg/detail/landing_target_pose__type_support.hpp\n'}
[0.763625] (px4_msgs) StdoutLine: {'line': b'-- Up-to-date symlink: /root/ws_sensor_combined/install/px4_msgs/include/px4_msgs/px4_msgs/msg/detail/lateral_control_configuration__builder.hpp\n'}
[0.763723] (px4_msgs) StdoutLine: {'line': b'-- Up-to-date symlink: /root/ws_sensor_combined/install/px4_msgs/include/px4_msgs/px4_msgs/msg/detail/lateral_control_configuration__struct.hpp\n'}
[0.763757] (px4_msgs) StdoutLine: {'line': b'-- Up-to-date symlink: /root/ws_sensor_combined/install/px4_msgs/include/px4_msgs/px4_msgs/msg/detail/lateral_control_configuration__traits.hpp\n'}
[0.763831] (px4_msgs) StdoutLine: {'line': b'-- Up-to-date symlink: /root/ws_sensor_combined/install/px4_msgs/include/px4_msgs/px4_msgs/msg/detail/lateral_control_configuration__type_support.hpp\n'}
[0.763910] (px4_msgs) StdoutLine: {'line': b'-- Up-to-date symlink: /root/ws_sensor_combined/install/px4_msgs/include/px4_msgs/px4_msgs/msg/detail/launch_detection_status__builder.hpp\n'}
[0.763969] (px4_msgs) StdoutLine: {'line': b'-- Up-to-date symlink: /root/ws_sensor_combined/install/px4_msgs/include/px4_msgs/px4_msgs/msg/detail/launch_detection_status__struct.hpp\n'}
[0.764134] (px4_msgs) StdoutLine: {'line': b'-- Up-to-date symlink: /root/ws_sensor_combined/install/px4_msgs/include/px4_msgs/px4_msgs/msg/detail/launch_detection_status__traits.hpp\n'}
[0.764198] (px4_msgs) StdoutLine: {'line': b'-- Up-to-date symlink: /root/ws_sensor_combined/install/px4_msgs/include/px4_msgs/px4_msgs/msg/detail/launch_detection_status__type_support.hpp\n'}
[0.764279] (px4_msgs) StdoutLine: {'line': b'-- Up-to-date symlink: /root/ws_sensor_combined/install/px4_msgs/include/px4_msgs/px4_msgs/msg/detail/led_control__builder.hpp\n'}
[0.764360] (px4_msgs) StdoutLine: {'line': b'-- Up-to-date symlink: /root/ws_sensor_combined/install/px4_msgs/include/px4_msgs/px4_msgs/msg/detail/led_control__struct.hpp\n'}
[0.764444] (px4_msgs) StdoutLine: {'line': b'-- Up-to-date symlink: /root/ws_sensor_combined/install/px4_msgs/include/px4_msgs/px4_msgs/msg/detail/led_control__traits.hpp\n'}
[0.764514] (px4_msgs) StdoutLine: {'line': b'-- Up-to-date symlink: /root/ws_sensor_combined/install/px4_msgs/include/px4_msgs/px4_msgs/msg/detail/led_control__type_support.hpp\n'}
[0.764552] (px4_msgs) StdoutLine: {'line': b'-- Up-to-date symlink: /root/ws_sensor_combined/install/px4_msgs/include/px4_msgs/px4_msgs/msg/detail/log_message__builder.hpp\n'}
[0.764608] (px4_msgs) StdoutLine: {'line': b'-- Up-to-date symlink: /root/ws_sensor_combined/install/px4_msgs/include/px4_msgs/px4_msgs/msg/detail/log_message__struct.hpp\n'}
[0.764689] (px4_msgs) StdoutLine: {'line': b'-- Up-to-date symlink: /root/ws_sensor_combined/install/px4_msgs/include/px4_msgs/px4_msgs/msg/detail/log_message__traits.hpp\n'}
[0.764768] (px4_msgs) StdoutLine: {'line': b'-- Up-to-date symlink: /root/ws_sensor_combined/install/px4_msgs/include/px4_msgs/px4_msgs/msg/detail/log_message__type_support.hpp\n'}
[0.764848] (px4_msgs) StdoutLine: {'line': b'-- Up-to-date symlink: /root/ws_sensor_combined/install/px4_msgs/include/px4_msgs/px4_msgs/msg/detail/logger_status__builder.hpp\n'}
[0.764928] (px4_msgs) StdoutLine: {'line': b'-- Up-to-date symlink: /root/ws_sensor_combined/install/px4_msgs/include/px4_msgs/px4_msgs/msg/detail/logger_status__struct.hpp\n'}
[0.765007] (px4_msgs) StdoutLine: {'line': b'-- Up-to-date symlink: /root/ws_sensor_combined/install/px4_msgs/include/px4_msgs/px4_msgs/msg/detail/logger_status__traits.hpp\n'}
[0.765086] (px4_msgs) StdoutLine: {'line': b'-- Up-to-date symlink: /root/ws_sensor_combined/install/px4_msgs/include/px4_msgs/px4_msgs/msg/detail/logger_status__type_support.hpp\n'}
[0.765166] (px4_msgs) StdoutLine: {'line': b'-- Up-to-date symlink: /root/ws_sensor_combined/install/px4_msgs/include/px4_msgs/px4_msgs/msg/detail/longitudinal_control_configuration__builder.hpp\n'}
[0.765245] (px4_msgs) StdoutLine: {'line': b'-- Up-to-date symlink: /root/ws_sensor_combined/install/px4_msgs/include/px4_msgs/px4_msgs/msg/detail/longitudinal_control_configuration__struct.hpp\n'}
[0.765324] (px4_msgs) StdoutLine: {'line': b'-- Up-to-date symlink: /root/ws_sensor_combined/install/px4_msgs/include/px4_msgs/px4_msgs/msg/detail/longitudinal_control_configuration__traits.hpp\n'}
[0.765405] (px4_msgs) StdoutLine: {'line': b'-- Up-to-date symlink: /root/ws_sensor_combined/install/px4_msgs/include/px4_msgs/px4_msgs/msg/detail/longitudinal_control_configuration__type_support.hpp\n'}
[0.765485] (px4_msgs) StdoutLine: {'line': b'-- Up-to-date symlink: /root/ws_sensor_combined/install/px4_msgs/include/px4_msgs/px4_msgs/msg/detail/mag_worker_data__builder.hpp\n'}
[0.765641] (px4_msgs) StdoutLine: {'line': b'-- Up-to-date symlink: /root/ws_sensor_combined/install/px4_msgs/include/px4_msgs/px4_msgs/msg/detail/mag_worker_data__struct.hpp\n'}
[0.765672] (px4_msgs) StdoutLine: {'line': b'-- Up-to-date symlink: /root/ws_sensor_combined/install/px4_msgs/include/px4_msgs/px4_msgs/msg/detail/mag_worker_data__traits.hpp\n'}
[0.765742] (px4_msgs) StdoutLine: {'line': b'-- Up-to-date symlink: /root/ws_sensor_combined/install/px4_msgs/include/px4_msgs/px4_msgs/msg/detail/mag_worker_data__type_support.hpp\n'}
[0.765822] (px4_msgs) StdoutLine: {'line': b'-- Up-to-date symlink: /root/ws_sensor_combined/install/px4_msgs/include/px4_msgs/px4_msgs/msg/detail/magnetometer_bias_estimate__builder.hpp\n'}
[0.765908] (px4_msgs) StdoutLine: {'line': b'-- Up-to-date symlink: /root/ws_sensor_combined/install/px4_msgs/include/px4_msgs/px4_msgs/msg/detail/magnetometer_bias_estimate__struct.hpp\n'}
[0.765988] (px4_msgs) StdoutLine: {'line': b'-- Up-to-date symlink: /root/ws_sensor_combined/install/px4_msgs/include/px4_msgs/px4_msgs/msg/detail/magnetometer_bias_estimate__traits.hpp\n'}
[0.766068] (px4_msgs) StdoutLine: {'line': b'-- Up-to-date symlink: /root/ws_sensor_combined/install/px4_msgs/include/px4_msgs/px4_msgs/msg/detail/magnetometer_bias_estimate__type_support.hpp\n'}
[0.766150] (px4_msgs) StdoutLine: {'line': b'-- Up-to-date symlink: /root/ws_sensor_combined/install/px4_msgs/include/px4_msgs/px4_msgs/msg/detail/manual_control_setpoint__builder.hpp\n'}
[0.766234] (px4_msgs) StdoutLine: {'line': b'-- Up-to-date symlink: /root/ws_sensor_combined/install/px4_msgs/include/px4_msgs/px4_msgs/msg/detail/manual_control_setpoint__struct.hpp\n'}
[0.766316] (px4_msgs) StdoutLine: {'line': b'-- Up-to-date symlink: /root/ws_sensor_combined/install/px4_msgs/include/px4_msgs/px4_msgs/msg/detail/manual_control_setpoint__traits.hpp\n'}
[0.766397] (px4_msgs) StdoutLine: {'line': b'-- Up-to-date symlink: /root/ws_sensor_combined/install/px4_msgs/include/px4_msgs/px4_msgs/msg/detail/manual_control_setpoint__type_support.hpp\n'}
[0.766477] (px4_msgs) StdoutLine: {'line': b'-- Up-to-date symlink: /root/ws_sensor_combined/install/px4_msgs/include/px4_msgs/px4_msgs/msg/detail/manual_control_switches__builder.hpp\n'}
[0.766557] (px4_msgs) StdoutLine: {'line': b'-- Up-to-date symlink: /root/ws_sensor_combined/install/px4_msgs/include/px4_msgs/px4_msgs/msg/detail/manual_control_switches__struct.hpp\n'}
[0.766639] (px4_msgs) StdoutLine: {'line': b'-- Up-to-date symlink: /root/ws_sensor_combined/install/px4_msgs/include/px4_msgs/px4_msgs/msg/detail/manual_control_switches__traits.hpp\n'}
[0.766719] (px4_msgs) StdoutLine: {'line': b'-- Up-to-date symlink: /root/ws_sensor_combined/install/px4_msgs/include/px4_msgs/px4_msgs/msg/detail/manual_control_switches__type_support.hpp\n'}
[0.766799] (px4_msgs) StdoutLine: {'line': b'-- Up-to-date symlink: /root/ws_sensor_combined/install/px4_msgs/include/px4_msgs/px4_msgs/msg/detail/mavlink_log__builder.hpp\n'}
[0.766879] (px4_msgs) StdoutLine: {'line': b'-- Up-to-date symlink: /root/ws_sensor_combined/install/px4_msgs/include/px4_msgs/px4_msgs/msg/detail/mavlink_log__struct.hpp\n'}
[0.766960] (px4_msgs) StdoutLine: {'line': b'-- Up-to-date symlink: /root/ws_sensor_combined/install/px4_msgs/include/px4_msgs/px4_msgs/msg/detail/mavlink_log__traits.hpp\n'}
[0.767041] (px4_msgs) StdoutLine: {'line': b'-- Up-to-date symlink: /root/ws_sensor_combined/install/px4_msgs/include/px4_msgs/px4_msgs/msg/detail/mavlink_log__type_support.hpp\n'}
[0.767122] (px4_msgs) StdoutLine: {'line': b'-- Up-to-date symlink: /root/ws_sensor_combined/install/px4_msgs/include/px4_msgs/px4_msgs/msg/detail/mavlink_tunnel__builder.hpp\n'}
[0.767202] (px4_msgs) StdoutLine: {'line': b'-- Up-to-date symlink: /root/ws_sensor_combined/install/px4_msgs/include/px4_msgs/px4_msgs/msg/detail/mavlink_tunnel__struct.hpp\n'}
[0.767283] (px4_msgs) StdoutLine: {'line': b'-- Up-to-date symlink: /root/ws_sensor_combined/install/px4_msgs/include/px4_msgs/px4_msgs/msg/detail/mavlink_tunnel__traits.hpp\n'}
[0.767363] (px4_msgs) StdoutLine: {'line': b'-- Up-to-date symlink: /root/ws_sensor_combined/install/px4_msgs/include/px4_msgs/px4_msgs/msg/detail/mavlink_tunnel__type_support.hpp\n'}
[0.767443] (px4_msgs) StdoutLine: {'line': b'-- Up-to-date symlink: /root/ws_sensor_combined/install/px4_msgs/include/px4_msgs/px4_msgs/msg/detail/message_format_request__builder.hpp\n'}
[0.767524] (px4_msgs) StdoutLine: {'line': b'-- Up-to-date symlink: /root/ws_sensor_combined/install/px4_msgs/include/px4_msgs/px4_msgs/msg/detail/message_format_request__struct.hpp\n'}
[0.767583] (px4_msgs) StdoutLine: {'line': b'-- Up-to-date symlink: /root/ws_sensor_combined/install/px4_msgs/include/px4_msgs/px4_msgs/msg/detail/message_format_request__traits.hpp\n'}
[0.767666] (px4_msgs) StdoutLine: {'line': b'-- Up-to-date symlink: /root/ws_sensor_combined/install/px4_msgs/include/px4_msgs/px4_msgs/msg/detail/message_format_request__type_support.hpp\n'}
[0.767745] (px4_msgs) StdoutLine: {'line': b'-- Up-to-date symlink: /root/ws_sensor_combined/install/px4_msgs/include/px4_msgs/px4_msgs/msg/detail/message_format_response__builder.hpp\n'}
[0.767825] (px4_msgs) StdoutLine: {'line': b'-- Up-to-date symlink: /root/ws_sensor_combined/install/px4_msgs/include/px4_msgs/px4_msgs/msg/detail/message_format_response__struct.hpp\n'}
[0.767905] (px4_msgs) StdoutLine: {'line': b'-- Up-to-date symlink: /root/ws_sensor_combined/install/px4_msgs/include/px4_msgs/px4_msgs/msg/detail/message_format_response__traits.hpp\n'}
[0.767985] (px4_msgs) StdoutLine: {'line': b'-- Up-to-date symlink: /root/ws_sensor_combined/install/px4_msgs/include/px4_msgs/px4_msgs/msg/detail/message_format_response__type_support.hpp\n'}
[0.768066] (px4_msgs) StdoutLine: {'line': b'-- Up-to-date symlink: /root/ws_sensor_combined/install/px4_msgs/include/px4_msgs/px4_msgs/msg/detail/mission__builder.hpp\n'}
[0.768146] (px4_msgs) StdoutLine: {'line': b'-- Up-to-date symlink: /root/ws_sensor_combined/install/px4_msgs/include/px4_msgs/px4_msgs/msg/detail/mission__struct.hpp\n'}
[0.768229] (px4_msgs) StdoutLine: {'line': b'-- Up-to-date symlink: /root/ws_sensor_combined/install/px4_msgs/include/px4_msgs/px4_msgs/msg/detail/mission__traits.hpp\n'}
[0.768308] (px4_msgs) StdoutLine: {'line': b'-- Up-to-date symlink: /root/ws_sensor_combined/install/px4_msgs/include/px4_msgs/px4_msgs/msg/detail/mission__type_support.hpp\n'}
[0.768388] (px4_msgs) StdoutLine: {'line': b'-- Up-to-date symlink: /root/ws_sensor_combined/install/px4_msgs/include/px4_msgs/px4_msgs/msg/detail/mission_result__builder.hpp\n'}
[0.768434] (px4_msgs) StdoutLine: {'line': b'-- Up-to-date symlink: /root/ws_sensor_combined/install/px4_msgs/include/px4_msgs/px4_msgs/msg/detail/mission_result__struct.hpp\n'}
[0.768461] (px4_msgs) StdoutLine: {'line': b'-- Up-to-date symlink: /root/ws_sensor_combined/install/px4_msgs/include/px4_msgs/px4_msgs/msg/detail/mission_result__traits.hpp\n'}
[0.768543] (px4_msgs) StdoutLine: {'line': b'-- Up-to-date symlink: /root/ws_sensor_combined/install/px4_msgs/include/px4_msgs/px4_msgs/msg/detail/mission_result__type_support.hpp\n'}
[0.768624] (px4_msgs) StdoutLine: {'line': b'-- Up-to-date symlink: /root/ws_sensor_combined/install/px4_msgs/include/px4_msgs/px4_msgs/msg/detail/mode_completed__builder.hpp\n'}
[0.768728] (px4_msgs) StdoutLine: {'line': b'-- Up-to-date symlink: /root/ws_sensor_combined/install/px4_msgs/include/px4_msgs/px4_msgs/msg/detail/mode_completed__struct.hpp\n'}
[0.768810] (px4_msgs) StdoutLine: {'line': b'-- Up-to-date symlink: /root/ws_sensor_combined/install/px4_msgs/include/px4_msgs/px4_msgs/msg/detail/mode_completed__traits.hpp\n'}
[0.769247] (px4_msgs) StdoutLine: {'line': b'-- Up-to-date symlink: /root/ws_sensor_combined/install/px4_msgs/include/px4_msgs/px4_msgs/msg/detail/mode_completed__type_support.hpp\n'}
[0.769403] (px4_msgs) StdoutLine: {'line': b'-- Up-to-date symlink: /root/ws_sensor_combined/install/px4_msgs/include/px4_msgs/px4_msgs/msg/detail/mount_orientation__builder.hpp\n'}
[0.769443] (px4_msgs) StdoutLine: {'line': b'-- Up-to-date symlink: /root/ws_sensor_combined/install/px4_msgs/include/px4_msgs/px4_msgs/msg/detail/mount_orientation__struct.hpp\n'}
[0.769470] (px4_msgs) StdoutLine: {'line': b'-- Up-to-date symlink: /root/ws_sensor_combined/install/px4_msgs/include/px4_msgs/px4_msgs/msg/detail/mount_orientation__traits.hpp\n'}
[0.769697] (px4_msgs) StdoutLine: {'line': b'-- Up-to-date symlink: /root/ws_sensor_combined/install/px4_msgs/include/px4_msgs/px4_msgs/msg/detail/mount_orientation__type_support.hpp\n'}
[0.769800] (px4_msgs) StdoutLine: {'line': b'-- Up-to-date symlink: /root/ws_sensor_combined/install/px4_msgs/include/px4_msgs/px4_msgs/msg/detail/navigator_mission_item__builder.hpp\n'}
[0.769908] (px4_msgs) StdoutLine: {'line': b'-- Up-to-date symlink: /root/ws_sensor_combined/install/px4_msgs/include/px4_msgs/px4_msgs/msg/detail/navigator_mission_item__struct.hpp\n'}
[0.769997] (px4_msgs) StdoutLine: {'line': b'-- Up-to-date symlink: /root/ws_sensor_combined/install/px4_msgs/include/px4_msgs/px4_msgs/msg/detail/navigator_mission_item__traits.hpp\n'}
[0.770068] (px4_msgs) StdoutLine: {'line': b'-- Up-to-date symlink: /root/ws_sensor_combined/install/px4_msgs/include/px4_msgs/px4_msgs/msg/detail/navigator_mission_item__type_support.hpp\n'}
[0.770150] (px4_msgs) StdoutLine: {'line': b'-- Up-to-date symlink: /root/ws_sensor_combined/install/px4_msgs/include/px4_msgs/px4_msgs/msg/detail/navigator_status__builder.hpp\n'}
[0.770229] (px4_msgs) StdoutLine: {'line': b'-- Up-to-date symlink: /root/ws_sensor_combined/install/px4_msgs/include/px4_msgs/px4_msgs/msg/detail/navigator_status__struct.hpp\n'}
[0.770309] (px4_msgs) StdoutLine: {'line': b'-- Up-to-date symlink: /root/ws_sensor_combined/install/px4_msgs/include/px4_msgs/px4_msgs/msg/detail/navigator_status__traits.hpp\n'}
[0.770357] (px4_msgs) StdoutLine: {'line': b'-- Up-to-date symlink: /root/ws_sensor_combined/install/px4_msgs/include/px4_msgs/px4_msgs/msg/detail/navigator_status__type_support.hpp\n'}
[0.770405] (px4_msgs) StdoutLine: {'line': b'-- Up-to-date symlink: /root/ws_sensor_combined/install/px4_msgs/include/px4_msgs/px4_msgs/msg/detail/neural_control__builder.hpp\n'}
[0.770643] (px4_msgs) StdoutLine: {'line': b'-- Up-to-date symlink: /root/ws_sensor_combined/install/px4_msgs/include/px4_msgs/px4_msgs/msg/detail/neural_control__struct.hpp\n'}
[0.770727] (px4_msgs) StdoutLine: {'line': b'-- Up-to-date symlink: /root/ws_sensor_combined/install/px4_msgs/include/px4_msgs/px4_msgs/msg/detail/neural_control__traits.hpp\n'}
[0.770807] (px4_msgs) StdoutLine: {'line': b'-- Up-to-date symlink: /root/ws_sensor_combined/install/px4_msgs/include/px4_msgs/px4_msgs/msg/detail/neural_control__type_support.hpp\n'}
[0.770886] (px4_msgs) StdoutLine: {'line': b'-- Up-to-date symlink: /root/ws_sensor_combined/install/px4_msgs/include/px4_msgs/px4_msgs/msg/detail/normalized_unsigned_setpoint__builder.hpp\n'}
[0.770966] (px4_msgs) StdoutLine: {'line': b'-- Up-to-date symlink: /root/ws_sensor_combined/install/px4_msgs/include/px4_msgs/px4_msgs/msg/detail/normalized_unsigned_setpoint__struct.hpp\n'}
[0.771046] (px4_msgs) StdoutLine: {'line': b'-- Up-to-date symlink: /root/ws_sensor_combined/install/px4_msgs/include/px4_msgs/px4_msgs/msg/detail/normalized_unsigned_setpoint__traits.hpp\n'}
[0.771126] (px4_msgs) StdoutLine: {'line': b'-- Up-to-date symlink: /root/ws_sensor_combined/install/px4_msgs/include/px4_msgs/px4_msgs/msg/detail/normalized_unsigned_setpoint__type_support.hpp\n'}
[0.771206] (px4_msgs) StdoutLine: {'line': b'-- Up-to-date symlink: /root/ws_sensor_combined/install/px4_msgs/include/px4_msgs/px4_msgs/msg/detail/obstacle_distance__builder.hpp\n'}
[0.771285] (px4_msgs) StdoutLine: {'line': b'-- Up-to-date symlink: /root/ws_sensor_combined/install/px4_msgs/include/px4_msgs/px4_msgs/msg/detail/obstacle_distance__struct.hpp\n'}
[0.771367] (px4_msgs) StdoutLine: {'line': b'-- Up-to-date symlink: /root/ws_sensor_combined/install/px4_msgs/include/px4_msgs/px4_msgs/msg/detail/obstacle_distance__traits.hpp\n'}
[0.771448] (px4_msgs) StdoutLine: {'line': b'-- Up-to-date symlink: /root/ws_sensor_combined/install/px4_msgs/include/px4_msgs/px4_msgs/msg/detail/obstacle_distance__type_support.hpp\n'}
[0.771527] (px4_msgs) StdoutLine: {'line': b'-- Up-to-date symlink: /root/ws_sensor_combined/install/px4_msgs/include/px4_msgs/px4_msgs/msg/detail/offboard_control_mode__builder.hpp\n'}
[0.771609] (px4_msgs) StdoutLine: {'line': b'-- Up-to-date symlink: /root/ws_sensor_combined/install/px4_msgs/include/px4_msgs/px4_msgs/msg/detail/offboard_control_mode__struct.hpp\n'}
[0.771789] (px4_msgs) StdoutLine: {'line': b'-- Up-to-date symlink: /root/ws_sensor_combined/install/px4_msgs/include/px4_msgs/px4_msgs/msg/detail/offboard_control_mode__traits.hpp\n'}
[0.771877] (px4_msgs) StdoutLine: {'line': b'-- Up-to-date symlink: /root/ws_sensor_combined/install/px4_msgs/include/px4_msgs/px4_msgs/msg/detail/offboard_control_mode__type_support.hpp\n'}
[0.771964] (px4_msgs) StdoutLine: {'line': b'-- Up-to-date symlink: /root/ws_sensor_combined/install/px4_msgs/include/px4_msgs/px4_msgs/msg/detail/onboard_computer_status__builder.hpp\n'}
[0.772044] (px4_msgs) StdoutLine: {'line': b'-- Up-to-date symlink: /root/ws_sensor_combined/install/px4_msgs/include/px4_msgs/px4_msgs/msg/detail/onboard_computer_status__struct.hpp\n'}
[0.772124] (px4_msgs) StdoutLine: {'line': b'-- Up-to-date symlink: /root/ws_sensor_combined/install/px4_msgs/include/px4_msgs/px4_msgs/msg/detail/onboard_computer_status__traits.hpp\n'}
[0.772204] (px4_msgs) StdoutLine: {'line': b'-- Up-to-date symlink: /root/ws_sensor_combined/install/px4_msgs/include/px4_msgs/px4_msgs/msg/detail/onboard_computer_status__type_support.hpp\n'}
[0.772383] (px4_msgs) StdoutLine: {'line': b'-- Up-to-date symlink: /root/ws_sensor_combined/install/px4_msgs/include/px4_msgs/px4_msgs/msg/detail/open_drone_id_arm_status__builder.hpp\n'}
[0.772493] (px4_msgs) StdoutLine: {'line': b'-- Up-to-date symlink: /root/ws_sensor_combined/install/px4_msgs/include/px4_msgs/px4_msgs/msg/detail/open_drone_id_arm_status__struct.hpp\n'}
[0.772583] (px4_msgs) StdoutLine: {'line': b'-- Up-to-date symlink: /root/ws_sensor_combined/install/px4_msgs/include/px4_msgs/px4_msgs/msg/detail/open_drone_id_arm_status__traits.hpp\n'}
[0.772664] (px4_msgs) StdoutLine: {'line': b'-- Up-to-date symlink: /root/ws_sensor_combined/install/px4_msgs/include/px4_msgs/px4_msgs/msg/detail/open_drone_id_arm_status__type_support.hpp\n'}
[0.772734] (px4_msgs) StdoutLine: {'line': b'-- Up-to-date symlink: /root/ws_sensor_combined/install/px4_msgs/include/px4_msgs/px4_msgs/msg/detail/open_drone_id_operator_id__builder.hpp\n'}
[0.772803] (px4_msgs) StdoutLine: {'line': b'-- Up-to-date symlink: /root/ws_sensor_combined/install/px4_msgs/include/px4_msgs/px4_msgs/msg/detail/open_drone_id_operator_id__struct.hpp\n'}
[0.772873] (px4_msgs) StdoutLine: {'line': b'-- Up-to-date symlink: /root/ws_sensor_combined/install/px4_msgs/include/px4_msgs/px4_msgs/msg/detail/open_drone_id_operator_id__traits.hpp\n'}
[0.772940] (px4_msgs) StdoutLine: {'line': b'-- Up-to-date symlink: /root/ws_sensor_combined/install/px4_msgs/include/px4_msgs/px4_msgs/msg/detail/open_drone_id_operator_id__type_support.hpp\n'}
[0.773007] (px4_msgs) StdoutLine: {'line': b'-- Up-to-date symlink: /root/ws_sensor_combined/install/px4_msgs/include/px4_msgs/px4_msgs/msg/detail/open_drone_id_self_id__builder.hpp\n'}
[0.773073] (px4_msgs) StdoutLine: {'line': b'-- Up-to-date symlink: /root/ws_sensor_combined/install/px4_msgs/include/px4_msgs/px4_msgs/msg/detail/open_drone_id_self_id__struct.hpp\n'}
[0.773139] (px4_msgs) StdoutLine: {'line': b'-- Up-to-date symlink: /root/ws_sensor_combined/install/px4_msgs/include/px4_msgs/px4_msgs/msg/detail/open_drone_id_self_id__traits.hpp\n'}
[0.773205] (px4_msgs) StdoutLine: {'line': b'-- Up-to-date symlink: /root/ws_sensor_combined/install/px4_msgs/include/px4_msgs/px4_msgs/msg/detail/open_drone_id_self_id__type_support.hpp\n'}
[0.773271] (px4_msgs) StdoutLine: {'line': b'-- Up-to-date symlink: /root/ws_sensor_combined/install/px4_msgs/include/px4_msgs/px4_msgs/msg/detail/open_drone_id_system__builder.hpp\n'}
[0.773336] (px4_msgs) StdoutLine: {'line': b'-- Up-to-date symlink: /root/ws_sensor_combined/install/px4_msgs/include/px4_msgs/px4_msgs/msg/detail/open_drone_id_system__struct.hpp\n'}
[0.773401] (px4_msgs) StdoutLine: {'line': b'-- Up-to-date symlink: /root/ws_sensor_combined/install/px4_msgs/include/px4_msgs/px4_msgs/msg/detail/open_drone_id_system__traits.hpp\n'}
[0.773464] (px4_msgs) StdoutLine: {'line': b'-- Up-to-date symlink: /root/ws_sensor_combined/install/px4_msgs/include/px4_msgs/px4_msgs/msg/detail/open_drone_id_system__type_support.hpp\n'}
[0.773835] (px4_msgs) StdoutLine: {'line': b'-- Up-to-date symlink: /root/ws_sensor_combined/install/px4_msgs/include/px4_msgs/px4_msgs/msg/detail/orb_test__builder.hpp\n'}
[0.774336] (px4_msgs) StdoutLine: {'line': b'-- Up-to-date symlink: /root/ws_sensor_combined/install/px4_msgs/include/px4_msgs/px4_msgs/msg/detail/orb_test__struct.hpp\n'}
[0.774399] (px4_msgs) StdoutLine: {'line': b'-- Up-to-date symlink: /root/ws_sensor_combined/install/px4_msgs/include/px4_msgs/px4_msgs/msg/detail/orb_test__traits.hpp\n'}
[0.774430] (px4_msgs) StdoutLine: {'line': b'-- Up-to-date symlink: /root/ws_sensor_combined/install/px4_msgs/include/px4_msgs/px4_msgs/msg/detail/orb_test__type_support.hpp\n'}
[0.774569] (px4_msgs) StdoutLine: {'line': b'-- Up-to-date symlink: /root/ws_sensor_combined/install/px4_msgs/include/px4_msgs/px4_msgs/msg/detail/orb_test_large__builder.hpp\n'}
[0.774616] (px4_msgs) StdoutLine: {'line': b'-- Up-to-date symlink: /root/ws_sensor_combined/install/px4_msgs/include/px4_msgs/px4_msgs/msg/detail/orb_test_large__struct.hpp\n'}
[0.774961] (px4_msgs) StdoutLine: {'line': b'-- Up-to-date symlink: /root/ws_sensor_combined/install/px4_msgs/include/px4_msgs/px4_msgs/msg/detail/orb_test_large__traits.hpp\n'}
[0.775065] (px4_msgs) StdoutLine: {'line': b'-- Up-to-date symlink: /root/ws_sensor_combined/install/px4_msgs/include/px4_msgs/px4_msgs/msg/detail/orb_test_large__type_support.hpp\n'}
[0.775122] (px4_msgs) StdoutLine: {'line': b'-- Up-to-date symlink: /root/ws_sensor_combined/install/px4_msgs/include/px4_msgs/px4_msgs/msg/detail/orb_test_medium__builder.hpp\n'}
[0.775243] (px4_msgs) StdoutLine: {'line': b'-- Up-to-date symlink: /root/ws_sensor_combined/install/px4_msgs/include/px4_msgs/px4_msgs/msg/detail/orb_test_medium__struct.hpp\n'}
[0.775363] (px4_msgs) StdoutLine: {'line': b'-- Up-to-date symlink: /root/ws_sensor_combined/install/px4_msgs/include/px4_msgs/px4_msgs/msg/detail/orb_test_medium__traits.hpp\n'}
[0.775392] (px4_msgs) StdoutLine: {'line': b'-- Up-to-date symlink: /root/ws_sensor_combined/install/px4_msgs/include/px4_msgs/px4_msgs/msg/detail/orb_test_medium__type_support.hpp\n'}
[0.775417] (px4_msgs) StdoutLine: {'line': b'-- Up-to-date symlink: /root/ws_sensor_combined/install/px4_msgs/include/px4_msgs/px4_msgs/msg/detail/orbit_status__builder.hpp\n'}
[0.775440] (px4_msgs) StdoutLine: {'line': b'-- Up-to-date symlink: /root/ws_sensor_combined/install/px4_msgs/include/px4_msgs/px4_msgs/msg/detail/orbit_status__struct.hpp\n'}
[0.775464] (px4_msgs) StdoutLine: {'line': b'-- Up-to-date symlink: /root/ws_sensor_combined/install/px4_msgs/include/px4_msgs/px4_msgs/msg/detail/orbit_status__traits.hpp\n'}
[0.775486] (px4_msgs) StdoutLine: {'line': b'-- Up-to-date symlink: /root/ws_sensor_combined/install/px4_msgs/include/px4_msgs/px4_msgs/msg/detail/orbit_status__type_support.hpp\n'}
[0.775552] (px4_msgs) StdoutLine: {'line': b'-- Up-to-date symlink: /root/ws_sensor_combined/install/px4_msgs/include/px4_msgs/px4_msgs/msg/detail/parameter_reset_request__builder.hpp\n'}
[0.775611] (px4_msgs) StdoutLine: {'line': b'-- Up-to-date symlink: /root/ws_sensor_combined/install/px4_msgs/include/px4_msgs/px4_msgs/msg/detail/parameter_reset_request__struct.hpp\n'}
[0.775727] (px4_msgs) StdoutLine: {'line': b'-- Up-to-date symlink: /root/ws_sensor_combined/install/px4_msgs/include/px4_msgs/px4_msgs/msg/detail/parameter_reset_request__traits.hpp\n'}
[0.775810] (px4_msgs) StdoutLine: {'line': b'-- Up-to-date symlink: /root/ws_sensor_combined/install/px4_msgs/include/px4_msgs/px4_msgs/msg/detail/parameter_reset_request__type_support.hpp\n'}
[0.775841] (px4_msgs) StdoutLine: {'line': b'-- Up-to-date symlink: /root/ws_sensor_combined/install/px4_msgs/include/px4_msgs/px4_msgs/msg/detail/parameter_set_used_request__builder.hpp\n'}
[0.776586] (px4_msgs) StdoutLine: {'line': b'-- Up-to-date symlink: /root/ws_sensor_combined/install/px4_msgs/include/px4_msgs/px4_msgs/msg/detail/parameter_set_used_request__struct.hpp\n'}
[0.776658] (px4_msgs) StdoutLine: {'line': b'-- Up-to-date symlink: /root/ws_sensor_combined/install/px4_msgs/include/px4_msgs/px4_msgs/msg/detail/parameter_set_used_request__traits.hpp\n'}
[0.776687] (px4_msgs) StdoutLine: {'line': b'-- Up-to-date symlink: /root/ws_sensor_combined/install/px4_msgs/include/px4_msgs/px4_msgs/msg/detail/parameter_set_used_request__type_support.hpp\n'}
[0.776718] (px4_msgs) StdoutLine: {'line': b'-- Up-to-date symlink: /root/ws_sensor_combined/install/px4_msgs/include/px4_msgs/px4_msgs/msg/detail/parameter_set_value_request__builder.hpp\n'}
[0.776742] (px4_msgs) StdoutLine: {'line': b'-- Up-to-date symlink: /root/ws_sensor_combined/install/px4_msgs/include/px4_msgs/px4_msgs/msg/detail/parameter_set_value_request__struct.hpp\n'}
[0.776766] (px4_msgs) StdoutLine: {'line': b'-- Up-to-date symlink: /root/ws_sensor_combined/install/px4_msgs/include/px4_msgs/px4_msgs/msg/detail/parameter_set_value_request__traits.hpp\n'}
[0.776789] (px4_msgs) StdoutLine: {'line': b'-- Up-to-date symlink: /root/ws_sensor_combined/install/px4_msgs/include/px4_msgs/px4_msgs/msg/detail/parameter_set_value_request__type_support.hpp\n'}
[0.776812] (px4_msgs) StdoutLine: {'line': b'-- Up-to-date symlink: /root/ws_sensor_combined/install/px4_msgs/include/px4_msgs/px4_msgs/msg/detail/parameter_set_value_response__builder.hpp\n'}
[0.776836] (px4_msgs) StdoutLine: {'line': b'-- Up-to-date symlink: /root/ws_sensor_combined/install/px4_msgs/include/px4_msgs/px4_msgs/msg/detail/parameter_set_value_response__struct.hpp\n'}
[0.776898] (px4_msgs) StdoutLine: {'line': b'-- Up-to-date symlink: /root/ws_sensor_combined/install/px4_msgs/include/px4_msgs/px4_msgs/msg/detail/parameter_set_value_response__traits.hpp\n'}
[0.776950] (px4_msgs) StdoutLine: {'line': b'-- Up-to-date symlink: /root/ws_sensor_combined/install/px4_msgs/include/px4_msgs/px4_msgs/msg/detail/parameter_set_value_response__type_support.hpp\n'}
[0.776977] (px4_msgs) StdoutLine: {'line': b'-- Up-to-date symlink: /root/ws_sensor_combined/install/px4_msgs/include/px4_msgs/px4_msgs/msg/detail/parameter_update__builder.hpp\n'}
[0.777002] (px4_msgs) StdoutLine: {'line': b'-- Up-to-date symlink: /root/ws_sensor_combined/install/px4_msgs/include/px4_msgs/px4_msgs/msg/detail/parameter_update__struct.hpp\n'}
[0.777026] (px4_msgs) StdoutLine: {'line': b'-- Up-to-date symlink: /root/ws_sensor_combined/install/px4_msgs/include/px4_msgs/px4_msgs/msg/detail/parameter_update__traits.hpp\n'}
[0.777050] (px4_msgs) StdoutLine: {'line': b'-- Up-to-date symlink: /root/ws_sensor_combined/install/px4_msgs/include/px4_msgs/px4_msgs/msg/detail/parameter_update__type_support.hpp\n'}
[0.777075] (px4_msgs) StdoutLine: {'line': b'-- Up-to-date symlink: /root/ws_sensor_combined/install/px4_msgs/include/px4_msgs/px4_msgs/msg/detail/ping__builder.hpp\n'}
[0.777120] (px4_msgs) StdoutLine: {'line': b'-- Up-to-date symlink: /root/ws_sensor_combined/install/px4_msgs/include/px4_msgs/px4_msgs/msg/detail/ping__struct.hpp\n'}
[0.777149] (px4_msgs) StdoutLine: {'line': b'-- Up-to-date symlink: /root/ws_sensor_combined/install/px4_msgs/include/px4_msgs/px4_msgs/msg/detail/ping__traits.hpp\n'}
[0.777172] (px4_msgs) StdoutLine: {'line': b'-- Up-to-date symlink: /root/ws_sensor_combined/install/px4_msgs/include/px4_msgs/px4_msgs/msg/detail/ping__type_support.hpp\n'}
[0.777195] (px4_msgs) StdoutLine: {'line': b'-- Up-to-date symlink: /root/ws_sensor_combined/install/px4_msgs/include/px4_msgs/px4_msgs/msg/detail/position_controller_landing_status__builder.hpp\n'}
[0.777219] (px4_msgs) StdoutLine: {'line': b'-- Up-to-date symlink: /root/ws_sensor_combined/install/px4_msgs/include/px4_msgs/px4_msgs/msg/detail/position_controller_landing_status__struct.hpp\n'}
[0.777242] (px4_msgs) StdoutLine: {'line': b'-- Up-to-date symlink: /root/ws_sensor_combined/install/px4_msgs/include/px4_msgs/px4_msgs/msg/detail/position_controller_landing_status__traits.hpp\n'}
[0.777265] (px4_msgs) StdoutLine: {'line': b'-- Up-to-date symlink: /root/ws_sensor_combined/install/px4_msgs/include/px4_msgs/px4_msgs/msg/detail/position_controller_landing_status__type_support.hpp\n'}
[0.777287] (px4_msgs) StdoutLine: {'line': b'-- Up-to-date symlink: /root/ws_sensor_combined/install/px4_msgs/include/px4_msgs/px4_msgs/msg/detail/position_controller_status__builder.hpp\n'}
[0.777310] (px4_msgs) StdoutLine: {'line': b'-- Up-to-date symlink: /root/ws_sensor_combined/install/px4_msgs/include/px4_msgs/px4_msgs/msg/detail/position_controller_status__struct.hpp\n'}
[0.777335] (px4_msgs) StdoutLine: {'line': b'-- Up-to-date symlink: /root/ws_sensor_combined/install/px4_msgs/include/px4_msgs/px4_msgs/msg/detail/position_controller_status__traits.hpp\n'}
[0.777359] (px4_msgs) StdoutLine: {'line': b'-- Up-to-date symlink: /root/ws_sensor_combined/install/px4_msgs/include/px4_msgs/px4_msgs/msg/detail/position_controller_status__type_support.hpp\n'}
[0.777382] (px4_msgs) StdoutLine: {'line': b'-- Up-to-date symlink: /root/ws_sensor_combined/install/px4_msgs/include/px4_msgs/px4_msgs/msg/detail/position_setpoint__builder.hpp\n'}
[0.777405] (px4_msgs) StdoutLine: {'line': b'-- Up-to-date symlink: /root/ws_sensor_combined/install/px4_msgs/include/px4_msgs/px4_msgs/msg/detail/position_setpoint__struct.hpp\n'}
[0.777429] (px4_msgs) StdoutLine: {'line': b'-- Up-to-date symlink: /root/ws_sensor_combined/install/px4_msgs/include/px4_msgs/px4_msgs/msg/detail/position_setpoint__traits.hpp\n'}
[0.777456] (px4_msgs) StdoutLine: {'line': b'-- Up-to-date symlink: /root/ws_sensor_combined/install/px4_msgs/include/px4_msgs/px4_msgs/msg/detail/position_setpoint__type_support.hpp\n'}
[0.777481] (px4_msgs) StdoutLine: {'line': b'-- Up-to-date symlink: /root/ws_sensor_combined/install/px4_msgs/include/px4_msgs/px4_msgs/msg/detail/position_setpoint_triplet__builder.hpp\n'}
[0.777523] (px4_msgs) StdoutLine: {'line': b'-- Up-to-date symlink: /root/ws_sensor_combined/install/px4_msgs/include/px4_msgs/px4_msgs/msg/detail/position_setpoint_triplet__struct.hpp\n'}
[0.777549] (px4_msgs) StdoutLine: {'line': b'-- Up-to-date symlink: /root/ws_sensor_combined/install/px4_msgs/include/px4_msgs/px4_msgs/msg/detail/position_setpoint_triplet__traits.hpp\n'}
[0.777573] (px4_msgs) StdoutLine: {'line': b'-- Up-to-date symlink: /root/ws_sensor_combined/install/px4_msgs/include/px4_msgs/px4_msgs/msg/detail/position_setpoint_triplet__type_support.hpp\n'}
[0.777597] (px4_msgs) StdoutLine: {'line': b'-- Up-to-date symlink: /root/ws_sensor_combined/install/px4_msgs/include/px4_msgs/px4_msgs/msg/detail/power_button_state__builder.hpp\n'}
[0.777619] (px4_msgs) StdoutLine: {'line': b'-- Up-to-date symlink: /root/ws_sensor_combined/install/px4_msgs/include/px4_msgs/px4_msgs/msg/detail/power_button_state__struct.hpp\n'}
[0.777641] (px4_msgs) StdoutLine: {'line': b'-- Up-to-date symlink: /root/ws_sensor_combined/install/px4_msgs/include/px4_msgs/px4_msgs/msg/detail/power_button_state__traits.hpp\n'}
[0.777663] (px4_msgs) StdoutLine: {'line': b'-- Up-to-date symlink: /root/ws_sensor_combined/install/px4_msgs/include/px4_msgs/px4_msgs/msg/detail/power_button_state__type_support.hpp\n'}
[0.777684] (px4_msgs) StdoutLine: {'line': b'-- Up-to-date symlink: /root/ws_sensor_combined/install/px4_msgs/include/px4_msgs/px4_msgs/msg/detail/power_monitor__builder.hpp\n'}
[0.777705] (px4_msgs) StdoutLine: {'line': b'-- Up-to-date symlink: /root/ws_sensor_combined/install/px4_msgs/include/px4_msgs/px4_msgs/msg/detail/power_monitor__struct.hpp\n'}
[0.777727] (px4_msgs) StdoutLine: {'line': b'-- Up-to-date symlink: /root/ws_sensor_combined/install/px4_msgs/include/px4_msgs/px4_msgs/msg/detail/power_monitor__traits.hpp\n'}
[0.777748] (px4_msgs) StdoutLine: {'line': b'-- Up-to-date symlink: /root/ws_sensor_combined/install/px4_msgs/include/px4_msgs/px4_msgs/msg/detail/power_monitor__type_support.hpp\n'}
[0.777771] (px4_msgs) StdoutLine: {'line': b'-- Up-to-date symlink: /root/ws_sensor_combined/install/px4_msgs/include/px4_msgs/px4_msgs/msg/detail/pps_capture__builder.hpp\n'}
[0.777793] (px4_msgs) StdoutLine: {'line': b'-- Up-to-date symlink: /root/ws_sensor_combined/install/px4_msgs/include/px4_msgs/px4_msgs/msg/detail/pps_capture__struct.hpp\n'}
[0.778052] (px4_msgs) StdoutLine: {'line': b'-- Up-to-date symlink: /root/ws_sensor_combined/install/px4_msgs/include/px4_msgs/px4_msgs/msg/detail/pps_capture__traits.hpp\n'}
[0.778133] (px4_msgs) StdoutLine: {'line': b'-- Up-to-date symlink: /root/ws_sensor_combined/install/px4_msgs/include/px4_msgs/px4_msgs/msg/detail/pps_capture__type_support.hpp\n'}
[0.778464] (px4_msgs) StdoutLine: {'line': b'-- Up-to-date symlink: /root/ws_sensor_combined/install/px4_msgs/include/px4_msgs/px4_msgs/msg/detail/pure_pursuit_status__builder.hpp\n'}
[0.778642] (px4_msgs) StdoutLine: {'line': b'-- Up-to-date symlink: /root/ws_sensor_combined/install/px4_msgs/include/px4_msgs/px4_msgs/msg/detail/pure_pursuit_status__struct.hpp\n'}
[0.778831] (px4_msgs) StdoutLine: {'line': b'-- Up-to-date symlink: /root/ws_sensor_combined/install/px4_msgs/include/px4_msgs/px4_msgs/msg/detail/pure_pursuit_status__traits.hpp\n'}
[0.779157] (px4_msgs) StdoutLine: {'line': b'-- Up-to-date symlink: /root/ws_sensor_combined/install/px4_msgs/include/px4_msgs/px4_msgs/msg/detail/pure_pursuit_status__type_support.hpp\n'}
[0.779240] (px4_msgs) StdoutLine: {'line': b'-- Up-to-date symlink: /root/ws_sensor_combined/install/px4_msgs/include/px4_msgs/px4_msgs/msg/detail/pwm_input__builder.hpp\n'}
[0.779375] (px4_msgs) StdoutLine: {'line': b'-- Up-to-date symlink: /root/ws_sensor_combined/install/px4_msgs/include/px4_msgs/px4_msgs/msg/detail/pwm_input__struct.hpp\n'}
[0.779433] (px4_msgs) StdoutLine: {'line': b'-- Up-to-date symlink: /root/ws_sensor_combined/install/px4_msgs/include/px4_msgs/px4_msgs/msg/detail/pwm_input__traits.hpp\n'}
[0.779521] (px4_msgs) StdoutLine: {'line': b'-- Up-to-date symlink: /root/ws_sensor_combined/install/px4_msgs/include/px4_msgs/px4_msgs/msg/detail/pwm_input__type_support.hpp\n'}
[0.779601] (px4_msgs) StdoutLine: {'line': b'-- Up-to-date symlink: /root/ws_sensor_combined/install/px4_msgs/include/px4_msgs/px4_msgs/msg/detail/px4io_status__builder.hpp\n'}
[0.779681] (px4_msgs) StdoutLine: {'line': b'-- Up-to-date symlink: /root/ws_sensor_combined/install/px4_msgs/include/px4_msgs/px4_msgs/msg/detail/px4io_status__struct.hpp\n'}
[0.779760] (px4_msgs) StdoutLine: {'line': b'-- Up-to-date symlink: /root/ws_sensor_combined/install/px4_msgs/include/px4_msgs/px4_msgs/msg/detail/px4io_status__traits.hpp\n'}
[0.779840] (px4_msgs) StdoutLine: {'line': b'-- Up-to-date symlink: /root/ws_sensor_combined/install/px4_msgs/include/px4_msgs/px4_msgs/msg/detail/px4io_status__type_support.hpp\n'}
[0.779919] (px4_msgs) StdoutLine: {'line': b'-- Up-to-date symlink: /root/ws_sensor_combined/install/px4_msgs/include/px4_msgs/px4_msgs/msg/detail/qshell_req__builder.hpp\n'}
[0.779998] (px4_msgs) StdoutLine: {'line': b'-- Up-to-date symlink: /root/ws_sensor_combined/install/px4_msgs/include/px4_msgs/px4_msgs/msg/detail/qshell_req__struct.hpp\n'}
[0.780077] (px4_msgs) StdoutLine: {'line': b'-- Up-to-date symlink: /root/ws_sensor_combined/install/px4_msgs/include/px4_msgs/px4_msgs/msg/detail/qshell_req__traits.hpp\n'}
[0.780156] (px4_msgs) StdoutLine: {'line': b'-- Up-to-date symlink: /root/ws_sensor_combined/install/px4_msgs/include/px4_msgs/px4_msgs/msg/detail/qshell_req__type_support.hpp\n'}
[0.780236] (px4_msgs) StdoutLine: {'line': b'-- Up-to-date symlink: /root/ws_sensor_combined/install/px4_msgs/include/px4_msgs/px4_msgs/msg/detail/qshell_retval__builder.hpp\n'}
[0.780315] (px4_msgs) StdoutLine: {'line': b'-- Up-to-date symlink: /root/ws_sensor_combined/install/px4_msgs/include/px4_msgs/px4_msgs/msg/detail/qshell_retval__struct.hpp\n'}
[0.780394] (px4_msgs) StdoutLine: {'line': b'-- Up-to-date symlink: /root/ws_sensor_combined/install/px4_msgs/include/px4_msgs/px4_msgs/msg/detail/qshell_retval__traits.hpp\n'}
[0.780473] (px4_msgs) StdoutLine: {'line': b'-- Up-to-date symlink: /root/ws_sensor_combined/install/px4_msgs/include/px4_msgs/px4_msgs/msg/detail/qshell_retval__type_support.hpp\n'}
[0.780558] (px4_msgs) StdoutLine: {'line': b'-- Up-to-date symlink: /root/ws_sensor_combined/install/px4_msgs/include/px4_msgs/px4_msgs/msg/detail/radio_status__builder.hpp\n'}
[0.780637] (px4_msgs) StdoutLine: {'line': b'-- Up-to-date symlink: /root/ws_sensor_combined/install/px4_msgs/include/px4_msgs/px4_msgs/msg/detail/radio_status__struct.hpp\n'}
[0.780716] (px4_msgs) StdoutLine: {'line': b'-- Up-to-date symlink: /root/ws_sensor_combined/install/px4_msgs/include/px4_msgs/px4_msgs/msg/detail/radio_status__traits.hpp\n'}
[0.780829] (px4_msgs) StdoutLine: {'line': b'-- Up-to-date symlink: /root/ws_sensor_combined/install/px4_msgs/include/px4_msgs/px4_msgs/msg/detail/radio_status__type_support.hpp\n'}
[0.780881] (px4_msgs) StdoutLine: {'line': b'-- Up-to-date symlink: /root/ws_sensor_combined/install/px4_msgs/include/px4_msgs/px4_msgs/msg/detail/rate_ctrl_status__builder.hpp\n'}
[0.781105] (px4_msgs) StdoutLine: {'line': b'-- Up-to-date symlink: /root/ws_sensor_combined/install/px4_msgs/include/px4_msgs/px4_msgs/msg/detail/rate_ctrl_status__struct.hpp\n'}
[0.781387] (px4_msgs) StdoutLine: {'line': b'-- Up-to-date symlink: /root/ws_sensor_combined/install/px4_msgs/include/px4_msgs/px4_msgs/msg/detail/rate_ctrl_status__traits.hpp\n'}
[0.781678] (px4_msgs) StdoutLine: {'line': b'-- Up-to-date symlink: /root/ws_sensor_combined/install/px4_msgs/include/px4_msgs/px4_msgs/msg/detail/rate_ctrl_status__type_support.hpp\n'}
[0.781874] (px4_msgs) StdoutLine: {'line': b'-- Up-to-date symlink: /root/ws_sensor_combined/install/px4_msgs/include/px4_msgs/px4_msgs/msg/detail/rc_channels__builder.hpp\n'}
[0.782032] (px4_msgs) StdoutLine: {'line': b'-- Up-to-date symlink: /root/ws_sensor_combined/install/px4_msgs/include/px4_msgs/px4_msgs/msg/detail/rc_channels__struct.hpp\n'}
[0.782118] (px4_msgs) StdoutLine: {'line': b'-- Up-to-date symlink: /root/ws_sensor_combined/install/px4_msgs/include/px4_msgs/px4_msgs/msg/detail/rc_channels__traits.hpp\n'}
[0.782199] (px4_msgs) StdoutLine: {'line': b'-- Up-to-date symlink: /root/ws_sensor_combined/install/px4_msgs/include/px4_msgs/px4_msgs/msg/detail/rc_channels__type_support.hpp\n'}
[0.782328] (px4_msgs) StdoutLine: {'line': b'-- Up-to-date symlink: /root/ws_sensor_combined/install/px4_msgs/include/px4_msgs/px4_msgs/msg/detail/rc_parameter_map__builder.hpp\n'}
[0.782402] (px4_msgs) StdoutLine: {'line': b'-- Up-to-date symlink: /root/ws_sensor_combined/install/px4_msgs/include/px4_msgs/px4_msgs/msg/detail/rc_parameter_map__struct.hpp\n'}
[0.782483] (px4_msgs) StdoutLine: {'line': b'-- Up-to-date symlink: /root/ws_sensor_combined/install/px4_msgs/include/px4_msgs/px4_msgs/msg/detail/rc_parameter_map__traits.hpp\n'}
[0.782564] (px4_msgs) StdoutLine: {'line': b'-- Up-to-date symlink: /root/ws_sensor_combined/install/px4_msgs/include/px4_msgs/px4_msgs/msg/detail/rc_parameter_map__type_support.hpp\n'}
[0.782645] (px4_msgs) StdoutLine: {'line': b'-- Up-to-date symlink: /root/ws_sensor_combined/install/px4_msgs/include/px4_msgs/px4_msgs/msg/detail/register_ext_component_reply__builder.hpp\n'}
[0.782726] (px4_msgs) StdoutLine: {'line': b'-- Up-to-date symlink: /root/ws_sensor_combined/install/px4_msgs/include/px4_msgs/px4_msgs/msg/detail/register_ext_component_reply__struct.hpp\n'}
[0.782807] (px4_msgs) StdoutLine: {'line': b'-- Up-to-date symlink: /root/ws_sensor_combined/install/px4_msgs/include/px4_msgs/px4_msgs/msg/detail/register_ext_component_reply__traits.hpp\n'}
[0.782887] (px4_msgs) StdoutLine: {'line': b'-- Up-to-date symlink: /root/ws_sensor_combined/install/px4_msgs/include/px4_msgs/px4_msgs/msg/detail/register_ext_component_reply__type_support.hpp\n'}
[0.782967] (px4_msgs) StdoutLine: {'line': b'-- Up-to-date symlink: /root/ws_sensor_combined/install/px4_msgs/include/px4_msgs/px4_msgs/msg/detail/register_ext_component_request__builder.hpp\n'}
[0.783047] (px4_msgs) StdoutLine: {'line': b'-- Up-to-date symlink: /root/ws_sensor_combined/install/px4_msgs/include/px4_msgs/px4_msgs/msg/detail/register_ext_component_request__struct.hpp\n'}
[0.783127] (px4_msgs) StdoutLine: {'line': b'-- Up-to-date symlink: /root/ws_sensor_combined/install/px4_msgs/include/px4_msgs/px4_msgs/msg/detail/register_ext_component_request__traits.hpp\n'}
[0.783207] (px4_msgs) StdoutLine: {'line': b'-- Up-to-date symlink: /root/ws_sensor_combined/install/px4_msgs/include/px4_msgs/px4_msgs/msg/detail/register_ext_component_request__type_support.hpp\n'}
[0.783287] (px4_msgs) StdoutLine: {'line': b'-- Up-to-date symlink: /root/ws_sensor_combined/install/px4_msgs/include/px4_msgs/px4_msgs/msg/detail/rover_attitude_setpoint__builder.hpp\n'}
[0.783369] (px4_msgs) StdoutLine: {'line': b'-- Up-to-date symlink: /root/ws_sensor_combined/install/px4_msgs/include/px4_msgs/px4_msgs/msg/detail/rover_attitude_setpoint__struct.hpp\n'}
[0.783449] (px4_msgs) StdoutLine: {'line': b'-- Up-to-date symlink: /root/ws_sensor_combined/install/px4_msgs/include/px4_msgs/px4_msgs/msg/detail/rover_attitude_setpoint__traits.hpp\n'}
[0.783528] (px4_msgs) StdoutLine: {'line': b'-- Up-to-date symlink: /root/ws_sensor_combined/install/px4_msgs/include/px4_msgs/px4_msgs/msg/detail/rover_attitude_setpoint__type_support.hpp\n'}
[0.783609] (px4_msgs) StdoutLine: {'line': b'-- Up-to-date symlink: /root/ws_sensor_combined/install/px4_msgs/include/px4_msgs/px4_msgs/msg/detail/rover_attitude_status__builder.hpp\n'}
[0.783689] (px4_msgs) StdoutLine: {'line': b'-- Up-to-date symlink: /root/ws_sensor_combined/install/px4_msgs/include/px4_msgs/px4_msgs/msg/detail/rover_attitude_status__struct.hpp\n'}
[0.783769] (px4_msgs) StdoutLine: {'line': b'-- Up-to-date symlink: /root/ws_sensor_combined/install/px4_msgs/include/px4_msgs/px4_msgs/msg/detail/rover_attitude_status__traits.hpp\n'}
[0.783849] (px4_msgs) StdoutLine: {'line': b'-- Up-to-date symlink: /root/ws_sensor_combined/install/px4_msgs/include/px4_msgs/px4_msgs/msg/detail/rover_attitude_status__type_support.hpp\n'}
[0.784093] (px4_msgs) StdoutLine: {'line': b'-- Up-to-date symlink: /root/ws_sensor_combined/install/px4_msgs/include/px4_msgs/px4_msgs/msg/detail/rover_position_setpoint__builder.hpp\n'}
[0.784246] (px4_msgs) StdoutLine: {'line': b'-- Up-to-date symlink: /root/ws_sensor_combined/install/px4_msgs/include/px4_msgs/px4_msgs/msg/detail/rover_position_setpoint__struct.hpp\n'}
[0.784330] (px4_msgs) StdoutLine: {'line': b'-- Up-to-date symlink: /root/ws_sensor_combined/install/px4_msgs/include/px4_msgs/px4_msgs/msg/detail/rover_position_setpoint__traits.hpp\n'}
[0.784496] (px4_msgs) StdoutLine: {'line': b'-- Up-to-date symlink: /root/ws_sensor_combined/install/px4_msgs/include/px4_msgs/px4_msgs/msg/detail/rover_position_setpoint__type_support.hpp\n'}
[0.784588] (px4_msgs) StdoutLine: {'line': b'-- Up-to-date symlink: /root/ws_sensor_combined/install/px4_msgs/include/px4_msgs/px4_msgs/msg/detail/rover_rate_setpoint__builder.hpp\n'}
[0.784671] (px4_msgs) StdoutLine: {'line': b'-- Up-to-date symlink: /root/ws_sensor_combined/install/px4_msgs/include/px4_msgs/px4_msgs/msg/detail/rover_rate_setpoint__struct.hpp\n'}
[0.784753] (px4_msgs) StdoutLine: {'line': b'-- Up-to-date symlink: /root/ws_sensor_combined/install/px4_msgs/include/px4_msgs/px4_msgs/msg/detail/rover_rate_setpoint__traits.hpp\n'}
[0.784834] (px4_msgs) StdoutLine: {'line': b'-- Up-to-date symlink: /root/ws_sensor_combined/install/px4_msgs/include/px4_msgs/px4_msgs/msg/detail/rover_rate_setpoint__type_support.hpp\n'}
[0.784916] (px4_msgs) StdoutLine: {'line': b'-- Up-to-date symlink: /root/ws_sensor_combined/install/px4_msgs/include/px4_msgs/px4_msgs/msg/detail/rover_rate_status__builder.hpp\n'}
[0.785196] (px4_msgs) StdoutLine: {'line': b'-- Up-to-date symlink: /root/ws_sensor_combined/install/px4_msgs/include/px4_msgs/px4_msgs/msg/detail/rover_rate_status__struct.hpp\n'}
[0.785434] (px4_msgs) StdoutLine: {'line': b'-- Up-to-date symlink: /root/ws_sensor_combined/install/px4_msgs/include/px4_msgs/px4_msgs/msg/detail/rover_rate_status__traits.hpp\n'}
[0.785603] (px4_msgs) StdoutLine: {'line': b'-- Up-to-date symlink: /root/ws_sensor_combined/install/px4_msgs/include/px4_msgs/px4_msgs/msg/detail/rover_rate_status__type_support.hpp\n'}
[0.785688] (px4_msgs) StdoutLine: {'line': b'-- Up-to-date symlink: /root/ws_sensor_combined/install/px4_msgs/include/px4_msgs/px4_msgs/msg/detail/rover_steering_setpoint__builder.hpp\n'}
[0.785767] (px4_msgs) StdoutLine: {'line': b'-- Up-to-date symlink: /root/ws_sensor_combined/install/px4_msgs/include/px4_msgs/px4_msgs/msg/detail/rover_steering_setpoint__struct.hpp\n'}
[0.785846] (px4_msgs) StdoutLine: {'line': b'-- Up-to-date symlink: /root/ws_sensor_combined/install/px4_msgs/include/px4_msgs/px4_msgs/msg/detail/rover_steering_setpoint__traits.hpp\n'}
[0.785918] (px4_msgs) StdoutLine: {'line': b'-- Up-to-date symlink: /root/ws_sensor_combined/install/px4_msgs/include/px4_msgs/px4_msgs/msg/detail/rover_steering_setpoint__type_support.hpp\n'}
[0.786000] (px4_msgs) StdoutLine: {'line': b'-- Up-to-date symlink: /root/ws_sensor_combined/install/px4_msgs/include/px4_msgs/px4_msgs/msg/detail/rover_throttle_setpoint__builder.hpp\n'}
[0.786088] (px4_msgs) StdoutLine: {'line': b'-- Up-to-date symlink: /root/ws_sensor_combined/install/px4_msgs/include/px4_msgs/px4_msgs/msg/detail/rover_throttle_setpoint__struct.hpp\n'}
[0.786155] (px4_msgs) StdoutLine: {'line': b'-- Up-to-date symlink: /root/ws_sensor_combined/install/px4_msgs/include/px4_msgs/px4_msgs/msg/detail/rover_throttle_setpoint__traits.hpp\n'}
[0.786206] (px4_msgs) StdoutLine: {'line': b'-- Up-to-date symlink: /root/ws_sensor_combined/install/px4_msgs/include/px4_msgs/px4_msgs/msg/detail/rover_throttle_setpoint__type_support.hpp\n'}
[0.786256] (px4_msgs) StdoutLine: {'line': b'-- Up-to-date symlink: /root/ws_sensor_combined/install/px4_msgs/include/px4_msgs/px4_msgs/msg/detail/rover_velocity_setpoint__builder.hpp\n'}
[0.786328] (px4_msgs) StdoutLine: {'line': b'-- Up-to-date symlink: /root/ws_sensor_combined/install/px4_msgs/include/px4_msgs/px4_msgs/msg/detail/rover_velocity_setpoint__struct.hpp\n'}
[0.786400] (px4_msgs) StdoutLine: {'line': b'-- Up-to-date symlink: /root/ws_sensor_combined/install/px4_msgs/include/px4_msgs/px4_msgs/msg/detail/rover_velocity_setpoint__traits.hpp\n'}
[0.786430] (px4_msgs) StdoutLine: {'line': b'-- Up-to-date symlink: /root/ws_sensor_combined/install/px4_msgs/include/px4_msgs/px4_msgs/msg/detail/rover_velocity_setpoint__type_support.hpp\n'}
[0.786456] (px4_msgs) StdoutLine: {'line': b'-- Up-to-date symlink: /root/ws_sensor_combined/install/px4_msgs/include/px4_msgs/px4_msgs/msg/detail/rover_velocity_status__builder.hpp\n'}
[0.786493] (px4_msgs) StdoutLine: {'line': b'-- Up-to-date symlink: /root/ws_sensor_combined/install/px4_msgs/include/px4_msgs/px4_msgs/msg/detail/rover_velocity_status__struct.hpp\n'}
[0.786553] (px4_msgs) StdoutLine: {'line': b'-- Up-to-date symlink: /root/ws_sensor_combined/install/px4_msgs/include/px4_msgs/px4_msgs/msg/detail/rover_velocity_status__traits.hpp\n'}
[0.786634] (px4_msgs) StdoutLine: {'line': b'-- Up-to-date symlink: /root/ws_sensor_combined/install/px4_msgs/include/px4_msgs/px4_msgs/msg/detail/rover_velocity_status__type_support.hpp\n'}
[0.786714] (px4_msgs) StdoutLine: {'line': b'-- Up-to-date symlink: /root/ws_sensor_combined/install/px4_msgs/include/px4_msgs/px4_msgs/msg/detail/rpm__builder.hpp\n'}
[0.786917] (px4_msgs) StdoutLine: {'line': b'-- Up-to-date symlink: /root/ws_sensor_combined/install/px4_msgs/include/px4_msgs/px4_msgs/msg/detail/rpm__struct.hpp\n'}
[0.786963] (px4_msgs) StdoutLine: {'line': b'-- Up-to-date symlink: /root/ws_sensor_combined/install/px4_msgs/include/px4_msgs/px4_msgs/msg/detail/rpm__traits.hpp\n'}
[0.786990] (px4_msgs) StdoutLine: {'line': b'-- Up-to-date symlink: /root/ws_sensor_combined/install/px4_msgs/include/px4_msgs/px4_msgs/msg/detail/rpm__type_support.hpp\n'}
[0.787014] (px4_msgs) StdoutLine: {'line': b'-- Up-to-date symlink: /root/ws_sensor_combined/install/px4_msgs/include/px4_msgs/px4_msgs/msg/detail/rtl_status__builder.hpp\n'}
[0.787038] (px4_msgs) StdoutLine: {'line': b'-- Up-to-date symlink: /root/ws_sensor_combined/install/px4_msgs/include/px4_msgs/px4_msgs/msg/detail/rtl_status__struct.hpp\n'}
[0.787114] (px4_msgs) StdoutLine: {'line': b'-- Up-to-date symlink: /root/ws_sensor_combined/install/px4_msgs/include/px4_msgs/px4_msgs/msg/detail/rtl_status__traits.hpp\n'}
[0.787169] (px4_msgs) StdoutLine: {'line': b'-- Up-to-date symlink: /root/ws_sensor_combined/install/px4_msgs/include/px4_msgs/px4_msgs/msg/detail/rtl_status__type_support.hpp\n'}
[0.787198] (px4_msgs) StdoutLine: {'line': b'-- Up-to-date symlink: /root/ws_sensor_combined/install/px4_msgs/include/px4_msgs/px4_msgs/msg/detail/rtl_time_estimate__builder.hpp\n'}
[0.787235] (px4_msgs) StdoutLine: {'line': b'-- Up-to-date symlink: /root/ws_sensor_combined/install/px4_msgs/include/px4_msgs/px4_msgs/msg/detail/rtl_time_estimate__struct.hpp\n'}
[0.787258] (px4_msgs) StdoutLine: {'line': b'-- Up-to-date symlink: /root/ws_sensor_combined/install/px4_msgs/include/px4_msgs/px4_msgs/msg/detail/rtl_time_estimate__traits.hpp\n'}
[0.787345] (px4_msgs) StdoutLine: {'line': b'-- Up-to-date symlink: /root/ws_sensor_combined/install/px4_msgs/include/px4_msgs/px4_msgs/msg/detail/rtl_time_estimate__type_support.hpp\n'}
[0.787473] (px4_msgs) StdoutLine: {'line': b'-- Up-to-date symlink: /root/ws_sensor_combined/install/px4_msgs/include/px4_msgs/px4_msgs/msg/detail/satellite_info__builder.hpp\n'}
[0.787509] (px4_msgs) StdoutLine: {'line': b'-- Up-to-date symlink: /root/ws_sensor_combined/install/px4_msgs/include/px4_msgs/px4_msgs/msg/detail/satellite_info__struct.hpp\n'}
[0.787639] (px4_msgs) StdoutLine: {'line': b'-- Up-to-date symlink: /root/ws_sensor_combined/install/px4_msgs/include/px4_msgs/px4_msgs/msg/detail/satellite_info__traits.hpp\n'}
[0.787730] (px4_msgs) StdoutLine: {'line': b'-- Up-to-date symlink: /root/ws_sensor_combined/install/px4_msgs/include/px4_msgs/px4_msgs/msg/detail/satellite_info__type_support.hpp\n'}
[0.787813] (px4_msgs) StdoutLine: {'line': b'-- Up-to-date symlink: /root/ws_sensor_combined/install/px4_msgs/include/px4_msgs/px4_msgs/msg/detail/sensor_accel__builder.hpp\n'}
[0.787894] (px4_msgs) StdoutLine: {'line': b'-- Up-to-date symlink: /root/ws_sensor_combined/install/px4_msgs/include/px4_msgs/px4_msgs/msg/detail/sensor_accel__struct.hpp\n'}
[0.787977] (px4_msgs) StdoutLine: {'line': b'-- Up-to-date symlink: /root/ws_sensor_combined/install/px4_msgs/include/px4_msgs/px4_msgs/msg/detail/sensor_accel__traits.hpp\n'}
[0.788061] (px4_msgs) StdoutLine: {'line': b'-- Up-to-date symlink: /root/ws_sensor_combined/install/px4_msgs/include/px4_msgs/px4_msgs/msg/detail/sensor_accel__type_support.hpp\n'}
[0.788144] (px4_msgs) StdoutLine: {'line': b'-- Up-to-date symlink: /root/ws_sensor_combined/install/px4_msgs/include/px4_msgs/px4_msgs/msg/detail/sensor_accel_fifo__builder.hpp\n'}
[0.788227] (px4_msgs) StdoutLine: {'line': b'-- Up-to-date symlink: /root/ws_sensor_combined/install/px4_msgs/include/px4_msgs/px4_msgs/msg/detail/sensor_accel_fifo__struct.hpp\n'}
[0.788309] (px4_msgs) StdoutLine: {'line': b'-- Up-to-date symlink: /root/ws_sensor_combined/install/px4_msgs/include/px4_msgs/px4_msgs/msg/detail/sensor_accel_fifo__traits.hpp\n'}
[0.788390] (px4_msgs) StdoutLine: {'line': b'-- Up-to-date symlink: /root/ws_sensor_combined/install/px4_msgs/include/px4_msgs/px4_msgs/msg/detail/sensor_accel_fifo__type_support.hpp\n'}
[0.788472] (px4_msgs) StdoutLine: {'line': b'-- Up-to-date symlink: /root/ws_sensor_combined/install/px4_msgs/include/px4_msgs/px4_msgs/msg/detail/sensor_airflow__builder.hpp\n'}
[0.788554] (px4_msgs) StdoutLine: {'line': b'-- Up-to-date symlink: /root/ws_sensor_combined/install/px4_msgs/include/px4_msgs/px4_msgs/msg/detail/sensor_airflow__struct.hpp\n'}
[0.788645] (px4_msgs) StdoutLine: {'line': b'-- Up-to-date symlink: /root/ws_sensor_combined/install/px4_msgs/include/px4_msgs/px4_msgs/msg/detail/sensor_airflow__traits.hpp\n'}
[0.788727] (px4_msgs) StdoutLine: {'line': b'-- Up-to-date symlink: /root/ws_sensor_combined/install/px4_msgs/include/px4_msgs/px4_msgs/msg/detail/sensor_airflow__type_support.hpp\n'}
[0.788809] (px4_msgs) StdoutLine: {'line': b'-- Up-to-date symlink: /root/ws_sensor_combined/install/px4_msgs/include/px4_msgs/px4_msgs/msg/detail/sensor_baro__builder.hpp\n'}
[0.788891] (px4_msgs) StdoutLine: {'line': b'-- Up-to-date symlink: /root/ws_sensor_combined/install/px4_msgs/include/px4_msgs/px4_msgs/msg/detail/sensor_baro__struct.hpp\n'}
[0.788973] (px4_msgs) StdoutLine: {'line': b'-- Up-to-date symlink: /root/ws_sensor_combined/install/px4_msgs/include/px4_msgs/px4_msgs/msg/detail/sensor_baro__traits.hpp\n'}
[0.789060] (px4_msgs) StdoutLine: {'line': b'-- Up-to-date symlink: /root/ws_sensor_combined/install/px4_msgs/include/px4_msgs/px4_msgs/msg/detail/sensor_baro__type_support.hpp\n'}
[0.789144] (px4_msgs) StdoutLine: {'line': b'-- Up-to-date symlink: /root/ws_sensor_combined/install/px4_msgs/include/px4_msgs/px4_msgs/msg/detail/sensor_combined__builder.hpp\n'}
[0.789226] (px4_msgs) StdoutLine: {'line': b'-- Up-to-date symlink: /root/ws_sensor_combined/install/px4_msgs/include/px4_msgs/px4_msgs/msg/detail/sensor_combined__struct.hpp\n'}
[0.789307] (px4_msgs) StdoutLine: {'line': b'-- Up-to-date symlink: /root/ws_sensor_combined/install/px4_msgs/include/px4_msgs/px4_msgs/msg/detail/sensor_combined__traits.hpp\n'}
[0.789390] (px4_msgs) StdoutLine: {'line': b'-- Up-to-date symlink: /root/ws_sensor_combined/install/px4_msgs/include/px4_msgs/px4_msgs/msg/detail/sensor_combined__type_support.hpp\n'}
[0.789472] (px4_msgs) StdoutLine: {'line': b'-- Up-to-date symlink: /root/ws_sensor_combined/install/px4_msgs/include/px4_msgs/px4_msgs/msg/detail/sensor_correction__builder.hpp\n'}
[0.789572] (px4_msgs) StdoutLine: {'line': b'-- Up-to-date symlink: /root/ws_sensor_combined/install/px4_msgs/include/px4_msgs/px4_msgs/msg/detail/sensor_correction__struct.hpp\n'}
[0.789657] (px4_msgs) StdoutLine: {'line': b'-- Up-to-date symlink: /root/ws_sensor_combined/install/px4_msgs/include/px4_msgs/px4_msgs/msg/detail/sensor_correction__traits.hpp\n'}
[0.789740] (px4_msgs) StdoutLine: {'line': b'-- Up-to-date symlink: /root/ws_sensor_combined/install/px4_msgs/include/px4_msgs/px4_msgs/msg/detail/sensor_correction__type_support.hpp\n'}
[0.789822] (px4_msgs) StdoutLine: {'line': b'-- Up-to-date symlink: /root/ws_sensor_combined/install/px4_msgs/include/px4_msgs/px4_msgs/msg/detail/sensor_gnss_relative__builder.hpp\n'}
[0.789903] (px4_msgs) StdoutLine: {'line': b'-- Up-to-date symlink: /root/ws_sensor_combined/install/px4_msgs/include/px4_msgs/px4_msgs/msg/detail/sensor_gnss_relative__struct.hpp\n'}
[0.789985] (px4_msgs) StdoutLine: {'line': b'-- Up-to-date symlink: /root/ws_sensor_combined/install/px4_msgs/include/px4_msgs/px4_msgs/msg/detail/sensor_gnss_relative__traits.hpp\n'}
[0.790071] (px4_msgs) StdoutLine: {'line': b'-- Up-to-date symlink: /root/ws_sensor_combined/install/px4_msgs/include/px4_msgs/px4_msgs/msg/detail/sensor_gnss_relative__type_support.hpp\n'}
[0.790154] (px4_msgs) StdoutLine: {'line': b'-- Up-to-date symlink: /root/ws_sensor_combined/install/px4_msgs/include/px4_msgs/px4_msgs/msg/detail/sensor_gps__builder.hpp\n'}
[0.790187] (px4_msgs) StdoutLine: {'line': b'-- Up-to-date symlink: /root/ws_sensor_combined/install/px4_msgs/include/px4_msgs/px4_msgs/msg/detail/sensor_gps__struct.hpp\n'}
[0.790254] (px4_msgs) StdoutLine: {'line': b'-- Up-to-date symlink: /root/ws_sensor_combined/install/px4_msgs/include/px4_msgs/px4_msgs/msg/detail/sensor_gps__traits.hpp\n'}
[0.790335] (px4_msgs) StdoutLine: {'line': b'-- Up-to-date symlink: /root/ws_sensor_combined/install/px4_msgs/include/px4_msgs/px4_msgs/msg/detail/sensor_gps__type_support.hpp\n'}
[0.790418] (px4_msgs) StdoutLine: {'line': b'-- Up-to-date symlink: /root/ws_sensor_combined/install/px4_msgs/include/px4_msgs/px4_msgs/msg/detail/sensor_gyro__builder.hpp\n'}
[0.790500] (px4_msgs) StdoutLine: {'line': b'-- Up-to-date symlink: /root/ws_sensor_combined/install/px4_msgs/include/px4_msgs/px4_msgs/msg/detail/sensor_gyro__struct.hpp\n'}
[0.790581] (px4_msgs) StdoutLine: {'line': b'-- Up-to-date symlink: /root/ws_sensor_combined/install/px4_msgs/include/px4_msgs/px4_msgs/msg/detail/sensor_gyro__traits.hpp\n'}
[0.790663] (px4_msgs) StdoutLine: {'line': b'-- Up-to-date symlink: /root/ws_sensor_combined/install/px4_msgs/include/px4_msgs/px4_msgs/msg/detail/sensor_gyro__type_support.hpp\n'}
[0.790745] (px4_msgs) StdoutLine: {'line': b'-- Up-to-date symlink: /root/ws_sensor_combined/install/px4_msgs/include/px4_msgs/px4_msgs/msg/detail/sensor_gyro_fft__builder.hpp\n'}
[0.790827] (px4_msgs) StdoutLine: {'line': b'-- Up-to-date symlink: /root/ws_sensor_combined/install/px4_msgs/include/px4_msgs/px4_msgs/msg/detail/sensor_gyro_fft__struct.hpp\n'}
[0.790908] (px4_msgs) StdoutLine: {'line': b'-- Up-to-date symlink: /root/ws_sensor_combined/install/px4_msgs/include/px4_msgs/px4_msgs/msg/detail/sensor_gyro_fft__traits.hpp\n'}
[0.790958] (px4_msgs) StdoutLine: {'line': b'-- Up-to-date symlink: /root/ws_sensor_combined/install/px4_msgs/include/px4_msgs/px4_msgs/msg/detail/sensor_gyro_fft__type_support.hpp\n'}
[0.791026] (px4_msgs) StdoutLine: {'line': b'-- Up-to-date symlink: /root/ws_sensor_combined/install/px4_msgs/include/px4_msgs/px4_msgs/msg/detail/sensor_gyro_fifo__builder.hpp\n'}
[0.791107] (px4_msgs) StdoutLine: {'line': b'-- Up-to-date symlink: /root/ws_sensor_combined/install/px4_msgs/include/px4_msgs/px4_msgs/msg/detail/sensor_gyro_fifo__struct.hpp\n'}
[0.791190] (px4_msgs) StdoutLine: {'line': b'-- Up-to-date symlink: /root/ws_sensor_combined/install/px4_msgs/include/px4_msgs/px4_msgs/msg/detail/sensor_gyro_fifo__traits.hpp\n'}
[0.791271] (px4_msgs) StdoutLine: {'line': b'-- Up-to-date symlink: /root/ws_sensor_combined/install/px4_msgs/include/px4_msgs/px4_msgs/msg/detail/sensor_gyro_fifo__type_support.hpp\n'}
[0.791354] (px4_msgs) StdoutLine: {'line': b'-- Up-to-date symlink: /root/ws_sensor_combined/install/px4_msgs/include/px4_msgs/px4_msgs/msg/detail/sensor_hygrometer__builder.hpp\n'}
[0.791401] (px4_msgs) StdoutLine: {'line': b'-- Up-to-date symlink: /root/ws_sensor_combined/install/px4_msgs/include/px4_msgs/px4_msgs/msg/detail/sensor_hygrometer__struct.hpp\n'}
[0.791443] (px4_msgs) StdoutLine: {'line': b'-- Up-to-date symlink: /root/ws_sensor_combined/install/px4_msgs/include/px4_msgs/px4_msgs/msg/detail/sensor_hygrometer__traits.hpp\n'}
[0.791527] (px4_msgs) StdoutLine: {'line': b'-- Up-to-date symlink: /root/ws_sensor_combined/install/px4_msgs/include/px4_msgs/px4_msgs/msg/detail/sensor_hygrometer__type_support.hpp\n'}
[0.791608] (px4_msgs) StdoutLine: {'line': b'-- Up-to-date symlink: /root/ws_sensor_combined/install/px4_msgs/include/px4_msgs/px4_msgs/msg/detail/sensor_mag__builder.hpp\n'}
[0.791691] (px4_msgs) StdoutLine: {'line': b'-- Up-to-date symlink: /root/ws_sensor_combined/install/px4_msgs/include/px4_msgs/px4_msgs/msg/detail/sensor_mag__struct.hpp\n'}
[0.791773] (px4_msgs) StdoutLine: {'line': b'-- Up-to-date symlink: /root/ws_sensor_combined/install/px4_msgs/include/px4_msgs/px4_msgs/msg/detail/sensor_mag__traits.hpp\n'}
[0.791891] (px4_msgs) StdoutLine: {'line': b'-- Up-to-date symlink: /root/ws_sensor_combined/install/px4_msgs/include/px4_msgs/px4_msgs/msg/detail/sensor_mag__type_support.hpp\n'}
[0.791975] (px4_msgs) StdoutLine: {'line': b'-- Up-to-date symlink: /root/ws_sensor_combined/install/px4_msgs/include/px4_msgs/px4_msgs/msg/detail/sensor_optical_flow__builder.hpp\n'}
[0.792058] (px4_msgs) StdoutLine: {'line': b'-- Up-to-date symlink: /root/ws_sensor_combined/install/px4_msgs/include/px4_msgs/px4_msgs/msg/detail/sensor_optical_flow__struct.hpp\n'}
[0.792139] (px4_msgs) StdoutLine: {'line': b'-- Up-to-date symlink: /root/ws_sensor_combined/install/px4_msgs/include/px4_msgs/px4_msgs/msg/detail/sensor_optical_flow__traits.hpp\n'}
[0.792221] (px4_msgs) StdoutLine: {'line': b'-- Up-to-date symlink: /root/ws_sensor_combined/install/px4_msgs/include/px4_msgs/px4_msgs/msg/detail/sensor_optical_flow__type_support.hpp\n'}
[0.792304] (px4_msgs) StdoutLine: {'line': b'-- Up-to-date symlink: /root/ws_sensor_combined/install/px4_msgs/include/px4_msgs/px4_msgs/msg/detail/sensor_preflight_mag__builder.hpp\n'}
[0.792386] (px4_msgs) StdoutLine: {'line': b'-- Up-to-date symlink: /root/ws_sensor_combined/install/px4_msgs/include/px4_msgs/px4_msgs/msg/detail/sensor_preflight_mag__struct.hpp\n'}
[0.792472] (px4_msgs) StdoutLine: {'line': b'-- Up-to-date symlink: /root/ws_sensor_combined/install/px4_msgs/include/px4_msgs/px4_msgs/msg/detail/sensor_preflight_mag__traits.hpp\n'}
[0.792554] (px4_msgs) StdoutLine: {'line': b'-- Up-to-date symlink: /root/ws_sensor_combined/install/px4_msgs/include/px4_msgs/px4_msgs/msg/detail/sensor_preflight_mag__type_support.hpp\n'}
[0.792637] (px4_msgs) StdoutLine: {'line': b'-- Up-to-date symlink: /root/ws_sensor_combined/install/px4_msgs/include/px4_msgs/px4_msgs/msg/detail/sensor_selection__builder.hpp\n'}
[0.792721] (px4_msgs) StdoutLine: {'line': b'-- Up-to-date symlink: /root/ws_sensor_combined/install/px4_msgs/include/px4_msgs/px4_msgs/msg/detail/sensor_selection__struct.hpp\n'}
[0.792803] (px4_msgs) StdoutLine: {'line': b'-- Up-to-date symlink: /root/ws_sensor_combined/install/px4_msgs/include/px4_msgs/px4_msgs/msg/detail/sensor_selection__traits.hpp\n'}
[0.792885] (px4_msgs) StdoutLine: {'line': b'-- Up-to-date symlink: /root/ws_sensor_combined/install/px4_msgs/include/px4_msgs/px4_msgs/msg/detail/sensor_selection__type_support.hpp\n'}
[0.792949] (px4_msgs) StdoutLine: {'line': b'-- Up-to-date symlink: /root/ws_sensor_combined/install/px4_msgs/include/px4_msgs/px4_msgs/msg/detail/sensor_uwb__builder.hpp\n'}
[0.793014] (px4_msgs) StdoutLine: {'line': b'-- Up-to-date symlink: /root/ws_sensor_combined/install/px4_msgs/include/px4_msgs/px4_msgs/msg/detail/sensor_uwb__struct.hpp\n'}
[0.793046] (px4_msgs) StdoutLine: {'line': b'-- Up-to-date symlink: /root/ws_sensor_combined/install/px4_msgs/include/px4_msgs/px4_msgs/msg/detail/sensor_uwb__traits.hpp\n'}
[0.793075] (px4_msgs) StdoutLine: {'line': b'-- Up-to-date symlink: /root/ws_sensor_combined/install/px4_msgs/include/px4_msgs/px4_msgs/msg/detail/sensor_uwb__type_support.hpp\n'}
[0.793288] (px4_msgs) StdoutLine: {'line': b'-- Up-to-date symlink: /root/ws_sensor_combined/install/px4_msgs/include/px4_msgs/px4_msgs/msg/detail/sensors_status__builder.hpp\n'}
[0.793423] (px4_msgs) StdoutLine: {'line': b'-- Up-to-date symlink: /root/ws_sensor_combined/install/px4_msgs/include/px4_msgs/px4_msgs/msg/detail/sensors_status__struct.hpp\n'}
[0.793590] (px4_msgs) StdoutLine: {'line': b'-- Up-to-date symlink: /root/ws_sensor_combined/install/px4_msgs/include/px4_msgs/px4_msgs/msg/detail/sensors_status__traits.hpp\n'}
[0.793928] (px4_msgs) StdoutLine: {'line': b'-- Up-to-date symlink: /root/ws_sensor_combined/install/px4_msgs/include/px4_msgs/px4_msgs/msg/detail/sensors_status__type_support.hpp\n'}
[0.794015] (px4_msgs) StdoutLine: {'line': b'-- Up-to-date symlink: /root/ws_sensor_combined/install/px4_msgs/include/px4_msgs/px4_msgs/msg/detail/sensors_status_imu__builder.hpp\n'}
[0.794166] (px4_msgs) StdoutLine: {'line': b'-- Up-to-date symlink: /root/ws_sensor_combined/install/px4_msgs/include/px4_msgs/px4_msgs/msg/detail/sensors_status_imu__struct.hpp\n'}
[0.794259] (px4_msgs) StdoutLine: {'line': b'-- Up-to-date symlink: /root/ws_sensor_combined/install/px4_msgs/include/px4_msgs/px4_msgs/msg/detail/sensors_status_imu__traits.hpp\n'}
[0.794340] (px4_msgs) StdoutLine: {'line': b'-- Up-to-date symlink: /root/ws_sensor_combined/install/px4_msgs/include/px4_msgs/px4_msgs/msg/detail/sensors_status_imu__type_support.hpp\n'}
[0.794420] (px4_msgs) StdoutLine: {'line': b'-- Up-to-date symlink: /root/ws_sensor_combined/install/px4_msgs/include/px4_msgs/px4_msgs/msg/detail/system_power__builder.hpp\n'}
[0.794500] (px4_msgs) StdoutLine: {'line': b'-- Up-to-date symlink: /root/ws_sensor_combined/install/px4_msgs/include/px4_msgs/px4_msgs/msg/detail/system_power__struct.hpp\n'}
[0.794580] (px4_msgs) StdoutLine: {'line': b'-- Up-to-date symlink: /root/ws_sensor_combined/install/px4_msgs/include/px4_msgs/px4_msgs/msg/detail/system_power__traits.hpp\n'}
[0.794660] (px4_msgs) StdoutLine: {'line': b'-- Up-to-date symlink: /root/ws_sensor_combined/install/px4_msgs/include/px4_msgs/px4_msgs/msg/detail/system_power__type_support.hpp\n'}
[0.794740] (px4_msgs) StdoutLine: {'line': b'-- Up-to-date symlink: /root/ws_sensor_combined/install/px4_msgs/include/px4_msgs/px4_msgs/msg/detail/takeoff_status__builder.hpp\n'}
[0.794819] (px4_msgs) StdoutLine: {'line': b'-- Up-to-date symlink: /root/ws_sensor_combined/install/px4_msgs/include/px4_msgs/px4_msgs/msg/detail/takeoff_status__struct.hpp\n'}
[0.794898] (px4_msgs) StdoutLine: {'line': b'-- Up-to-date symlink: /root/ws_sensor_combined/install/px4_msgs/include/px4_msgs/px4_msgs/msg/detail/takeoff_status__traits.hpp\n'}
[0.794977] (px4_msgs) StdoutLine: {'line': b'-- Up-to-date symlink: /root/ws_sensor_combined/install/px4_msgs/include/px4_msgs/px4_msgs/msg/detail/takeoff_status__type_support.hpp\n'}
[0.795081] (px4_msgs) StdoutLine: {'line': b'-- Up-to-date symlink: /root/ws_sensor_combined/install/px4_msgs/include/px4_msgs/px4_msgs/msg/detail/task_stack_info__builder.hpp\n'}
[0.795159] (px4_msgs) StdoutLine: {'line': b'-- Up-to-date symlink: /root/ws_sensor_combined/install/px4_msgs/include/px4_msgs/px4_msgs/msg/detail/task_stack_info__struct.hpp\n'}
[0.795223] (px4_msgs) StdoutLine: {'line': b'-- Up-to-date symlink: /root/ws_sensor_combined/install/px4_msgs/include/px4_msgs/px4_msgs/msg/detail/task_stack_info__traits.hpp\n'}
[0.795305] (px4_msgs) StdoutLine: {'line': b'-- Up-to-date symlink: /root/ws_sensor_combined/install/px4_msgs/include/px4_msgs/px4_msgs/msg/detail/task_stack_info__type_support.hpp\n'}
[0.795387] (px4_msgs) StdoutLine: {'line': b'-- Up-to-date symlink: /root/ws_sensor_combined/install/px4_msgs/include/px4_msgs/px4_msgs/msg/detail/tecs_status__builder.hpp\n'}
[0.795474] (px4_msgs) StdoutLine: {'line': b'-- Up-to-date symlink: /root/ws_sensor_combined/install/px4_msgs/include/px4_msgs/px4_msgs/msg/detail/tecs_status__struct.hpp\n'}
[0.795554] (px4_msgs) StdoutLine: {'line': b'-- Up-to-date symlink: /root/ws_sensor_combined/install/px4_msgs/include/px4_msgs/px4_msgs/msg/detail/tecs_status__traits.hpp\n'}
[0.795635] (px4_msgs) StdoutLine: {'line': b'-- Up-to-date symlink: /root/ws_sensor_combined/install/px4_msgs/include/px4_msgs/px4_msgs/msg/detail/tecs_status__type_support.hpp\n'}
[0.795716] (px4_msgs) StdoutLine: {'line': b'-- Up-to-date symlink: /root/ws_sensor_combined/install/px4_msgs/include/px4_msgs/px4_msgs/msg/detail/telemetry_status__builder.hpp\n'}
[0.795796] (px4_msgs) StdoutLine: {'line': b'-- Up-to-date symlink: /root/ws_sensor_combined/install/px4_msgs/include/px4_msgs/px4_msgs/msg/detail/telemetry_status__struct.hpp\n'}
[0.795877] (px4_msgs) StdoutLine: {'line': b'-- Up-to-date symlink: /root/ws_sensor_combined/install/px4_msgs/include/px4_msgs/px4_msgs/msg/detail/telemetry_status__traits.hpp\n'}
[0.795958] (px4_msgs) StdoutLine: {'line': b'-- Up-to-date symlink: /root/ws_sensor_combined/install/px4_msgs/include/px4_msgs/px4_msgs/msg/detail/telemetry_status__type_support.hpp\n'}
[0.796039] (px4_msgs) StdoutLine: {'line': b'-- Up-to-date symlink: /root/ws_sensor_combined/install/px4_msgs/include/px4_msgs/px4_msgs/msg/detail/tiltrotor_extra_controls__builder.hpp\n'}
[0.796086] (px4_msgs) StdoutLine: {'line': b'-- Up-to-date symlink: /root/ws_sensor_combined/install/px4_msgs/include/px4_msgs/px4_msgs/msg/detail/tiltrotor_extra_controls__struct.hpp\n'}
[0.796153] (px4_msgs) StdoutLine: {'line': b'-- Up-to-date symlink: /root/ws_sensor_combined/install/px4_msgs/include/px4_msgs/px4_msgs/msg/detail/tiltrotor_extra_controls__traits.hpp\n'}
[0.796233] (px4_msgs) StdoutLine: {'line': b'-- Up-to-date symlink: /root/ws_sensor_combined/install/px4_msgs/include/px4_msgs/px4_msgs/msg/detail/tiltrotor_extra_controls__type_support.hpp\n'}
[0.796315] (px4_msgs) StdoutLine: {'line': b'-- Up-to-date symlink: /root/ws_sensor_combined/install/px4_msgs/include/px4_msgs/px4_msgs/msg/detail/timesync_status__builder.hpp\n'}
[0.796395] (px4_msgs) StdoutLine: {'line': b'-- Up-to-date symlink: /root/ws_sensor_combined/install/px4_msgs/include/px4_msgs/px4_msgs/msg/detail/timesync_status__struct.hpp\n'}
[0.796479] (px4_msgs) StdoutLine: {'line': b'-- Up-to-date symlink: /root/ws_sensor_combined/install/px4_msgs/include/px4_msgs/px4_msgs/msg/detail/timesync_status__traits.hpp\n'}
[0.796560] (px4_msgs) StdoutLine: {'line': b'-- Up-to-date symlink: /root/ws_sensor_combined/install/px4_msgs/include/px4_msgs/px4_msgs/msg/detail/timesync_status__type_support.hpp\n'}
[0.796641] (px4_msgs) StdoutLine: {'line': b'-- Up-to-date symlink: /root/ws_sensor_combined/install/px4_msgs/include/px4_msgs/px4_msgs/msg/detail/trajectory_setpoint6dof__builder.hpp\n'}
[0.796723] (px4_msgs) StdoutLine: {'line': b'-- Up-to-date symlink: /root/ws_sensor_combined/install/px4_msgs/include/px4_msgs/px4_msgs/msg/detail/trajectory_setpoint6dof__struct.hpp\n'}
[0.796770] (px4_msgs) StdoutLine: {'line': b'-- Up-to-date symlink: /root/ws_sensor_combined/install/px4_msgs/include/px4_msgs/px4_msgs/msg/detail/trajectory_setpoint6dof__traits.hpp\n'}
[0.796830] (px4_msgs) StdoutLine: {'line': b'-- Up-to-date symlink: /root/ws_sensor_combined/install/px4_msgs/include/px4_msgs/px4_msgs/msg/detail/trajectory_setpoint6dof__type_support.hpp\n'}
[0.796889] (px4_msgs) StdoutLine: {'line': b'-- Up-to-date symlink: /root/ws_sensor_combined/install/px4_msgs/include/px4_msgs/px4_msgs/msg/detail/trajectory_setpoint__builder.hpp\n'}
[0.796959] (px4_msgs) StdoutLine: {'line': b'-- Up-to-date symlink: /root/ws_sensor_combined/install/px4_msgs/include/px4_msgs/px4_msgs/msg/detail/trajectory_setpoint__struct.hpp\n'}
[0.797041] (px4_msgs) StdoutLine: {'line': b'-- Up-to-date symlink: /root/ws_sensor_combined/install/px4_msgs/include/px4_msgs/px4_msgs/msg/detail/trajectory_setpoint__traits.hpp\n'}
[0.797123] (px4_msgs) StdoutLine: {'line': b'-- Up-to-date symlink: /root/ws_sensor_combined/install/px4_msgs/include/px4_msgs/px4_msgs/msg/detail/trajectory_setpoint__type_support.hpp\n'}
[0.797205] (px4_msgs) StdoutLine: {'line': b'-- Up-to-date symlink: /root/ws_sensor_combined/install/px4_msgs/include/px4_msgs/px4_msgs/msg/detail/transponder_report__builder.hpp\n'}
[0.797275] (px4_msgs) StdoutLine: {'line': b'-- Up-to-date symlink: /root/ws_sensor_combined/install/px4_msgs/include/px4_msgs/px4_msgs/msg/detail/transponder_report__struct.hpp\n'}
[0.797356] (px4_msgs) StdoutLine: {'line': b'-- Up-to-date symlink: /root/ws_sensor_combined/install/px4_msgs/include/px4_msgs/px4_msgs/msg/detail/transponder_report__traits.hpp\n'}
[0.797437] (px4_msgs) StdoutLine: {'line': b'-- Up-to-date symlink: /root/ws_sensor_combined/install/px4_msgs/include/px4_msgs/px4_msgs/msg/detail/transponder_report__type_support.hpp\n'}
[0.797532] (px4_msgs) StdoutLine: {'line': b'-- Up-to-date symlink: /root/ws_sensor_combined/install/px4_msgs/include/px4_msgs/px4_msgs/msg/detail/tune_control__builder.hpp\n'}
[0.797617] (px4_msgs) StdoutLine: {'line': b'-- Up-to-date symlink: /root/ws_sensor_combined/install/px4_msgs/include/px4_msgs/px4_msgs/msg/detail/tune_control__struct.hpp\n'}
[0.797699] (px4_msgs) StdoutLine: {'line': b'-- Up-to-date symlink: /root/ws_sensor_combined/install/px4_msgs/include/px4_msgs/px4_msgs/msg/detail/tune_control__traits.hpp\n'}
[0.797780] (px4_msgs) StdoutLine: {'line': b'-- Up-to-date symlink: /root/ws_sensor_combined/install/px4_msgs/include/px4_msgs/px4_msgs/msg/detail/tune_control__type_support.hpp\n'}
[0.797865] (px4_msgs) StdoutLine: {'line': b'-- Up-to-date symlink: /root/ws_sensor_combined/install/px4_msgs/include/px4_msgs/px4_msgs/msg/detail/uavcan_parameter_request__builder.hpp\n'}
[0.797946] (px4_msgs) StdoutLine: {'line': b'-- Up-to-date symlink: /root/ws_sensor_combined/install/px4_msgs/include/px4_msgs/px4_msgs/msg/detail/uavcan_parameter_request__struct.hpp\n'}
[0.798028] (px4_msgs) StdoutLine: {'line': b'-- Up-to-date symlink: /root/ws_sensor_combined/install/px4_msgs/include/px4_msgs/px4_msgs/msg/detail/uavcan_parameter_request__traits.hpp\n'}
[0.798109] (px4_msgs) StdoutLine: {'line': b'-- Up-to-date symlink: /root/ws_sensor_combined/install/px4_msgs/include/px4_msgs/px4_msgs/msg/detail/uavcan_parameter_request__type_support.hpp\n'}
[0.798191] (px4_msgs) StdoutLine: {'line': b'-- Up-to-date symlink: /root/ws_sensor_combined/install/px4_msgs/include/px4_msgs/px4_msgs/msg/detail/uavcan_parameter_value__builder.hpp\n'}
[0.798273] (px4_msgs) StdoutLine: {'line': b'-- Up-to-date symlink: /root/ws_sensor_combined/install/px4_msgs/include/px4_msgs/px4_msgs/msg/detail/uavcan_parameter_value__struct.hpp\n'}
[0.798355] (px4_msgs) StdoutLine: {'line': b'-- Up-to-date symlink: /root/ws_sensor_combined/install/px4_msgs/include/px4_msgs/px4_msgs/msg/detail/uavcan_parameter_value__traits.hpp\n'}
[0.798436] (px4_msgs) StdoutLine: {'line': b'-- Up-to-date symlink: /root/ws_sensor_combined/install/px4_msgs/include/px4_msgs/px4_msgs/msg/detail/uavcan_parameter_value__type_support.hpp\n'}
[0.798517] (px4_msgs) StdoutLine: {'line': b'-- Up-to-date symlink: /root/ws_sensor_combined/install/px4_msgs/include/px4_msgs/px4_msgs/msg/detail/ulog_stream__builder.hpp\n'}
[0.798599] (px4_msgs) StdoutLine: {'line': b'-- Up-to-date symlink: /root/ws_sensor_combined/install/px4_msgs/include/px4_msgs/px4_msgs/msg/detail/ulog_stream__struct.hpp\n'}
[0.798680] (px4_msgs) StdoutLine: {'line': b'-- Up-to-date symlink: /root/ws_sensor_combined/install/px4_msgs/include/px4_msgs/px4_msgs/msg/detail/ulog_stream__traits.hpp\n'}
[0.798763] (px4_msgs) StdoutLine: {'line': b'-- Up-to-date symlink: /root/ws_sensor_combined/install/px4_msgs/include/px4_msgs/px4_msgs/msg/detail/ulog_stream__type_support.hpp\n'}
[0.798844] (px4_msgs) StdoutLine: {'line': b'-- Up-to-date symlink: /root/ws_sensor_combined/install/px4_msgs/include/px4_msgs/px4_msgs/msg/detail/ulog_stream_ack__builder.hpp\n'}
[0.798925] (px4_msgs) StdoutLine: {'line': b'-- Up-to-date symlink: /root/ws_sensor_combined/install/px4_msgs/include/px4_msgs/px4_msgs/msg/detail/ulog_stream_ack__struct.hpp\n'}
[0.799007] (px4_msgs) StdoutLine: {'line': b'-- Up-to-date symlink: /root/ws_sensor_combined/install/px4_msgs/include/px4_msgs/px4_msgs/msg/detail/ulog_stream_ack__traits.hpp\n'}
[0.799372] (px4_msgs) StdoutLine: {'line': b'-- Up-to-date symlink: /root/ws_sensor_combined/install/px4_msgs/include/px4_msgs/px4_msgs/msg/detail/ulog_stream_ack__type_support.hpp\n'}
[0.799414] (px4_msgs) StdoutLine: {'line': b'-- Up-to-date symlink: /root/ws_sensor_combined/install/px4_msgs/include/px4_msgs/px4_msgs/msg/detail/unregister_ext_component__builder.hpp\n'}
[0.799441] (px4_msgs) StdoutLine: {'line': b'-- Up-to-date symlink: /root/ws_sensor_combined/install/px4_msgs/include/px4_msgs/px4_msgs/msg/detail/unregister_ext_component__struct.hpp\n'}
[0.799464] (px4_msgs) StdoutLine: {'line': b'-- Up-to-date symlink: /root/ws_sensor_combined/install/px4_msgs/include/px4_msgs/px4_msgs/msg/detail/unregister_ext_component__traits.hpp\n'}
[0.799486] (px4_msgs) StdoutLine: {'line': b'-- Up-to-date symlink: /root/ws_sensor_combined/install/px4_msgs/include/px4_msgs/px4_msgs/msg/detail/unregister_ext_component__type_support.hpp\n'}
[0.799510] (px4_msgs) StdoutLine: {'line': b'-- Up-to-date symlink: /root/ws_sensor_combined/install/px4_msgs/include/px4_msgs/px4_msgs/msg/detail/vehicle_acceleration__builder.hpp\n'}
[0.799531] (px4_msgs) StdoutLine: {'line': b'-- Up-to-date symlink: /root/ws_sensor_combined/install/px4_msgs/include/px4_msgs/px4_msgs/msg/detail/vehicle_acceleration__struct.hpp\n'}
[0.799553] (px4_msgs) StdoutLine: {'line': b'-- Up-to-date symlink: /root/ws_sensor_combined/install/px4_msgs/include/px4_msgs/px4_msgs/msg/detail/vehicle_acceleration__traits.hpp\n'}
[0.799575] (px4_msgs) StdoutLine: {'line': b'-- Up-to-date symlink: /root/ws_sensor_combined/install/px4_msgs/include/px4_msgs/px4_msgs/msg/detail/vehicle_acceleration__type_support.hpp\n'}
[0.799596] (px4_msgs) StdoutLine: {'line': b'-- Up-to-date symlink: /root/ws_sensor_combined/install/px4_msgs/include/px4_msgs/px4_msgs/msg/detail/vehicle_air_data__builder.hpp\n'}
[0.799669] (px4_msgs) StdoutLine: {'line': b'-- Up-to-date symlink: /root/ws_sensor_combined/install/px4_msgs/include/px4_msgs/px4_msgs/msg/detail/vehicle_air_data__struct.hpp\n'}
[0.799749] (px4_msgs) StdoutLine: {'line': b'-- Up-to-date symlink: /root/ws_sensor_combined/install/px4_msgs/include/px4_msgs/px4_msgs/msg/detail/vehicle_air_data__traits.hpp\n'}
[0.799829] (px4_msgs) StdoutLine: {'line': b'-- Up-to-date symlink: /root/ws_sensor_combined/install/px4_msgs/include/px4_msgs/px4_msgs/msg/detail/vehicle_air_data__type_support.hpp\n'}
[0.799908] (px4_msgs) StdoutLine: {'line': b'-- Up-to-date symlink: /root/ws_sensor_combined/install/px4_msgs/include/px4_msgs/px4_msgs/msg/detail/vehicle_angular_acceleration_setpoint__builder.hpp\n'}
[0.799987] (px4_msgs) StdoutLine: {'line': b'-- Up-to-date symlink: /root/ws_sensor_combined/install/px4_msgs/include/px4_msgs/px4_msgs/msg/detail/vehicle_angular_acceleration_setpoint__struct.hpp\n'}
[0.800153] (px4_msgs) StdoutLine: {'line': b'-- Up-to-date symlink: /root/ws_sensor_combined/install/px4_msgs/include/px4_msgs/px4_msgs/msg/detail/vehicle_angular_acceleration_setpoint__traits.hpp\n'}
[0.800244] (px4_msgs) StdoutLine: {'line': b'-- Up-to-date symlink: /root/ws_sensor_combined/install/px4_msgs/include/px4_msgs/px4_msgs/msg/detail/vehicle_angular_acceleration_setpoint__type_support.hpp\n'}
[0.800325] (px4_msgs) StdoutLine: {'line': b'-- Up-to-date symlink: /root/ws_sensor_combined/install/px4_msgs/include/px4_msgs/px4_msgs/msg/detail/vehicle_angular_velocity__builder.hpp\n'}
[0.800403] (px4_msgs) StdoutLine: {'line': b'-- Up-to-date symlink: /root/ws_sensor_combined/install/px4_msgs/include/px4_msgs/px4_msgs/msg/detail/vehicle_angular_velocity__struct.hpp\n'}
[0.800482] (px4_msgs) StdoutLine: {'line': b'-- Up-to-date symlink: /root/ws_sensor_combined/install/px4_msgs/include/px4_msgs/px4_msgs/msg/detail/vehicle_angular_velocity__traits.hpp\n'}
[0.800562] (px4_msgs) StdoutLine: {'line': b'-- Up-to-date symlink: /root/ws_sensor_combined/install/px4_msgs/include/px4_msgs/px4_msgs/msg/detail/vehicle_angular_velocity__type_support.hpp\n'}
[0.800645] (px4_msgs) StdoutLine: {'line': b'-- Up-to-date symlink: /root/ws_sensor_combined/install/px4_msgs/include/px4_msgs/px4_msgs/msg/detail/vehicle_attitude__builder.hpp\n'}
[0.800724] (px4_msgs) StdoutLine: {'line': b'-- Up-to-date symlink: /root/ws_sensor_combined/install/px4_msgs/include/px4_msgs/px4_msgs/msg/detail/vehicle_attitude__struct.hpp\n'}
[0.800805] (px4_msgs) StdoutLine: {'line': b'-- Up-to-date symlink: /root/ws_sensor_combined/install/px4_msgs/include/px4_msgs/px4_msgs/msg/detail/vehicle_attitude__traits.hpp\n'}
[0.800885] (px4_msgs) StdoutLine: {'line': b'-- Up-to-date symlink: /root/ws_sensor_combined/install/px4_msgs/include/px4_msgs/px4_msgs/msg/detail/vehicle_attitude__type_support.hpp\n'}
[0.800964] (px4_msgs) StdoutLine: {'line': b'-- Up-to-date symlink: /root/ws_sensor_combined/install/px4_msgs/include/px4_msgs/px4_msgs/msg/detail/vehicle_attitude_setpoint__builder.hpp\n'}
[0.801043] (px4_msgs) StdoutLine: {'line': b'-- Up-to-date symlink: /root/ws_sensor_combined/install/px4_msgs/include/px4_msgs/px4_msgs/msg/detail/vehicle_attitude_setpoint__struct.hpp\n'}
[0.801120] (-) TimerEvent: {}
[0.801283] (px4_msgs) StdoutLine: {'line': b'-- Up-to-date symlink: /root/ws_sensor_combined/install/px4_msgs/include/px4_msgs/px4_msgs/msg/detail/vehicle_attitude_setpoint__traits.hpp\n'}
[0.801368] (px4_msgs) StdoutLine: {'line': b'-- Up-to-date symlink: /root/ws_sensor_combined/install/px4_msgs/include/px4_msgs/px4_msgs/msg/detail/vehicle_attitude_setpoint__type_support.hpp\n'}
[0.801451] (px4_msgs) StdoutLine: {'line': b'-- Up-to-date symlink: /root/ws_sensor_combined/install/px4_msgs/include/px4_msgs/px4_msgs/msg/detail/vehicle_command__builder.hpp\n'}
[0.801570] (px4_msgs) StdoutLine: {'line': b'-- Up-to-date symlink: /root/ws_sensor_combined/install/px4_msgs/include/px4_msgs/px4_msgs/msg/detail/vehicle_command__struct.hpp\n'}
[0.801630] (px4_msgs) StdoutLine: {'line': b'-- Up-to-date symlink: /root/ws_sensor_combined/install/px4_msgs/include/px4_msgs/px4_msgs/msg/detail/vehicle_command__traits.hpp\n'}
[0.801713] (px4_msgs) StdoutLine: {'line': b'-- Up-to-date symlink: /root/ws_sensor_combined/install/px4_msgs/include/px4_msgs/px4_msgs/msg/detail/vehicle_command__type_support.hpp\n'}
[0.801793] (px4_msgs) StdoutLine: {'line': b'-- Up-to-date symlink: /root/ws_sensor_combined/install/px4_msgs/include/px4_msgs/px4_msgs/msg/detail/vehicle_command_ack__builder.hpp\n'}
[0.801874] (px4_msgs) StdoutLine: {'line': b'-- Up-to-date symlink: /root/ws_sensor_combined/install/px4_msgs/include/px4_msgs/px4_msgs/msg/detail/vehicle_command_ack__struct.hpp\n'}
[0.801954] (px4_msgs) StdoutLine: {'line': b'-- Up-to-date symlink: /root/ws_sensor_combined/install/px4_msgs/include/px4_msgs/px4_msgs/msg/detail/vehicle_command_ack__traits.hpp\n'}
[0.802034] (px4_msgs) StdoutLine: {'line': b'-- Up-to-date symlink: /root/ws_sensor_combined/install/px4_msgs/include/px4_msgs/px4_msgs/msg/detail/vehicle_command_ack__type_support.hpp\n'}
[0.802114] (px4_msgs) StdoutLine: {'line': b'-- Up-to-date symlink: /root/ws_sensor_combined/install/px4_msgs/include/px4_msgs/px4_msgs/msg/detail/vehicle_constraints__builder.hpp\n'}
[0.802238] (px4_msgs) StdoutLine: {'line': b'-- Up-to-date symlink: /root/ws_sensor_combined/install/px4_msgs/include/px4_msgs/px4_msgs/msg/detail/vehicle_constraints__struct.hpp\n'}
[0.802324] (px4_msgs) StdoutLine: {'line': b'-- Up-to-date symlink: /root/ws_sensor_combined/install/px4_msgs/include/px4_msgs/px4_msgs/msg/detail/vehicle_constraints__traits.hpp\n'}
[0.802405] (px4_msgs) StdoutLine: {'line': b'-- Up-to-date symlink: /root/ws_sensor_combined/install/px4_msgs/include/px4_msgs/px4_msgs/msg/detail/vehicle_constraints__type_support.hpp\n'}
[0.802485] (px4_msgs) StdoutLine: {'line': b'-- Up-to-date symlink: /root/ws_sensor_combined/install/px4_msgs/include/px4_msgs/px4_msgs/msg/detail/vehicle_control_mode__builder.hpp\n'}
[0.802565] (px4_msgs) StdoutLine: {'line': b'-- Up-to-date symlink: /root/ws_sensor_combined/install/px4_msgs/include/px4_msgs/px4_msgs/msg/detail/vehicle_control_mode__struct.hpp\n'}
[0.802645] (px4_msgs) StdoutLine: {'line': b'-- Up-to-date symlink: /root/ws_sensor_combined/install/px4_msgs/include/px4_msgs/px4_msgs/msg/detail/vehicle_control_mode__traits.hpp\n'}
[0.802695] (px4_msgs) StdoutLine: {'line': b'-- Up-to-date symlink: /root/ws_sensor_combined/install/px4_msgs/include/px4_msgs/px4_msgs/msg/detail/vehicle_control_mode__type_support.hpp\n'}
[0.802751] (px4_msgs) StdoutLine: {'line': b'-- Up-to-date symlink: /root/ws_sensor_combined/install/px4_msgs/include/px4_msgs/px4_msgs/msg/detail/vehicle_global_position__builder.hpp\n'}
[0.802832] (px4_msgs) StdoutLine: {'line': b'-- Up-to-date symlink: /root/ws_sensor_combined/install/px4_msgs/include/px4_msgs/px4_msgs/msg/detail/vehicle_global_position__struct.hpp\n'}
[0.802866] (px4_msgs) StdoutLine: {'line': b'-- Up-to-date symlink: /root/ws_sensor_combined/install/px4_msgs/include/px4_msgs/px4_msgs/msg/detail/vehicle_global_position__traits.hpp\n'}
[0.802892] (px4_msgs) StdoutLine: {'line': b'-- Up-to-date symlink: /root/ws_sensor_combined/install/px4_msgs/include/px4_msgs/px4_msgs/msg/detail/vehicle_global_position__type_support.hpp\n'}
[0.802931] (px4_msgs) StdoutLine: {'line': b'-- Up-to-date symlink: /root/ws_sensor_combined/install/px4_msgs/include/px4_msgs/px4_msgs/msg/detail/vehicle_imu__builder.hpp\n'}
[0.803013] (px4_msgs) StdoutLine: {'line': b'-- Up-to-date symlink: /root/ws_sensor_combined/install/px4_msgs/include/px4_msgs/px4_msgs/msg/detail/vehicle_imu__struct.hpp\n'}
[0.803081] (px4_msgs) StdoutLine: {'line': b'-- Up-to-date symlink: /root/ws_sensor_combined/install/px4_msgs/include/px4_msgs/px4_msgs/msg/detail/vehicle_imu__traits.hpp\n'}
[0.803152] (px4_msgs) StdoutLine: {'line': b'-- Up-to-date symlink: /root/ws_sensor_combined/install/px4_msgs/include/px4_msgs/px4_msgs/msg/detail/vehicle_imu__type_support.hpp\n'}
[0.803232] (px4_msgs) StdoutLine: {'line': b'-- Up-to-date symlink: /root/ws_sensor_combined/install/px4_msgs/include/px4_msgs/px4_msgs/msg/detail/vehicle_imu_status__builder.hpp\n'}
[0.803312] (px4_msgs) StdoutLine: {'line': b'-- Up-to-date symlink: /root/ws_sensor_combined/install/px4_msgs/include/px4_msgs/px4_msgs/msg/detail/vehicle_imu_status__struct.hpp\n'}
[0.803391] (px4_msgs) StdoutLine: {'line': b'-- Up-to-date symlink: /root/ws_sensor_combined/install/px4_msgs/include/px4_msgs/px4_msgs/msg/detail/vehicle_imu_status__traits.hpp\n'}
[0.803435] (px4_msgs) StdoutLine: {'line': b'-- Up-to-date symlink: /root/ws_sensor_combined/install/px4_msgs/include/px4_msgs/px4_msgs/msg/detail/vehicle_imu_status__type_support.hpp\n'}
[0.803490] (px4_msgs) StdoutLine: {'line': b'-- Up-to-date symlink: /root/ws_sensor_combined/install/px4_msgs/include/px4_msgs/px4_msgs/msg/detail/vehicle_land_detected__builder.hpp\n'}
[0.803570] (px4_msgs) StdoutLine: {'line': b'-- Up-to-date symlink: /root/ws_sensor_combined/install/px4_msgs/include/px4_msgs/px4_msgs/msg/detail/vehicle_land_detected__struct.hpp\n'}
[0.803650] (px4_msgs) StdoutLine: {'line': b'-- Up-to-date symlink: /root/ws_sensor_combined/install/px4_msgs/include/px4_msgs/px4_msgs/msg/detail/vehicle_land_detected__traits.hpp\n'}
[0.803732] (px4_msgs) StdoutLine: {'line': b'-- Up-to-date symlink: /root/ws_sensor_combined/install/px4_msgs/include/px4_msgs/px4_msgs/msg/detail/vehicle_land_detected__type_support.hpp\n'}
[0.803811] (px4_msgs) StdoutLine: {'line': b'-- Up-to-date symlink: /root/ws_sensor_combined/install/px4_msgs/include/px4_msgs/px4_msgs/msg/detail/vehicle_local_position__builder.hpp\n'}
[0.803889] (px4_msgs) StdoutLine: {'line': b'-- Up-to-date symlink: /root/ws_sensor_combined/install/px4_msgs/include/px4_msgs/px4_msgs/msg/detail/vehicle_local_position__struct.hpp\n'}
[0.803970] (px4_msgs) StdoutLine: {'line': b'-- Up-to-date symlink: /root/ws_sensor_combined/install/px4_msgs/include/px4_msgs/px4_msgs/msg/detail/vehicle_local_position__traits.hpp\n'}
[0.804003] (px4_msgs) StdoutLine: {'line': b'-- Up-to-date symlink: /root/ws_sensor_combined/install/px4_msgs/include/px4_msgs/px4_msgs/msg/detail/vehicle_local_position__type_support.hpp\n'}
[0.804144] (px4_msgs) StdoutLine: {'line': b'-- Up-to-date symlink: /root/ws_sensor_combined/install/px4_msgs/include/px4_msgs/px4_msgs/msg/detail/vehicle_local_position_setpoint__builder.hpp\n'}
[0.804208] (px4_msgs) StdoutLine: {'line': b'-- Up-to-date symlink: /root/ws_sensor_combined/install/px4_msgs/include/px4_msgs/px4_msgs/msg/detail/vehicle_local_position_setpoint__struct.hpp\n'}
[0.804290] (px4_msgs) StdoutLine: {'line': b'-- Up-to-date symlink: /root/ws_sensor_combined/install/px4_msgs/include/px4_msgs/px4_msgs/msg/detail/vehicle_local_position_setpoint__traits.hpp\n'}
[0.804371] (px4_msgs) StdoutLine: {'line': b'-- Up-to-date symlink: /root/ws_sensor_combined/install/px4_msgs/include/px4_msgs/px4_msgs/msg/detail/vehicle_local_position_setpoint__type_support.hpp\n'}
[0.804453] (px4_msgs) StdoutLine: {'line': b'-- Up-to-date symlink: /root/ws_sensor_combined/install/px4_msgs/include/px4_msgs/px4_msgs/msg/detail/vehicle_magnetometer__builder.hpp\n'}
[0.804534] (px4_msgs) StdoutLine: {'line': b'-- Up-to-date symlink: /root/ws_sensor_combined/install/px4_msgs/include/px4_msgs/px4_msgs/msg/detail/vehicle_magnetometer__struct.hpp\n'}
[0.804618] (px4_msgs) StdoutLine: {'line': b'-- Up-to-date symlink: /root/ws_sensor_combined/install/px4_msgs/include/px4_msgs/px4_msgs/msg/detail/vehicle_magnetometer__traits.hpp\n'}
[0.804703] (px4_msgs) StdoutLine: {'line': b'-- Up-to-date symlink: /root/ws_sensor_combined/install/px4_msgs/include/px4_msgs/px4_msgs/msg/detail/vehicle_magnetometer__type_support.hpp\n'}
[0.804786] (px4_msgs) StdoutLine: {'line': b'-- Up-to-date symlink: /root/ws_sensor_combined/install/px4_msgs/include/px4_msgs/px4_msgs/msg/detail/vehicle_odometry__builder.hpp\n'}
[0.804875] (px4_msgs) StdoutLine: {'line': b'-- Up-to-date symlink: /root/ws_sensor_combined/install/px4_msgs/include/px4_msgs/px4_msgs/msg/detail/vehicle_odometry__struct.hpp\n'}
[0.804956] (px4_msgs) StdoutLine: {'line': b'-- Up-to-date symlink: /root/ws_sensor_combined/install/px4_msgs/include/px4_msgs/px4_msgs/msg/detail/vehicle_odometry__traits.hpp\n'}
[0.805037] (px4_msgs) StdoutLine: {'line': b'-- Up-to-date symlink: /root/ws_sensor_combined/install/px4_msgs/include/px4_msgs/px4_msgs/msg/detail/vehicle_odometry__type_support.hpp\n'}
[0.805109] (px4_msgs) StdoutLine: {'line': b'-- Up-to-date symlink: /root/ws_sensor_combined/install/px4_msgs/include/px4_msgs/px4_msgs/msg/detail/vehicle_optical_flow__builder.hpp\n'}
[0.805148] (px4_msgs) StdoutLine: {'line': b'-- Up-to-date symlink: /root/ws_sensor_combined/install/px4_msgs/include/px4_msgs/px4_msgs/msg/detail/vehicle_optical_flow__struct.hpp\n'}
[0.805180] (px4_msgs) StdoutLine: {'line': b'-- Up-to-date symlink: /root/ws_sensor_combined/install/px4_msgs/include/px4_msgs/px4_msgs/msg/detail/vehicle_optical_flow__traits.hpp\n'}
[0.805363] (px4_msgs) StdoutLine: {'line': b'-- Up-to-date symlink: /root/ws_sensor_combined/install/px4_msgs/include/px4_msgs/px4_msgs/msg/detail/vehicle_optical_flow__type_support.hpp\n'}
[0.805415] (px4_msgs) StdoutLine: {'line': b'-- Up-to-date symlink: /root/ws_sensor_combined/install/px4_msgs/include/px4_msgs/px4_msgs/msg/detail/vehicle_optical_flow_vel__builder.hpp\n'}
[0.805445] (px4_msgs) StdoutLine: {'line': b'-- Up-to-date symlink: /root/ws_sensor_combined/install/px4_msgs/include/px4_msgs/px4_msgs/msg/detail/vehicle_optical_flow_vel__struct.hpp\n'}
[0.805538] (px4_msgs) StdoutLine: {'line': b'-- Up-to-date symlink: /root/ws_sensor_combined/install/px4_msgs/include/px4_msgs/px4_msgs/msg/detail/vehicle_optical_flow_vel__traits.hpp\n'}
[0.805611] (px4_msgs) StdoutLine: {'line': b'-- Up-to-date symlink: /root/ws_sensor_combined/install/px4_msgs/include/px4_msgs/px4_msgs/msg/detail/vehicle_optical_flow_vel__type_support.hpp\n'}
[0.805693] (px4_msgs) StdoutLine: {'line': b'-- Up-to-date symlink: /root/ws_sensor_combined/install/px4_msgs/include/px4_msgs/px4_msgs/msg/detail/vehicle_rates_setpoint__builder.hpp\n'}
[0.805774] (px4_msgs) StdoutLine: {'line': b'-- Up-to-date symlink: /root/ws_sensor_combined/install/px4_msgs/include/px4_msgs/px4_msgs/msg/detail/vehicle_rates_setpoint__struct.hpp\n'}
[0.805915] (px4_msgs) StdoutLine: {'line': b'-- Up-to-date symlink: /root/ws_sensor_combined/install/px4_msgs/include/px4_msgs/px4_msgs/msg/detail/vehicle_rates_setpoint__traits.hpp\n'}
[0.806050] (px4_msgs) StdoutLine: {'line': b'-- Up-to-date symlink: /root/ws_sensor_combined/install/px4_msgs/include/px4_msgs/px4_msgs/msg/detail/vehicle_rates_setpoint__type_support.hpp\n'}
[0.806134] (px4_msgs) StdoutLine: {'line': b'-- Up-to-date symlink: /root/ws_sensor_combined/install/px4_msgs/include/px4_msgs/px4_msgs/msg/detail/vehicle_roi__builder.hpp\n'}
[0.806217] (px4_msgs) StdoutLine: {'line': b'-- Up-to-date symlink: /root/ws_sensor_combined/install/px4_msgs/include/px4_msgs/px4_msgs/msg/detail/vehicle_roi__struct.hpp\n'}
[0.806298] (px4_msgs) StdoutLine: {'line': b'-- Up-to-date symlink: /root/ws_sensor_combined/install/px4_msgs/include/px4_msgs/px4_msgs/msg/detail/vehicle_roi__traits.hpp\n'}
[0.806381] (px4_msgs) StdoutLine: {'line': b'-- Up-to-date symlink: /root/ws_sensor_combined/install/px4_msgs/include/px4_msgs/px4_msgs/msg/detail/vehicle_roi__type_support.hpp\n'}
[0.806440] (px4_msgs) StdoutLine: {'line': b'-- Up-to-date symlink: /root/ws_sensor_combined/install/px4_msgs/include/px4_msgs/px4_msgs/msg/detail/vehicle_status__builder.hpp\n'}
[0.806470] (px4_msgs) StdoutLine: {'line': b'-- Up-to-date symlink: /root/ws_sensor_combined/install/px4_msgs/include/px4_msgs/px4_msgs/msg/detail/vehicle_status__struct.hpp\n'}
[0.806497] (px4_msgs) StdoutLine: {'line': b'-- Up-to-date symlink: /root/ws_sensor_combined/install/px4_msgs/include/px4_msgs/px4_msgs/msg/detail/vehicle_status__traits.hpp\n'}
[0.806570] (px4_msgs) StdoutLine: {'line': b'-- Up-to-date symlink: /root/ws_sensor_combined/install/px4_msgs/include/px4_msgs/px4_msgs/msg/detail/vehicle_status__type_support.hpp\n'}
[0.806601] (px4_msgs) StdoutLine: {'line': b'-- Up-to-date symlink: /root/ws_sensor_combined/install/px4_msgs/include/px4_msgs/px4_msgs/msg/detail/vehicle_thrust_setpoint__builder.hpp\n'}
[0.806629] (px4_msgs) StdoutLine: {'line': b'-- Up-to-date symlink: /root/ws_sensor_combined/install/px4_msgs/include/px4_msgs/px4_msgs/msg/detail/vehicle_thrust_setpoint__struct.hpp\n'}
[0.806698] (px4_msgs) StdoutLine: {'line': b'-- Up-to-date symlink: /root/ws_sensor_combined/install/px4_msgs/include/px4_msgs/px4_msgs/msg/detail/vehicle_thrust_setpoint__traits.hpp\n'}
[0.806774] (px4_msgs) StdoutLine: {'line': b'-- Up-to-date symlink: /root/ws_sensor_combined/install/px4_msgs/include/px4_msgs/px4_msgs/msg/detail/vehicle_thrust_setpoint__type_support.hpp\n'}
[0.806855] (px4_msgs) StdoutLine: {'line': b'-- Up-to-date symlink: /root/ws_sensor_combined/install/px4_msgs/include/px4_msgs/px4_msgs/msg/detail/vehicle_torque_setpoint__builder.hpp\n'}
[0.806937] (px4_msgs) StdoutLine: {'line': b'-- Up-to-date symlink: /root/ws_sensor_combined/install/px4_msgs/include/px4_msgs/px4_msgs/msg/detail/vehicle_torque_setpoint__struct.hpp\n'}
[0.807019] (px4_msgs) StdoutLine: {'line': b'-- Up-to-date symlink: /root/ws_sensor_combined/install/px4_msgs/include/px4_msgs/px4_msgs/msg/detail/vehicle_torque_setpoint__traits.hpp\n'}
[0.807162] (px4_msgs) StdoutLine: {'line': b'-- Up-to-date symlink: /root/ws_sensor_combined/install/px4_msgs/include/px4_msgs/px4_msgs/msg/detail/vehicle_torque_setpoint__type_support.hpp\n'}
[0.807237] (px4_msgs) StdoutLine: {'line': b'-- Up-to-date symlink: /root/ws_sensor_combined/install/px4_msgs/include/px4_msgs/px4_msgs/msg/detail/velocity_limits__builder.hpp\n'}
[0.807319] (px4_msgs) StdoutLine: {'line': b'-- Up-to-date symlink: /root/ws_sensor_combined/install/px4_msgs/include/px4_msgs/px4_msgs/msg/detail/velocity_limits__struct.hpp\n'}
[0.807401] (px4_msgs) StdoutLine: {'line': b'-- Up-to-date symlink: /root/ws_sensor_combined/install/px4_msgs/include/px4_msgs/px4_msgs/msg/detail/velocity_limits__traits.hpp\n'}
[0.807485] (px4_msgs) StdoutLine: {'line': b'-- Up-to-date symlink: /root/ws_sensor_combined/install/px4_msgs/include/px4_msgs/px4_msgs/msg/detail/velocity_limits__type_support.hpp\n'}
[0.807566] (px4_msgs) StdoutLine: {'line': b'-- Up-to-date symlink: /root/ws_sensor_combined/install/px4_msgs/include/px4_msgs/px4_msgs/msg/detail/vtol_vehicle_status__builder.hpp\n'}
[0.807648] (px4_msgs) StdoutLine: {'line': b'-- Up-to-date symlink: /root/ws_sensor_combined/install/px4_msgs/include/px4_msgs/px4_msgs/msg/detail/vtol_vehicle_status__struct.hpp\n'}
[0.807730] (px4_msgs) StdoutLine: {'line': b'-- Up-to-date symlink: /root/ws_sensor_combined/install/px4_msgs/include/px4_msgs/px4_msgs/msg/detail/vtol_vehicle_status__traits.hpp\n'}
[0.807801] (px4_msgs) StdoutLine: {'line': b'-- Up-to-date symlink: /root/ws_sensor_combined/install/px4_msgs/include/px4_msgs/px4_msgs/msg/detail/vtol_vehicle_status__type_support.hpp\n'}
[0.807885] (px4_msgs) StdoutLine: {'line': b'-- Up-to-date symlink: /root/ws_sensor_combined/install/px4_msgs/include/px4_msgs/px4_msgs/msg/detail/wheel_encoders__builder.hpp\n'}
[0.807967] (px4_msgs) StdoutLine: {'line': b'-- Up-to-date symlink: /root/ws_sensor_combined/install/px4_msgs/include/px4_msgs/px4_msgs/msg/detail/wheel_encoders__struct.hpp\n'}
[0.808028] (px4_msgs) StdoutLine: {'line': b'-- Up-to-date symlink: /root/ws_sensor_combined/install/px4_msgs/include/px4_msgs/px4_msgs/msg/detail/wheel_encoders__traits.hpp\n'}
[0.808090] (px4_msgs) StdoutLine: {'line': b'-- Up-to-date symlink: /root/ws_sensor_combined/install/px4_msgs/include/px4_msgs/px4_msgs/msg/detail/wheel_encoders__type_support.hpp\n'}
[0.808173] (px4_msgs) StdoutLine: {'line': b'-- Up-to-date symlink: /root/ws_sensor_combined/install/px4_msgs/include/px4_msgs/px4_msgs/msg/detail/wind__builder.hpp\n'}
[0.808256] (px4_msgs) StdoutLine: {'line': b'-- Up-to-date symlink: /root/ws_sensor_combined/install/px4_msgs/include/px4_msgs/px4_msgs/msg/detail/wind__struct.hpp\n'}
[0.808327] (px4_msgs) StdoutLine: {'line': b'-- Up-to-date symlink: /root/ws_sensor_combined/install/px4_msgs/include/px4_msgs/px4_msgs/msg/detail/wind__traits.hpp\n'}
[0.808410] (px4_msgs) StdoutLine: {'line': b'-- Up-to-date symlink: /root/ws_sensor_combined/install/px4_msgs/include/px4_msgs/px4_msgs/msg/detail/wind__type_support.hpp\n'}
[0.808493] (px4_msgs) StdoutLine: {'line': b'-- Up-to-date symlink: /root/ws_sensor_combined/install/px4_msgs/include/px4_msgs/px4_msgs/msg/detail/yaw_estimator_status__builder.hpp\n'}
[0.808576] (px4_msgs) StdoutLine: {'line': b'-- Up-to-date symlink: /root/ws_sensor_combined/install/px4_msgs/include/px4_msgs/px4_msgs/msg/detail/yaw_estimator_status__struct.hpp\n'}
[0.808647] (px4_msgs) StdoutLine: {'line': b'-- Up-to-date symlink: /root/ws_sensor_combined/install/px4_msgs/include/px4_msgs/px4_msgs/msg/detail/yaw_estimator_status__traits.hpp\n'}
[0.808729] (px4_msgs) StdoutLine: {'line': b'-- Up-to-date symlink: /root/ws_sensor_combined/install/px4_msgs/include/px4_msgs/px4_msgs/msg/detail/yaw_estimator_status__type_support.hpp\n'}
[0.808811] (px4_msgs) StdoutLine: {'line': b'-- Up-to-date symlink: /root/ws_sensor_combined/install/px4_msgs/include/px4_msgs/px4_msgs/msg/differential_pressure.hpp\n'}
[0.808873] (px4_msgs) StdoutLine: {'line': b'-- Up-to-date symlink: /root/ws_sensor_combined/install/px4_msgs/include/px4_msgs/px4_msgs/msg/distance_sensor.hpp\n'}
[0.808903] (px4_msgs) StdoutLine: {'line': b'-- Up-to-date symlink: /root/ws_sensor_combined/install/px4_msgs/include/px4_msgs/px4_msgs/msg/distance_sensor_mode_change_request.hpp\n'}
[0.808935] (px4_msgs) StdoutLine: {'line': b'-- Up-to-date symlink: /root/ws_sensor_combined/install/px4_msgs/include/px4_msgs/px4_msgs/msg/dronecan_node_status.hpp\n'}
[0.809004] (px4_msgs) StdoutLine: {'line': b'-- Up-to-date symlink: /root/ws_sensor_combined/install/px4_msgs/include/px4_msgs/px4_msgs/msg/ekf2_timestamps.hpp\n'}
[0.809086] (px4_msgs) StdoutLine: {'line': b'-- Up-to-date symlink: /root/ws_sensor_combined/install/px4_msgs/include/px4_msgs/px4_msgs/msg/esc_report.hpp\n'}
[0.809167] (px4_msgs) StdoutLine: {'line': b'-- Up-to-date symlink: /root/ws_sensor_combined/install/px4_msgs/include/px4_msgs/px4_msgs/msg/esc_status.hpp\n'}
[0.809251] (px4_msgs) StdoutLine: {'line': b'-- Up-to-date symlink: /root/ws_sensor_combined/install/px4_msgs/include/px4_msgs/px4_msgs/msg/estimator_aid_source1d.hpp\n'}
[0.809333] (px4_msgs) StdoutLine: {'line': b'-- Up-to-date symlink: /root/ws_sensor_combined/install/px4_msgs/include/px4_msgs/px4_msgs/msg/estimator_aid_source2d.hpp\n'}
[0.809416] (px4_msgs) StdoutLine: {'line': b'-- Up-to-date symlink: /root/ws_sensor_combined/install/px4_msgs/include/px4_msgs/px4_msgs/msg/estimator_aid_source3d.hpp\n'}
[0.809507] (px4_msgs) StdoutLine: {'line': b'-- Up-to-date symlink: /root/ws_sensor_combined/install/px4_msgs/include/px4_msgs/px4_msgs/msg/estimator_bias.hpp\n'}
[0.809654] (px4_msgs) StdoutLine: {'line': b'-- Up-to-date symlink: /root/ws_sensor_combined/install/px4_msgs/include/px4_msgs/px4_msgs/msg/estimator_bias3d.hpp\n'}
[0.809848] (px4_msgs) StdoutLine: {'line': b'-- Up-to-date symlink: /root/ws_sensor_combined/install/px4_msgs/include/px4_msgs/px4_msgs/msg/estimator_event_flags.hpp\n'}
[0.809890] (px4_msgs) StdoutLine: {'line': b'-- Up-to-date symlink: /root/ws_sensor_combined/install/px4_msgs/include/px4_msgs/px4_msgs/msg/estimator_gps_status.hpp\n'}
[0.809916] (px4_msgs) StdoutLine: {'line': b'-- Up-to-date symlink: /root/ws_sensor_combined/install/px4_msgs/include/px4_msgs/px4_msgs/msg/estimator_innovations.hpp\n'}
[0.809940] (px4_msgs) StdoutLine: {'line': b'-- Up-to-date symlink: /root/ws_sensor_combined/install/px4_msgs/include/px4_msgs/px4_msgs/msg/estimator_selector_status.hpp\n'}
[0.809963] (px4_msgs) StdoutLine: {'line': b'-- Up-to-date symlink: /root/ws_sensor_combined/install/px4_msgs/include/px4_msgs/px4_msgs/msg/estimator_sensor_bias.hpp\n'}
[0.809985] (px4_msgs) StdoutLine: {'line': b'-- Up-to-date symlink: /root/ws_sensor_combined/install/px4_msgs/include/px4_msgs/px4_msgs/msg/estimator_states.hpp\n'}
[0.810006] (px4_msgs) StdoutLine: {'line': b'-- Up-to-date symlink: /root/ws_sensor_combined/install/px4_msgs/include/px4_msgs/px4_msgs/msg/estimator_status.hpp\n'}
[0.810028] (px4_msgs) StdoutLine: {'line': b'-- Up-to-date symlink: /root/ws_sensor_combined/install/px4_msgs/include/px4_msgs/px4_msgs/msg/estimator_status_flags.hpp\n'}
[0.810049] (px4_msgs) StdoutLine: {'line': b'-- Up-to-date symlink: /root/ws_sensor_combined/install/px4_msgs/include/px4_msgs/px4_msgs/msg/event.hpp\n'}
[0.810071] (px4_msgs) StdoutLine: {'line': b'-- Up-to-date symlink: /root/ws_sensor_combined/install/px4_msgs/include/px4_msgs/px4_msgs/msg/failsafe_flags.hpp\n'}
[0.810092] (px4_msgs) StdoutLine: {'line': b'-- Up-to-date symlink: /root/ws_sensor_combined/install/px4_msgs/include/px4_msgs/px4_msgs/msg/failure_detector_status.hpp\n'}
[0.810115] (px4_msgs) StdoutLine: {'line': b'-- Up-to-date symlink: /root/ws_sensor_combined/install/px4_msgs/include/px4_msgs/px4_msgs/msg/figure_eight_status.hpp\n'}
[0.810136] (px4_msgs) StdoutLine: {'line': b'-- Up-to-date symlink: /root/ws_sensor_combined/install/px4_msgs/include/px4_msgs/px4_msgs/msg/fixed_wing_lateral_guidance_status.hpp\n'}
[0.810158] (px4_msgs) StdoutLine: {'line': b'-- Up-to-date symlink: /root/ws_sensor_combined/install/px4_msgs/include/px4_msgs/px4_msgs/msg/fixed_wing_lateral_setpoint.hpp\n'}
[0.810180] (px4_msgs) StdoutLine: {'line': b'-- Up-to-date symlink: /root/ws_sensor_combined/install/px4_msgs/include/px4_msgs/px4_msgs/msg/fixed_wing_lateral_status.hpp\n'}
[0.810200] (px4_msgs) StdoutLine: {'line': b'-- Up-to-date symlink: /root/ws_sensor_combined/install/px4_msgs/include/px4_msgs/px4_msgs/msg/fixed_wing_longitudinal_setpoint.hpp\n'}
[0.810221] (px4_msgs) StdoutLine: {'line': b'-- Up-to-date symlink: /root/ws_sensor_combined/install/px4_msgs/include/px4_msgs/px4_msgs/msg/fixed_wing_runway_control.hpp\n'}
[0.810242] (px4_msgs) StdoutLine: {'line': b'-- Up-to-date symlink: /root/ws_sensor_combined/install/px4_msgs/include/px4_msgs/px4_msgs/msg/flight_phase_estimation.hpp\n'}
[0.810263] (px4_msgs) StdoutLine: {'line': b'-- Up-to-date symlink: /root/ws_sensor_combined/install/px4_msgs/include/px4_msgs/px4_msgs/msg/follow_target.hpp\n'}
[0.810286] (px4_msgs) StdoutLine: {'line': b'-- Up-to-date symlink: /root/ws_sensor_combined/install/px4_msgs/include/px4_msgs/px4_msgs/msg/follow_target_estimator.hpp\n'}
[0.810306] (px4_msgs) StdoutLine: {'line': b'-- Up-to-date symlink: /root/ws_sensor_combined/install/px4_msgs/include/px4_msgs/px4_msgs/msg/follow_target_status.hpp\n'}
[0.810327] (px4_msgs) StdoutLine: {'line': b'-- Up-to-date symlink: /root/ws_sensor_combined/install/px4_msgs/include/px4_msgs/px4_msgs/msg/fuel_tank_status.hpp\n'}
[0.810348] (px4_msgs) StdoutLine: {'line': b'-- Up-to-date symlink: /root/ws_sensor_combined/install/px4_msgs/include/px4_msgs/px4_msgs/msg/generator_status.hpp\n'}
[0.810369] (px4_msgs) StdoutLine: {'line': b'-- Up-to-date symlink: /root/ws_sensor_combined/install/px4_msgs/include/px4_msgs/px4_msgs/msg/geofence_result.hpp\n'}
[0.810390] (px4_msgs) StdoutLine: {'line': b'-- Up-to-date symlink: /root/ws_sensor_combined/install/px4_msgs/include/px4_msgs/px4_msgs/msg/geofence_status.hpp\n'}
[0.810411] (px4_msgs) StdoutLine: {'line': b'-- Up-to-date symlink: /root/ws_sensor_combined/install/px4_msgs/include/px4_msgs/px4_msgs/msg/gimbal_controls.hpp\n'}
[0.810432] (px4_msgs) StdoutLine: {'line': b'-- Up-to-date symlink: /root/ws_sensor_combined/install/px4_msgs/include/px4_msgs/px4_msgs/msg/gimbal_device_attitude_status.hpp\n'}
[0.810453] (px4_msgs) StdoutLine: {'line': b'-- Up-to-date symlink: /root/ws_sensor_combined/install/px4_msgs/include/px4_msgs/px4_msgs/msg/gimbal_device_information.hpp\n'}
[0.810474] (px4_msgs) StdoutLine: {'line': b'-- Up-to-date symlink: /root/ws_sensor_combined/install/px4_msgs/include/px4_msgs/px4_msgs/msg/gimbal_device_set_attitude.hpp\n'}
[0.810495] (px4_msgs) StdoutLine: {'line': b'-- Up-to-date symlink: /root/ws_sensor_combined/install/px4_msgs/include/px4_msgs/px4_msgs/msg/gimbal_manager_information.hpp\n'}
[0.810516] (px4_msgs) StdoutLine: {'line': b'-- Up-to-date symlink: /root/ws_sensor_combined/install/px4_msgs/include/px4_msgs/px4_msgs/msg/gimbal_manager_set_attitude.hpp\n'}
[0.810536] (px4_msgs) StdoutLine: {'line': b'-- Up-to-date symlink: /root/ws_sensor_combined/install/px4_msgs/include/px4_msgs/px4_msgs/msg/gimbal_manager_set_manual_control.hpp\n'}
[0.810557] (px4_msgs) StdoutLine: {'line': b'-- Up-to-date symlink: /root/ws_sensor_combined/install/px4_msgs/include/px4_msgs/px4_msgs/msg/gimbal_manager_status.hpp\n'}
[0.810582] (px4_msgs) StdoutLine: {'line': b'-- Up-to-date symlink: /root/ws_sensor_combined/install/px4_msgs/include/px4_msgs/px4_msgs/msg/goto_setpoint.hpp\n'}
[0.810604] (px4_msgs) StdoutLine: {'line': b'-- Up-to-date symlink: /root/ws_sensor_combined/install/px4_msgs/include/px4_msgs/px4_msgs/msg/gpio_config.hpp\n'}
[0.810625] (px4_msgs) StdoutLine: {'line': b'-- Up-to-date symlink: /root/ws_sensor_combined/install/px4_msgs/include/px4_msgs/px4_msgs/msg/gpio_in.hpp\n'}
[0.810646] (px4_msgs) StdoutLine: {'line': b'-- Up-to-date symlink: /root/ws_sensor_combined/install/px4_msgs/include/px4_msgs/px4_msgs/msg/gpio_out.hpp\n'}
[0.810667] (px4_msgs) StdoutLine: {'line': b'-- Up-to-date symlink: /root/ws_sensor_combined/install/px4_msgs/include/px4_msgs/px4_msgs/msg/gpio_request.hpp\n'}
[0.810691] (px4_msgs) StdoutLine: {'line': b'-- Up-to-date symlink: /root/ws_sensor_combined/install/px4_msgs/include/px4_msgs/px4_msgs/msg/gps_dump.hpp\n'}
[0.810713] (px4_msgs) StdoutLine: {'line': b'-- Up-to-date symlink: /root/ws_sensor_combined/install/px4_msgs/include/px4_msgs/px4_msgs/msg/gps_inject_data.hpp\n'}
[0.810734] (px4_msgs) StdoutLine: {'line': b'-- Up-to-date symlink: /root/ws_sensor_combined/install/px4_msgs/include/px4_msgs/px4_msgs/msg/gripper.hpp\n'}
[0.810755] (px4_msgs) StdoutLine: {'line': b'-- Up-to-date symlink: /root/ws_sensor_combined/install/px4_msgs/include/px4_msgs/px4_msgs/msg/health_report.hpp\n'}
[0.810777] (px4_msgs) StdoutLine: {'line': b'-- Up-to-date symlink: /root/ws_sensor_combined/install/px4_msgs/include/px4_msgs/px4_msgs/msg/heater_status.hpp\n'}
[0.810798] (px4_msgs) StdoutLine: {'line': b'-- Up-to-date symlink: /root/ws_sensor_combined/install/px4_msgs/include/px4_msgs/px4_msgs/msg/home_position.hpp\n'}
[0.810819] (px4_msgs) StdoutLine: {'line': b'-- Up-to-date symlink: /root/ws_sensor_combined/install/px4_msgs/include/px4_msgs/px4_msgs/msg/hover_thrust_estimate.hpp\n'}
[0.810841] (px4_msgs) StdoutLine: {'line': b'-- Up-to-date symlink: /root/ws_sensor_combined/install/px4_msgs/include/px4_msgs/px4_msgs/msg/input_rc.hpp\n'}
[0.810861] (px4_msgs) StdoutLine: {'line': b'-- Up-to-date symlink: /root/ws_sensor_combined/install/px4_msgs/include/px4_msgs/px4_msgs/msg/internal_combustion_engine_control.hpp\n'}
[0.810882] (px4_msgs) StdoutLine: {'line': b'-- Up-to-date symlink: /root/ws_sensor_combined/install/px4_msgs/include/px4_msgs/px4_msgs/msg/internal_combustion_engine_status.hpp\n'}
[0.810903] (px4_msgs) StdoutLine: {'line': b'-- Up-to-date symlink: /root/ws_sensor_combined/install/px4_msgs/include/px4_msgs/px4_msgs/msg/iridiumsbd_status.hpp\n'}
[0.810925] (px4_msgs) StdoutLine: {'line': b'-- Up-to-date symlink: /root/ws_sensor_combined/install/px4_msgs/include/px4_msgs/px4_msgs/msg/irlock_report.hpp\n'}
[0.810945] (px4_msgs) StdoutLine: {'line': b'-- Up-to-date symlink: /root/ws_sensor_combined/install/px4_msgs/include/px4_msgs/px4_msgs/msg/landing_gear.hpp\n'}
[0.810966] (px4_msgs) StdoutLine: {'line': b'-- Up-to-date symlink: /root/ws_sensor_combined/install/px4_msgs/include/px4_msgs/px4_msgs/msg/landing_gear_wheel.hpp\n'}
[0.810987] (px4_msgs) StdoutLine: {'line': b'-- Up-to-date symlink: /root/ws_sensor_combined/install/px4_msgs/include/px4_msgs/px4_msgs/msg/landing_target_innovations.hpp\n'}
[0.811007] (px4_msgs) StdoutLine: {'line': b'-- Up-to-date symlink: /root/ws_sensor_combined/install/px4_msgs/include/px4_msgs/px4_msgs/msg/landing_target_pose.hpp\n'}
[0.811028] (px4_msgs) StdoutLine: {'line': b'-- Up-to-date symlink: /root/ws_sensor_combined/install/px4_msgs/include/px4_msgs/px4_msgs/msg/lateral_control_configuration.hpp\n'}
[0.811049] (px4_msgs) StdoutLine: {'line': b'-- Up-to-date symlink: /root/ws_sensor_combined/install/px4_msgs/include/px4_msgs/px4_msgs/msg/launch_detection_status.hpp\n'}
[0.811069] (px4_msgs) StdoutLine: {'line': b'-- Up-to-date symlink: /root/ws_sensor_combined/install/px4_msgs/include/px4_msgs/px4_msgs/msg/led_control.hpp\n'}
[0.811089] (px4_msgs) StdoutLine: {'line': b'-- Up-to-date symlink: /root/ws_sensor_combined/install/px4_msgs/include/px4_msgs/px4_msgs/msg/log_message.hpp\n'}
[0.811110] (px4_msgs) StdoutLine: {'line': b'-- Up-to-date symlink: /root/ws_sensor_combined/install/px4_msgs/include/px4_msgs/px4_msgs/msg/logger_status.hpp\n'}
[0.811131] (px4_msgs) StdoutLine: {'line': b'-- Up-to-date symlink: /root/ws_sensor_combined/install/px4_msgs/include/px4_msgs/px4_msgs/msg/longitudinal_control_configuration.hpp\n'}
[0.811152] (px4_msgs) StdoutLine: {'line': b'-- Up-to-date symlink: /root/ws_sensor_combined/install/px4_msgs/include/px4_msgs/px4_msgs/msg/mag_worker_data.hpp\n'}
[0.811173] (px4_msgs) StdoutLine: {'line': b'-- Up-to-date symlink: /root/ws_sensor_combined/install/px4_msgs/include/px4_msgs/px4_msgs/msg/magnetometer_bias_estimate.hpp\n'}
[0.811194] (px4_msgs) StdoutLine: {'line': b'-- Up-to-date symlink: /root/ws_sensor_combined/install/px4_msgs/include/px4_msgs/px4_msgs/msg/manual_control_setpoint.hpp\n'}
[0.811217] (px4_msgs) StdoutLine: {'line': b'-- Up-to-date symlink: /root/ws_sensor_combined/install/px4_msgs/include/px4_msgs/px4_msgs/msg/manual_control_switches.hpp\n'}
[0.811240] (px4_msgs) StdoutLine: {'line': b'-- Up-to-date symlink: /root/ws_sensor_combined/install/px4_msgs/include/px4_msgs/px4_msgs/msg/mavlink_log.hpp\n'}
[0.811264] (px4_msgs) StdoutLine: {'line': b'-- Up-to-date symlink: /root/ws_sensor_combined/install/px4_msgs/include/px4_msgs/px4_msgs/msg/mavlink_tunnel.hpp\n'}
[0.811286] (px4_msgs) StdoutLine: {'line': b'-- Up-to-date symlink: /root/ws_sensor_combined/install/px4_msgs/include/px4_msgs/px4_msgs/msg/message_format_request.hpp\n'}
[0.811308] (px4_msgs) StdoutLine: {'line': b'-- Up-to-date symlink: /root/ws_sensor_combined/install/px4_msgs/include/px4_msgs/px4_msgs/msg/message_format_response.hpp\n'}
[0.811331] (px4_msgs) StdoutLine: {'line': b'-- Up-to-date symlink: /root/ws_sensor_combined/install/px4_msgs/include/px4_msgs/px4_msgs/msg/mission.hpp\n'}
[0.811353] (px4_msgs) StdoutLine: {'line': b'-- Up-to-date symlink: /root/ws_sensor_combined/install/px4_msgs/include/px4_msgs/px4_msgs/msg/mission_result.hpp\n'}
[0.811373] (px4_msgs) StdoutLine: {'line': b'-- Up-to-date symlink: /root/ws_sensor_combined/install/px4_msgs/include/px4_msgs/px4_msgs/msg/mode_completed.hpp\n'}
[0.811394] (px4_msgs) StdoutLine: {'line': b'-- Up-to-date symlink: /root/ws_sensor_combined/install/px4_msgs/include/px4_msgs/px4_msgs/msg/mount_orientation.hpp\n'}
[0.811414] (px4_msgs) StdoutLine: {'line': b'-- Up-to-date symlink: /root/ws_sensor_combined/install/px4_msgs/include/px4_msgs/px4_msgs/msg/navigator_mission_item.hpp\n'}
[0.811436] (px4_msgs) StdoutLine: {'line': b'-- Up-to-date symlink: /root/ws_sensor_combined/install/px4_msgs/include/px4_msgs/px4_msgs/msg/navigator_status.hpp\n'}
[0.811457] (px4_msgs) StdoutLine: {'line': b'-- Up-to-date symlink: /root/ws_sensor_combined/install/px4_msgs/include/px4_msgs/px4_msgs/msg/neural_control.hpp\n'}
[0.811478] (px4_msgs) StdoutLine: {'line': b'-- Up-to-date symlink: /root/ws_sensor_combined/install/px4_msgs/include/px4_msgs/px4_msgs/msg/normalized_unsigned_setpoint.hpp\n'}
[0.811499] (px4_msgs) StdoutLine: {'line': b'-- Up-to-date symlink: /root/ws_sensor_combined/install/px4_msgs/include/px4_msgs/px4_msgs/msg/obstacle_distance.hpp\n'}
[0.811520] (px4_msgs) StdoutLine: {'line': b'-- Up-to-date symlink: /root/ws_sensor_combined/install/px4_msgs/include/px4_msgs/px4_msgs/msg/offboard_control_mode.hpp\n'}
[0.811540] (px4_msgs) StdoutLine: {'line': b'-- Up-to-date symlink: /root/ws_sensor_combined/install/px4_msgs/include/px4_msgs/px4_msgs/msg/onboard_computer_status.hpp\n'}
[0.811562] (px4_msgs) StdoutLine: {'line': b'-- Up-to-date symlink: /root/ws_sensor_combined/install/px4_msgs/include/px4_msgs/px4_msgs/msg/open_drone_id_arm_status.hpp\n'}
[0.811583] (px4_msgs) StdoutLine: {'line': b'-- Up-to-date symlink: /root/ws_sensor_combined/install/px4_msgs/include/px4_msgs/px4_msgs/msg/open_drone_id_operator_id.hpp\n'}
[0.811604] (px4_msgs) StdoutLine: {'line': b'-- Up-to-date symlink: /root/ws_sensor_combined/install/px4_msgs/include/px4_msgs/px4_msgs/msg/open_drone_id_self_id.hpp\n'}
[0.811626] (px4_msgs) StdoutLine: {'line': b'-- Up-to-date symlink: /root/ws_sensor_combined/install/px4_msgs/include/px4_msgs/px4_msgs/msg/open_drone_id_system.hpp\n'}
[0.811646] (px4_msgs) StdoutLine: {'line': b'-- Up-to-date symlink: /root/ws_sensor_combined/install/px4_msgs/include/px4_msgs/px4_msgs/msg/orb_test.hpp\n'}
[0.811668] (px4_msgs) StdoutLine: {'line': b'-- Up-to-date symlink: /root/ws_sensor_combined/install/px4_msgs/include/px4_msgs/px4_msgs/msg/orb_test_large.hpp\n'}
[0.811689] (px4_msgs) StdoutLine: {'line': b'-- Up-to-date symlink: /root/ws_sensor_combined/install/px4_msgs/include/px4_msgs/px4_msgs/msg/orb_test_medium.hpp\n'}
[0.811711] (px4_msgs) StdoutLine: {'line': b'-- Up-to-date symlink: /root/ws_sensor_combined/install/px4_msgs/include/px4_msgs/px4_msgs/msg/orbit_status.hpp\n'}
[0.811734] (px4_msgs) StdoutLine: {'line': b'-- Up-to-date symlink: /root/ws_sensor_combined/install/px4_msgs/include/px4_msgs/px4_msgs/msg/parameter_reset_request.hpp\n'}
[0.811755] (px4_msgs) StdoutLine: {'line': b'-- Up-to-date symlink: /root/ws_sensor_combined/install/px4_msgs/include/px4_msgs/px4_msgs/msg/parameter_set_used_request.hpp\n'}
[0.811777] (px4_msgs) StdoutLine: {'line': b'-- Up-to-date symlink: /root/ws_sensor_combined/install/px4_msgs/include/px4_msgs/px4_msgs/msg/parameter_set_value_request.hpp\n'}
[0.811798] (px4_msgs) StdoutLine: {'line': b'-- Up-to-date symlink: /root/ws_sensor_combined/install/px4_msgs/include/px4_msgs/px4_msgs/msg/parameter_set_value_response.hpp\n'}
[0.811820] (px4_msgs) StdoutLine: {'line': b'-- Up-to-date symlink: /root/ws_sensor_combined/install/px4_msgs/include/px4_msgs/px4_msgs/msg/parameter_update.hpp\n'}
[0.811840] (px4_msgs) StdoutLine: {'line': b'-- Up-to-date symlink: /root/ws_sensor_combined/install/px4_msgs/include/px4_msgs/px4_msgs/msg/ping.hpp\n'}
[0.811862] (px4_msgs) StdoutLine: {'line': b'-- Up-to-date symlink: /root/ws_sensor_combined/install/px4_msgs/include/px4_msgs/px4_msgs/msg/position_controller_landing_status.hpp\n'}
[0.811883] (px4_msgs) StdoutLine: {'line': b'-- Up-to-date symlink: /root/ws_sensor_combined/install/px4_msgs/include/px4_msgs/px4_msgs/msg/position_controller_status.hpp\n'}
[0.811905] (px4_msgs) StdoutLine: {'line': b'-- Up-to-date symlink: /root/ws_sensor_combined/install/px4_msgs/include/px4_msgs/px4_msgs/msg/position_setpoint.hpp\n'}
[0.811926] (px4_msgs) StdoutLine: {'line': b'-- Up-to-date symlink: /root/ws_sensor_combined/install/px4_msgs/include/px4_msgs/px4_msgs/msg/position_setpoint_triplet.hpp\n'}
[0.811949] (px4_msgs) StdoutLine: {'line': b'-- Up-to-date symlink: /root/ws_sensor_combined/install/px4_msgs/include/px4_msgs/px4_msgs/msg/power_button_state.hpp\n'}
[0.811972] (px4_msgs) StdoutLine: {'line': b'-- Up-to-date symlink: /root/ws_sensor_combined/install/px4_msgs/include/px4_msgs/px4_msgs/msg/power_monitor.hpp\n'}
[0.811994] (px4_msgs) StdoutLine: {'line': b'-- Up-to-date symlink: /root/ws_sensor_combined/install/px4_msgs/include/px4_msgs/px4_msgs/msg/pps_capture.hpp\n'}
[0.812017] (px4_msgs) StdoutLine: {'line': b'-- Up-to-date symlink: /root/ws_sensor_combined/install/px4_msgs/include/px4_msgs/px4_msgs/msg/pure_pursuit_status.hpp\n'}
[0.812041] (px4_msgs) StdoutLine: {'line': b'-- Up-to-date symlink: /root/ws_sensor_combined/install/px4_msgs/include/px4_msgs/px4_msgs/msg/pwm_input.hpp\n'}
[0.812066] (px4_msgs) StdoutLine: {'line': b'-- Up-to-date symlink: /root/ws_sensor_combined/install/px4_msgs/include/px4_msgs/px4_msgs/msg/px4io_status.hpp\n'}
[0.812091] (px4_msgs) StdoutLine: {'line': b'-- Up-to-date symlink: /root/ws_sensor_combined/install/px4_msgs/include/px4_msgs/px4_msgs/msg/qshell_req.hpp\n'}
[0.812114] (px4_msgs) StdoutLine: {'line': b'-- Up-to-date symlink: /root/ws_sensor_combined/install/px4_msgs/include/px4_msgs/px4_msgs/msg/qshell_retval.hpp\n'}
[0.812135] (px4_msgs) StdoutLine: {'line': b'-- Up-to-date symlink: /root/ws_sensor_combined/install/px4_msgs/include/px4_msgs/px4_msgs/msg/radio_status.hpp\n'}
[0.812156] (px4_msgs) StdoutLine: {'line': b'-- Up-to-date symlink: /root/ws_sensor_combined/install/px4_msgs/include/px4_msgs/px4_msgs/msg/rate_ctrl_status.hpp\n'}
[0.812177] (px4_msgs) StdoutLine: {'line': b'-- Up-to-date symlink: /root/ws_sensor_combined/install/px4_msgs/include/px4_msgs/px4_msgs/msg/rc_channels.hpp\n'}
[0.812199] (px4_msgs) StdoutLine: {'line': b'-- Up-to-date symlink: /root/ws_sensor_combined/install/px4_msgs/include/px4_msgs/px4_msgs/msg/rc_parameter_map.hpp\n'}
[0.812221] (px4_msgs) StdoutLine: {'line': b'-- Up-to-date symlink: /root/ws_sensor_combined/install/px4_msgs/include/px4_msgs/px4_msgs/msg/register_ext_component_reply.hpp\n'}
[0.812242] (px4_msgs) StdoutLine: {'line': b'-- Up-to-date symlink: /root/ws_sensor_combined/install/px4_msgs/include/px4_msgs/px4_msgs/msg/register_ext_component_request.hpp\n'}
[0.812264] (px4_msgs) StdoutLine: {'line': b'-- Up-to-date symlink: /root/ws_sensor_combined/install/px4_msgs/include/px4_msgs/px4_msgs/msg/rosidl_generator_cpp__visibility_control.hpp\n'}
[0.812287] (px4_msgs) StdoutLine: {'line': b'-- Up-to-date symlink: /root/ws_sensor_combined/install/px4_msgs/include/px4_msgs/px4_msgs/msg/rover_attitude_setpoint.hpp\n'}
[0.812309] (px4_msgs) StdoutLine: {'line': b'-- Up-to-date symlink: /root/ws_sensor_combined/install/px4_msgs/include/px4_msgs/px4_msgs/msg/rover_attitude_status.hpp\n'}
[0.812332] (px4_msgs) StdoutLine: {'line': b'-- Up-to-date symlink: /root/ws_sensor_combined/install/px4_msgs/include/px4_msgs/px4_msgs/msg/rover_position_setpoint.hpp\n'}
[0.812355] (px4_msgs) StdoutLine: {'line': b'-- Up-to-date symlink: /root/ws_sensor_combined/install/px4_msgs/include/px4_msgs/px4_msgs/msg/rover_rate_setpoint.hpp\n'}
[0.812376] (px4_msgs) StdoutLine: {'line': b'-- Up-to-date symlink: /root/ws_sensor_combined/install/px4_msgs/include/px4_msgs/px4_msgs/msg/rover_rate_status.hpp\n'}
[0.812398] (px4_msgs) StdoutLine: {'line': b'-- Up-to-date symlink: /root/ws_sensor_combined/install/px4_msgs/include/px4_msgs/px4_msgs/msg/rover_steering_setpoint.hpp\n'}
[0.812420] (px4_msgs) StdoutLine: {'line': b'-- Up-to-date symlink: /root/ws_sensor_combined/install/px4_msgs/include/px4_msgs/px4_msgs/msg/rover_throttle_setpoint.hpp\n'}
[0.812443] (px4_msgs) StdoutLine: {'line': b'-- Up-to-date symlink: /root/ws_sensor_combined/install/px4_msgs/include/px4_msgs/px4_msgs/msg/rover_velocity_setpoint.hpp\n'}
[0.812465] (px4_msgs) StdoutLine: {'line': b'-- Up-to-date symlink: /root/ws_sensor_combined/install/px4_msgs/include/px4_msgs/px4_msgs/msg/rover_velocity_status.hpp\n'}
[0.812487] (px4_msgs) StdoutLine: {'line': b'-- Up-to-date symlink: /root/ws_sensor_combined/install/px4_msgs/include/px4_msgs/px4_msgs/msg/rpm.hpp\n'}
[0.812508] (px4_msgs) StdoutLine: {'line': b'-- Up-to-date symlink: /root/ws_sensor_combined/install/px4_msgs/include/px4_msgs/px4_msgs/msg/rtl_status.hpp\n'}
[0.812530] (px4_msgs) StdoutLine: {'line': b'-- Up-to-date symlink: /root/ws_sensor_combined/install/px4_msgs/include/px4_msgs/px4_msgs/msg/rtl_time_estimate.hpp\n'}
[0.812551] (px4_msgs) StdoutLine: {'line': b'-- Up-to-date symlink: /root/ws_sensor_combined/install/px4_msgs/include/px4_msgs/px4_msgs/msg/satellite_info.hpp\n'}
[0.812572] (px4_msgs) StdoutLine: {'line': b'-- Up-to-date symlink: /root/ws_sensor_combined/install/px4_msgs/include/px4_msgs/px4_msgs/msg/sensor_accel.hpp\n'}
[0.812593] (px4_msgs) StdoutLine: {'line': b'-- Up-to-date symlink: /root/ws_sensor_combined/install/px4_msgs/include/px4_msgs/px4_msgs/msg/sensor_accel_fifo.hpp\n'}
[0.812614] (px4_msgs) StdoutLine: {'line': b'-- Up-to-date symlink: /root/ws_sensor_combined/install/px4_msgs/include/px4_msgs/px4_msgs/msg/sensor_airflow.hpp\n'}
[0.812634] (px4_msgs) StdoutLine: {'line': b'-- Up-to-date symlink: /root/ws_sensor_combined/install/px4_msgs/include/px4_msgs/px4_msgs/msg/sensor_baro.hpp\n'}
[0.812655] (px4_msgs) StdoutLine: {'line': b'-- Up-to-date symlink: /root/ws_sensor_combined/install/px4_msgs/include/px4_msgs/px4_msgs/msg/sensor_combined.hpp\n'}
[0.812679] (px4_msgs) StdoutLine: {'line': b'-- Up-to-date symlink: /root/ws_sensor_combined/install/px4_msgs/include/px4_msgs/px4_msgs/msg/sensor_correction.hpp\n'}
[0.812701] (px4_msgs) StdoutLine: {'line': b'-- Up-to-date symlink: /root/ws_sensor_combined/install/px4_msgs/include/px4_msgs/px4_msgs/msg/sensor_gnss_relative.hpp\n'}
[0.812721] (px4_msgs) StdoutLine: {'line': b'-- Up-to-date symlink: /root/ws_sensor_combined/install/px4_msgs/include/px4_msgs/px4_msgs/msg/sensor_gps.hpp\n'}
[0.812742] (px4_msgs) StdoutLine: {'line': b'-- Up-to-date symlink: /root/ws_sensor_combined/install/px4_msgs/include/px4_msgs/px4_msgs/msg/sensor_gyro.hpp\n'}
[0.812763] (px4_msgs) StdoutLine: {'line': b'-- Up-to-date symlink: /root/ws_sensor_combined/install/px4_msgs/include/px4_msgs/px4_msgs/msg/sensor_gyro_fft.hpp\n'}
[0.812785] (px4_msgs) StdoutLine: {'line': b'-- Up-to-date symlink: /root/ws_sensor_combined/install/px4_msgs/include/px4_msgs/px4_msgs/msg/sensor_gyro_fifo.hpp\n'}
[0.812807] (px4_msgs) StdoutLine: {'line': b'-- Up-to-date symlink: /root/ws_sensor_combined/install/px4_msgs/include/px4_msgs/px4_msgs/msg/sensor_hygrometer.hpp\n'}
[0.812828] (px4_msgs) StdoutLine: {'line': b'-- Up-to-date symlink: /root/ws_sensor_combined/install/px4_msgs/include/px4_msgs/px4_msgs/msg/sensor_mag.hpp\n'}
[0.812851] (px4_msgs) StdoutLine: {'line': b'-- Up-to-date symlink: /root/ws_sensor_combined/install/px4_msgs/include/px4_msgs/px4_msgs/msg/sensor_optical_flow.hpp\n'}
[0.812872] (px4_msgs) StdoutLine: {'line': b'-- Up-to-date symlink: /root/ws_sensor_combined/install/px4_msgs/include/px4_msgs/px4_msgs/msg/sensor_preflight_mag.hpp\n'}
[0.812893] (px4_msgs) StdoutLine: {'line': b'-- Up-to-date symlink: /root/ws_sensor_combined/install/px4_msgs/include/px4_msgs/px4_msgs/msg/sensor_selection.hpp\n'}
[0.812914] (px4_msgs) StdoutLine: {'line': b'-- Up-to-date symlink: /root/ws_sensor_combined/install/px4_msgs/include/px4_msgs/px4_msgs/msg/sensor_uwb.hpp\n'}
[0.812961] (px4_msgs) StdoutLine: {'line': b'-- Up-to-date symlink: /root/ws_sensor_combined/install/px4_msgs/include/px4_msgs/px4_msgs/msg/sensors_status.hpp\n'}
[0.812988] (px4_msgs) StdoutLine: {'line': b'-- Up-to-date symlink: /root/ws_sensor_combined/install/px4_msgs/include/px4_msgs/px4_msgs/msg/sensors_status_imu.hpp\n'}
[0.813011] (px4_msgs) StdoutLine: {'line': b'-- Up-to-date symlink: /root/ws_sensor_combined/install/px4_msgs/include/px4_msgs/px4_msgs/msg/system_power.hpp\n'}
[0.813035] (px4_msgs) StdoutLine: {'line': b'-- Up-to-date symlink: /root/ws_sensor_combined/install/px4_msgs/include/px4_msgs/px4_msgs/msg/takeoff_status.hpp\n'}
[0.813058] (px4_msgs) StdoutLine: {'line': b'-- Up-to-date symlink: /root/ws_sensor_combined/install/px4_msgs/include/px4_msgs/px4_msgs/msg/task_stack_info.hpp\n'}
[0.813081] (px4_msgs) StdoutLine: {'line': b'-- Up-to-date symlink: /root/ws_sensor_combined/install/px4_msgs/include/px4_msgs/px4_msgs/msg/tecs_status.hpp\n'}
[0.813104] (px4_msgs) StdoutLine: {'line': b'-- Up-to-date symlink: /root/ws_sensor_combined/install/px4_msgs/include/px4_msgs/px4_msgs/msg/telemetry_status.hpp\n'}
[0.813156] (px4_msgs) StdoutLine: {'line': b'-- Up-to-date symlink: /root/ws_sensor_combined/install/px4_msgs/include/px4_msgs/px4_msgs/msg/tiltrotor_extra_controls.hpp\n'}
[0.813184] (px4_msgs) StdoutLine: {'line': b'-- Up-to-date symlink: /root/ws_sensor_combined/install/px4_msgs/include/px4_msgs/px4_msgs/msg/timesync_status.hpp\n'}
[0.813252] (px4_msgs) StdoutLine: {'line': b'-- Up-to-date symlink: /root/ws_sensor_combined/install/px4_msgs/include/px4_msgs/px4_msgs/msg/trajectory_setpoint.hpp\n'}
[0.813320] (px4_msgs) StdoutLine: {'line': b'-- Up-to-date symlink: /root/ws_sensor_combined/install/px4_msgs/include/px4_msgs/px4_msgs/msg/trajectory_setpoint6dof.hpp\n'}
[0.813390] (px4_msgs) StdoutLine: {'line': b'-- Up-to-date symlink: /root/ws_sensor_combined/install/px4_msgs/include/px4_msgs/px4_msgs/msg/transponder_report.hpp\n'}
[0.813470] (px4_msgs) StdoutLine: {'line': b'-- Up-to-date symlink: /root/ws_sensor_combined/install/px4_msgs/include/px4_msgs/px4_msgs/msg/tune_control.hpp\n'}
[0.813565] (px4_msgs) StdoutLine: {'line': b'-- Up-to-date symlink: /root/ws_sensor_combined/install/px4_msgs/include/px4_msgs/px4_msgs/msg/uavcan_parameter_request.hpp\n'}
[0.813648] (px4_msgs) StdoutLine: {'line': b'-- Up-to-date symlink: /root/ws_sensor_combined/install/px4_msgs/include/px4_msgs/px4_msgs/msg/uavcan_parameter_value.hpp\n'}
[0.813727] (px4_msgs) StdoutLine: {'line': b'-- Up-to-date symlink: /root/ws_sensor_combined/install/px4_msgs/include/px4_msgs/px4_msgs/msg/ulog_stream.hpp\n'}
[0.813807] (px4_msgs) StdoutLine: {'line': b'-- Up-to-date symlink: /root/ws_sensor_combined/install/px4_msgs/include/px4_msgs/px4_msgs/msg/ulog_stream_ack.hpp\n'}
[0.813876] (px4_msgs) StdoutLine: {'line': b'-- Up-to-date symlink: /root/ws_sensor_combined/install/px4_msgs/include/px4_msgs/px4_msgs/msg/unregister_ext_component.hpp\n'}
[0.813957] (px4_msgs) StdoutLine: {'line': b'-- Up-to-date symlink: /root/ws_sensor_combined/install/px4_msgs/include/px4_msgs/px4_msgs/msg/vehicle_acceleration.hpp\n'}
[0.814041] (px4_msgs) StdoutLine: {'line': b'-- Up-to-date symlink: /root/ws_sensor_combined/install/px4_msgs/include/px4_msgs/px4_msgs/msg/vehicle_air_data.hpp\n'}
[0.814091] (px4_msgs) StdoutLine: {'line': b'-- Up-to-date symlink: /root/ws_sensor_combined/install/px4_msgs/include/px4_msgs/px4_msgs/msg/vehicle_angular_acceleration_setpoint.hpp\n'}
[0.814206] (px4_msgs) StdoutLine: {'line': b'-- Up-to-date symlink: /root/ws_sensor_combined/install/px4_msgs/include/px4_msgs/px4_msgs/msg/vehicle_angular_velocity.hpp\n'}
[0.814316] (px4_msgs) StdoutLine: {'line': b'-- Up-to-date symlink: /root/ws_sensor_combined/install/px4_msgs/include/px4_msgs/px4_msgs/msg/vehicle_attitude.hpp\n'}
[0.814397] (px4_msgs) StdoutLine: {'line': b'-- Up-to-date symlink: /root/ws_sensor_combined/install/px4_msgs/include/px4_msgs/px4_msgs/msg/vehicle_attitude_setpoint.hpp\n'}
[0.814477] (px4_msgs) StdoutLine: {'line': b'-- Up-to-date symlink: /root/ws_sensor_combined/install/px4_msgs/include/px4_msgs/px4_msgs/msg/vehicle_command.hpp\n'}
[0.814558] (px4_msgs) StdoutLine: {'line': b'-- Up-to-date symlink: /root/ws_sensor_combined/install/px4_msgs/include/px4_msgs/px4_msgs/msg/vehicle_command_ack.hpp\n'}
[0.814638] (px4_msgs) StdoutLine: {'line': b'-- Up-to-date symlink: /root/ws_sensor_combined/install/px4_msgs/include/px4_msgs/px4_msgs/msg/vehicle_constraints.hpp\n'}
[0.814718] (px4_msgs) StdoutLine: {'line': b'-- Up-to-date symlink: /root/ws_sensor_combined/install/px4_msgs/include/px4_msgs/px4_msgs/msg/vehicle_control_mode.hpp\n'}
[0.814797] (px4_msgs) StdoutLine: {'line': b'-- Up-to-date symlink: /root/ws_sensor_combined/install/px4_msgs/include/px4_msgs/px4_msgs/msg/vehicle_global_position.hpp\n'}
[0.814877] (px4_msgs) StdoutLine: {'line': b'-- Up-to-date symlink: /root/ws_sensor_combined/install/px4_msgs/include/px4_msgs/px4_msgs/msg/vehicle_imu.hpp\n'}
[0.814957] (px4_msgs) StdoutLine: {'line': b'-- Up-to-date symlink: /root/ws_sensor_combined/install/px4_msgs/include/px4_msgs/px4_msgs/msg/vehicle_imu_status.hpp\n'}
[0.815132] (px4_msgs) StdoutLine: {'line': b'-- Up-to-date symlink: /root/ws_sensor_combined/install/px4_msgs/include/px4_msgs/px4_msgs/msg/vehicle_land_detected.hpp\n'}
[0.815227] (px4_msgs) StdoutLine: {'line': b'-- Up-to-date symlink: /root/ws_sensor_combined/install/px4_msgs/include/px4_msgs/px4_msgs/msg/vehicle_local_position.hpp\n'}
[0.815308] (px4_msgs) StdoutLine: {'line': b'-- Up-to-date symlink: /root/ws_sensor_combined/install/px4_msgs/include/px4_msgs/px4_msgs/msg/vehicle_local_position_setpoint.hpp\n'}
[0.815388] (px4_msgs) StdoutLine: {'line': b'-- Up-to-date symlink: /root/ws_sensor_combined/install/px4_msgs/include/px4_msgs/px4_msgs/msg/vehicle_magnetometer.hpp\n'}
[0.815468] (px4_msgs) StdoutLine: {'line': b'-- Up-to-date symlink: /root/ws_sensor_combined/install/px4_msgs/include/px4_msgs/px4_msgs/msg/vehicle_odometry.hpp\n'}
[0.815548] (px4_msgs) StdoutLine: {'line': b'-- Up-to-date symlink: /root/ws_sensor_combined/install/px4_msgs/include/px4_msgs/px4_msgs/msg/vehicle_optical_flow.hpp\n'}
[0.815617] (px4_msgs) StdoutLine: {'line': b'-- Up-to-date symlink: /root/ws_sensor_combined/install/px4_msgs/include/px4_msgs/px4_msgs/msg/vehicle_optical_flow_vel.hpp\n'}
[0.815687] (px4_msgs) StdoutLine: {'line': b'-- Up-to-date symlink: /root/ws_sensor_combined/install/px4_msgs/include/px4_msgs/px4_msgs/msg/vehicle_rates_setpoint.hpp\n'}
[0.815768] (px4_msgs) StdoutLine: {'line': b'-- Up-to-date symlink: /root/ws_sensor_combined/install/px4_msgs/include/px4_msgs/px4_msgs/msg/vehicle_roi.hpp\n'}
[0.815848] (px4_msgs) StdoutLine: {'line': b'-- Up-to-date symlink: /root/ws_sensor_combined/install/px4_msgs/include/px4_msgs/px4_msgs/msg/vehicle_status.hpp\n'}
[0.815929] (px4_msgs) StdoutLine: {'line': b'-- Up-to-date symlink: /root/ws_sensor_combined/install/px4_msgs/include/px4_msgs/px4_msgs/msg/vehicle_thrust_setpoint.hpp\n'}
[0.815997] (px4_msgs) StdoutLine: {'line': b'-- Up-to-date symlink: /root/ws_sensor_combined/install/px4_msgs/include/px4_msgs/px4_msgs/msg/vehicle_torque_setpoint.hpp\n'}
[0.816069] (px4_msgs) StdoutLine: {'line': b'-- Up-to-date symlink: /root/ws_sensor_combined/install/px4_msgs/include/px4_msgs/px4_msgs/msg/velocity_limits.hpp\n'}
[0.816150] (px4_msgs) StdoutLine: {'line': b'-- Up-to-date symlink: /root/ws_sensor_combined/install/px4_msgs/include/px4_msgs/px4_msgs/msg/vtol_vehicle_status.hpp\n'}
[0.816229] (px4_msgs) StdoutLine: {'line': b'-- Up-to-date symlink: /root/ws_sensor_combined/install/px4_msgs/include/px4_msgs/px4_msgs/msg/wheel_encoders.hpp\n'}
[0.816309] (px4_msgs) StdoutLine: {'line': b'-- Up-to-date symlink: /root/ws_sensor_combined/install/px4_msgs/include/px4_msgs/px4_msgs/msg/wind.hpp\n'}
[0.816378] (px4_msgs) StdoutLine: {'line': b'-- Up-to-date symlink: /root/ws_sensor_combined/install/px4_msgs/include/px4_msgs/px4_msgs/msg/yaw_estimator_status.hpp\n'}
[0.816448] (px4_msgs) StdoutLine: {'line': b'-- Up-to-date symlink: /root/ws_sensor_combined/install/px4_msgs/include/px4_msgs/px4_msgs/srv/detail/vehicle_command__builder.hpp\n'}
[0.816517] (px4_msgs) StdoutLine: {'line': b'-- Up-to-date symlink: /root/ws_sensor_combined/install/px4_msgs/include/px4_msgs/px4_msgs/srv/detail/vehicle_command__struct.hpp\n'}
[0.816598] (px4_msgs) StdoutLine: {'line': b'-- Up-to-date symlink: /root/ws_sensor_combined/install/px4_msgs/include/px4_msgs/px4_msgs/srv/detail/vehicle_command__traits.hpp\n'}
[0.816678] (px4_msgs) StdoutLine: {'line': b'-- Up-to-date symlink: /root/ws_sensor_combined/install/px4_msgs/include/px4_msgs/px4_msgs/srv/detail/vehicle_command__type_support.hpp\n'}
[0.816759] (px4_msgs) StdoutLine: {'line': b'-- Up-to-date symlink: /root/ws_sensor_combined/install/px4_msgs/include/px4_msgs/px4_msgs/srv/vehicle_command.hpp\n'}
[0.816839] (px4_msgs) StdoutLine: {'line': b'-- Up-to-date symlink: /root/ws_sensor_combined/install/px4_msgs/include/px4_msgs/px4_msgs/msg/detail/action_request__rosidl_typesupport_fastrtps_cpp.hpp\n'}
[0.816919] (px4_msgs) StdoutLine: {'line': b'-- Up-to-date symlink: /root/ws_sensor_combined/install/px4_msgs/include/px4_msgs/px4_msgs/msg/detail/actuator_armed__rosidl_typesupport_fastrtps_cpp.hpp\n'}
[0.816999] (px4_msgs) StdoutLine: {'line': b'-- Up-to-date symlink: /root/ws_sensor_combined/install/px4_msgs/include/px4_msgs/px4_msgs/msg/detail/actuator_controls_status__rosidl_typesupport_fastrtps_cpp.hpp\n'}
[0.817078] (px4_msgs) StdoutLine: {'line': b'-- Up-to-date symlink: /root/ws_sensor_combined/install/px4_msgs/include/px4_msgs/px4_msgs/msg/detail/actuator_motors__rosidl_typesupport_fastrtps_cpp.hpp\n'}
[0.817158] (px4_msgs) StdoutLine: {'line': b'-- Up-to-date symlink: /root/ws_sensor_combined/install/px4_msgs/include/px4_msgs/px4_msgs/msg/detail/actuator_outputs__rosidl_typesupport_fastrtps_cpp.hpp\n'}
[0.817277] (px4_msgs) StdoutLine: {'line': b'-- Up-to-date symlink: /root/ws_sensor_combined/install/px4_msgs/include/px4_msgs/px4_msgs/msg/detail/actuator_servos__rosidl_typesupport_fastrtps_cpp.hpp\n'}
[0.817410] (px4_msgs) StdoutLine: {'line': b'-- Up-to-date symlink: /root/ws_sensor_combined/install/px4_msgs/include/px4_msgs/px4_msgs/msg/detail/actuator_servos_trim__rosidl_typesupport_fastrtps_cpp.hpp\n'}
[0.817458] (px4_msgs) StdoutLine: {'line': b'-- Up-to-date symlink: /root/ws_sensor_combined/install/px4_msgs/include/px4_msgs/px4_msgs/msg/detail/actuator_test__rosidl_typesupport_fastrtps_cpp.hpp\n'}
[0.817548] (px4_msgs) StdoutLine: {'line': b'-- Up-to-date symlink: /root/ws_sensor_combined/install/px4_msgs/include/px4_msgs/px4_msgs/msg/detail/adc_report__rosidl_typesupport_fastrtps_cpp.hpp\n'}
[0.817689] (px4_msgs) StdoutLine: {'line': b'-- Up-to-date symlink: /root/ws_sensor_combined/install/px4_msgs/include/px4_msgs/px4_msgs/msg/detail/airspeed__rosidl_typesupport_fastrtps_cpp.hpp\n'}
[0.817766] (px4_msgs) StdoutLine: {'line': b'-- Up-to-date symlink: /root/ws_sensor_combined/install/px4_msgs/include/px4_msgs/px4_msgs/msg/detail/airspeed_validated__rosidl_typesupport_fastrtps_cpp.hpp\n'}
[0.817931] (px4_msgs) StdoutLine: {'line': b'-- Up-to-date symlink: /root/ws_sensor_combined/install/px4_msgs/include/px4_msgs/px4_msgs/msg/detail/airspeed_wind__rosidl_typesupport_fastrtps_cpp.hpp\n'}
[0.817965] (px4_msgs) StdoutLine: {'line': b'-- Up-to-date symlink: /root/ws_sensor_combined/install/px4_msgs/include/px4_msgs/px4_msgs/msg/detail/arming_check_reply__rosidl_typesupport_fastrtps_cpp.hpp\n'}
[0.818023] (px4_msgs) StdoutLine: {'line': b'-- Up-to-date symlink: /root/ws_sensor_combined/install/px4_msgs/include/px4_msgs/px4_msgs/msg/detail/arming_check_request__rosidl_typesupport_fastrtps_cpp.hpp\n'}
[0.818056] (px4_msgs) StdoutLine: {'line': b'-- Up-to-date symlink: /root/ws_sensor_combined/install/px4_msgs/include/px4_msgs/px4_msgs/msg/detail/autotune_attitude_control_status__rosidl_typesupport_fastrtps_cpp.hpp\n'}
[0.818189] (px4_msgs) StdoutLine: {'line': b'-- Up-to-date symlink: /root/ws_sensor_combined/install/px4_msgs/include/px4_msgs/px4_msgs/msg/detail/battery_info__rosidl_typesupport_fastrtps_cpp.hpp\n'}
[0.818324] (px4_msgs) StdoutLine: {'line': b'-- Up-to-date symlink: /root/ws_sensor_combined/install/px4_msgs/include/px4_msgs/px4_msgs/msg/detail/battery_status__rosidl_typesupport_fastrtps_cpp.hpp\n'}
[0.818357] (px4_msgs) StdoutLine: {'line': b'-- Up-to-date symlink: /root/ws_sensor_combined/install/px4_msgs/include/px4_msgs/px4_msgs/msg/detail/button_event__rosidl_typesupport_fastrtps_cpp.hpp\n'}
[0.818440] (px4_msgs) StdoutLine: {'line': b'-- Up-to-date symlink: /root/ws_sensor_combined/install/px4_msgs/include/px4_msgs/px4_msgs/msg/detail/camera_capture__rosidl_typesupport_fastrtps_cpp.hpp\n'}
[0.818520] (px4_msgs) StdoutLine: {'line': b'-- Up-to-date symlink: /root/ws_sensor_combined/install/px4_msgs/include/px4_msgs/px4_msgs/msg/detail/camera_status__rosidl_typesupport_fastrtps_cpp.hpp\n'}
[0.818601] (px4_msgs) StdoutLine: {'line': b'-- Up-to-date symlink: /root/ws_sensor_combined/install/px4_msgs/include/px4_msgs/px4_msgs/msg/detail/camera_trigger__rosidl_typesupport_fastrtps_cpp.hpp\n'}
[0.818682] (px4_msgs) StdoutLine: {'line': b'-- Up-to-date symlink: /root/ws_sensor_combined/install/px4_msgs/include/px4_msgs/px4_msgs/msg/detail/can_interface_status__rosidl_typesupport_fastrtps_cpp.hpp\n'}
[0.818763] (px4_msgs) StdoutLine: {'line': b'-- Up-to-date symlink: /root/ws_sensor_combined/install/px4_msgs/include/px4_msgs/px4_msgs/msg/detail/cellular_status__rosidl_typesupport_fastrtps_cpp.hpp\n'}
[0.818844] (px4_msgs) StdoutLine: {'line': b'-- Up-to-date symlink: /root/ws_sensor_combined/install/px4_msgs/include/px4_msgs/px4_msgs/msg/detail/collision_constraints__rosidl_typesupport_fastrtps_cpp.hpp\n'}
[0.818976] (px4_msgs) StdoutLine: {'line': b'-- Up-to-date symlink: /root/ws_sensor_combined/install/px4_msgs/include/px4_msgs/px4_msgs/msg/detail/config_overrides__rosidl_typesupport_fastrtps_cpp.hpp\n'}
[0.819011] (px4_msgs) StdoutLine: {'line': b'-- Up-to-date symlink: /root/ws_sensor_combined/install/px4_msgs/include/px4_msgs/px4_msgs/msg/detail/control_allocator_status__rosidl_typesupport_fastrtps_cpp.hpp\n'}
[0.819077] (px4_msgs) StdoutLine: {'line': b'-- Up-to-date symlink: /root/ws_sensor_combined/install/px4_msgs/include/px4_msgs/px4_msgs/msg/detail/cpuload__rosidl_typesupport_fastrtps_cpp.hpp\n'}
[0.819157] (px4_msgs) StdoutLine: {'line': b'-- Up-to-date symlink: /root/ws_sensor_combined/install/px4_msgs/include/px4_msgs/px4_msgs/msg/detail/dataman_request__rosidl_typesupport_fastrtps_cpp.hpp\n'}
[0.819227] (px4_msgs) StdoutLine: {'line': b'-- Up-to-date symlink: /root/ws_sensor_combined/install/px4_msgs/include/px4_msgs/px4_msgs/msg/detail/dataman_response__rosidl_typesupport_fastrtps_cpp.hpp\n'}
[0.819308] (px4_msgs) StdoutLine: {'line': b'-- Up-to-date symlink: /root/ws_sensor_combined/install/px4_msgs/include/px4_msgs/px4_msgs/msg/detail/debug_array__rosidl_typesupport_fastrtps_cpp.hpp\n'}
[0.819367] (px4_msgs) StdoutLine: {'line': b'-- Up-to-date symlink: /root/ws_sensor_combined/install/px4_msgs/include/px4_msgs/px4_msgs/msg/detail/debug_key_value__rosidl_typesupport_fastrtps_cpp.hpp\n'}
[0.819403] (px4_msgs) StdoutLine: {'line': b'-- Up-to-date symlink: /root/ws_sensor_combined/install/px4_msgs/include/px4_msgs/px4_msgs/msg/detail/debug_value__rosidl_typesupport_fastrtps_cpp.hpp\n'}
[0.819492] (px4_msgs) StdoutLine: {'line': b'-- Up-to-date symlink: /root/ws_sensor_combined/install/px4_msgs/include/px4_msgs/px4_msgs/msg/detail/debug_vect__rosidl_typesupport_fastrtps_cpp.hpp\n'}
[0.819538] (px4_msgs) StdoutLine: {'line': b'-- Up-to-date symlink: /root/ws_sensor_combined/install/px4_msgs/include/px4_msgs/px4_msgs/msg/detail/differential_pressure__rosidl_typesupport_fastrtps_cpp.hpp\n'}
[0.819563] (px4_msgs) StdoutLine: {'line': b'-- Up-to-date symlink: /root/ws_sensor_combined/install/px4_msgs/include/px4_msgs/px4_msgs/msg/detail/distance_sensor__rosidl_typesupport_fastrtps_cpp.hpp\n'}
[0.819710] (px4_msgs) StdoutLine: {'line': b'-- Up-to-date symlink: /root/ws_sensor_combined/install/px4_msgs/include/px4_msgs/px4_msgs/msg/detail/distance_sensor_mode_change_request__rosidl_typesupport_fastrtps_cpp.hpp\n'}
[0.819783] (px4_msgs) StdoutLine: {'line': b'-- Up-to-date symlink: /root/ws_sensor_combined/install/px4_msgs/include/px4_msgs/px4_msgs/msg/detail/dronecan_node_status__rosidl_typesupport_fastrtps_cpp.hpp\n'}
[0.819852] (px4_msgs) StdoutLine: {'line': b'-- Up-to-date symlink: /root/ws_sensor_combined/install/px4_msgs/include/px4_msgs/px4_msgs/msg/detail/ekf2_timestamps__rosidl_typesupport_fastrtps_cpp.hpp\n'}
[0.819933] (px4_msgs) StdoutLine: {'line': b'-- Up-to-date symlink: /root/ws_sensor_combined/install/px4_msgs/include/px4_msgs/px4_msgs/msg/detail/esc_report__rosidl_typesupport_fastrtps_cpp.hpp\n'}
[0.820012] (px4_msgs) StdoutLine: {'line': b'-- Up-to-date symlink: /root/ws_sensor_combined/install/px4_msgs/include/px4_msgs/px4_msgs/msg/detail/esc_status__rosidl_typesupport_fastrtps_cpp.hpp\n'}
[0.820091] (px4_msgs) StdoutLine: {'line': b'-- Up-to-date symlink: /root/ws_sensor_combined/install/px4_msgs/include/px4_msgs/px4_msgs/msg/detail/estimator_aid_source1d__rosidl_typesupport_fastrtps_cpp.hpp\n'}
[0.820171] (px4_msgs) StdoutLine: {'line': b'-- Up-to-date symlink: /root/ws_sensor_combined/install/px4_msgs/include/px4_msgs/px4_msgs/msg/detail/estimator_aid_source2d__rosidl_typesupport_fastrtps_cpp.hpp\n'}
[0.820251] (px4_msgs) StdoutLine: {'line': b'-- Up-to-date symlink: /root/ws_sensor_combined/install/px4_msgs/include/px4_msgs/px4_msgs/msg/detail/estimator_aid_source3d__rosidl_typesupport_fastrtps_cpp.hpp\n'}
[0.820330] (px4_msgs) StdoutLine: {'line': b'-- Up-to-date symlink: /root/ws_sensor_combined/install/px4_msgs/include/px4_msgs/px4_msgs/msg/detail/estimator_bias3d__rosidl_typesupport_fastrtps_cpp.hpp\n'}
[0.820410] (px4_msgs) StdoutLine: {'line': b'-- Up-to-date symlink: /root/ws_sensor_combined/install/px4_msgs/include/px4_msgs/px4_msgs/msg/detail/estimator_bias__rosidl_typesupport_fastrtps_cpp.hpp\n'}
[0.820489] (px4_msgs) StdoutLine: {'line': b'-- Up-to-date symlink: /root/ws_sensor_combined/install/px4_msgs/include/px4_msgs/px4_msgs/msg/detail/estimator_event_flags__rosidl_typesupport_fastrtps_cpp.hpp\n'}
[0.820572] (px4_msgs) StdoutLine: {'line': b'-- Up-to-date symlink: /root/ws_sensor_combined/install/px4_msgs/include/px4_msgs/px4_msgs/msg/detail/estimator_gps_status__rosidl_typesupport_fastrtps_cpp.hpp\n'}
[0.820651] (px4_msgs) StdoutLine: {'line': b'-- Up-to-date symlink: /root/ws_sensor_combined/install/px4_msgs/include/px4_msgs/px4_msgs/msg/detail/estimator_innovations__rosidl_typesupport_fastrtps_cpp.hpp\n'}
[0.820731] (px4_msgs) StdoutLine: {'line': b'-- Up-to-date symlink: /root/ws_sensor_combined/install/px4_msgs/include/px4_msgs/px4_msgs/msg/detail/estimator_selector_status__rosidl_typesupport_fastrtps_cpp.hpp\n'}
[0.820814] (px4_msgs) StdoutLine: {'line': b'-- Up-to-date symlink: /root/ws_sensor_combined/install/px4_msgs/include/px4_msgs/px4_msgs/msg/detail/estimator_sensor_bias__rosidl_typesupport_fastrtps_cpp.hpp\n'}
[0.820895] (px4_msgs) StdoutLine: {'line': b'-- Up-to-date symlink: /root/ws_sensor_combined/install/px4_msgs/include/px4_msgs/px4_msgs/msg/detail/estimator_states__rosidl_typesupport_fastrtps_cpp.hpp\n'}
[0.820975] (px4_msgs) StdoutLine: {'line': b'-- Up-to-date symlink: /root/ws_sensor_combined/install/px4_msgs/include/px4_msgs/px4_msgs/msg/detail/estimator_status__rosidl_typesupport_fastrtps_cpp.hpp\n'}
[0.821057] (px4_msgs) StdoutLine: {'line': b'-- Up-to-date symlink: /root/ws_sensor_combined/install/px4_msgs/include/px4_msgs/px4_msgs/msg/detail/estimator_status_flags__rosidl_typesupport_fastrtps_cpp.hpp\n'}
[0.821135] (px4_msgs) StdoutLine: {'line': b'-- Up-to-date symlink: /root/ws_sensor_combined/install/px4_msgs/include/px4_msgs/px4_msgs/msg/detail/event__rosidl_typesupport_fastrtps_cpp.hpp\n'}
[0.821215] (px4_msgs) StdoutLine: {'line': b'-- Up-to-date symlink: /root/ws_sensor_combined/install/px4_msgs/include/px4_msgs/px4_msgs/msg/detail/failsafe_flags__rosidl_typesupport_fastrtps_cpp.hpp\n'}
[0.821295] (px4_msgs) StdoutLine: {'line': b'-- Up-to-date symlink: /root/ws_sensor_combined/install/px4_msgs/include/px4_msgs/px4_msgs/msg/detail/failure_detector_status__rosidl_typesupport_fastrtps_cpp.hpp\n'}
[0.821375] (px4_msgs) StdoutLine: {'line': b'-- Up-to-date symlink: /root/ws_sensor_combined/install/px4_msgs/include/px4_msgs/px4_msgs/msg/detail/figure_eight_status__rosidl_typesupport_fastrtps_cpp.hpp\n'}
[0.821455] (px4_msgs) StdoutLine: {'line': b'-- Up-to-date symlink: /root/ws_sensor_combined/install/px4_msgs/include/px4_msgs/px4_msgs/msg/detail/fixed_wing_lateral_guidance_status__rosidl_typesupport_fastrtps_cpp.hpp\n'}
[0.821576] (px4_msgs) StdoutLine: {'line': b'-- Up-to-date symlink: /root/ws_sensor_combined/install/px4_msgs/include/px4_msgs/px4_msgs/msg/detail/fixed_wing_lateral_setpoint__rosidl_typesupport_fastrtps_cpp.hpp\n'}
[0.821660] (px4_msgs) StdoutLine: {'line': b'-- Up-to-date symlink: /root/ws_sensor_combined/install/px4_msgs/include/px4_msgs/px4_msgs/msg/detail/fixed_wing_lateral_status__rosidl_typesupport_fastrtps_cpp.hpp\n'}
[0.821741] (px4_msgs) StdoutLine: {'line': b'-- Up-to-date symlink: /root/ws_sensor_combined/install/px4_msgs/include/px4_msgs/px4_msgs/msg/detail/fixed_wing_longitudinal_setpoint__rosidl_typesupport_fastrtps_cpp.hpp\n'}
[0.821826] (px4_msgs) StdoutLine: {'line': b'-- Up-to-date symlink: /root/ws_sensor_combined/install/px4_msgs/include/px4_msgs/px4_msgs/msg/detail/fixed_wing_runway_control__rosidl_typesupport_fastrtps_cpp.hpp\n'}
[0.821907] (px4_msgs) StdoutLine: {'line': b'-- Up-to-date symlink: /root/ws_sensor_combined/install/px4_msgs/include/px4_msgs/px4_msgs/msg/detail/flight_phase_estimation__rosidl_typesupport_fastrtps_cpp.hpp\n'}
[0.821987] (px4_msgs) StdoutLine: {'line': b'-- Up-to-date symlink: /root/ws_sensor_combined/install/px4_msgs/include/px4_msgs/px4_msgs/msg/detail/follow_target__rosidl_typesupport_fastrtps_cpp.hpp\n'}
[0.822068] (px4_msgs) StdoutLine: {'line': b'-- Up-to-date symlink: /root/ws_sensor_combined/install/px4_msgs/include/px4_msgs/px4_msgs/msg/detail/follow_target_estimator__rosidl_typesupport_fastrtps_cpp.hpp\n'}
[0.822149] (px4_msgs) StdoutLine: {'line': b'-- Up-to-date symlink: /root/ws_sensor_combined/install/px4_msgs/include/px4_msgs/px4_msgs/msg/detail/follow_target_status__rosidl_typesupport_fastrtps_cpp.hpp\n'}
[0.822229] (px4_msgs) StdoutLine: {'line': b'-- Up-to-date symlink: /root/ws_sensor_combined/install/px4_msgs/include/px4_msgs/px4_msgs/msg/detail/fuel_tank_status__rosidl_typesupport_fastrtps_cpp.hpp\n'}
[0.822322] (px4_msgs) StdoutLine: {'line': b'-- Up-to-date symlink: /root/ws_sensor_combined/install/px4_msgs/include/px4_msgs/px4_msgs/msg/detail/generator_status__rosidl_typesupport_fastrtps_cpp.hpp\n'}
[0.822403] (px4_msgs) StdoutLine: {'line': b'-- Up-to-date symlink: /root/ws_sensor_combined/install/px4_msgs/include/px4_msgs/px4_msgs/msg/detail/geofence_result__rosidl_typesupport_fastrtps_cpp.hpp\n'}
[0.822484] (px4_msgs) StdoutLine: {'line': b'-- Up-to-date symlink: /root/ws_sensor_combined/install/px4_msgs/include/px4_msgs/px4_msgs/msg/detail/geofence_status__rosidl_typesupport_fastrtps_cpp.hpp\n'}
[0.822564] (px4_msgs) StdoutLine: {'line': b'-- Up-to-date symlink: /root/ws_sensor_combined/install/px4_msgs/include/px4_msgs/px4_msgs/msg/detail/gimbal_controls__rosidl_typesupport_fastrtps_cpp.hpp\n'}
[0.822646] (px4_msgs) StdoutLine: {'line': b'-- Up-to-date symlink: /root/ws_sensor_combined/install/px4_msgs/include/px4_msgs/px4_msgs/msg/detail/gimbal_device_attitude_status__rosidl_typesupport_fastrtps_cpp.hpp\n'}
[0.822726] (px4_msgs) StdoutLine: {'line': b'-- Up-to-date symlink: /root/ws_sensor_combined/install/px4_msgs/include/px4_msgs/px4_msgs/msg/detail/gimbal_device_information__rosidl_typesupport_fastrtps_cpp.hpp\n'}
[0.822808] (px4_msgs) StdoutLine: {'line': b'-- Up-to-date symlink: /root/ws_sensor_combined/install/px4_msgs/include/px4_msgs/px4_msgs/msg/detail/gimbal_device_set_attitude__rosidl_typesupport_fastrtps_cpp.hpp\n'}
[0.822888] (px4_msgs) StdoutLine: {'line': b'-- Up-to-date symlink: /root/ws_sensor_combined/install/px4_msgs/include/px4_msgs/px4_msgs/msg/detail/gimbal_manager_information__rosidl_typesupport_fastrtps_cpp.hpp\n'}
[0.822969] (px4_msgs) StdoutLine: {'line': b'-- Up-to-date symlink: /root/ws_sensor_combined/install/px4_msgs/include/px4_msgs/px4_msgs/msg/detail/gimbal_manager_set_attitude__rosidl_typesupport_fastrtps_cpp.hpp\n'}
[0.823050] (px4_msgs) StdoutLine: {'line': b'-- Up-to-date symlink: /root/ws_sensor_combined/install/px4_msgs/include/px4_msgs/px4_msgs/msg/detail/gimbal_manager_set_manual_control__rosidl_typesupport_fastrtps_cpp.hpp\n'}
[0.823130] (px4_msgs) StdoutLine: {'line': b'-- Up-to-date symlink: /root/ws_sensor_combined/install/px4_msgs/include/px4_msgs/px4_msgs/msg/detail/gimbal_manager_status__rosidl_typesupport_fastrtps_cpp.hpp\n'}
[0.823210] (px4_msgs) StdoutLine: {'line': b'-- Up-to-date symlink: /root/ws_sensor_combined/install/px4_msgs/include/px4_msgs/px4_msgs/msg/detail/goto_setpoint__rosidl_typesupport_fastrtps_cpp.hpp\n'}
[0.823291] (px4_msgs) StdoutLine: {'line': b'-- Up-to-date symlink: /root/ws_sensor_combined/install/px4_msgs/include/px4_msgs/px4_msgs/msg/detail/gpio_config__rosidl_typesupport_fastrtps_cpp.hpp\n'}
[0.823522] (px4_msgs) StdoutLine: {'line': b'-- Up-to-date symlink: /root/ws_sensor_combined/install/px4_msgs/include/px4_msgs/px4_msgs/msg/detail/gpio_in__rosidl_typesupport_fastrtps_cpp.hpp\n'}
[0.823565] (px4_msgs) StdoutLine: {'line': b'-- Up-to-date symlink: /root/ws_sensor_combined/install/px4_msgs/include/px4_msgs/px4_msgs/msg/detail/gpio_out__rosidl_typesupport_fastrtps_cpp.hpp\n'}
[0.823667] (px4_msgs) StdoutLine: {'line': b'-- Up-to-date symlink: /root/ws_sensor_combined/install/px4_msgs/include/px4_msgs/px4_msgs/msg/detail/gpio_request__rosidl_typesupport_fastrtps_cpp.hpp\n'}
[0.823941] (px4_msgs) StdoutLine: {'line': b'-- Up-to-date symlink: /root/ws_sensor_combined/install/px4_msgs/include/px4_msgs/px4_msgs/msg/detail/gps_dump__rosidl_typesupport_fastrtps_cpp.hpp\n'}
[0.824057] (px4_msgs) StdoutLine: {'line': b'-- Up-to-date symlink: /root/ws_sensor_combined/install/px4_msgs/include/px4_msgs/px4_msgs/msg/detail/gps_inject_data__rosidl_typesupport_fastrtps_cpp.hpp\n'}
[0.824195] (px4_msgs) StdoutLine: {'line': b'-- Up-to-date symlink: /root/ws_sensor_combined/install/px4_msgs/include/px4_msgs/px4_msgs/msg/detail/gripper__rosidl_typesupport_fastrtps_cpp.hpp\n'}
[0.824259] (px4_msgs) StdoutLine: {'line': b'-- Up-to-date symlink: /root/ws_sensor_combined/install/px4_msgs/include/px4_msgs/px4_msgs/msg/detail/health_report__rosidl_typesupport_fastrtps_cpp.hpp\n'}
[0.824436] (px4_msgs) StdoutLine: {'line': b'-- Up-to-date symlink: /root/ws_sensor_combined/install/px4_msgs/include/px4_msgs/px4_msgs/msg/detail/heater_status__rosidl_typesupport_fastrtps_cpp.hpp\n'}
[0.824524] (px4_msgs) StdoutLine: {'line': b'-- Up-to-date symlink: /root/ws_sensor_combined/install/px4_msgs/include/px4_msgs/px4_msgs/msg/detail/home_position__rosidl_typesupport_fastrtps_cpp.hpp\n'}
[0.824585] (px4_msgs) StdoutLine: {'line': b'-- Up-to-date symlink: /root/ws_sensor_combined/install/px4_msgs/include/px4_msgs/px4_msgs/msg/detail/hover_thrust_estimate__rosidl_typesupport_fastrtps_cpp.hpp\n'}
[0.824615] (px4_msgs) StdoutLine: {'line': b'-- Up-to-date symlink: /root/ws_sensor_combined/install/px4_msgs/include/px4_msgs/px4_msgs/msg/detail/input_rc__rosidl_typesupport_fastrtps_cpp.hpp\n'}
[0.824643] (px4_msgs) StdoutLine: {'line': b'-- Up-to-date symlink: /root/ws_sensor_combined/install/px4_msgs/include/px4_msgs/px4_msgs/msg/detail/internal_combustion_engine_control__rosidl_typesupport_fastrtps_cpp.hpp\n'}
[0.824668] (px4_msgs) StdoutLine: {'line': b'-- Up-to-date symlink: /root/ws_sensor_combined/install/px4_msgs/include/px4_msgs/px4_msgs/msg/detail/internal_combustion_engine_status__rosidl_typesupport_fastrtps_cpp.hpp\n'}
[0.824693] (px4_msgs) StdoutLine: {'line': b'-- Up-to-date symlink: /root/ws_sensor_combined/install/px4_msgs/include/px4_msgs/px4_msgs/msg/detail/iridiumsbd_status__rosidl_typesupport_fastrtps_cpp.hpp\n'}
[0.824773] (px4_msgs) StdoutLine: {'line': b'-- Up-to-date symlink: /root/ws_sensor_combined/install/px4_msgs/include/px4_msgs/px4_msgs/msg/detail/irlock_report__rosidl_typesupport_fastrtps_cpp.hpp\n'}
[0.824853] (px4_msgs) StdoutLine: {'line': b'-- Up-to-date symlink: /root/ws_sensor_combined/install/px4_msgs/include/px4_msgs/px4_msgs/msg/detail/landing_gear__rosidl_typesupport_fastrtps_cpp.hpp\n'}
[0.824932] (px4_msgs) StdoutLine: {'line': b'-- Up-to-date symlink: /root/ws_sensor_combined/install/px4_msgs/include/px4_msgs/px4_msgs/msg/detail/landing_gear_wheel__rosidl_typesupport_fastrtps_cpp.hpp\n'}
[0.825014] (px4_msgs) StdoutLine: {'line': b'-- Up-to-date symlink: /root/ws_sensor_combined/install/px4_msgs/include/px4_msgs/px4_msgs/msg/detail/landing_target_innovations__rosidl_typesupport_fastrtps_cpp.hpp\n'}
[0.825093] (px4_msgs) StdoutLine: {'line': b'-- Up-to-date symlink: /root/ws_sensor_combined/install/px4_msgs/include/px4_msgs/px4_msgs/msg/detail/landing_target_pose__rosidl_typesupport_fastrtps_cpp.hpp\n'}
[0.825172] (px4_msgs) StdoutLine: {'line': b'-- Up-to-date symlink: /root/ws_sensor_combined/install/px4_msgs/include/px4_msgs/px4_msgs/msg/detail/lateral_control_configuration__rosidl_typesupport_fastrtps_cpp.hpp\n'}
[0.825251] (px4_msgs) StdoutLine: {'line': b'-- Up-to-date symlink: /root/ws_sensor_combined/install/px4_msgs/include/px4_msgs/px4_msgs/msg/detail/launch_detection_status__rosidl_typesupport_fastrtps_cpp.hpp\n'}
[0.825330] (px4_msgs) StdoutLine: {'line': b'-- Up-to-date symlink: /root/ws_sensor_combined/install/px4_msgs/include/px4_msgs/px4_msgs/msg/detail/led_control__rosidl_typesupport_fastrtps_cpp.hpp\n'}
[0.825410] (px4_msgs) StdoutLine: {'line': b'-- Up-to-date symlink: /root/ws_sensor_combined/install/px4_msgs/include/px4_msgs/px4_msgs/msg/detail/log_message__rosidl_typesupport_fastrtps_cpp.hpp\n'}
[0.825489] (px4_msgs) StdoutLine: {'line': b'-- Up-to-date symlink: /root/ws_sensor_combined/install/px4_msgs/include/px4_msgs/px4_msgs/msg/detail/logger_status__rosidl_typesupport_fastrtps_cpp.hpp\n'}
[0.825606] (px4_msgs) StdoutLine: {'line': b'-- Up-to-date symlink: /root/ws_sensor_combined/install/px4_msgs/include/px4_msgs/px4_msgs/msg/detail/longitudinal_control_configuration__rosidl_typesupport_fastrtps_cpp.hpp\n'}
[0.825662] (px4_msgs) StdoutLine: {'line': b'-- Up-to-date symlink: /root/ws_sensor_combined/install/px4_msgs/include/px4_msgs/px4_msgs/msg/detail/mag_worker_data__rosidl_typesupport_fastrtps_cpp.hpp\n'}
[0.825706] (px4_msgs) StdoutLine: {'line': b'-- Up-to-date symlink: /root/ws_sensor_combined/install/px4_msgs/include/px4_msgs/px4_msgs/msg/detail/magnetometer_bias_estimate__rosidl_typesupport_fastrtps_cpp.hpp\n'}
[0.825787] (px4_msgs) StdoutLine: {'line': b'-- Up-to-date symlink: /root/ws_sensor_combined/install/px4_msgs/include/px4_msgs/px4_msgs/msg/detail/manual_control_setpoint__rosidl_typesupport_fastrtps_cpp.hpp\n'}
[0.825866] (px4_msgs) StdoutLine: {'line': b'-- Up-to-date symlink: /root/ws_sensor_combined/install/px4_msgs/include/px4_msgs/px4_msgs/msg/detail/manual_control_switches__rosidl_typesupport_fastrtps_cpp.hpp\n'}
[0.825945] (px4_msgs) StdoutLine: {'line': b'-- Up-to-date symlink: /root/ws_sensor_combined/install/px4_msgs/include/px4_msgs/px4_msgs/msg/detail/mavlink_log__rosidl_typesupport_fastrtps_cpp.hpp\n'}
[0.826024] (px4_msgs) StdoutLine: {'line': b'-- Up-to-date symlink: /root/ws_sensor_combined/install/px4_msgs/include/px4_msgs/px4_msgs/msg/detail/mavlink_tunnel__rosidl_typesupport_fastrtps_cpp.hpp\n'}
[0.826106] (px4_msgs) StdoutLine: {'line': b'-- Up-to-date symlink: /root/ws_sensor_combined/install/px4_msgs/include/px4_msgs/px4_msgs/msg/detail/message_format_request__rosidl_typesupport_fastrtps_cpp.hpp\n'}
[0.826185] (px4_msgs) StdoutLine: {'line': b'-- Up-to-date symlink: /root/ws_sensor_combined/install/px4_msgs/include/px4_msgs/px4_msgs/msg/detail/message_format_response__rosidl_typesupport_fastrtps_cpp.hpp\n'}
[0.826266] (px4_msgs) StdoutLine: {'line': b'-- Up-to-date symlink: /root/ws_sensor_combined/install/px4_msgs/include/px4_msgs/px4_msgs/msg/detail/mission__rosidl_typesupport_fastrtps_cpp.hpp\n'}
[0.826345] (px4_msgs) StdoutLine: {'line': b'-- Up-to-date symlink: /root/ws_sensor_combined/install/px4_msgs/include/px4_msgs/px4_msgs/msg/detail/mission_result__rosidl_typesupport_fastrtps_cpp.hpp\n'}
[0.826424] (px4_msgs) StdoutLine: {'line': b'-- Up-to-date symlink: /root/ws_sensor_combined/install/px4_msgs/include/px4_msgs/px4_msgs/msg/detail/mode_completed__rosidl_typesupport_fastrtps_cpp.hpp\n'}
[0.826503] (px4_msgs) StdoutLine: {'line': b'-- Up-to-date symlink: /root/ws_sensor_combined/install/px4_msgs/include/px4_msgs/px4_msgs/msg/detail/mount_orientation__rosidl_typesupport_fastrtps_cpp.hpp\n'}
[0.826582] (px4_msgs) StdoutLine: {'line': b'-- Up-to-date symlink: /root/ws_sensor_combined/install/px4_msgs/include/px4_msgs/px4_msgs/msg/detail/navigator_mission_item__rosidl_typesupport_fastrtps_cpp.hpp\n'}
[0.826662] (px4_msgs) StdoutLine: {'line': b'-- Up-to-date symlink: /root/ws_sensor_combined/install/px4_msgs/include/px4_msgs/px4_msgs/msg/detail/navigator_status__rosidl_typesupport_fastrtps_cpp.hpp\n'}
[0.826740] (px4_msgs) StdoutLine: {'line': b'-- Up-to-date symlink: /root/ws_sensor_combined/install/px4_msgs/include/px4_msgs/px4_msgs/msg/detail/neural_control__rosidl_typesupport_fastrtps_cpp.hpp\n'}
[0.826820] (px4_msgs) StdoutLine: {'line': b'-- Up-to-date symlink: /root/ws_sensor_combined/install/px4_msgs/include/px4_msgs/px4_msgs/msg/detail/normalized_unsigned_setpoint__rosidl_typesupport_fastrtps_cpp.hpp\n'}
[0.826899] (px4_msgs) StdoutLine: {'line': b'-- Up-to-date symlink: /root/ws_sensor_combined/install/px4_msgs/include/px4_msgs/px4_msgs/msg/detail/obstacle_distance__rosidl_typesupport_fastrtps_cpp.hpp\n'}
[0.826979] (px4_msgs) StdoutLine: {'line': b'-- Up-to-date symlink: /root/ws_sensor_combined/install/px4_msgs/include/px4_msgs/px4_msgs/msg/detail/offboard_control_mode__rosidl_typesupport_fastrtps_cpp.hpp\n'}
[0.827058] (px4_msgs) StdoutLine: {'line': b'-- Up-to-date symlink: /root/ws_sensor_combined/install/px4_msgs/include/px4_msgs/px4_msgs/msg/detail/onboard_computer_status__rosidl_typesupport_fastrtps_cpp.hpp\n'}
[0.827138] (px4_msgs) StdoutLine: {'line': b'-- Up-to-date symlink: /root/ws_sensor_combined/install/px4_msgs/include/px4_msgs/px4_msgs/msg/detail/open_drone_id_arm_status__rosidl_typesupport_fastrtps_cpp.hpp\n'}
[0.827206] (px4_msgs) StdoutLine: {'line': b'-- Up-to-date symlink: /root/ws_sensor_combined/install/px4_msgs/include/px4_msgs/px4_msgs/msg/detail/open_drone_id_operator_id__rosidl_typesupport_fastrtps_cpp.hpp\n'}
[0.827276] (px4_msgs) StdoutLine: {'line': b'-- Up-to-date symlink: /root/ws_sensor_combined/install/px4_msgs/include/px4_msgs/px4_msgs/msg/detail/open_drone_id_self_id__rosidl_typesupport_fastrtps_cpp.hpp\n'}
[0.827356] (px4_msgs) StdoutLine: {'line': b'-- Up-to-date symlink: /root/ws_sensor_combined/install/px4_msgs/include/px4_msgs/px4_msgs/msg/detail/open_drone_id_system__rosidl_typesupport_fastrtps_cpp.hpp\n'}
[0.827436] (px4_msgs) StdoutLine: {'line': b'-- Up-to-date symlink: /root/ws_sensor_combined/install/px4_msgs/include/px4_msgs/px4_msgs/msg/detail/orb_test__rosidl_typesupport_fastrtps_cpp.hpp\n'}
[0.827514] (px4_msgs) StdoutLine: {'line': b'-- Up-to-date symlink: /root/ws_sensor_combined/install/px4_msgs/include/px4_msgs/px4_msgs/msg/detail/orb_test_large__rosidl_typesupport_fastrtps_cpp.hpp\n'}
[0.827596] (px4_msgs) StdoutLine: {'line': b'-- Up-to-date symlink: /root/ws_sensor_combined/install/px4_msgs/include/px4_msgs/px4_msgs/msg/detail/orb_test_medium__rosidl_typesupport_fastrtps_cpp.hpp\n'}
[0.827676] (px4_msgs) StdoutLine: {'line': b'-- Up-to-date symlink: /root/ws_sensor_combined/install/px4_msgs/include/px4_msgs/px4_msgs/msg/detail/orbit_status__rosidl_typesupport_fastrtps_cpp.hpp\n'}
[0.827755] (px4_msgs) StdoutLine: {'line': b'-- Up-to-date symlink: /root/ws_sensor_combined/install/px4_msgs/include/px4_msgs/px4_msgs/msg/detail/parameter_reset_request__rosidl_typesupport_fastrtps_cpp.hpp\n'}
[0.827833] (px4_msgs) StdoutLine: {'line': b'-- Up-to-date symlink: /root/ws_sensor_combined/install/px4_msgs/include/px4_msgs/px4_msgs/msg/detail/parameter_set_used_request__rosidl_typesupport_fastrtps_cpp.hpp\n'}
[0.827913] (px4_msgs) StdoutLine: {'line': b'-- Up-to-date symlink: /root/ws_sensor_combined/install/px4_msgs/include/px4_msgs/px4_msgs/msg/detail/parameter_set_value_request__rosidl_typesupport_fastrtps_cpp.hpp\n'}
[0.827981] (px4_msgs) StdoutLine: {'line': b'-- Up-to-date symlink: /root/ws_sensor_combined/install/px4_msgs/include/px4_msgs/px4_msgs/msg/detail/parameter_set_value_response__rosidl_typesupport_fastrtps_cpp.hpp\n'}
[0.828061] (px4_msgs) StdoutLine: {'line': b'-- Up-to-date symlink: /root/ws_sensor_combined/install/px4_msgs/include/px4_msgs/px4_msgs/msg/detail/parameter_update__rosidl_typesupport_fastrtps_cpp.hpp\n'}
[0.828140] (px4_msgs) StdoutLine: {'line': b'-- Up-to-date symlink: /root/ws_sensor_combined/install/px4_msgs/include/px4_msgs/px4_msgs/msg/detail/ping__rosidl_typesupport_fastrtps_cpp.hpp\n'}
[0.828222] (px4_msgs) StdoutLine: {'line': b'-- Up-to-date symlink: /root/ws_sensor_combined/install/px4_msgs/include/px4_msgs/px4_msgs/msg/detail/position_controller_landing_status__rosidl_typesupport_fastrtps_cpp.hpp\n'}
[0.828300] (px4_msgs) StdoutLine: {'line': b'-- Up-to-date symlink: /root/ws_sensor_combined/install/px4_msgs/include/px4_msgs/px4_msgs/msg/detail/position_controller_status__rosidl_typesupport_fastrtps_cpp.hpp\n'}
[0.828368] (px4_msgs) StdoutLine: {'line': b'-- Up-to-date symlink: /root/ws_sensor_combined/install/px4_msgs/include/px4_msgs/px4_msgs/msg/detail/position_setpoint__rosidl_typesupport_fastrtps_cpp.hpp\n'}
[0.828438] (px4_msgs) StdoutLine: {'line': b'-- Up-to-date symlink: /root/ws_sensor_combined/install/px4_msgs/include/px4_msgs/px4_msgs/msg/detail/position_setpoint_triplet__rosidl_typesupport_fastrtps_cpp.hpp\n'}
[0.828507] (px4_msgs) StdoutLine: {'line': b'-- Up-to-date symlink: /root/ws_sensor_combined/install/px4_msgs/include/px4_msgs/px4_msgs/msg/detail/power_button_state__rosidl_typesupport_fastrtps_cpp.hpp\n'}
[0.828587] (px4_msgs) StdoutLine: {'line': b'-- Up-to-date symlink: /root/ws_sensor_combined/install/px4_msgs/include/px4_msgs/px4_msgs/msg/detail/power_monitor__rosidl_typesupport_fastrtps_cpp.hpp\n'}
[0.828666] (px4_msgs) StdoutLine: {'line': b'-- Up-to-date symlink: /root/ws_sensor_combined/install/px4_msgs/include/px4_msgs/px4_msgs/msg/detail/pps_capture__rosidl_typesupport_fastrtps_cpp.hpp\n'}
[0.828745] (px4_msgs) StdoutLine: {'line': b'-- Up-to-date symlink: /root/ws_sensor_combined/install/px4_msgs/include/px4_msgs/px4_msgs/msg/detail/pure_pursuit_status__rosidl_typesupport_fastrtps_cpp.hpp\n'}
[0.828825] (px4_msgs) StdoutLine: {'line': b'-- Up-to-date symlink: /root/ws_sensor_combined/install/px4_msgs/include/px4_msgs/px4_msgs/msg/detail/pwm_input__rosidl_typesupport_fastrtps_cpp.hpp\n'}
[0.828904] (px4_msgs) StdoutLine: {'line': b'-- Up-to-date symlink: /root/ws_sensor_combined/install/px4_msgs/include/px4_msgs/px4_msgs/msg/detail/px4io_status__rosidl_typesupport_fastrtps_cpp.hpp\n'}
[0.828983] (px4_msgs) StdoutLine: {'line': b'-- Up-to-date symlink: /root/ws_sensor_combined/install/px4_msgs/include/px4_msgs/px4_msgs/msg/detail/qshell_req__rosidl_typesupport_fastrtps_cpp.hpp\n'}
[0.829062] (px4_msgs) StdoutLine: {'line': b'-- Up-to-date symlink: /root/ws_sensor_combined/install/px4_msgs/include/px4_msgs/px4_msgs/msg/detail/qshell_retval__rosidl_typesupport_fastrtps_cpp.hpp\n'}
[0.829143] (px4_msgs) StdoutLine: {'line': b'-- Up-to-date symlink: /root/ws_sensor_combined/install/px4_msgs/include/px4_msgs/px4_msgs/msg/detail/radio_status__rosidl_typesupport_fastrtps_cpp.hpp\n'}
[0.829221] (px4_msgs) StdoutLine: {'line': b'-- Up-to-date symlink: /root/ws_sensor_combined/install/px4_msgs/include/px4_msgs/px4_msgs/msg/detail/rate_ctrl_status__rosidl_typesupport_fastrtps_cpp.hpp\n'}
[0.829301] (px4_msgs) StdoutLine: {'line': b'-- Up-to-date symlink: /root/ws_sensor_combined/install/px4_msgs/include/px4_msgs/px4_msgs/msg/detail/rc_channels__rosidl_typesupport_fastrtps_cpp.hpp\n'}
[0.829365] (px4_msgs) StdoutLine: {'line': b'-- Up-to-date symlink: /root/ws_sensor_combined/install/px4_msgs/include/px4_msgs/px4_msgs/msg/detail/rc_parameter_map__rosidl_typesupport_fastrtps_cpp.hpp\n'}
[0.829398] (px4_msgs) StdoutLine: {'line': b'-- Up-to-date symlink: /root/ws_sensor_combined/install/px4_msgs/include/px4_msgs/px4_msgs/msg/detail/register_ext_component_reply__rosidl_typesupport_fastrtps_cpp.hpp\n'}
[0.829425] (px4_msgs) StdoutLine: {'line': b'-- Up-to-date symlink: /root/ws_sensor_combined/install/px4_msgs/include/px4_msgs/px4_msgs/msg/detail/register_ext_component_request__rosidl_typesupport_fastrtps_cpp.hpp\n'}
[0.829453] (px4_msgs) StdoutLine: {'line': b'-- Up-to-date symlink: /root/ws_sensor_combined/install/px4_msgs/include/px4_msgs/px4_msgs/msg/detail/rover_attitude_setpoint__rosidl_typesupport_fastrtps_cpp.hpp\n'}
[0.829515] (px4_msgs) StdoutLine: {'line': b'-- Up-to-date symlink: /root/ws_sensor_combined/install/px4_msgs/include/px4_msgs/px4_msgs/msg/detail/rover_attitude_status__rosidl_typesupport_fastrtps_cpp.hpp\n'}
[0.829556] (px4_msgs) StdoutLine: {'line': b'-- Up-to-date symlink: /root/ws_sensor_combined/install/px4_msgs/include/px4_msgs/px4_msgs/msg/detail/rover_position_setpoint__rosidl_typesupport_fastrtps_cpp.hpp\n'}
[0.829582] (px4_msgs) StdoutLine: {'line': b'-- Up-to-date symlink: /root/ws_sensor_combined/install/px4_msgs/include/px4_msgs/px4_msgs/msg/detail/rover_rate_setpoint__rosidl_typesupport_fastrtps_cpp.hpp\n'}
[0.829608] (px4_msgs) StdoutLine: {'line': b'-- Up-to-date symlink: /root/ws_sensor_combined/install/px4_msgs/include/px4_msgs/px4_msgs/msg/detail/rover_rate_status__rosidl_typesupport_fastrtps_cpp.hpp\n'}
[0.829666] (px4_msgs) StdoutLine: {'line': b'-- Up-to-date symlink: /root/ws_sensor_combined/install/px4_msgs/include/px4_msgs/px4_msgs/msg/detail/rover_steering_setpoint__rosidl_typesupport_fastrtps_cpp.hpp\n'}
[0.829896] (px4_msgs) StdoutLine: {'line': b'-- Up-to-date symlink: /root/ws_sensor_combined/install/px4_msgs/include/px4_msgs/px4_msgs/msg/detail/rover_throttle_setpoint__rosidl_typesupport_fastrtps_cpp.hpp\n'}
[0.830005] (px4_msgs) StdoutLine: {'line': b'-- Up-to-date symlink: /root/ws_sensor_combined/install/px4_msgs/include/px4_msgs/px4_msgs/msg/detail/rover_velocity_setpoint__rosidl_typesupport_fastrtps_cpp.hpp\n'}
[0.830166] (px4_msgs) StdoutLine: {'line': b'-- Up-to-date symlink: /root/ws_sensor_combined/install/px4_msgs/include/px4_msgs/px4_msgs/msg/detail/rover_velocity_status__rosidl_typesupport_fastrtps_cpp.hpp\n'}
[0.830197] (px4_msgs) StdoutLine: {'line': b'-- Up-to-date symlink: /root/ws_sensor_combined/install/px4_msgs/include/px4_msgs/px4_msgs/msg/detail/rpm__rosidl_typesupport_fastrtps_cpp.hpp\n'}
[0.830223] (px4_msgs) StdoutLine: {'line': b'-- Up-to-date symlink: /root/ws_sensor_combined/install/px4_msgs/include/px4_msgs/px4_msgs/msg/detail/rtl_status__rosidl_typesupport_fastrtps_cpp.hpp\n'}
[0.830248] (px4_msgs) StdoutLine: {'line': b'-- Up-to-date symlink: /root/ws_sensor_combined/install/px4_msgs/include/px4_msgs/px4_msgs/msg/detail/rtl_time_estimate__rosidl_typesupport_fastrtps_cpp.hpp\n'}
[0.830272] (px4_msgs) StdoutLine: {'line': b'-- Up-to-date symlink: /root/ws_sensor_combined/install/px4_msgs/include/px4_msgs/px4_msgs/msg/detail/satellite_info__rosidl_typesupport_fastrtps_cpp.hpp\n'}
[0.830295] (px4_msgs) StdoutLine: {'line': b'-- Up-to-date symlink: /root/ws_sensor_combined/install/px4_msgs/include/px4_msgs/px4_msgs/msg/detail/sensor_accel__rosidl_typesupport_fastrtps_cpp.hpp\n'}
[0.830318] (px4_msgs) StdoutLine: {'line': b'-- Up-to-date symlink: /root/ws_sensor_combined/install/px4_msgs/include/px4_msgs/px4_msgs/msg/detail/sensor_accel_fifo__rosidl_typesupport_fastrtps_cpp.hpp\n'}
[0.830343] (px4_msgs) StdoutLine: {'line': b'-- Up-to-date symlink: /root/ws_sensor_combined/install/px4_msgs/include/px4_msgs/px4_msgs/msg/detail/sensor_airflow__rosidl_typesupport_fastrtps_cpp.hpp\n'}
[0.830365] (px4_msgs) StdoutLine: {'line': b'-- Up-to-date symlink: /root/ws_sensor_combined/install/px4_msgs/include/px4_msgs/px4_msgs/msg/detail/sensor_baro__rosidl_typesupport_fastrtps_cpp.hpp\n'}
[0.830388] (px4_msgs) StdoutLine: {'line': b'-- Up-to-date symlink: /root/ws_sensor_combined/install/px4_msgs/include/px4_msgs/px4_msgs/msg/detail/sensor_combined__rosidl_typesupport_fastrtps_cpp.hpp\n'}
[0.830410] (px4_msgs) StdoutLine: {'line': b'-- Up-to-date symlink: /root/ws_sensor_combined/install/px4_msgs/include/px4_msgs/px4_msgs/msg/detail/sensor_correction__rosidl_typesupport_fastrtps_cpp.hpp\n'}
[0.830432] (px4_msgs) StdoutLine: {'line': b'-- Up-to-date symlink: /root/ws_sensor_combined/install/px4_msgs/include/px4_msgs/px4_msgs/msg/detail/sensor_gnss_relative__rosidl_typesupport_fastrtps_cpp.hpp\n'}
[0.830455] (px4_msgs) StdoutLine: {'line': b'-- Up-to-date symlink: /root/ws_sensor_combined/install/px4_msgs/include/px4_msgs/px4_msgs/msg/detail/sensor_gps__rosidl_typesupport_fastrtps_cpp.hpp\n'}
[0.830478] (px4_msgs) StdoutLine: {'line': b'-- Up-to-date symlink: /root/ws_sensor_combined/install/px4_msgs/include/px4_msgs/px4_msgs/msg/detail/sensor_gyro__rosidl_typesupport_fastrtps_cpp.hpp\n'}
[0.830502] (px4_msgs) StdoutLine: {'line': b'-- Up-to-date symlink: /root/ws_sensor_combined/install/px4_msgs/include/px4_msgs/px4_msgs/msg/detail/sensor_gyro_fft__rosidl_typesupport_fastrtps_cpp.hpp\n'}
[0.830527] (px4_msgs) StdoutLine: {'line': b'-- Up-to-date symlink: /root/ws_sensor_combined/install/px4_msgs/include/px4_msgs/px4_msgs/msg/detail/sensor_gyro_fifo__rosidl_typesupport_fastrtps_cpp.hpp\n'}
[0.830551] (px4_msgs) StdoutLine: {'line': b'-- Up-to-date symlink: /root/ws_sensor_combined/install/px4_msgs/include/px4_msgs/px4_msgs/msg/detail/sensor_hygrometer__rosidl_typesupport_fastrtps_cpp.hpp\n'}
[0.830575] (px4_msgs) StdoutLine: {'line': b'-- Up-to-date symlink: /root/ws_sensor_combined/install/px4_msgs/include/px4_msgs/px4_msgs/msg/detail/sensor_mag__rosidl_typesupport_fastrtps_cpp.hpp\n'}
[0.830599] (px4_msgs) StdoutLine: {'line': b'-- Up-to-date symlink: /root/ws_sensor_combined/install/px4_msgs/include/px4_msgs/px4_msgs/msg/detail/sensor_optical_flow__rosidl_typesupport_fastrtps_cpp.hpp\n'}
[0.830621] (px4_msgs) StdoutLine: {'line': b'-- Up-to-date symlink: /root/ws_sensor_combined/install/px4_msgs/include/px4_msgs/px4_msgs/msg/detail/sensor_preflight_mag__rosidl_typesupport_fastrtps_cpp.hpp\n'}
[0.830644] (px4_msgs) StdoutLine: {'line': b'-- Up-to-date symlink: /root/ws_sensor_combined/install/px4_msgs/include/px4_msgs/px4_msgs/msg/detail/sensor_selection__rosidl_typesupport_fastrtps_cpp.hpp\n'}
[0.830667] (px4_msgs) StdoutLine: {'line': b'-- Up-to-date symlink: /root/ws_sensor_combined/install/px4_msgs/include/px4_msgs/px4_msgs/msg/detail/sensor_uwb__rosidl_typesupport_fastrtps_cpp.hpp\n'}
[0.830689] (px4_msgs) StdoutLine: {'line': b'-- Up-to-date symlink: /root/ws_sensor_combined/install/px4_msgs/include/px4_msgs/px4_msgs/msg/detail/sensors_status__rosidl_typesupport_fastrtps_cpp.hpp\n'}
[0.830710] (px4_msgs) StdoutLine: {'line': b'-- Up-to-date symlink: /root/ws_sensor_combined/install/px4_msgs/include/px4_msgs/px4_msgs/msg/detail/sensors_status_imu__rosidl_typesupport_fastrtps_cpp.hpp\n'}
[0.830732] (px4_msgs) StdoutLine: {'line': b'-- Up-to-date symlink: /root/ws_sensor_combined/install/px4_msgs/include/px4_msgs/px4_msgs/msg/detail/system_power__rosidl_typesupport_fastrtps_cpp.hpp\n'}
[0.830753] (px4_msgs) StdoutLine: {'line': b'-- Up-to-date symlink: /root/ws_sensor_combined/install/px4_msgs/include/px4_msgs/px4_msgs/msg/detail/takeoff_status__rosidl_typesupport_fastrtps_cpp.hpp\n'}
[0.830776] (px4_msgs) StdoutLine: {'line': b'-- Up-to-date symlink: /root/ws_sensor_combined/install/px4_msgs/include/px4_msgs/px4_msgs/msg/detail/task_stack_info__rosidl_typesupport_fastrtps_cpp.hpp\n'}
[0.830801] (px4_msgs) StdoutLine: {'line': b'-- Up-to-date symlink: /root/ws_sensor_combined/install/px4_msgs/include/px4_msgs/px4_msgs/msg/detail/tecs_status__rosidl_typesupport_fastrtps_cpp.hpp\n'}
[0.830822] (px4_msgs) StdoutLine: {'line': b'-- Up-to-date symlink: /root/ws_sensor_combined/install/px4_msgs/include/px4_msgs/px4_msgs/msg/detail/telemetry_status__rosidl_typesupport_fastrtps_cpp.hpp\n'}
[0.830844] (px4_msgs) StdoutLine: {'line': b'-- Up-to-date symlink: /root/ws_sensor_combined/install/px4_msgs/include/px4_msgs/px4_msgs/msg/detail/tiltrotor_extra_controls__rosidl_typesupport_fastrtps_cpp.hpp\n'}
[0.830867] (px4_msgs) StdoutLine: {'line': b'-- Up-to-date symlink: /root/ws_sensor_combined/install/px4_msgs/include/px4_msgs/px4_msgs/msg/detail/timesync_status__rosidl_typesupport_fastrtps_cpp.hpp\n'}
[0.830889] (px4_msgs) StdoutLine: {'line': b'-- Up-to-date symlink: /root/ws_sensor_combined/install/px4_msgs/include/px4_msgs/px4_msgs/msg/detail/trajectory_setpoint6dof__rosidl_typesupport_fastrtps_cpp.hpp\n'}
[0.830912] (px4_msgs) StdoutLine: {'line': b'-- Up-to-date symlink: /root/ws_sensor_combined/install/px4_msgs/include/px4_msgs/px4_msgs/msg/detail/trajectory_setpoint__rosidl_typesupport_fastrtps_cpp.hpp\n'}
[0.830934] (px4_msgs) StdoutLine: {'line': b'-- Up-to-date symlink: /root/ws_sensor_combined/install/px4_msgs/include/px4_msgs/px4_msgs/msg/detail/transponder_report__rosidl_typesupport_fastrtps_cpp.hpp\n'}
[0.830956] (px4_msgs) StdoutLine: {'line': b'-- Up-to-date symlink: /root/ws_sensor_combined/install/px4_msgs/include/px4_msgs/px4_msgs/msg/detail/tune_control__rosidl_typesupport_fastrtps_cpp.hpp\n'}
[0.830977] (px4_msgs) StdoutLine: {'line': b'-- Up-to-date symlink: /root/ws_sensor_combined/install/px4_msgs/include/px4_msgs/px4_msgs/msg/detail/uavcan_parameter_request__rosidl_typesupport_fastrtps_cpp.hpp\n'}
[0.830999] (px4_msgs) StdoutLine: {'line': b'-- Up-to-date symlink: /root/ws_sensor_combined/install/px4_msgs/include/px4_msgs/px4_msgs/msg/detail/uavcan_parameter_value__rosidl_typesupport_fastrtps_cpp.hpp\n'}
[0.831021] (px4_msgs) StdoutLine: {'line': b'-- Up-to-date symlink: /root/ws_sensor_combined/install/px4_msgs/include/px4_msgs/px4_msgs/msg/detail/ulog_stream__rosidl_typesupport_fastrtps_cpp.hpp\n'}
[0.831042] (px4_msgs) StdoutLine: {'line': b'-- Up-to-date symlink: /root/ws_sensor_combined/install/px4_msgs/include/px4_msgs/px4_msgs/msg/detail/ulog_stream_ack__rosidl_typesupport_fastrtps_cpp.hpp\n'}
[0.831071] (px4_msgs) StdoutLine: {'line': b'-- Up-to-date symlink: /root/ws_sensor_combined/install/px4_msgs/include/px4_msgs/px4_msgs/msg/detail/unregister_ext_component__rosidl_typesupport_fastrtps_cpp.hpp\n'}
[0.831114] (px4_msgs) StdoutLine: {'line': b'-- Up-to-date symlink: /root/ws_sensor_combined/install/px4_msgs/include/px4_msgs/px4_msgs/msg/detail/vehicle_acceleration__rosidl_typesupport_fastrtps_cpp.hpp\n'}
[0.831140] (px4_msgs) StdoutLine: {'line': b'-- Up-to-date symlink: /root/ws_sensor_combined/install/px4_msgs/include/px4_msgs/px4_msgs/msg/detail/vehicle_air_data__rosidl_typesupport_fastrtps_cpp.hpp\n'}
[0.831165] (px4_msgs) StdoutLine: {'line': b'-- Up-to-date symlink: /root/ws_sensor_combined/install/px4_msgs/include/px4_msgs/px4_msgs/msg/detail/vehicle_angular_acceleration_setpoint__rosidl_typesupport_fastrtps_cpp.hpp\n'}
[0.831188] (px4_msgs) StdoutLine: {'line': b'-- Up-to-date symlink: /root/ws_sensor_combined/install/px4_msgs/include/px4_msgs/px4_msgs/msg/detail/vehicle_angular_velocity__rosidl_typesupport_fastrtps_cpp.hpp\n'}
[0.831211] (px4_msgs) StdoutLine: {'line': b'-- Up-to-date symlink: /root/ws_sensor_combined/install/px4_msgs/include/px4_msgs/px4_msgs/msg/detail/vehicle_attitude__rosidl_typesupport_fastrtps_cpp.hpp\n'}
[0.831233] (px4_msgs) StdoutLine: {'line': b'-- Up-to-date symlink: /root/ws_sensor_combined/install/px4_msgs/include/px4_msgs/px4_msgs/msg/detail/vehicle_attitude_setpoint__rosidl_typesupport_fastrtps_cpp.hpp\n'}
[0.831259] (px4_msgs) StdoutLine: {'line': b'-- Up-to-date symlink: /root/ws_sensor_combined/install/px4_msgs/include/px4_msgs/px4_msgs/msg/detail/vehicle_command__rosidl_typesupport_fastrtps_cpp.hpp\n'}
[0.831364] (px4_msgs) StdoutLine: {'line': b'-- Up-to-date symlink: /root/ws_sensor_combined/install/px4_msgs/include/px4_msgs/px4_msgs/msg/detail/vehicle_command_ack__rosidl_typesupport_fastrtps_cpp.hpp\n'}
[0.831454] (px4_msgs) StdoutLine: {'line': b'-- Up-to-date symlink: /root/ws_sensor_combined/install/px4_msgs/include/px4_msgs/px4_msgs/msg/detail/vehicle_constraints__rosidl_typesupport_fastrtps_cpp.hpp\n'}
[0.831534] (px4_msgs) StdoutLine: {'line': b'-- Up-to-date symlink: /root/ws_sensor_combined/install/px4_msgs/include/px4_msgs/px4_msgs/msg/detail/vehicle_control_mode__rosidl_typesupport_fastrtps_cpp.hpp\n'}
[0.831594] (px4_msgs) StdoutLine: {'line': b'-- Up-to-date symlink: /root/ws_sensor_combined/install/px4_msgs/include/px4_msgs/px4_msgs/msg/detail/vehicle_global_position__rosidl_typesupport_fastrtps_cpp.hpp\n'}
[0.831626] (px4_msgs) StdoutLine: {'line': b'-- Up-to-date symlink: /root/ws_sensor_combined/install/px4_msgs/include/px4_msgs/px4_msgs/msg/detail/vehicle_imu__rosidl_typesupport_fastrtps_cpp.hpp\n'}
[0.831699] (px4_msgs) StdoutLine: {'line': b'-- Up-to-date symlink: /root/ws_sensor_combined/install/px4_msgs/include/px4_msgs/px4_msgs/msg/detail/vehicle_imu_status__rosidl_typesupport_fastrtps_cpp.hpp\n'}
[0.831784] (px4_msgs) StdoutLine: {'line': b'-- Up-to-date symlink: /root/ws_sensor_combined/install/px4_msgs/include/px4_msgs/px4_msgs/msg/detail/vehicle_land_detected__rosidl_typesupport_fastrtps_cpp.hpp\n'}
[0.831852] (px4_msgs) StdoutLine: {'line': b'-- Up-to-date symlink: /root/ws_sensor_combined/install/px4_msgs/include/px4_msgs/px4_msgs/msg/detail/vehicle_local_position__rosidl_typesupport_fastrtps_cpp.hpp\n'}
[0.831933] (px4_msgs) StdoutLine: {'line': b'-- Up-to-date symlink: /root/ws_sensor_combined/install/px4_msgs/include/px4_msgs/px4_msgs/msg/detail/vehicle_local_position_setpoint__rosidl_typesupport_fastrtps_cpp.hpp\n'}
[0.832015] (px4_msgs) StdoutLine: {'line': b'-- Up-to-date symlink: /root/ws_sensor_combined/install/px4_msgs/include/px4_msgs/px4_msgs/msg/detail/vehicle_magnetometer__rosidl_typesupport_fastrtps_cpp.hpp\n'}
[0.832094] (px4_msgs) StdoutLine: {'line': b'-- Up-to-date symlink: /root/ws_sensor_combined/install/px4_msgs/include/px4_msgs/px4_msgs/msg/detail/vehicle_odometry__rosidl_typesupport_fastrtps_cpp.hpp\n'}
[0.832164] (px4_msgs) StdoutLine: {'line': b'-- Up-to-date symlink: /root/ws_sensor_combined/install/px4_msgs/include/px4_msgs/px4_msgs/msg/detail/vehicle_optical_flow__rosidl_typesupport_fastrtps_cpp.hpp\n'}
[0.832243] (px4_msgs) StdoutLine: {'line': b'-- Up-to-date symlink: /root/ws_sensor_combined/install/px4_msgs/include/px4_msgs/px4_msgs/msg/detail/vehicle_optical_flow_vel__rosidl_typesupport_fastrtps_cpp.hpp\n'}
[0.832323] (px4_msgs) StdoutLine: {'line': b'-- Up-to-date symlink: /root/ws_sensor_combined/install/px4_msgs/include/px4_msgs/px4_msgs/msg/detail/vehicle_rates_setpoint__rosidl_typesupport_fastrtps_cpp.hpp\n'}
[0.832402] (px4_msgs) StdoutLine: {'line': b'-- Up-to-date symlink: /root/ws_sensor_combined/install/px4_msgs/include/px4_msgs/px4_msgs/msg/detail/vehicle_roi__rosidl_typesupport_fastrtps_cpp.hpp\n'}
[0.832472] (px4_msgs) StdoutLine: {'line': b'-- Up-to-date symlink: /root/ws_sensor_combined/install/px4_msgs/include/px4_msgs/px4_msgs/msg/detail/vehicle_status__rosidl_typesupport_fastrtps_cpp.hpp\n'}
[0.832541] (px4_msgs) StdoutLine: {'line': b'-- Up-to-date symlink: /root/ws_sensor_combined/install/px4_msgs/include/px4_msgs/px4_msgs/msg/detail/vehicle_thrust_setpoint__rosidl_typesupport_fastrtps_cpp.hpp\n'}
[0.832610] (px4_msgs) StdoutLine: {'line': b'-- Up-to-date symlink: /root/ws_sensor_combined/install/px4_msgs/include/px4_msgs/px4_msgs/msg/detail/vehicle_torque_setpoint__rosidl_typesupport_fastrtps_cpp.hpp\n'}
[0.832691] (px4_msgs) StdoutLine: {'line': b'-- Up-to-date symlink: /root/ws_sensor_combined/install/px4_msgs/include/px4_msgs/px4_msgs/msg/detail/velocity_limits__rosidl_typesupport_fastrtps_cpp.hpp\n'}
[0.832770] (px4_msgs) StdoutLine: {'line': b'-- Up-to-date symlink: /root/ws_sensor_combined/install/px4_msgs/include/px4_msgs/px4_msgs/msg/detail/vtol_vehicle_status__rosidl_typesupport_fastrtps_cpp.hpp\n'}
[0.832850] (px4_msgs) StdoutLine: {'line': b'-- Up-to-date symlink: /root/ws_sensor_combined/install/px4_msgs/include/px4_msgs/px4_msgs/msg/detail/wheel_encoders__rosidl_typesupport_fastrtps_cpp.hpp\n'}
[0.832930] (px4_msgs) StdoutLine: {'line': b'-- Up-to-date symlink: /root/ws_sensor_combined/install/px4_msgs/include/px4_msgs/px4_msgs/msg/detail/wind__rosidl_typesupport_fastrtps_cpp.hpp\n'}
[0.833009] (px4_msgs) StdoutLine: {'line': b'-- Up-to-date symlink: /root/ws_sensor_combined/install/px4_msgs/include/px4_msgs/px4_msgs/msg/detail/yaw_estimator_status__rosidl_typesupport_fastrtps_cpp.hpp\n'}
[0.833088] (px4_msgs) StdoutLine: {'line': b'-- Up-to-date symlink: /root/ws_sensor_combined/install/px4_msgs/include/px4_msgs/px4_msgs/msg/rosidl_typesupport_fastrtps_cpp__visibility_control.h\n'}
[0.833167] (px4_msgs) StdoutLine: {'line': b'-- Up-to-date symlink: /root/ws_sensor_combined/install/px4_msgs/include/px4_msgs/px4_msgs/srv/detail/vehicle_command__rosidl_typesupport_fastrtps_cpp.hpp\n'}
[0.833247] (px4_msgs) StdoutLine: {'line': b'-- Up-to-date symlink: /root/ws_sensor_combined/install/px4_msgs/include/px4_msgs/px4_msgs/msg/detail/action_request__rosidl_typesupport_introspection_c.h\n'}
[0.833377] (px4_msgs) StdoutLine: {'line': b'-- Up-to-date symlink: /root/ws_sensor_combined/install/px4_msgs/include/px4_msgs/px4_msgs/msg/detail/actuator_armed__rosidl_typesupport_introspection_c.h\n'}
[0.833603] (px4_msgs) StdoutLine: {'line': b'-- Up-to-date symlink: /root/ws_sensor_combined/install/px4_msgs/include/px4_msgs/px4_msgs/msg/detail/actuator_controls_status__rosidl_typesupport_introspection_c.h\n'}
[0.833707] (px4_msgs) StdoutLine: {'line': b'-- Up-to-date symlink: /root/ws_sensor_combined/install/px4_msgs/include/px4_msgs/px4_msgs/msg/detail/actuator_motors__rosidl_typesupport_introspection_c.h\n'}
[0.833791] (px4_msgs) StdoutLine: {'line': b'-- Up-to-date symlink: /root/ws_sensor_combined/install/px4_msgs/include/px4_msgs/px4_msgs/msg/detail/actuator_outputs__rosidl_typesupport_introspection_c.h\n'}
[0.833870] (px4_msgs) StdoutLine: {'line': b'-- Up-to-date symlink: /root/ws_sensor_combined/install/px4_msgs/include/px4_msgs/px4_msgs/msg/detail/actuator_servos__rosidl_typesupport_introspection_c.h\n'}
[0.833958] (px4_msgs) StdoutLine: {'line': b'-- Up-to-date symlink: /root/ws_sensor_combined/install/px4_msgs/include/px4_msgs/px4_msgs/msg/detail/actuator_servos_trim__rosidl_typesupport_introspection_c.h\n'}
[0.834039] (px4_msgs) StdoutLine: {'line': b'-- Up-to-date symlink: /root/ws_sensor_combined/install/px4_msgs/include/px4_msgs/px4_msgs/msg/detail/actuator_test__rosidl_typesupport_introspection_c.h\n'}
[0.834107] (px4_msgs) StdoutLine: {'line': b'-- Up-to-date symlink: /root/ws_sensor_combined/install/px4_msgs/include/px4_msgs/px4_msgs/msg/detail/adc_report__rosidl_typesupport_introspection_c.h\n'}
[0.834190] (px4_msgs) StdoutLine: {'line': b'-- Up-to-date symlink: /root/ws_sensor_combined/install/px4_msgs/include/px4_msgs/px4_msgs/msg/detail/airspeed__rosidl_typesupport_introspection_c.h\n'}
[0.834269] (px4_msgs) StdoutLine: {'line': b'-- Up-to-date symlink: /root/ws_sensor_combined/install/px4_msgs/include/px4_msgs/px4_msgs/msg/detail/airspeed_validated__rosidl_typesupport_introspection_c.h\n'}
[0.834341] (px4_msgs) StdoutLine: {'line': b'-- Up-to-date symlink: /root/ws_sensor_combined/install/px4_msgs/include/px4_msgs/px4_msgs/msg/detail/airspeed_wind__rosidl_typesupport_introspection_c.h\n'}
[0.834371] (px4_msgs) StdoutLine: {'line': b'-- Up-to-date symlink: /root/ws_sensor_combined/install/px4_msgs/include/px4_msgs/px4_msgs/msg/detail/arming_check_reply__rosidl_typesupport_introspection_c.h\n'}
[0.834412] (px4_msgs) StdoutLine: {'line': b'-- Up-to-date symlink: /root/ws_sensor_combined/install/px4_msgs/include/px4_msgs/px4_msgs/msg/detail/arming_check_request__rosidl_typesupport_introspection_c.h\n'}
[0.834492] (px4_msgs) StdoutLine: {'line': b'-- Up-to-date symlink: /root/ws_sensor_combined/install/px4_msgs/include/px4_msgs/px4_msgs/msg/detail/autotune_attitude_control_status__rosidl_typesupport_introspection_c.h\n'}
[0.834561] (px4_msgs) StdoutLine: {'line': b'-- Up-to-date symlink: /root/ws_sensor_combined/install/px4_msgs/include/px4_msgs/px4_msgs/msg/detail/battery_info__rosidl_typesupport_introspection_c.h\n'}
[0.834642] (px4_msgs) StdoutLine: {'line': b'-- Up-to-date symlink: /root/ws_sensor_combined/install/px4_msgs/include/px4_msgs/px4_msgs/msg/detail/battery_status__rosidl_typesupport_introspection_c.h\n'}
[0.834723] (px4_msgs) StdoutLine: {'line': b'-- Up-to-date symlink: /root/ws_sensor_combined/install/px4_msgs/include/px4_msgs/px4_msgs/msg/detail/button_event__rosidl_typesupport_introspection_c.h\n'}
[0.834781] (px4_msgs) StdoutLine: {'line': b'-- Up-to-date symlink: /root/ws_sensor_combined/install/px4_msgs/include/px4_msgs/px4_msgs/msg/detail/camera_capture__rosidl_typesupport_introspection_c.h\n'}
[0.834863] (px4_msgs) StdoutLine: {'line': b'-- Up-to-date symlink: /root/ws_sensor_combined/install/px4_msgs/include/px4_msgs/px4_msgs/msg/detail/camera_status__rosidl_typesupport_introspection_c.h\n'}
[0.834943] (px4_msgs) StdoutLine: {'line': b'-- Up-to-date symlink: /root/ws_sensor_combined/install/px4_msgs/include/px4_msgs/px4_msgs/msg/detail/camera_trigger__rosidl_typesupport_introspection_c.h\n'}
[0.835023] (px4_msgs) StdoutLine: {'line': b'-- Up-to-date symlink: /root/ws_sensor_combined/install/px4_msgs/include/px4_msgs/px4_msgs/msg/detail/can_interface_status__rosidl_typesupport_introspection_c.h\n'}
[0.835103] (px4_msgs) StdoutLine: {'line': b'-- Up-to-date symlink: /root/ws_sensor_combined/install/px4_msgs/include/px4_msgs/px4_msgs/msg/detail/cellular_status__rosidl_typesupport_introspection_c.h\n'}
[0.835183] (px4_msgs) StdoutLine: {'line': b'-- Up-to-date symlink: /root/ws_sensor_combined/install/px4_msgs/include/px4_msgs/px4_msgs/msg/detail/collision_constraints__rosidl_typesupport_introspection_c.h\n'}
[0.835263] (px4_msgs) StdoutLine: {'line': b'-- Up-to-date symlink: /root/ws_sensor_combined/install/px4_msgs/include/px4_msgs/px4_msgs/msg/detail/config_overrides__rosidl_typesupport_introspection_c.h\n'}
[0.835343] (px4_msgs) StdoutLine: {'line': b'-- Up-to-date symlink: /root/ws_sensor_combined/install/px4_msgs/include/px4_msgs/px4_msgs/msg/detail/control_allocator_status__rosidl_typesupport_introspection_c.h\n'}
[0.835389] (px4_msgs) StdoutLine: {'line': b'-- Up-to-date symlink: /root/ws_sensor_combined/install/px4_msgs/include/px4_msgs/px4_msgs/msg/detail/cpuload__rosidl_typesupport_introspection_c.h\n'}
[0.835416] (px4_msgs) StdoutLine: {'line': b'-- Up-to-date symlink: /root/ws_sensor_combined/install/px4_msgs/include/px4_msgs/px4_msgs/msg/detail/dataman_request__rosidl_typesupport_introspection_c.h\n'}
[0.835441] (px4_msgs) StdoutLine: {'line': b'-- Up-to-date symlink: /root/ws_sensor_combined/install/px4_msgs/include/px4_msgs/px4_msgs/msg/detail/dataman_response__rosidl_typesupport_introspection_c.h\n'}
[0.835465] (px4_msgs) StdoutLine: {'line': b'-- Up-to-date symlink: /root/ws_sensor_combined/install/px4_msgs/include/px4_msgs/px4_msgs/msg/detail/debug_array__rosidl_typesupport_introspection_c.h\n'}
[0.835870] (px4_msgs) StdoutLine: {'line': b'-- Up-to-date symlink: /root/ws_sensor_combined/install/px4_msgs/include/px4_msgs/px4_msgs/msg/detail/debug_key_value__rosidl_typesupport_introspection_c.h\n'}
[0.835930] (px4_msgs) StdoutLine: {'line': b'-- Up-to-date symlink: /root/ws_sensor_combined/install/px4_msgs/include/px4_msgs/px4_msgs/msg/detail/debug_value__rosidl_typesupport_introspection_c.h\n'}
[0.836036] (px4_msgs) StdoutLine: {'line': b'-- Up-to-date symlink: /root/ws_sensor_combined/install/px4_msgs/include/px4_msgs/px4_msgs/msg/detail/debug_vect__rosidl_typesupport_introspection_c.h\n'}
[0.836084] (px4_msgs) StdoutLine: {'line': b'-- Up-to-date symlink: /root/ws_sensor_combined/install/px4_msgs/include/px4_msgs/px4_msgs/msg/detail/differential_pressure__rosidl_typesupport_introspection_c.h\n'}
[0.836110] (px4_msgs) StdoutLine: {'line': b'-- Up-to-date symlink: /root/ws_sensor_combined/install/px4_msgs/include/px4_msgs/px4_msgs/msg/detail/distance_sensor__rosidl_typesupport_introspection_c.h\n'}
[0.836186] (px4_msgs) StdoutLine: {'line': b'-- Up-to-date symlink: /root/ws_sensor_combined/install/px4_msgs/include/px4_msgs/px4_msgs/msg/detail/distance_sensor_mode_change_request__rosidl_typesupport_introspection_c.h\n'}
[0.836255] (px4_msgs) StdoutLine: {'line': b'-- Up-to-date symlink: /root/ws_sensor_combined/install/px4_msgs/include/px4_msgs/px4_msgs/msg/detail/dronecan_node_status__rosidl_typesupport_introspection_c.h\n'}
[0.836336] (px4_msgs) StdoutLine: {'line': b'-- Up-to-date symlink: /root/ws_sensor_combined/install/px4_msgs/include/px4_msgs/px4_msgs/msg/detail/ekf2_timestamps__rosidl_typesupport_introspection_c.h\n'}
[0.836403] (px4_msgs) StdoutLine: {'line': b'-- Up-to-date symlink: /root/ws_sensor_combined/install/px4_msgs/include/px4_msgs/px4_msgs/msg/detail/esc_report__rosidl_typesupport_introspection_c.h\n'}
[0.836483] (px4_msgs) StdoutLine: {'line': b'-- Up-to-date symlink: /root/ws_sensor_combined/install/px4_msgs/include/px4_msgs/px4_msgs/msg/detail/esc_status__rosidl_typesupport_introspection_c.h\n'}
[0.836562] (px4_msgs) StdoutLine: {'line': b'-- Up-to-date symlink: /root/ws_sensor_combined/install/px4_msgs/include/px4_msgs/px4_msgs/msg/detail/estimator_aid_source1d__rosidl_typesupport_introspection_c.h\n'}
[0.836643] (px4_msgs) StdoutLine: {'line': b'-- Up-to-date symlink: /root/ws_sensor_combined/install/px4_msgs/include/px4_msgs/px4_msgs/msg/detail/estimator_aid_source2d__rosidl_typesupport_introspection_c.h\n'}
[0.836712] (px4_msgs) StdoutLine: {'line': b'-- Up-to-date symlink: /root/ws_sensor_combined/install/px4_msgs/include/px4_msgs/px4_msgs/msg/detail/estimator_aid_source3d__rosidl_typesupport_introspection_c.h\n'}
[0.836793] (px4_msgs) StdoutLine: {'line': b'-- Up-to-date symlink: /root/ws_sensor_combined/install/px4_msgs/include/px4_msgs/px4_msgs/msg/detail/estimator_bias3d__rosidl_typesupport_introspection_c.h\n'}
[0.836874] (px4_msgs) StdoutLine: {'line': b'-- Up-to-date symlink: /root/ws_sensor_combined/install/px4_msgs/include/px4_msgs/px4_msgs/msg/detail/estimator_bias__rosidl_typesupport_introspection_c.h\n'}
[0.836908] (px4_msgs) StdoutLine: {'line': b'-- Up-to-date symlink: /root/ws_sensor_combined/install/px4_msgs/include/px4_msgs/px4_msgs/msg/detail/estimator_event_flags__rosidl_typesupport_introspection_c.h\n'}
[0.836938] (px4_msgs) StdoutLine: {'line': b'-- Up-to-date symlink: /root/ws_sensor_combined/install/px4_msgs/include/px4_msgs/px4_msgs/msg/detail/estimator_gps_status__rosidl_typesupport_introspection_c.h\n'}
[0.836992] (px4_msgs) StdoutLine: {'line': b'-- Up-to-date symlink: /root/ws_sensor_combined/install/px4_msgs/include/px4_msgs/px4_msgs/msg/detail/estimator_innovations__rosidl_typesupport_introspection_c.h\n'}
[0.837062] (px4_msgs) StdoutLine: {'line': b'-- Up-to-date symlink: /root/ws_sensor_combined/install/px4_msgs/include/px4_msgs/px4_msgs/msg/detail/estimator_selector_status__rosidl_typesupport_introspection_c.h\n'}
[0.837144] (px4_msgs) StdoutLine: {'line': b'-- Up-to-date symlink: /root/ws_sensor_combined/install/px4_msgs/include/px4_msgs/px4_msgs/msg/detail/estimator_sensor_bias__rosidl_typesupport_introspection_c.h\n'}
[0.837225] (px4_msgs) StdoutLine: {'line': b'-- Up-to-date symlink: /root/ws_sensor_combined/install/px4_msgs/include/px4_msgs/px4_msgs/msg/detail/estimator_states__rosidl_typesupport_introspection_c.h\n'}
[0.837305] (px4_msgs) StdoutLine: {'line': b'-- Up-to-date symlink: /root/ws_sensor_combined/install/px4_msgs/include/px4_msgs/px4_msgs/msg/detail/estimator_status__rosidl_typesupport_introspection_c.h\n'}
[0.837384] (px4_msgs) StdoutLine: {'line': b'-- Up-to-date symlink: /root/ws_sensor_combined/install/px4_msgs/include/px4_msgs/px4_msgs/msg/detail/estimator_status_flags__rosidl_typesupport_introspection_c.h\n'}
[0.837457] (px4_msgs) StdoutLine: {'line': b'-- Up-to-date symlink: /root/ws_sensor_combined/install/px4_msgs/include/px4_msgs/px4_msgs/msg/detail/event__rosidl_typesupport_introspection_c.h\n'}
[0.837643] (px4_msgs) StdoutLine: {'line': b'-- Up-to-date symlink: /root/ws_sensor_combined/install/px4_msgs/include/px4_msgs/px4_msgs/msg/detail/failsafe_flags__rosidl_typesupport_introspection_c.h\n'}
[0.837741] (px4_msgs) StdoutLine: {'line': b'-- Up-to-date symlink: /root/ws_sensor_combined/install/px4_msgs/include/px4_msgs/px4_msgs/msg/detail/failure_detector_status__rosidl_typesupport_introspection_c.h\n'}
[0.837824] (px4_msgs) StdoutLine: {'line': b'-- Up-to-date symlink: /root/ws_sensor_combined/install/px4_msgs/include/px4_msgs/px4_msgs/msg/detail/figure_eight_status__rosidl_typesupport_introspection_c.h\n'}
[0.837905] (px4_msgs) StdoutLine: {'line': b'-- Up-to-date symlink: /root/ws_sensor_combined/install/px4_msgs/include/px4_msgs/px4_msgs/msg/detail/fixed_wing_lateral_guidance_status__rosidl_typesupport_introspection_c.h\n'}
[0.838017] (px4_msgs) StdoutLine: {'line': b'-- Up-to-date symlink: /root/ws_sensor_combined/install/px4_msgs/include/px4_msgs/px4_msgs/msg/detail/fixed_wing_lateral_setpoint__rosidl_typesupport_introspection_c.h\n'}
[0.838062] (px4_msgs) StdoutLine: {'line': b'-- Up-to-date symlink: /root/ws_sensor_combined/install/px4_msgs/include/px4_msgs/px4_msgs/msg/detail/fixed_wing_lateral_status__rosidl_typesupport_introspection_c.h\n'}
[0.838143] (px4_msgs) StdoutLine: {'line': b'-- Up-to-date symlink: /root/ws_sensor_combined/install/px4_msgs/include/px4_msgs/px4_msgs/msg/detail/fixed_wing_longitudinal_setpoint__rosidl_typesupport_introspection_c.h\n'}
[0.838223] (px4_msgs) StdoutLine: {'line': b'-- Up-to-date symlink: /root/ws_sensor_combined/install/px4_msgs/include/px4_msgs/px4_msgs/msg/detail/fixed_wing_runway_control__rosidl_typesupport_introspection_c.h\n'}
[0.838351] (px4_msgs) StdoutLine: {'line': b'-- Up-to-date symlink: /root/ws_sensor_combined/install/px4_msgs/include/px4_msgs/px4_msgs/msg/detail/flight_phase_estimation__rosidl_typesupport_introspection_c.h\n'}
[0.838424] (px4_msgs) StdoutLine: {'line': b'-- Up-to-date symlink: /root/ws_sensor_combined/install/px4_msgs/include/px4_msgs/px4_msgs/msg/detail/follow_target__rosidl_typesupport_introspection_c.h\n'}
[0.838504] (px4_msgs) StdoutLine: {'line': b'-- Up-to-date symlink: /root/ws_sensor_combined/install/px4_msgs/include/px4_msgs/px4_msgs/msg/detail/follow_target_estimator__rosidl_typesupport_introspection_c.h\n'}
[0.838584] (px4_msgs) StdoutLine: {'line': b'-- Up-to-date symlink: /root/ws_sensor_combined/install/px4_msgs/include/px4_msgs/px4_msgs/msg/detail/follow_target_status__rosidl_typesupport_introspection_c.h\n'}
[0.838663] (px4_msgs) StdoutLine: {'line': b'-- Up-to-date symlink: /root/ws_sensor_combined/install/px4_msgs/include/px4_msgs/px4_msgs/msg/detail/fuel_tank_status__rosidl_typesupport_introspection_c.h\n'}
[0.838731] (px4_msgs) StdoutLine: {'line': b'-- Up-to-date symlink: /root/ws_sensor_combined/install/px4_msgs/include/px4_msgs/px4_msgs/msg/detail/generator_status__rosidl_typesupport_introspection_c.h\n'}
[0.838811] (px4_msgs) StdoutLine: {'line': b'-- Up-to-date symlink: /root/ws_sensor_combined/install/px4_msgs/include/px4_msgs/px4_msgs/msg/detail/geofence_result__rosidl_typesupport_introspection_c.h\n'}
[0.838891] (px4_msgs) StdoutLine: {'line': b'-- Up-to-date symlink: /root/ws_sensor_combined/install/px4_msgs/include/px4_msgs/px4_msgs/msg/detail/geofence_status__rosidl_typesupport_introspection_c.h\n'}
[0.838971] (px4_msgs) StdoutLine: {'line': b'-- Up-to-date symlink: /root/ws_sensor_combined/install/px4_msgs/include/px4_msgs/px4_msgs/msg/detail/gimbal_controls__rosidl_typesupport_introspection_c.h\n'}
[0.839049] (px4_msgs) StdoutLine: {'line': b'-- Up-to-date symlink: /root/ws_sensor_combined/install/px4_msgs/include/px4_msgs/px4_msgs/msg/detail/gimbal_device_attitude_status__rosidl_typesupport_introspection_c.h\n'}
[0.839130] (px4_msgs) StdoutLine: {'line': b'-- Up-to-date symlink: /root/ws_sensor_combined/install/px4_msgs/include/px4_msgs/px4_msgs/msg/detail/gimbal_device_information__rosidl_typesupport_introspection_c.h\n'}
[0.839210] (px4_msgs) StdoutLine: {'line': b'-- Up-to-date symlink: /root/ws_sensor_combined/install/px4_msgs/include/px4_msgs/px4_msgs/msg/detail/gimbal_device_set_attitude__rosidl_typesupport_introspection_c.h\n'}
[0.839288] (px4_msgs) StdoutLine: {'line': b'-- Up-to-date symlink: /root/ws_sensor_combined/install/px4_msgs/include/px4_msgs/px4_msgs/msg/detail/gimbal_manager_information__rosidl_typesupport_introspection_c.h\n'}
[0.839367] (px4_msgs) StdoutLine: {'line': b'-- Up-to-date symlink: /root/ws_sensor_combined/install/px4_msgs/include/px4_msgs/px4_msgs/msg/detail/gimbal_manager_set_attitude__rosidl_typesupport_introspection_c.h\n'}
[0.839447] (px4_msgs) StdoutLine: {'line': b'-- Up-to-date symlink: /root/ws_sensor_combined/install/px4_msgs/include/px4_msgs/px4_msgs/msg/detail/gimbal_manager_set_manual_control__rosidl_typesupport_introspection_c.h\n'}
[0.839526] (px4_msgs) StdoutLine: {'line': b'-- Up-to-date symlink: /root/ws_sensor_combined/install/px4_msgs/include/px4_msgs/px4_msgs/msg/detail/gimbal_manager_status__rosidl_typesupport_introspection_c.h\n'}
[0.839606] (px4_msgs) StdoutLine: {'line': b'-- Up-to-date symlink: /root/ws_sensor_combined/install/px4_msgs/include/px4_msgs/px4_msgs/msg/detail/goto_setpoint__rosidl_typesupport_introspection_c.h\n'}
[0.839685] (px4_msgs) StdoutLine: {'line': b'-- Up-to-date symlink: /root/ws_sensor_combined/install/px4_msgs/include/px4_msgs/px4_msgs/msg/detail/gpio_config__rosidl_typesupport_introspection_c.h\n'}
[0.839765] (px4_msgs) StdoutLine: {'line': b'-- Up-to-date symlink: /root/ws_sensor_combined/install/px4_msgs/include/px4_msgs/px4_msgs/msg/detail/gpio_in__rosidl_typesupport_introspection_c.h\n'}
[0.839852] (px4_msgs) StdoutLine: {'line': b'-- Up-to-date symlink: /root/ws_sensor_combined/install/px4_msgs/include/px4_msgs/px4_msgs/msg/detail/gpio_out__rosidl_typesupport_introspection_c.h\n'}
[0.839933] (px4_msgs) StdoutLine: {'line': b'-- Up-to-date symlink: /root/ws_sensor_combined/install/px4_msgs/include/px4_msgs/px4_msgs/msg/detail/gpio_request__rosidl_typesupport_introspection_c.h\n'}
[0.840012] (px4_msgs) StdoutLine: {'line': b'-- Up-to-date symlink: /root/ws_sensor_combined/install/px4_msgs/include/px4_msgs/px4_msgs/msg/detail/gps_dump__rosidl_typesupport_introspection_c.h\n'}
[0.840094] (px4_msgs) StdoutLine: {'line': b'-- Up-to-date symlink: /root/ws_sensor_combined/install/px4_msgs/include/px4_msgs/px4_msgs/msg/detail/gps_inject_data__rosidl_typesupport_introspection_c.h\n'}
[0.840174] (px4_msgs) StdoutLine: {'line': b'-- Up-to-date symlink: /root/ws_sensor_combined/install/px4_msgs/include/px4_msgs/px4_msgs/msg/detail/gripper__rosidl_typesupport_introspection_c.h\n'}
[0.840253] (px4_msgs) StdoutLine: {'line': b'-- Up-to-date symlink: /root/ws_sensor_combined/install/px4_msgs/include/px4_msgs/px4_msgs/msg/detail/health_report__rosidl_typesupport_introspection_c.h\n'}
[0.840332] (px4_msgs) StdoutLine: {'line': b'-- Up-to-date symlink: /root/ws_sensor_combined/install/px4_msgs/include/px4_msgs/px4_msgs/msg/detail/heater_status__rosidl_typesupport_introspection_c.h\n'}
[0.840411] (px4_msgs) StdoutLine: {'line': b'-- Up-to-date symlink: /root/ws_sensor_combined/install/px4_msgs/include/px4_msgs/px4_msgs/msg/detail/home_position__rosidl_typesupport_introspection_c.h\n'}
[0.840490] (px4_msgs) StdoutLine: {'line': b'-- Up-to-date symlink: /root/ws_sensor_combined/install/px4_msgs/include/px4_msgs/px4_msgs/msg/detail/hover_thrust_estimate__rosidl_typesupport_introspection_c.h\n'}
[0.840571] (px4_msgs) StdoutLine: {'line': b'-- Up-to-date symlink: /root/ws_sensor_combined/install/px4_msgs/include/px4_msgs/px4_msgs/msg/detail/input_rc__rosidl_typesupport_introspection_c.h\n'}
[0.840651] (px4_msgs) StdoutLine: {'line': b'-- Up-to-date symlink: /root/ws_sensor_combined/install/px4_msgs/include/px4_msgs/px4_msgs/msg/detail/internal_combustion_engine_control__rosidl_typesupport_introspection_c.h\n'}
[0.840734] (px4_msgs) StdoutLine: {'line': b'-- Up-to-date symlink: /root/ws_sensor_combined/install/px4_msgs/include/px4_msgs/px4_msgs/msg/detail/internal_combustion_engine_status__rosidl_typesupport_introspection_c.h\n'}
[0.840802] (px4_msgs) StdoutLine: {'line': b'-- Up-to-date symlink: /root/ws_sensor_combined/install/px4_msgs/include/px4_msgs/px4_msgs/msg/detail/iridiumsbd_status__rosidl_typesupport_introspection_c.h\n'}
[0.840883] (px4_msgs) StdoutLine: {'line': b'-- Up-to-date symlink: /root/ws_sensor_combined/install/px4_msgs/include/px4_msgs/px4_msgs/msg/detail/irlock_report__rosidl_typesupport_introspection_c.h\n'}
[0.840962] (px4_msgs) StdoutLine: {'line': b'-- Up-to-date symlink: /root/ws_sensor_combined/install/px4_msgs/include/px4_msgs/px4_msgs/msg/detail/landing_gear__rosidl_typesupport_introspection_c.h\n'}
[0.841041] (px4_msgs) StdoutLine: {'line': b'-- Up-to-date symlink: /root/ws_sensor_combined/install/px4_msgs/include/px4_msgs/px4_msgs/msg/detail/landing_gear_wheel__rosidl_typesupport_introspection_c.h\n'}
[0.841120] (px4_msgs) StdoutLine: {'line': b'-- Up-to-date symlink: /root/ws_sensor_combined/install/px4_msgs/include/px4_msgs/px4_msgs/msg/detail/landing_target_innovations__rosidl_typesupport_introspection_c.h\n'}
[0.841199] (px4_msgs) StdoutLine: {'line': b'-- Up-to-date symlink: /root/ws_sensor_combined/install/px4_msgs/include/px4_msgs/px4_msgs/msg/detail/landing_target_pose__rosidl_typesupport_introspection_c.h\n'}
[0.841279] (px4_msgs) StdoutLine: {'line': b'-- Up-to-date symlink: /root/ws_sensor_combined/install/px4_msgs/include/px4_msgs/px4_msgs/msg/detail/lateral_control_configuration__rosidl_typesupport_introspection_c.h\n'}
[0.841359] (px4_msgs) StdoutLine: {'line': b'-- Up-to-date symlink: /root/ws_sensor_combined/install/px4_msgs/include/px4_msgs/px4_msgs/msg/detail/launch_detection_status__rosidl_typesupport_introspection_c.h\n'}
[0.841485] (px4_msgs) StdoutLine: {'line': b'-- Up-to-date symlink: /root/ws_sensor_combined/install/px4_msgs/include/px4_msgs/px4_msgs/msg/detail/led_control__rosidl_typesupport_introspection_c.h\n'}
[0.841755] (px4_msgs) StdoutLine: {'line': b'-- Up-to-date symlink: /root/ws_sensor_combined/install/px4_msgs/include/px4_msgs/px4_msgs/msg/detail/log_message__rosidl_typesupport_introspection_c.h\n'}
[0.841943] (px4_msgs) StdoutLine: {'line': b'-- Up-to-date symlink: /root/ws_sensor_combined/install/px4_msgs/include/px4_msgs/px4_msgs/msg/detail/logger_status__rosidl_typesupport_introspection_c.h\n'}
[0.841977] (px4_msgs) StdoutLine: {'line': b'-- Up-to-date symlink: /root/ws_sensor_combined/install/px4_msgs/include/px4_msgs/px4_msgs/msg/detail/longitudinal_control_configuration__rosidl_typesupport_introspection_c.h\n'}
[0.842122] (px4_msgs) StdoutLine: {'line': b'-- Up-to-date symlink: /root/ws_sensor_combined/install/px4_msgs/include/px4_msgs/px4_msgs/msg/detail/mag_worker_data__rosidl_typesupport_introspection_c.h\n'}
[0.842246] (px4_msgs) StdoutLine: {'line': b'-- Up-to-date symlink: /root/ws_sensor_combined/install/px4_msgs/include/px4_msgs/px4_msgs/msg/detail/magnetometer_bias_estimate__rosidl_typesupport_introspection_c.h\n'}
[0.842288] (px4_msgs) StdoutLine: {'line': b'-- Up-to-date symlink: /root/ws_sensor_combined/install/px4_msgs/include/px4_msgs/px4_msgs/msg/detail/manual_control_setpoint__rosidl_typesupport_introspection_c.h\n'}
[0.842388] (px4_msgs) StdoutLine: {'line': b'-- Up-to-date symlink: /root/ws_sensor_combined/install/px4_msgs/include/px4_msgs/px4_msgs/msg/detail/manual_control_switches__rosidl_typesupport_introspection_c.h\n'}
[0.842430] (px4_msgs) StdoutLine: {'line': b'-- Up-to-date symlink: /root/ws_sensor_combined/install/px4_msgs/include/px4_msgs/px4_msgs/msg/detail/mavlink_log__rosidl_typesupport_introspection_c.h\n'}
[0.842492] (px4_msgs) StdoutLine: {'line': b'-- Up-to-date symlink: /root/ws_sensor_combined/install/px4_msgs/include/px4_msgs/px4_msgs/msg/detail/mavlink_tunnel__rosidl_typesupport_introspection_c.h\n'}
[0.842541] (px4_msgs) StdoutLine: {'line': b'-- Up-to-date symlink: /root/ws_sensor_combined/install/px4_msgs/include/px4_msgs/px4_msgs/msg/detail/message_format_request__rosidl_typesupport_introspection_c.h\n'}
[0.842792] (px4_msgs) StdoutLine: {'line': b'-- Up-to-date symlink: /root/ws_sensor_combined/install/px4_msgs/include/px4_msgs/px4_msgs/msg/detail/message_format_response__rosidl_typesupport_introspection_c.h\n'}
[0.842892] (px4_msgs) StdoutLine: {'line': b'-- Up-to-date symlink: /root/ws_sensor_combined/install/px4_msgs/include/px4_msgs/px4_msgs/msg/detail/mission__rosidl_typesupport_introspection_c.h\n'}
[0.842973] (px4_msgs) StdoutLine: {'line': b'-- Up-to-date symlink: /root/ws_sensor_combined/install/px4_msgs/include/px4_msgs/px4_msgs/msg/detail/mission_result__rosidl_typesupport_introspection_c.h\n'}
[0.843054] (px4_msgs) StdoutLine: {'line': b'-- Up-to-date symlink: /root/ws_sensor_combined/install/px4_msgs/include/px4_msgs/px4_msgs/msg/detail/mode_completed__rosidl_typesupport_introspection_c.h\n'}
[0.843134] (px4_msgs) StdoutLine: {'line': b'-- Up-to-date symlink: /root/ws_sensor_combined/install/px4_msgs/include/px4_msgs/px4_msgs/msg/detail/mount_orientation__rosidl_typesupport_introspection_c.h\n'}
[0.843215] (px4_msgs) StdoutLine: {'line': b'-- Up-to-date symlink: /root/ws_sensor_combined/install/px4_msgs/include/px4_msgs/px4_msgs/msg/detail/navigator_mission_item__rosidl_typesupport_introspection_c.h\n'}
[0.843295] (px4_msgs) StdoutLine: {'line': b'-- Up-to-date symlink: /root/ws_sensor_combined/install/px4_msgs/include/px4_msgs/px4_msgs/msg/detail/navigator_status__rosidl_typesupport_introspection_c.h\n'}
[0.843376] (px4_msgs) StdoutLine: {'line': b'-- Up-to-date symlink: /root/ws_sensor_combined/install/px4_msgs/include/px4_msgs/px4_msgs/msg/detail/neural_control__rosidl_typesupport_introspection_c.h\n'}
[0.843457] (px4_msgs) StdoutLine: {'line': b'-- Up-to-date symlink: /root/ws_sensor_combined/install/px4_msgs/include/px4_msgs/px4_msgs/msg/detail/normalized_unsigned_setpoint__rosidl_typesupport_introspection_c.h\n'}
[0.843537] (px4_msgs) StdoutLine: {'line': b'-- Up-to-date symlink: /root/ws_sensor_combined/install/px4_msgs/include/px4_msgs/px4_msgs/msg/detail/obstacle_distance__rosidl_typesupport_introspection_c.h\n'}
[0.843618] (px4_msgs) StdoutLine: {'line': b'-- Up-to-date symlink: /root/ws_sensor_combined/install/px4_msgs/include/px4_msgs/px4_msgs/msg/detail/offboard_control_mode__rosidl_typesupport_introspection_c.h\n'}
[0.843687] (px4_msgs) StdoutLine: {'line': b'-- Up-to-date symlink: /root/ws_sensor_combined/install/px4_msgs/include/px4_msgs/px4_msgs/msg/detail/onboard_computer_status__rosidl_typesupport_introspection_c.h\n'}
[0.843768] (px4_msgs) StdoutLine: {'line': b'-- Up-to-date symlink: /root/ws_sensor_combined/install/px4_msgs/include/px4_msgs/px4_msgs/msg/detail/open_drone_id_arm_status__rosidl_typesupport_introspection_c.h\n'}
[0.843848] (px4_msgs) StdoutLine: {'line': b'-- Up-to-date symlink: /root/ws_sensor_combined/install/px4_msgs/include/px4_msgs/px4_msgs/msg/detail/open_drone_id_operator_id__rosidl_typesupport_introspection_c.h\n'}
[0.843918] (px4_msgs) StdoutLine: {'line': b'-- Up-to-date symlink: /root/ws_sensor_combined/install/px4_msgs/include/px4_msgs/px4_msgs/msg/detail/open_drone_id_self_id__rosidl_typesupport_introspection_c.h\n'}
[0.844000] (px4_msgs) StdoutLine: {'line': b'-- Up-to-date symlink: /root/ws_sensor_combined/install/px4_msgs/include/px4_msgs/px4_msgs/msg/detail/open_drone_id_system__rosidl_typesupport_introspection_c.h\n'}
[0.844080] (px4_msgs) StdoutLine: {'line': b'-- Up-to-date symlink: /root/ws_sensor_combined/install/px4_msgs/include/px4_msgs/px4_msgs/msg/detail/orb_test__rosidl_typesupport_introspection_c.h\n'}
[0.844162] (px4_msgs) StdoutLine: {'line': b'-- Up-to-date symlink: /root/ws_sensor_combined/install/px4_msgs/include/px4_msgs/px4_msgs/msg/detail/orb_test_large__rosidl_typesupport_introspection_c.h\n'}
[0.844326] (px4_msgs) StdoutLine: {'line': b'-- Up-to-date symlink: /root/ws_sensor_combined/install/px4_msgs/include/px4_msgs/px4_msgs/msg/detail/orb_test_medium__rosidl_typesupport_introspection_c.h\n'}
[0.844408] (px4_msgs) StdoutLine: {'line': b'-- Up-to-date symlink: /root/ws_sensor_combined/install/px4_msgs/include/px4_msgs/px4_msgs/msg/detail/orbit_status__rosidl_typesupport_introspection_c.h\n'}
[0.844488] (px4_msgs) StdoutLine: {'line': b'-- Up-to-date symlink: /root/ws_sensor_combined/install/px4_msgs/include/px4_msgs/px4_msgs/msg/detail/parameter_reset_request__rosidl_typesupport_introspection_c.h\n'}
[0.844567] (px4_msgs) StdoutLine: {'line': b'-- Up-to-date symlink: /root/ws_sensor_combined/install/px4_msgs/include/px4_msgs/px4_msgs/msg/detail/parameter_set_used_request__rosidl_typesupport_introspection_c.h\n'}
[0.844648] (px4_msgs) StdoutLine: {'line': b'-- Up-to-date symlink: /root/ws_sensor_combined/install/px4_msgs/include/px4_msgs/px4_msgs/msg/detail/parameter_set_value_request__rosidl_typesupport_introspection_c.h\n'}
[0.844731] (px4_msgs) StdoutLine: {'line': b'-- Up-to-date symlink: /root/ws_sensor_combined/install/px4_msgs/include/px4_msgs/px4_msgs/msg/detail/parameter_set_value_response__rosidl_typesupport_introspection_c.h\n'}
[0.844811] (px4_msgs) StdoutLine: {'line': b'-- Up-to-date symlink: /root/ws_sensor_combined/install/px4_msgs/include/px4_msgs/px4_msgs/msg/detail/parameter_update__rosidl_typesupport_introspection_c.h\n'}
[0.844890] (px4_msgs) StdoutLine: {'line': b'-- Up-to-date symlink: /root/ws_sensor_combined/install/px4_msgs/include/px4_msgs/px4_msgs/msg/detail/ping__rosidl_typesupport_introspection_c.h\n'}
[0.844969] (px4_msgs) StdoutLine: {'line': b'-- Up-to-date symlink: /root/ws_sensor_combined/install/px4_msgs/include/px4_msgs/px4_msgs/msg/detail/position_controller_landing_status__rosidl_typesupport_introspection_c.h\n'}
[0.845049] (px4_msgs) StdoutLine: {'line': b'-- Up-to-date symlink: /root/ws_sensor_combined/install/px4_msgs/include/px4_msgs/px4_msgs/msg/detail/position_controller_status__rosidl_typesupport_introspection_c.h\n'}
[0.845128] (px4_msgs) StdoutLine: {'line': b'-- Up-to-date symlink: /root/ws_sensor_combined/install/px4_msgs/include/px4_msgs/px4_msgs/msg/detail/position_setpoint__rosidl_typesupport_introspection_c.h\n'}
[0.845208] (px4_msgs) StdoutLine: {'line': b'-- Up-to-date symlink: /root/ws_sensor_combined/install/px4_msgs/include/px4_msgs/px4_msgs/msg/detail/position_setpoint_triplet__rosidl_typesupport_introspection_c.h\n'}
[0.845288] (px4_msgs) StdoutLine: {'line': b'-- Up-to-date symlink: /root/ws_sensor_combined/install/px4_msgs/include/px4_msgs/px4_msgs/msg/detail/power_button_state__rosidl_typesupport_introspection_c.h\n'}
[0.845367] (px4_msgs) StdoutLine: {'line': b'-- Up-to-date symlink: /root/ws_sensor_combined/install/px4_msgs/include/px4_msgs/px4_msgs/msg/detail/power_monitor__rosidl_typesupport_introspection_c.h\n'}
[0.845447] (px4_msgs) StdoutLine: {'line': b'-- Up-to-date symlink: /root/ws_sensor_combined/install/px4_msgs/include/px4_msgs/px4_msgs/msg/detail/pps_capture__rosidl_typesupport_introspection_c.h\n'}
[0.845591] (px4_msgs) StdoutLine: {'line': b'-- Up-to-date symlink: /root/ws_sensor_combined/install/px4_msgs/include/px4_msgs/px4_msgs/msg/detail/pure_pursuit_status__rosidl_typesupport_introspection_c.h\n'}
[0.845623] (px4_msgs) StdoutLine: {'line': b'-- Up-to-date symlink: /root/ws_sensor_combined/install/px4_msgs/include/px4_msgs/px4_msgs/msg/detail/pwm_input__rosidl_typesupport_introspection_c.h\n'}
[0.845690] (px4_msgs) StdoutLine: {'line': b'-- Up-to-date symlink: /root/ws_sensor_combined/install/px4_msgs/include/px4_msgs/px4_msgs/msg/detail/px4io_status__rosidl_typesupport_introspection_c.h\n'}
[0.845771] (px4_msgs) StdoutLine: {'line': b'-- Up-to-date symlink: /root/ws_sensor_combined/install/px4_msgs/include/px4_msgs/px4_msgs/msg/detail/qshell_req__rosidl_typesupport_introspection_c.h\n'}
[0.845852] (px4_msgs) StdoutLine: {'line': b'-- Up-to-date symlink: /root/ws_sensor_combined/install/px4_msgs/include/px4_msgs/px4_msgs/msg/detail/qshell_retval__rosidl_typesupport_introspection_c.h\n'}
[0.845932] (px4_msgs) StdoutLine: {'line': b'-- Up-to-date symlink: /root/ws_sensor_combined/install/px4_msgs/include/px4_msgs/px4_msgs/msg/detail/radio_status__rosidl_typesupport_introspection_c.h\n'}
[0.846014] (px4_msgs) StdoutLine: {'line': b'-- Up-to-date symlink: /root/ws_sensor_combined/install/px4_msgs/include/px4_msgs/px4_msgs/msg/detail/rate_ctrl_status__rosidl_typesupport_introspection_c.h\n'}
[0.846093] (px4_msgs) StdoutLine: {'line': b'-- Up-to-date symlink: /root/ws_sensor_combined/install/px4_msgs/include/px4_msgs/px4_msgs/msg/detail/rc_channels__rosidl_typesupport_introspection_c.h\n'}
[0.846174] (px4_msgs) StdoutLine: {'line': b'-- Up-to-date symlink: /root/ws_sensor_combined/install/px4_msgs/include/px4_msgs/px4_msgs/msg/detail/rc_parameter_map__rosidl_typesupport_introspection_c.h\n'}
[0.846254] (px4_msgs) StdoutLine: {'line': b'-- Up-to-date symlink: /root/ws_sensor_combined/install/px4_msgs/include/px4_msgs/px4_msgs/msg/detail/register_ext_component_reply__rosidl_typesupport_introspection_c.h\n'}
[0.846336] (px4_msgs) StdoutLine: {'line': b'-- Up-to-date symlink: /root/ws_sensor_combined/install/px4_msgs/include/px4_msgs/px4_msgs/msg/detail/register_ext_component_request__rosidl_typesupport_introspection_c.h\n'}
[0.846415] (px4_msgs) StdoutLine: {'line': b'-- Up-to-date symlink: /root/ws_sensor_combined/install/px4_msgs/include/px4_msgs/px4_msgs/msg/detail/rover_attitude_setpoint__rosidl_typesupport_introspection_c.h\n'}
[0.846496] (px4_msgs) StdoutLine: {'line': b'-- Up-to-date symlink: /root/ws_sensor_combined/install/px4_msgs/include/px4_msgs/px4_msgs/msg/detail/rover_attitude_status__rosidl_typesupport_introspection_c.h\n'}
[0.846576] (px4_msgs) StdoutLine: {'line': b'-- Up-to-date symlink: /root/ws_sensor_combined/install/px4_msgs/include/px4_msgs/px4_msgs/msg/detail/rover_position_setpoint__rosidl_typesupport_introspection_c.h\n'}
[0.846656] (px4_msgs) StdoutLine: {'line': b'-- Up-to-date symlink: /root/ws_sensor_combined/install/px4_msgs/include/px4_msgs/px4_msgs/msg/detail/rover_rate_setpoint__rosidl_typesupport_introspection_c.h\n'}
[0.846735] (px4_msgs) StdoutLine: {'line': b'-- Up-to-date symlink: /root/ws_sensor_combined/install/px4_msgs/include/px4_msgs/px4_msgs/msg/detail/rover_rate_status__rosidl_typesupport_introspection_c.h\n'}
[0.846818] (px4_msgs) StdoutLine: {'line': b'-- Up-to-date symlink: /root/ws_sensor_combined/install/px4_msgs/include/px4_msgs/px4_msgs/msg/detail/rover_steering_setpoint__rosidl_typesupport_introspection_c.h\n'}
[0.846898] (px4_msgs) StdoutLine: {'line': b'-- Up-to-date symlink: /root/ws_sensor_combined/install/px4_msgs/include/px4_msgs/px4_msgs/msg/detail/rover_throttle_setpoint__rosidl_typesupport_introspection_c.h\n'}
[0.846977] (px4_msgs) StdoutLine: {'line': b'-- Up-to-date symlink: /root/ws_sensor_combined/install/px4_msgs/include/px4_msgs/px4_msgs/msg/detail/rover_velocity_setpoint__rosidl_typesupport_introspection_c.h\n'}
[0.847057] (px4_msgs) StdoutLine: {'line': b'-- Up-to-date symlink: /root/ws_sensor_combined/install/px4_msgs/include/px4_msgs/px4_msgs/msg/detail/rover_velocity_status__rosidl_typesupport_introspection_c.h\n'}
[0.847139] (px4_msgs) StdoutLine: {'line': b'-- Up-to-date symlink: /root/ws_sensor_combined/install/px4_msgs/include/px4_msgs/px4_msgs/msg/detail/rpm__rosidl_typesupport_introspection_c.h\n'}
[0.847220] (px4_msgs) StdoutLine: {'line': b'-- Up-to-date symlink: /root/ws_sensor_combined/install/px4_msgs/include/px4_msgs/px4_msgs/msg/detail/rtl_status__rosidl_typesupport_introspection_c.h\n'}
[0.847300] (px4_msgs) StdoutLine: {'line': b'-- Up-to-date symlink: /root/ws_sensor_combined/install/px4_msgs/include/px4_msgs/px4_msgs/msg/detail/rtl_time_estimate__rosidl_typesupport_introspection_c.h\n'}
[0.847380] (px4_msgs) StdoutLine: {'line': b'-- Up-to-date symlink: /root/ws_sensor_combined/install/px4_msgs/include/px4_msgs/px4_msgs/msg/detail/satellite_info__rosidl_typesupport_introspection_c.h\n'}
[0.847461] (px4_msgs) StdoutLine: {'line': b'-- Up-to-date symlink: /root/ws_sensor_combined/install/px4_msgs/include/px4_msgs/px4_msgs/msg/detail/sensor_accel__rosidl_typesupport_introspection_c.h\n'}
[0.847532] (px4_msgs) StdoutLine: {'line': b'-- Up-to-date symlink: /root/ws_sensor_combined/install/px4_msgs/include/px4_msgs/px4_msgs/msg/detail/sensor_accel_fifo__rosidl_typesupport_introspection_c.h\n'}
[0.847564] (px4_msgs) StdoutLine: {'line': b'-- Up-to-date symlink: /root/ws_sensor_combined/install/px4_msgs/include/px4_msgs/px4_msgs/msg/detail/sensor_airflow__rosidl_typesupport_introspection_c.h\n'}
[0.847594] (px4_msgs) StdoutLine: {'line': b'-- Up-to-date symlink: /root/ws_sensor_combined/install/px4_msgs/include/px4_msgs/px4_msgs/msg/detail/sensor_baro__rosidl_typesupport_introspection_c.h\n'}
[0.847675] (px4_msgs) StdoutLine: {'line': b'-- Up-to-date symlink: /root/ws_sensor_combined/install/px4_msgs/include/px4_msgs/px4_msgs/msg/detail/sensor_combined__rosidl_typesupport_introspection_c.h\n'}
[0.847720] (px4_msgs) StdoutLine: {'line': b'-- Up-to-date symlink: /root/ws_sensor_combined/install/px4_msgs/include/px4_msgs/px4_msgs/msg/detail/sensor_correction__rosidl_typesupport_introspection_c.h\n'}
[0.847788] (px4_msgs) StdoutLine: {'line': b'-- Up-to-date symlink: /root/ws_sensor_combined/install/px4_msgs/include/px4_msgs/px4_msgs/msg/detail/sensor_gnss_relative__rosidl_typesupport_introspection_c.h\n'}
[0.847862] (px4_msgs) StdoutLine: {'line': b'-- Up-to-date symlink: /root/ws_sensor_combined/install/px4_msgs/include/px4_msgs/px4_msgs/msg/detail/sensor_gps__rosidl_typesupport_introspection_c.h\n'}
[0.847911] (px4_msgs) StdoutLine: {'line': b'-- Up-to-date symlink: /root/ws_sensor_combined/install/px4_msgs/include/px4_msgs/px4_msgs/msg/detail/sensor_gyro__rosidl_typesupport_introspection_c.h\n'}
[0.847967] (px4_msgs) StdoutLine: {'line': b'-- Up-to-date symlink: /root/ws_sensor_combined/install/px4_msgs/include/px4_msgs/px4_msgs/msg/detail/sensor_gyro_fft__rosidl_typesupport_introspection_c.h\n'}
[0.848048] (px4_msgs) StdoutLine: {'line': b'-- Up-to-date symlink: /root/ws_sensor_combined/install/px4_msgs/include/px4_msgs/px4_msgs/msg/detail/sensor_gyro_fifo__rosidl_typesupport_introspection_c.h\n'}
[0.848134] (px4_msgs) StdoutLine: {'line': b'-- Up-to-date symlink: /root/ws_sensor_combined/install/px4_msgs/include/px4_msgs/px4_msgs/msg/detail/sensor_hygrometer__rosidl_typesupport_introspection_c.h\n'}
[0.848219] (px4_msgs) StdoutLine: {'line': b'-- Up-to-date symlink: /root/ws_sensor_combined/install/px4_msgs/include/px4_msgs/px4_msgs/msg/detail/sensor_mag__rosidl_typesupport_introspection_c.h\n'}
[0.848300] (px4_msgs) StdoutLine: {'line': b'-- Up-to-date symlink: /root/ws_sensor_combined/install/px4_msgs/include/px4_msgs/px4_msgs/msg/detail/sensor_optical_flow__rosidl_typesupport_introspection_c.h\n'}
[0.848382] (px4_msgs) StdoutLine: {'line': b'-- Up-to-date symlink: /root/ws_sensor_combined/install/px4_msgs/include/px4_msgs/px4_msgs/msg/detail/sensor_preflight_mag__rosidl_typesupport_introspection_c.h\n'}
[0.848445] (px4_msgs) StdoutLine: {'line': b'-- Up-to-date symlink: /root/ws_sensor_combined/install/px4_msgs/include/px4_msgs/px4_msgs/msg/detail/sensor_selection__rosidl_typesupport_introspection_c.h\n'}
[0.848475] (px4_msgs) StdoutLine: {'line': b'-- Up-to-date symlink: /root/ws_sensor_combined/install/px4_msgs/include/px4_msgs/px4_msgs/msg/detail/sensor_uwb__rosidl_typesupport_introspection_c.h\n'}
[0.848500] (px4_msgs) StdoutLine: {'line': b'-- Up-to-date symlink: /root/ws_sensor_combined/install/px4_msgs/include/px4_msgs/px4_msgs/msg/detail/sensors_status__rosidl_typesupport_introspection_c.h\n'}
[0.848570] (px4_msgs) StdoutLine: {'line': b'-- Up-to-date symlink: /root/ws_sensor_combined/install/px4_msgs/include/px4_msgs/px4_msgs/msg/detail/sensors_status_imu__rosidl_typesupport_introspection_c.h\n'}
[0.848651] (px4_msgs) StdoutLine: {'line': b'-- Up-to-date symlink: /root/ws_sensor_combined/install/px4_msgs/include/px4_msgs/px4_msgs/msg/detail/system_power__rosidl_typesupport_introspection_c.h\n'}
[0.848731] (px4_msgs) StdoutLine: {'line': b'-- Up-to-date symlink: /root/ws_sensor_combined/install/px4_msgs/include/px4_msgs/px4_msgs/msg/detail/takeoff_status__rosidl_typesupport_introspection_c.h\n'}
[0.848810] (px4_msgs) StdoutLine: {'line': b'-- Up-to-date symlink: /root/ws_sensor_combined/install/px4_msgs/include/px4_msgs/px4_msgs/msg/detail/task_stack_info__rosidl_typesupport_introspection_c.h\n'}
[0.848891] (px4_msgs) StdoutLine: {'line': b'-- Up-to-date symlink: /root/ws_sensor_combined/install/px4_msgs/include/px4_msgs/px4_msgs/msg/detail/tecs_status__rosidl_typesupport_introspection_c.h\n'}
[0.848971] (px4_msgs) StdoutLine: {'line': b'-- Up-to-date symlink: /root/ws_sensor_combined/install/px4_msgs/include/px4_msgs/px4_msgs/msg/detail/telemetry_status__rosidl_typesupport_introspection_c.h\n'}
[0.849050] (px4_msgs) StdoutLine: {'line': b'-- Up-to-date symlink: /root/ws_sensor_combined/install/px4_msgs/include/px4_msgs/px4_msgs/msg/detail/tiltrotor_extra_controls__rosidl_typesupport_introspection_c.h\n'}
[0.849130] (px4_msgs) StdoutLine: {'line': b'-- Up-to-date symlink: /root/ws_sensor_combined/install/px4_msgs/include/px4_msgs/px4_msgs/msg/detail/timesync_status__rosidl_typesupport_introspection_c.h\n'}
[0.849210] (px4_msgs) StdoutLine: {'line': b'-- Up-to-date symlink: /root/ws_sensor_combined/install/px4_msgs/include/px4_msgs/px4_msgs/msg/detail/trajectory_setpoint6dof__rosidl_typesupport_introspection_c.h\n'}
[0.849289] (px4_msgs) StdoutLine: {'line': b'-- Up-to-date symlink: /root/ws_sensor_combined/install/px4_msgs/include/px4_msgs/px4_msgs/msg/detail/trajectory_setpoint__rosidl_typesupport_introspection_c.h\n'}
[0.849372] (px4_msgs) StdoutLine: {'line': b'-- Up-to-date symlink: /root/ws_sensor_combined/install/px4_msgs/include/px4_msgs/px4_msgs/msg/detail/transponder_report__rosidl_typesupport_introspection_c.h\n'}
[0.849405] (px4_msgs) StdoutLine: {'line': b'-- Up-to-date symlink: /root/ws_sensor_combined/install/px4_msgs/include/px4_msgs/px4_msgs/msg/detail/tune_control__rosidl_typesupport_introspection_c.h\n'}
[0.849471] (px4_msgs) StdoutLine: {'line': b'-- Up-to-date symlink: /root/ws_sensor_combined/install/px4_msgs/include/px4_msgs/px4_msgs/msg/detail/uavcan_parameter_request__rosidl_typesupport_introspection_c.h\n'}
[0.849564] (px4_msgs) StdoutLine: {'line': b'-- Up-to-date symlink: /root/ws_sensor_combined/install/px4_msgs/include/px4_msgs/px4_msgs/msg/detail/uavcan_parameter_value__rosidl_typesupport_introspection_c.h\n'}
[0.849597] (px4_msgs) StdoutLine: {'line': b'-- Up-to-date symlink: /root/ws_sensor_combined/install/px4_msgs/include/px4_msgs/px4_msgs/msg/detail/ulog_stream__rosidl_typesupport_introspection_c.h\n'}
[0.849660] (px4_msgs) StdoutLine: {'line': b'-- Up-to-date symlink: /root/ws_sensor_combined/install/px4_msgs/include/px4_msgs/px4_msgs/msg/detail/ulog_stream_ack__rosidl_typesupport_introspection_c.h\n'}
[0.849744] (px4_msgs) StdoutLine: {'line': b'-- Up-to-date symlink: /root/ws_sensor_combined/install/px4_msgs/include/px4_msgs/px4_msgs/msg/detail/unregister_ext_component__rosidl_typesupport_introspection_c.h\n'}
[0.849821] (px4_msgs) StdoutLine: {'line': b'-- Up-to-date symlink: /root/ws_sensor_combined/install/px4_msgs/include/px4_msgs/px4_msgs/msg/detail/vehicle_acceleration__rosidl_typesupport_introspection_c.h\n'}
[0.849906] (px4_msgs) StdoutLine: {'line': b'-- Up-to-date symlink: /root/ws_sensor_combined/install/px4_msgs/include/px4_msgs/px4_msgs/msg/detail/vehicle_air_data__rosidl_typesupport_introspection_c.h\n'}
[0.850037] (px4_msgs) StdoutLine: {'line': b'-- Up-to-date symlink: /root/ws_sensor_combined/install/px4_msgs/include/px4_msgs/px4_msgs/msg/detail/vehicle_angular_acceleration_setpoint__rosidl_typesupport_introspection_c.h\n'}
[0.850214] (px4_msgs) StdoutLine: {'line': b'-- Up-to-date symlink: /root/ws_sensor_combined/install/px4_msgs/include/px4_msgs/px4_msgs/msg/detail/vehicle_angular_velocity__rosidl_typesupport_introspection_c.h\n'}
[0.850293] (px4_msgs) StdoutLine: {'line': b'-- Up-to-date symlink: /root/ws_sensor_combined/install/px4_msgs/include/px4_msgs/px4_msgs/msg/detail/vehicle_attitude__rosidl_typesupport_introspection_c.h\n'}
[0.850374] (px4_msgs) StdoutLine: {'line': b'-- Up-to-date symlink: /root/ws_sensor_combined/install/px4_msgs/include/px4_msgs/px4_msgs/msg/detail/vehicle_attitude_setpoint__rosidl_typesupport_introspection_c.h\n'}
[0.850496] (px4_msgs) StdoutLine: {'line': b'-- Up-to-date symlink: /root/ws_sensor_combined/install/px4_msgs/include/px4_msgs/px4_msgs/msg/detail/vehicle_command__rosidl_typesupport_introspection_c.h\n'}
[0.850585] (px4_msgs) StdoutLine: {'line': b'-- Up-to-date symlink: /root/ws_sensor_combined/install/px4_msgs/include/px4_msgs/px4_msgs/msg/detail/vehicle_command_ack__rosidl_typesupport_introspection_c.h\n'}
[0.850668] (px4_msgs) StdoutLine: {'line': b'-- Up-to-date symlink: /root/ws_sensor_combined/install/px4_msgs/include/px4_msgs/px4_msgs/msg/detail/vehicle_constraints__rosidl_typesupport_introspection_c.h\n'}
[0.850804] (px4_msgs) StdoutLine: {'line': b'-- Up-to-date symlink: /root/ws_sensor_combined/install/px4_msgs/include/px4_msgs/px4_msgs/msg/detail/vehicle_control_mode__rosidl_typesupport_introspection_c.h\n'}
[0.850887] (px4_msgs) StdoutLine: {'line': b'-- Up-to-date symlink: /root/ws_sensor_combined/install/px4_msgs/include/px4_msgs/px4_msgs/msg/detail/vehicle_global_position__rosidl_typesupport_introspection_c.h\n'}
[0.850967] (px4_msgs) StdoutLine: {'line': b'-- Up-to-date symlink: /root/ws_sensor_combined/install/px4_msgs/include/px4_msgs/px4_msgs/msg/detail/vehicle_imu__rosidl_typesupport_introspection_c.h\n'}
[0.851046] (px4_msgs) StdoutLine: {'line': b'-- Up-to-date symlink: /root/ws_sensor_combined/install/px4_msgs/include/px4_msgs/px4_msgs/msg/detail/vehicle_imu_status__rosidl_typesupport_introspection_c.h\n'}
[0.851126] (px4_msgs) StdoutLine: {'line': b'-- Up-to-date symlink: /root/ws_sensor_combined/install/px4_msgs/include/px4_msgs/px4_msgs/msg/detail/vehicle_land_detected__rosidl_typesupport_introspection_c.h\n'}
[0.851206] (px4_msgs) StdoutLine: {'line': b'-- Up-to-date symlink: /root/ws_sensor_combined/install/px4_msgs/include/px4_msgs/px4_msgs/msg/detail/vehicle_local_position__rosidl_typesupport_introspection_c.h\n'}
[0.851286] (px4_msgs) StdoutLine: {'line': b'-- Up-to-date symlink: /root/ws_sensor_combined/install/px4_msgs/include/px4_msgs/px4_msgs/msg/detail/vehicle_local_position_setpoint__rosidl_typesupport_introspection_c.h\n'}
[0.851355] (px4_msgs) StdoutLine: {'line': b'-- Up-to-date symlink: /root/ws_sensor_combined/install/px4_msgs/include/px4_msgs/px4_msgs/msg/detail/vehicle_magnetometer__rosidl_typesupport_introspection_c.h\n'}
[0.851435] (px4_msgs) StdoutLine: {'line': b'-- Up-to-date symlink: /root/ws_sensor_combined/install/px4_msgs/include/px4_msgs/px4_msgs/msg/detail/vehicle_odometry__rosidl_typesupport_introspection_c.h\n'}
[0.851581] (px4_msgs) StdoutLine: {'line': b'-- Up-to-date symlink: /root/ws_sensor_combined/install/px4_msgs/include/px4_msgs/px4_msgs/msg/detail/vehicle_optical_flow__rosidl_typesupport_introspection_c.h\n'}
[0.851625] (px4_msgs) StdoutLine: {'line': b'-- Up-to-date symlink: /root/ws_sensor_combined/install/px4_msgs/include/px4_msgs/px4_msgs/msg/detail/vehicle_optical_flow_vel__rosidl_typesupport_introspection_c.h\n'}
[0.851651] (px4_msgs) StdoutLine: {'line': b'-- Up-to-date symlink: /root/ws_sensor_combined/install/px4_msgs/include/px4_msgs/px4_msgs/msg/detail/vehicle_rates_setpoint__rosidl_typesupport_introspection_c.h\n'}
[0.851675] (px4_msgs) StdoutLine: {'line': b'-- Up-to-date symlink: /root/ws_sensor_combined/install/px4_msgs/include/px4_msgs/px4_msgs/msg/detail/vehicle_roi__rosidl_typesupport_introspection_c.h\n'}
[0.851700] (px4_msgs) StdoutLine: {'line': b'-- Up-to-date symlink: /root/ws_sensor_combined/install/px4_msgs/include/px4_msgs/px4_msgs/msg/detail/vehicle_status__rosidl_typesupport_introspection_c.h\n'}
[0.851784] (px4_msgs) StdoutLine: {'line': b'-- Up-to-date symlink: /root/ws_sensor_combined/install/px4_msgs/include/px4_msgs/px4_msgs/msg/detail/vehicle_thrust_setpoint__rosidl_typesupport_introspection_c.h\n'}
[0.851867] (px4_msgs) StdoutLine: {'line': b'-- Up-to-date symlink: /root/ws_sensor_combined/install/px4_msgs/include/px4_msgs/px4_msgs/msg/detail/vehicle_torque_setpoint__rosidl_typesupport_introspection_c.h\n'}
[0.851949] (px4_msgs) StdoutLine: {'line': b'-- Up-to-date symlink: /root/ws_sensor_combined/install/px4_msgs/include/px4_msgs/px4_msgs/msg/detail/velocity_limits__rosidl_typesupport_introspection_c.h\n'}
[0.852031] (px4_msgs) StdoutLine: {'line': b'-- Up-to-date symlink: /root/ws_sensor_combined/install/px4_msgs/include/px4_msgs/px4_msgs/msg/detail/vtol_vehicle_status__rosidl_typesupport_introspection_c.h\n'}
[0.852115] (px4_msgs) StdoutLine: {'line': b'-- Up-to-date symlink: /root/ws_sensor_combined/install/px4_msgs/include/px4_msgs/px4_msgs/msg/detail/wheel_encoders__rosidl_typesupport_introspection_c.h\n'}
[0.852251] (px4_msgs) StdoutLine: {'line': b'-- Up-to-date symlink: /root/ws_sensor_combined/install/px4_msgs/include/px4_msgs/px4_msgs/msg/detail/wind__rosidl_typesupport_introspection_c.h\n'}
[0.852335] (px4_msgs) StdoutLine: {'line': b'-- Up-to-date symlink: /root/ws_sensor_combined/install/px4_msgs/include/px4_msgs/px4_msgs/msg/detail/yaw_estimator_status__rosidl_typesupport_introspection_c.h\n'}
[0.852416] (px4_msgs) StdoutLine: {'line': b'-- Up-to-date symlink: /root/ws_sensor_combined/install/px4_msgs/include/px4_msgs/px4_msgs/msg/rosidl_typesupport_introspection_c__visibility_control.h\n'}
[0.852496] (px4_msgs) StdoutLine: {'line': b'-- Up-to-date symlink: /root/ws_sensor_combined/install/px4_msgs/include/px4_msgs/px4_msgs/srv/detail/vehicle_command__rosidl_typesupport_introspection_c.h\n'}
[0.852577] (px4_msgs) StdoutLine: {'line': b'-- Up-to-date symlink: /root/ws_sensor_combined/install/px4_msgs/include/px4_msgs/px4_msgs/msg/detail/action_request__rosidl_typesupport_introspection_cpp.hpp\n'}
[0.852657] (px4_msgs) StdoutLine: {'line': b'-- Up-to-date symlink: /root/ws_sensor_combined/install/px4_msgs/include/px4_msgs/px4_msgs/msg/detail/actuator_armed__rosidl_typesupport_introspection_cpp.hpp\n'}
[0.852741] (px4_msgs) StdoutLine: {'line': b'-- Up-to-date symlink: /root/ws_sensor_combined/install/px4_msgs/include/px4_msgs/px4_msgs/msg/detail/actuator_controls_status__rosidl_typesupport_introspection_cpp.hpp\n'}
[0.852822] (px4_msgs) StdoutLine: {'line': b'-- Up-to-date symlink: /root/ws_sensor_combined/install/px4_msgs/include/px4_msgs/px4_msgs/msg/detail/actuator_motors__rosidl_typesupport_introspection_cpp.hpp\n'}
[0.852902] (px4_msgs) StdoutLine: {'line': b'-- Up-to-date symlink: /root/ws_sensor_combined/install/px4_msgs/include/px4_msgs/px4_msgs/msg/detail/actuator_outputs__rosidl_typesupport_introspection_cpp.hpp\n'}
[0.852972] (px4_msgs) StdoutLine: {'line': b'-- Up-to-date symlink: /root/ws_sensor_combined/install/px4_msgs/include/px4_msgs/px4_msgs/msg/detail/actuator_servos__rosidl_typesupport_introspection_cpp.hpp\n'}
[0.853053] (px4_msgs) StdoutLine: {'line': b'-- Up-to-date symlink: /root/ws_sensor_combined/install/px4_msgs/include/px4_msgs/px4_msgs/msg/detail/actuator_servos_trim__rosidl_typesupport_introspection_cpp.hpp\n'}
[0.853134] (px4_msgs) StdoutLine: {'line': b'-- Up-to-date symlink: /root/ws_sensor_combined/install/px4_msgs/include/px4_msgs/px4_msgs/msg/detail/actuator_test__rosidl_typesupport_introspection_cpp.hpp\n'}
[0.853219] (px4_msgs) StdoutLine: {'line': b'-- Up-to-date symlink: /root/ws_sensor_combined/install/px4_msgs/include/px4_msgs/px4_msgs/msg/detail/adc_report__rosidl_typesupport_introspection_cpp.hpp\n'}
[0.853298] (px4_msgs) StdoutLine: {'line': b'-- Up-to-date symlink: /root/ws_sensor_combined/install/px4_msgs/include/px4_msgs/px4_msgs/msg/detail/airspeed__rosidl_typesupport_introspection_cpp.hpp\n'}
[0.853377] (px4_msgs) StdoutLine: {'line': b'-- Up-to-date symlink: /root/ws_sensor_combined/install/px4_msgs/include/px4_msgs/px4_msgs/msg/detail/airspeed_validated__rosidl_typesupport_introspection_cpp.hpp\n'}
[0.853457] (px4_msgs) StdoutLine: {'line': b'-- Up-to-date symlink: /root/ws_sensor_combined/install/px4_msgs/include/px4_msgs/px4_msgs/msg/detail/airspeed_wind__rosidl_typesupport_introspection_cpp.hpp\n'}
[0.853572] (px4_msgs) StdoutLine: {'line': b'-- Up-to-date symlink: /root/ws_sensor_combined/install/px4_msgs/include/px4_msgs/px4_msgs/msg/detail/arming_check_reply__rosidl_typesupport_introspection_cpp.hpp\n'}
[0.853665] (px4_msgs) StdoutLine: {'line': b'-- Up-to-date symlink: /root/ws_sensor_combined/install/px4_msgs/include/px4_msgs/px4_msgs/msg/detail/arming_check_request__rosidl_typesupport_introspection_cpp.hpp\n'}
[0.853816] (px4_msgs) StdoutLine: {'line': b'-- Up-to-date symlink: /root/ws_sensor_combined/install/px4_msgs/include/px4_msgs/px4_msgs/msg/detail/autotune_attitude_control_status__rosidl_typesupport_introspection_cpp.hpp\n'}
[0.853928] (px4_msgs) StdoutLine: {'line': b'-- Up-to-date symlink: /root/ws_sensor_combined/install/px4_msgs/include/px4_msgs/px4_msgs/msg/detail/battery_info__rosidl_typesupport_introspection_cpp.hpp\n'}
[0.854089] (px4_msgs) StdoutLine: {'line': b'-- Up-to-date symlink: /root/ws_sensor_combined/install/px4_msgs/include/px4_msgs/px4_msgs/msg/detail/battery_status__rosidl_typesupport_introspection_cpp.hpp\n'}
[0.854175] (px4_msgs) StdoutLine: {'line': b'-- Up-to-date symlink: /root/ws_sensor_combined/install/px4_msgs/include/px4_msgs/px4_msgs/msg/detail/button_event__rosidl_typesupport_introspection_cpp.hpp\n'}
[0.854246] (px4_msgs) StdoutLine: {'line': b'-- Up-to-date symlink: /root/ws_sensor_combined/install/px4_msgs/include/px4_msgs/px4_msgs/msg/detail/camera_capture__rosidl_typesupport_introspection_cpp.hpp\n'}
[0.854326] (px4_msgs) StdoutLine: {'line': b'-- Up-to-date symlink: /root/ws_sensor_combined/install/px4_msgs/include/px4_msgs/px4_msgs/msg/detail/camera_status__rosidl_typesupport_introspection_cpp.hpp\n'}
[0.854386] (px4_msgs) StdoutLine: {'line': b'-- Up-to-date symlink: /root/ws_sensor_combined/install/px4_msgs/include/px4_msgs/px4_msgs/msg/detail/camera_trigger__rosidl_typesupport_introspection_cpp.hpp\n'}
[0.854447] (px4_msgs) StdoutLine: {'line': b'-- Up-to-date symlink: /root/ws_sensor_combined/install/px4_msgs/include/px4_msgs/px4_msgs/msg/detail/can_interface_status__rosidl_typesupport_introspection_cpp.hpp\n'}
[0.854600] (px4_msgs) StdoutLine: {'line': b'-- Up-to-date symlink: /root/ws_sensor_combined/install/px4_msgs/include/px4_msgs/px4_msgs/msg/detail/cellular_status__rosidl_typesupport_introspection_cpp.hpp\n'}
[0.854664] (px4_msgs) StdoutLine: {'line': b'-- Up-to-date symlink: /root/ws_sensor_combined/install/px4_msgs/include/px4_msgs/px4_msgs/msg/detail/collision_constraints__rosidl_typesupport_introspection_cpp.hpp\n'}
[0.854724] (px4_msgs) StdoutLine: {'line': b'-- Up-to-date symlink: /root/ws_sensor_combined/install/px4_msgs/include/px4_msgs/px4_msgs/msg/detail/config_overrides__rosidl_typesupport_introspection_cpp.hpp\n'}
[0.854804] (px4_msgs) StdoutLine: {'line': b'-- Up-to-date symlink: /root/ws_sensor_combined/install/px4_msgs/include/px4_msgs/px4_msgs/msg/detail/control_allocator_status__rosidl_typesupport_introspection_cpp.hpp\n'}
[0.854946] (px4_msgs) StdoutLine: {'line': b'-- Up-to-date symlink: /root/ws_sensor_combined/install/px4_msgs/include/px4_msgs/px4_msgs/msg/detail/cpuload__rosidl_typesupport_introspection_cpp.hpp\n'}
[0.855032] (px4_msgs) StdoutLine: {'line': b'-- Up-to-date symlink: /root/ws_sensor_combined/install/px4_msgs/include/px4_msgs/px4_msgs/msg/detail/dataman_request__rosidl_typesupport_introspection_cpp.hpp\n'}
[0.855116] (px4_msgs) StdoutLine: {'line': b'-- Up-to-date symlink: /root/ws_sensor_combined/install/px4_msgs/include/px4_msgs/px4_msgs/msg/detail/dataman_response__rosidl_typesupport_introspection_cpp.hpp\n'}
[0.855195] (px4_msgs) StdoutLine: {'line': b'-- Up-to-date symlink: /root/ws_sensor_combined/install/px4_msgs/include/px4_msgs/px4_msgs/msg/detail/debug_array__rosidl_typesupport_introspection_cpp.hpp\n'}
[0.855305] (px4_msgs) StdoutLine: {'line': b'-- Up-to-date symlink: /root/ws_sensor_combined/install/px4_msgs/include/px4_msgs/px4_msgs/msg/detail/debug_key_value__rosidl_typesupport_introspection_cpp.hpp\n'}
[0.855362] (px4_msgs) StdoutLine: {'line': b'-- Up-to-date symlink: /root/ws_sensor_combined/install/px4_msgs/include/px4_msgs/px4_msgs/msg/detail/debug_value__rosidl_typesupport_introspection_cpp.hpp\n'}
[0.855443] (px4_msgs) StdoutLine: {'line': b'-- Up-to-date symlink: /root/ws_sensor_combined/install/px4_msgs/include/px4_msgs/px4_msgs/msg/detail/debug_vect__rosidl_typesupport_introspection_cpp.hpp\n'}
[0.855547] (px4_msgs) StdoutLine: {'line': b'-- Up-to-date symlink: /root/ws_sensor_combined/install/px4_msgs/include/px4_msgs/px4_msgs/msg/detail/differential_pressure__rosidl_typesupport_introspection_cpp.hpp\n'}
[0.855575] (px4_msgs) StdoutLine: {'line': b'-- Up-to-date symlink: /root/ws_sensor_combined/install/px4_msgs/include/px4_msgs/px4_msgs/msg/detail/distance_sensor__rosidl_typesupport_introspection_cpp.hpp\n'}
[0.855640] (px4_msgs) StdoutLine: {'line': b'-- Up-to-date symlink: /root/ws_sensor_combined/install/px4_msgs/include/px4_msgs/px4_msgs/msg/detail/distance_sensor_mode_change_request__rosidl_typesupport_introspection_cpp.hpp\n'}
[0.855719] (px4_msgs) StdoutLine: {'line': b'-- Up-to-date symlink: /root/ws_sensor_combined/install/px4_msgs/include/px4_msgs/px4_msgs/msg/detail/dronecan_node_status__rosidl_typesupport_introspection_cpp.hpp\n'}
[0.855799] (px4_msgs) StdoutLine: {'line': b'-- Up-to-date symlink: /root/ws_sensor_combined/install/px4_msgs/include/px4_msgs/px4_msgs/msg/detail/ekf2_timestamps__rosidl_typesupport_introspection_cpp.hpp\n'}
[0.855878] (px4_msgs) StdoutLine: {'line': b'-- Up-to-date symlink: /root/ws_sensor_combined/install/px4_msgs/include/px4_msgs/px4_msgs/msg/detail/esc_report__rosidl_typesupport_introspection_cpp.hpp\n'}
[0.855958] (px4_msgs) StdoutLine: {'line': b'-- Up-to-date symlink: /root/ws_sensor_combined/install/px4_msgs/include/px4_msgs/px4_msgs/msg/detail/esc_status__rosidl_typesupport_introspection_cpp.hpp\n'}
[0.856038] (px4_msgs) StdoutLine: {'line': b'-- Up-to-date symlink: /root/ws_sensor_combined/install/px4_msgs/include/px4_msgs/px4_msgs/msg/detail/estimator_aid_source1d__rosidl_typesupport_introspection_cpp.hpp\n'}
[0.856119] (px4_msgs) StdoutLine: {'line': b'-- Up-to-date symlink: /root/ws_sensor_combined/install/px4_msgs/include/px4_msgs/px4_msgs/msg/detail/estimator_aid_source2d__rosidl_typesupport_introspection_cpp.hpp\n'}
[0.856199] (px4_msgs) StdoutLine: {'line': b'-- Up-to-date symlink: /root/ws_sensor_combined/install/px4_msgs/include/px4_msgs/px4_msgs/msg/detail/estimator_aid_source3d__rosidl_typesupport_introspection_cpp.hpp\n'}
[0.856268] (px4_msgs) StdoutLine: {'line': b'-- Up-to-date symlink: /root/ws_sensor_combined/install/px4_msgs/include/px4_msgs/px4_msgs/msg/detail/estimator_bias3d__rosidl_typesupport_introspection_cpp.hpp\n'}
[0.856348] (px4_msgs) StdoutLine: {'line': b'-- Up-to-date symlink: /root/ws_sensor_combined/install/px4_msgs/include/px4_msgs/px4_msgs/msg/detail/estimator_bias__rosidl_typesupport_introspection_cpp.hpp\n'}
[0.856428] (px4_msgs) StdoutLine: {'line': b'-- Up-to-date symlink: /root/ws_sensor_combined/install/px4_msgs/include/px4_msgs/px4_msgs/msg/detail/estimator_event_flags__rosidl_typesupport_introspection_cpp.hpp\n'}
[0.856508] (px4_msgs) StdoutLine: {'line': b'-- Up-to-date symlink: /root/ws_sensor_combined/install/px4_msgs/include/px4_msgs/px4_msgs/msg/detail/estimator_gps_status__rosidl_typesupport_introspection_cpp.hpp\n'}
[0.856587] (px4_msgs) StdoutLine: {'line': b'-- Up-to-date symlink: /root/ws_sensor_combined/install/px4_msgs/include/px4_msgs/px4_msgs/msg/detail/estimator_innovations__rosidl_typesupport_introspection_cpp.hpp\n'}
[0.856667] (px4_msgs) StdoutLine: {'line': b'-- Up-to-date symlink: /root/ws_sensor_combined/install/px4_msgs/include/px4_msgs/px4_msgs/msg/detail/estimator_selector_status__rosidl_typesupport_introspection_cpp.hpp\n'}
[0.856747] (px4_msgs) StdoutLine: {'line': b'-- Up-to-date symlink: /root/ws_sensor_combined/install/px4_msgs/include/px4_msgs/px4_msgs/msg/detail/estimator_sensor_bias__rosidl_typesupport_introspection_cpp.hpp\n'}
[0.856826] (px4_msgs) StdoutLine: {'line': b'-- Up-to-date symlink: /root/ws_sensor_combined/install/px4_msgs/include/px4_msgs/px4_msgs/msg/detail/estimator_states__rosidl_typesupport_introspection_cpp.hpp\n'}
[0.856905] (px4_msgs) StdoutLine: {'line': b'-- Up-to-date symlink: /root/ws_sensor_combined/install/px4_msgs/include/px4_msgs/px4_msgs/msg/detail/estimator_status__rosidl_typesupport_introspection_cpp.hpp\n'}
[0.856985] (px4_msgs) StdoutLine: {'line': b'-- Up-to-date symlink: /root/ws_sensor_combined/install/px4_msgs/include/px4_msgs/px4_msgs/msg/detail/estimator_status_flags__rosidl_typesupport_introspection_cpp.hpp\n'}
[0.857068] (px4_msgs) StdoutLine: {'line': b'-- Up-to-date symlink: /root/ws_sensor_combined/install/px4_msgs/include/px4_msgs/px4_msgs/msg/detail/event__rosidl_typesupport_introspection_cpp.hpp\n'}
[0.857138] (px4_msgs) StdoutLine: {'line': b'-- Up-to-date symlink: /root/ws_sensor_combined/install/px4_msgs/include/px4_msgs/px4_msgs/msg/detail/failsafe_flags__rosidl_typesupport_introspection_cpp.hpp\n'}
[0.857200] (px4_msgs) StdoutLine: {'line': b'-- Up-to-date symlink: /root/ws_sensor_combined/install/px4_msgs/include/px4_msgs/px4_msgs/msg/detail/failure_detector_status__rosidl_typesupport_introspection_cpp.hpp\n'}
[0.857377] (px4_msgs) StdoutLine: {'line': b'-- Up-to-date symlink: /root/ws_sensor_combined/install/px4_msgs/include/px4_msgs/px4_msgs/msg/detail/figure_eight_status__rosidl_typesupport_introspection_cpp.hpp\n'}
[0.857453] (px4_msgs) StdoutLine: {'line': b'-- Up-to-date symlink: /root/ws_sensor_combined/install/px4_msgs/include/px4_msgs/px4_msgs/msg/detail/fixed_wing_lateral_guidance_status__rosidl_typesupport_introspection_cpp.hpp\n'}
[0.857535] (px4_msgs) StdoutLine: {'line': b'-- Up-to-date symlink: /root/ws_sensor_combined/install/px4_msgs/include/px4_msgs/px4_msgs/msg/detail/fixed_wing_lateral_setpoint__rosidl_typesupport_introspection_cpp.hpp\n'}
[0.857763] (px4_msgs) StdoutLine: {'line': b'-- Up-to-date symlink: /root/ws_sensor_combined/install/px4_msgs/include/px4_msgs/px4_msgs/msg/detail/fixed_wing_lateral_status__rosidl_typesupport_introspection_cpp.hpp\n'}
[0.857808] (px4_msgs) StdoutLine: {'line': b'-- Up-to-date symlink: /root/ws_sensor_combined/install/px4_msgs/include/px4_msgs/px4_msgs/msg/detail/fixed_wing_longitudinal_setpoint__rosidl_typesupport_introspection_cpp.hpp\n'}
[0.857836] (px4_msgs) StdoutLine: {'line': b'-- Up-to-date symlink: /root/ws_sensor_combined/install/px4_msgs/include/px4_msgs/px4_msgs/msg/detail/fixed_wing_runway_control__rosidl_typesupport_introspection_cpp.hpp\n'}
[0.857862] (px4_msgs) StdoutLine: {'line': b'-- Up-to-date symlink: /root/ws_sensor_combined/install/px4_msgs/include/px4_msgs/px4_msgs/msg/detail/flight_phase_estimation__rosidl_typesupport_introspection_cpp.hpp\n'}
[0.857941] (px4_msgs) StdoutLine: {'line': b'-- Up-to-date symlink: /root/ws_sensor_combined/install/px4_msgs/include/px4_msgs/px4_msgs/msg/detail/follow_target__rosidl_typesupport_introspection_cpp.hpp\n'}
[0.858064] (px4_msgs) StdoutLine: {'line': b'-- Up-to-date symlink: /root/ws_sensor_combined/install/px4_msgs/include/px4_msgs/px4_msgs/msg/detail/follow_target_estimator__rosidl_typesupport_introspection_cpp.hpp\n'}
[0.858160] (px4_msgs) StdoutLine: {'line': b'-- Up-to-date symlink: /root/ws_sensor_combined/install/px4_msgs/include/px4_msgs/px4_msgs/msg/detail/follow_target_status__rosidl_typesupport_introspection_cpp.hpp\n'}
[0.858287] (px4_msgs) StdoutLine: {'line': b'-- Up-to-date symlink: /root/ws_sensor_combined/install/px4_msgs/include/px4_msgs/px4_msgs/msg/detail/fuel_tank_status__rosidl_typesupport_introspection_cpp.hpp\n'}
[0.858360] (px4_msgs) StdoutLine: {'line': b'-- Up-to-date symlink: /root/ws_sensor_combined/install/px4_msgs/include/px4_msgs/px4_msgs/msg/detail/generator_status__rosidl_typesupport_introspection_cpp.hpp\n'}
[0.858408] (px4_msgs) StdoutLine: {'line': b'-- Up-to-date symlink: /root/ws_sensor_combined/install/px4_msgs/include/px4_msgs/px4_msgs/msg/detail/geofence_result__rosidl_typesupport_introspection_cpp.hpp\n'}
[0.858491] (px4_msgs) StdoutLine: {'line': b'-- Up-to-date symlink: /root/ws_sensor_combined/install/px4_msgs/include/px4_msgs/px4_msgs/msg/detail/geofence_status__rosidl_typesupport_introspection_cpp.hpp\n'}
[0.858572] (px4_msgs) StdoutLine: {'line': b'-- Up-to-date symlink: /root/ws_sensor_combined/install/px4_msgs/include/px4_msgs/px4_msgs/msg/detail/gimbal_controls__rosidl_typesupport_introspection_cpp.hpp\n'}
[0.858652] (px4_msgs) StdoutLine: {'line': b'-- Up-to-date symlink: /root/ws_sensor_combined/install/px4_msgs/include/px4_msgs/px4_msgs/msg/detail/gimbal_device_attitude_status__rosidl_typesupport_introspection_cpp.hpp\n'}
[0.858740] (px4_msgs) StdoutLine: {'line': b'-- Up-to-date symlink: /root/ws_sensor_combined/install/px4_msgs/include/px4_msgs/px4_msgs/msg/detail/gimbal_device_information__rosidl_typesupport_introspection_cpp.hpp\n'}
[0.858799] (px4_msgs) StdoutLine: {'line': b'-- Up-to-date symlink: /root/ws_sensor_combined/install/px4_msgs/include/px4_msgs/px4_msgs/msg/detail/gimbal_device_set_attitude__rosidl_typesupport_introspection_cpp.hpp\n'}
[0.858958] (px4_msgs) StdoutLine: {'line': b'-- Up-to-date symlink: /root/ws_sensor_combined/install/px4_msgs/include/px4_msgs/px4_msgs/msg/detail/gimbal_manager_information__rosidl_typesupport_introspection_cpp.hpp\n'}
[0.859044] (px4_msgs) StdoutLine: {'line': b'-- Up-to-date symlink: /root/ws_sensor_combined/install/px4_msgs/include/px4_msgs/px4_msgs/msg/detail/gimbal_manager_set_attitude__rosidl_typesupport_introspection_cpp.hpp\n'}
[0.859120] (px4_msgs) StdoutLine: {'line': b'-- Up-to-date symlink: /root/ws_sensor_combined/install/px4_msgs/include/px4_msgs/px4_msgs/msg/detail/gimbal_manager_set_manual_control__rosidl_typesupport_introspection_cpp.hpp\n'}
[0.859203] (px4_msgs) StdoutLine: {'line': b'-- Up-to-date symlink: /root/ws_sensor_combined/install/px4_msgs/include/px4_msgs/px4_msgs/msg/detail/gimbal_manager_status__rosidl_typesupport_introspection_cpp.hpp\n'}
[0.859314] (px4_msgs) StdoutLine: {'line': b'-- Up-to-date symlink: /root/ws_sensor_combined/install/px4_msgs/include/px4_msgs/px4_msgs/msg/detail/goto_setpoint__rosidl_typesupport_introspection_cpp.hpp\n'}
[0.859398] (px4_msgs) StdoutLine: {'line': b'-- Up-to-date symlink: /root/ws_sensor_combined/install/px4_msgs/include/px4_msgs/px4_msgs/msg/detail/gpio_config__rosidl_typesupport_introspection_cpp.hpp\n'}
[0.859479] (px4_msgs) StdoutLine: {'line': b'-- Up-to-date symlink: /root/ws_sensor_combined/install/px4_msgs/include/px4_msgs/px4_msgs/msg/detail/gpio_in__rosidl_typesupport_introspection_cpp.hpp\n'}
[0.859526] (px4_msgs) StdoutLine: {'line': b'-- Up-to-date symlink: /root/ws_sensor_combined/install/px4_msgs/include/px4_msgs/px4_msgs/msg/detail/gpio_out__rosidl_typesupport_introspection_cpp.hpp\n'}
[0.859554] (px4_msgs) StdoutLine: {'line': b'-- Up-to-date symlink: /root/ws_sensor_combined/install/px4_msgs/include/px4_msgs/px4_msgs/msg/detail/gpio_request__rosidl_typesupport_introspection_cpp.hpp\n'}
[0.859583] (px4_msgs) StdoutLine: {'line': b'-- Up-to-date symlink: /root/ws_sensor_combined/install/px4_msgs/include/px4_msgs/px4_msgs/msg/detail/gps_dump__rosidl_typesupport_introspection_cpp.hpp\n'}
[0.859616] (px4_msgs) StdoutLine: {'line': b'-- Up-to-date symlink: /root/ws_sensor_combined/install/px4_msgs/include/px4_msgs/px4_msgs/msg/detail/gps_inject_data__rosidl_typesupport_introspection_cpp.hpp\n'}
[0.859757] (px4_msgs) StdoutLine: {'line': b'-- Up-to-date symlink: /root/ws_sensor_combined/install/px4_msgs/include/px4_msgs/px4_msgs/msg/detail/gripper__rosidl_typesupport_introspection_cpp.hpp\n'}
[0.860172] (px4_msgs) StdoutLine: {'line': b'-- Up-to-date symlink: /root/ws_sensor_combined/install/px4_msgs/include/px4_msgs/px4_msgs/msg/detail/health_report__rosidl_typesupport_introspection_cpp.hpp\n'}
[0.860296] (px4_msgs) StdoutLine: {'line': b'-- Up-to-date symlink: /root/ws_sensor_combined/install/px4_msgs/include/px4_msgs/px4_msgs/msg/detail/heater_status__rosidl_typesupport_introspection_cpp.hpp\n'}
[0.860512] (px4_msgs) StdoutLine: {'line': b'-- Up-to-date symlink: /root/ws_sensor_combined/install/px4_msgs/include/px4_msgs/px4_msgs/msg/detail/home_position__rosidl_typesupport_introspection_cpp.hpp\n'}
[0.860555] (px4_msgs) StdoutLine: {'line': b'-- Up-to-date symlink: /root/ws_sensor_combined/install/px4_msgs/include/px4_msgs/px4_msgs/msg/detail/hover_thrust_estimate__rosidl_typesupport_introspection_cpp.hpp\n'}
[0.860606] (px4_msgs) StdoutLine: {'line': b'-- Up-to-date symlink: /root/ws_sensor_combined/install/px4_msgs/include/px4_msgs/px4_msgs/msg/detail/input_rc__rosidl_typesupport_introspection_cpp.hpp\n'}
[0.860870] (px4_msgs) StdoutLine: {'line': b'-- Up-to-date symlink: /root/ws_sensor_combined/install/px4_msgs/include/px4_msgs/px4_msgs/msg/detail/internal_combustion_engine_control__rosidl_typesupport_introspection_cpp.hpp\n'}
[0.860952] (px4_msgs) StdoutLine: {'line': b'-- Up-to-date symlink: /root/ws_sensor_combined/install/px4_msgs/include/px4_msgs/px4_msgs/msg/detail/internal_combustion_engine_status__rosidl_typesupport_introspection_cpp.hpp\n'}
[0.861032] (px4_msgs) StdoutLine: {'line': b'-- Up-to-date symlink: /root/ws_sensor_combined/install/px4_msgs/include/px4_msgs/px4_msgs/msg/detail/iridiumsbd_status__rosidl_typesupport_introspection_cpp.hpp\n'}
[0.861111] (px4_msgs) StdoutLine: {'line': b'-- Up-to-date symlink: /root/ws_sensor_combined/install/px4_msgs/include/px4_msgs/px4_msgs/msg/detail/irlock_report__rosidl_typesupport_introspection_cpp.hpp\n'}
[0.861180] (px4_msgs) StdoutLine: {'line': b'-- Up-to-date symlink: /root/ws_sensor_combined/install/px4_msgs/include/px4_msgs/px4_msgs/msg/detail/landing_gear__rosidl_typesupport_introspection_cpp.hpp\n'}
[0.861226] (px4_msgs) StdoutLine: {'line': b'-- Up-to-date symlink: /root/ws_sensor_combined/install/px4_msgs/include/px4_msgs/px4_msgs/msg/detail/landing_gear_wheel__rosidl_typesupport_introspection_cpp.hpp\n'}
[0.861252] (px4_msgs) StdoutLine: {'line': b'-- Up-to-date symlink: /root/ws_sensor_combined/install/px4_msgs/include/px4_msgs/px4_msgs/msg/detail/landing_target_innovations__rosidl_typesupport_introspection_cpp.hpp\n'}
[0.861277] (px4_msgs) StdoutLine: {'line': b'-- Up-to-date symlink: /root/ws_sensor_combined/install/px4_msgs/include/px4_msgs/px4_msgs/msg/detail/landing_target_pose__rosidl_typesupport_introspection_cpp.hpp\n'}
[0.861301] (px4_msgs) StdoutLine: {'line': b'-- Up-to-date symlink: /root/ws_sensor_combined/install/px4_msgs/include/px4_msgs/px4_msgs/msg/detail/lateral_control_configuration__rosidl_typesupport_introspection_cpp.hpp\n'}
[0.861423] (px4_msgs) StdoutLine: {'line': b'-- Up-to-date symlink: /root/ws_sensor_combined/install/px4_msgs/include/px4_msgs/px4_msgs/msg/detail/launch_detection_status__rosidl_typesupport_introspection_cpp.hpp\n'}
[0.861574] (px4_msgs) StdoutLine: {'line': b'-- Up-to-date symlink: /root/ws_sensor_combined/install/px4_msgs/include/px4_msgs/px4_msgs/msg/detail/led_control__rosidl_typesupport_introspection_cpp.hpp\n'}
[0.861661] (px4_msgs) StdoutLine: {'line': b'-- Up-to-date symlink: /root/ws_sensor_combined/install/px4_msgs/include/px4_msgs/px4_msgs/msg/detail/log_message__rosidl_typesupport_introspection_cpp.hpp\n'}
[0.861767] (px4_msgs) StdoutLine: {'line': b'-- Up-to-date symlink: /root/ws_sensor_combined/install/px4_msgs/include/px4_msgs/px4_msgs/msg/detail/logger_status__rosidl_typesupport_introspection_cpp.hpp\n'}
[0.861849] (px4_msgs) StdoutLine: {'line': b'-- Up-to-date symlink: /root/ws_sensor_combined/install/px4_msgs/include/px4_msgs/px4_msgs/msg/detail/longitudinal_control_configuration__rosidl_typesupport_introspection_cpp.hpp\n'}
[0.861929] (px4_msgs) StdoutLine: {'line': b'-- Up-to-date symlink: /root/ws_sensor_combined/install/px4_msgs/include/px4_msgs/px4_msgs/msg/detail/mag_worker_data__rosidl_typesupport_introspection_cpp.hpp\n'}
[0.862008] (px4_msgs) StdoutLine: {'line': b'-- Up-to-date symlink: /root/ws_sensor_combined/install/px4_msgs/include/px4_msgs/px4_msgs/msg/detail/magnetometer_bias_estimate__rosidl_typesupport_introspection_cpp.hpp\n'}
[0.862087] (px4_msgs) StdoutLine: {'line': b'-- Up-to-date symlink: /root/ws_sensor_combined/install/px4_msgs/include/px4_msgs/px4_msgs/msg/detail/manual_control_setpoint__rosidl_typesupport_introspection_cpp.hpp\n'}
[0.862167] (px4_msgs) StdoutLine: {'line': b'-- Up-to-date symlink: /root/ws_sensor_combined/install/px4_msgs/include/px4_msgs/px4_msgs/msg/detail/manual_control_switches__rosidl_typesupport_introspection_cpp.hpp\n'}
[0.862246] (px4_msgs) StdoutLine: {'line': b'-- Up-to-date symlink: /root/ws_sensor_combined/install/px4_msgs/include/px4_msgs/px4_msgs/msg/detail/mavlink_log__rosidl_typesupport_introspection_cpp.hpp\n'}
[0.862328] (px4_msgs) StdoutLine: {'line': b'-- Up-to-date symlink: /root/ws_sensor_combined/install/px4_msgs/include/px4_msgs/px4_msgs/msg/detail/mavlink_tunnel__rosidl_typesupport_introspection_cpp.hpp\n'}
[0.862409] (px4_msgs) StdoutLine: {'line': b'-- Up-to-date symlink: /root/ws_sensor_combined/install/px4_msgs/include/px4_msgs/px4_msgs/msg/detail/message_format_request__rosidl_typesupport_introspection_cpp.hpp\n'}
[0.862488] (px4_msgs) StdoutLine: {'line': b'-- Up-to-date symlink: /root/ws_sensor_combined/install/px4_msgs/include/px4_msgs/px4_msgs/msg/detail/message_format_response__rosidl_typesupport_introspection_cpp.hpp\n'}
[0.862559] (px4_msgs) StdoutLine: {'line': b'-- Up-to-date symlink: /root/ws_sensor_combined/install/px4_msgs/include/px4_msgs/px4_msgs/msg/detail/mission__rosidl_typesupport_introspection_cpp.hpp\n'}
[0.862646] (px4_msgs) StdoutLine: {'line': b'-- Up-to-date symlink: /root/ws_sensor_combined/install/px4_msgs/include/px4_msgs/px4_msgs/msg/detail/mission_result__rosidl_typesupport_introspection_cpp.hpp\n'}
[0.862783] (px4_msgs) StdoutLine: {'line': b'-- Up-to-date symlink: /root/ws_sensor_combined/install/px4_msgs/include/px4_msgs/px4_msgs/msg/detail/mode_completed__rosidl_typesupport_introspection_cpp.hpp\n'}
[0.862855] (px4_msgs) StdoutLine: {'line': b'-- Up-to-date symlink: /root/ws_sensor_combined/install/px4_msgs/include/px4_msgs/px4_msgs/msg/detail/mount_orientation__rosidl_typesupport_introspection_cpp.hpp\n'}
[0.862934] (px4_msgs) StdoutLine: {'line': b'-- Up-to-date symlink: /root/ws_sensor_combined/install/px4_msgs/include/px4_msgs/px4_msgs/msg/detail/navigator_mission_item__rosidl_typesupport_introspection_cpp.hpp\n'}
[0.863013] (px4_msgs) StdoutLine: {'line': b'-- Up-to-date symlink: /root/ws_sensor_combined/install/px4_msgs/include/px4_msgs/px4_msgs/msg/detail/navigator_status__rosidl_typesupport_introspection_cpp.hpp\n'}
[0.863093] (px4_msgs) StdoutLine: {'line': b'-- Up-to-date symlink: /root/ws_sensor_combined/install/px4_msgs/include/px4_msgs/px4_msgs/msg/detail/neural_control__rosidl_typesupport_introspection_cpp.hpp\n'}
[0.863172] (px4_msgs) StdoutLine: {'line': b'-- Up-to-date symlink: /root/ws_sensor_combined/install/px4_msgs/include/px4_msgs/px4_msgs/msg/detail/normalized_unsigned_setpoint__rosidl_typesupport_introspection_cpp.hpp\n'}
[0.863252] (px4_msgs) StdoutLine: {'line': b'-- Up-to-date symlink: /root/ws_sensor_combined/install/px4_msgs/include/px4_msgs/px4_msgs/msg/detail/obstacle_distance__rosidl_typesupport_introspection_cpp.hpp\n'}
[0.863331] (px4_msgs) StdoutLine: {'line': b'-- Up-to-date symlink: /root/ws_sensor_combined/install/px4_msgs/include/px4_msgs/px4_msgs/msg/detail/offboard_control_mode__rosidl_typesupport_introspection_cpp.hpp\n'}
[0.863410] (px4_msgs) StdoutLine: {'line': b'-- Up-to-date symlink: /root/ws_sensor_combined/install/px4_msgs/include/px4_msgs/px4_msgs/msg/detail/onboard_computer_status__rosidl_typesupport_introspection_cpp.hpp\n'}
[0.863489] (px4_msgs) StdoutLine: {'line': b'-- Up-to-date symlink: /root/ws_sensor_combined/install/px4_msgs/include/px4_msgs/px4_msgs/msg/detail/open_drone_id_arm_status__rosidl_typesupport_introspection_cpp.hpp\n'}
[0.863568] (px4_msgs) StdoutLine: {'line': b'-- Up-to-date symlink: /root/ws_sensor_combined/install/px4_msgs/include/px4_msgs/px4_msgs/msg/detail/open_drone_id_operator_id__rosidl_typesupport_introspection_cpp.hpp\n'}
[0.863647] (px4_msgs) StdoutLine: {'line': b'-- Up-to-date symlink: /root/ws_sensor_combined/install/px4_msgs/include/px4_msgs/px4_msgs/msg/detail/open_drone_id_self_id__rosidl_typesupport_introspection_cpp.hpp\n'}
[0.863727] (px4_msgs) StdoutLine: {'line': b'-- Up-to-date symlink: /root/ws_sensor_combined/install/px4_msgs/include/px4_msgs/px4_msgs/msg/detail/open_drone_id_system__rosidl_typesupport_introspection_cpp.hpp\n'}
[0.863780] (px4_msgs) StdoutLine: {'line': b'-- Up-to-date symlink: /root/ws_sensor_combined/install/px4_msgs/include/px4_msgs/px4_msgs/msg/detail/orb_test__rosidl_typesupport_introspection_cpp.hpp\n'}
[0.863849] (px4_msgs) StdoutLine: {'line': b'-- Up-to-date symlink: /root/ws_sensor_combined/install/px4_msgs/include/px4_msgs/px4_msgs/msg/detail/orb_test_large__rosidl_typesupport_introspection_cpp.hpp\n'}
[0.863930] (px4_msgs) StdoutLine: {'line': b'-- Up-to-date symlink: /root/ws_sensor_combined/install/px4_msgs/include/px4_msgs/px4_msgs/msg/detail/orb_test_medium__rosidl_typesupport_introspection_cpp.hpp\n'}
[0.864009] (px4_msgs) StdoutLine: {'line': b'-- Up-to-date symlink: /root/ws_sensor_combined/install/px4_msgs/include/px4_msgs/px4_msgs/msg/detail/orbit_status__rosidl_typesupport_introspection_cpp.hpp\n'}
[0.864089] (px4_msgs) StdoutLine: {'line': b'-- Up-to-date symlink: /root/ws_sensor_combined/install/px4_msgs/include/px4_msgs/px4_msgs/msg/detail/parameter_reset_request__rosidl_typesupport_introspection_cpp.hpp\n'}
[0.864168] (px4_msgs) StdoutLine: {'line': b'-- Up-to-date symlink: /root/ws_sensor_combined/install/px4_msgs/include/px4_msgs/px4_msgs/msg/detail/parameter_set_used_request__rosidl_typesupport_introspection_cpp.hpp\n'}
[0.864247] (px4_msgs) StdoutLine: {'line': b'-- Up-to-date symlink: /root/ws_sensor_combined/install/px4_msgs/include/px4_msgs/px4_msgs/msg/detail/parameter_set_value_request__rosidl_typesupport_introspection_cpp.hpp\n'}
[0.864329] (px4_msgs) StdoutLine: {'line': b'-- Up-to-date symlink: /root/ws_sensor_combined/install/px4_msgs/include/px4_msgs/px4_msgs/msg/detail/parameter_set_value_response__rosidl_typesupport_introspection_cpp.hpp\n'}
[0.864408] (px4_msgs) StdoutLine: {'line': b'-- Up-to-date symlink: /root/ws_sensor_combined/install/px4_msgs/include/px4_msgs/px4_msgs/msg/detail/parameter_update__rosidl_typesupport_introspection_cpp.hpp\n'}
[0.864488] (px4_msgs) StdoutLine: {'line': b'-- Up-to-date symlink: /root/ws_sensor_combined/install/px4_msgs/include/px4_msgs/px4_msgs/msg/detail/ping__rosidl_typesupport_introspection_cpp.hpp\n'}
[0.864556] (px4_msgs) StdoutLine: {'line': b'-- Up-to-date symlink: /root/ws_sensor_combined/install/px4_msgs/include/px4_msgs/px4_msgs/msg/detail/position_controller_landing_status__rosidl_typesupport_introspection_cpp.hpp\n'}
[0.864615] (px4_msgs) StdoutLine: {'line': b'-- Up-to-date symlink: /root/ws_sensor_combined/install/px4_msgs/include/px4_msgs/px4_msgs/msg/detail/position_controller_status__rosidl_typesupport_introspection_cpp.hpp\n'}
[0.864706] (px4_msgs) StdoutLine: {'line': b'-- Up-to-date symlink: /root/ws_sensor_combined/install/px4_msgs/include/px4_msgs/px4_msgs/msg/detail/position_setpoint__rosidl_typesupport_introspection_cpp.hpp\n'}
[0.864750] (px4_msgs) StdoutLine: {'line': b'-- Up-to-date symlink: /root/ws_sensor_combined/install/px4_msgs/include/px4_msgs/px4_msgs/msg/detail/position_setpoint_triplet__rosidl_typesupport_introspection_cpp.hpp\n'}
[0.864777] (px4_msgs) StdoutLine: {'line': b'-- Up-to-date symlink: /root/ws_sensor_combined/install/px4_msgs/include/px4_msgs/px4_msgs/msg/detail/power_button_state__rosidl_typesupport_introspection_cpp.hpp\n'}
[0.864898] (px4_msgs) StdoutLine: {'line': b'-- Up-to-date symlink: /root/ws_sensor_combined/install/px4_msgs/include/px4_msgs/px4_msgs/msg/detail/power_monitor__rosidl_typesupport_introspection_cpp.hpp\n'}
[0.864975] (px4_msgs) StdoutLine: {'line': b'-- Up-to-date symlink: /root/ws_sensor_combined/install/px4_msgs/include/px4_msgs/px4_msgs/msg/detail/pps_capture__rosidl_typesupport_introspection_cpp.hpp\n'}
[0.865006] (px4_msgs) StdoutLine: {'line': b'-- Up-to-date symlink: /root/ws_sensor_combined/install/px4_msgs/include/px4_msgs/px4_msgs/msg/detail/pure_pursuit_status__rosidl_typesupport_introspection_cpp.hpp\n'}
[0.865031] (px4_msgs) StdoutLine: {'line': b'-- Up-to-date symlink: /root/ws_sensor_combined/install/px4_msgs/include/px4_msgs/px4_msgs/msg/detail/pwm_input__rosidl_typesupport_introspection_cpp.hpp\n'}
[0.865056] (px4_msgs) StdoutLine: {'line': b'-- Up-to-date symlink: /root/ws_sensor_combined/install/px4_msgs/include/px4_msgs/px4_msgs/msg/detail/px4io_status__rosidl_typesupport_introspection_cpp.hpp\n'}
[0.865087] (px4_msgs) StdoutLine: {'line': b'-- Up-to-date symlink: /root/ws_sensor_combined/install/px4_msgs/include/px4_msgs/px4_msgs/msg/detail/qshell_req__rosidl_typesupport_introspection_cpp.hpp\n'}
[0.865267] (px4_msgs) StdoutLine: {'line': b'-- Up-to-date symlink: /root/ws_sensor_combined/install/px4_msgs/include/px4_msgs/px4_msgs/msg/detail/qshell_retval__rosidl_typesupport_introspection_cpp.hpp\n'}
[0.865304] (px4_msgs) StdoutLine: {'line': b'-- Up-to-date symlink: /root/ws_sensor_combined/install/px4_msgs/include/px4_msgs/px4_msgs/msg/detail/radio_status__rosidl_typesupport_introspection_cpp.hpp\n'}
[0.865329] (px4_msgs) StdoutLine: {'line': b'-- Up-to-date symlink: /root/ws_sensor_combined/install/px4_msgs/include/px4_msgs/px4_msgs/msg/detail/rate_ctrl_status__rosidl_typesupport_introspection_cpp.hpp\n'}
[0.865353] (px4_msgs) StdoutLine: {'line': b'-- Up-to-date symlink: /root/ws_sensor_combined/install/px4_msgs/include/px4_msgs/px4_msgs/msg/detail/rc_channels__rosidl_typesupport_introspection_cpp.hpp\n'}
[0.865382] (px4_msgs) StdoutLine: {'line': b'-- Up-to-date symlink: /root/ws_sensor_combined/install/px4_msgs/include/px4_msgs/px4_msgs/msg/detail/rc_parameter_map__rosidl_typesupport_introspection_cpp.hpp\n'}
[0.865404] (px4_msgs) StdoutLine: {'line': b'-- Up-to-date symlink: /root/ws_sensor_combined/install/px4_msgs/include/px4_msgs/px4_msgs/msg/detail/register_ext_component_reply__rosidl_typesupport_introspection_cpp.hpp\n'}
[0.865428] (px4_msgs) StdoutLine: {'line': b'-- Up-to-date symlink: /root/ws_sensor_combined/install/px4_msgs/include/px4_msgs/px4_msgs/msg/detail/register_ext_component_request__rosidl_typesupport_introspection_cpp.hpp\n'}
[0.865449] (px4_msgs) StdoutLine: {'line': b'-- Up-to-date symlink: /root/ws_sensor_combined/install/px4_msgs/include/px4_msgs/px4_msgs/msg/detail/rover_attitude_setpoint__rosidl_typesupport_introspection_cpp.hpp\n'}
[0.865471] (px4_msgs) StdoutLine: {'line': b'-- Up-to-date symlink: /root/ws_sensor_combined/install/px4_msgs/include/px4_msgs/px4_msgs/msg/detail/rover_attitude_status__rosidl_typesupport_introspection_cpp.hpp\n'}
[0.865493] (px4_msgs) StdoutLine: {'line': b'-- Up-to-date symlink: /root/ws_sensor_combined/install/px4_msgs/include/px4_msgs/px4_msgs/msg/detail/rover_position_setpoint__rosidl_typesupport_introspection_cpp.hpp\n'}
[0.865534] (px4_msgs) StdoutLine: {'line': b'-- Up-to-date symlink: /root/ws_sensor_combined/install/px4_msgs/include/px4_msgs/px4_msgs/msg/detail/rover_rate_setpoint__rosidl_typesupport_introspection_cpp.hpp\n'}
[0.865557] (px4_msgs) StdoutLine: {'line': b'-- Up-to-date symlink: /root/ws_sensor_combined/install/px4_msgs/include/px4_msgs/px4_msgs/msg/detail/rover_rate_status__rosidl_typesupport_introspection_cpp.hpp\n'}
[0.865579] (px4_msgs) StdoutLine: {'line': b'-- Up-to-date symlink: /root/ws_sensor_combined/install/px4_msgs/include/px4_msgs/px4_msgs/msg/detail/rover_steering_setpoint__rosidl_typesupport_introspection_cpp.hpp\n'}
[0.865600] (px4_msgs) StdoutLine: {'line': b'-- Up-to-date symlink: /root/ws_sensor_combined/install/px4_msgs/include/px4_msgs/px4_msgs/msg/detail/rover_throttle_setpoint__rosidl_typesupport_introspection_cpp.hpp\n'}
[0.865622] (px4_msgs) StdoutLine: {'line': b'-- Up-to-date symlink: /root/ws_sensor_combined/install/px4_msgs/include/px4_msgs/px4_msgs/msg/detail/rover_velocity_setpoint__rosidl_typesupport_introspection_cpp.hpp\n'}
[0.865662] (px4_msgs) StdoutLine: {'line': b'-- Up-to-date symlink: /root/ws_sensor_combined/install/px4_msgs/include/px4_msgs/px4_msgs/msg/detail/rover_velocity_status__rosidl_typesupport_introspection_cpp.hpp\n'}
[0.865689] (px4_msgs) StdoutLine: {'line': b'-- Up-to-date symlink: /root/ws_sensor_combined/install/px4_msgs/include/px4_msgs/px4_msgs/msg/detail/rpm__rosidl_typesupport_introspection_cpp.hpp\n'}
[0.865713] (px4_msgs) StdoutLine: {'line': b'-- Up-to-date symlink: /root/ws_sensor_combined/install/px4_msgs/include/px4_msgs/px4_msgs/msg/detail/rtl_status__rosidl_typesupport_introspection_cpp.hpp\n'}
[0.865736] (px4_msgs) StdoutLine: {'line': b'-- Up-to-date symlink: /root/ws_sensor_combined/install/px4_msgs/include/px4_msgs/px4_msgs/msg/detail/rtl_time_estimate__rosidl_typesupport_introspection_cpp.hpp\n'}
[0.865761] (px4_msgs) StdoutLine: {'line': b'-- Up-to-date symlink: /root/ws_sensor_combined/install/px4_msgs/include/px4_msgs/px4_msgs/msg/detail/satellite_info__rosidl_typesupport_introspection_cpp.hpp\n'}
[0.865782] (px4_msgs) StdoutLine: {'line': b'-- Up-to-date symlink: /root/ws_sensor_combined/install/px4_msgs/include/px4_msgs/px4_msgs/msg/detail/sensor_accel__rosidl_typesupport_introspection_cpp.hpp\n'}
[0.865804] (px4_msgs) StdoutLine: {'line': b'-- Up-to-date symlink: /root/ws_sensor_combined/install/px4_msgs/include/px4_msgs/px4_msgs/msg/detail/sensor_accel_fifo__rosidl_typesupport_introspection_cpp.hpp\n'}
[0.865826] (px4_msgs) StdoutLine: {'line': b'-- Up-to-date symlink: /root/ws_sensor_combined/install/px4_msgs/include/px4_msgs/px4_msgs/msg/detail/sensor_airflow__rosidl_typesupport_introspection_cpp.hpp\n'}
[0.865849] (px4_msgs) StdoutLine: {'line': b'-- Up-to-date symlink: /root/ws_sensor_combined/install/px4_msgs/include/px4_msgs/px4_msgs/msg/detail/sensor_baro__rosidl_typesupport_introspection_cpp.hpp\n'}
[0.865871] (px4_msgs) StdoutLine: {'line': b'-- Up-to-date symlink: /root/ws_sensor_combined/install/px4_msgs/include/px4_msgs/px4_msgs/msg/detail/sensor_combined__rosidl_typesupport_introspection_cpp.hpp\n'}
[0.865892] (px4_msgs) StdoutLine: {'line': b'-- Up-to-date symlink: /root/ws_sensor_combined/install/px4_msgs/include/px4_msgs/px4_msgs/msg/detail/sensor_correction__rosidl_typesupport_introspection_cpp.hpp\n'}
[0.865913] (px4_msgs) StdoutLine: {'line': b'-- Up-to-date symlink: /root/ws_sensor_combined/install/px4_msgs/include/px4_msgs/px4_msgs/msg/detail/sensor_gnss_relative__rosidl_typesupport_introspection_cpp.hpp\n'}
[0.865936] (px4_msgs) StdoutLine: {'line': b'-- Up-to-date symlink: /root/ws_sensor_combined/install/px4_msgs/include/px4_msgs/px4_msgs/msg/detail/sensor_gps__rosidl_typesupport_introspection_cpp.hpp\n'}
[0.865958] (px4_msgs) StdoutLine: {'line': b'-- Up-to-date symlink: /root/ws_sensor_combined/install/px4_msgs/include/px4_msgs/px4_msgs/msg/detail/sensor_gyro__rosidl_typesupport_introspection_cpp.hpp\n'}
[0.865983] (px4_msgs) StdoutLine: {'line': b'-- Up-to-date symlink: /root/ws_sensor_combined/install/px4_msgs/include/px4_msgs/px4_msgs/msg/detail/sensor_gyro_fft__rosidl_typesupport_introspection_cpp.hpp\n'}
[0.866005] (px4_msgs) StdoutLine: {'line': b'-- Up-to-date symlink: /root/ws_sensor_combined/install/px4_msgs/include/px4_msgs/px4_msgs/msg/detail/sensor_gyro_fifo__rosidl_typesupport_introspection_cpp.hpp\n'}
[0.866027] (px4_msgs) StdoutLine: {'line': b'-- Up-to-date symlink: /root/ws_sensor_combined/install/px4_msgs/include/px4_msgs/px4_msgs/msg/detail/sensor_hygrometer__rosidl_typesupport_introspection_cpp.hpp\n'}
[0.866049] (px4_msgs) StdoutLine: {'line': b'-- Up-to-date symlink: /root/ws_sensor_combined/install/px4_msgs/include/px4_msgs/px4_msgs/msg/detail/sensor_mag__rosidl_typesupport_introspection_cpp.hpp\n'}
[0.866072] (px4_msgs) StdoutLine: {'line': b'-- Up-to-date symlink: /root/ws_sensor_combined/install/px4_msgs/include/px4_msgs/px4_msgs/msg/detail/sensor_optical_flow__rosidl_typesupport_introspection_cpp.hpp\n'}
[0.866098] (px4_msgs) StdoutLine: {'line': b'-- Up-to-date symlink: /root/ws_sensor_combined/install/px4_msgs/include/px4_msgs/px4_msgs/msg/detail/sensor_preflight_mag__rosidl_typesupport_introspection_cpp.hpp\n'}
[0.866120] (px4_msgs) StdoutLine: {'line': b'-- Up-to-date symlink: /root/ws_sensor_combined/install/px4_msgs/include/px4_msgs/px4_msgs/msg/detail/sensor_selection__rosidl_typesupport_introspection_cpp.hpp\n'}
[0.866144] (px4_msgs) StdoutLine: {'line': b'-- Up-to-date symlink: /root/ws_sensor_combined/install/px4_msgs/include/px4_msgs/px4_msgs/msg/detail/sensor_uwb__rosidl_typesupport_introspection_cpp.hpp\n'}
[0.866166] (px4_msgs) StdoutLine: {'line': b'-- Up-to-date symlink: /root/ws_sensor_combined/install/px4_msgs/include/px4_msgs/px4_msgs/msg/detail/sensors_status__rosidl_typesupport_introspection_cpp.hpp\n'}
[0.866190] (px4_msgs) StdoutLine: {'line': b'-- Up-to-date symlink: /root/ws_sensor_combined/install/px4_msgs/include/px4_msgs/px4_msgs/msg/detail/sensors_status_imu__rosidl_typesupport_introspection_cpp.hpp\n'}
[0.866218] (px4_msgs) StdoutLine: {'line': b'-- Up-to-date symlink: /root/ws_sensor_combined/install/px4_msgs/include/px4_msgs/px4_msgs/msg/detail/system_power__rosidl_typesupport_introspection_cpp.hpp\n'}
[0.866240] (px4_msgs) StdoutLine: {'line': b'-- Up-to-date symlink: /root/ws_sensor_combined/install/px4_msgs/include/px4_msgs/px4_msgs/msg/detail/takeoff_status__rosidl_typesupport_introspection_cpp.hpp\n'}
[0.866262] (px4_msgs) StdoutLine: {'line': b'-- Up-to-date symlink: /root/ws_sensor_combined/install/px4_msgs/include/px4_msgs/px4_msgs/msg/detail/task_stack_info__rosidl_typesupport_introspection_cpp.hpp\n'}
[0.866286] (px4_msgs) StdoutLine: {'line': b'-- Up-to-date symlink: /root/ws_sensor_combined/install/px4_msgs/include/px4_msgs/px4_msgs/msg/detail/tecs_status__rosidl_typesupport_introspection_cpp.hpp\n'}
[0.866309] (px4_msgs) StdoutLine: {'line': b'-- Up-to-date symlink: /root/ws_sensor_combined/install/px4_msgs/include/px4_msgs/px4_msgs/msg/detail/telemetry_status__rosidl_typesupport_introspection_cpp.hpp\n'}
[0.866331] (px4_msgs) StdoutLine: {'line': b'-- Up-to-date symlink: /root/ws_sensor_combined/install/px4_msgs/include/px4_msgs/px4_msgs/msg/detail/tiltrotor_extra_controls__rosidl_typesupport_introspection_cpp.hpp\n'}
[0.866355] (px4_msgs) StdoutLine: {'line': b'-- Up-to-date symlink: /root/ws_sensor_combined/install/px4_msgs/include/px4_msgs/px4_msgs/msg/detail/timesync_status__rosidl_typesupport_introspection_cpp.hpp\n'}
[0.866380] (px4_msgs) StdoutLine: {'line': b'-- Up-to-date symlink: /root/ws_sensor_combined/install/px4_msgs/include/px4_msgs/px4_msgs/msg/detail/trajectory_setpoint6dof__rosidl_typesupport_introspection_cpp.hpp\n'}
[0.866405] (px4_msgs) StdoutLine: {'line': b'-- Up-to-date symlink: /root/ws_sensor_combined/install/px4_msgs/include/px4_msgs/px4_msgs/msg/detail/trajectory_setpoint__rosidl_typesupport_introspection_cpp.hpp\n'}
[0.866428] (px4_msgs) StdoutLine: {'line': b'-- Up-to-date symlink: /root/ws_sensor_combined/install/px4_msgs/include/px4_msgs/px4_msgs/msg/detail/transponder_report__rosidl_typesupport_introspection_cpp.hpp\n'}
[0.866452] (px4_msgs) StdoutLine: {'line': b'-- Up-to-date symlink: /root/ws_sensor_combined/install/px4_msgs/include/px4_msgs/px4_msgs/msg/detail/tune_control__rosidl_typesupport_introspection_cpp.hpp\n'}
[0.866478] (px4_msgs) StdoutLine: {'line': b'-- Up-to-date symlink: /root/ws_sensor_combined/install/px4_msgs/include/px4_msgs/px4_msgs/msg/detail/uavcan_parameter_request__rosidl_typesupport_introspection_cpp.hpp\n'}
[0.866502] (px4_msgs) StdoutLine: {'line': b'-- Up-to-date symlink: /root/ws_sensor_combined/install/px4_msgs/include/px4_msgs/px4_msgs/msg/detail/uavcan_parameter_value__rosidl_typesupport_introspection_cpp.hpp\n'}
[0.866526] (px4_msgs) StdoutLine: {'line': b'-- Up-to-date symlink: /root/ws_sensor_combined/install/px4_msgs/include/px4_msgs/px4_msgs/msg/detail/ulog_stream__rosidl_typesupport_introspection_cpp.hpp\n'}
[0.866550] (px4_msgs) StdoutLine: {'line': b'-- Up-to-date symlink: /root/ws_sensor_combined/install/px4_msgs/include/px4_msgs/px4_msgs/msg/detail/ulog_stream_ack__rosidl_typesupport_introspection_cpp.hpp\n'}
[0.866573] (px4_msgs) StdoutLine: {'line': b'-- Up-to-date symlink: /root/ws_sensor_combined/install/px4_msgs/include/px4_msgs/px4_msgs/msg/detail/unregister_ext_component__rosidl_typesupport_introspection_cpp.hpp\n'}
[0.866602] (px4_msgs) StdoutLine: {'line': b'-- Up-to-date symlink: /root/ws_sensor_combined/install/px4_msgs/include/px4_msgs/px4_msgs/msg/detail/vehicle_acceleration__rosidl_typesupport_introspection_cpp.hpp\n'}
[0.866625] (px4_msgs) StdoutLine: {'line': b'-- Up-to-date symlink: /root/ws_sensor_combined/install/px4_msgs/include/px4_msgs/px4_msgs/msg/detail/vehicle_air_data__rosidl_typesupport_introspection_cpp.hpp\n'}
[0.866648] (px4_msgs) StdoutLine: {'line': b'-- Up-to-date symlink: /root/ws_sensor_combined/install/px4_msgs/include/px4_msgs/px4_msgs/msg/detail/vehicle_angular_acceleration_setpoint__rosidl_typesupport_introspection_cpp.hpp\n'}
[0.866674] (px4_msgs) StdoutLine: {'line': b'-- Up-to-date symlink: /root/ws_sensor_combined/install/px4_msgs/include/px4_msgs/px4_msgs/msg/detail/vehicle_angular_velocity__rosidl_typesupport_introspection_cpp.hpp\n'}
[0.866698] (px4_msgs) StdoutLine: {'line': b'-- Up-to-date symlink: /root/ws_sensor_combined/install/px4_msgs/include/px4_msgs/px4_msgs/msg/detail/vehicle_attitude__rosidl_typesupport_introspection_cpp.hpp\n'}
[0.866720] (px4_msgs) StdoutLine: {'line': b'-- Up-to-date symlink: /root/ws_sensor_combined/install/px4_msgs/include/px4_msgs/px4_msgs/msg/detail/vehicle_attitude_setpoint__rosidl_typesupport_introspection_cpp.hpp\n'}
[0.866741] (px4_msgs) StdoutLine: {'line': b'-- Up-to-date symlink: /root/ws_sensor_combined/install/px4_msgs/include/px4_msgs/px4_msgs/msg/detail/vehicle_command__rosidl_typesupport_introspection_cpp.hpp\n'}
[0.866763] (px4_msgs) StdoutLine: {'line': b'-- Up-to-date symlink: /root/ws_sensor_combined/install/px4_msgs/include/px4_msgs/px4_msgs/msg/detail/vehicle_command_ack__rosidl_typesupport_introspection_cpp.hpp\n'}
[0.866785] (px4_msgs) StdoutLine: {'line': b'-- Up-to-date symlink: /root/ws_sensor_combined/install/px4_msgs/include/px4_msgs/px4_msgs/msg/detail/vehicle_constraints__rosidl_typesupport_introspection_cpp.hpp\n'}
[0.866809] (px4_msgs) StdoutLine: {'line': b'-- Up-to-date symlink: /root/ws_sensor_combined/install/px4_msgs/include/px4_msgs/px4_msgs/msg/detail/vehicle_control_mode__rosidl_typesupport_introspection_cpp.hpp\n'}
[0.866834] (px4_msgs) StdoutLine: {'line': b'-- Up-to-date symlink: /root/ws_sensor_combined/install/px4_msgs/include/px4_msgs/px4_msgs/msg/detail/vehicle_global_position__rosidl_typesupport_introspection_cpp.hpp\n'}
[0.866860] (px4_msgs) StdoutLine: {'line': b'-- Up-to-date symlink: /root/ws_sensor_combined/install/px4_msgs/include/px4_msgs/px4_msgs/msg/detail/vehicle_imu__rosidl_typesupport_introspection_cpp.hpp\n'}
[0.866884] (px4_msgs) StdoutLine: {'line': b'-- Up-to-date symlink: /root/ws_sensor_combined/install/px4_msgs/include/px4_msgs/px4_msgs/msg/detail/vehicle_imu_status__rosidl_typesupport_introspection_cpp.hpp\n'}
[0.866908] (px4_msgs) StdoutLine: {'line': b'-- Up-to-date symlink: /root/ws_sensor_combined/install/px4_msgs/include/px4_msgs/px4_msgs/msg/detail/vehicle_land_detected__rosidl_typesupport_introspection_cpp.hpp\n'}
[0.866930] (px4_msgs) StdoutLine: {'line': b'-- Up-to-date symlink: /root/ws_sensor_combined/install/px4_msgs/include/px4_msgs/px4_msgs/msg/detail/vehicle_local_position__rosidl_typesupport_introspection_cpp.hpp\n'}
[0.866951] (px4_msgs) StdoutLine: {'line': b'-- Up-to-date symlink: /root/ws_sensor_combined/install/px4_msgs/include/px4_msgs/px4_msgs/msg/detail/vehicle_local_position_setpoint__rosidl_typesupport_introspection_cpp.hpp\n'}
[0.866973] (px4_msgs) StdoutLine: {'line': b'-- Up-to-date symlink: /root/ws_sensor_combined/install/px4_msgs/include/px4_msgs/px4_msgs/msg/detail/vehicle_magnetometer__rosidl_typesupport_introspection_cpp.hpp\n'}
[0.866996] (px4_msgs) StdoutLine: {'line': b'-- Up-to-date symlink: /root/ws_sensor_combined/install/px4_msgs/include/px4_msgs/px4_msgs/msg/detail/vehicle_odometry__rosidl_typesupport_introspection_cpp.hpp\n'}
[0.867019] (px4_msgs) StdoutLine: {'line': b'-- Up-to-date symlink: /root/ws_sensor_combined/install/px4_msgs/include/px4_msgs/px4_msgs/msg/detail/vehicle_optical_flow__rosidl_typesupport_introspection_cpp.hpp\n'}
[0.867040] (px4_msgs) StdoutLine: {'line': b'-- Up-to-date symlink: /root/ws_sensor_combined/install/px4_msgs/include/px4_msgs/px4_msgs/msg/detail/vehicle_optical_flow_vel__rosidl_typesupport_introspection_cpp.hpp\n'}
[0.867062] (px4_msgs) StdoutLine: {'line': b'-- Up-to-date symlink: /root/ws_sensor_combined/install/px4_msgs/include/px4_msgs/px4_msgs/msg/detail/vehicle_rates_setpoint__rosidl_typesupport_introspection_cpp.hpp\n'}
[0.867083] (px4_msgs) StdoutLine: {'line': b'-- Up-to-date symlink: /root/ws_sensor_combined/install/px4_msgs/include/px4_msgs/px4_msgs/msg/detail/vehicle_roi__rosidl_typesupport_introspection_cpp.hpp\n'}
[0.867108] (px4_msgs) StdoutLine: {'line': b'-- Up-to-date symlink: /root/ws_sensor_combined/install/px4_msgs/include/px4_msgs/px4_msgs/msg/detail/vehicle_status__rosidl_typesupport_introspection_cpp.hpp\n'}
[0.867129] (px4_msgs) StdoutLine: {'line': b'-- Up-to-date symlink: /root/ws_sensor_combined/install/px4_msgs/include/px4_msgs/px4_msgs/msg/detail/vehicle_thrust_setpoint__rosidl_typesupport_introspection_cpp.hpp\n'}
[0.867150] (px4_msgs) StdoutLine: {'line': b'-- Up-to-date symlink: /root/ws_sensor_combined/install/px4_msgs/include/px4_msgs/px4_msgs/msg/detail/vehicle_torque_setpoint__rosidl_typesupport_introspection_cpp.hpp\n'}
[0.867174] (px4_msgs) StdoutLine: {'line': b'-- Up-to-date symlink: /root/ws_sensor_combined/install/px4_msgs/include/px4_msgs/px4_msgs/msg/detail/velocity_limits__rosidl_typesupport_introspection_cpp.hpp\n'}
[0.867195] (px4_msgs) StdoutLine: {'line': b'-- Up-to-date symlink: /root/ws_sensor_combined/install/px4_msgs/include/px4_msgs/px4_msgs/msg/detail/vtol_vehicle_status__rosidl_typesupport_introspection_cpp.hpp\n'}
[0.867219] (px4_msgs) StdoutLine: {'line': b'-- Up-to-date symlink: /root/ws_sensor_combined/install/px4_msgs/include/px4_msgs/px4_msgs/msg/detail/wheel_encoders__rosidl_typesupport_introspection_cpp.hpp\n'}
[0.867240] (px4_msgs) StdoutLine: {'line': b'-- Up-to-date symlink: /root/ws_sensor_combined/install/px4_msgs/include/px4_msgs/px4_msgs/msg/detail/wind__rosidl_typesupport_introspection_cpp.hpp\n'}
[0.867261] (px4_msgs) StdoutLine: {'line': b'-- Up-to-date symlink: /root/ws_sensor_combined/install/px4_msgs/include/px4_msgs/px4_msgs/msg/detail/yaw_estimator_status__rosidl_typesupport_introspection_cpp.hpp\n'}
[0.867282] (px4_msgs) StdoutLine: {'line': b'-- Up-to-date symlink: /root/ws_sensor_combined/install/px4_msgs/include/px4_msgs/px4_msgs/srv/detail/vehicle_command__rosidl_typesupport_introspection_cpp.hpp\n'}
[0.867303] (px4_msgs) StdoutLine: {'line': b'-- Up-to-date symlink: /root/ws_sensor_combined/install/px4_msgs/share/px4_msgs/environment/pythonpath.sh\n'}
[0.867323] (px4_msgs) StdoutLine: {'line': b'-- Up-to-date symlink: /root/ws_sensor_combined/install/px4_msgs/share/px4_msgs/environment/pythonpath.dsv\n'}
[0.867344] (px4_msgs) StdoutLine: {'line': b'-- Up-to-date symlink: /root/ws_sensor_combined/install/px4_msgs/local/lib/python3.10/dist-packages/px4_msgs-2.0.1-py3.10.egg-info/PKG-INFO\n'}
[0.867365] (px4_msgs) StdoutLine: {'line': b'-- Up-to-date symlink: /root/ws_sensor_combined/install/px4_msgs/local/lib/python3.10/dist-packages/px4_msgs-2.0.1-py3.10.egg-info/SOURCES.txt\n'}
[0.867386] (px4_msgs) StdoutLine: {'line': b'-- Up-to-date symlink: /root/ws_sensor_combined/install/px4_msgs/local/lib/python3.10/dist-packages/px4_msgs-2.0.1-py3.10.egg-info/dependency_links.txt\n'}
[0.867407] (px4_msgs) StdoutLine: {'line': b'-- Up-to-date symlink: /root/ws_sensor_combined/install/px4_msgs/local/lib/python3.10/dist-packages/px4_msgs-2.0.1-py3.10.egg-info/top_level.txt\n'}
[0.869451] (px4_msgs) StdoutLine: {'line': b'-- Up-to-date symlink: /root/ws_sensor_combined/install/px4_msgs/local/lib/python3.10/dist-packages/px4_msgs/__init__.py\n'}
[0.869619] (px4_msgs) StdoutLine: {'line': b'-- Up-to-date symlink: /root/ws_sensor_combined/install/px4_msgs/local/lib/python3.10/dist-packages/px4_msgs/_px4_msgs_s.ep.rosidl_typesupport_c.c\n'}
[0.869707] (px4_msgs) StdoutLine: {'line': b'-- Up-to-date symlink: /root/ws_sensor_combined/install/px4_msgs/local/lib/python3.10/dist-packages/px4_msgs/_px4_msgs_s.ep.rosidl_typesupport_fastrtps_c.c\n'}
[0.869787] (px4_msgs) StdoutLine: {'line': b'-- Up-to-date symlink: /root/ws_sensor_combined/install/px4_msgs/local/lib/python3.10/dist-packages/px4_msgs/_px4_msgs_s.ep.rosidl_typesupport_introspection_c.c\n'}
[0.869935] (px4_msgs) StdoutLine: {'line': b'-- Up-to-date symlink: /root/ws_sensor_combined/install/px4_msgs/local/lib/python3.10/dist-packages/px4_msgs/libpx4_msgs__rosidl_generator_py.so\n'}
[0.870001] (px4_msgs) StdoutLine: {'line': b'-- Up-to-date symlink: /root/ws_sensor_combined/install/px4_msgs/local/lib/python3.10/dist-packages/px4_msgs/msg/__init__.py\n'}
[0.870131] (px4_msgs) StdoutLine: {'line': b'-- Up-to-date symlink: /root/ws_sensor_combined/install/px4_msgs/local/lib/python3.10/dist-packages/px4_msgs/msg/_action_request.py\n'}
[0.870213] (px4_msgs) StdoutLine: {'line': b'-- Up-to-date symlink: /root/ws_sensor_combined/install/px4_msgs/local/lib/python3.10/dist-packages/px4_msgs/msg/_action_request_s.c\n'}
[0.870292] (px4_msgs) StdoutLine: {'line': b'-- Up-to-date symlink: /root/ws_sensor_combined/install/px4_msgs/local/lib/python3.10/dist-packages/px4_msgs/msg/_actuator_armed.py\n'}
[0.870372] (px4_msgs) StdoutLine: {'line': b'-- Up-to-date symlink: /root/ws_sensor_combined/install/px4_msgs/local/lib/python3.10/dist-packages/px4_msgs/msg/_actuator_armed_s.c\n'}
[0.870451] (px4_msgs) StdoutLine: {'line': b'-- Up-to-date symlink: /root/ws_sensor_combined/install/px4_msgs/local/lib/python3.10/dist-packages/px4_msgs/msg/_actuator_controls_status.py\n'}
[0.870532] (px4_msgs) StdoutLine: {'line': b'-- Up-to-date symlink: /root/ws_sensor_combined/install/px4_msgs/local/lib/python3.10/dist-packages/px4_msgs/msg/_actuator_controls_status_s.c\n'}
[0.870679] (px4_msgs) StdoutLine: {'line': b'-- Up-to-date symlink: /root/ws_sensor_combined/install/px4_msgs/local/lib/python3.10/dist-packages/px4_msgs/msg/_actuator_motors.py\n'}
[0.870729] (px4_msgs) StdoutLine: {'line': b'-- Up-to-date symlink: /root/ws_sensor_combined/install/px4_msgs/local/lib/python3.10/dist-packages/px4_msgs/msg/_actuator_motors_s.c\n'}
[0.870772] (px4_msgs) StdoutLine: {'line': b'-- Up-to-date symlink: /root/ws_sensor_combined/install/px4_msgs/local/lib/python3.10/dist-packages/px4_msgs/msg/_actuator_outputs.py\n'}
[0.870855] (px4_msgs) StdoutLine: {'line': b'-- Up-to-date symlink: /root/ws_sensor_combined/install/px4_msgs/local/lib/python3.10/dist-packages/px4_msgs/msg/_actuator_outputs_s.c\n'}
[0.870957] (px4_msgs) StdoutLine: {'line': b'-- Up-to-date symlink: /root/ws_sensor_combined/install/px4_msgs/local/lib/python3.10/dist-packages/px4_msgs/msg/_actuator_servos.py\n'}
[0.871030] (px4_msgs) StdoutLine: {'line': b'-- Up-to-date symlink: /root/ws_sensor_combined/install/px4_msgs/local/lib/python3.10/dist-packages/px4_msgs/msg/_actuator_servos_s.c\n'}
[0.871103] (px4_msgs) StdoutLine: {'line': b'-- Up-to-date symlink: /root/ws_sensor_combined/install/px4_msgs/local/lib/python3.10/dist-packages/px4_msgs/msg/_actuator_servos_trim.py\n'}
[0.871184] (px4_msgs) StdoutLine: {'line': b'-- Up-to-date symlink: /root/ws_sensor_combined/install/px4_msgs/local/lib/python3.10/dist-packages/px4_msgs/msg/_actuator_servos_trim_s.c\n'}
[0.871253] (px4_msgs) StdoutLine: {'line': b'-- Up-to-date symlink: /root/ws_sensor_combined/install/px4_msgs/local/lib/python3.10/dist-packages/px4_msgs/msg/_actuator_test.py\n'}
[0.871334] (px4_msgs) StdoutLine: {'line': b'-- Up-to-date symlink: /root/ws_sensor_combined/install/px4_msgs/local/lib/python3.10/dist-packages/px4_msgs/msg/_actuator_test_s.c\n'}
[0.871417] (px4_msgs) StdoutLine: {'line': b'-- Up-to-date symlink: /root/ws_sensor_combined/install/px4_msgs/local/lib/python3.10/dist-packages/px4_msgs/msg/_adc_report.py\n'}
[0.871498] (px4_msgs) StdoutLine: {'line': b'-- Up-to-date symlink: /root/ws_sensor_combined/install/px4_msgs/local/lib/python3.10/dist-packages/px4_msgs/msg/_adc_report_s.c\n'}
[0.871567] (px4_msgs) StdoutLine: {'line': b'-- Up-to-date symlink: /root/ws_sensor_combined/install/px4_msgs/local/lib/python3.10/dist-packages/px4_msgs/msg/_airspeed.py\n'}
[0.871638] (px4_msgs) StdoutLine: {'line': b'-- Up-to-date symlink: /root/ws_sensor_combined/install/px4_msgs/local/lib/python3.10/dist-packages/px4_msgs/msg/_airspeed_s.c\n'}
[0.871709] (px4_msgs) StdoutLine: {'line': b'-- Up-to-date symlink: /root/ws_sensor_combined/install/px4_msgs/local/lib/python3.10/dist-packages/px4_msgs/msg/_airspeed_validated.py\n'}
[0.871785] (px4_msgs) StdoutLine: {'line': b'-- Up-to-date symlink: /root/ws_sensor_combined/install/px4_msgs/local/lib/python3.10/dist-packages/px4_msgs/msg/_airspeed_validated_s.c\n'}
[0.872053] (px4_msgs) StdoutLine: {'line': b'-- Up-to-date symlink: /root/ws_sensor_combined/install/px4_msgs/local/lib/python3.10/dist-packages/px4_msgs/msg/_airspeed_wind.py\n'}
[0.872131] (px4_msgs) StdoutLine: {'line': b'-- Up-to-date symlink: /root/ws_sensor_combined/install/px4_msgs/local/lib/python3.10/dist-packages/px4_msgs/msg/_airspeed_wind_s.c\n'}
[0.872166] (px4_msgs) StdoutLine: {'line': b'-- Up-to-date symlink: /root/ws_sensor_combined/install/px4_msgs/local/lib/python3.10/dist-packages/px4_msgs/msg/_arming_check_reply.py\n'}
[0.872216] (px4_msgs) StdoutLine: {'line': b'-- Up-to-date symlink: /root/ws_sensor_combined/install/px4_msgs/local/lib/python3.10/dist-packages/px4_msgs/msg/_arming_check_reply_s.c\n'}
[0.872336] (px4_msgs) StdoutLine: {'line': b'-- Up-to-date symlink: /root/ws_sensor_combined/install/px4_msgs/local/lib/python3.10/dist-packages/px4_msgs/msg/_arming_check_request.py\n'}
[0.872468] (px4_msgs) StdoutLine: {'line': b'-- Up-to-date symlink: /root/ws_sensor_combined/install/px4_msgs/local/lib/python3.10/dist-packages/px4_msgs/msg/_arming_check_request_s.c\n'}
[0.872559] (px4_msgs) StdoutLine: {'line': b'-- Up-to-date symlink: /root/ws_sensor_combined/install/px4_msgs/local/lib/python3.10/dist-packages/px4_msgs/msg/_autotune_attitude_control_status.py\n'}
[0.872642] (px4_msgs) StdoutLine: {'line': b'-- Up-to-date symlink: /root/ws_sensor_combined/install/px4_msgs/local/lib/python3.10/dist-packages/px4_msgs/msg/_autotune_attitude_control_status_s.c\n'}
[0.872724] (px4_msgs) StdoutLine: {'line': b'-- Up-to-date symlink: /root/ws_sensor_combined/install/px4_msgs/local/lib/python3.10/dist-packages/px4_msgs/msg/_battery_info.py\n'}
[0.872806] (px4_msgs) StdoutLine: {'line': b'-- Up-to-date symlink: /root/ws_sensor_combined/install/px4_msgs/local/lib/python3.10/dist-packages/px4_msgs/msg/_battery_info_s.c\n'}
[0.872871] (px4_msgs) StdoutLine: {'line': b'-- Up-to-date symlink: /root/ws_sensor_combined/install/px4_msgs/local/lib/python3.10/dist-packages/px4_msgs/msg/_battery_status.py\n'}
[0.872954] (px4_msgs) StdoutLine: {'line': b'-- Up-to-date symlink: /root/ws_sensor_combined/install/px4_msgs/local/lib/python3.10/dist-packages/px4_msgs/msg/_battery_status_s.c\n'}
[0.873035] (px4_msgs) StdoutLine: {'line': b'-- Up-to-date symlink: /root/ws_sensor_combined/install/px4_msgs/local/lib/python3.10/dist-packages/px4_msgs/msg/_button_event.py\n'}
[0.873118] (px4_msgs) StdoutLine: {'line': b'-- Up-to-date symlink: /root/ws_sensor_combined/install/px4_msgs/local/lib/python3.10/dist-packages/px4_msgs/msg/_button_event_s.c\n'}
[0.873198] (px4_msgs) StdoutLine: {'line': b'-- Up-to-date symlink: /root/ws_sensor_combined/install/px4_msgs/local/lib/python3.10/dist-packages/px4_msgs/msg/_camera_capture.py\n'}
[0.873279] (px4_msgs) StdoutLine: {'line': b'-- Up-to-date symlink: /root/ws_sensor_combined/install/px4_msgs/local/lib/python3.10/dist-packages/px4_msgs/msg/_camera_capture_s.c\n'}
[0.873359] (px4_msgs) StdoutLine: {'line': b'-- Up-to-date symlink: /root/ws_sensor_combined/install/px4_msgs/local/lib/python3.10/dist-packages/px4_msgs/msg/_camera_status.py\n'}
[0.873490] (px4_msgs) StdoutLine: {'line': b'-- Up-to-date symlink: /root/ws_sensor_combined/install/px4_msgs/local/lib/python3.10/dist-packages/px4_msgs/msg/_camera_status_s.c\n'}
[0.873684] (px4_msgs) StdoutLine: {'line': b'-- Up-to-date symlink: /root/ws_sensor_combined/install/px4_msgs/local/lib/python3.10/dist-packages/px4_msgs/msg/_camera_trigger.py\n'}
[0.873776] (px4_msgs) StdoutLine: {'line': b'-- Up-to-date symlink: /root/ws_sensor_combined/install/px4_msgs/local/lib/python3.10/dist-packages/px4_msgs/msg/_camera_trigger_s.c\n'}
[0.873865] (px4_msgs) StdoutLine: {'line': b'-- Up-to-date symlink: /root/ws_sensor_combined/install/px4_msgs/local/lib/python3.10/dist-packages/px4_msgs/msg/_can_interface_status.py\n'}
[0.873946] (px4_msgs) StdoutLine: {'line': b'-- Up-to-date symlink: /root/ws_sensor_combined/install/px4_msgs/local/lib/python3.10/dist-packages/px4_msgs/msg/_can_interface_status_s.c\n'}
[0.874030] (px4_msgs) StdoutLine: {'line': b'-- Up-to-date symlink: /root/ws_sensor_combined/install/px4_msgs/local/lib/python3.10/dist-packages/px4_msgs/msg/_cellular_status.py\n'}
[0.874111] (px4_msgs) StdoutLine: {'line': b'-- Up-to-date symlink: /root/ws_sensor_combined/install/px4_msgs/local/lib/python3.10/dist-packages/px4_msgs/msg/_cellular_status_s.c\n'}
[0.874192] (px4_msgs) StdoutLine: {'line': b'-- Up-to-date symlink: /root/ws_sensor_combined/install/px4_msgs/local/lib/python3.10/dist-packages/px4_msgs/msg/_collision_constraints.py\n'}
[0.874273] (px4_msgs) StdoutLine: {'line': b'-- Up-to-date symlink: /root/ws_sensor_combined/install/px4_msgs/local/lib/python3.10/dist-packages/px4_msgs/msg/_collision_constraints_s.c\n'}
[0.874353] (px4_msgs) StdoutLine: {'line': b'-- Up-to-date symlink: /root/ws_sensor_combined/install/px4_msgs/local/lib/python3.10/dist-packages/px4_msgs/msg/_config_overrides.py\n'}
[0.874434] (px4_msgs) StdoutLine: {'line': b'-- Up-to-date symlink: /root/ws_sensor_combined/install/px4_msgs/local/lib/python3.10/dist-packages/px4_msgs/msg/_config_overrides_s.c\n'}
[0.874515] (px4_msgs) StdoutLine: {'line': b'-- Up-to-date symlink: /root/ws_sensor_combined/install/px4_msgs/local/lib/python3.10/dist-packages/px4_msgs/msg/_control_allocator_status.py\n'}
[0.874597] (px4_msgs) StdoutLine: {'line': b'-- Up-to-date symlink: /root/ws_sensor_combined/install/px4_msgs/local/lib/python3.10/dist-packages/px4_msgs/msg/_control_allocator_status_s.c\n'}
[0.874677] (px4_msgs) StdoutLine: {'line': b'-- Up-to-date symlink: /root/ws_sensor_combined/install/px4_msgs/local/lib/python3.10/dist-packages/px4_msgs/msg/_cpuload.py\n'}
[0.874769] (px4_msgs) StdoutLine: {'line': b'-- Up-to-date symlink: /root/ws_sensor_combined/install/px4_msgs/local/lib/python3.10/dist-packages/px4_msgs/msg/_cpuload_s.c\n'}
[0.874850] (px4_msgs) StdoutLine: {'line': b'-- Up-to-date symlink: /root/ws_sensor_combined/install/px4_msgs/local/lib/python3.10/dist-packages/px4_msgs/msg/_dataman_request.py\n'}
[0.874931] (px4_msgs) StdoutLine: {'line': b'-- Up-to-date symlink: /root/ws_sensor_combined/install/px4_msgs/local/lib/python3.10/dist-packages/px4_msgs/msg/_dataman_request_s.c\n'}
[0.875012] (px4_msgs) StdoutLine: {'line': b'-- Up-to-date symlink: /root/ws_sensor_combined/install/px4_msgs/local/lib/python3.10/dist-packages/px4_msgs/msg/_dataman_response.py\n'}
[0.875092] (px4_msgs) StdoutLine: {'line': b'-- Up-to-date symlink: /root/ws_sensor_combined/install/px4_msgs/local/lib/python3.10/dist-packages/px4_msgs/msg/_dataman_response_s.c\n'}
[0.875173] (px4_msgs) StdoutLine: {'line': b'-- Up-to-date symlink: /root/ws_sensor_combined/install/px4_msgs/local/lib/python3.10/dist-packages/px4_msgs/msg/_debug_array.py\n'}
[0.875334] (px4_msgs) StdoutLine: {'line': b'-- Up-to-date symlink: /root/ws_sensor_combined/install/px4_msgs/local/lib/python3.10/dist-packages/px4_msgs/msg/_debug_array_s.c\n'}
[0.875409] (px4_msgs) StdoutLine: {'line': b'-- Up-to-date symlink: /root/ws_sensor_combined/install/px4_msgs/local/lib/python3.10/dist-packages/px4_msgs/msg/_debug_key_value.py\n'}
[0.875490] (px4_msgs) StdoutLine: {'line': b'-- Up-to-date symlink: /root/ws_sensor_combined/install/px4_msgs/local/lib/python3.10/dist-packages/px4_msgs/msg/_debug_key_value_s.c\n'}
[0.875571] (px4_msgs) StdoutLine: {'line': b'-- Up-to-date symlink: /root/ws_sensor_combined/install/px4_msgs/local/lib/python3.10/dist-packages/px4_msgs/msg/_debug_value.py\n'}
[0.875651] (px4_msgs) StdoutLine: {'line': b'-- Up-to-date symlink: /root/ws_sensor_combined/install/px4_msgs/local/lib/python3.10/dist-packages/px4_msgs/msg/_debug_value_s.c\n'}
[0.875732] (px4_msgs) StdoutLine: {'line': b'-- Up-to-date symlink: /root/ws_sensor_combined/install/px4_msgs/local/lib/python3.10/dist-packages/px4_msgs/msg/_debug_vect.py\n'}
[0.875813] (px4_msgs) StdoutLine: {'line': b'-- Up-to-date symlink: /root/ws_sensor_combined/install/px4_msgs/local/lib/python3.10/dist-packages/px4_msgs/msg/_debug_vect_s.c\n'}
[0.875893] (px4_msgs) StdoutLine: {'line': b'-- Up-to-date symlink: /root/ws_sensor_combined/install/px4_msgs/local/lib/python3.10/dist-packages/px4_msgs/msg/_differential_pressure.py\n'}
[0.875978] (px4_msgs) StdoutLine: {'line': b'-- Up-to-date symlink: /root/ws_sensor_combined/install/px4_msgs/local/lib/python3.10/dist-packages/px4_msgs/msg/_differential_pressure_s.c\n'}
[0.876061] (px4_msgs) StdoutLine: {'line': b'-- Up-to-date symlink: /root/ws_sensor_combined/install/px4_msgs/local/lib/python3.10/dist-packages/px4_msgs/msg/_distance_sensor.py\n'}
[0.876142] (px4_msgs) StdoutLine: {'line': b'-- Up-to-date symlink: /root/ws_sensor_combined/install/px4_msgs/local/lib/python3.10/dist-packages/px4_msgs/msg/_distance_sensor_mode_change_request.py\n'}
[0.876223] (px4_msgs) StdoutLine: {'line': b'-- Up-to-date symlink: /root/ws_sensor_combined/install/px4_msgs/local/lib/python3.10/dist-packages/px4_msgs/msg/_distance_sensor_mode_change_request_s.c\n'}
[0.876307] (px4_msgs) StdoutLine: {'line': b'-- Up-to-date symlink: /root/ws_sensor_combined/install/px4_msgs/local/lib/python3.10/dist-packages/px4_msgs/msg/_distance_sensor_s.c\n'}
[0.876386] (px4_msgs) StdoutLine: {'line': b'-- Up-to-date symlink: /root/ws_sensor_combined/install/px4_msgs/local/lib/python3.10/dist-packages/px4_msgs/msg/_dronecan_node_status.py\n'}
[0.876465] (px4_msgs) StdoutLine: {'line': b'-- Up-to-date symlink: /root/ws_sensor_combined/install/px4_msgs/local/lib/python3.10/dist-packages/px4_msgs/msg/_dronecan_node_status_s.c\n'}
[0.876544] (px4_msgs) StdoutLine: {'line': b'-- Up-to-date symlink: /root/ws_sensor_combined/install/px4_msgs/local/lib/python3.10/dist-packages/px4_msgs/msg/_ekf2_timestamps.py\n'}
[0.876624] (px4_msgs) StdoutLine: {'line': b'-- Up-to-date symlink: /root/ws_sensor_combined/install/px4_msgs/local/lib/python3.10/dist-packages/px4_msgs/msg/_ekf2_timestamps_s.c\n'}
[0.876703] (px4_msgs) StdoutLine: {'line': b'-- Up-to-date symlink: /root/ws_sensor_combined/install/px4_msgs/local/lib/python3.10/dist-packages/px4_msgs/msg/_esc_report.py\n'}
[0.876782] (px4_msgs) StdoutLine: {'line': b'-- Up-to-date symlink: /root/ws_sensor_combined/install/px4_msgs/local/lib/python3.10/dist-packages/px4_msgs/msg/_esc_report_s.c\n'}
[0.876861] (px4_msgs) StdoutLine: {'line': b'-- Up-to-date symlink: /root/ws_sensor_combined/install/px4_msgs/local/lib/python3.10/dist-packages/px4_msgs/msg/_esc_status.py\n'}
[0.876939] (px4_msgs) StdoutLine: {'line': b'-- Up-to-date symlink: /root/ws_sensor_combined/install/px4_msgs/local/lib/python3.10/dist-packages/px4_msgs/msg/_esc_status_s.c\n'}
[0.877018] (px4_msgs) StdoutLine: {'line': b'-- Up-to-date symlink: /root/ws_sensor_combined/install/px4_msgs/local/lib/python3.10/dist-packages/px4_msgs/msg/_estimator_aid_source1d.py\n'}
[0.877097] (px4_msgs) StdoutLine: {'line': b'-- Up-to-date symlink: /root/ws_sensor_combined/install/px4_msgs/local/lib/python3.10/dist-packages/px4_msgs/msg/_estimator_aid_source1d_s.c\n'}
[0.877176] (px4_msgs) StdoutLine: {'line': b'-- Up-to-date symlink: /root/ws_sensor_combined/install/px4_msgs/local/lib/python3.10/dist-packages/px4_msgs/msg/_estimator_aid_source2d.py\n'}
[0.877255] (px4_msgs) StdoutLine: {'line': b'-- Up-to-date symlink: /root/ws_sensor_combined/install/px4_msgs/local/lib/python3.10/dist-packages/px4_msgs/msg/_estimator_aid_source2d_s.c\n'}
[0.877371] (px4_msgs) StdoutLine: {'line': b'-- Up-to-date symlink: /root/ws_sensor_combined/install/px4_msgs/local/lib/python3.10/dist-packages/px4_msgs/msg/_estimator_aid_source3d.py\n'}
[0.877543] (px4_msgs) StdoutLine: {'line': b'-- Up-to-date symlink: /root/ws_sensor_combined/install/px4_msgs/local/lib/python3.10/dist-packages/px4_msgs/msg/_estimator_aid_source3d_s.c\n'}
[0.877640] (px4_msgs) StdoutLine: {'line': b'-- Up-to-date symlink: /root/ws_sensor_combined/install/px4_msgs/local/lib/python3.10/dist-packages/px4_msgs/msg/_estimator_bias.py\n'}
[0.877710] (px4_msgs) StdoutLine: {'line': b'-- Up-to-date symlink: /root/ws_sensor_combined/install/px4_msgs/local/lib/python3.10/dist-packages/px4_msgs/msg/_estimator_bias3d.py\n'}
[0.877884] (px4_msgs) StdoutLine: {'line': b'-- Up-to-date symlink: /root/ws_sensor_combined/install/px4_msgs/local/lib/python3.10/dist-packages/px4_msgs/msg/_estimator_bias3d_s.c\n'}
[0.877935] (px4_msgs) StdoutLine: {'line': b'-- Up-to-date symlink: /root/ws_sensor_combined/install/px4_msgs/local/lib/python3.10/dist-packages/px4_msgs/msg/_estimator_bias_s.c\n'}
[0.878011] (px4_msgs) StdoutLine: {'line': b'-- Up-to-date symlink: /root/ws_sensor_combined/install/px4_msgs/local/lib/python3.10/dist-packages/px4_msgs/msg/_estimator_event_flags.py\n'}
[0.878064] (px4_msgs) StdoutLine: {'line': b'-- Up-to-date symlink: /root/ws_sensor_combined/install/px4_msgs/local/lib/python3.10/dist-packages/px4_msgs/msg/_estimator_event_flags_s.c\n'}
[0.878092] (px4_msgs) StdoutLine: {'line': b'-- Up-to-date symlink: /root/ws_sensor_combined/install/px4_msgs/local/lib/python3.10/dist-packages/px4_msgs/msg/_estimator_gps_status.py\n'}
[0.878173] (px4_msgs) StdoutLine: {'line': b'-- Up-to-date symlink: /root/ws_sensor_combined/install/px4_msgs/local/lib/python3.10/dist-packages/px4_msgs/msg/_estimator_gps_status_s.c\n'}
[0.878254] (px4_msgs) StdoutLine: {'line': b'-- Up-to-date symlink: /root/ws_sensor_combined/install/px4_msgs/local/lib/python3.10/dist-packages/px4_msgs/msg/_estimator_innovations.py\n'}
[0.878335] (px4_msgs) StdoutLine: {'line': b'-- Up-to-date symlink: /root/ws_sensor_combined/install/px4_msgs/local/lib/python3.10/dist-packages/px4_msgs/msg/_estimator_innovations_s.c\n'}
[0.878421] (px4_msgs) StdoutLine: {'line': b'-- Up-to-date symlink: /root/ws_sensor_combined/install/px4_msgs/local/lib/python3.10/dist-packages/px4_msgs/msg/_estimator_selector_status.py\n'}
[0.878503] (px4_msgs) StdoutLine: {'line': b'-- Up-to-date symlink: /root/ws_sensor_combined/install/px4_msgs/local/lib/python3.10/dist-packages/px4_msgs/msg/_estimator_selector_status_s.c\n'}
[0.878587] (px4_msgs) StdoutLine: {'line': b'-- Up-to-date symlink: /root/ws_sensor_combined/install/px4_msgs/local/lib/python3.10/dist-packages/px4_msgs/msg/_estimator_sensor_bias.py\n'}
[0.878825] (px4_msgs) StdoutLine: {'line': b'-- Up-to-date symlink: /root/ws_sensor_combined/install/px4_msgs/local/lib/python3.10/dist-packages/px4_msgs/msg/_estimator_sensor_bias_s.c\n'}
[0.878919] (px4_msgs) StdoutLine: {'line': b'-- Up-to-date symlink: /root/ws_sensor_combined/install/px4_msgs/local/lib/python3.10/dist-packages/px4_msgs/msg/_estimator_states.py\n'}
[0.879101] (px4_msgs) StdoutLine: {'line': b'-- Up-to-date symlink: /root/ws_sensor_combined/install/px4_msgs/local/lib/python3.10/dist-packages/px4_msgs/msg/_estimator_states_s.c\n'}
[0.879171] (px4_msgs) StdoutLine: {'line': b'-- Up-to-date symlink: /root/ws_sensor_combined/install/px4_msgs/local/lib/python3.10/dist-packages/px4_msgs/msg/_estimator_status.py\n'}
[0.879202] (px4_msgs) StdoutLine: {'line': b'-- Up-to-date symlink: /root/ws_sensor_combined/install/px4_msgs/local/lib/python3.10/dist-packages/px4_msgs/msg/_estimator_status_flags.py\n'}
[0.879227] (px4_msgs) StdoutLine: {'line': b'-- Up-to-date symlink: /root/ws_sensor_combined/install/px4_msgs/local/lib/python3.10/dist-packages/px4_msgs/msg/_estimator_status_flags_s.c\n'}
[0.879306] (px4_msgs) StdoutLine: {'line': b'-- Up-to-date symlink: /root/ws_sensor_combined/install/px4_msgs/local/lib/python3.10/dist-packages/px4_msgs/msg/_estimator_status_s.c\n'}
[0.879385] (px4_msgs) StdoutLine: {'line': b'-- Up-to-date symlink: /root/ws_sensor_combined/install/px4_msgs/local/lib/python3.10/dist-packages/px4_msgs/msg/_event.py\n'}
[0.879465] (px4_msgs) StdoutLine: {'line': b'-- Up-to-date symlink: /root/ws_sensor_combined/install/px4_msgs/local/lib/python3.10/dist-packages/px4_msgs/msg/_event_s.c\n'}
[0.879545] (px4_msgs) StdoutLine: {'line': b'-- Up-to-date symlink: /root/ws_sensor_combined/install/px4_msgs/local/lib/python3.10/dist-packages/px4_msgs/msg/_failsafe_flags.py\n'}
[0.879624] (px4_msgs) StdoutLine: {'line': b'-- Up-to-date symlink: /root/ws_sensor_combined/install/px4_msgs/local/lib/python3.10/dist-packages/px4_msgs/msg/_failsafe_flags_s.c\n'}
[0.879703] (px4_msgs) StdoutLine: {'line': b'-- Up-to-date symlink: /root/ws_sensor_combined/install/px4_msgs/local/lib/python3.10/dist-packages/px4_msgs/msg/_failure_detector_status.py\n'}
[0.879788] (px4_msgs) StdoutLine: {'line': b'-- Up-to-date symlink: /root/ws_sensor_combined/install/px4_msgs/local/lib/python3.10/dist-packages/px4_msgs/msg/_failure_detector_status_s.c\n'}
[0.879867] (px4_msgs) StdoutLine: {'line': b'-- Up-to-date symlink: /root/ws_sensor_combined/install/px4_msgs/local/lib/python3.10/dist-packages/px4_msgs/msg/_figure_eight_status.py\n'}
[0.879947] (px4_msgs) StdoutLine: {'line': b'-- Up-to-date symlink: /root/ws_sensor_combined/install/px4_msgs/local/lib/python3.10/dist-packages/px4_msgs/msg/_figure_eight_status_s.c\n'}
[0.880027] (px4_msgs) StdoutLine: {'line': b'-- Up-to-date symlink: /root/ws_sensor_combined/install/px4_msgs/local/lib/python3.10/dist-packages/px4_msgs/msg/_fixed_wing_lateral_guidance_status.py\n'}
[0.880267] (px4_msgs) StdoutLine: {'line': b'-- Up-to-date symlink: /root/ws_sensor_combined/install/px4_msgs/local/lib/python3.10/dist-packages/px4_msgs/msg/_fixed_wing_lateral_guidance_status_s.c\n'}
[0.880355] (px4_msgs) StdoutLine: {'line': b'-- Up-to-date symlink: /root/ws_sensor_combined/install/px4_msgs/local/lib/python3.10/dist-packages/px4_msgs/msg/_fixed_wing_lateral_setpoint.py\n'}
[0.880435] (px4_msgs) StdoutLine: {'line': b'-- Up-to-date symlink: /root/ws_sensor_combined/install/px4_msgs/local/lib/python3.10/dist-packages/px4_msgs/msg/_fixed_wing_lateral_setpoint_s.c\n'}
[0.880515] (px4_msgs) StdoutLine: {'line': b'-- Up-to-date symlink: /root/ws_sensor_combined/install/px4_msgs/local/lib/python3.10/dist-packages/px4_msgs/msg/_fixed_wing_lateral_status.py\n'}
[0.880595] (px4_msgs) StdoutLine: {'line': b'-- Up-to-date symlink: /root/ws_sensor_combined/install/px4_msgs/local/lib/python3.10/dist-packages/px4_msgs/msg/_fixed_wing_lateral_status_s.c\n'}
[0.880674] (px4_msgs) StdoutLine: {'line': b'-- Up-to-date symlink: /root/ws_sensor_combined/install/px4_msgs/local/lib/python3.10/dist-packages/px4_msgs/msg/_fixed_wing_longitudinal_setpoint.py\n'}
[0.880753] (px4_msgs) StdoutLine: {'line': b'-- Up-to-date symlink: /root/ws_sensor_combined/install/px4_msgs/local/lib/python3.10/dist-packages/px4_msgs/msg/_fixed_wing_longitudinal_setpoint_s.c\n'}
[0.880833] (px4_msgs) StdoutLine: {'line': b'-- Up-to-date symlink: /root/ws_sensor_combined/install/px4_msgs/local/lib/python3.10/dist-packages/px4_msgs/msg/_fixed_wing_runway_control.py\n'}
[0.880913] (px4_msgs) StdoutLine: {'line': b'-- Up-to-date symlink: /root/ws_sensor_combined/install/px4_msgs/local/lib/python3.10/dist-packages/px4_msgs/msg/_fixed_wing_runway_control_s.c\n'}
[0.880996] (px4_msgs) StdoutLine: {'line': b'-- Up-to-date symlink: /root/ws_sensor_combined/install/px4_msgs/local/lib/python3.10/dist-packages/px4_msgs/msg/_flight_phase_estimation.py\n'}
[0.881075] (px4_msgs) StdoutLine: {'line': b'-- Up-to-date symlink: /root/ws_sensor_combined/install/px4_msgs/local/lib/python3.10/dist-packages/px4_msgs/msg/_flight_phase_estimation_s.c\n'}
[0.881155] (px4_msgs) StdoutLine: {'line': b'-- Up-to-date symlink: /root/ws_sensor_combined/install/px4_msgs/local/lib/python3.10/dist-packages/px4_msgs/msg/_follow_target.py\n'}
[0.881235] (px4_msgs) StdoutLine: {'line': b'-- Up-to-date symlink: /root/ws_sensor_combined/install/px4_msgs/local/lib/python3.10/dist-packages/px4_msgs/msg/_follow_target_estimator.py\n'}
[0.881315] (px4_msgs) StdoutLine: {'line': b'-- Up-to-date symlink: /root/ws_sensor_combined/install/px4_msgs/local/lib/python3.10/dist-packages/px4_msgs/msg/_follow_target_estimator_s.c\n'}
[0.881395] (px4_msgs) StdoutLine: {'line': b'-- Up-to-date symlink: /root/ws_sensor_combined/install/px4_msgs/local/lib/python3.10/dist-packages/px4_msgs/msg/_follow_target_s.c\n'}
[0.881475] (px4_msgs) StdoutLine: {'line': b'-- Up-to-date symlink: /root/ws_sensor_combined/install/px4_msgs/local/lib/python3.10/dist-packages/px4_msgs/msg/_follow_target_status.py\n'}
[0.881615] (px4_msgs) StdoutLine: {'line': b'-- Up-to-date symlink: /root/ws_sensor_combined/install/px4_msgs/local/lib/python3.10/dist-packages/px4_msgs/msg/_follow_target_status_s.c\n'}
[0.881706] (px4_msgs) StdoutLine: {'line': b'-- Up-to-date symlink: /root/ws_sensor_combined/install/px4_msgs/local/lib/python3.10/dist-packages/px4_msgs/msg/_fuel_tank_status.py\n'}
[0.881788] (px4_msgs) StdoutLine: {'line': b'-- Up-to-date symlink: /root/ws_sensor_combined/install/px4_msgs/local/lib/python3.10/dist-packages/px4_msgs/msg/_fuel_tank_status_s.c\n'}
[0.881868] (px4_msgs) StdoutLine: {'line': b'-- Up-to-date symlink: /root/ws_sensor_combined/install/px4_msgs/local/lib/python3.10/dist-packages/px4_msgs/msg/_generator_status.py\n'}
[0.881947] (px4_msgs) StdoutLine: {'line': b'-- Up-to-date symlink: /root/ws_sensor_combined/install/px4_msgs/local/lib/python3.10/dist-packages/px4_msgs/msg/_generator_status_s.c\n'}
[0.882027] (px4_msgs) StdoutLine: {'line': b'-- Up-to-date symlink: /root/ws_sensor_combined/install/px4_msgs/local/lib/python3.10/dist-packages/px4_msgs/msg/_geofence_result.py\n'}
[0.882108] (px4_msgs) StdoutLine: {'line': b'-- Up-to-date symlink: /root/ws_sensor_combined/install/px4_msgs/local/lib/python3.10/dist-packages/px4_msgs/msg/_geofence_result_s.c\n'}
[0.882188] (px4_msgs) StdoutLine: {'line': b'-- Up-to-date symlink: /root/ws_sensor_combined/install/px4_msgs/local/lib/python3.10/dist-packages/px4_msgs/msg/_geofence_status.py\n'}
[0.882269] (px4_msgs) StdoutLine: {'line': b'-- Up-to-date symlink: /root/ws_sensor_combined/install/px4_msgs/local/lib/python3.10/dist-packages/px4_msgs/msg/_geofence_status_s.c\n'}
[0.882349] (px4_msgs) StdoutLine: {'line': b'-- Up-to-date symlink: /root/ws_sensor_combined/install/px4_msgs/local/lib/python3.10/dist-packages/px4_msgs/msg/_gimbal_controls.py\n'}
[0.882429] (px4_msgs) StdoutLine: {'line': b'-- Up-to-date symlink: /root/ws_sensor_combined/install/px4_msgs/local/lib/python3.10/dist-packages/px4_msgs/msg/_gimbal_controls_s.c\n'}
[0.882511] (px4_msgs) StdoutLine: {'line': b'-- Up-to-date symlink: /root/ws_sensor_combined/install/px4_msgs/local/lib/python3.10/dist-packages/px4_msgs/msg/_gimbal_device_attitude_status.py\n'}
[0.882593] (px4_msgs) StdoutLine: {'line': b'-- Up-to-date symlink: /root/ws_sensor_combined/install/px4_msgs/local/lib/python3.10/dist-packages/px4_msgs/msg/_gimbal_device_attitude_status_s.c\n'}
[0.882675] (px4_msgs) StdoutLine: {'line': b'-- Up-to-date symlink: /root/ws_sensor_combined/install/px4_msgs/local/lib/python3.10/dist-packages/px4_msgs/msg/_gimbal_device_information.py\n'}
[0.882756] (px4_msgs) StdoutLine: {'line': b'-- Up-to-date symlink: /root/ws_sensor_combined/install/px4_msgs/local/lib/python3.10/dist-packages/px4_msgs/msg/_gimbal_device_information_s.c\n'}
[0.882837] (px4_msgs) StdoutLine: {'line': b'-- Up-to-date symlink: /root/ws_sensor_combined/install/px4_msgs/local/lib/python3.10/dist-packages/px4_msgs/msg/_gimbal_device_set_attitude.py\n'}
[0.882918] (px4_msgs) StdoutLine: {'line': b'-- Up-to-date symlink: /root/ws_sensor_combined/install/px4_msgs/local/lib/python3.10/dist-packages/px4_msgs/msg/_gimbal_device_set_attitude_s.c\n'}
[0.882998] (px4_msgs) StdoutLine: {'line': b'-- Up-to-date symlink: /root/ws_sensor_combined/install/px4_msgs/local/lib/python3.10/dist-packages/px4_msgs/msg/_gimbal_manager_information.py\n'}
[0.883080] (px4_msgs) StdoutLine: {'line': b'-- Up-to-date symlink: /root/ws_sensor_combined/install/px4_msgs/local/lib/python3.10/dist-packages/px4_msgs/msg/_gimbal_manager_information_s.c\n'}
[0.883161] (px4_msgs) StdoutLine: {'line': b'-- Up-to-date symlink: /root/ws_sensor_combined/install/px4_msgs/local/lib/python3.10/dist-packages/px4_msgs/msg/_gimbal_manager_set_attitude.py\n'}
[0.883244] (px4_msgs) StdoutLine: {'line': b'-- Up-to-date symlink: /root/ws_sensor_combined/install/px4_msgs/local/lib/python3.10/dist-packages/px4_msgs/msg/_gimbal_manager_set_attitude_s.c\n'}
[0.883325] (px4_msgs) StdoutLine: {'line': b'-- Up-to-date symlink: /root/ws_sensor_combined/install/px4_msgs/local/lib/python3.10/dist-packages/px4_msgs/msg/_gimbal_manager_set_manual_control.py\n'}
[0.883406] (px4_msgs) StdoutLine: {'line': b'-- Up-to-date symlink: /root/ws_sensor_combined/install/px4_msgs/local/lib/python3.10/dist-packages/px4_msgs/msg/_gimbal_manager_set_manual_control_s.c\n'}
[0.883489] (px4_msgs) StdoutLine: {'line': b'-- Up-to-date symlink: /root/ws_sensor_combined/install/px4_msgs/local/lib/python3.10/dist-packages/px4_msgs/msg/_gimbal_manager_status.py\n'}
[0.883572] (px4_msgs) StdoutLine: {'line': b'-- Up-to-date symlink: /root/ws_sensor_combined/install/px4_msgs/local/lib/python3.10/dist-packages/px4_msgs/msg/_gimbal_manager_status_s.c\n'}
[0.883652] (px4_msgs) StdoutLine: {'line': b'-- Up-to-date symlink: /root/ws_sensor_combined/install/px4_msgs/local/lib/python3.10/dist-packages/px4_msgs/msg/_goto_setpoint.py\n'}
[0.883733] (px4_msgs) StdoutLine: {'line': b'-- Up-to-date symlink: /root/ws_sensor_combined/install/px4_msgs/local/lib/python3.10/dist-packages/px4_msgs/msg/_goto_setpoint_s.c\n'}
[0.883814] (px4_msgs) StdoutLine: {'line': b'-- Up-to-date symlink: /root/ws_sensor_combined/install/px4_msgs/local/lib/python3.10/dist-packages/px4_msgs/msg/_gpio_config.py\n'}
[0.884022] (px4_msgs) StdoutLine: {'line': b'-- Up-to-date symlink: /root/ws_sensor_combined/install/px4_msgs/local/lib/python3.10/dist-packages/px4_msgs/msg/_gpio_config_s.c\n'}
[0.884076] (px4_msgs) StdoutLine: {'line': b'-- Up-to-date symlink: /root/ws_sensor_combined/install/px4_msgs/local/lib/python3.10/dist-packages/px4_msgs/msg/_gpio_in.py\n'}
[0.884102] (px4_msgs) StdoutLine: {'line': b'-- Up-to-date symlink: /root/ws_sensor_combined/install/px4_msgs/local/lib/python3.10/dist-packages/px4_msgs/msg/_gpio_in_s.c\n'}
[0.884125] (px4_msgs) StdoutLine: {'line': b'-- Up-to-date symlink: /root/ws_sensor_combined/install/px4_msgs/local/lib/python3.10/dist-packages/px4_msgs/msg/_gpio_out.py\n'}
[0.884148] (px4_msgs) StdoutLine: {'line': b'-- Up-to-date symlink: /root/ws_sensor_combined/install/px4_msgs/local/lib/python3.10/dist-packages/px4_msgs/msg/_gpio_out_s.c\n'}
[0.884170] (px4_msgs) StdoutLine: {'line': b'-- Up-to-date symlink: /root/ws_sensor_combined/install/px4_msgs/local/lib/python3.10/dist-packages/px4_msgs/msg/_gpio_request.py\n'}
[0.884197] (px4_msgs) StdoutLine: {'line': b'-- Up-to-date symlink: /root/ws_sensor_combined/install/px4_msgs/local/lib/python3.10/dist-packages/px4_msgs/msg/_gpio_request_s.c\n'}
[0.884244] (px4_msgs) StdoutLine: {'line': b'-- Up-to-date symlink: /root/ws_sensor_combined/install/px4_msgs/local/lib/python3.10/dist-packages/px4_msgs/msg/_gps_dump.py\n'}
[0.884294] (px4_msgs) StdoutLine: {'line': b'-- Up-to-date symlink: /root/ws_sensor_combined/install/px4_msgs/local/lib/python3.10/dist-packages/px4_msgs/msg/_gps_dump_s.c\n'}
[0.884374] (px4_msgs) StdoutLine: {'line': b'-- Up-to-date symlink: /root/ws_sensor_combined/install/px4_msgs/local/lib/python3.10/dist-packages/px4_msgs/msg/_gps_inject_data.py\n'}
[0.884420] (px4_msgs) StdoutLine: {'line': b'-- Up-to-date symlink: /root/ws_sensor_combined/install/px4_msgs/local/lib/python3.10/dist-packages/px4_msgs/msg/_gps_inject_data_s.c\n'}
[0.884493] (px4_msgs) StdoutLine: {'line': b'-- Up-to-date symlink: /root/ws_sensor_combined/install/px4_msgs/local/lib/python3.10/dist-packages/px4_msgs/msg/_gripper.py\n'}
[0.884551] (px4_msgs) StdoutLine: {'line': b'-- Up-to-date symlink: /root/ws_sensor_combined/install/px4_msgs/local/lib/python3.10/dist-packages/px4_msgs/msg/_gripper_s.c\n'}
[0.884635] (px4_msgs) StdoutLine: {'line': b'-- Up-to-date symlink: /root/ws_sensor_combined/install/px4_msgs/local/lib/python3.10/dist-packages/px4_msgs/msg/_health_report.py\n'}
[0.884717] (px4_msgs) StdoutLine: {'line': b'-- Up-to-date symlink: /root/ws_sensor_combined/install/px4_msgs/local/lib/python3.10/dist-packages/px4_msgs/msg/_health_report_s.c\n'}
[0.884800] (px4_msgs) StdoutLine: {'line': b'-- Up-to-date symlink: /root/ws_sensor_combined/install/px4_msgs/local/lib/python3.10/dist-packages/px4_msgs/msg/_heater_status.py\n'}
[0.884883] (px4_msgs) StdoutLine: {'line': b'-- Up-to-date symlink: /root/ws_sensor_combined/install/px4_msgs/local/lib/python3.10/dist-packages/px4_msgs/msg/_heater_status_s.c\n'}
[0.884969] (px4_msgs) StdoutLine: {'line': b'-- Up-to-date symlink: /root/ws_sensor_combined/install/px4_msgs/local/lib/python3.10/dist-packages/px4_msgs/msg/_home_position.py\n'}
[0.885054] (px4_msgs) StdoutLine: {'line': b'-- Up-to-date symlink: /root/ws_sensor_combined/install/px4_msgs/local/lib/python3.10/dist-packages/px4_msgs/msg/_home_position_s.c\n'}
[0.885135] (px4_msgs) StdoutLine: {'line': b'-- Up-to-date symlink: /root/ws_sensor_combined/install/px4_msgs/local/lib/python3.10/dist-packages/px4_msgs/msg/_hover_thrust_estimate.py\n'}
[0.885211] (px4_msgs) StdoutLine: {'line': b'-- Up-to-date symlink: /root/ws_sensor_combined/install/px4_msgs/local/lib/python3.10/dist-packages/px4_msgs/msg/_hover_thrust_estimate_s.c\n'}
[0.885295] (px4_msgs) StdoutLine: {'line': b'-- Up-to-date symlink: /root/ws_sensor_combined/install/px4_msgs/local/lib/python3.10/dist-packages/px4_msgs/msg/_input_rc.py\n'}
[0.885484] (px4_msgs) StdoutLine: {'line': b'-- Up-to-date symlink: /root/ws_sensor_combined/install/px4_msgs/local/lib/python3.10/dist-packages/px4_msgs/msg/_input_rc_s.c\n'}
[0.885607] (px4_msgs) StdoutLine: {'line': b'-- Up-to-date symlink: /root/ws_sensor_combined/install/px4_msgs/local/lib/python3.10/dist-packages/px4_msgs/msg/_internal_combustion_engine_control.py\n'}
[0.885681] (px4_msgs) StdoutLine: {'line': b'-- Up-to-date symlink: /root/ws_sensor_combined/install/px4_msgs/local/lib/python3.10/dist-packages/px4_msgs/msg/_internal_combustion_engine_control_s.c\n'}
[0.885760] (px4_msgs) StdoutLine: {'line': b'-- Up-to-date symlink: /root/ws_sensor_combined/install/px4_msgs/local/lib/python3.10/dist-packages/px4_msgs/msg/_internal_combustion_engine_status.py\n'}
[0.885839] (px4_msgs) StdoutLine: {'line': b'-- Up-to-date symlink: /root/ws_sensor_combined/install/px4_msgs/local/lib/python3.10/dist-packages/px4_msgs/msg/_internal_combustion_engine_status_s.c\n'}
[0.885918] (px4_msgs) StdoutLine: {'line': b'-- Up-to-date symlink: /root/ws_sensor_combined/install/px4_msgs/local/lib/python3.10/dist-packages/px4_msgs/msg/_iridiumsbd_status.py\n'}
[0.885987] (px4_msgs) StdoutLine: {'line': b'-- Up-to-date symlink: /root/ws_sensor_combined/install/px4_msgs/local/lib/python3.10/dist-packages/px4_msgs/msg/_iridiumsbd_status_s.c\n'}
[0.886017] (px4_msgs) StdoutLine: {'line': b'-- Up-to-date symlink: /root/ws_sensor_combined/install/px4_msgs/local/lib/python3.10/dist-packages/px4_msgs/msg/_irlock_report.py\n'}
[0.886042] (px4_msgs) StdoutLine: {'line': b'-- Up-to-date symlink: /root/ws_sensor_combined/install/px4_msgs/local/lib/python3.10/dist-packages/px4_msgs/msg/_irlock_report_s.c\n'}
[0.886068] (px4_msgs) StdoutLine: {'line': b'-- Up-to-date symlink: /root/ws_sensor_combined/install/px4_msgs/local/lib/python3.10/dist-packages/px4_msgs/msg/_landing_gear.py\n'}
[0.886332] (px4_msgs) StdoutLine: {'line': b'-- Up-to-date symlink: /root/ws_sensor_combined/install/px4_msgs/local/lib/python3.10/dist-packages/px4_msgs/msg/_landing_gear_s.c\n'}
[0.886367] (px4_msgs) StdoutLine: {'line': b'-- Up-to-date symlink: /root/ws_sensor_combined/install/px4_msgs/local/lib/python3.10/dist-packages/px4_msgs/msg/_landing_gear_wheel.py\n'}
[0.886435] (px4_msgs) StdoutLine: {'line': b'-- Up-to-date symlink: /root/ws_sensor_combined/install/px4_msgs/local/lib/python3.10/dist-packages/px4_msgs/msg/_landing_gear_wheel_s.c\n'}
[0.886507] (px4_msgs) StdoutLine: {'line': b'-- Up-to-date symlink: /root/ws_sensor_combined/install/px4_msgs/local/lib/python3.10/dist-packages/px4_msgs/msg/_landing_target_innovations.py\n'}
[0.886577] (px4_msgs) StdoutLine: {'line': b'-- Up-to-date symlink: /root/ws_sensor_combined/install/px4_msgs/local/lib/python3.10/dist-packages/px4_msgs/msg/_landing_target_innovations_s.c\n'}
[0.886656] (px4_msgs) StdoutLine: {'line': b'-- Up-to-date symlink: /root/ws_sensor_combined/install/px4_msgs/local/lib/python3.10/dist-packages/px4_msgs/msg/_landing_target_pose.py\n'}
[0.886688] (px4_msgs) StdoutLine: {'line': b'-- Up-to-date symlink: /root/ws_sensor_combined/install/px4_msgs/local/lib/python3.10/dist-packages/px4_msgs/msg/_landing_target_pose_s.c\n'}
[0.886714] (px4_msgs) StdoutLine: {'line': b'-- Up-to-date symlink: /root/ws_sensor_combined/install/px4_msgs/local/lib/python3.10/dist-packages/px4_msgs/msg/_lateral_control_configuration.py\n'}
[0.886831] (px4_msgs) StdoutLine: {'line': b'-- Up-to-date symlink: /root/ws_sensor_combined/install/px4_msgs/local/lib/python3.10/dist-packages/px4_msgs/msg/_lateral_control_configuration_s.c\n'}
[0.886884] (px4_msgs) StdoutLine: {'line': b'-- Up-to-date symlink: /root/ws_sensor_combined/install/px4_msgs/local/lib/python3.10/dist-packages/px4_msgs/msg/_launch_detection_status.py\n'}
[0.886918] (px4_msgs) StdoutLine: {'line': b'-- Up-to-date symlink: /root/ws_sensor_combined/install/px4_msgs/local/lib/python3.10/dist-packages/px4_msgs/msg/_launch_detection_status_s.c\n'}
[0.886999] (px4_msgs) StdoutLine: {'line': b'-- Up-to-date symlink: /root/ws_sensor_combined/install/px4_msgs/local/lib/python3.10/dist-packages/px4_msgs/msg/_led_control.py\n'}
[0.887081] (px4_msgs) StdoutLine: {'line': b'-- Up-to-date symlink: /root/ws_sensor_combined/install/px4_msgs/local/lib/python3.10/dist-packages/px4_msgs/msg/_led_control_s.c\n'}
[0.887149] (px4_msgs) StdoutLine: {'line': b'-- Up-to-date symlink: /root/ws_sensor_combined/install/px4_msgs/local/lib/python3.10/dist-packages/px4_msgs/msg/_log_message.py\n'}
[0.887231] (px4_msgs) StdoutLine: {'line': b'-- Up-to-date symlink: /root/ws_sensor_combined/install/px4_msgs/local/lib/python3.10/dist-packages/px4_msgs/msg/_log_message_s.c\n'}
[0.887311] (px4_msgs) StdoutLine: {'line': b'-- Up-to-date symlink: /root/ws_sensor_combined/install/px4_msgs/local/lib/python3.10/dist-packages/px4_msgs/msg/_logger_status.py\n'}
[0.887358] (px4_msgs) StdoutLine: {'line': b'-- Up-to-date symlink: /root/ws_sensor_combined/install/px4_msgs/local/lib/python3.10/dist-packages/px4_msgs/msg/_logger_status_s.c\n'}
[0.887482] (px4_msgs) StdoutLine: {'line': b'-- Up-to-date symlink: /root/ws_sensor_combined/install/px4_msgs/local/lib/python3.10/dist-packages/px4_msgs/msg/_longitudinal_control_configuration.py\n'}
[0.887542] (px4_msgs) StdoutLine: {'line': b'-- Up-to-date symlink: /root/ws_sensor_combined/install/px4_msgs/local/lib/python3.10/dist-packages/px4_msgs/msg/_longitudinal_control_configuration_s.c\n'}
[0.887623] (px4_msgs) StdoutLine: {'line': b'-- Up-to-date symlink: /root/ws_sensor_combined/install/px4_msgs/local/lib/python3.10/dist-packages/px4_msgs/msg/_mag_worker_data.py\n'}
[0.887702] (px4_msgs) StdoutLine: {'line': b'-- Up-to-date symlink: /root/ws_sensor_combined/install/px4_msgs/local/lib/python3.10/dist-packages/px4_msgs/msg/_mag_worker_data_s.c\n'}
[0.887781] (px4_msgs) StdoutLine: {'line': b'-- Up-to-date symlink: /root/ws_sensor_combined/install/px4_msgs/local/lib/python3.10/dist-packages/px4_msgs/msg/_magnetometer_bias_estimate.py\n'}
[0.887861] (px4_msgs) StdoutLine: {'line': b'-- Up-to-date symlink: /root/ws_sensor_combined/install/px4_msgs/local/lib/python3.10/dist-packages/px4_msgs/msg/_magnetometer_bias_estimate_s.c\n'}
[0.887940] (px4_msgs) StdoutLine: {'line': b'-- Up-to-date symlink: /root/ws_sensor_combined/install/px4_msgs/local/lib/python3.10/dist-packages/px4_msgs/msg/_manual_control_setpoint.py\n'}
[0.888019] (px4_msgs) StdoutLine: {'line': b'-- Up-to-date symlink: /root/ws_sensor_combined/install/px4_msgs/local/lib/python3.10/dist-packages/px4_msgs/msg/_manual_control_setpoint_s.c\n'}
[0.888098] (px4_msgs) StdoutLine: {'line': b'-- Up-to-date symlink: /root/ws_sensor_combined/install/px4_msgs/local/lib/python3.10/dist-packages/px4_msgs/msg/_manual_control_switches.py\n'}
[0.888177] (px4_msgs) StdoutLine: {'line': b'-- Up-to-date symlink: /root/ws_sensor_combined/install/px4_msgs/local/lib/python3.10/dist-packages/px4_msgs/msg/_manual_control_switches_s.c\n'}
[0.888257] (px4_msgs) StdoutLine: {'line': b'-- Up-to-date symlink: /root/ws_sensor_combined/install/px4_msgs/local/lib/python3.10/dist-packages/px4_msgs/msg/_mavlink_log.py\n'}
[0.888336] (px4_msgs) StdoutLine: {'line': b'-- Up-to-date symlink: /root/ws_sensor_combined/install/px4_msgs/local/lib/python3.10/dist-packages/px4_msgs/msg/_mavlink_log_s.c\n'}
[0.888417] (px4_msgs) StdoutLine: {'line': b'-- Up-to-date symlink: /root/ws_sensor_combined/install/px4_msgs/local/lib/python3.10/dist-packages/px4_msgs/msg/_mavlink_tunnel.py\n'}
[0.888498] (px4_msgs) StdoutLine: {'line': b'-- Up-to-date symlink: /root/ws_sensor_combined/install/px4_msgs/local/lib/python3.10/dist-packages/px4_msgs/msg/_mavlink_tunnel_s.c\n'}
[0.888576] (px4_msgs) StdoutLine: {'line': b'-- Up-to-date symlink: /root/ws_sensor_combined/install/px4_msgs/local/lib/python3.10/dist-packages/px4_msgs/msg/_message_format_request.py\n'}
[0.888656] (px4_msgs) StdoutLine: {'line': b'-- Up-to-date symlink: /root/ws_sensor_combined/install/px4_msgs/local/lib/python3.10/dist-packages/px4_msgs/msg/_message_format_request_s.c\n'}
[0.888734] (px4_msgs) StdoutLine: {'line': b'-- Up-to-date symlink: /root/ws_sensor_combined/install/px4_msgs/local/lib/python3.10/dist-packages/px4_msgs/msg/_message_format_response.py\n'}
[0.888813] (px4_msgs) StdoutLine: {'line': b'-- Up-to-date symlink: /root/ws_sensor_combined/install/px4_msgs/local/lib/python3.10/dist-packages/px4_msgs/msg/_message_format_response_s.c\n'}
[0.888892] (px4_msgs) StdoutLine: {'line': b'-- Up-to-date symlink: /root/ws_sensor_combined/install/px4_msgs/local/lib/python3.10/dist-packages/px4_msgs/msg/_mission.py\n'}
[0.888971] (px4_msgs) StdoutLine: {'line': b'-- Up-to-date symlink: /root/ws_sensor_combined/install/px4_msgs/local/lib/python3.10/dist-packages/px4_msgs/msg/_mission_result.py\n'}
[0.889051] (px4_msgs) StdoutLine: {'line': b'-- Up-to-date symlink: /root/ws_sensor_combined/install/px4_msgs/local/lib/python3.10/dist-packages/px4_msgs/msg/_mission_result_s.c\n'}
[0.889131] (px4_msgs) StdoutLine: {'line': b'-- Up-to-date symlink: /root/ws_sensor_combined/install/px4_msgs/local/lib/python3.10/dist-packages/px4_msgs/msg/_mission_s.c\n'}
[0.889212] (px4_msgs) StdoutLine: {'line': b'-- Up-to-date symlink: /root/ws_sensor_combined/install/px4_msgs/local/lib/python3.10/dist-packages/px4_msgs/msg/_mode_completed.py\n'}
[0.889293] (px4_msgs) StdoutLine: {'line': b'-- Up-to-date symlink: /root/ws_sensor_combined/install/px4_msgs/local/lib/python3.10/dist-packages/px4_msgs/msg/_mode_completed_s.c\n'}
[0.889469] (px4_msgs) StdoutLine: {'line': b'-- Up-to-date symlink: /root/ws_sensor_combined/install/px4_msgs/local/lib/python3.10/dist-packages/px4_msgs/msg/_mount_orientation.py\n'}
[0.889594] (px4_msgs) StdoutLine: {'line': b'-- Up-to-date symlink: /root/ws_sensor_combined/install/px4_msgs/local/lib/python3.10/dist-packages/px4_msgs/msg/_mount_orientation_s.c\n'}
[0.889679] (px4_msgs) StdoutLine: {'line': b'-- Up-to-date symlink: /root/ws_sensor_combined/install/px4_msgs/local/lib/python3.10/dist-packages/px4_msgs/msg/_navigator_mission_item.py\n'}
[0.889758] (px4_msgs) StdoutLine: {'line': b'-- Up-to-date symlink: /root/ws_sensor_combined/install/px4_msgs/local/lib/python3.10/dist-packages/px4_msgs/msg/_navigator_mission_item_s.c\n'}
[0.889822] (px4_msgs) StdoutLine: {'line': b'-- Up-to-date symlink: /root/ws_sensor_combined/install/px4_msgs/local/lib/python3.10/dist-packages/px4_msgs/msg/_navigator_status.py\n'}
[0.889854] (px4_msgs) StdoutLine: {'line': b'-- Up-to-date symlink: /root/ws_sensor_combined/install/px4_msgs/local/lib/python3.10/dist-packages/px4_msgs/msg/_navigator_status_s.c\n'}
[0.889882] (px4_msgs) StdoutLine: {'line': b'-- Up-to-date symlink: /root/ws_sensor_combined/install/px4_msgs/local/lib/python3.10/dist-packages/px4_msgs/msg/_neural_control.py\n'}
[0.889908] (px4_msgs) StdoutLine: {'line': b'-- Up-to-date symlink: /root/ws_sensor_combined/install/px4_msgs/local/lib/python3.10/dist-packages/px4_msgs/msg/_neural_control_s.c\n'}
[0.889933] (px4_msgs) StdoutLine: {'line': b'-- Up-to-date symlink: /root/ws_sensor_combined/install/px4_msgs/local/lib/python3.10/dist-packages/px4_msgs/msg/_normalized_unsigned_setpoint.py\n'}
[0.889957] (px4_msgs) StdoutLine: {'line': b'-- Up-to-date symlink: /root/ws_sensor_combined/install/px4_msgs/local/lib/python3.10/dist-packages/px4_msgs/msg/_normalized_unsigned_setpoint_s.c\n'}
[0.890015] (px4_msgs) StdoutLine: {'line': b'-- Up-to-date symlink: /root/ws_sensor_combined/install/px4_msgs/local/lib/python3.10/dist-packages/px4_msgs/msg/_obstacle_distance.py\n'}
[0.890047] (px4_msgs) StdoutLine: {'line': b'-- Up-to-date symlink: /root/ws_sensor_combined/install/px4_msgs/local/lib/python3.10/dist-packages/px4_msgs/msg/_obstacle_distance_s.c\n'}
[0.890072] (px4_msgs) StdoutLine: {'line': b'-- Up-to-date symlink: /root/ws_sensor_combined/install/px4_msgs/local/lib/python3.10/dist-packages/px4_msgs/msg/_offboard_control_mode.py\n'}
[0.890096] (px4_msgs) StdoutLine: {'line': b'-- Up-to-date symlink: /root/ws_sensor_combined/install/px4_msgs/local/lib/python3.10/dist-packages/px4_msgs/msg/_offboard_control_mode_s.c\n'}
[0.890162] (px4_msgs) StdoutLine: {'line': b'-- Up-to-date symlink: /root/ws_sensor_combined/install/px4_msgs/local/lib/python3.10/dist-packages/px4_msgs/msg/_onboard_computer_status.py\n'}
[0.890224] (px4_msgs) StdoutLine: {'line': b'-- Up-to-date symlink: /root/ws_sensor_combined/install/px4_msgs/local/lib/python3.10/dist-packages/px4_msgs/msg/_onboard_computer_status_s.c\n'}
[0.890309] (px4_msgs) StdoutLine: {'line': b'-- Up-to-date symlink: /root/ws_sensor_combined/install/px4_msgs/local/lib/python3.10/dist-packages/px4_msgs/msg/_open_drone_id_arm_status.py\n'}
[0.890357] (px4_msgs) StdoutLine: {'line': b'-- Up-to-date symlink: /root/ws_sensor_combined/install/px4_msgs/local/lib/python3.10/dist-packages/px4_msgs/msg/_open_drone_id_arm_status_s.c\n'}
[0.890645] (px4_msgs) StdoutLine: {'line': b'-- Up-to-date symlink: /root/ws_sensor_combined/install/px4_msgs/local/lib/python3.10/dist-packages/px4_msgs/msg/_open_drone_id_operator_id.py\n'}
[0.890751] (px4_msgs) StdoutLine: {'line': b'-- Up-to-date symlink: /root/ws_sensor_combined/install/px4_msgs/local/lib/python3.10/dist-packages/px4_msgs/msg/_open_drone_id_operator_id_s.c\n'}
[0.890784] (px4_msgs) StdoutLine: {'line': b'-- Up-to-date symlink: /root/ws_sensor_combined/install/px4_msgs/local/lib/python3.10/dist-packages/px4_msgs/msg/_open_drone_id_self_id.py\n'}
[0.890869] (px4_msgs) StdoutLine: {'line': b'-- Up-to-date symlink: /root/ws_sensor_combined/install/px4_msgs/local/lib/python3.10/dist-packages/px4_msgs/msg/_open_drone_id_self_id_s.c\n'}
[0.890950] (px4_msgs) StdoutLine: {'line': b'-- Up-to-date symlink: /root/ws_sensor_combined/install/px4_msgs/local/lib/python3.10/dist-packages/px4_msgs/msg/_open_drone_id_system.py\n'}
[0.891021] (px4_msgs) StdoutLine: {'line': b'-- Up-to-date symlink: /root/ws_sensor_combined/install/px4_msgs/local/lib/python3.10/dist-packages/px4_msgs/msg/_open_drone_id_system_s.c\n'}
[0.891080] (px4_msgs) StdoutLine: {'line': b'-- Up-to-date symlink: /root/ws_sensor_combined/install/px4_msgs/local/lib/python3.10/dist-packages/px4_msgs/msg/_orb_test.py\n'}
[0.891161] (px4_msgs) StdoutLine: {'line': b'-- Up-to-date symlink: /root/ws_sensor_combined/install/px4_msgs/local/lib/python3.10/dist-packages/px4_msgs/msg/_orb_test_large.py\n'}
[0.891241] (px4_msgs) StdoutLine: {'line': b'-- Up-to-date symlink: /root/ws_sensor_combined/install/px4_msgs/local/lib/python3.10/dist-packages/px4_msgs/msg/_orb_test_large_s.c\n'}
[0.891322] (px4_msgs) StdoutLine: {'line': b'-- Up-to-date symlink: /root/ws_sensor_combined/install/px4_msgs/local/lib/python3.10/dist-packages/px4_msgs/msg/_orb_test_medium.py\n'}
[0.891403] (px4_msgs) StdoutLine: {'line': b'-- Up-to-date symlink: /root/ws_sensor_combined/install/px4_msgs/local/lib/python3.10/dist-packages/px4_msgs/msg/_orb_test_medium_s.c\n'}
[0.891483] (px4_msgs) StdoutLine: {'line': b'-- Up-to-date symlink: /root/ws_sensor_combined/install/px4_msgs/local/lib/python3.10/dist-packages/px4_msgs/msg/_orb_test_s.c\n'}
[0.891563] (px4_msgs) StdoutLine: {'line': b'-- Up-to-date symlink: /root/ws_sensor_combined/install/px4_msgs/local/lib/python3.10/dist-packages/px4_msgs/msg/_orbit_status.py\n'}
[0.891609] (px4_msgs) StdoutLine: {'line': b'-- Up-to-date symlink: /root/ws_sensor_combined/install/px4_msgs/local/lib/python3.10/dist-packages/px4_msgs/msg/_orbit_status_s.c\n'}
[0.891721] (px4_msgs) StdoutLine: {'line': b'-- Up-to-date symlink: /root/ws_sensor_combined/install/px4_msgs/local/lib/python3.10/dist-packages/px4_msgs/msg/_parameter_reset_request.py\n'}
[0.891897] (px4_msgs) StdoutLine: {'line': b'-- Up-to-date symlink: /root/ws_sensor_combined/install/px4_msgs/local/lib/python3.10/dist-packages/px4_msgs/msg/_parameter_reset_request_s.c\n'}
[0.892000] (px4_msgs) StdoutLine: {'line': b'-- Up-to-date symlink: /root/ws_sensor_combined/install/px4_msgs/local/lib/python3.10/dist-packages/px4_msgs/msg/_parameter_set_used_request.py\n'}
[0.892057] (px4_msgs) StdoutLine: {'line': b'-- Up-to-date symlink: /root/ws_sensor_combined/install/px4_msgs/local/lib/python3.10/dist-packages/px4_msgs/msg/_parameter_set_used_request_s.c\n'}
[0.892138] (px4_msgs) StdoutLine: {'line': b'-- Up-to-date symlink: /root/ws_sensor_combined/install/px4_msgs/local/lib/python3.10/dist-packages/px4_msgs/msg/_parameter_set_value_request.py\n'}
[0.892218] (px4_msgs) StdoutLine: {'line': b'-- Up-to-date symlink: /root/ws_sensor_combined/install/px4_msgs/local/lib/python3.10/dist-packages/px4_msgs/msg/_parameter_set_value_request_s.c\n'}
[0.892297] (px4_msgs) StdoutLine: {'line': b'-- Up-to-date symlink: /root/ws_sensor_combined/install/px4_msgs/local/lib/python3.10/dist-packages/px4_msgs/msg/_parameter_set_value_response.py\n'}
[0.892376] (px4_msgs) StdoutLine: {'line': b'-- Up-to-date symlink: /root/ws_sensor_combined/install/px4_msgs/local/lib/python3.10/dist-packages/px4_msgs/msg/_parameter_set_value_response_s.c\n'}
[0.892455] (px4_msgs) StdoutLine: {'line': b'-- Up-to-date symlink: /root/ws_sensor_combined/install/px4_msgs/local/lib/python3.10/dist-packages/px4_msgs/msg/_parameter_update.py\n'}
[0.892534] (px4_msgs) StdoutLine: {'line': b'-- Up-to-date symlink: /root/ws_sensor_combined/install/px4_msgs/local/lib/python3.10/dist-packages/px4_msgs/msg/_parameter_update_s.c\n'}
[0.892613] (px4_msgs) StdoutLine: {'line': b'-- Up-to-date symlink: /root/ws_sensor_combined/install/px4_msgs/local/lib/python3.10/dist-packages/px4_msgs/msg/_ping.py\n'}
[0.892692] (px4_msgs) StdoutLine: {'line': b'-- Up-to-date symlink: /root/ws_sensor_combined/install/px4_msgs/local/lib/python3.10/dist-packages/px4_msgs/msg/_ping_s.c\n'}
[0.892770] (px4_msgs) StdoutLine: {'line': b'-- Up-to-date symlink: /root/ws_sensor_combined/install/px4_msgs/local/lib/python3.10/dist-packages/px4_msgs/msg/_position_controller_landing_status.py\n'}
[0.892850] (px4_msgs) StdoutLine: {'line': b'-- Up-to-date symlink: /root/ws_sensor_combined/install/px4_msgs/local/lib/python3.10/dist-packages/px4_msgs/msg/_position_controller_landing_status_s.c\n'}
[0.892929] (px4_msgs) StdoutLine: {'line': b'-- Up-to-date symlink: /root/ws_sensor_combined/install/px4_msgs/local/lib/python3.10/dist-packages/px4_msgs/msg/_position_controller_status.py\n'}
[0.893007] (px4_msgs) StdoutLine: {'line': b'-- Up-to-date symlink: /root/ws_sensor_combined/install/px4_msgs/local/lib/python3.10/dist-packages/px4_msgs/msg/_position_controller_status_s.c\n'}
[0.893094] (px4_msgs) StdoutLine: {'line': b'-- Up-to-date symlink: /root/ws_sensor_combined/install/px4_msgs/local/lib/python3.10/dist-packages/px4_msgs/msg/_position_setpoint.py\n'}
[0.893173] (px4_msgs) StdoutLine: {'line': b'-- Up-to-date symlink: /root/ws_sensor_combined/install/px4_msgs/local/lib/python3.10/dist-packages/px4_msgs/msg/_position_setpoint_s.c\n'}
[0.893252] (px4_msgs) StdoutLine: {'line': b'-- Up-to-date symlink: /root/ws_sensor_combined/install/px4_msgs/local/lib/python3.10/dist-packages/px4_msgs/msg/_position_setpoint_triplet.py\n'}
[0.893331] (px4_msgs) StdoutLine: {'line': b'-- Up-to-date symlink: /root/ws_sensor_combined/install/px4_msgs/local/lib/python3.10/dist-packages/px4_msgs/msg/_position_setpoint_triplet_s.c\n'}
[0.893409] (px4_msgs) StdoutLine: {'line': b'-- Up-to-date symlink: /root/ws_sensor_combined/install/px4_msgs/local/lib/python3.10/dist-packages/px4_msgs/msg/_power_button_state.py\n'}
[0.893488] (px4_msgs) StdoutLine: {'line': b'-- Up-to-date symlink: /root/ws_sensor_combined/install/px4_msgs/local/lib/python3.10/dist-packages/px4_msgs/msg/_power_button_state_s.c\n'}
[0.893677] (px4_msgs) StdoutLine: {'line': b'-- Up-to-date symlink: /root/ws_sensor_combined/install/px4_msgs/local/lib/python3.10/dist-packages/px4_msgs/msg/_power_monitor.py\n'}
[0.893727] (px4_msgs) StdoutLine: {'line': b'-- Up-to-date symlink: /root/ws_sensor_combined/install/px4_msgs/local/lib/python3.10/dist-packages/px4_msgs/msg/_power_monitor_s.c\n'}
[0.893810] (px4_msgs) StdoutLine: {'line': b'-- Up-to-date symlink: /root/ws_sensor_combined/install/px4_msgs/local/lib/python3.10/dist-packages/px4_msgs/msg/_pps_capture.py\n'}
[0.893890] (px4_msgs) StdoutLine: {'line': b'-- Up-to-date symlink: /root/ws_sensor_combined/install/px4_msgs/local/lib/python3.10/dist-packages/px4_msgs/msg/_pps_capture_s.c\n'}
[0.893970] (px4_msgs) StdoutLine: {'line': b'-- Up-to-date symlink: /root/ws_sensor_combined/install/px4_msgs/local/lib/python3.10/dist-packages/px4_msgs/msg/_pure_pursuit_status.py\n'}
[0.894050] (px4_msgs) StdoutLine: {'line': b'-- Up-to-date symlink: /root/ws_sensor_combined/install/px4_msgs/local/lib/python3.10/dist-packages/px4_msgs/msg/_pure_pursuit_status_s.c\n'}
[0.894132] (px4_msgs) StdoutLine: {'line': b'-- Up-to-date symlink: /root/ws_sensor_combined/install/px4_msgs/local/lib/python3.10/dist-packages/px4_msgs/msg/_pwm_input.py\n'}
[0.894190] (px4_msgs) StdoutLine: {'line': b'-- Up-to-date symlink: /root/ws_sensor_combined/install/px4_msgs/local/lib/python3.10/dist-packages/px4_msgs/msg/_pwm_input_s.c\n'}
[0.894220] (px4_msgs) StdoutLine: {'line': b'-- Up-to-date symlink: /root/ws_sensor_combined/install/px4_msgs/local/lib/python3.10/dist-packages/px4_msgs/msg/_px4io_status.py\n'}
[0.894301] (px4_msgs) StdoutLine: {'line': b'-- Up-to-date symlink: /root/ws_sensor_combined/install/px4_msgs/local/lib/python3.10/dist-packages/px4_msgs/msg/_px4io_status_s.c\n'}
[0.894380] (px4_msgs) StdoutLine: {'line': b'-- Up-to-date symlink: /root/ws_sensor_combined/install/px4_msgs/local/lib/python3.10/dist-packages/px4_msgs/msg/_qshell_req.py\n'}
[0.894461] (px4_msgs) StdoutLine: {'line': b'-- Up-to-date symlink: /root/ws_sensor_combined/install/px4_msgs/local/lib/python3.10/dist-packages/px4_msgs/msg/_qshell_req_s.c\n'}
[0.894541] (px4_msgs) StdoutLine: {'line': b'-- Up-to-date symlink: /root/ws_sensor_combined/install/px4_msgs/local/lib/python3.10/dist-packages/px4_msgs/msg/_qshell_retval.py\n'}
[0.894615] (px4_msgs) StdoutLine: {'line': b'-- Up-to-date symlink: /root/ws_sensor_combined/install/px4_msgs/local/lib/python3.10/dist-packages/px4_msgs/msg/_qshell_retval_s.c\n'}
[0.894765] (px4_msgs) StdoutLine: {'line': b'-- Up-to-date symlink: /root/ws_sensor_combined/install/px4_msgs/local/lib/python3.10/dist-packages/px4_msgs/msg/_radio_status.py\n'}
[0.894835] (px4_msgs) StdoutLine: {'line': b'-- Up-to-date symlink: /root/ws_sensor_combined/install/px4_msgs/local/lib/python3.10/dist-packages/px4_msgs/msg/_radio_status_s.c\n'}
[0.894956] (px4_msgs) StdoutLine: {'line': b'-- Up-to-date symlink: /root/ws_sensor_combined/install/px4_msgs/local/lib/python3.10/dist-packages/px4_msgs/msg/_rate_ctrl_status.py\n'}
[0.894990] (px4_msgs) StdoutLine: {'line': b'-- Up-to-date symlink: /root/ws_sensor_combined/install/px4_msgs/local/lib/python3.10/dist-packages/px4_msgs/msg/_rate_ctrl_status_s.c\n'}
[0.895045] (px4_msgs) StdoutLine: {'line': b'-- Up-to-date symlink: /root/ws_sensor_combined/install/px4_msgs/local/lib/python3.10/dist-packages/px4_msgs/msg/_rc_channels.py\n'}
[0.895124] (px4_msgs) StdoutLine: {'line': b'-- Up-to-date symlink: /root/ws_sensor_combined/install/px4_msgs/local/lib/python3.10/dist-packages/px4_msgs/msg/_rc_channels_s.c\n'}
[0.895184] (px4_msgs) StdoutLine: {'line': b'-- Up-to-date symlink: /root/ws_sensor_combined/install/px4_msgs/local/lib/python3.10/dist-packages/px4_msgs/msg/_rc_parameter_map.py\n'}
[0.895213] (px4_msgs) StdoutLine: {'line': b'-- Up-to-date symlink: /root/ws_sensor_combined/install/px4_msgs/local/lib/python3.10/dist-packages/px4_msgs/msg/_rc_parameter_map_s.c\n'}
[0.895239] (px4_msgs) StdoutLine: {'line': b'-- Up-to-date symlink: /root/ws_sensor_combined/install/px4_msgs/local/lib/python3.10/dist-packages/px4_msgs/msg/_register_ext_component_reply.py\n'}
[0.895409] (px4_msgs) StdoutLine: {'line': b'-- Up-to-date symlink: /root/ws_sensor_combined/install/px4_msgs/local/lib/python3.10/dist-packages/px4_msgs/msg/_register_ext_component_reply_s.c\n'}
[0.895552] (px4_msgs) StdoutLine: {'line': b'-- Up-to-date symlink: /root/ws_sensor_combined/install/px4_msgs/local/lib/python3.10/dist-packages/px4_msgs/msg/_register_ext_component_request.py\n'}
[0.895630] (px4_msgs) StdoutLine: {'line': b'-- Up-to-date symlink: /root/ws_sensor_combined/install/px4_msgs/local/lib/python3.10/dist-packages/px4_msgs/msg/_register_ext_component_request_s.c\n'}
[0.895710] (px4_msgs) StdoutLine: {'line': b'-- Up-to-date symlink: /root/ws_sensor_combined/install/px4_msgs/local/lib/python3.10/dist-packages/px4_msgs/msg/_rover_attitude_setpoint.py\n'}
[0.895790] (px4_msgs) StdoutLine: {'line': b'-- Up-to-date symlink: /root/ws_sensor_combined/install/px4_msgs/local/lib/python3.10/dist-packages/px4_msgs/msg/_rover_attitude_setpoint_s.c\n'}
[0.895870] (px4_msgs) StdoutLine: {'line': b'-- Up-to-date symlink: /root/ws_sensor_combined/install/px4_msgs/local/lib/python3.10/dist-packages/px4_msgs/msg/_rover_attitude_status.py\n'}
[0.895950] (px4_msgs) StdoutLine: {'line': b'-- Up-to-date symlink: /root/ws_sensor_combined/install/px4_msgs/local/lib/python3.10/dist-packages/px4_msgs/msg/_rover_attitude_status_s.c\n'}
[0.896030] (px4_msgs) StdoutLine: {'line': b'-- Up-to-date symlink: /root/ws_sensor_combined/install/px4_msgs/local/lib/python3.10/dist-packages/px4_msgs/msg/_rover_position_setpoint.py\n'}
[0.896131] (px4_msgs) StdoutLine: {'line': b'-- Up-to-date symlink: /root/ws_sensor_combined/install/px4_msgs/local/lib/python3.10/dist-packages/px4_msgs/msg/_rover_position_setpoint_s.c\n'}
[0.896193] (px4_msgs) StdoutLine: {'line': b'-- Up-to-date symlink: /root/ws_sensor_combined/install/px4_msgs/local/lib/python3.10/dist-packages/px4_msgs/msg/_rover_rate_setpoint.py\n'}
[0.896387] (px4_msgs) StdoutLine: {'line': b'-- Up-to-date symlink: /root/ws_sensor_combined/install/px4_msgs/local/lib/python3.10/dist-packages/px4_msgs/msg/_rover_rate_setpoint_s.c\n'}
[0.896627] (px4_msgs) StdoutLine: {'line': b'-- Up-to-date symlink: /root/ws_sensor_combined/install/px4_msgs/local/lib/python3.10/dist-packages/px4_msgs/msg/_rover_rate_status.py\n'}
[0.896706] (px4_msgs) StdoutLine: {'line': b'-- Up-to-date symlink: /root/ws_sensor_combined/install/px4_msgs/local/lib/python3.10/dist-packages/px4_msgs/msg/_rover_rate_status_s.c\n'}
[0.896736] (px4_msgs) StdoutLine: {'line': b'-- Up-to-date symlink: /root/ws_sensor_combined/install/px4_msgs/local/lib/python3.10/dist-packages/px4_msgs/msg/_rover_steering_setpoint.py\n'}
[0.896782] (px4_msgs) StdoutLine: {'line': b'-- Up-to-date symlink: /root/ws_sensor_combined/install/px4_msgs/local/lib/python3.10/dist-packages/px4_msgs/msg/_rover_steering_setpoint_s.c\n'}
[0.896863] (px4_msgs) StdoutLine: {'line': b'-- Up-to-date symlink: /root/ws_sensor_combined/install/px4_msgs/local/lib/python3.10/dist-packages/px4_msgs/msg/_rover_throttle_setpoint.py\n'}
[0.896945] (px4_msgs) StdoutLine: {'line': b'-- Up-to-date symlink: /root/ws_sensor_combined/install/px4_msgs/local/lib/python3.10/dist-packages/px4_msgs/msg/_rover_throttle_setpoint_s.c\n'}
[0.897026] (px4_msgs) StdoutLine: {'line': b'-- Up-to-date symlink: /root/ws_sensor_combined/install/px4_msgs/local/lib/python3.10/dist-packages/px4_msgs/msg/_rover_velocity_setpoint.py\n'}
[0.897106] (px4_msgs) StdoutLine: {'line': b'-- Up-to-date symlink: /root/ws_sensor_combined/install/px4_msgs/local/lib/python3.10/dist-packages/px4_msgs/msg/_rover_velocity_setpoint_s.c\n'}
[0.897168] (px4_msgs) StdoutLine: {'line': b'-- Up-to-date symlink: /root/ws_sensor_combined/install/px4_msgs/local/lib/python3.10/dist-packages/px4_msgs/msg/_rover_velocity_status.py\n'}
[0.897249] (px4_msgs) StdoutLine: {'line': b'-- Up-to-date symlink: /root/ws_sensor_combined/install/px4_msgs/local/lib/python3.10/dist-packages/px4_msgs/msg/_rover_velocity_status_s.c\n'}
[0.897329] (px4_msgs) StdoutLine: {'line': b'-- Up-to-date symlink: /root/ws_sensor_combined/install/px4_msgs/local/lib/python3.10/dist-packages/px4_msgs/msg/_rpm.py\n'}
[0.897413] (px4_msgs) StdoutLine: {'line': b'-- Up-to-date symlink: /root/ws_sensor_combined/install/px4_msgs/local/lib/python3.10/dist-packages/px4_msgs/msg/_rpm_s.c\n'}
[0.897494] (px4_msgs) StdoutLine: {'line': b'-- Up-to-date symlink: /root/ws_sensor_combined/install/px4_msgs/local/lib/python3.10/dist-packages/px4_msgs/msg/_rtl_status.py\n'}
[0.897559] (px4_msgs) StdoutLine: {'line': b'-- Up-to-date symlink: /root/ws_sensor_combined/install/px4_msgs/local/lib/python3.10/dist-packages/px4_msgs/msg/_rtl_status_s.c\n'}
[0.897643] (px4_msgs) StdoutLine: {'line': b'-- Up-to-date symlink: /root/ws_sensor_combined/install/px4_msgs/local/lib/python3.10/dist-packages/px4_msgs/msg/_rtl_time_estimate.py\n'}
[0.897723] (px4_msgs) StdoutLine: {'line': b'-- Up-to-date symlink: /root/ws_sensor_combined/install/px4_msgs/local/lib/python3.10/dist-packages/px4_msgs/msg/_rtl_time_estimate_s.c\n'}
[0.897803] (px4_msgs) StdoutLine: {'line': b'-- Up-to-date symlink: /root/ws_sensor_combined/install/px4_msgs/local/lib/python3.10/dist-packages/px4_msgs/msg/_satellite_info.py\n'}
[0.897883] (px4_msgs) StdoutLine: {'line': b'-- Up-to-date symlink: /root/ws_sensor_combined/install/px4_msgs/local/lib/python3.10/dist-packages/px4_msgs/msg/_satellite_info_s.c\n'}
[0.897963] (px4_msgs) StdoutLine: {'line': b'-- Up-to-date symlink: /root/ws_sensor_combined/install/px4_msgs/local/lib/python3.10/dist-packages/px4_msgs/msg/_sensor_accel.py\n'}
[0.898043] (px4_msgs) StdoutLine: {'line': b'-- Up-to-date symlink: /root/ws_sensor_combined/install/px4_msgs/local/lib/python3.10/dist-packages/px4_msgs/msg/_sensor_accel_fifo.py\n'}
[0.898128] (px4_msgs) StdoutLine: {'line': b'-- Up-to-date symlink: /root/ws_sensor_combined/install/px4_msgs/local/lib/python3.10/dist-packages/px4_msgs/msg/_sensor_accel_fifo_s.c\n'}
[0.898207] (px4_msgs) StdoutLine: {'line': b'-- Up-to-date symlink: /root/ws_sensor_combined/install/px4_msgs/local/lib/python3.10/dist-packages/px4_msgs/msg/_sensor_accel_s.c\n'}
[0.898288] (px4_msgs) StdoutLine: {'line': b'-- Up-to-date symlink: /root/ws_sensor_combined/install/px4_msgs/local/lib/python3.10/dist-packages/px4_msgs/msg/_sensor_airflow.py\n'}
[0.898367] (px4_msgs) StdoutLine: {'line': b'-- Up-to-date symlink: /root/ws_sensor_combined/install/px4_msgs/local/lib/python3.10/dist-packages/px4_msgs/msg/_sensor_airflow_s.c\n'}
[0.898447] (px4_msgs) StdoutLine: {'line': b'-- Up-to-date symlink: /root/ws_sensor_combined/install/px4_msgs/local/lib/python3.10/dist-packages/px4_msgs/msg/_sensor_baro.py\n'}
[0.898527] (px4_msgs) StdoutLine: {'line': b'-- Up-to-date symlink: /root/ws_sensor_combined/install/px4_msgs/local/lib/python3.10/dist-packages/px4_msgs/msg/_sensor_baro_s.c\n'}
[0.898607] (px4_msgs) StdoutLine: {'line': b'-- Up-to-date symlink: /root/ws_sensor_combined/install/px4_msgs/local/lib/python3.10/dist-packages/px4_msgs/msg/_sensor_combined.py\n'}
[0.898687] (px4_msgs) StdoutLine: {'line': b'-- Up-to-date symlink: /root/ws_sensor_combined/install/px4_msgs/local/lib/python3.10/dist-packages/px4_msgs/msg/_sensor_combined_s.c\n'}
[0.898767] (px4_msgs) StdoutLine: {'line': b'-- Up-to-date symlink: /root/ws_sensor_combined/install/px4_msgs/local/lib/python3.10/dist-packages/px4_msgs/msg/_sensor_correction.py\n'}
[0.898848] (px4_msgs) StdoutLine: {'line': b'-- Up-to-date symlink: /root/ws_sensor_combined/install/px4_msgs/local/lib/python3.10/dist-packages/px4_msgs/msg/_sensor_correction_s.c\n'}
[0.898928] (px4_msgs) StdoutLine: {'line': b'-- Up-to-date symlink: /root/ws_sensor_combined/install/px4_msgs/local/lib/python3.10/dist-packages/px4_msgs/msg/_sensor_gnss_relative.py\n'}
[0.899008] (px4_msgs) StdoutLine: {'line': b'-- Up-to-date symlink: /root/ws_sensor_combined/install/px4_msgs/local/lib/python3.10/dist-packages/px4_msgs/msg/_sensor_gnss_relative_s.c\n'}
[0.899088] (px4_msgs) StdoutLine: {'line': b'-- Up-to-date symlink: /root/ws_sensor_combined/install/px4_msgs/local/lib/python3.10/dist-packages/px4_msgs/msg/_sensor_gps.py\n'}
[0.899170] (px4_msgs) StdoutLine: {'line': b'-- Up-to-date symlink: /root/ws_sensor_combined/install/px4_msgs/local/lib/python3.10/dist-packages/px4_msgs/msg/_sensor_gps_s.c\n'}
[0.899249] (px4_msgs) StdoutLine: {'line': b'-- Up-to-date symlink: /root/ws_sensor_combined/install/px4_msgs/local/lib/python3.10/dist-packages/px4_msgs/msg/_sensor_gyro.py\n'}
[0.899331] (px4_msgs) StdoutLine: {'line': b'-- Up-to-date symlink: /root/ws_sensor_combined/install/px4_msgs/local/lib/python3.10/dist-packages/px4_msgs/msg/_sensor_gyro_fft.py\n'}
[0.899411] (px4_msgs) StdoutLine: {'line': b'-- Up-to-date symlink: /root/ws_sensor_combined/install/px4_msgs/local/lib/python3.10/dist-packages/px4_msgs/msg/_sensor_gyro_fft_s.c\n'}
[0.899492] (px4_msgs) StdoutLine: {'line': b'-- Up-to-date symlink: /root/ws_sensor_combined/install/px4_msgs/local/lib/python3.10/dist-packages/px4_msgs/msg/_sensor_gyro_fifo.py\n'}
[0.899572] (px4_msgs) StdoutLine: {'line': b'-- Up-to-date symlink: /root/ws_sensor_combined/install/px4_msgs/local/lib/python3.10/dist-packages/px4_msgs/msg/_sensor_gyro_fifo_s.c\n'}
[0.899652] (px4_msgs) StdoutLine: {'line': b'-- Up-to-date symlink: /root/ws_sensor_combined/install/px4_msgs/local/lib/python3.10/dist-packages/px4_msgs/msg/_sensor_gyro_s.c\n'}
[0.899732] (px4_msgs) StdoutLine: {'line': b'-- Up-to-date symlink: /root/ws_sensor_combined/install/px4_msgs/local/lib/python3.10/dist-packages/px4_msgs/msg/_sensor_hygrometer.py\n'}
[0.899812] (px4_msgs) StdoutLine: {'line': b'-- Up-to-date symlink: /root/ws_sensor_combined/install/px4_msgs/local/lib/python3.10/dist-packages/px4_msgs/msg/_sensor_hygrometer_s.c\n'}
[0.899892] (px4_msgs) StdoutLine: {'line': b'-- Up-to-date symlink: /root/ws_sensor_combined/install/px4_msgs/local/lib/python3.10/dist-packages/px4_msgs/msg/_sensor_mag.py\n'}
[0.899972] (px4_msgs) StdoutLine: {'line': b'-- Up-to-date symlink: /root/ws_sensor_combined/install/px4_msgs/local/lib/python3.10/dist-packages/px4_msgs/msg/_sensor_mag_s.c\n'}
[0.900053] (px4_msgs) StdoutLine: {'line': b'-- Up-to-date symlink: /root/ws_sensor_combined/install/px4_msgs/local/lib/python3.10/dist-packages/px4_msgs/msg/_sensor_optical_flow.py\n'}
[0.900133] (px4_msgs) StdoutLine: {'line': b'-- Up-to-date symlink: /root/ws_sensor_combined/install/px4_msgs/local/lib/python3.10/dist-packages/px4_msgs/msg/_sensor_optical_flow_s.c\n'}
[0.900213] (px4_msgs) StdoutLine: {'line': b'-- Up-to-date symlink: /root/ws_sensor_combined/install/px4_msgs/local/lib/python3.10/dist-packages/px4_msgs/msg/_sensor_preflight_mag.py\n'}
[0.900294] (px4_msgs) StdoutLine: {'line': b'-- Up-to-date symlink: /root/ws_sensor_combined/install/px4_msgs/local/lib/python3.10/dist-packages/px4_msgs/msg/_sensor_preflight_mag_s.c\n'}
[0.900374] (px4_msgs) StdoutLine: {'line': b'-- Up-to-date symlink: /root/ws_sensor_combined/install/px4_msgs/local/lib/python3.10/dist-packages/px4_msgs/msg/_sensor_selection.py\n'}
[0.900454] (px4_msgs) StdoutLine: {'line': b'-- Up-to-date symlink: /root/ws_sensor_combined/install/px4_msgs/local/lib/python3.10/dist-packages/px4_msgs/msg/_sensor_selection_s.c\n'}
[0.900534] (px4_msgs) StdoutLine: {'line': b'-- Up-to-date symlink: /root/ws_sensor_combined/install/px4_msgs/local/lib/python3.10/dist-packages/px4_msgs/msg/_sensor_uwb.py\n'}
[0.900620] (px4_msgs) StdoutLine: {'line': b'-- Up-to-date symlink: /root/ws_sensor_combined/install/px4_msgs/local/lib/python3.10/dist-packages/px4_msgs/msg/_sensor_uwb_s.c\n'}
[0.900700] (px4_msgs) StdoutLine: {'line': b'-- Up-to-date symlink: /root/ws_sensor_combined/install/px4_msgs/local/lib/python3.10/dist-packages/px4_msgs/msg/_sensors_status.py\n'}
[0.900781] (px4_msgs) StdoutLine: {'line': b'-- Up-to-date symlink: /root/ws_sensor_combined/install/px4_msgs/local/lib/python3.10/dist-packages/px4_msgs/msg/_sensors_status_imu.py\n'}
[0.900860] (px4_msgs) StdoutLine: {'line': b'-- Up-to-date symlink: /root/ws_sensor_combined/install/px4_msgs/local/lib/python3.10/dist-packages/px4_msgs/msg/_sensors_status_imu_s.c\n'}
[0.900940] (px4_msgs) StdoutLine: {'line': b'-- Up-to-date symlink: /root/ws_sensor_combined/install/px4_msgs/local/lib/python3.10/dist-packages/px4_msgs/msg/_sensors_status_s.c\n'}
[0.901022] (px4_msgs) StdoutLine: {'line': b'-- Up-to-date symlink: /root/ws_sensor_combined/install/px4_msgs/local/lib/python3.10/dist-packages/px4_msgs/msg/_system_power.py\n'}
[0.901101] (px4_msgs) StdoutLine: {'line': b'-- Up-to-date symlink: /root/ws_sensor_combined/install/px4_msgs/local/lib/python3.10/dist-packages/px4_msgs/msg/_system_power_s.c\n'}
[0.901182] (-) TimerEvent: {}
[0.901436] (px4_msgs) StdoutLine: {'line': b'-- Up-to-date symlink: /root/ws_sensor_combined/install/px4_msgs/local/lib/python3.10/dist-packages/px4_msgs/msg/_takeoff_status.py\n'}
[0.901644] (px4_msgs) StdoutLine: {'line': b'-- Up-to-date symlink: /root/ws_sensor_combined/install/px4_msgs/local/lib/python3.10/dist-packages/px4_msgs/msg/_takeoff_status_s.c\n'}
[0.901804] (px4_msgs) StdoutLine: {'line': b'-- Up-to-date symlink: /root/ws_sensor_combined/install/px4_msgs/local/lib/python3.10/dist-packages/px4_msgs/msg/_task_stack_info.py\n'}
[0.901895] (px4_msgs) StdoutLine: {'line': b'-- Up-to-date symlink: /root/ws_sensor_combined/install/px4_msgs/local/lib/python3.10/dist-packages/px4_msgs/msg/_task_stack_info_s.c\n'}
[0.902238] (px4_msgs) StdoutLine: {'line': b'-- Up-to-date symlink: /root/ws_sensor_combined/install/px4_msgs/local/lib/python3.10/dist-packages/px4_msgs/msg/_tecs_status.py\n'}
[0.902281] (px4_msgs) StdoutLine: {'line': b'-- Up-to-date symlink: /root/ws_sensor_combined/install/px4_msgs/local/lib/python3.10/dist-packages/px4_msgs/msg/_tecs_status_s.c\n'}
[0.902475] (px4_msgs) StdoutLine: {'line': b'-- Up-to-date symlink: /root/ws_sensor_combined/install/px4_msgs/local/lib/python3.10/dist-packages/px4_msgs/msg/_telemetry_status.py\n'}
[0.902512] (px4_msgs) StdoutLine: {'line': b'-- Up-to-date symlink: /root/ws_sensor_combined/install/px4_msgs/local/lib/python3.10/dist-packages/px4_msgs/msg/_telemetry_status_s.c\n'}
[0.902538] (px4_msgs) StdoutLine: {'line': b'-- Up-to-date symlink: /root/ws_sensor_combined/install/px4_msgs/local/lib/python3.10/dist-packages/px4_msgs/msg/_tiltrotor_extra_controls.py\n'}
[0.902564] (px4_msgs) StdoutLine: {'line': b'-- Up-to-date symlink: /root/ws_sensor_combined/install/px4_msgs/local/lib/python3.10/dist-packages/px4_msgs/msg/_tiltrotor_extra_controls_s.c\n'}
[0.902587] (px4_msgs) StdoutLine: {'line': b'-- Up-to-date symlink: /root/ws_sensor_combined/install/px4_msgs/local/lib/python3.10/dist-packages/px4_msgs/msg/_timesync_status.py\n'}
[0.902610] (px4_msgs) StdoutLine: {'line': b'-- Up-to-date symlink: /root/ws_sensor_combined/install/px4_msgs/local/lib/python3.10/dist-packages/px4_msgs/msg/_timesync_status_s.c\n'}
[0.902632] (px4_msgs) StdoutLine: {'line': b'-- Up-to-date symlink: /root/ws_sensor_combined/install/px4_msgs/local/lib/python3.10/dist-packages/px4_msgs/msg/_trajectory_setpoint.py\n'}
[0.902654] (px4_msgs) StdoutLine: {'line': b'-- Up-to-date symlink: /root/ws_sensor_combined/install/px4_msgs/local/lib/python3.10/dist-packages/px4_msgs/msg/_trajectory_setpoint6dof.py\n'}
[0.902714] (px4_msgs) StdoutLine: {'line': b'-- Up-to-date symlink: /root/ws_sensor_combined/install/px4_msgs/local/lib/python3.10/dist-packages/px4_msgs/msg/_trajectory_setpoint6dof_s.c\n'}
[0.902798] (px4_msgs) StdoutLine: {'line': b'-- Up-to-date symlink: /root/ws_sensor_combined/install/px4_msgs/local/lib/python3.10/dist-packages/px4_msgs/msg/_trajectory_setpoint_s.c\n'}
[0.902878] (px4_msgs) StdoutLine: {'line': b'-- Up-to-date symlink: /root/ws_sensor_combined/install/px4_msgs/local/lib/python3.10/dist-packages/px4_msgs/msg/_transponder_report.py\n'}
[0.902959] (px4_msgs) StdoutLine: {'line': b'-- Up-to-date symlink: /root/ws_sensor_combined/install/px4_msgs/local/lib/python3.10/dist-packages/px4_msgs/msg/_transponder_report_s.c\n'}
[0.903040] (px4_msgs) StdoutLine: {'line': b'-- Up-to-date symlink: /root/ws_sensor_combined/install/px4_msgs/local/lib/python3.10/dist-packages/px4_msgs/msg/_tune_control.py\n'}
[0.903120] (px4_msgs) StdoutLine: {'line': b'-- Up-to-date symlink: /root/ws_sensor_combined/install/px4_msgs/local/lib/python3.10/dist-packages/px4_msgs/msg/_tune_control_s.c\n'}
[0.903241] (px4_msgs) StdoutLine: {'line': b'-- Up-to-date symlink: /root/ws_sensor_combined/install/px4_msgs/local/lib/python3.10/dist-packages/px4_msgs/msg/_uavcan_parameter_request.py\n'}
[0.903300] (px4_msgs) StdoutLine: {'line': b'-- Up-to-date symlink: /root/ws_sensor_combined/install/px4_msgs/local/lib/python3.10/dist-packages/px4_msgs/msg/_uavcan_parameter_request_s.c\n'}
[0.903331] (px4_msgs) StdoutLine: {'line': b'-- Up-to-date symlink: /root/ws_sensor_combined/install/px4_msgs/local/lib/python3.10/dist-packages/px4_msgs/msg/_uavcan_parameter_value.py\n'}
[0.903402] (px4_msgs) StdoutLine: {'line': b'-- Up-to-date symlink: /root/ws_sensor_combined/install/px4_msgs/local/lib/python3.10/dist-packages/px4_msgs/msg/_uavcan_parameter_value_s.c\n'}
[0.903482] (px4_msgs) StdoutLine: {'line': b'-- Up-to-date symlink: /root/ws_sensor_combined/install/px4_msgs/local/lib/python3.10/dist-packages/px4_msgs/msg/_ulog_stream.py\n'}
[0.903562] (px4_msgs) StdoutLine: {'line': b'-- Up-to-date symlink: /root/ws_sensor_combined/install/px4_msgs/local/lib/python3.10/dist-packages/px4_msgs/msg/_ulog_stream_ack.py\n'}
[0.903642] (px4_msgs) StdoutLine: {'line': b'-- Up-to-date symlink: /root/ws_sensor_combined/install/px4_msgs/local/lib/python3.10/dist-packages/px4_msgs/msg/_ulog_stream_ack_s.c\n'}
[0.903722] (px4_msgs) StdoutLine: {'line': b'-- Up-to-date symlink: /root/ws_sensor_combined/install/px4_msgs/local/lib/python3.10/dist-packages/px4_msgs/msg/_ulog_stream_s.c\n'}
[0.903803] (px4_msgs) StdoutLine: {'line': b'-- Up-to-date symlink: /root/ws_sensor_combined/install/px4_msgs/local/lib/python3.10/dist-packages/px4_msgs/msg/_unregister_ext_component.py\n'}
[0.903884] (px4_msgs) StdoutLine: {'line': b'-- Up-to-date symlink: /root/ws_sensor_combined/install/px4_msgs/local/lib/python3.10/dist-packages/px4_msgs/msg/_unregister_ext_component_s.c\n'}
[0.903963] (px4_msgs) StdoutLine: {'line': b'-- Up-to-date symlink: /root/ws_sensor_combined/install/px4_msgs/local/lib/python3.10/dist-packages/px4_msgs/msg/_vehicle_acceleration.py\n'}
[0.904044] (px4_msgs) StdoutLine: {'line': b'-- Up-to-date symlink: /root/ws_sensor_combined/install/px4_msgs/local/lib/python3.10/dist-packages/px4_msgs/msg/_vehicle_acceleration_s.c\n'}
[0.904123] (px4_msgs) StdoutLine: {'line': b'-- Up-to-date symlink: /root/ws_sensor_combined/install/px4_msgs/local/lib/python3.10/dist-packages/px4_msgs/msg/_vehicle_air_data.py\n'}
[0.904203] (px4_msgs) StdoutLine: {'line': b'-- Up-to-date symlink: /root/ws_sensor_combined/install/px4_msgs/local/lib/python3.10/dist-packages/px4_msgs/msg/_vehicle_air_data_s.c\n'}
[0.904282] (px4_msgs) StdoutLine: {'line': b'-- Up-to-date symlink: /root/ws_sensor_combined/install/px4_msgs/local/lib/python3.10/dist-packages/px4_msgs/msg/_vehicle_angular_acceleration_setpoint.py\n'}
[0.904363] (px4_msgs) StdoutLine: {'line': b'-- Up-to-date symlink: /root/ws_sensor_combined/install/px4_msgs/local/lib/python3.10/dist-packages/px4_msgs/msg/_vehicle_angular_acceleration_setpoint_s.c\n'}
[0.904444] (px4_msgs) StdoutLine: {'line': b'-- Up-to-date symlink: /root/ws_sensor_combined/install/px4_msgs/local/lib/python3.10/dist-packages/px4_msgs/msg/_vehicle_angular_velocity.py\n'}
[0.904524] (px4_msgs) StdoutLine: {'line': b'-- Up-to-date symlink: /root/ws_sensor_combined/install/px4_msgs/local/lib/python3.10/dist-packages/px4_msgs/msg/_vehicle_angular_velocity_s.c\n'}
[0.904604] (px4_msgs) StdoutLine: {'line': b'-- Up-to-date symlink: /root/ws_sensor_combined/install/px4_msgs/local/lib/python3.10/dist-packages/px4_msgs/msg/_vehicle_attitude.py\n'}
[0.904684] (px4_msgs) StdoutLine: {'line': b'-- Up-to-date symlink: /root/ws_sensor_combined/install/px4_msgs/local/lib/python3.10/dist-packages/px4_msgs/msg/_vehicle_attitude_s.c\n'}
[0.904764] (px4_msgs) StdoutLine: {'line': b'-- Up-to-date symlink: /root/ws_sensor_combined/install/px4_msgs/local/lib/python3.10/dist-packages/px4_msgs/msg/_vehicle_attitude_setpoint.py\n'}
[0.904844] (px4_msgs) StdoutLine: {'line': b'-- Up-to-date symlink: /root/ws_sensor_combined/install/px4_msgs/local/lib/python3.10/dist-packages/px4_msgs/msg/_vehicle_attitude_setpoint_s.c\n'}
[0.904926] (px4_msgs) StdoutLine: {'line': b'-- Up-to-date symlink: /root/ws_sensor_combined/install/px4_msgs/local/lib/python3.10/dist-packages/px4_msgs/msg/_vehicle_command.py\n'}
[0.905006] (px4_msgs) StdoutLine: {'line': b'-- Up-to-date symlink: /root/ws_sensor_combined/install/px4_msgs/local/lib/python3.10/dist-packages/px4_msgs/msg/_vehicle_command_ack.py\n'}
[0.905086] (px4_msgs) StdoutLine: {'line': b'-- Up-to-date symlink: /root/ws_sensor_combined/install/px4_msgs/local/lib/python3.10/dist-packages/px4_msgs/msg/_vehicle_command_ack_s.c\n'}
[0.905166] (px4_msgs) StdoutLine: {'line': b'-- Up-to-date symlink: /root/ws_sensor_combined/install/px4_msgs/local/lib/python3.10/dist-packages/px4_msgs/msg/_vehicle_command_s.c\n'}
[0.905247] (px4_msgs) StdoutLine: {'line': b'-- Up-to-date symlink: /root/ws_sensor_combined/install/px4_msgs/local/lib/python3.10/dist-packages/px4_msgs/msg/_vehicle_constraints.py\n'}
[0.905326] (px4_msgs) StdoutLine: {'line': b'-- Up-to-date symlink: /root/ws_sensor_combined/install/px4_msgs/local/lib/python3.10/dist-packages/px4_msgs/msg/_vehicle_constraints_s.c\n'}
[0.905406] (px4_msgs) StdoutLine: {'line': b'-- Up-to-date symlink: /root/ws_sensor_combined/install/px4_msgs/local/lib/python3.10/dist-packages/px4_msgs/msg/_vehicle_control_mode.py\n'}
[0.905487] (px4_msgs) StdoutLine: {'line': b'-- Up-to-date symlink: /root/ws_sensor_combined/install/px4_msgs/local/lib/python3.10/dist-packages/px4_msgs/msg/_vehicle_control_mode_s.c\n'}
[0.905684] (px4_msgs) StdoutLine: {'line': b'-- Up-to-date symlink: /root/ws_sensor_combined/install/px4_msgs/local/lib/python3.10/dist-packages/px4_msgs/msg/_vehicle_global_position.py\n'}
[0.905770] (px4_msgs) StdoutLine: {'line': b'-- Up-to-date symlink: /root/ws_sensor_combined/install/px4_msgs/local/lib/python3.10/dist-packages/px4_msgs/msg/_vehicle_global_position_s.c\n'}
[0.905840] (px4_msgs) StdoutLine: {'line': b'-- Up-to-date symlink: /root/ws_sensor_combined/install/px4_msgs/local/lib/python3.10/dist-packages/px4_msgs/msg/_vehicle_imu.py\n'}
[0.906017] (px4_msgs) StdoutLine: {'line': b'-- Up-to-date symlink: /root/ws_sensor_combined/install/px4_msgs/local/lib/python3.10/dist-packages/px4_msgs/msg/_vehicle_imu_s.c\n'}
[0.906067] (px4_msgs) StdoutLine: {'line': b'-- Up-to-date symlink: /root/ws_sensor_combined/install/px4_msgs/local/lib/python3.10/dist-packages/px4_msgs/msg/_vehicle_imu_status.py\n'}
[0.906150] (px4_msgs) StdoutLine: {'line': b'-- Up-to-date symlink: /root/ws_sensor_combined/install/px4_msgs/local/lib/python3.10/dist-packages/px4_msgs/msg/_vehicle_imu_status_s.c\n'}
[0.906234] (px4_msgs) StdoutLine: {'line': b'-- Up-to-date symlink: /root/ws_sensor_combined/install/px4_msgs/local/lib/python3.10/dist-packages/px4_msgs/msg/_vehicle_land_detected.py\n'}
[0.906314] (px4_msgs) StdoutLine: {'line': b'-- Up-to-date symlink: /root/ws_sensor_combined/install/px4_msgs/local/lib/python3.10/dist-packages/px4_msgs/msg/_vehicle_land_detected_s.c\n'}
[0.906394] (px4_msgs) StdoutLine: {'line': b'-- Up-to-date symlink: /root/ws_sensor_combined/install/px4_msgs/local/lib/python3.10/dist-packages/px4_msgs/msg/_vehicle_local_position.py\n'}
[0.906474] (px4_msgs) StdoutLine: {'line': b'-- Up-to-date symlink: /root/ws_sensor_combined/install/px4_msgs/local/lib/python3.10/dist-packages/px4_msgs/msg/_vehicle_local_position_s.c\n'}
[0.906554] (px4_msgs) StdoutLine: {'line': b'-- Up-to-date symlink: /root/ws_sensor_combined/install/px4_msgs/local/lib/python3.10/dist-packages/px4_msgs/msg/_vehicle_local_position_setpoint.py\n'}
[0.906634] (px4_msgs) StdoutLine: {'line': b'-- Up-to-date symlink: /root/ws_sensor_combined/install/px4_msgs/local/lib/python3.10/dist-packages/px4_msgs/msg/_vehicle_local_position_setpoint_s.c\n'}
[0.906714] (px4_msgs) StdoutLine: {'line': b'-- Up-to-date symlink: /root/ws_sensor_combined/install/px4_msgs/local/lib/python3.10/dist-packages/px4_msgs/msg/_vehicle_magnetometer.py\n'}
[0.906899] (px4_msgs) StdoutLine: {'line': b'-- Up-to-date symlink: /root/ws_sensor_combined/install/px4_msgs/local/lib/python3.10/dist-packages/px4_msgs/msg/_vehicle_magnetometer_s.c\n'}
[0.907000] (px4_msgs) StdoutLine: {'line': b'-- Up-to-date symlink: /root/ws_sensor_combined/install/px4_msgs/local/lib/python3.10/dist-packages/px4_msgs/msg/_vehicle_odometry.py\n'}
[0.907075] (px4_msgs) StdoutLine: {'line': b'-- Up-to-date symlink: /root/ws_sensor_combined/install/px4_msgs/local/lib/python3.10/dist-packages/px4_msgs/msg/_vehicle_odometry_s.c\n'}
[0.907107] (px4_msgs) StdoutLine: {'line': b'-- Up-to-date symlink: /root/ws_sensor_combined/install/px4_msgs/local/lib/python3.10/dist-packages/px4_msgs/msg/_vehicle_optical_flow.py\n'}
[0.907212] (px4_msgs) StdoutLine: {'line': b'-- Up-to-date symlink: /root/ws_sensor_combined/install/px4_msgs/local/lib/python3.10/dist-packages/px4_msgs/msg/_vehicle_optical_flow_s.c\n'}
[0.907309] (px4_msgs) StdoutLine: {'line': b'-- Up-to-date symlink: /root/ws_sensor_combined/install/px4_msgs/local/lib/python3.10/dist-packages/px4_msgs/msg/_vehicle_optical_flow_vel.py\n'}
[0.907391] (px4_msgs) StdoutLine: {'line': b'-- Up-to-date symlink: /root/ws_sensor_combined/install/px4_msgs/local/lib/python3.10/dist-packages/px4_msgs/msg/_vehicle_optical_flow_vel_s.c\n'}
[0.907438] (px4_msgs) StdoutLine: {'line': b'-- Up-to-date symlink: /root/ws_sensor_combined/install/px4_msgs/local/lib/python3.10/dist-packages/px4_msgs/msg/_vehicle_rates_setpoint.py\n'}
[0.907466] (px4_msgs) StdoutLine: {'line': b'-- Up-to-date symlink: /root/ws_sensor_combined/install/px4_msgs/local/lib/python3.10/dist-packages/px4_msgs/msg/_vehicle_rates_setpoint_s.c\n'}
[0.907514] (px4_msgs) StdoutLine: {'line': b'-- Up-to-date symlink: /root/ws_sensor_combined/install/px4_msgs/local/lib/python3.10/dist-packages/px4_msgs/msg/_vehicle_roi.py\n'}
[0.907575] (px4_msgs) StdoutLine: {'line': b'-- Up-to-date symlink: /root/ws_sensor_combined/install/px4_msgs/local/lib/python3.10/dist-packages/px4_msgs/msg/_vehicle_roi_s.c\n'}
[0.907794] (px4_msgs) StdoutLine: {'line': b'-- Up-to-date symlink: /root/ws_sensor_combined/install/px4_msgs/local/lib/python3.10/dist-packages/px4_msgs/msg/_vehicle_status.py\n'}
[0.907916] (px4_msgs) StdoutLine: {'line': b'-- Up-to-date symlink: /root/ws_sensor_combined/install/px4_msgs/local/lib/python3.10/dist-packages/px4_msgs/msg/_vehicle_status_s.c\n'}
[0.907990] (px4_msgs) StdoutLine: {'line': b'-- Up-to-date symlink: /root/ws_sensor_combined/install/px4_msgs/local/lib/python3.10/dist-packages/px4_msgs/msg/_vehicle_thrust_setpoint.py\n'}
[0.908072] (px4_msgs) StdoutLine: {'line': b'-- Up-to-date symlink: /root/ws_sensor_combined/install/px4_msgs/local/lib/python3.10/dist-packages/px4_msgs/msg/_vehicle_thrust_setpoint_s.c\n'}
[0.908117] (px4_msgs) StdoutLine: {'line': b'-- Up-to-date symlink: /root/ws_sensor_combined/install/px4_msgs/local/lib/python3.10/dist-packages/px4_msgs/msg/_vehicle_torque_setpoint.py\n'}
[0.908166] (px4_msgs) StdoutLine: {'line': b'-- Up-to-date symlink: /root/ws_sensor_combined/install/px4_msgs/local/lib/python3.10/dist-packages/px4_msgs/msg/_vehicle_torque_setpoint_s.c\n'}
[0.908327] (px4_msgs) StdoutLine: {'line': b'-- Up-to-date symlink: /root/ws_sensor_combined/install/px4_msgs/local/lib/python3.10/dist-packages/px4_msgs/msg/_velocity_limits.py\n'}
[0.908378] (px4_msgs) StdoutLine: {'line': b'-- Up-to-date symlink: /root/ws_sensor_combined/install/px4_msgs/local/lib/python3.10/dist-packages/px4_msgs/msg/_velocity_limits_s.c\n'}
[0.908412] (px4_msgs) StdoutLine: {'line': b'-- Up-to-date symlink: /root/ws_sensor_combined/install/px4_msgs/local/lib/python3.10/dist-packages/px4_msgs/msg/_vtol_vehicle_status.py\n'}
[0.908481] (px4_msgs) StdoutLine: {'line': b'-- Up-to-date symlink: /root/ws_sensor_combined/install/px4_msgs/local/lib/python3.10/dist-packages/px4_msgs/msg/_vtol_vehicle_status_s.c\n'}
[0.908515] (px4_msgs) StdoutLine: {'line': b'-- Up-to-date symlink: /root/ws_sensor_combined/install/px4_msgs/local/lib/python3.10/dist-packages/px4_msgs/msg/_wheel_encoders.py\n'}
[0.908542] (px4_msgs) StdoutLine: {'line': b'-- Up-to-date symlink: /root/ws_sensor_combined/install/px4_msgs/local/lib/python3.10/dist-packages/px4_msgs/msg/_wheel_encoders_s.c\n'}
[0.908571] (px4_msgs) StdoutLine: {'line': b'-- Up-to-date symlink: /root/ws_sensor_combined/install/px4_msgs/local/lib/python3.10/dist-packages/px4_msgs/msg/_wind.py\n'}
[0.908768] (px4_msgs) StdoutLine: {'line': b'-- Up-to-date symlink: /root/ws_sensor_combined/install/px4_msgs/local/lib/python3.10/dist-packages/px4_msgs/msg/_wind_s.c\n'}
[0.908866] (px4_msgs) StdoutLine: {'line': b'-- Up-to-date symlink: /root/ws_sensor_combined/install/px4_msgs/local/lib/python3.10/dist-packages/px4_msgs/msg/_yaw_estimator_status.py\n'}
[0.908939] (px4_msgs) StdoutLine: {'line': b'-- Up-to-date symlink: /root/ws_sensor_combined/install/px4_msgs/local/lib/python3.10/dist-packages/px4_msgs/msg/_yaw_estimator_status_s.c\n'}
[0.909020] (px4_msgs) StdoutLine: {'line': b'-- Up-to-date symlink: /root/ws_sensor_combined/install/px4_msgs/local/lib/python3.10/dist-packages/px4_msgs/px4_msgs_s__rosidl_typesupport_c.cpython-310-x86_64-linux-gnu.so\n'}
[0.909101] (px4_msgs) StdoutLine: {'line': b'-- Up-to-date symlink: /root/ws_sensor_combined/install/px4_msgs/local/lib/python3.10/dist-packages/px4_msgs/px4_msgs_s__rosidl_typesupport_fastrtps_c.cpython-310-x86_64-linux-gnu.so\n'}
[0.909181] (px4_msgs) StdoutLine: {'line': b'-- Up-to-date symlink: /root/ws_sensor_combined/install/px4_msgs/local/lib/python3.10/dist-packages/px4_msgs/px4_msgs_s__rosidl_typesupport_introspection_c.cpython-310-x86_64-linux-gnu.so\n'}
[0.909240] (px4_msgs) StdoutLine: {'line': b'-- Up-to-date symlink: /root/ws_sensor_combined/install/px4_msgs/local/lib/python3.10/dist-packages/px4_msgs/srv/__init__.py\n'}
[0.909302] (px4_msgs) StdoutLine: {'line': b'-- Up-to-date symlink: /root/ws_sensor_combined/install/px4_msgs/local/lib/python3.10/dist-packages/px4_msgs/srv/_vehicle_command.py\n'}
[0.909332] (px4_msgs) StdoutLine: {'line': b'-- Up-to-date symlink: /root/ws_sensor_combined/install/px4_msgs/local/lib/python3.10/dist-packages/px4_msgs/srv/_vehicle_command_s.c\n'}
[0.909391] (px4_msgs) StdoutLine: {'line': b'-- Up-to-date symlink: /root/ws_sensor_combined/install/px4_msgs/local/lib/python3.10/dist-packages/px4_msgs/px4_msgs_s__rosidl_typesupport_fastrtps_c.cpython-310-x86_64-linux-gnu.so\n'}
[0.909481] (px4_msgs) StdoutLine: {'line': b'-- Up-to-date symlink: /root/ws_sensor_combined/install/px4_msgs/local/lib/python3.10/dist-packages/px4_msgs/px4_msgs_s__rosidl_typesupport_introspection_c.cpython-310-x86_64-linux-gnu.so\n'}
[0.909581] (px4_msgs) StdoutLine: {'line': b'-- Up-to-date symlink: /root/ws_sensor_combined/install/px4_msgs/local/lib/python3.10/dist-packages/px4_msgs/px4_msgs_s__rosidl_typesupport_c.cpython-310-x86_64-linux-gnu.so\n'}
[0.909776] (px4_msgs) StdoutLine: {'line': b'-- Up-to-date symlink: /root/ws_sensor_combined/install/px4_msgs/share/px4_msgs/msg/ActionRequest.idl\n'}
[0.909817] (px4_msgs) StdoutLine: {'line': b'-- Up-to-date symlink: /root/ws_sensor_combined/install/px4_msgs/share/px4_msgs/msg/ActuatorArmed.idl\n'}
[0.909876] (px4_msgs) StdoutLine: {'line': b'-- Up-to-date symlink: /root/ws_sensor_combined/install/px4_msgs/share/px4_msgs/msg/ActuatorControlsStatus.idl\n'}
[0.909937] (px4_msgs) StdoutLine: {'line': b'-- Up-to-date symlink: /root/ws_sensor_combined/install/px4_msgs/share/px4_msgs/msg/ActuatorMotors.idl\n'}
[0.910007] (px4_msgs) StdoutLine: {'line': b'-- Up-to-date symlink: /root/ws_sensor_combined/install/px4_msgs/share/px4_msgs/msg/ActuatorOutputs.idl\n'}
[0.910092] (px4_msgs) StdoutLine: {'line': b'-- Up-to-date symlink: /root/ws_sensor_combined/install/px4_msgs/share/px4_msgs/msg/ActuatorServos.idl\n'}
[0.910143] (px4_msgs) StdoutLine: {'line': b'-- Up-to-date symlink: /root/ws_sensor_combined/install/px4_msgs/share/px4_msgs/msg/ActuatorServosTrim.idl\n'}
[0.910204] (px4_msgs) StdoutLine: {'line': b'-- Up-to-date symlink: /root/ws_sensor_combined/install/px4_msgs/share/px4_msgs/msg/ActuatorTest.idl\n'}
[0.910264] (px4_msgs) StdoutLine: {'line': b'-- Up-to-date symlink: /root/ws_sensor_combined/install/px4_msgs/share/px4_msgs/msg/AdcReport.idl\n'}
[0.910350] (px4_msgs) StdoutLine: {'line': b'-- Up-to-date symlink: /root/ws_sensor_combined/install/px4_msgs/share/px4_msgs/msg/Airspeed.idl\n'}
[0.910420] (px4_msgs) StdoutLine: {'line': b'-- Up-to-date symlink: /root/ws_sensor_combined/install/px4_msgs/share/px4_msgs/msg/AirspeedValidated.idl\n'}
[0.910500] (px4_msgs) StdoutLine: {'line': b'-- Up-to-date symlink: /root/ws_sensor_combined/install/px4_msgs/share/px4_msgs/msg/AirspeedWind.idl\n'}
[0.910580] (px4_msgs) StdoutLine: {'line': b'-- Up-to-date symlink: /root/ws_sensor_combined/install/px4_msgs/share/px4_msgs/msg/ArmingCheckReply.idl\n'}
[0.910659] (px4_msgs) StdoutLine: {'line': b'-- Up-to-date symlink: /root/ws_sensor_combined/install/px4_msgs/share/px4_msgs/msg/ArmingCheckRequest.idl\n'}
[0.910739] (px4_msgs) StdoutLine: {'line': b'-- Up-to-date symlink: /root/ws_sensor_combined/install/px4_msgs/share/px4_msgs/msg/AutotuneAttitudeControlStatus.idl\n'}
[0.910822] (px4_msgs) StdoutLine: {'line': b'-- Up-to-date symlink: /root/ws_sensor_combined/install/px4_msgs/share/px4_msgs/msg/BatteryInfo.idl\n'}
[0.910901] (px4_msgs) StdoutLine: {'line': b'-- Up-to-date symlink: /root/ws_sensor_combined/install/px4_msgs/share/px4_msgs/msg/BatteryStatus.idl\n'}
[0.910981] (px4_msgs) StdoutLine: {'line': b'-- Up-to-date symlink: /root/ws_sensor_combined/install/px4_msgs/share/px4_msgs/msg/ButtonEvent.idl\n'}
[0.911069] (px4_msgs) StdoutLine: {'line': b'-- Up-to-date symlink: /root/ws_sensor_combined/install/px4_msgs/share/px4_msgs/msg/CameraCapture.idl\n'}
[0.911130] (px4_msgs) StdoutLine: {'line': b'-- Up-to-date symlink: /root/ws_sensor_combined/install/px4_msgs/share/px4_msgs/msg/CameraStatus.idl\n'}
[0.911158] (px4_msgs) StdoutLine: {'line': b'-- Up-to-date symlink: /root/ws_sensor_combined/install/px4_msgs/share/px4_msgs/msg/CameraTrigger.idl\n'}
[0.911239] (px4_msgs) StdoutLine: {'line': b'-- Up-to-date symlink: /root/ws_sensor_combined/install/px4_msgs/share/px4_msgs/msg/CanInterfaceStatus.idl\n'}
[0.911318] (px4_msgs) StdoutLine: {'line': b'-- Up-to-date symlink: /root/ws_sensor_combined/install/px4_msgs/share/px4_msgs/msg/CellularStatus.idl\n'}
[0.911386] (px4_msgs) StdoutLine: {'line': b'-- Up-to-date symlink: /root/ws_sensor_combined/install/px4_msgs/share/px4_msgs/msg/CollisionConstraints.idl\n'}
[0.911466] (px4_msgs) StdoutLine: {'line': b'-- Up-to-date symlink: /root/ws_sensor_combined/install/px4_msgs/share/px4_msgs/msg/ConfigOverrides.idl\n'}
[0.911546] (px4_msgs) StdoutLine: {'line': b'-- Up-to-date symlink: /root/ws_sensor_combined/install/px4_msgs/share/px4_msgs/msg/ControlAllocatorStatus.idl\n'}
[0.911625] (px4_msgs) StdoutLine: {'line': b'-- Up-to-date symlink: /root/ws_sensor_combined/install/px4_msgs/share/px4_msgs/msg/Cpuload.idl\n'}
[0.911696] (px4_msgs) StdoutLine: {'line': b'-- Up-to-date symlink: /root/ws_sensor_combined/install/px4_msgs/share/px4_msgs/msg/DatamanRequest.idl\n'}
[0.911725] (px4_msgs) StdoutLine: {'line': b'-- Up-to-date symlink: /root/ws_sensor_combined/install/px4_msgs/share/px4_msgs/msg/DatamanResponse.idl\n'}
[0.911806] (px4_msgs) StdoutLine: {'line': b'-- Up-to-date symlink: /root/ws_sensor_combined/install/px4_msgs/share/px4_msgs/msg/DebugArray.idl\n'}
[0.911886] (px4_msgs) StdoutLine: {'line': b'-- Up-to-date symlink: /root/ws_sensor_combined/install/px4_msgs/share/px4_msgs/msg/DebugKeyValue.idl\n'}
[0.911953] (px4_msgs) StdoutLine: {'line': b'-- Up-to-date symlink: /root/ws_sensor_combined/install/px4_msgs/share/px4_msgs/msg/DebugValue.idl\n'}
[0.912032] (px4_msgs) StdoutLine: {'line': b'-- Up-to-date symlink: /root/ws_sensor_combined/install/px4_msgs/share/px4_msgs/msg/DebugVect.idl\n'}
[0.912112] (px4_msgs) StdoutLine: {'line': b'-- Up-to-date symlink: /root/ws_sensor_combined/install/px4_msgs/share/px4_msgs/msg/DifferentialPressure.idl\n'}
[0.912192] (px4_msgs) StdoutLine: {'line': b'-- Up-to-date symlink: /root/ws_sensor_combined/install/px4_msgs/share/px4_msgs/msg/DistanceSensor.idl\n'}
[0.912270] (px4_msgs) StdoutLine: {'line': b'-- Up-to-date symlink: /root/ws_sensor_combined/install/px4_msgs/share/px4_msgs/msg/DistanceSensorModeChangeRequest.idl\n'}
[0.912352] (px4_msgs) StdoutLine: {'line': b'-- Up-to-date symlink: /root/ws_sensor_combined/install/px4_msgs/share/px4_msgs/msg/DronecanNodeStatus.idl\n'}
[0.912432] (px4_msgs) StdoutLine: {'line': b'-- Up-to-date symlink: /root/ws_sensor_combined/install/px4_msgs/share/px4_msgs/msg/Ekf2Timestamps.idl\n'}
[0.912515] (px4_msgs) StdoutLine: {'line': b'-- Up-to-date symlink: /root/ws_sensor_combined/install/px4_msgs/share/px4_msgs/msg/EscReport.idl\n'}
[0.912595] (px4_msgs) StdoutLine: {'line': b'-- Up-to-date symlink: /root/ws_sensor_combined/install/px4_msgs/share/px4_msgs/msg/EscStatus.idl\n'}
[0.912674] (px4_msgs) StdoutLine: {'line': b'-- Up-to-date symlink: /root/ws_sensor_combined/install/px4_msgs/share/px4_msgs/msg/EstimatorAidSource1d.idl\n'}
[0.912754] (px4_msgs) StdoutLine: {'line': b'-- Up-to-date symlink: /root/ws_sensor_combined/install/px4_msgs/share/px4_msgs/msg/EstimatorAidSource2d.idl\n'}
[0.912833] (px4_msgs) StdoutLine: {'line': b'-- Up-to-date symlink: /root/ws_sensor_combined/install/px4_msgs/share/px4_msgs/msg/EstimatorAidSource3d.idl\n'}
[0.912912] (px4_msgs) StdoutLine: {'line': b'-- Up-to-date symlink: /root/ws_sensor_combined/install/px4_msgs/share/px4_msgs/msg/EstimatorBias.idl\n'}
[0.912992] (px4_msgs) StdoutLine: {'line': b'-- Up-to-date symlink: /root/ws_sensor_combined/install/px4_msgs/share/px4_msgs/msg/EstimatorBias3d.idl\n'}
[0.913071] (px4_msgs) StdoutLine: {'line': b'-- Up-to-date symlink: /root/ws_sensor_combined/install/px4_msgs/share/px4_msgs/msg/EstimatorEventFlags.idl\n'}
[0.913151] (px4_msgs) StdoutLine: {'line': b'-- Up-to-date symlink: /root/ws_sensor_combined/install/px4_msgs/share/px4_msgs/msg/EstimatorGpsStatus.idl\n'}
[0.913232] (px4_msgs) StdoutLine: {'line': b'-- Up-to-date symlink: /root/ws_sensor_combined/install/px4_msgs/share/px4_msgs/msg/EstimatorInnovations.idl\n'}
[0.913311] (px4_msgs) StdoutLine: {'line': b'-- Up-to-date symlink: /root/ws_sensor_combined/install/px4_msgs/share/px4_msgs/msg/EstimatorSelectorStatus.idl\n'}
[0.913391] (px4_msgs) StdoutLine: {'line': b'-- Up-to-date symlink: /root/ws_sensor_combined/install/px4_msgs/share/px4_msgs/msg/EstimatorSensorBias.idl\n'}
[0.913474] (px4_msgs) StdoutLine: {'line': b'-- Up-to-date symlink: /root/ws_sensor_combined/install/px4_msgs/share/px4_msgs/msg/EstimatorStates.idl\n'}
[0.913546] (px4_msgs) StdoutLine: {'line': b'-- Up-to-date symlink: /root/ws_sensor_combined/install/px4_msgs/share/px4_msgs/msg/EstimatorStatus.idl\n'}
[0.913577] (px4_msgs) StdoutLine: {'line': b'-- Up-to-date symlink: /root/ws_sensor_combined/install/px4_msgs/share/px4_msgs/msg/EstimatorStatusFlags.idl\n'}
[0.913644] (px4_msgs) StdoutLine: {'line': b'-- Up-to-date symlink: /root/ws_sensor_combined/install/px4_msgs/share/px4_msgs/msg/Event.idl\n'}
[0.913723] (px4_msgs) StdoutLine: {'line': b'-- Up-to-date symlink: /root/ws_sensor_combined/install/px4_msgs/share/px4_msgs/msg/FailsafeFlags.idl\n'}
[0.913806] (px4_msgs) StdoutLine: {'line': b'-- Up-to-date symlink: /root/ws_sensor_combined/install/px4_msgs/share/px4_msgs/msg/FailureDetectorStatus.idl\n'}
[0.913886] (px4_msgs) StdoutLine: {'line': b'-- Up-to-date symlink: /root/ws_sensor_combined/install/px4_msgs/share/px4_msgs/msg/FigureEightStatus.idl\n'}
[0.913966] (px4_msgs) StdoutLine: {'line': b'-- Up-to-date symlink: /root/ws_sensor_combined/install/px4_msgs/share/px4_msgs/msg/FixedWingLateralGuidanceStatus.idl\n'}
[0.914048] (px4_msgs) StdoutLine: {'line': b'-- Up-to-date symlink: /root/ws_sensor_combined/install/px4_msgs/share/px4_msgs/msg/FixedWingLateralSetpoint.idl\n'}
[0.914124] (px4_msgs) StdoutLine: {'line': b'-- Up-to-date symlink: /root/ws_sensor_combined/install/px4_msgs/share/px4_msgs/msg/FixedWingLateralStatus.idl\n'}
[0.914212] (px4_msgs) StdoutLine: {'line': b'-- Up-to-date symlink: /root/ws_sensor_combined/install/px4_msgs/share/px4_msgs/msg/FixedWingLongitudinalSetpoint.idl\n'}
[0.914664] (px4_msgs) StdoutLine: {'line': b'-- Up-to-date symlink: /root/ws_sensor_combined/install/px4_msgs/share/px4_msgs/msg/FixedWingRunwayControl.idl\n'}
[0.914707] (px4_msgs) StdoutLine: {'line': b'-- Up-to-date symlink: /root/ws_sensor_combined/install/px4_msgs/share/px4_msgs/msg/FlightPhaseEstimation.idl\n'}
[0.914796] (px4_msgs) StdoutLine: {'line': b'-- Up-to-date symlink: /root/ws_sensor_combined/install/px4_msgs/share/px4_msgs/msg/FollowTarget.idl\n'}
[0.914923] (px4_msgs) StdoutLine: {'line': b'-- Up-to-date symlink: /root/ws_sensor_combined/install/px4_msgs/share/px4_msgs/msg/FollowTargetEstimator.idl\n'}
[0.915007] (px4_msgs) StdoutLine: {'line': b'-- Up-to-date symlink: /root/ws_sensor_combined/install/px4_msgs/share/px4_msgs/msg/FollowTargetStatus.idl\n'}
[0.915087] (px4_msgs) StdoutLine: {'line': b'-- Up-to-date symlink: /root/ws_sensor_combined/install/px4_msgs/share/px4_msgs/msg/FuelTankStatus.idl\n'}
[0.915198] (px4_msgs) StdoutLine: {'line': b'-- Up-to-date symlink: /root/ws_sensor_combined/install/px4_msgs/share/px4_msgs/msg/GeneratorStatus.idl\n'}
[0.915305] (px4_msgs) StdoutLine: {'line': b'-- Up-to-date symlink: /root/ws_sensor_combined/install/px4_msgs/share/px4_msgs/msg/GeofenceResult.idl\n'}
[0.915386] (px4_msgs) StdoutLine: {'line': b'-- Up-to-date symlink: /root/ws_sensor_combined/install/px4_msgs/share/px4_msgs/msg/GeofenceStatus.idl\n'}
[0.915455] (px4_msgs) StdoutLine: {'line': b'-- Up-to-date symlink: /root/ws_sensor_combined/install/px4_msgs/share/px4_msgs/msg/GimbalControls.idl\n'}
[0.915534] (px4_msgs) StdoutLine: {'line': b'-- Up-to-date symlink: /root/ws_sensor_combined/install/px4_msgs/share/px4_msgs/msg/GimbalDeviceAttitudeStatus.idl\n'}
[0.915614] (px4_msgs) StdoutLine: {'line': b'-- Up-to-date symlink: /root/ws_sensor_combined/install/px4_msgs/share/px4_msgs/msg/GimbalDeviceInformation.idl\n'}
[0.915694] (px4_msgs) StdoutLine: {'line': b'-- Up-to-date symlink: /root/ws_sensor_combined/install/px4_msgs/share/px4_msgs/msg/GimbalDeviceSetAttitude.idl\n'}
[0.915741] (px4_msgs) StdoutLine: {'line': b'-- Up-to-date symlink: /root/ws_sensor_combined/install/px4_msgs/share/px4_msgs/msg/GimbalManagerInformation.idl\n'}
[0.915767] (px4_msgs) StdoutLine: {'line': b'-- Up-to-date symlink: /root/ws_sensor_combined/install/px4_msgs/share/px4_msgs/msg/GimbalManagerSetAttitude.idl\n'}
[0.915797] (px4_msgs) StdoutLine: {'line': b'-- Up-to-date symlink: /root/ws_sensor_combined/install/px4_msgs/share/px4_msgs/msg/GimbalManagerSetManualControl.idl\n'}
[0.915866] (px4_msgs) StdoutLine: {'line': b'-- Up-to-date symlink: /root/ws_sensor_combined/install/px4_msgs/share/px4_msgs/msg/GimbalManagerStatus.idl\n'}
[0.915935] (px4_msgs) StdoutLine: {'line': b'-- Up-to-date symlink: /root/ws_sensor_combined/install/px4_msgs/share/px4_msgs/msg/GotoSetpoint.idl\n'}
[0.916007] (px4_msgs) StdoutLine: {'line': b'-- Up-to-date symlink: /root/ws_sensor_combined/install/px4_msgs/share/px4_msgs/msg/GpioConfig.idl\n'}
[0.916087] (px4_msgs) StdoutLine: {'line': b'-- Up-to-date symlink: /root/ws_sensor_combined/install/px4_msgs/share/px4_msgs/msg/GpioIn.idl\n'}
[0.916165] (px4_msgs) StdoutLine: {'line': b'-- Up-to-date symlink: /root/ws_sensor_combined/install/px4_msgs/share/px4_msgs/msg/GpioOut.idl\n'}
[0.916244] (px4_msgs) StdoutLine: {'line': b'-- Up-to-date symlink: /root/ws_sensor_combined/install/px4_msgs/share/px4_msgs/msg/GpioRequest.idl\n'}
[0.916323] (px4_msgs) StdoutLine: {'line': b'-- Up-to-date symlink: /root/ws_sensor_combined/install/px4_msgs/share/px4_msgs/msg/GpsDump.idl\n'}
[0.916402] (px4_msgs) StdoutLine: {'line': b'-- Up-to-date symlink: /root/ws_sensor_combined/install/px4_msgs/share/px4_msgs/msg/GpsInjectData.idl\n'}
[0.916481] (px4_msgs) StdoutLine: {'line': b'-- Up-to-date symlink: /root/ws_sensor_combined/install/px4_msgs/share/px4_msgs/msg/Gripper.idl\n'}
[0.916649] (px4_msgs) StdoutLine: {'line': b'-- Up-to-date symlink: /root/ws_sensor_combined/install/px4_msgs/share/px4_msgs/msg/HealthReport.idl\n'}
[0.916707] (px4_msgs) StdoutLine: {'line': b'-- Up-to-date symlink: /root/ws_sensor_combined/install/px4_msgs/share/px4_msgs/msg/HeaterStatus.idl\n'}
[0.916741] (px4_msgs) StdoutLine: {'line': b'-- Up-to-date symlink: /root/ws_sensor_combined/install/px4_msgs/share/px4_msgs/msg/HomePosition.idl\n'}
[0.916811] (px4_msgs) StdoutLine: {'line': b'-- Up-to-date symlink: /root/ws_sensor_combined/install/px4_msgs/share/px4_msgs/msg/HoverThrustEstimate.idl\n'}
[0.916953] (px4_msgs) StdoutLine: {'line': b'-- Up-to-date symlink: /root/ws_sensor_combined/install/px4_msgs/share/px4_msgs/msg/InputRc.idl\n'}
[0.917049] (px4_msgs) StdoutLine: {'line': b'-- Up-to-date symlink: /root/ws_sensor_combined/install/px4_msgs/share/px4_msgs/msg/InternalCombustionEngineControl.idl\n'}
[0.917158] (px4_msgs) StdoutLine: {'line': b'-- Up-to-date symlink: /root/ws_sensor_combined/install/px4_msgs/share/px4_msgs/msg/InternalCombustionEngineStatus.idl\n'}
[0.917307] (px4_msgs) StdoutLine: {'line': b'-- Up-to-date symlink: /root/ws_sensor_combined/install/px4_msgs/share/px4_msgs/msg/IridiumsbdStatus.idl\n'}
[0.917391] (px4_msgs) StdoutLine: {'line': b'-- Up-to-date symlink: /root/ws_sensor_combined/install/px4_msgs/share/px4_msgs/msg/IrlockReport.idl\n'}
[0.917609] (px4_msgs) StdoutLine: {'line': b'-- Up-to-date symlink: /root/ws_sensor_combined/install/px4_msgs/share/px4_msgs/msg/LandingGear.idl\n'}
[0.917745] (px4_msgs) StdoutLine: {'line': b'-- Up-to-date symlink: /root/ws_sensor_combined/install/px4_msgs/share/px4_msgs/msg/LandingGearWheel.idl\n'}
[0.917842] (px4_msgs) StdoutLine: {'line': b'-- Up-to-date symlink: /root/ws_sensor_combined/install/px4_msgs/share/px4_msgs/msg/LandingTargetInnovations.idl\n'}
[0.917914] (px4_msgs) StdoutLine: {'line': b'-- Up-to-date symlink: /root/ws_sensor_combined/install/px4_msgs/share/px4_msgs/msg/LandingTargetPose.idl\n'}
[0.917994] (px4_msgs) StdoutLine: {'line': b'-- Up-to-date symlink: /root/ws_sensor_combined/install/px4_msgs/share/px4_msgs/msg/LateralControlConfiguration.idl\n'}
[0.918074] (px4_msgs) StdoutLine: {'line': b'-- Up-to-date symlink: /root/ws_sensor_combined/install/px4_msgs/share/px4_msgs/msg/LaunchDetectionStatus.idl\n'}
[0.918186] (px4_msgs) StdoutLine: {'line': b'-- Up-to-date symlink: /root/ws_sensor_combined/install/px4_msgs/share/px4_msgs/msg/LedControl.idl\n'}
[0.918285] (px4_msgs) StdoutLine: {'line': b'-- Up-to-date symlink: /root/ws_sensor_combined/install/px4_msgs/share/px4_msgs/msg/LogMessage.idl\n'}
[0.918346] (px4_msgs) StdoutLine: {'line': b'-- Up-to-date symlink: /root/ws_sensor_combined/install/px4_msgs/share/px4_msgs/msg/LoggerStatus.idl\n'}
[0.918426] (px4_msgs) StdoutLine: {'line': b'-- Up-to-date symlink: /root/ws_sensor_combined/install/px4_msgs/share/px4_msgs/msg/LongitudinalControlConfiguration.idl\n'}
[0.918508] (px4_msgs) StdoutLine: {'line': b'-- Up-to-date symlink: /root/ws_sensor_combined/install/px4_msgs/share/px4_msgs/msg/MagWorkerData.idl\n'}
[0.918587] (px4_msgs) StdoutLine: {'line': b'-- Up-to-date symlink: /root/ws_sensor_combined/install/px4_msgs/share/px4_msgs/msg/MagnetometerBiasEstimate.idl\n'}
[0.918667] (px4_msgs) StdoutLine: {'line': b'-- Up-to-date symlink: /root/ws_sensor_combined/install/px4_msgs/share/px4_msgs/msg/ManualControlSetpoint.idl\n'}
[0.918747] (px4_msgs) StdoutLine: {'line': b'-- Up-to-date symlink: /root/ws_sensor_combined/install/px4_msgs/share/px4_msgs/msg/ManualControlSwitches.idl\n'}
[0.918827] (px4_msgs) StdoutLine: {'line': b'-- Up-to-date symlink: /root/ws_sensor_combined/install/px4_msgs/share/px4_msgs/msg/MavlinkLog.idl\n'}
[0.918906] (px4_msgs) StdoutLine: {'line': b'-- Up-to-date symlink: /root/ws_sensor_combined/install/px4_msgs/share/px4_msgs/msg/MavlinkTunnel.idl\n'}
[0.918986] (px4_msgs) StdoutLine: {'line': b'-- Up-to-date symlink: /root/ws_sensor_combined/install/px4_msgs/share/px4_msgs/msg/MessageFormatRequest.idl\n'}
[0.919068] (px4_msgs) StdoutLine: {'line': b'-- Up-to-date symlink: /root/ws_sensor_combined/install/px4_msgs/share/px4_msgs/msg/MessageFormatResponse.idl\n'}
[0.919149] (px4_msgs) StdoutLine: {'line': b'-- Up-to-date symlink: /root/ws_sensor_combined/install/px4_msgs/share/px4_msgs/msg/Mission.idl\n'}
[0.919222] (px4_msgs) StdoutLine: {'line': b'-- Up-to-date symlink: /root/ws_sensor_combined/install/px4_msgs/share/px4_msgs/msg/MissionResult.idl\n'}
[0.919264] (px4_msgs) StdoutLine: {'line': b'-- Up-to-date symlink: /root/ws_sensor_combined/install/px4_msgs/share/px4_msgs/msg/ModeCompleted.idl\n'}
[0.919293] (px4_msgs) StdoutLine: {'line': b'-- Up-to-date symlink: /root/ws_sensor_combined/install/px4_msgs/share/px4_msgs/msg/MountOrientation.idl\n'}
[0.919363] (px4_msgs) StdoutLine: {'line': b'-- Up-to-date symlink: /root/ws_sensor_combined/install/px4_msgs/share/px4_msgs/msg/NavigatorMissionItem.idl\n'}
[0.919431] (px4_msgs) StdoutLine: {'line': b'-- Up-to-date symlink: /root/ws_sensor_combined/install/px4_msgs/share/px4_msgs/msg/NavigatorStatus.idl\n'}
[0.919510] (px4_msgs) StdoutLine: {'line': b'-- Up-to-date symlink: /root/ws_sensor_combined/install/px4_msgs/share/px4_msgs/msg/NeuralControl.idl\n'}
[0.919590] (px4_msgs) StdoutLine: {'line': b'-- Up-to-date symlink: /root/ws_sensor_combined/install/px4_msgs/share/px4_msgs/msg/NormalizedUnsignedSetpoint.idl\n'}
[0.919672] (px4_msgs) StdoutLine: {'line': b'-- Up-to-date symlink: /root/ws_sensor_combined/install/px4_msgs/share/px4_msgs/msg/ObstacleDistance.idl\n'}
[0.919753] (px4_msgs) StdoutLine: {'line': b'-- Up-to-date symlink: /root/ws_sensor_combined/install/px4_msgs/share/px4_msgs/msg/OffboardControlMode.idl\n'}
[0.919832] (px4_msgs) StdoutLine: {'line': b'-- Up-to-date symlink: /root/ws_sensor_combined/install/px4_msgs/share/px4_msgs/msg/OnboardComputerStatus.idl\n'}
[0.919912] (px4_msgs) StdoutLine: {'line': b'-- Up-to-date symlink: /root/ws_sensor_combined/install/px4_msgs/share/px4_msgs/msg/OpenDroneIdArmStatus.idl\n'}
[0.919992] (px4_msgs) StdoutLine: {'line': b'-- Up-to-date symlink: /root/ws_sensor_combined/install/px4_msgs/share/px4_msgs/msg/OpenDroneIdOperatorId.idl\n'}
[0.920072] (px4_msgs) StdoutLine: {'line': b'-- Up-to-date symlink: /root/ws_sensor_combined/install/px4_msgs/share/px4_msgs/msg/OpenDroneIdSelfId.idl\n'}
[0.920151] (px4_msgs) StdoutLine: {'line': b'-- Up-to-date symlink: /root/ws_sensor_combined/install/px4_msgs/share/px4_msgs/msg/OpenDroneIdSystem.idl\n'}
[0.920210] (px4_msgs) StdoutLine: {'line': b'-- Up-to-date symlink: /root/ws_sensor_combined/install/px4_msgs/share/px4_msgs/msg/OrbTest.idl\n'}
[0.920241] (px4_msgs) StdoutLine: {'line': b'-- Up-to-date symlink: /root/ws_sensor_combined/install/px4_msgs/share/px4_msgs/msg/OrbTestLarge.idl\n'}
[0.920312] (px4_msgs) StdoutLine: {'line': b'-- Up-to-date symlink: /root/ws_sensor_combined/install/px4_msgs/share/px4_msgs/msg/OrbTestMedium.idl\n'}
[0.920347] (px4_msgs) StdoutLine: {'line': b'-- Up-to-date symlink: /root/ws_sensor_combined/install/px4_msgs/share/px4_msgs/msg/OrbitStatus.idl\n'}
[0.920379] (px4_msgs) StdoutLine: {'line': b'-- Up-to-date symlink: /root/ws_sensor_combined/install/px4_msgs/share/px4_msgs/msg/ParameterResetRequest.idl\n'}
[0.920404] (px4_msgs) StdoutLine: {'line': b'-- Up-to-date symlink: /root/ws_sensor_combined/install/px4_msgs/share/px4_msgs/msg/ParameterSetUsedRequest.idl\n'}
[0.920427] (px4_msgs) StdoutLine: {'line': b'-- Up-to-date symlink: /root/ws_sensor_combined/install/px4_msgs/share/px4_msgs/msg/ParameterSetValueRequest.idl\n'}
[0.920478] (px4_msgs) StdoutLine: {'line': b'-- Up-to-date symlink: /root/ws_sensor_combined/install/px4_msgs/share/px4_msgs/msg/ParameterSetValueResponse.idl\n'}
[0.920530] (px4_msgs) StdoutLine: {'line': b'-- Up-to-date symlink: /root/ws_sensor_combined/install/px4_msgs/share/px4_msgs/msg/ParameterUpdate.idl\n'}
[0.920593] (px4_msgs) StdoutLine: {'line': b'-- Up-to-date symlink: /root/ws_sensor_combined/install/px4_msgs/share/px4_msgs/msg/Ping.idl\n'}
[0.920649] (px4_msgs) StdoutLine: {'line': b'-- Up-to-date symlink: /root/ws_sensor_combined/install/px4_msgs/share/px4_msgs/msg/PositionControllerLandingStatus.idl\n'}
[0.920738] (px4_msgs) StdoutLine: {'line': b'-- Up-to-date symlink: /root/ws_sensor_combined/install/px4_msgs/share/px4_msgs/msg/PositionControllerStatus.idl\n'}
[0.920801] (px4_msgs) StdoutLine: {'line': b'-- Up-to-date symlink: /root/ws_sensor_combined/install/px4_msgs/share/px4_msgs/msg/PositionSetpoint.idl\n'}
[0.920978] (px4_msgs) StdoutLine: {'line': b'-- Up-to-date symlink: /root/ws_sensor_combined/install/px4_msgs/share/px4_msgs/msg/PositionSetpointTriplet.idl\n'}
[0.921043] (px4_msgs) StdoutLine: {'line': b'-- Up-to-date symlink: /root/ws_sensor_combined/install/px4_msgs/share/px4_msgs/msg/PowerButtonState.idl\n'}
[0.921093] (px4_msgs) StdoutLine: {'line': b'-- Up-to-date symlink: /root/ws_sensor_combined/install/px4_msgs/share/px4_msgs/msg/PowerMonitor.idl\n'}
[0.921164] (px4_msgs) StdoutLine: {'line': b'-- Up-to-date symlink: /root/ws_sensor_combined/install/px4_msgs/share/px4_msgs/msg/PpsCapture.idl\n'}
[0.921223] (px4_msgs) StdoutLine: {'line': b'-- Up-to-date symlink: /root/ws_sensor_combined/install/px4_msgs/share/px4_msgs/msg/PurePursuitStatus.idl\n'}
[0.921276] (px4_msgs) StdoutLine: {'line': b'-- Up-to-date symlink: /root/ws_sensor_combined/install/px4_msgs/share/px4_msgs/msg/PwmInput.idl\n'}
[0.921444] (px4_msgs) StdoutLine: {'line': b'-- Up-to-date symlink: /root/ws_sensor_combined/install/px4_msgs/share/px4_msgs/msg/Px4ioStatus.idl\n'}
[0.921565] (px4_msgs) StdoutLine: {'line': b'-- Up-to-date symlink: /root/ws_sensor_combined/install/px4_msgs/share/px4_msgs/msg/QshellReq.idl\n'}
[0.921647] (px4_msgs) StdoutLine: {'line': b'-- Up-to-date symlink: /root/ws_sensor_combined/install/px4_msgs/share/px4_msgs/msg/QshellRetval.idl\n'}
[0.921726] (px4_msgs) StdoutLine: {'line': b'-- Up-to-date symlink: /root/ws_sensor_combined/install/px4_msgs/share/px4_msgs/msg/RadioStatus.idl\n'}
[0.921805] (px4_msgs) StdoutLine: {'line': b'-- Up-to-date symlink: /root/ws_sensor_combined/install/px4_msgs/share/px4_msgs/msg/RateCtrlStatus.idl\n'}
[0.921883] (px4_msgs) StdoutLine: {'line': b'-- Up-to-date symlink: /root/ws_sensor_combined/install/px4_msgs/share/px4_msgs/msg/RcChannels.idl\n'}
[0.921961] (px4_msgs) StdoutLine: {'line': b'-- Up-to-date symlink: /root/ws_sensor_combined/install/px4_msgs/share/px4_msgs/msg/RcParameterMap.idl\n'}
[0.922040] (px4_msgs) StdoutLine: {'line': b'-- Up-to-date symlink: /root/ws_sensor_combined/install/px4_msgs/share/px4_msgs/msg/RegisterExtComponentReply.idl\n'}
[0.922118] (px4_msgs) StdoutLine: {'line': b'-- Up-to-date symlink: /root/ws_sensor_combined/install/px4_msgs/share/px4_msgs/msg/RegisterExtComponentRequest.idl\n'}
[0.922197] (px4_msgs) StdoutLine: {'line': b'-- Up-to-date symlink: /root/ws_sensor_combined/install/px4_msgs/share/px4_msgs/msg/RoverAttitudeSetpoint.idl\n'}
[0.922278] (px4_msgs) StdoutLine: {'line': b'-- Up-to-date symlink: /root/ws_sensor_combined/install/px4_msgs/share/px4_msgs/msg/RoverAttitudeStatus.idl\n'}
[0.922357] (px4_msgs) StdoutLine: {'line': b'-- Up-to-date symlink: /root/ws_sensor_combined/install/px4_msgs/share/px4_msgs/msg/RoverPositionSetpoint.idl\n'}
[0.922437] (px4_msgs) StdoutLine: {'line': b'-- Up-to-date symlink: /root/ws_sensor_combined/install/px4_msgs/share/px4_msgs/msg/RoverRateSetpoint.idl\n'}
[0.922504] (px4_msgs) StdoutLine: {'line': b'-- Up-to-date symlink: /root/ws_sensor_combined/install/px4_msgs/share/px4_msgs/msg/RoverRateStatus.idl\n'}
[0.922584] (px4_msgs) StdoutLine: {'line': b'-- Up-to-date symlink: /root/ws_sensor_combined/install/px4_msgs/share/px4_msgs/msg/RoverSteeringSetpoint.idl\n'}
[0.922663] (px4_msgs) StdoutLine: {'line': b'-- Up-to-date symlink: /root/ws_sensor_combined/install/px4_msgs/share/px4_msgs/msg/RoverThrottleSetpoint.idl\n'}
[0.922742] (px4_msgs) StdoutLine: {'line': b'-- Up-to-date symlink: /root/ws_sensor_combined/install/px4_msgs/share/px4_msgs/msg/RoverVelocitySetpoint.idl\n'}
[0.922820] (px4_msgs) StdoutLine: {'line': b'-- Up-to-date symlink: /root/ws_sensor_combined/install/px4_msgs/share/px4_msgs/msg/RoverVelocityStatus.idl\n'}
[0.922898] (px4_msgs) StdoutLine: {'line': b'-- Up-to-date symlink: /root/ws_sensor_combined/install/px4_msgs/share/px4_msgs/msg/Rpm.idl\n'}
[0.922977] (px4_msgs) StdoutLine: {'line': b'-- Up-to-date symlink: /root/ws_sensor_combined/install/px4_msgs/share/px4_msgs/msg/RtlStatus.idl\n'}
[0.923055] (px4_msgs) StdoutLine: {'line': b'-- Up-to-date symlink: /root/ws_sensor_combined/install/px4_msgs/share/px4_msgs/msg/RtlTimeEstimate.idl\n'}
[0.923136] (px4_msgs) StdoutLine: {'line': b'-- Up-to-date symlink: /root/ws_sensor_combined/install/px4_msgs/share/px4_msgs/msg/SatelliteInfo.idl\n'}
[0.923214] (px4_msgs) StdoutLine: {'line': b'-- Up-to-date symlink: /root/ws_sensor_combined/install/px4_msgs/share/px4_msgs/msg/SensorAccel.idl\n'}
[0.923292] (px4_msgs) StdoutLine: {'line': b'-- Up-to-date symlink: /root/ws_sensor_combined/install/px4_msgs/share/px4_msgs/msg/SensorAccelFifo.idl\n'}
[0.923374] (px4_msgs) StdoutLine: {'line': b'-- Up-to-date symlink: /root/ws_sensor_combined/install/px4_msgs/share/px4_msgs/msg/SensorAirflow.idl\n'}
[0.923441] (px4_msgs) StdoutLine: {'line': b'-- Up-to-date symlink: /root/ws_sensor_combined/install/px4_msgs/share/px4_msgs/msg/SensorBaro.idl\n'}
[0.923520] (px4_msgs) StdoutLine: {'line': b'-- Up-to-date symlink: /root/ws_sensor_combined/install/px4_msgs/share/px4_msgs/msg/SensorCombined.idl\n'}
[0.923598] (px4_msgs) StdoutLine: {'line': b'-- Up-to-date symlink: /root/ws_sensor_combined/install/px4_msgs/share/px4_msgs/msg/SensorCorrection.idl\n'}
[0.923677] (px4_msgs) StdoutLine: {'line': b'-- Up-to-date symlink: /root/ws_sensor_combined/install/px4_msgs/share/px4_msgs/msg/SensorGnssRelative.idl\n'}
[0.923756] (px4_msgs) StdoutLine: {'line': b'-- Up-to-date symlink: /root/ws_sensor_combined/install/px4_msgs/share/px4_msgs/msg/SensorGps.idl\n'}
[0.923834] (px4_msgs) StdoutLine: {'line': b'-- Up-to-date symlink: /root/ws_sensor_combined/install/px4_msgs/share/px4_msgs/msg/SensorGyro.idl\n'}
[0.923914] (px4_msgs) StdoutLine: {'line': b'-- Up-to-date symlink: /root/ws_sensor_combined/install/px4_msgs/share/px4_msgs/msg/SensorGyroFft.idl\n'}
[0.923992] (px4_msgs) StdoutLine: {'line': b'-- Up-to-date symlink: /root/ws_sensor_combined/install/px4_msgs/share/px4_msgs/msg/SensorGyroFifo.idl\n'}
[0.924071] (px4_msgs) StdoutLine: {'line': b'-- Up-to-date symlink: /root/ws_sensor_combined/install/px4_msgs/share/px4_msgs/msg/SensorHygrometer.idl\n'}
[0.924149] (px4_msgs) StdoutLine: {'line': b'-- Up-to-date symlink: /root/ws_sensor_combined/install/px4_msgs/share/px4_msgs/msg/SensorMag.idl\n'}
[0.924228] (px4_msgs) StdoutLine: {'line': b'-- Up-to-date symlink: /root/ws_sensor_combined/install/px4_msgs/share/px4_msgs/msg/SensorOpticalFlow.idl\n'}
[0.924306] (px4_msgs) StdoutLine: {'line': b'-- Up-to-date symlink: /root/ws_sensor_combined/install/px4_msgs/share/px4_msgs/msg/SensorPreflightMag.idl\n'}
[0.924384] (px4_msgs) StdoutLine: {'line': b'-- Up-to-date symlink: /root/ws_sensor_combined/install/px4_msgs/share/px4_msgs/msg/SensorSelection.idl\n'}
[0.924464] (px4_msgs) StdoutLine: {'line': b'-- Up-to-date symlink: /root/ws_sensor_combined/install/px4_msgs/share/px4_msgs/msg/SensorUwb.idl\n'}
[0.924542] (px4_msgs) StdoutLine: {'line': b'-- Up-to-date symlink: /root/ws_sensor_combined/install/px4_msgs/share/px4_msgs/msg/SensorsStatus.idl\n'}
[0.924621] (px4_msgs) StdoutLine: {'line': b'-- Up-to-date symlink: /root/ws_sensor_combined/install/px4_msgs/share/px4_msgs/msg/SensorsStatusImu.idl\n'}
[0.924690] (px4_msgs) StdoutLine: {'line': b'-- Up-to-date symlink: /root/ws_sensor_combined/install/px4_msgs/share/px4_msgs/msg/SystemPower.idl\n'}
[0.924773] (px4_msgs) StdoutLine: {'line': b'-- Up-to-date symlink: /root/ws_sensor_combined/install/px4_msgs/share/px4_msgs/msg/TakeoffStatus.idl\n'}
[0.924842] (px4_msgs) StdoutLine: {'line': b'-- Up-to-date symlink: /root/ws_sensor_combined/install/px4_msgs/share/px4_msgs/msg/TaskStackInfo.idl\n'}
[0.924902] (px4_msgs) StdoutLine: {'line': b'-- Up-to-date symlink: /root/ws_sensor_combined/install/px4_msgs/share/px4_msgs/msg/TecsStatus.idl\n'}
[0.924948] (px4_msgs) StdoutLine: {'line': b'-- Up-to-date symlink: /root/ws_sensor_combined/install/px4_msgs/share/px4_msgs/msg/TelemetryStatus.idl\n'}
[0.925124] (px4_msgs) StdoutLine: {'line': b'-- Up-to-date symlink: /root/ws_sensor_combined/install/px4_msgs/share/px4_msgs/msg/TiltrotorExtraControls.idl\n'}
[0.925210] (px4_msgs) StdoutLine: {'line': b'-- Up-to-date symlink: /root/ws_sensor_combined/install/px4_msgs/share/px4_msgs/msg/TimesyncStatus.idl\n'}
[0.925272] (px4_msgs) StdoutLine: {'line': b'-- Up-to-date symlink: /root/ws_sensor_combined/install/px4_msgs/share/px4_msgs/msg/TrajectorySetpoint.idl\n'}
[0.925351] (px4_msgs) StdoutLine: {'line': b'-- Up-to-date symlink: /root/ws_sensor_combined/install/px4_msgs/share/px4_msgs/msg/TrajectorySetpoint6dof.idl\n'}
[0.925430] (px4_msgs) StdoutLine: {'line': b'-- Up-to-date symlink: /root/ws_sensor_combined/install/px4_msgs/share/px4_msgs/msg/TransponderReport.idl\n'}
[0.925535] (px4_msgs) StdoutLine: {'line': b'-- Up-to-date symlink: /root/ws_sensor_combined/install/px4_msgs/share/px4_msgs/msg/TuneControl.idl\n'}
[0.925610] (px4_msgs) StdoutLine: {'line': b'-- Up-to-date symlink: /root/ws_sensor_combined/install/px4_msgs/share/px4_msgs/msg/UavcanParameterRequest.idl\n'}
[0.925690] (px4_msgs) StdoutLine: {'line': b'-- Up-to-date symlink: /root/ws_sensor_combined/install/px4_msgs/share/px4_msgs/msg/UavcanParameterValue.idl\n'}
[0.925771] (px4_msgs) StdoutLine: {'line': b'-- Up-to-date symlink: /root/ws_sensor_combined/install/px4_msgs/share/px4_msgs/msg/UlogStream.idl\n'}
[0.925849] (px4_msgs) StdoutLine: {'line': b'-- Up-to-date symlink: /root/ws_sensor_combined/install/px4_msgs/share/px4_msgs/msg/UlogStreamAck.idl\n'}
[0.925929] (px4_msgs) StdoutLine: {'line': b'-- Up-to-date symlink: /root/ws_sensor_combined/install/px4_msgs/share/px4_msgs/msg/UnregisterExtComponent.idl\n'}
[0.926008] (px4_msgs) StdoutLine: {'line': b'-- Up-to-date symlink: /root/ws_sensor_combined/install/px4_msgs/share/px4_msgs/msg/VehicleAcceleration.idl\n'}
[0.926088] (px4_msgs) StdoutLine: {'line': b'-- Up-to-date symlink: /root/ws_sensor_combined/install/px4_msgs/share/px4_msgs/msg/VehicleAirData.idl\n'}
[0.926168] (px4_msgs) StdoutLine: {'line': b'-- Up-to-date symlink: /root/ws_sensor_combined/install/px4_msgs/share/px4_msgs/msg/VehicleAngularAccelerationSetpoint.idl\n'}
[0.926247] (px4_msgs) StdoutLine: {'line': b'-- Up-to-date symlink: /root/ws_sensor_combined/install/px4_msgs/share/px4_msgs/msg/VehicleAngularVelocity.idl\n'}
[0.926293] (px4_msgs) StdoutLine: {'line': b'-- Up-to-date symlink: /root/ws_sensor_combined/install/px4_msgs/share/px4_msgs/msg/VehicleAttitude.idl\n'}
[0.926320] (px4_msgs) StdoutLine: {'line': b'-- Up-to-date symlink: /root/ws_sensor_combined/install/px4_msgs/share/px4_msgs/msg/VehicleAttitudeSetpoint.idl\n'}
[0.926654] (px4_msgs) StdoutLine: {'line': b'-- Up-to-date symlink: /root/ws_sensor_combined/install/px4_msgs/share/px4_msgs/msg/VehicleCommand.idl\n'}
[0.926742] (px4_msgs) StdoutLine: {'line': b'-- Up-to-date symlink: /root/ws_sensor_combined/install/px4_msgs/share/px4_msgs/msg/VehicleCommandAck.idl\n'}
[0.926788] (px4_msgs) StdoutLine: {'line': b'-- Up-to-date symlink: /root/ws_sensor_combined/install/px4_msgs/share/px4_msgs/msg/VehicleConstraints.idl\n'}
[0.926990] (px4_msgs) StdoutLine: {'line': b'-- Up-to-date symlink: /root/ws_sensor_combined/install/px4_msgs/share/px4_msgs/msg/VehicleControlMode.idl\n'}
[0.927084] (px4_msgs) StdoutLine: {'line': b'-- Up-to-date symlink: /root/ws_sensor_combined/install/px4_msgs/share/px4_msgs/msg/VehicleGlobalPosition.idl\n'}
[0.927157] (px4_msgs) StdoutLine: {'line': b'-- Up-to-date symlink: /root/ws_sensor_combined/install/px4_msgs/share/px4_msgs/msg/VehicleImu.idl\n'}
[0.927215] (px4_msgs) StdoutLine: {'line': b'-- Up-to-date symlink: /root/ws_sensor_combined/install/px4_msgs/share/px4_msgs/msg/VehicleImuStatus.idl\n'}
[0.927457] (px4_msgs) StdoutLine: {'line': b'-- Up-to-date symlink: /root/ws_sensor_combined/install/px4_msgs/share/px4_msgs/msg/VehicleLandDetected.idl\n'}
[0.927546] (px4_msgs) StdoutLine: {'line': b'-- Up-to-date symlink: /root/ws_sensor_combined/install/px4_msgs/share/px4_msgs/msg/VehicleLocalPosition.idl\n'}
[0.927627] (px4_msgs) StdoutLine: {'line': b'-- Up-to-date symlink: /root/ws_sensor_combined/install/px4_msgs/share/px4_msgs/msg/VehicleLocalPositionSetpoint.idl\n'}
[0.927708] (px4_msgs) StdoutLine: {'line': b'-- Up-to-date symlink: /root/ws_sensor_combined/install/px4_msgs/share/px4_msgs/msg/VehicleMagnetometer.idl\n'}
[0.927814] (px4_msgs) StdoutLine: {'line': b'-- Up-to-date symlink: /root/ws_sensor_combined/install/px4_msgs/share/px4_msgs/msg/VehicleOdometry.idl\n'}
[0.927883] (px4_msgs) StdoutLine: {'line': b'-- Up-to-date symlink: /root/ws_sensor_combined/install/px4_msgs/share/px4_msgs/msg/VehicleOpticalFlow.idl\n'}
[0.927964] (px4_msgs) StdoutLine: {'line': b'-- Up-to-date symlink: /root/ws_sensor_combined/install/px4_msgs/share/px4_msgs/msg/VehicleOpticalFlowVel.idl\n'}
[0.928044] (px4_msgs) StdoutLine: {'line': b'-- Up-to-date symlink: /root/ws_sensor_combined/install/px4_msgs/share/px4_msgs/msg/VehicleRatesSetpoint.idl\n'}
[0.928125] (px4_msgs) StdoutLine: {'line': b'-- Up-to-date symlink: /root/ws_sensor_combined/install/px4_msgs/share/px4_msgs/msg/VehicleRoi.idl\n'}
[0.928205] (px4_msgs) StdoutLine: {'line': b'-- Up-to-date symlink: /root/ws_sensor_combined/install/px4_msgs/share/px4_msgs/msg/VehicleStatus.idl\n'}
[0.928285] (px4_msgs) StdoutLine: {'line': b'-- Up-to-date symlink: /root/ws_sensor_combined/install/px4_msgs/share/px4_msgs/msg/VehicleThrustSetpoint.idl\n'}
[0.928365] (px4_msgs) StdoutLine: {'line': b'-- Up-to-date symlink: /root/ws_sensor_combined/install/px4_msgs/share/px4_msgs/msg/VehicleTorqueSetpoint.idl\n'}
[0.928492] (px4_msgs) StdoutLine: {'line': b'-- Up-to-date symlink: /root/ws_sensor_combined/install/px4_msgs/share/px4_msgs/msg/VelocityLimits.idl\n'}
[0.928525] (px4_msgs) StdoutLine: {'line': b'-- Up-to-date symlink: /root/ws_sensor_combined/install/px4_msgs/share/px4_msgs/msg/VtolVehicleStatus.idl\n'}
[0.928551] (px4_msgs) StdoutLine: {'line': b'-- Up-to-date symlink: /root/ws_sensor_combined/install/px4_msgs/share/px4_msgs/msg/WheelEncoders.idl\n'}
[0.928616] (px4_msgs) StdoutLine: {'line': b'-- Up-to-date symlink: /root/ws_sensor_combined/install/px4_msgs/share/px4_msgs/msg/Wind.idl\n'}
[0.928696] (px4_msgs) StdoutLine: {'line': b'-- Up-to-date symlink: /root/ws_sensor_combined/install/px4_msgs/share/px4_msgs/msg/YawEstimatorStatus.idl\n'}
[0.928775] (px4_msgs) StdoutLine: {'line': b'-- Up-to-date symlink: /root/ws_sensor_combined/install/px4_msgs/share/px4_msgs/srv/VehicleCommand.idl\n'}
[0.928854] (px4_msgs) StdoutLine: {'line': b'-- Up-to-date symlink: /root/ws_sensor_combined/install/px4_msgs/share/px4_msgs/msg/ActionRequest.msg\n'}
[0.928933] (px4_msgs) StdoutLine: {'line': b'-- Up-to-date symlink: /root/ws_sensor_combined/install/px4_msgs/share/px4_msgs/msg/ActuatorArmed.msg\n'}
[0.929012] (px4_msgs) StdoutLine: {'line': b'-- Up-to-date symlink: /root/ws_sensor_combined/install/px4_msgs/share/px4_msgs/msg/ActuatorControlsStatus.msg\n'}
[0.929090] (px4_msgs) StdoutLine: {'line': b'-- Up-to-date symlink: /root/ws_sensor_combined/install/px4_msgs/share/px4_msgs/msg/ActuatorMotors.msg\n'}
[0.929170] (px4_msgs) StdoutLine: {'line': b'-- Up-to-date symlink: /root/ws_sensor_combined/install/px4_msgs/share/px4_msgs/msg/ActuatorOutputs.msg\n'}
[0.929248] (px4_msgs) StdoutLine: {'line': b'-- Up-to-date symlink: /root/ws_sensor_combined/install/px4_msgs/share/px4_msgs/msg/ActuatorServos.msg\n'}
[0.929327] (px4_msgs) StdoutLine: {'line': b'-- Up-to-date symlink: /root/ws_sensor_combined/install/px4_msgs/share/px4_msgs/msg/ActuatorServosTrim.msg\n'}
[0.929406] (px4_msgs) StdoutLine: {'line': b'-- Up-to-date symlink: /root/ws_sensor_combined/install/px4_msgs/share/px4_msgs/msg/ActuatorTest.msg\n'}
[0.929485] (px4_msgs) StdoutLine: {'line': b'-- Up-to-date symlink: /root/ws_sensor_combined/install/px4_msgs/share/px4_msgs/msg/AdcReport.msg\n'}
[0.929578] (px4_msgs) StdoutLine: {'line': b'-- Up-to-date symlink: /root/ws_sensor_combined/install/px4_msgs/share/px4_msgs/msg/Airspeed.msg\n'}
[0.929662] (px4_msgs) StdoutLine: {'line': b'-- Up-to-date symlink: /root/ws_sensor_combined/install/px4_msgs/share/px4_msgs/msg/AirspeedValidated.msg\n'}
[0.929740] (px4_msgs) StdoutLine: {'line': b'-- Up-to-date symlink: /root/ws_sensor_combined/install/px4_msgs/share/px4_msgs/msg/AirspeedWind.msg\n'}
[0.929820] (px4_msgs) StdoutLine: {'line': b'-- Up-to-date symlink: /root/ws_sensor_combined/install/px4_msgs/share/px4_msgs/msg/ArmingCheckReply.msg\n'}
[0.929918] (px4_msgs) StdoutLine: {'line': b'-- Up-to-date symlink: /root/ws_sensor_combined/install/px4_msgs/share/px4_msgs/msg/ArmingCheckRequest.msg\n'}
[0.930002] (px4_msgs) StdoutLine: {'line': b'-- Up-to-date symlink: /root/ws_sensor_combined/install/px4_msgs/share/px4_msgs/msg/AutotuneAttitudeControlStatus.msg\n'}
[0.930081] (px4_msgs) StdoutLine: {'line': b'-- Up-to-date symlink: /root/ws_sensor_combined/install/px4_msgs/share/px4_msgs/msg/BatteryInfo.msg\n'}
[0.930160] (px4_msgs) StdoutLine: {'line': b'-- Up-to-date symlink: /root/ws_sensor_combined/install/px4_msgs/share/px4_msgs/msg/BatteryStatus.msg\n'}
[0.930239] (px4_msgs) StdoutLine: {'line': b'-- Up-to-date symlink: /root/ws_sensor_combined/install/px4_msgs/share/px4_msgs/msg/ButtonEvent.msg\n'}
[0.930320] (px4_msgs) StdoutLine: {'line': b'-- Up-to-date symlink: /root/ws_sensor_combined/install/px4_msgs/share/px4_msgs/msg/CameraCapture.msg\n'}
[0.930398] (px4_msgs) StdoutLine: {'line': b'-- Up-to-date symlink: /root/ws_sensor_combined/install/px4_msgs/share/px4_msgs/msg/CameraStatus.msg\n'}
[0.930477] (px4_msgs) StdoutLine: {'line': b'-- Up-to-date symlink: /root/ws_sensor_combined/install/px4_msgs/share/px4_msgs/msg/CameraTrigger.msg\n'}
[0.930556] (px4_msgs) StdoutLine: {'line': b'-- Up-to-date symlink: /root/ws_sensor_combined/install/px4_msgs/share/px4_msgs/msg/CanInterfaceStatus.msg\n'}
[0.930635] (px4_msgs) StdoutLine: {'line': b'-- Up-to-date symlink: /root/ws_sensor_combined/install/px4_msgs/share/px4_msgs/msg/CellularStatus.msg\n'}
[0.930714] (px4_msgs) StdoutLine: {'line': b'-- Up-to-date symlink: /root/ws_sensor_combined/install/px4_msgs/share/px4_msgs/msg/CollisionConstraints.msg\n'}
[0.930792] (px4_msgs) StdoutLine: {'line': b'-- Up-to-date symlink: /root/ws_sensor_combined/install/px4_msgs/share/px4_msgs/msg/ConfigOverrides.msg\n'}
[0.930871] (px4_msgs) StdoutLine: {'line': b'-- Up-to-date symlink: /root/ws_sensor_combined/install/px4_msgs/share/px4_msgs/msg/ControlAllocatorStatus.msg\n'}
[0.930950] (px4_msgs) StdoutLine: {'line': b'-- Up-to-date symlink: /root/ws_sensor_combined/install/px4_msgs/share/px4_msgs/msg/Cpuload.msg\n'}
[0.931029] (px4_msgs) StdoutLine: {'line': b'-- Up-to-date symlink: /root/ws_sensor_combined/install/px4_msgs/share/px4_msgs/msg/DatamanRequest.msg\n'}
[0.931108] (px4_msgs) StdoutLine: {'line': b'-- Up-to-date symlink: /root/ws_sensor_combined/install/px4_msgs/share/px4_msgs/msg/DatamanResponse.msg\n'}
[0.931187] (px4_msgs) StdoutLine: {'line': b'-- Up-to-date symlink: /root/ws_sensor_combined/install/px4_msgs/share/px4_msgs/msg/DebugArray.msg\n'}
[0.931267] (px4_msgs) StdoutLine: {'line': b'-- Up-to-date symlink: /root/ws_sensor_combined/install/px4_msgs/share/px4_msgs/msg/DebugKeyValue.msg\n'}
[0.931345] (px4_msgs) StdoutLine: {'line': b'-- Up-to-date symlink: /root/ws_sensor_combined/install/px4_msgs/share/px4_msgs/msg/DebugValue.msg\n'}
[0.931424] (px4_msgs) StdoutLine: {'line': b'-- Up-to-date symlink: /root/ws_sensor_combined/install/px4_msgs/share/px4_msgs/msg/DebugVect.msg\n'}
[0.931503] (px4_msgs) StdoutLine: {'line': b'-- Up-to-date symlink: /root/ws_sensor_combined/install/px4_msgs/share/px4_msgs/msg/DifferentialPressure.msg\n'}
[0.931583] (px4_msgs) StdoutLine: {'line': b'-- Up-to-date symlink: /root/ws_sensor_combined/install/px4_msgs/share/px4_msgs/msg/DistanceSensor.msg\n'}
[0.931661] (px4_msgs) StdoutLine: {'line': b'-- Up-to-date symlink: /root/ws_sensor_combined/install/px4_msgs/share/px4_msgs/msg/DistanceSensorModeChangeRequest.msg\n'}
[0.931696] (px4_msgs) StdoutLine: {'line': b'-- Up-to-date symlink: /root/ws_sensor_combined/install/px4_msgs/share/px4_msgs/msg/DronecanNodeStatus.msg\n'}
[0.931806] (px4_msgs) StdoutLine: {'line': b'-- Up-to-date symlink: /root/ws_sensor_combined/install/px4_msgs/share/px4_msgs/msg/Ekf2Timestamps.msg\n'}
[0.931867] (px4_msgs) StdoutLine: {'line': b'-- Up-to-date symlink: /root/ws_sensor_combined/install/px4_msgs/share/px4_msgs/msg/EscReport.msg\n'}
[0.931960] (px4_msgs) StdoutLine: {'line': b'-- Up-to-date symlink: /root/ws_sensor_combined/install/px4_msgs/share/px4_msgs/msg/EscStatus.msg\n'}
[0.932042] (px4_msgs) StdoutLine: {'line': b'-- Up-to-date symlink: /root/ws_sensor_combined/install/px4_msgs/share/px4_msgs/msg/EstimatorAidSource1d.msg\n'}
[0.932139] (px4_msgs) StdoutLine: {'line': b'-- Up-to-date symlink: /root/ws_sensor_combined/install/px4_msgs/share/px4_msgs/msg/EstimatorAidSource2d.msg\n'}
[0.932220] (px4_msgs) StdoutLine: {'line': b'-- Up-to-date symlink: /root/ws_sensor_combined/install/px4_msgs/share/px4_msgs/msg/EstimatorAidSource3d.msg\n'}
[0.932279] (px4_msgs) StdoutLine: {'line': b'-- Up-to-date symlink: /root/ws_sensor_combined/install/px4_msgs/share/px4_msgs/msg/EstimatorBias.msg\n'}
[0.932317] (px4_msgs) StdoutLine: {'line': b'-- Up-to-date symlink: /root/ws_sensor_combined/install/px4_msgs/share/px4_msgs/msg/EstimatorBias3d.msg\n'}
[0.932762] (px4_msgs) StdoutLine: {'line': b'-- Up-to-date symlink: /root/ws_sensor_combined/install/px4_msgs/share/px4_msgs/msg/EstimatorEventFlags.msg\n'}
[0.932849] (px4_msgs) StdoutLine: {'line': b'-- Up-to-date symlink: /root/ws_sensor_combined/install/px4_msgs/share/px4_msgs/msg/EstimatorGpsStatus.msg\n'}
[0.932968] (px4_msgs) StdoutLine: {'line': b'-- Up-to-date symlink: /root/ws_sensor_combined/install/px4_msgs/share/px4_msgs/msg/EstimatorInnovations.msg\n'}
[0.933001] (px4_msgs) StdoutLine: {'line': b'-- Up-to-date symlink: /root/ws_sensor_combined/install/px4_msgs/share/px4_msgs/msg/EstimatorSelectorStatus.msg\n'}
[0.933075] (px4_msgs) StdoutLine: {'line': b'-- Up-to-date symlink: /root/ws_sensor_combined/install/px4_msgs/share/px4_msgs/msg/EstimatorSensorBias.msg\n'}
[0.933156] (px4_msgs) StdoutLine: {'line': b'-- Up-to-date symlink: /root/ws_sensor_combined/install/px4_msgs/share/px4_msgs/msg/EstimatorStates.msg\n'}
[0.933236] (px4_msgs) StdoutLine: {'line': b'-- Up-to-date symlink: /root/ws_sensor_combined/install/px4_msgs/share/px4_msgs/msg/EstimatorStatus.msg\n'}
[0.933376] (px4_msgs) StdoutLine: {'line': b'-- Up-to-date symlink: /root/ws_sensor_combined/install/px4_msgs/share/px4_msgs/msg/EstimatorStatusFlags.msg\n'}
[0.933543] (px4_msgs) StdoutLine: {'line': b'-- Up-to-date symlink: /root/ws_sensor_combined/install/px4_msgs/share/px4_msgs/msg/Event.msg\n'}
[0.933586] (px4_msgs) StdoutLine: {'line': b'-- Up-to-date symlink: /root/ws_sensor_combined/install/px4_msgs/share/px4_msgs/msg/FailsafeFlags.msg\n'}
[0.933670] (px4_msgs) StdoutLine: {'line': b'-- Up-to-date symlink: /root/ws_sensor_combined/install/px4_msgs/share/px4_msgs/msg/FailureDetectorStatus.msg\n'}
[0.933757] (px4_msgs) StdoutLine: {'line': b'-- Up-to-date symlink: /root/ws_sensor_combined/install/px4_msgs/share/px4_msgs/msg/FigureEightStatus.msg\n'}
[0.933826] (px4_msgs) StdoutLine: {'line': b'-- Up-to-date symlink: /root/ws_sensor_combined/install/px4_msgs/share/px4_msgs/msg/FixedWingLateralGuidanceStatus.msg\n'}
[0.933907] (px4_msgs) StdoutLine: {'line': b'-- Up-to-date symlink: /root/ws_sensor_combined/install/px4_msgs/share/px4_msgs/msg/FixedWingLateralSetpoint.msg\n'}
[0.933987] (px4_msgs) StdoutLine: {'line': b'-- Up-to-date symlink: /root/ws_sensor_combined/install/px4_msgs/share/px4_msgs/msg/FixedWingLateralStatus.msg\n'}
[0.934067] (px4_msgs) StdoutLine: {'line': b'-- Up-to-date symlink: /root/ws_sensor_combined/install/px4_msgs/share/px4_msgs/msg/FixedWingLongitudinalSetpoint.msg\n'}
[0.934127] (px4_msgs) StdoutLine: {'line': b'-- Up-to-date symlink: /root/ws_sensor_combined/install/px4_msgs/share/px4_msgs/msg/FixedWingRunwayControl.msg\n'}
[0.934197] (px4_msgs) StdoutLine: {'line': b'-- Up-to-date symlink: /root/ws_sensor_combined/install/px4_msgs/share/px4_msgs/msg/FlightPhaseEstimation.msg\n'}
[0.934276] (px4_msgs) StdoutLine: {'line': b'-- Up-to-date symlink: /root/ws_sensor_combined/install/px4_msgs/share/px4_msgs/msg/FollowTarget.msg\n'}
[0.934364] (px4_msgs) StdoutLine: {'line': b'-- Up-to-date symlink: /root/ws_sensor_combined/install/px4_msgs/share/px4_msgs/msg/FollowTargetEstimator.msg\n'}
[0.934475] (px4_msgs) StdoutLine: {'line': b'-- Up-to-date symlink: /root/ws_sensor_combined/install/px4_msgs/share/px4_msgs/msg/FollowTargetStatus.msg\n'}
[0.934648] (px4_msgs) StdoutLine: {'line': b'-- Up-to-date symlink: /root/ws_sensor_combined/install/px4_msgs/share/px4_msgs/msg/FuelTankStatus.msg\n'}
[0.934685] (px4_msgs) StdoutLine: {'line': b'-- Up-to-date symlink: /root/ws_sensor_combined/install/px4_msgs/share/px4_msgs/msg/GeneratorStatus.msg\n'}
[0.934821] (px4_msgs) StdoutLine: {'line': b'-- Up-to-date symlink: /root/ws_sensor_combined/install/px4_msgs/share/px4_msgs/msg/GeofenceResult.msg\n'}
[0.934903] (px4_msgs) StdoutLine: {'line': b'-- Up-to-date symlink: /root/ws_sensor_combined/install/px4_msgs/share/px4_msgs/msg/GeofenceStatus.msg\n'}
[0.934962] (px4_msgs) StdoutLine: {'line': b'-- Up-to-date symlink: /root/ws_sensor_combined/install/px4_msgs/share/px4_msgs/msg/GimbalControls.msg\n'}
[0.935032] (px4_msgs) StdoutLine: {'line': b'-- Up-to-date symlink: /root/ws_sensor_combined/install/px4_msgs/share/px4_msgs/msg/GimbalDeviceAttitudeStatus.msg\n'}
[0.935101] (px4_msgs) StdoutLine: {'line': b'-- Up-to-date symlink: /root/ws_sensor_combined/install/px4_msgs/share/px4_msgs/msg/GimbalDeviceInformation.msg\n'}
[0.935181] (px4_msgs) StdoutLine: {'line': b'-- Up-to-date symlink: /root/ws_sensor_combined/install/px4_msgs/share/px4_msgs/msg/GimbalDeviceSetAttitude.msg\n'}
[0.935260] (px4_msgs) StdoutLine: {'line': b'-- Up-to-date symlink: /root/ws_sensor_combined/install/px4_msgs/share/px4_msgs/msg/GimbalManagerInformation.msg\n'}
[0.935330] (px4_msgs) StdoutLine: {'line': b'-- Up-to-date symlink: /root/ws_sensor_combined/install/px4_msgs/share/px4_msgs/msg/GimbalManagerSetAttitude.msg\n'}
[0.935410] (px4_msgs) StdoutLine: {'line': b'-- Up-to-date symlink: /root/ws_sensor_combined/install/px4_msgs/share/px4_msgs/msg/GimbalManagerSetManualControl.msg\n'}
[0.935651] (px4_msgs) StdoutLine: {'line': b'-- Up-to-date symlink: /root/ws_sensor_combined/install/px4_msgs/share/px4_msgs/msg/GimbalManagerStatus.msg\n'}
[0.935744] (px4_msgs) StdoutLine: {'line': b'-- Up-to-date symlink: /root/ws_sensor_combined/install/px4_msgs/share/px4_msgs/msg/GotoSetpoint.msg\n'}
[0.935814] (px4_msgs) StdoutLine: {'line': b'-- Up-to-date symlink: /root/ws_sensor_combined/install/px4_msgs/share/px4_msgs/msg/GpioConfig.msg\n'}
[0.935874] (px4_msgs) StdoutLine: {'line': b'-- Up-to-date symlink: /root/ws_sensor_combined/install/px4_msgs/share/px4_msgs/msg/GpioIn.msg\n'}
[0.935935] (px4_msgs) StdoutLine: {'line': b'-- Up-to-date symlink: /root/ws_sensor_combined/install/px4_msgs/share/px4_msgs/msg/GpioOut.msg\n'}
[0.936007] (px4_msgs) StdoutLine: {'line': b'-- Up-to-date symlink: /root/ws_sensor_combined/install/px4_msgs/share/px4_msgs/msg/GpioRequest.msg\n'}
[0.936067] (px4_msgs) StdoutLine: {'line': b'-- Up-to-date symlink: /root/ws_sensor_combined/install/px4_msgs/share/px4_msgs/msg/GpsDump.msg\n'}
[0.936138] (px4_msgs) StdoutLine: {'line': b'-- Up-to-date symlink: /root/ws_sensor_combined/install/px4_msgs/share/px4_msgs/msg/GpsInjectData.msg\n'}
[0.936229] (px4_msgs) StdoutLine: {'line': b'-- Up-to-date symlink: /root/ws_sensor_combined/install/px4_msgs/share/px4_msgs/msg/Gripper.msg\n'}
[0.936310] (px4_msgs) StdoutLine: {'line': b'-- Up-to-date symlink: /root/ws_sensor_combined/install/px4_msgs/share/px4_msgs/msg/HealthReport.msg\n'}
[0.936364] (px4_msgs) StdoutLine: {'line': b'-- Up-to-date symlink: /root/ws_sensor_combined/install/px4_msgs/share/px4_msgs/msg/HeaterStatus.msg\n'}
[0.936496] (px4_msgs) StdoutLine: {'line': b'-- Up-to-date symlink: /root/ws_sensor_combined/install/px4_msgs/share/px4_msgs/msg/HomePosition.msg\n'}
[0.936569] (px4_msgs) StdoutLine: {'line': b'-- Up-to-date symlink: /root/ws_sensor_combined/install/px4_msgs/share/px4_msgs/msg/HoverThrustEstimate.msg\n'}
[0.936752] (px4_msgs) StdoutLine: {'line': b'-- Up-to-date symlink: /root/ws_sensor_combined/install/px4_msgs/share/px4_msgs/msg/InputRc.msg\n'}
[0.936830] (px4_msgs) StdoutLine: {'line': b'-- Up-to-date symlink: /root/ws_sensor_combined/install/px4_msgs/share/px4_msgs/msg/InternalCombustionEngineControl.msg\n'}
[0.937058] (px4_msgs) StdoutLine: {'line': b'-- Up-to-date symlink: /root/ws_sensor_combined/install/px4_msgs/share/px4_msgs/msg/InternalCombustionEngineStatus.msg\n'}
[0.937144] (px4_msgs) StdoutLine: {'line': b'-- Up-to-date symlink: /root/ws_sensor_combined/install/px4_msgs/share/px4_msgs/msg/IridiumsbdStatus.msg\n'}
[0.937203] (px4_msgs) StdoutLine: {'line': b'-- Up-to-date symlink: /root/ws_sensor_combined/install/px4_msgs/share/px4_msgs/msg/IrlockReport.msg\n'}
[0.937300] (px4_msgs) StdoutLine: {'line': b'-- Up-to-date symlink: /root/ws_sensor_combined/install/px4_msgs/share/px4_msgs/msg/LandingGear.msg\n'}
[0.937361] (px4_msgs) StdoutLine: {'line': b'-- Up-to-date symlink: /root/ws_sensor_combined/install/px4_msgs/share/px4_msgs/msg/LandingGearWheel.msg\n'}
[0.937431] (px4_msgs) StdoutLine: {'line': b'-- Up-to-date symlink: /root/ws_sensor_combined/install/px4_msgs/share/px4_msgs/msg/LandingTargetInnovations.msg\n'}
[0.937510] (px4_msgs) StdoutLine: {'line': b'-- Up-to-date symlink: /root/ws_sensor_combined/install/px4_msgs/share/px4_msgs/msg/LandingTargetPose.msg\n'}
[0.937645] (px4_msgs) StdoutLine: {'line': b'-- Up-to-date symlink: /root/ws_sensor_combined/install/px4_msgs/share/px4_msgs/msg/LateralControlConfiguration.msg\n'}
[0.937728] (px4_msgs) StdoutLine: {'line': b'-- Up-to-date symlink: /root/ws_sensor_combined/install/px4_msgs/share/px4_msgs/msg/LaunchDetectionStatus.msg\n'}
[0.937814] (px4_msgs) StdoutLine: {'line': b'-- Up-to-date symlink: /root/ws_sensor_combined/install/px4_msgs/share/px4_msgs/msg/LedControl.msg\n'}
[0.937873] (px4_msgs) StdoutLine: {'line': b'-- Up-to-date symlink: /root/ws_sensor_combined/install/px4_msgs/share/px4_msgs/msg/LogMessage.msg\n'}
[0.937930] (px4_msgs) StdoutLine: {'line': b'-- Up-to-date symlink: /root/ws_sensor_combined/install/px4_msgs/share/px4_msgs/msg/LoggerStatus.msg\n'}
[0.938012] (px4_msgs) StdoutLine: {'line': b'-- Up-to-date symlink: /root/ws_sensor_combined/install/px4_msgs/share/px4_msgs/msg/LongitudinalControlConfiguration.msg\n'}
[0.938095] (px4_msgs) StdoutLine: {'line': b'-- Up-to-date symlink: /root/ws_sensor_combined/install/px4_msgs/share/px4_msgs/msg/MagWorkerData.msg\n'}
[0.938178] (px4_msgs) StdoutLine: {'line': b'-- Up-to-date symlink: /root/ws_sensor_combined/install/px4_msgs/share/px4_msgs/msg/MagnetometerBiasEstimate.msg\n'}
[0.938259] (px4_msgs) StdoutLine: {'line': b'-- Up-to-date symlink: /root/ws_sensor_combined/install/px4_msgs/share/px4_msgs/msg/ManualControlSetpoint.msg\n'}
[0.938338] (px4_msgs) StdoutLine: {'line': b'-- Up-to-date symlink: /root/ws_sensor_combined/install/px4_msgs/share/px4_msgs/msg/ManualControlSwitches.msg\n'}
[0.938417] (px4_msgs) StdoutLine: {'line': b'-- Up-to-date symlink: /root/ws_sensor_combined/install/px4_msgs/share/px4_msgs/msg/MavlinkLog.msg\n'}
[0.938626] (px4_msgs) StdoutLine: {'line': b'-- Up-to-date symlink: /root/ws_sensor_combined/install/px4_msgs/share/px4_msgs/msg/MavlinkTunnel.msg\n'}
[0.938719] (px4_msgs) StdoutLine: {'line': b'-- Up-to-date symlink: /root/ws_sensor_combined/install/px4_msgs/share/px4_msgs/msg/MessageFormatRequest.msg\n'}
[0.938764] (px4_msgs) StdoutLine: {'line': b'-- Up-to-date symlink: /root/ws_sensor_combined/install/px4_msgs/share/px4_msgs/msg/MessageFormatResponse.msg\n'}
[0.938881] (px4_msgs) StdoutLine: {'line': b'-- Up-to-date symlink: /root/ws_sensor_combined/install/px4_msgs/share/px4_msgs/msg/Mission.msg\n'}
[0.938911] (px4_msgs) StdoutLine: {'line': b'-- Up-to-date symlink: /root/ws_sensor_combined/install/px4_msgs/share/px4_msgs/msg/MissionResult.msg\n'}
[0.938936] (px4_msgs) StdoutLine: {'line': b'-- Up-to-date symlink: /root/ws_sensor_combined/install/px4_msgs/share/px4_msgs/msg/ModeCompleted.msg\n'}
[0.938960] (px4_msgs) StdoutLine: {'line': b'-- Up-to-date symlink: /root/ws_sensor_combined/install/px4_msgs/share/px4_msgs/msg/MountOrientation.msg\n'}
[0.938983] (px4_msgs) StdoutLine: {'line': b'-- Up-to-date symlink: /root/ws_sensor_combined/install/px4_msgs/share/px4_msgs/msg/NavigatorMissionItem.msg\n'}
[0.939007] (px4_msgs) StdoutLine: {'line': b'-- Up-to-date symlink: /root/ws_sensor_combined/install/px4_msgs/share/px4_msgs/msg/NavigatorStatus.msg\n'}
[0.939102] (px4_msgs) StdoutLine: {'line': b'-- Up-to-date symlink: /root/ws_sensor_combined/install/px4_msgs/share/px4_msgs/msg/NeuralControl.msg\n'}
[0.939136] (px4_msgs) StdoutLine: {'line': b'-- Up-to-date symlink: /root/ws_sensor_combined/install/px4_msgs/share/px4_msgs/msg/NormalizedUnsignedSetpoint.msg\n'}
[0.939161] (px4_msgs) StdoutLine: {'line': b'-- Up-to-date symlink: /root/ws_sensor_combined/install/px4_msgs/share/px4_msgs/msg/ObstacleDistance.msg\n'}
[0.939186] (px4_msgs) StdoutLine: {'line': b'-- Up-to-date symlink: /root/ws_sensor_combined/install/px4_msgs/share/px4_msgs/msg/OffboardControlMode.msg\n'}
[0.939210] (px4_msgs) StdoutLine: {'line': b'-- Up-to-date symlink: /root/ws_sensor_combined/install/px4_msgs/share/px4_msgs/msg/OnboardComputerStatus.msg\n'}
[0.939234] (px4_msgs) StdoutLine: {'line': b'-- Up-to-date symlink: /root/ws_sensor_combined/install/px4_msgs/share/px4_msgs/msg/OpenDroneIdArmStatus.msg\n'}
[0.939258] (px4_msgs) StdoutLine: {'line': b'-- Up-to-date symlink: /root/ws_sensor_combined/install/px4_msgs/share/px4_msgs/msg/OpenDroneIdOperatorId.msg\n'}
[0.939281] (px4_msgs) StdoutLine: {'line': b'-- Up-to-date symlink: /root/ws_sensor_combined/install/px4_msgs/share/px4_msgs/msg/OpenDroneIdSelfId.msg\n'}
[0.939337] (px4_msgs) StdoutLine: {'line': b'-- Up-to-date symlink: /root/ws_sensor_combined/install/px4_msgs/share/px4_msgs/msg/OpenDroneIdSystem.msg\n'}
[0.939396] (px4_msgs) StdoutLine: {'line': b'-- Up-to-date symlink: /root/ws_sensor_combined/install/px4_msgs/share/px4_msgs/msg/OrbTest.msg\n'}
[0.939445] (px4_msgs) StdoutLine: {'line': b'-- Up-to-date symlink: /root/ws_sensor_combined/install/px4_msgs/share/px4_msgs/msg/OrbTestLarge.msg\n'}
[0.939921] (px4_msgs) StdoutLine: {'line': b'-- Up-to-date symlink: /root/ws_sensor_combined/install/px4_msgs/share/px4_msgs/msg/OrbTestMedium.msg\n'}
[0.939977] (px4_msgs) StdoutLine: {'line': b'-- Up-to-date symlink: /root/ws_sensor_combined/install/px4_msgs/share/px4_msgs/msg/OrbitStatus.msg\n'}
[0.940003] (px4_msgs) StdoutLine: {'line': b'-- Up-to-date symlink: /root/ws_sensor_combined/install/px4_msgs/share/px4_msgs/msg/ParameterResetRequest.msg\n'}
[0.940027] (px4_msgs) StdoutLine: {'line': b'-- Up-to-date symlink: /root/ws_sensor_combined/install/px4_msgs/share/px4_msgs/msg/ParameterSetUsedRequest.msg\n'}
[0.940191] (px4_msgs) StdoutLine: {'line': b'-- Up-to-date symlink: /root/ws_sensor_combined/install/px4_msgs/share/px4_msgs/msg/ParameterSetValueRequest.msg\n'}
[0.940253] (px4_msgs) StdoutLine: {'line': b'-- Up-to-date symlink: /root/ws_sensor_combined/install/px4_msgs/share/px4_msgs/msg/ParameterSetValueResponse.msg\n'}
[0.940333] (px4_msgs) StdoutLine: {'line': b'-- Up-to-date symlink: /root/ws_sensor_combined/install/px4_msgs/share/px4_msgs/msg/ParameterUpdate.msg\n'}
[0.940471] (px4_msgs) StdoutLine: {'line': b'-- Up-to-date symlink: /root/ws_sensor_combined/install/px4_msgs/share/px4_msgs/msg/Ping.msg\n'}
[0.940506] (px4_msgs) StdoutLine: {'line': b'-- Up-to-date symlink: /root/ws_sensor_combined/install/px4_msgs/share/px4_msgs/msg/PositionControllerLandingStatus.msg\n'}
[0.940573] (px4_msgs) StdoutLine: {'line': b'-- Up-to-date symlink: /root/ws_sensor_combined/install/px4_msgs/share/px4_msgs/msg/PositionControllerStatus.msg\n'}
[0.940806] (px4_msgs) StdoutLine: {'line': b'-- Up-to-date symlink: /root/ws_sensor_combined/install/px4_msgs/share/px4_msgs/msg/PositionSetpoint.msg\n'}
[0.940875] (px4_msgs) StdoutLine: {'line': b'-- Up-to-date symlink: /root/ws_sensor_combined/install/px4_msgs/share/px4_msgs/msg/PositionSetpointTriplet.msg\n'}
[0.940955] (px4_msgs) StdoutLine: {'line': b'-- Up-to-date symlink: /root/ws_sensor_combined/install/px4_msgs/share/px4_msgs/msg/PowerButtonState.msg\n'}
[0.941033] (px4_msgs) StdoutLine: {'line': b'-- Up-to-date symlink: /root/ws_sensor_combined/install/px4_msgs/share/px4_msgs/msg/PowerMonitor.msg\n'}
[0.941112] (px4_msgs) StdoutLine: {'line': b'-- Up-to-date symlink: /root/ws_sensor_combined/install/px4_msgs/share/px4_msgs/msg/PpsCapture.msg\n'}
[0.941194] (px4_msgs) StdoutLine: {'line': b'-- Up-to-date symlink: /root/ws_sensor_combined/install/px4_msgs/share/px4_msgs/msg/PurePursuitStatus.msg\n'}
[0.941280] (px4_msgs) StdoutLine: {'line': b'-- Up-to-date symlink: /root/ws_sensor_combined/install/px4_msgs/share/px4_msgs/msg/PwmInput.msg\n'}
[0.941360] (px4_msgs) StdoutLine: {'line': b'-- Up-to-date symlink: /root/ws_sensor_combined/install/px4_msgs/share/px4_msgs/msg/Px4ioStatus.msg\n'}
[0.941439] (px4_msgs) StdoutLine: {'line': b'-- Up-to-date symlink: /root/ws_sensor_combined/install/px4_msgs/share/px4_msgs/msg/QshellReq.msg\n'}
[0.941642] (px4_msgs) StdoutLine: {'line': b'-- Up-to-date symlink: /root/ws_sensor_combined/install/px4_msgs/share/px4_msgs/msg/QshellRetval.msg\n'}
[0.941722] (px4_msgs) StdoutLine: {'line': b'-- Up-to-date symlink: /root/ws_sensor_combined/install/px4_msgs/share/px4_msgs/msg/RadioStatus.msg\n'}
[0.941803] (px4_msgs) StdoutLine: {'line': b'-- Up-to-date symlink: /root/ws_sensor_combined/install/px4_msgs/share/px4_msgs/msg/RateCtrlStatus.msg\n'}
[0.941883] (px4_msgs) StdoutLine: {'line': b'-- Up-to-date symlink: /root/ws_sensor_combined/install/px4_msgs/share/px4_msgs/msg/RcChannels.msg\n'}
[0.941963] (px4_msgs) StdoutLine: {'line': b'-- Up-to-date symlink: /root/ws_sensor_combined/install/px4_msgs/share/px4_msgs/msg/RcParameterMap.msg\n'}
[0.942050] (px4_msgs) StdoutLine: {'line': b'-- Up-to-date symlink: /root/ws_sensor_combined/install/px4_msgs/share/px4_msgs/msg/RegisterExtComponentReply.msg\n'}
[0.942130] (px4_msgs) StdoutLine: {'line': b'-- Up-to-date symlink: /root/ws_sensor_combined/install/px4_msgs/share/px4_msgs/msg/RegisterExtComponentRequest.msg\n'}
[0.942210] (px4_msgs) StdoutLine: {'line': b'-- Up-to-date symlink: /root/ws_sensor_combined/install/px4_msgs/share/px4_msgs/msg/RoverAttitudeSetpoint.msg\n'}
[0.942289] (px4_msgs) StdoutLine: {'line': b'-- Up-to-date symlink: /root/ws_sensor_combined/install/px4_msgs/share/px4_msgs/msg/RoverAttitudeStatus.msg\n'}
[0.942368] (px4_msgs) StdoutLine: {'line': b'-- Up-to-date symlink: /root/ws_sensor_combined/install/px4_msgs/share/px4_msgs/msg/RoverPositionSetpoint.msg\n'}
[0.942446] (px4_msgs) StdoutLine: {'line': b'-- Up-to-date symlink: /root/ws_sensor_combined/install/px4_msgs/share/px4_msgs/msg/RoverRateSetpoint.msg\n'}
[0.942525] (px4_msgs) StdoutLine: {'line': b'-- Up-to-date symlink: /root/ws_sensor_combined/install/px4_msgs/share/px4_msgs/msg/RoverRateStatus.msg\n'}
[0.942604] (px4_msgs) StdoutLine: {'line': b'-- Up-to-date symlink: /root/ws_sensor_combined/install/px4_msgs/share/px4_msgs/msg/RoverSteeringSetpoint.msg\n'}
[0.942682] (px4_msgs) StdoutLine: {'line': b'-- Up-to-date symlink: /root/ws_sensor_combined/install/px4_msgs/share/px4_msgs/msg/RoverThrottleSetpoint.msg\n'}
[0.942761] (px4_msgs) StdoutLine: {'line': b'-- Up-to-date symlink: /root/ws_sensor_combined/install/px4_msgs/share/px4_msgs/msg/RoverVelocitySetpoint.msg\n'}
[0.942840] (px4_msgs) StdoutLine: {'line': b'-- Up-to-date symlink: /root/ws_sensor_combined/install/px4_msgs/share/px4_msgs/msg/RoverVelocityStatus.msg\n'}
[0.942919] (px4_msgs) StdoutLine: {'line': b'-- Up-to-date symlink: /root/ws_sensor_combined/install/px4_msgs/share/px4_msgs/msg/Rpm.msg\n'}
[0.942997] (px4_msgs) StdoutLine: {'line': b'-- Up-to-date symlink: /root/ws_sensor_combined/install/px4_msgs/share/px4_msgs/msg/RtlStatus.msg\n'}
[0.943076] (px4_msgs) StdoutLine: {'line': b'-- Up-to-date symlink: /root/ws_sensor_combined/install/px4_msgs/share/px4_msgs/msg/RtlTimeEstimate.msg\n'}
[0.943155] (px4_msgs) StdoutLine: {'line': b'-- Up-to-date symlink: /root/ws_sensor_combined/install/px4_msgs/share/px4_msgs/msg/SatelliteInfo.msg\n'}
[0.943283] (px4_msgs) StdoutLine: {'line': b'-- Up-to-date symlink: /root/ws_sensor_combined/install/px4_msgs/share/px4_msgs/msg/SensorAccel.msg\n'}
[0.943341] (px4_msgs) StdoutLine: {'line': b'-- Up-to-date symlink: /root/ws_sensor_combined/install/px4_msgs/share/px4_msgs/msg/SensorAccelFifo.msg\n'}
[0.943422] (px4_msgs) StdoutLine: {'line': b'-- Up-to-date symlink: /root/ws_sensor_combined/install/px4_msgs/share/px4_msgs/msg/SensorAirflow.msg\n'}
[0.943502] (px4_msgs) StdoutLine: {'line': b'-- Up-to-date symlink: /root/ws_sensor_combined/install/px4_msgs/share/px4_msgs/msg/SensorBaro.msg\n'}
[0.943585] (px4_msgs) StdoutLine: {'line': b'-- Up-to-date symlink: /root/ws_sensor_combined/install/px4_msgs/share/px4_msgs/msg/SensorCombined.msg\n'}
[0.943664] (px4_msgs) StdoutLine: {'line': b'-- Up-to-date symlink: /root/ws_sensor_combined/install/px4_msgs/share/px4_msgs/msg/SensorCorrection.msg\n'}
[0.943743] (px4_msgs) StdoutLine: {'line': b'-- Up-to-date symlink: /root/ws_sensor_combined/install/px4_msgs/share/px4_msgs/msg/SensorGnssRelative.msg\n'}
[0.943821] (px4_msgs) StdoutLine: {'line': b'-- Up-to-date symlink: /root/ws_sensor_combined/install/px4_msgs/share/px4_msgs/msg/SensorGps.msg\n'}
[0.943901] (px4_msgs) StdoutLine: {'line': b'-- Up-to-date symlink: /root/ws_sensor_combined/install/px4_msgs/share/px4_msgs/msg/SensorGyro.msg\n'}
[0.943933] (px4_msgs) StdoutLine: {'line': b'-- Up-to-date symlink: /root/ws_sensor_combined/install/px4_msgs/share/px4_msgs/msg/SensorGyroFft.msg\n'}
[0.943961] (px4_msgs) StdoutLine: {'line': b'-- Up-to-date symlink: /root/ws_sensor_combined/install/px4_msgs/share/px4_msgs/msg/SensorGyroFifo.msg\n'}
[0.944006] (px4_msgs) StdoutLine: {'line': b'-- Up-to-date symlink: /root/ws_sensor_combined/install/px4_msgs/share/px4_msgs/msg/SensorHygrometer.msg\n'}
[0.944087] (px4_msgs) StdoutLine: {'line': b'-- Up-to-date symlink: /root/ws_sensor_combined/install/px4_msgs/share/px4_msgs/msg/SensorMag.msg\n'}
[0.944166] (px4_msgs) StdoutLine: {'line': b'-- Up-to-date symlink: /root/ws_sensor_combined/install/px4_msgs/share/px4_msgs/msg/SensorOpticalFlow.msg\n'}
[0.944246] (px4_msgs) StdoutLine: {'line': b'-- Up-to-date symlink: /root/ws_sensor_combined/install/px4_msgs/share/px4_msgs/msg/SensorPreflightMag.msg\n'}
[0.944365] (px4_msgs) StdoutLine: {'line': b'-- Up-to-date symlink: /root/ws_sensor_combined/install/px4_msgs/share/px4_msgs/msg/SensorSelection.msg\n'}
[0.944472] (px4_msgs) StdoutLine: {'line': b'-- Up-to-date symlink: /root/ws_sensor_combined/install/px4_msgs/share/px4_msgs/msg/SensorUwb.msg\n'}
[0.944519] (px4_msgs) StdoutLine: {'line': b'-- Up-to-date symlink: /root/ws_sensor_combined/install/px4_msgs/share/px4_msgs/msg/SensorsStatus.msg\n'}
[0.944568] (px4_msgs) StdoutLine: {'line': b'-- Up-to-date symlink: /root/ws_sensor_combined/install/px4_msgs/share/px4_msgs/msg/SensorsStatusImu.msg\n'}
[0.944602] (px4_msgs) StdoutLine: {'line': b'-- Up-to-date symlink: /root/ws_sensor_combined/install/px4_msgs/share/px4_msgs/msg/SystemPower.msg\n'}
[0.944683] (px4_msgs) StdoutLine: {'line': b'-- Up-to-date symlink: /root/ws_sensor_combined/install/px4_msgs/share/px4_msgs/msg/TakeoffStatus.msg\n'}
[0.944742] (px4_msgs) StdoutLine: {'line': b'-- Up-to-date symlink: /root/ws_sensor_combined/install/px4_msgs/share/px4_msgs/msg/TaskStackInfo.msg\n'}
[0.944918] (px4_msgs) StdoutLine: {'line': b'-- Up-to-date symlink: /root/ws_sensor_combined/install/px4_msgs/share/px4_msgs/msg/TecsStatus.msg\n'}
[0.945035] (px4_msgs) StdoutLine: {'line': b'-- Up-to-date symlink: /root/ws_sensor_combined/install/px4_msgs/share/px4_msgs/msg/TelemetryStatus.msg\n'}
[0.945155] (px4_msgs) StdoutLine: {'line': b'-- Up-to-date symlink: /root/ws_sensor_combined/install/px4_msgs/share/px4_msgs/msg/TiltrotorExtraControls.msg\n'}
[0.945197] (px4_msgs) StdoutLine: {'line': b'-- Up-to-date symlink: /root/ws_sensor_combined/install/px4_msgs/share/px4_msgs/msg/TimesyncStatus.msg\n'}
[0.945224] (px4_msgs) StdoutLine: {'line': b'-- Up-to-date symlink: /root/ws_sensor_combined/install/px4_msgs/share/px4_msgs/msg/TrajectorySetpoint.msg\n'}
[0.945248] (px4_msgs) StdoutLine: {'line': b'-- Up-to-date symlink: /root/ws_sensor_combined/install/px4_msgs/share/px4_msgs/msg/TrajectorySetpoint6dof.msg\n'}
[0.945271] (px4_msgs) StdoutLine: {'line': b'-- Up-to-date symlink: /root/ws_sensor_combined/install/px4_msgs/share/px4_msgs/msg/TransponderReport.msg\n'}
[0.945294] (px4_msgs) StdoutLine: {'line': b'-- Up-to-date symlink: /root/ws_sensor_combined/install/px4_msgs/share/px4_msgs/msg/TuneControl.msg\n'}
[0.945323] (px4_msgs) StdoutLine: {'line': b'-- Up-to-date symlink: /root/ws_sensor_combined/install/px4_msgs/share/px4_msgs/msg/UavcanParameterRequest.msg\n'}
[0.945344] (px4_msgs) StdoutLine: {'line': b'-- Up-to-date symlink: /root/ws_sensor_combined/install/px4_msgs/share/px4_msgs/msg/UavcanParameterValue.msg\n'}
[0.945366] (px4_msgs) StdoutLine: {'line': b'-- Up-to-date symlink: /root/ws_sensor_combined/install/px4_msgs/share/px4_msgs/msg/UlogStream.msg\n'}
[0.945389] (px4_msgs) StdoutLine: {'line': b'-- Up-to-date symlink: /root/ws_sensor_combined/install/px4_msgs/share/px4_msgs/msg/UlogStreamAck.msg\n'}
[0.945410] (px4_msgs) StdoutLine: {'line': b'-- Up-to-date symlink: /root/ws_sensor_combined/install/px4_msgs/share/px4_msgs/msg/UnregisterExtComponent.msg\n'}
[0.945432] (px4_msgs) StdoutLine: {'line': b'-- Up-to-date symlink: /root/ws_sensor_combined/install/px4_msgs/share/px4_msgs/msg/VehicleAcceleration.msg\n'}
[0.945453] (px4_msgs) StdoutLine: {'line': b'-- Up-to-date symlink: /root/ws_sensor_combined/install/px4_msgs/share/px4_msgs/msg/VehicleAirData.msg\n'}
[0.945475] (px4_msgs) StdoutLine: {'line': b'-- Up-to-date symlink: /root/ws_sensor_combined/install/px4_msgs/share/px4_msgs/msg/VehicleAngularAccelerationSetpoint.msg\n'}
[0.945524] (px4_msgs) StdoutLine: {'line': b'-- Up-to-date symlink: /root/ws_sensor_combined/install/px4_msgs/share/px4_msgs/msg/VehicleAngularVelocity.msg\n'}
[0.945594] (px4_msgs) StdoutLine: {'line': b'-- Up-to-date symlink: /root/ws_sensor_combined/install/px4_msgs/share/px4_msgs/msg/VehicleAttitude.msg\n'}
[0.945623] (px4_msgs) StdoutLine: {'line': b'-- Up-to-date symlink: /root/ws_sensor_combined/install/px4_msgs/share/px4_msgs/msg/VehicleAttitudeSetpoint.msg\n'}
[0.945648] (px4_msgs) StdoutLine: {'line': b'-- Up-to-date symlink: /root/ws_sensor_combined/install/px4_msgs/share/px4_msgs/msg/VehicleCommand.msg\n'}
[0.945671] (px4_msgs) StdoutLine: {'line': b'-- Up-to-date symlink: /root/ws_sensor_combined/install/px4_msgs/share/px4_msgs/msg/VehicleCommandAck.msg\n'}
[0.945696] (px4_msgs) StdoutLine: {'line': b'-- Up-to-date symlink: /root/ws_sensor_combined/install/px4_msgs/share/px4_msgs/msg/VehicleConstraints.msg\n'}
[0.945718] (px4_msgs) StdoutLine: {'line': b'-- Up-to-date symlink: /root/ws_sensor_combined/install/px4_msgs/share/px4_msgs/msg/VehicleControlMode.msg\n'}
[0.945741] (px4_msgs) StdoutLine: {'line': b'-- Up-to-date symlink: /root/ws_sensor_combined/install/px4_msgs/share/px4_msgs/msg/VehicleGlobalPosition.msg\n'}
[0.945763] (px4_msgs) StdoutLine: {'line': b'-- Up-to-date symlink: /root/ws_sensor_combined/install/px4_msgs/share/px4_msgs/msg/VehicleImu.msg\n'}
[0.945785] (px4_msgs) StdoutLine: {'line': b'-- Up-to-date symlink: /root/ws_sensor_combined/install/px4_msgs/share/px4_msgs/msg/VehicleImuStatus.msg\n'}
[0.945808] (px4_msgs) StdoutLine: {'line': b'-- Up-to-date symlink: /root/ws_sensor_combined/install/px4_msgs/share/px4_msgs/msg/VehicleLandDetected.msg\n'}
[0.945831] (px4_msgs) StdoutLine: {'line': b'-- Up-to-date symlink: /root/ws_sensor_combined/install/px4_msgs/share/px4_msgs/msg/VehicleLocalPosition.msg\n'}
[0.945854] (px4_msgs) StdoutLine: {'line': b'-- Up-to-date symlink: /root/ws_sensor_combined/install/px4_msgs/share/px4_msgs/msg/VehicleLocalPositionSetpoint.msg\n'}
[0.945878] (px4_msgs) StdoutLine: {'line': b'-- Up-to-date symlink: /root/ws_sensor_combined/install/px4_msgs/share/px4_msgs/msg/VehicleMagnetometer.msg\n'}
[0.945902] (px4_msgs) StdoutLine: {'line': b'-- Up-to-date symlink: /root/ws_sensor_combined/install/px4_msgs/share/px4_msgs/msg/VehicleOdometry.msg\n'}
[0.945925] (px4_msgs) StdoutLine: {'line': b'-- Up-to-date symlink: /root/ws_sensor_combined/install/px4_msgs/share/px4_msgs/msg/VehicleOpticalFlow.msg\n'}
[0.945948] (px4_msgs) StdoutLine: {'line': b'-- Up-to-date symlink: /root/ws_sensor_combined/install/px4_msgs/share/px4_msgs/msg/VehicleOpticalFlowVel.msg\n'}
[0.945971] (px4_msgs) StdoutLine: {'line': b'-- Up-to-date symlink: /root/ws_sensor_combined/install/px4_msgs/share/px4_msgs/msg/VehicleRatesSetpoint.msg\n'}
[0.945996] (px4_msgs) StdoutLine: {'line': b'-- Up-to-date symlink: /root/ws_sensor_combined/install/px4_msgs/share/px4_msgs/msg/VehicleRoi.msg\n'}
[0.946020] (px4_msgs) StdoutLine: {'line': b'-- Up-to-date symlink: /root/ws_sensor_combined/install/px4_msgs/share/px4_msgs/msg/VehicleStatus.msg\n'}
[0.946043] (px4_msgs) StdoutLine: {'line': b'-- Up-to-date symlink: /root/ws_sensor_combined/install/px4_msgs/share/px4_msgs/msg/VehicleThrustSetpoint.msg\n'}
[0.946065] (px4_msgs) StdoutLine: {'line': b'-- Up-to-date symlink: /root/ws_sensor_combined/install/px4_msgs/share/px4_msgs/msg/VehicleTorqueSetpoint.msg\n'}
[0.946086] (px4_msgs) StdoutLine: {'line': b'-- Up-to-date symlink: /root/ws_sensor_combined/install/px4_msgs/share/px4_msgs/msg/VelocityLimits.msg\n'}
[0.946107] (px4_msgs) StdoutLine: {'line': b'-- Up-to-date symlink: /root/ws_sensor_combined/install/px4_msgs/share/px4_msgs/msg/VtolVehicleStatus.msg\n'}
[0.946129] (px4_msgs) StdoutLine: {'line': b'-- Up-to-date symlink: /root/ws_sensor_combined/install/px4_msgs/share/px4_msgs/msg/WheelEncoders.msg\n'}
[0.946174] (px4_msgs) StdoutLine: {'line': b'-- Up-to-date symlink: /root/ws_sensor_combined/install/px4_msgs/share/px4_msgs/msg/Wind.msg\n'}
[0.946208] (px4_msgs) StdoutLine: {'line': b'-- Up-to-date symlink: /root/ws_sensor_combined/install/px4_msgs/share/px4_msgs/msg/YawEstimatorStatus.msg\n'}
[0.946234] (px4_msgs) StdoutLine: {'line': b'-- Up-to-date symlink: /root/ws_sensor_combined/install/px4_msgs/share/px4_msgs/srv/VehicleCommand.srv\n'}
[0.946258] (px4_msgs) StdoutLine: {'line': b'-- Up-to-date symlink: /root/ws_sensor_combined/install/px4_msgs/share/px4_msgs/srv/VehicleCommand_Request.msg\n'}
[0.946283] (px4_msgs) StdoutLine: {'line': b'-- Up-to-date symlink: /root/ws_sensor_combined/install/px4_msgs/share/px4_msgs/srv/VehicleCommand_Response.msg\n'}
[0.946305] (px4_msgs) StdoutLine: {'line': b'-- Up-to-date symlink: /root/ws_sensor_combined/install/px4_msgs/share/ament_index/resource_index/package_run_dependencies/px4_msgs\n'}
[0.946329] (px4_msgs) StdoutLine: {'line': b'-- Up-to-date symlink: /root/ws_sensor_combined/install/px4_msgs/share/ament_index/resource_index/parent_prefix_path/px4_msgs\n'}
[0.946352] (px4_msgs) StdoutLine: {'line': b'-- Up-to-date symlink: /root/ws_sensor_combined/install/px4_msgs/share/px4_msgs/environment/ament_prefix_path.sh\n'}
[0.946376] (px4_msgs) StdoutLine: {'line': b'-- Up-to-date symlink: /root/ws_sensor_combined/install/px4_msgs/share/px4_msgs/environment/ament_prefix_path.dsv\n'}
[0.946399] (px4_msgs) StdoutLine: {'line': b'-- Up-to-date symlink: /root/ws_sensor_combined/install/px4_msgs/share/px4_msgs/environment/path.sh\n'}
[0.946421] (px4_msgs) StdoutLine: {'line': b'-- Up-to-date symlink: /root/ws_sensor_combined/install/px4_msgs/share/px4_msgs/environment/path.dsv\n'}
[0.946443] (px4_msgs) StdoutLine: {'line': b'-- Up-to-date symlink: /root/ws_sensor_combined/install/px4_msgs/share/px4_msgs/local_setup.bash\n'}
[0.946468] (px4_msgs) StdoutLine: {'line': b'-- Up-to-date symlink: /root/ws_sensor_combined/install/px4_msgs/share/px4_msgs/local_setup.sh\n'}
[0.946492] (px4_msgs) StdoutLine: {'line': b'-- Up-to-date symlink: /root/ws_sensor_combined/install/px4_msgs/share/px4_msgs/local_setup.zsh\n'}
[0.946514] (px4_msgs) StdoutLine: {'line': b'-- Up-to-date symlink: /root/ws_sensor_combined/install/px4_msgs/share/px4_msgs/local_setup.dsv\n'}
[0.946550] (px4_msgs) StdoutLine: {'line': b'-- Symlinking: /root/ws_sensor_combined/install/px4_msgs/share/px4_msgs/package.dsv\n'}
[0.950577] (px4_msgs) StdoutLine: {'line': b'-- Up-to-date symlink: /root/ws_sensor_combined/install/px4_msgs/share/ament_index/resource_index/packages/px4_msgs\n'}
[0.951080] (px4_msgs) StdoutLine: {'line': b'-- Up-to-date symlink: /root/ws_sensor_combined/install/px4_msgs/share/px4_msgs/cmake/rosidl_cmake-extras.cmake\n'}
[0.951197] (px4_msgs) StdoutLine: {'line': b'-- Up-to-date symlink: /root/ws_sensor_combined/install/px4_msgs/share/px4_msgs/cmake/ament_cmake_export_dependencies-extras.cmake\n'}
[0.951294] (px4_msgs) StdoutLine: {'line': b'-- Up-to-date symlink: /root/ws_sensor_combined/install/px4_msgs/share/px4_msgs/cmake/ament_cmake_export_include_directories-extras.cmake\n'}
[0.951452] (px4_msgs) StdoutLine: {'line': b'-- Up-to-date symlink: /root/ws_sensor_combined/install/px4_msgs/share/px4_msgs/cmake/ament_cmake_export_libraries-extras.cmake\n'}
[0.951496] (px4_msgs) StdoutLine: {'line': b'-- Up-to-date symlink: /root/ws_sensor_combined/install/px4_msgs/share/px4_msgs/cmake/ament_cmake_export_targets-extras.cmake\n'}
[0.951522] (px4_msgs) StdoutLine: {'line': b'-- Up-to-date symlink: /root/ws_sensor_combined/install/px4_msgs/share/px4_msgs/cmake/rosidl_cmake_export_typesupport_targets-extras.cmake\n'}
[0.951643] (px4_msgs) StdoutLine: {'line': b'-- Up-to-date symlink: /root/ws_sensor_combined/install/px4_msgs/share/px4_msgs/cmake/rosidl_cmake_export_typesupport_libraries-extras.cmake\n'}
[0.951708] (px4_msgs) StdoutLine: {'line': b'-- Up-to-date symlink: /root/ws_sensor_combined/install/px4_msgs/share/px4_msgs/cmake/px4_msgsConfig.cmake\n'}
[0.951781] (px4_msgs) StdoutLine: {'line': b'-- Up-to-date symlink: /root/ws_sensor_combined/install/px4_msgs/share/px4_msgs/cmake/px4_msgsConfig-version.cmake\n'}
[0.951864] (px4_msgs) StdoutLine: {'line': b'-- Up-to-date symlink: /root/ws_sensor_combined/install/px4_msgs/share/px4_msgs/package.xml\n'}
[0.951946] (px4_msgs) StdoutLine: {'line': b'-- Up-to-date: /root/ws_sensor_combined/install/px4_msgs/lib/libpx4_msgs__rosidl_generator_c.so\n'}
[0.952067] (px4_msgs) StdoutLine: {'line': b'-- Up-to-date: /root/ws_sensor_combined/install/px4_msgs/lib/libpx4_msgs__rosidl_typesupport_fastrtps_c.so\n'}
[0.952261] (px4_msgs) StdoutLine: {'line': b'-- Up-to-date: /root/ws_sensor_combined/install/px4_msgs/lib/libpx4_msgs__rosidl_typesupport_fastrtps_cpp.so\n'}
[0.952326] (px4_msgs) StdoutLine: {'line': b'-- Up-to-date: /root/ws_sensor_combined/install/px4_msgs/lib/libpx4_msgs__rosidl_typesupport_introspection_c.so\n'}
[0.952357] (px4_msgs) StdoutLine: {'line': b'-- Up-to-date: /root/ws_sensor_combined/install/px4_msgs/lib/libpx4_msgs__rosidl_typesupport_c.so\n'}
[0.952384] (px4_msgs) StdoutLine: {'line': b'-- Up-to-date: /root/ws_sensor_combined/install/px4_msgs/lib/libpx4_msgs__rosidl_typesupport_introspection_cpp.so\n'}
[0.952408] (px4_msgs) StdoutLine: {'line': b'-- Up-to-date: /root/ws_sensor_combined/install/px4_msgs/lib/libpx4_msgs__rosidl_typesupport_cpp.so\n'}
[0.979459] (px4_msgs) StdoutLine: {'line': b"Listing '/root/ws_sensor_combined/install/px4_msgs/local/lib/python3.10/dist-packages/px4_msgs'...\n"}
[0.979594] (px4_msgs) StdoutLine: {'line': b"Listing '/root/ws_sensor_combined/install/px4_msgs/local/lib/python3.10/dist-packages/px4_msgs/msg'...\n"}
[0.979626] (px4_msgs) StdoutLine: {'line': b"Listing '/root/ws_sensor_combined/install/px4_msgs/local/lib/python3.10/dist-packages/px4_msgs/srv'...\n"}
[0.983082] (px4_msgs) StdoutLine: {'line': b'-- Up-to-date: /root/ws_sensor_combined/install/px4_msgs/lib/libpx4_msgs__rosidl_generator_py.so\n'}
[0.983267] (px4_msgs) StdoutLine: {'line': b'-- Up-to-date: /root/ws_sensor_combined/install/px4_msgs/share/px4_msgs/cmake/export_px4_msgs__rosidl_generator_cExport.cmake\n'}
[0.983364] (px4_msgs) StdoutLine: {'line': b'-- Up-to-date: /root/ws_sensor_combined/install/px4_msgs/share/px4_msgs/cmake/export_px4_msgs__rosidl_generator_cExport-noconfig.cmake\n'}
[0.983524] (px4_msgs) StdoutLine: {'line': b'-- Up-to-date: /root/ws_sensor_combined/install/px4_msgs/share/px4_msgs/cmake/export_px4_msgs__rosidl_typesupport_fastrtps_cExport.cmake\n'}
[0.983608] (px4_msgs) StdoutLine: {'line': b'-- Up-to-date: /root/ws_sensor_combined/install/px4_msgs/share/px4_msgs/cmake/export_px4_msgs__rosidl_typesupport_fastrtps_cExport-noconfig.cmake\n'}
[0.983693] (px4_msgs) StdoutLine: {'line': b'-- Up-to-date: /root/ws_sensor_combined/install/px4_msgs/share/px4_msgs/cmake/export_px4_msgs__rosidl_generator_cppExport.cmake\n'}
[0.983777] (px4_msgs) StdoutLine: {'line': b'-- Up-to-date: /root/ws_sensor_combined/install/px4_msgs/share/px4_msgs/cmake/export_px4_msgs__rosidl_typesupport_fastrtps_cppExport.cmake\n'}
[0.983888] (px4_msgs) StdoutLine: {'line': b'-- Up-to-date: /root/ws_sensor_combined/install/px4_msgs/share/px4_msgs/cmake/export_px4_msgs__rosidl_typesupport_fastrtps_cppExport-noconfig.cmake\n'}
[0.983920] (px4_msgs) StdoutLine: {'line': b'-- Up-to-date: /root/ws_sensor_combined/install/px4_msgs/share/px4_msgs/cmake/px4_msgs__rosidl_typesupport_introspection_cExport.cmake\n'}
[0.983946] (px4_msgs) StdoutLine: {'line': b'-- Up-to-date: /root/ws_sensor_combined/install/px4_msgs/share/px4_msgs/cmake/px4_msgs__rosidl_typesupport_introspection_cExport-noconfig.cmake\n'}
[0.983970] (px4_msgs) StdoutLine: {'line': b'-- Up-to-date: /root/ws_sensor_combined/install/px4_msgs/share/px4_msgs/cmake/px4_msgs__rosidl_typesupport_cExport.cmake\n'}
[0.983995] (px4_msgs) StdoutLine: {'line': b'-- Up-to-date: /root/ws_sensor_combined/install/px4_msgs/share/px4_msgs/cmake/px4_msgs__rosidl_typesupport_cExport-noconfig.cmake\n'}
[0.984022] (px4_msgs) StdoutLine: {'line': b'-- Up-to-date: /root/ws_sensor_combined/install/px4_msgs/share/px4_msgs/cmake/px4_msgs__rosidl_typesupport_introspection_cppExport.cmake\n'}
[0.984046] (px4_msgs) StdoutLine: {'line': b'-- Up-to-date: /root/ws_sensor_combined/install/px4_msgs/share/px4_msgs/cmake/px4_msgs__rosidl_typesupport_introspection_cppExport-noconfig.cmake\n'}
[0.984069] (px4_msgs) StdoutLine: {'line': b'-- Up-to-date: /root/ws_sensor_combined/install/px4_msgs/share/px4_msgs/cmake/px4_msgs__rosidl_typesupport_cppExport.cmake\n'}
[0.984092] (px4_msgs) StdoutLine: {'line': b'-- Up-to-date: /root/ws_sensor_combined/install/px4_msgs/share/px4_msgs/cmake/px4_msgs__rosidl_typesupport_cppExport-noconfig.cmake\n'}
[0.984115] (px4_msgs) StdoutLine: {'line': b'-- Up-to-date: /root/ws_sensor_combined/install/px4_msgs/share/px4_msgs/cmake/export_px4_msgs__rosidl_generator_pyExport.cmake\n'}
[0.984138] (px4_msgs) StdoutLine: {'line': b'-- Up-to-date: /root/ws_sensor_combined/install/px4_msgs/share/px4_msgs/cmake/export_px4_msgs__rosidl_generator_pyExport-noconfig.cmake\n'}
[0.985677] (px4_msgs) CommandEnded: {'returncode': 0}
[1.001388] (-) TimerEvent: {}
[1.022682] (px4_msgs) JobEnded: {'identifier': 'px4_msgs', 'rc': 0}
[1.023794] (px4_ros2_cpp) JobStarted: {'identifier': 'px4_ros2_cpp'}
[1.025977] (px4_ros_com) JobStarted: {'identifier': 'px4_ros_com'}
[1.062862] (px4_ros2_cpp) JobProgress: {'identifier': 'px4_ros2_cpp', 'progress': 'cmake'}
[1.063283] (px4_ros2_cpp) JobProgress: {'identifier': 'px4_ros2_cpp', 'progress': 'build'}
[1.063953] (px4_ros2_cpp) Command: {'cmd': ['/usr/bin/cmake', '--build', '/root/ws_sensor_combined/build/px4_ros2_cpp', '--', '-j20', '-l20'], 'cwd': '/root/ws_sensor_combined/build/px4_ros2_cpp', 'env': OrderedDict([('LESSOPEN', '| /usr/bin/lesspipe %s'), ('USER', 'root'), ('GIT_ASKPASS', '/root/.vscode-server/bin/360a4e4fd251bfce169a4ddf857c7d25d1ad40da/extensions/git/dist/askpass.sh'), ('SHLVL', '2'), ('LD_LIBRARY_PATH', '/root/ws_sensor_combined/install/px4_msgs/lib:/root/ws_sensor_combined/install/px4_ros_com/lib:/root/ws_sensor_combined/install/px4_ros2_cpp/lib:/opt/ros/humble/opt/rviz_ogre_vendor/lib:/opt/ros/humble/lib/x86_64-linux-gnu:/opt/ros/humble/lib'), ('WT_PROFILE_ID', '{4ff56d04-d9cf-57ea-bae2-ad396374e7e3}'), ('HOME', '/root'), ('TERM_PROGRAM_VERSION', '1.103.1'), ('VSCODE_IPC_HOOK_CLI', '/run/user/0/vscode-ipc-7c4c6447-ae3c-495f-b12e-4b258fca685d.sock'), ('ROS_PYTHON_VERSION', '3'), ('VSCODE_GIT_ASKPASS_MAIN', '/root/.vscode-server/bin/360a4e4fd251bfce169a4ddf857c7d25d1ad40da/extensions/git/dist/askpass-main.js'), ('VSCODE_GIT_ASKPASS_NODE', '/root/.vscode-server/bin/360a4e4fd251bfce169a4ddf857c7d25d1ad40da/node'), ('PYDEVD_DISABLE_FILE_VALIDATION', '1'), ('BUNDLED_DEBUGPY_PATH', '/root/.vscode-server/extensions/ms-python.debugpy-2025.10.0-linux-x64/bundled/libs/debugpy'), ('DBUS_SESSION_BUS_ADDRESS', 'unix:path=/run/user/0/bus'), ('COLORTERM', 'truecolor'), ('WSL_DISTRO_NAME', 'Ubuntu-22.04'), ('DEBUGINFOD_URLS', ''), ('WAYLAND_DISPLAY', 'wayland-0'), ('COLCON_PREFIX_PATH', '/root/ws_sensor_combined/install'), ('ROS_DISTRO', 'humble'), ('LOGNAME', 'root'), ('NAME', 'Code'), ('WSL_INTEROP', '/run/WSL/487_interop'), ('PULSE_SERVER', 'unix:/mnt/wslg/PulseServer'), ('_', '/usr/bin/colcon'), ('ROS_VERSION', '2'), ('TERM', 'xterm-256color'), ('ROS_LOCALHOST_ONLY', '0'), ('PATH', '/root/.vscode-server/bin/360a4e4fd251bfce169a4ddf857c7d25d1ad40da/bin/remote-cli:/opt/ros/humble/bin:/usr/local/sbin:/usr/local/bin:/usr/sbin:/usr/bin:/sbin:/bin:/usr/games:/usr/local/games:/usr/lib/wsl/lib:/mnt/c/Windows/system32:/mnt/c/Windows:/mnt/c/Windows/System32/Wbem:/mnt/c/Windows/System32/WindowsPowerShell/v1.0/:/mnt/c/Windows/System32/OpenSSH/:/mnt/c/Program Files (x86)/NVIDIA Corporation/PhysX/Common:/mnt/c/WINDOWS/system32:/mnt/c/WINDOWS:/mnt/c/WINDOWS/System32/Wbem:/mnt/c/WINDOWS/System32/WindowsPowerShell/v1.0/:/mnt/c/WINDOWS/System32/OpenSSH/:/mnt/c/Program Files/dotnet/:/mnt/c/Program Files/NVIDIA Corporation/NVIDIA App/NvDLISR:/mnt/c/Program Files/Git/cmd:/mnt/c/Users/chris/AppData/Local/Microsoft/WindowsApps:/mnt/c/Users/chris/AppData/Local/Programs/Microsoft VS Code/bin:/snap/bin:/root/.vscode-server/extensions/ms-python.debugpy-2025.10.0-linux-x64/bundled/scripts/noConfigScripts:/root/.vscode-server/data/User/globalStorage/github.copilot-chat/debugCommand'), ('WT_SESSION', '402ded2a-7e1d-4116-8c7a-81d3b47e82bd'), ('XDG_RUNTIME_DIR', '/run/user/0/'), ('DISPLAY', ':0'), ('VSCODE_DEBUGPY_ADAPTER_ENDPOINTS', '/root/.vscode-server/extensions/ms-python.debugpy-2025.10.0-linux-x64/.noConfigDebugAdapterEndpoints/endpoint-d6e2528f5321a076.txt'), ('LANG', 'en_US.UTF-8'), ('LS_COLORS', 'rs=0:di=01;34:ln=01;36:mh=00:pi=40;33:so=01;35:do=01;35:bd=40;33;01:cd=40;33;01:or=40;31;01:mi=00:su=37;41:sg=30;43:ca=30;41:tw=30;42:ow=34;42:st=37;44:ex=01;32:*.tar=01;31:*.tgz=01;31:*.arc=01;31:*.arj=01;31:*.taz=01;31:*.lha=01;31:*.lz4=01;31:*.lzh=01;31:*.lzma=01;31:*.tlz=01;31:*.txz=01;31:*.tzo=01;31:*.t7z=01;31:*.zip=01;31:*.z=01;31:*.dz=01;31:*.gz=01;31:*.lrz=01;31:*.lz=01;31:*.lzo=01;31:*.xz=01;31:*.zst=01;31:*.tzst=01;31:*.bz2=01;31:*.bz=01;31:*.tbz=01;31:*.tbz2=01;31:*.tz=01;31:*.deb=01;31:*.rpm=01;31:*.jar=01;31:*.war=01;31:*.ear=01;31:*.sar=01;31:*.rar=01;31:*.alz=01;31:*.ace=01;31:*.zoo=01;31:*.cpio=01;31:*.7z=01;31:*.rz=01;31:*.cab=01;31:*.wim=01;31:*.swm=01;31:*.dwm=01;31:*.esd=01;31:*.jpg=01;35:*.jpeg=01;35:*.mjpg=01;35:*.mjpeg=01;35:*.gif=01;35:*.bmp=01;35:*.pbm=01;35:*.pgm=01;35:*.ppm=01;35:*.tga=01;35:*.xbm=01;35:*.xpm=01;35:*.tif=01;35:*.tiff=01;35:*.png=01;35:*.svg=01;35:*.svgz=01;35:*.mng=01;35:*.pcx=01;35:*.mov=01;35:*.mpg=01;35:*.mpeg=01;35:*.m2v=01;35:*.mkv=01;35:*.webm=01;35:*.webp=01;35:*.ogm=01;35:*.mp4=01;35:*.m4v=01;35:*.mp4v=01;35:*.vob=01;35:*.qt=01;35:*.nuv=01;35:*.wmv=01;35:*.asf=01;35:*.rm=01;35:*.rmvb=01;35:*.flc=01;35:*.avi=01;35:*.fli=01;35:*.flv=01;35:*.gl=01;35:*.dl=01;35:*.xcf=01;35:*.xwd=01;35:*.yuv=01;35:*.cgm=01;35:*.emf=01;35:*.ogv=01;35:*.ogx=01;35:*.aac=00;36:*.au=00;36:*.flac=00;36:*.m4a=00;36:*.mid=00;36:*.midi=00;36:*.mka=00;36:*.mp3=00;36:*.mpc=00;36:*.ogg=00;36:*.ra=00;36:*.wav=00;36:*.oga=00;36:*.opus=00;36:*.spx=00;36:*.xspf=00;36:'), ('VSCODE_GIT_IPC_HANDLE', '/run/user/0/vscode-git-c1d1440c90.sock'), ('TERM_PROGRAM', 'vscode'), ('AMENT_PREFIX_PATH', '/root/ws_sensor_combined/install/px4_ros_com:/root/ws_sensor_combined/install/example_mode_with_executor_cpp:/root/ws_sensor_combined/install/example_mode_vtol_cpp:/root/ws_sensor_combined/install/example_mode_rtl_replacement_cpp:/root/ws_sensor_combined/install/example_mode_manual_cpp:/root/ws_sensor_combined/install/example_mode_goto_global_cpp:/root/ws_sensor_combined/install/example_mode_goto_cpp:/root/ws_sensor_combined/install/example_mode_fw_attitude_cpp:/root/ws_sensor_combined/install/example_local_navigation_cpp:/root/ws_sensor_combined/install/example_global_navigation_cpp:/root/ws_sensor_combined/install/example_executor_with_multiple_modes_cpp:/root/ws_sensor_combined/install/px4_ros2_cpp:/root/ws_sensor_combined/install/px4_msgs:/opt/ros/humble'), ('SHELL', '/bin/bash'), ('LESSCLOSE', '/usr/bin/lesspipe %s %s'), ('VSCODE_GIT_ASKPASS_EXTRA_ARGS', ''), ('PWD', '/root/ws_sensor_combined/build/px4_ros2_cpp'), ('XDG_DATA_DIRS', '/usr/local/share:/usr/share:/var/lib/snapd/desktop'), ('PYTHONPATH', '/root/ws_sensor_combined/install/px4_ros_com/local/lib/python3.10/dist-packages:/root/ws_sensor_combined/install/px4_msgs/local/lib/python3.10/dist-packages:/opt/ros/humble/lib/python3.10/site-packages:/opt/ros/humble/local/lib/python3.10/dist-packages'), ('COLCON', '1'), ('WSL2_GUI_APPS_ENABLED', '1'), ('HOSTTYPE', 'x86_64'), ('CMAKE_PREFIX_PATH', '/root/ws_sensor_combined/install/px4_msgs:/root/ws_sensor_combined/install/px4_ros_com:/root/ws_sensor_combined/install/example_mode_with_executor_cpp:/root/ws_sensor_combined/install/example_mode_vtol_cpp:/root/ws_sensor_combined/install/example_mode_rtl_replacement_cpp:/root/ws_sensor_combined/install/example_mode_manual_cpp:/root/ws_sensor_combined/install/example_mode_goto_global_cpp:/root/ws_sensor_combined/install/example_mode_goto_cpp:/root/ws_sensor_combined/install/example_mode_fw_attitude_cpp:/root/ws_sensor_combined/install/example_local_navigation_cpp:/root/ws_sensor_combined/install/example_global_navigation_cpp:/root/ws_sensor_combined/install/example_executor_with_multiple_modes_cpp:/root/ws_sensor_combined/install/px4_ros2_cpp:/opt/ros/humble'), ('WSLENV', 'ELECTRON_RUN_AS_NODE/w:WT_SESSION:WT_PROFILE_ID:')]), 'shell': False}
[1.065802] (px4_ros_com) JobProgress: {'identifier': 'px4_ros_com', 'progress': 'cmake'}
[1.066067] (px4_ros_com) JobProgress: {'identifier': 'px4_ros_com', 'progress': 'build'}
[1.066876] (px4_ros_com) Command: {'cmd': ['/usr/bin/cmake', '--build', '/root/ws_sensor_combined/build/px4_ros_com', '--', '-j20', '-l20'], 'cwd': '/root/ws_sensor_combined/build/px4_ros_com', 'env': OrderedDict([('LESSOPEN', '| /usr/bin/lesspipe %s'), ('USER', 'root'), ('GIT_ASKPASS', '/root/.vscode-server/bin/360a4e4fd251bfce169a4ddf857c7d25d1ad40da/extensions/git/dist/askpass.sh'), ('SHLVL', '2'), ('LD_LIBRARY_PATH', '/root/ws_sensor_combined/install/px4_msgs/lib:/root/ws_sensor_combined/install/px4_ros_com/lib:/root/ws_sensor_combined/install/px4_ros2_cpp/lib:/opt/ros/humble/opt/rviz_ogre_vendor/lib:/opt/ros/humble/lib/x86_64-linux-gnu:/opt/ros/humble/lib'), ('WT_PROFILE_ID', '{4ff56d04-d9cf-57ea-bae2-ad396374e7e3}'), ('HOME', '/root'), ('TERM_PROGRAM_VERSION', '1.103.1'), ('VSCODE_IPC_HOOK_CLI', '/run/user/0/vscode-ipc-7c4c6447-ae3c-495f-b12e-4b258fca685d.sock'), ('ROS_PYTHON_VERSION', '3'), ('VSCODE_GIT_ASKPASS_MAIN', '/root/.vscode-server/bin/360a4e4fd251bfce169a4ddf857c7d25d1ad40da/extensions/git/dist/askpass-main.js'), ('VSCODE_GIT_ASKPASS_NODE', '/root/.vscode-server/bin/360a4e4fd251bfce169a4ddf857c7d25d1ad40da/node'), ('PYDEVD_DISABLE_FILE_VALIDATION', '1'), ('BUNDLED_DEBUGPY_PATH', '/root/.vscode-server/extensions/ms-python.debugpy-2025.10.0-linux-x64/bundled/libs/debugpy'), ('DBUS_SESSION_BUS_ADDRESS', 'unix:path=/run/user/0/bus'), ('COLORTERM', 'truecolor'), ('WSL_DISTRO_NAME', 'Ubuntu-22.04'), ('DEBUGINFOD_URLS', ''), ('WAYLAND_DISPLAY', 'wayland-0'), ('COLCON_PREFIX_PATH', '/root/ws_sensor_combined/install'), ('ROS_DISTRO', 'humble'), ('LOGNAME', 'root'), ('NAME', 'Code'), ('WSL_INTEROP', '/run/WSL/487_interop'), ('PULSE_SERVER', 'unix:/mnt/wslg/PulseServer'), ('_', '/usr/bin/colcon'), ('ROS_VERSION', '2'), ('TERM', 'xterm-256color'), ('ROS_LOCALHOST_ONLY', '0'), ('PATH', '/root/.vscode-server/bin/360a4e4fd251bfce169a4ddf857c7d25d1ad40da/bin/remote-cli:/opt/ros/humble/bin:/usr/local/sbin:/usr/local/bin:/usr/sbin:/usr/bin:/sbin:/bin:/usr/games:/usr/local/games:/usr/lib/wsl/lib:/mnt/c/Windows/system32:/mnt/c/Windows:/mnt/c/Windows/System32/Wbem:/mnt/c/Windows/System32/WindowsPowerShell/v1.0/:/mnt/c/Windows/System32/OpenSSH/:/mnt/c/Program Files (x86)/NVIDIA Corporation/PhysX/Common:/mnt/c/WINDOWS/system32:/mnt/c/WINDOWS:/mnt/c/WINDOWS/System32/Wbem:/mnt/c/WINDOWS/System32/WindowsPowerShell/v1.0/:/mnt/c/WINDOWS/System32/OpenSSH/:/mnt/c/Program Files/dotnet/:/mnt/c/Program Files/NVIDIA Corporation/NVIDIA App/NvDLISR:/mnt/c/Program Files/Git/cmd:/mnt/c/Users/chris/AppData/Local/Microsoft/WindowsApps:/mnt/c/Users/chris/AppData/Local/Programs/Microsoft VS Code/bin:/snap/bin:/root/.vscode-server/extensions/ms-python.debugpy-2025.10.0-linux-x64/bundled/scripts/noConfigScripts:/root/.vscode-server/data/User/globalStorage/github.copilot-chat/debugCommand'), ('WT_SESSION', '402ded2a-7e1d-4116-8c7a-81d3b47e82bd'), ('XDG_RUNTIME_DIR', '/run/user/0/'), ('DISPLAY', ':0'), ('VSCODE_DEBUGPY_ADAPTER_ENDPOINTS', '/root/.vscode-server/extensions/ms-python.debugpy-2025.10.0-linux-x64/.noConfigDebugAdapterEndpoints/endpoint-d6e2528f5321a076.txt'), ('LANG', 'en_US.UTF-8'), ('LS_COLORS', 'rs=0:di=01;34:ln=01;36:mh=00:pi=40;33:so=01;35:do=01;35:bd=40;33;01:cd=40;33;01:or=40;31;01:mi=00:su=37;41:sg=30;43:ca=30;41:tw=30;42:ow=34;42:st=37;44:ex=01;32:*.tar=01;31:*.tgz=01;31:*.arc=01;31:*.arj=01;31:*.taz=01;31:*.lha=01;31:*.lz4=01;31:*.lzh=01;31:*.lzma=01;31:*.tlz=01;31:*.txz=01;31:*.tzo=01;31:*.t7z=01;31:*.zip=01;31:*.z=01;31:*.dz=01;31:*.gz=01;31:*.lrz=01;31:*.lz=01;31:*.lzo=01;31:*.xz=01;31:*.zst=01;31:*.tzst=01;31:*.bz2=01;31:*.bz=01;31:*.tbz=01;31:*.tbz2=01;31:*.tz=01;31:*.deb=01;31:*.rpm=01;31:*.jar=01;31:*.war=01;31:*.ear=01;31:*.sar=01;31:*.rar=01;31:*.alz=01;31:*.ace=01;31:*.zoo=01;31:*.cpio=01;31:*.7z=01;31:*.rz=01;31:*.cab=01;31:*.wim=01;31:*.swm=01;31:*.dwm=01;31:*.esd=01;31:*.jpg=01;35:*.jpeg=01;35:*.mjpg=01;35:*.mjpeg=01;35:*.gif=01;35:*.bmp=01;35:*.pbm=01;35:*.pgm=01;35:*.ppm=01;35:*.tga=01;35:*.xbm=01;35:*.xpm=01;35:*.tif=01;35:*.tiff=01;35:*.png=01;35:*.svg=01;35:*.svgz=01;35:*.mng=01;35:*.pcx=01;35:*.mov=01;35:*.mpg=01;35:*.mpeg=01;35:*.m2v=01;35:*.mkv=01;35:*.webm=01;35:*.webp=01;35:*.ogm=01;35:*.mp4=01;35:*.m4v=01;35:*.mp4v=01;35:*.vob=01;35:*.qt=01;35:*.nuv=01;35:*.wmv=01;35:*.asf=01;35:*.rm=01;35:*.rmvb=01;35:*.flc=01;35:*.avi=01;35:*.fli=01;35:*.flv=01;35:*.gl=01;35:*.dl=01;35:*.xcf=01;35:*.xwd=01;35:*.yuv=01;35:*.cgm=01;35:*.emf=01;35:*.ogv=01;35:*.ogx=01;35:*.aac=00;36:*.au=00;36:*.flac=00;36:*.m4a=00;36:*.mid=00;36:*.midi=00;36:*.mka=00;36:*.mp3=00;36:*.mpc=00;36:*.ogg=00;36:*.ra=00;36:*.wav=00;36:*.oga=00;36:*.opus=00;36:*.spx=00;36:*.xspf=00;36:'), ('VSCODE_GIT_IPC_HANDLE', '/run/user/0/vscode-git-c1d1440c90.sock'), ('TERM_PROGRAM', 'vscode'), ('AMENT_PREFIX_PATH', '/root/ws_sensor_combined/install/px4_ros_com:/root/ws_sensor_combined/install/example_mode_with_executor_cpp:/root/ws_sensor_combined/install/example_mode_vtol_cpp:/root/ws_sensor_combined/install/example_mode_rtl_replacement_cpp:/root/ws_sensor_combined/install/example_mode_manual_cpp:/root/ws_sensor_combined/install/example_mode_goto_global_cpp:/root/ws_sensor_combined/install/example_mode_goto_cpp:/root/ws_sensor_combined/install/example_mode_fw_attitude_cpp:/root/ws_sensor_combined/install/example_local_navigation_cpp:/root/ws_sensor_combined/install/example_global_navigation_cpp:/root/ws_sensor_combined/install/example_executor_with_multiple_modes_cpp:/root/ws_sensor_combined/install/px4_ros2_cpp:/root/ws_sensor_combined/install/px4_msgs:/opt/ros/humble'), ('SHELL', '/bin/bash'), ('LESSCLOSE', '/usr/bin/lesspipe %s %s'), ('VSCODE_GIT_ASKPASS_EXTRA_ARGS', ''), ('PWD', '/root/ws_sensor_combined/build/px4_ros_com'), ('XDG_DATA_DIRS', '/usr/local/share:/usr/share:/var/lib/snapd/desktop'), ('PYTHONPATH', '/root/ws_sensor_combined/install/px4_ros_com/local/lib/python3.10/dist-packages:/root/ws_sensor_combined/install/px4_msgs/local/lib/python3.10/dist-packages:/opt/ros/humble/lib/python3.10/site-packages:/opt/ros/humble/local/lib/python3.10/dist-packages'), ('COLCON', '1'), ('WSL2_GUI_APPS_ENABLED', '1'), ('HOSTTYPE', 'x86_64'), ('CMAKE_PREFIX_PATH', '/root/ws_sensor_combined/install/px4_msgs:/root/ws_sensor_combined/install/px4_ros_com:/root/ws_sensor_combined/install/example_mode_with_executor_cpp:/root/ws_sensor_combined/install/example_mode_vtol_cpp:/root/ws_sensor_combined/install/example_mode_rtl_replacement_cpp:/root/ws_sensor_combined/install/example_mode_manual_cpp:/root/ws_sensor_combined/install/example_mode_goto_global_cpp:/root/ws_sensor_combined/install/example_mode_goto_cpp:/root/ws_sensor_combined/install/example_mode_fw_attitude_cpp:/root/ws_sensor_combined/install/example_local_navigation_cpp:/root/ws_sensor_combined/install/example_global_navigation_cpp:/root/ws_sensor_combined/install/example_executor_with_multiple_modes_cpp:/root/ws_sensor_combined/install/px4_ros2_cpp:/opt/ros/humble'), ('WSLENV', 'ELECTRON_RUN_AS_NODE/w:WT_SESSION:WT_PROFILE_ID:')]), 'shell': False}
[1.082948] (px4_ros_com) StdoutLine: {'line': b'-- Found ament_cmake: 1.3.12 (/opt/ros/humble/share/ament_cmake/cmake)\n'}
[1.101464] (px4_ros2_cpp) StdoutLine: {'line': b'[  4%] Built target gtest_main\n'}
[1.101623] (-) TimerEvent: {}
[1.104271] (px4_ros2_cpp) StdoutLine: {'line': b'[  8%] Built target unit_utils\n'}
[1.105911] (px4_ros2_cpp) StdoutLine: {'line': b'[ 12%] Built target integration_utils\n'}
[1.106630] (px4_ros2_cpp) StdoutLine: {'line': b'[ 16%] Built target gtest\n'}
[1.125083] (px4_ros2_cpp) StdoutLine: {'line': b'[ 68%] Built target px4_ros2_cpp\n'}
[1.149946] (px4_ros2_cpp) StdoutLine: {'line': b'[ 82%] Built target integration_tests\n'}
[1.153436] (px4_ros2_cpp) StdoutLine: {'line': b'[100%] Built target px4_ros2_cpp_unit_tests\n'}
[1.162712] (px4_ros2_cpp) CommandEnded: {'returncode': 0}
[1.163924] (px4_ros2_cpp) JobProgress: {'identifier': 'px4_ros2_cpp', 'progress': 'install'}
[1.164058] (px4_ros2_cpp) Command: {'cmd': ['/usr/bin/cmake', '--install', '/root/ws_sensor_combined/build/px4_ros2_cpp'], 'cwd': '/root/ws_sensor_combined/build/px4_ros2_cpp', 'env': OrderedDict([('LESSOPEN', '| /usr/bin/lesspipe %s'), ('USER', 'root'), ('GIT_ASKPASS', '/root/.vscode-server/bin/360a4e4fd251bfce169a4ddf857c7d25d1ad40da/extensions/git/dist/askpass.sh'), ('SHLVL', '2'), ('LD_LIBRARY_PATH', '/root/ws_sensor_combined/install/px4_msgs/lib:/root/ws_sensor_combined/install/px4_ros_com/lib:/root/ws_sensor_combined/install/px4_ros2_cpp/lib:/opt/ros/humble/opt/rviz_ogre_vendor/lib:/opt/ros/humble/lib/x86_64-linux-gnu:/opt/ros/humble/lib'), ('WT_PROFILE_ID', '{4ff56d04-d9cf-57ea-bae2-ad396374e7e3}'), ('HOME', '/root'), ('TERM_PROGRAM_VERSION', '1.103.1'), ('VSCODE_IPC_HOOK_CLI', '/run/user/0/vscode-ipc-7c4c6447-ae3c-495f-b12e-4b258fca685d.sock'), ('ROS_PYTHON_VERSION', '3'), ('VSCODE_GIT_ASKPASS_MAIN', '/root/.vscode-server/bin/360a4e4fd251bfce169a4ddf857c7d25d1ad40da/extensions/git/dist/askpass-main.js'), ('VSCODE_GIT_ASKPASS_NODE', '/root/.vscode-server/bin/360a4e4fd251bfce169a4ddf857c7d25d1ad40da/node'), ('PYDEVD_DISABLE_FILE_VALIDATION', '1'), ('BUNDLED_DEBUGPY_PATH', '/root/.vscode-server/extensions/ms-python.debugpy-2025.10.0-linux-x64/bundled/libs/debugpy'), ('DBUS_SESSION_BUS_ADDRESS', 'unix:path=/run/user/0/bus'), ('COLORTERM', 'truecolor'), ('WSL_DISTRO_NAME', 'Ubuntu-22.04'), ('DEBUGINFOD_URLS', ''), ('WAYLAND_DISPLAY', 'wayland-0'), ('COLCON_PREFIX_PATH', '/root/ws_sensor_combined/install'), ('ROS_DISTRO', 'humble'), ('LOGNAME', 'root'), ('NAME', 'Code'), ('WSL_INTEROP', '/run/WSL/487_interop'), ('PULSE_SERVER', 'unix:/mnt/wslg/PulseServer'), ('_', '/usr/bin/colcon'), ('ROS_VERSION', '2'), ('TERM', 'xterm-256color'), ('ROS_LOCALHOST_ONLY', '0'), ('PATH', '/root/.vscode-server/bin/360a4e4fd251bfce169a4ddf857c7d25d1ad40da/bin/remote-cli:/opt/ros/humble/bin:/usr/local/sbin:/usr/local/bin:/usr/sbin:/usr/bin:/sbin:/bin:/usr/games:/usr/local/games:/usr/lib/wsl/lib:/mnt/c/Windows/system32:/mnt/c/Windows:/mnt/c/Windows/System32/Wbem:/mnt/c/Windows/System32/WindowsPowerShell/v1.0/:/mnt/c/Windows/System32/OpenSSH/:/mnt/c/Program Files (x86)/NVIDIA Corporation/PhysX/Common:/mnt/c/WINDOWS/system32:/mnt/c/WINDOWS:/mnt/c/WINDOWS/System32/Wbem:/mnt/c/WINDOWS/System32/WindowsPowerShell/v1.0/:/mnt/c/WINDOWS/System32/OpenSSH/:/mnt/c/Program Files/dotnet/:/mnt/c/Program Files/NVIDIA Corporation/NVIDIA App/NvDLISR:/mnt/c/Program Files/Git/cmd:/mnt/c/Users/chris/AppData/Local/Microsoft/WindowsApps:/mnt/c/Users/chris/AppData/Local/Programs/Microsoft VS Code/bin:/snap/bin:/root/.vscode-server/extensions/ms-python.debugpy-2025.10.0-linux-x64/bundled/scripts/noConfigScripts:/root/.vscode-server/data/User/globalStorage/github.copilot-chat/debugCommand'), ('WT_SESSION', '402ded2a-7e1d-4116-8c7a-81d3b47e82bd'), ('XDG_RUNTIME_DIR', '/run/user/0/'), ('DISPLAY', ':0'), ('VSCODE_DEBUGPY_ADAPTER_ENDPOINTS', '/root/.vscode-server/extensions/ms-python.debugpy-2025.10.0-linux-x64/.noConfigDebugAdapterEndpoints/endpoint-d6e2528f5321a076.txt'), ('LANG', 'en_US.UTF-8'), ('LS_COLORS', 'rs=0:di=01;34:ln=01;36:mh=00:pi=40;33:so=01;35:do=01;35:bd=40;33;01:cd=40;33;01:or=40;31;01:mi=00:su=37;41:sg=30;43:ca=30;41:tw=30;42:ow=34;42:st=37;44:ex=01;32:*.tar=01;31:*.tgz=01;31:*.arc=01;31:*.arj=01;31:*.taz=01;31:*.lha=01;31:*.lz4=01;31:*.lzh=01;31:*.lzma=01;31:*.tlz=01;31:*.txz=01;31:*.tzo=01;31:*.t7z=01;31:*.zip=01;31:*.z=01;31:*.dz=01;31:*.gz=01;31:*.lrz=01;31:*.lz=01;31:*.lzo=01;31:*.xz=01;31:*.zst=01;31:*.tzst=01;31:*.bz2=01;31:*.bz=01;31:*.tbz=01;31:*.tbz2=01;31:*.tz=01;31:*.deb=01;31:*.rpm=01;31:*.jar=01;31:*.war=01;31:*.ear=01;31:*.sar=01;31:*.rar=01;31:*.alz=01;31:*.ace=01;31:*.zoo=01;31:*.cpio=01;31:*.7z=01;31:*.rz=01;31:*.cab=01;31:*.wim=01;31:*.swm=01;31:*.dwm=01;31:*.esd=01;31:*.jpg=01;35:*.jpeg=01;35:*.mjpg=01;35:*.mjpeg=01;35:*.gif=01;35:*.bmp=01;35:*.pbm=01;35:*.pgm=01;35:*.ppm=01;35:*.tga=01;35:*.xbm=01;35:*.xpm=01;35:*.tif=01;35:*.tiff=01;35:*.png=01;35:*.svg=01;35:*.svgz=01;35:*.mng=01;35:*.pcx=01;35:*.mov=01;35:*.mpg=01;35:*.mpeg=01;35:*.m2v=01;35:*.mkv=01;35:*.webm=01;35:*.webp=01;35:*.ogm=01;35:*.mp4=01;35:*.m4v=01;35:*.mp4v=01;35:*.vob=01;35:*.qt=01;35:*.nuv=01;35:*.wmv=01;35:*.asf=01;35:*.rm=01;35:*.rmvb=01;35:*.flc=01;35:*.avi=01;35:*.fli=01;35:*.flv=01;35:*.gl=01;35:*.dl=01;35:*.xcf=01;35:*.xwd=01;35:*.yuv=01;35:*.cgm=01;35:*.emf=01;35:*.ogv=01;35:*.ogx=01;35:*.aac=00;36:*.au=00;36:*.flac=00;36:*.m4a=00;36:*.mid=00;36:*.midi=00;36:*.mka=00;36:*.mp3=00;36:*.mpc=00;36:*.ogg=00;36:*.ra=00;36:*.wav=00;36:*.oga=00;36:*.opus=00;36:*.spx=00;36:*.xspf=00;36:'), ('VSCODE_GIT_IPC_HANDLE', '/run/user/0/vscode-git-c1d1440c90.sock'), ('TERM_PROGRAM', 'vscode'), ('AMENT_PREFIX_PATH', '/root/ws_sensor_combined/install/px4_ros_com:/root/ws_sensor_combined/install/example_mode_with_executor_cpp:/root/ws_sensor_combined/install/example_mode_vtol_cpp:/root/ws_sensor_combined/install/example_mode_rtl_replacement_cpp:/root/ws_sensor_combined/install/example_mode_manual_cpp:/root/ws_sensor_combined/install/example_mode_goto_global_cpp:/root/ws_sensor_combined/install/example_mode_goto_cpp:/root/ws_sensor_combined/install/example_mode_fw_attitude_cpp:/root/ws_sensor_combined/install/example_local_navigation_cpp:/root/ws_sensor_combined/install/example_global_navigation_cpp:/root/ws_sensor_combined/install/example_executor_with_multiple_modes_cpp:/root/ws_sensor_combined/install/px4_ros2_cpp:/root/ws_sensor_combined/install/px4_msgs:/opt/ros/humble'), ('SHELL', '/bin/bash'), ('LESSCLOSE', '/usr/bin/lesspipe %s %s'), ('VSCODE_GIT_ASKPASS_EXTRA_ARGS', ''), ('PWD', '/root/ws_sensor_combined/build/px4_ros2_cpp'), ('XDG_DATA_DIRS', '/usr/local/share:/usr/share:/var/lib/snapd/desktop'), ('PYTHONPATH', '/root/ws_sensor_combined/install/px4_ros_com/local/lib/python3.10/dist-packages:/root/ws_sensor_combined/install/px4_msgs/local/lib/python3.10/dist-packages:/opt/ros/humble/lib/python3.10/site-packages:/opt/ros/humble/local/lib/python3.10/dist-packages'), ('COLCON', '1'), ('WSL2_GUI_APPS_ENABLED', '1'), ('HOSTTYPE', 'x86_64'), ('CMAKE_PREFIX_PATH', '/root/ws_sensor_combined/install/px4_msgs:/root/ws_sensor_combined/install/px4_ros_com:/root/ws_sensor_combined/install/example_mode_with_executor_cpp:/root/ws_sensor_combined/install/example_mode_vtol_cpp:/root/ws_sensor_combined/install/example_mode_rtl_replacement_cpp:/root/ws_sensor_combined/install/example_mode_manual_cpp:/root/ws_sensor_combined/install/example_mode_goto_global_cpp:/root/ws_sensor_combined/install/example_mode_goto_cpp:/root/ws_sensor_combined/install/example_mode_fw_attitude_cpp:/root/ws_sensor_combined/install/example_local_navigation_cpp:/root/ws_sensor_combined/install/example_global_navigation_cpp:/root/ws_sensor_combined/install/example_executor_with_multiple_modes_cpp:/root/ws_sensor_combined/install/px4_ros2_cpp:/opt/ros/humble'), ('WSLENV', 'ELECTRON_RUN_AS_NODE/w:WT_SESSION:WT_PROFILE_ID:')]), 'shell': False}
[1.168989] (px4_ros2_cpp) StdoutLine: {'line': b'-- Install configuration: ""\n'}
[1.169404] (px4_ros2_cpp) StdoutLine: {'line': b'-- Up-to-date: /root/ws_sensor_combined/install/px4_ros2_cpp/share/px4_ros2_cpp/environment/library_path.sh\n'}
[1.169494] (px4_ros2_cpp) StdoutLine: {'line': b'-- Up-to-date: /root/ws_sensor_combined/install/px4_ros2_cpp/share/px4_ros2_cpp/environment/library_path.dsv\n'}
[1.169826] (px4_ros2_cpp) StdoutLine: {'line': b'-- Up-to-date: /root/ws_sensor_combined/install/px4_ros2_cpp/include/px4_ros2\n'}
[1.169927] (px4_ros2_cpp) StdoutLine: {'line': b'-- Up-to-date: /root/ws_sensor_combined/install/px4_ros2_cpp/include/px4_ros2/vehicle_state\n'}
[1.170055] (px4_ros2_cpp) StdoutLine: {'line': b'-- Up-to-date: /root/ws_sensor_combined/install/px4_ros2_cpp/include/px4_ros2/vehicle_state/battery.hpp\n'}
[1.170140] (px4_ros2_cpp) StdoutLine: {'line': b'-- Up-to-date: /root/ws_sensor_combined/install/px4_ros2_cpp/include/px4_ros2/vehicle_state/vehicle_status.hpp\n'}
[1.170221] (px4_ros2_cpp) StdoutLine: {'line': b'-- Up-to-date: /root/ws_sensor_combined/install/px4_ros2_cpp/include/px4_ros2/vehicle_state/land_detected.hpp\n'}
[1.170301] (px4_ros2_cpp) StdoutLine: {'line': b'-- Up-to-date: /root/ws_sensor_combined/install/px4_ros2_cpp/include/px4_ros2/vehicle_state/vtol_status.hpp\n'}
[1.170381] (px4_ros2_cpp) StdoutLine: {'line': b'-- Up-to-date: /root/ws_sensor_combined/install/px4_ros2_cpp/include/px4_ros2/vehicle_state/groups.dox\n'}
[1.170461] (px4_ros2_cpp) StdoutLine: {'line': b'-- Up-to-date: /root/ws_sensor_combined/install/px4_ros2_cpp/include/px4_ros2/vehicle_state/home_position.hpp\n'}
[1.170542] (px4_ros2_cpp) StdoutLine: {'line': b'-- Up-to-date: /root/ws_sensor_combined/install/px4_ros2_cpp/include/px4_ros2/utils\n'}
[1.170602] (px4_ros2_cpp) StdoutLine: {'line': b'-- Up-to-date: /root/ws_sensor_combined/install/px4_ros2_cpp/include/px4_ros2/utils/geometry.hpp\n'}
[1.170674] (px4_ros2_cpp) StdoutLine: {'line': b'-- Up-to-date: /root/ws_sensor_combined/install/px4_ros2_cpp/include/px4_ros2/utils/subscription.hpp\n'}
[1.170753] (px4_ros2_cpp) StdoutLine: {'line': b'-- Up-to-date: /root/ws_sensor_combined/install/px4_ros2_cpp/include/px4_ros2/utils/frame_conversion.hpp\n'}
[1.170833] (px4_ros2_cpp) StdoutLine: {'line': b'-- Up-to-date: /root/ws_sensor_combined/install/px4_ros2_cpp/include/px4_ros2/utils/geodesic.hpp\n'}
[1.170913] (px4_ros2_cpp) StdoutLine: {'line': b'-- Up-to-date: /root/ws_sensor_combined/install/px4_ros2_cpp/include/px4_ros2/utils/message_version.hpp\n'}
[1.170984] (px4_ros2_cpp) StdoutLine: {'line': b'-- Up-to-date: /root/ws_sensor_combined/install/px4_ros2_cpp/include/px4_ros2/utils/groups.dox\n'}
[1.171063] (px4_ros2_cpp) StdoutLine: {'line': b'-- Up-to-date: /root/ws_sensor_combined/install/px4_ros2_cpp/include/px4_ros2/control\n'}
[1.171143] (px4_ros2_cpp) StdoutLine: {'line': b'-- Up-to-date: /root/ws_sensor_combined/install/px4_ros2_cpp/include/px4_ros2/control/vtol.hpp\n'}
[1.171224] (px4_ros2_cpp) StdoutLine: {'line': b'-- Up-to-date: /root/ws_sensor_combined/install/px4_ros2_cpp/include/px4_ros2/control/setpoint_types\n'}
[1.171303] (px4_ros2_cpp) StdoutLine: {'line': b'-- Up-to-date: /root/ws_sensor_combined/install/px4_ros2_cpp/include/px4_ros2/control/setpoint_types/fixedwing_lateral_longitudinal.hpp\n'}
[1.171383] (px4_ros2_cpp) StdoutLine: {'line': b'-- Up-to-date: /root/ws_sensor_combined/install/px4_ros2_cpp/include/px4_ros2/control/setpoint_types/goto.hpp\n'}
[1.171466] (px4_ros2_cpp) StdoutLine: {'line': b'-- Up-to-date: /root/ws_sensor_combined/install/px4_ros2_cpp/include/px4_ros2/control/setpoint_types/experimental\n'}
[1.171548] (px4_ros2_cpp) StdoutLine: {'line': b'-- Up-to-date: /root/ws_sensor_combined/install/px4_ros2_cpp/include/px4_ros2/control/setpoint_types/experimental/attitude.hpp\n'}
[1.171596] (px4_ros2_cpp) StdoutLine: {'line': b'-- Up-to-date: /root/ws_sensor_combined/install/px4_ros2_cpp/include/px4_ros2/control/setpoint_types/experimental/rates.hpp\n'}
[1.171675] (px4_ros2_cpp) StdoutLine: {'line': b'-- Up-to-date: /root/ws_sensor_combined/install/px4_ros2_cpp/include/px4_ros2/control/setpoint_types/experimental/trajectory.hpp\n'}
[1.171904] (px4_ros2_cpp) StdoutLine: {'line': b'-- Up-to-date: /root/ws_sensor_combined/install/px4_ros2_cpp/include/px4_ros2/control/setpoint_types/direct_actuators.hpp\n'}
[1.171991] (px4_ros2_cpp) StdoutLine: {'line': b'-- Up-to-date: /root/ws_sensor_combined/install/px4_ros2_cpp/include/px4_ros2/control/setpoint_types/groups.dox\n'}
[1.172073] (px4_ros2_cpp) StdoutLine: {'line': b'-- Up-to-date: /root/ws_sensor_combined/install/px4_ros2_cpp/include/px4_ros2/control/groups.dox\n'}
[1.172153] (px4_ros2_cpp) StdoutLine: {'line': b'-- Up-to-date: /root/ws_sensor_combined/install/px4_ros2_cpp/include/px4_ros2/control/peripheral_actuators.hpp\n'}
[1.172233] (px4_ros2_cpp) StdoutLine: {'line': b'-- Up-to-date: /root/ws_sensor_combined/install/px4_ros2_cpp/include/px4_ros2/navigation\n'}
[1.172318] (px4_ros2_cpp) StdoutLine: {'line': b'-- Up-to-date: /root/ws_sensor_combined/install/px4_ros2_cpp/include/px4_ros2/navigation/experimental\n'}
[1.172398] (px4_ros2_cpp) StdoutLine: {'line': b'-- Up-to-date: /root/ws_sensor_combined/install/px4_ros2_cpp/include/px4_ros2/navigation/experimental/global_position_measurement_interface.hpp\n'}
[1.172478] (px4_ros2_cpp) StdoutLine: {'line': b'-- Up-to-date: /root/ws_sensor_combined/install/px4_ros2_cpp/include/px4_ros2/navigation/experimental/navigation_interface_base.hpp\n'}
[1.172559] (px4_ros2_cpp) StdoutLine: {'line': b'-- Up-to-date: /root/ws_sensor_combined/install/px4_ros2_cpp/include/px4_ros2/navigation/experimental/local_position_measurement_interface.hpp\n'}
[1.172640] (px4_ros2_cpp) StdoutLine: {'line': b'-- Up-to-date: /root/ws_sensor_combined/install/px4_ros2_cpp/include/px4_ros2/navigation/groups.dox\n'}
[1.173097] (px4_ros2_cpp) StdoutLine: {'line': b'-- Up-to-date: /root/ws_sensor_combined/install/px4_ros2_cpp/include/px4_ros2/common\n'}
[1.173189] (px4_ros2_cpp) StdoutLine: {'line': b'-- Up-to-date: /root/ws_sensor_combined/install/px4_ros2_cpp/include/px4_ros2/common/setpoint_base.hpp\n'}
[1.173269] (px4_ros2_cpp) StdoutLine: {'line': b'-- Up-to-date: /root/ws_sensor_combined/install/px4_ros2_cpp/include/px4_ros2/common/requirement_flags.hpp\n'}
[1.173346] (px4_ros2_cpp) StdoutLine: {'line': b'-- Up-to-date: /root/ws_sensor_combined/install/px4_ros2_cpp/include/px4_ros2/common/frame.hpp\n'}
[1.173425] (px4_ros2_cpp) StdoutLine: {'line': b'-- Up-to-date: /root/ws_sensor_combined/install/px4_ros2_cpp/include/px4_ros2/common/context.hpp\n'}
[1.173662] (px4_ros2_cpp) StdoutLine: {'line': b'-- Up-to-date: /root/ws_sensor_combined/install/px4_ros2_cpp/include/px4_ros2/odometry\n'}
[1.174099] (px4_ros2_cpp) StdoutLine: {'line': b'-- Up-to-date: /root/ws_sensor_combined/install/px4_ros2_cpp/include/px4_ros2/odometry/attitude.hpp\n'}
[1.174186] (px4_ros2_cpp) StdoutLine: {'line': b'-- Up-to-date: /root/ws_sensor_combined/install/px4_ros2_cpp/include/px4_ros2/odometry/airspeed.hpp\n'}
[1.174270] (px4_ros2_cpp) StdoutLine: {'line': b'-- Up-to-date: /root/ws_sensor_combined/install/px4_ros2_cpp/include/px4_ros2/odometry/global_position.hpp\n'}
[1.174354] (px4_ros2_cpp) StdoutLine: {'line': b'-- Up-to-date: /root/ws_sensor_combined/install/px4_ros2_cpp/include/px4_ros2/odometry/angular_velocity.hpp\n'}
[1.174439] (px4_ros2_cpp) StdoutLine: {'line': b'-- Up-to-date: /root/ws_sensor_combined/install/px4_ros2_cpp/include/px4_ros2/odometry/local_position.hpp\n'}
[1.174522] (px4_ros2_cpp) StdoutLine: {'line': b'-- Up-to-date: /root/ws_sensor_combined/install/px4_ros2_cpp/include/px4_ros2/odometry/groups.dox\n'}
[1.174604] (px4_ros2_cpp) StdoutLine: {'line': b'-- Up-to-date: /root/ws_sensor_combined/install/px4_ros2_cpp/include/px4_ros2/components\n'}
[1.174686] (px4_ros2_cpp) StdoutLine: {'line': b'-- Up-to-date: /root/ws_sensor_combined/install/px4_ros2_cpp/include/px4_ros2/components/node_with_mode.hpp\n'}
[1.174769] (px4_ros2_cpp) StdoutLine: {'line': b'-- Up-to-date: /root/ws_sensor_combined/install/px4_ros2_cpp/include/px4_ros2/components/mode_executor.hpp\n'}
[1.174826] (px4_ros2_cpp) StdoutLine: {'line': b'-- Up-to-date: /root/ws_sensor_combined/install/px4_ros2_cpp/include/px4_ros2/components/mode.hpp\n'}
[1.174887] (px4_ros2_cpp) StdoutLine: {'line': b'-- Up-to-date: /root/ws_sensor_combined/install/px4_ros2_cpp/include/px4_ros2/components/wait_for_fmu.hpp\n'}
[1.174950] (px4_ros2_cpp) StdoutLine: {'line': b'-- Up-to-date: /root/ws_sensor_combined/install/px4_ros2_cpp/include/px4_ros2/components/health_and_arming_checks.hpp\n'}
[1.175004] (px4_ros2_cpp) StdoutLine: {'line': b'-- Up-to-date: /root/ws_sensor_combined/install/px4_ros2_cpp/include/px4_ros2/components/overrides.hpp\n'}
[1.175524] (px4_ros2_cpp) StdoutLine: {'line': b'-- Up-to-date: /root/ws_sensor_combined/install/px4_ros2_cpp/include/px4_ros2/components/message_compatibility_check.hpp\n'}
[1.175614] (px4_ros2_cpp) StdoutLine: {'line': b'-- Up-to-date: /root/ws_sensor_combined/install/px4_ros2_cpp/include/px4_ros2/components/manual_control_input.hpp\n'}
[1.175696] (px4_ros2_cpp) StdoutLine: {'line': b'-- Up-to-date: /root/ws_sensor_combined/install/px4_ros2_cpp/include/px4_ros2/components/groups.dox\n'}
[1.175778] (px4_ros2_cpp) StdoutLine: {'line': b'-- Up-to-date: /root/ws_sensor_combined/install/px4_ros2_cpp/include/px4_ros2/components/events.hpp\n'}
[1.175818] (px4_ros2_cpp) StdoutLine: {'line': b'-- Up-to-date: /root/ws_sensor_combined/install/px4_ros2_cpp/lib/libpx4_ros2_cpp.so\n'}
[1.176177] (px4_ros2_cpp) StdoutLine: {'line': b'-- Up-to-date: /root/ws_sensor_combined/install/px4_ros2_cpp/share/ament_index/resource_index/package_run_dependencies/px4_ros2_cpp\n'}
[1.176283] (px4_ros2_cpp) StdoutLine: {'line': b'-- Up-to-date: /root/ws_sensor_combined/install/px4_ros2_cpp/share/ament_index/resource_index/parent_prefix_path/px4_ros2_cpp\n'}
[1.176363] (px4_ros2_cpp) StdoutLine: {'line': b'-- Up-to-date: /root/ws_sensor_combined/install/px4_ros2_cpp/share/px4_ros2_cpp/environment/ament_prefix_path.sh\n'}
[1.176444] (px4_ros2_cpp) StdoutLine: {'line': b'-- Up-to-date: /root/ws_sensor_combined/install/px4_ros2_cpp/share/px4_ros2_cpp/environment/ament_prefix_path.dsv\n'}
[1.176523] (px4_ros2_cpp) StdoutLine: {'line': b'-- Up-to-date: /root/ws_sensor_combined/install/px4_ros2_cpp/share/px4_ros2_cpp/environment/path.sh\n'}
[1.176602] (px4_ros2_cpp) StdoutLine: {'line': b'-- Up-to-date: /root/ws_sensor_combined/install/px4_ros2_cpp/share/px4_ros2_cpp/environment/path.dsv\n'}
[1.176681] (px4_ros2_cpp) StdoutLine: {'line': b'-- Up-to-date: /root/ws_sensor_combined/install/px4_ros2_cpp/share/px4_ros2_cpp/local_setup.bash\n'}
[1.176762] (px4_ros2_cpp) StdoutLine: {'line': b'-- Up-to-date: /root/ws_sensor_combined/install/px4_ros2_cpp/share/px4_ros2_cpp/local_setup.sh\n'}
[1.176840] (px4_ros2_cpp) StdoutLine: {'line': b'-- Up-to-date: /root/ws_sensor_combined/install/px4_ros2_cpp/share/px4_ros2_cpp/local_setup.zsh\n'}
[1.176919] (px4_ros2_cpp) StdoutLine: {'line': b'-- Up-to-date: /root/ws_sensor_combined/install/px4_ros2_cpp/share/px4_ros2_cpp/local_setup.dsv\n'}
[1.176998] (px4_ros2_cpp) StdoutLine: {'line': b'-- Installing: /root/ws_sensor_combined/install/px4_ros2_cpp/share/px4_ros2_cpp/package.dsv\n'}
[1.177075] (px4_ros2_cpp) StdoutLine: {'line': b'-- Up-to-date: /root/ws_sensor_combined/install/px4_ros2_cpp/share/ament_index/resource_index/packages/px4_ros2_cpp\n'}
[1.177154] (px4_ros2_cpp) StdoutLine: {'line': b'-- Up-to-date: /root/ws_sensor_combined/install/px4_ros2_cpp/share/px4_ros2_cpp/cmake/px4_ros2_cppExport.cmake\n'}
[1.177304] (px4_ros2_cpp) StdoutLine: {'line': b'-- Up-to-date: /root/ws_sensor_combined/install/px4_ros2_cpp/share/px4_ros2_cpp/cmake/px4_ros2_cppExport-noconfig.cmake\n'}
[1.177484] (px4_ros2_cpp) StdoutLine: {'line': b'-- Up-to-date: /root/ws_sensor_combined/install/px4_ros2_cpp/share/px4_ros2_cpp/cmake/ament_cmake_export_targets-extras.cmake\n'}
[1.177548] (px4_ros2_cpp) StdoutLine: {'line': b'-- Up-to-date: /root/ws_sensor_combined/install/px4_ros2_cpp/share/px4_ros2_cpp/cmake/ament_cmake_export_dependencies-extras.cmake\n'}
[1.177837] (px4_ros2_cpp) StdoutLine: {'line': b'-- Up-to-date: /root/ws_sensor_combined/install/px4_ros2_cpp/share/px4_ros2_cpp/cmake/px4_ros2_cppConfig.cmake\n'}
[1.177921] (px4_ros2_cpp) StdoutLine: {'line': b'-- Up-to-date: /root/ws_sensor_combined/install/px4_ros2_cpp/share/px4_ros2_cpp/cmake/px4_ros2_cppConfig-version.cmake\n'}
[1.178002] (px4_ros2_cpp) StdoutLine: {'line': b'-- Up-to-date: /root/ws_sensor_combined/install/px4_ros2_cpp/share/px4_ros2_cpp/package.xml\n'}
[1.178071] (px4_ros2_cpp) CommandEnded: {'returncode': 0}
[1.178676] (px4_ros_com) StdoutLine: {'line': b'-- Found builtin_interfaces: 1.2.2 (/opt/ros/humble/share/builtin_interfaces/cmake)\n'}
[1.188281] (px4_ros2_cpp) JobEnded: {'identifier': 'px4_ros2_cpp', 'rc': 0}
[1.189174] (example_executor_with_multiple_modes_cpp) JobStarted: {'identifier': 'example_executor_with_multiple_modes_cpp'}
[1.191375] (example_global_navigation_cpp) JobStarted: {'identifier': 'example_global_navigation_cpp'}
[1.194152] (example_local_navigation_cpp) JobStarted: {'identifier': 'example_local_navigation_cpp'}
[1.196655] (example_mode_fw_attitude_cpp) JobStarted: {'identifier': 'example_mode_fw_attitude_cpp'}
[1.199491] (example_mode_goto_cpp) JobStarted: {'identifier': 'example_mode_goto_cpp'}
[1.201761] (-) TimerEvent: {}
[1.202549] (example_mode_goto_global_cpp) JobStarted: {'identifier': 'example_mode_goto_global_cpp'}
[1.205429] (example_mode_manual_cpp) JobStarted: {'identifier': 'example_mode_manual_cpp'}
[1.209186] (example_mode_rtl_replacement_cpp) JobStarted: {'identifier': 'example_mode_rtl_replacement_cpp'}
[1.213406] (example_mode_vtol_cpp) JobStarted: {'identifier': 'example_mode_vtol_cpp'}
[1.216848] (example_mode_with_executor_cpp) JobStarted: {'identifier': 'example_mode_with_executor_cpp'}
[1.270292] (example_executor_with_multiple_modes_cpp) JobProgress: {'identifier': 'example_executor_with_multiple_modes_cpp', 'progress': 'cmake'}
[1.271656] (example_executor_with_multiple_modes_cpp) JobProgress: {'identifier': 'example_executor_with_multiple_modes_cpp', 'progress': 'build'}
[1.271845] (example_executor_with_multiple_modes_cpp) Command: {'cmd': ['/usr/bin/cmake', '--build', '/root/ws_sensor_combined/build/example_executor_with_multiple_modes_cpp', '--', '-j20', '-l20'], 'cwd': '/root/ws_sensor_combined/build/example_executor_with_multiple_modes_cpp', 'env': OrderedDict([('LESSOPEN', '| /usr/bin/lesspipe %s'), ('USER', 'root'), ('GIT_ASKPASS', '/root/.vscode-server/bin/360a4e4fd251bfce169a4ddf857c7d25d1ad40da/extensions/git/dist/askpass.sh'), ('SHLVL', '2'), ('LD_LIBRARY_PATH', '/root/ws_sensor_combined/install/px4_ros2_cpp/lib:/root/ws_sensor_combined/install/px4_msgs/lib:/root/ws_sensor_combined/install/px4_ros_com/lib:/opt/ros/humble/opt/rviz_ogre_vendor/lib:/opt/ros/humble/lib/x86_64-linux-gnu:/opt/ros/humble/lib'), ('WT_PROFILE_ID', '{4ff56d04-d9cf-57ea-bae2-ad396374e7e3}'), ('HOME', '/root'), ('TERM_PROGRAM_VERSION', '1.103.1'), ('VSCODE_IPC_HOOK_CLI', '/run/user/0/vscode-ipc-7c4c6447-ae3c-495f-b12e-4b258fca685d.sock'), ('ROS_PYTHON_VERSION', '3'), ('VSCODE_GIT_ASKPASS_MAIN', '/root/.vscode-server/bin/360a4e4fd251bfce169a4ddf857c7d25d1ad40da/extensions/git/dist/askpass-main.js'), ('VSCODE_GIT_ASKPASS_NODE', '/root/.vscode-server/bin/360a4e4fd251bfce169a4ddf857c7d25d1ad40da/node'), ('PYDEVD_DISABLE_FILE_VALIDATION', '1'), ('BUNDLED_DEBUGPY_PATH', '/root/.vscode-server/extensions/ms-python.debugpy-2025.10.0-linux-x64/bundled/libs/debugpy'), ('DBUS_SESSION_BUS_ADDRESS', 'unix:path=/run/user/0/bus'), ('COLORTERM', 'truecolor'), ('WSL_DISTRO_NAME', 'Ubuntu-22.04'), ('DEBUGINFOD_URLS', ''), ('WAYLAND_DISPLAY', 'wayland-0'), ('COLCON_PREFIX_PATH', '/root/ws_sensor_combined/install'), ('ROS_DISTRO', 'humble'), ('LOGNAME', 'root'), ('NAME', 'Code'), ('WSL_INTEROP', '/run/WSL/487_interop'), ('PULSE_SERVER', 'unix:/mnt/wslg/PulseServer'), ('_', '/usr/bin/colcon'), ('ROS_VERSION', '2'), ('TERM', 'xterm-256color'), ('ROS_LOCALHOST_ONLY', '0'), ('PATH', '/root/.vscode-server/bin/360a4e4fd251bfce169a4ddf857c7d25d1ad40da/bin/remote-cli:/opt/ros/humble/bin:/usr/local/sbin:/usr/local/bin:/usr/sbin:/usr/bin:/sbin:/bin:/usr/games:/usr/local/games:/usr/lib/wsl/lib:/mnt/c/Windows/system32:/mnt/c/Windows:/mnt/c/Windows/System32/Wbem:/mnt/c/Windows/System32/WindowsPowerShell/v1.0/:/mnt/c/Windows/System32/OpenSSH/:/mnt/c/Program Files (x86)/NVIDIA Corporation/PhysX/Common:/mnt/c/WINDOWS/system32:/mnt/c/WINDOWS:/mnt/c/WINDOWS/System32/Wbem:/mnt/c/WINDOWS/System32/WindowsPowerShell/v1.0/:/mnt/c/WINDOWS/System32/OpenSSH/:/mnt/c/Program Files/dotnet/:/mnt/c/Program Files/NVIDIA Corporation/NVIDIA App/NvDLISR:/mnt/c/Program Files/Git/cmd:/mnt/c/Users/chris/AppData/Local/Microsoft/WindowsApps:/mnt/c/Users/chris/AppData/Local/Programs/Microsoft VS Code/bin:/snap/bin:/root/.vscode-server/extensions/ms-python.debugpy-2025.10.0-linux-x64/bundled/scripts/noConfigScripts:/root/.vscode-server/data/User/globalStorage/github.copilot-chat/debugCommand'), ('WT_SESSION', '402ded2a-7e1d-4116-8c7a-81d3b47e82bd'), ('XDG_RUNTIME_DIR', '/run/user/0/'), ('DISPLAY', ':0'), ('VSCODE_DEBUGPY_ADAPTER_ENDPOINTS', '/root/.vscode-server/extensions/ms-python.debugpy-2025.10.0-linux-x64/.noConfigDebugAdapterEndpoints/endpoint-d6e2528f5321a076.txt'), ('LANG', 'en_US.UTF-8'), ('LS_COLORS', 'rs=0:di=01;34:ln=01;36:mh=00:pi=40;33:so=01;35:do=01;35:bd=40;33;01:cd=40;33;01:or=40;31;01:mi=00:su=37;41:sg=30;43:ca=30;41:tw=30;42:ow=34;42:st=37;44:ex=01;32:*.tar=01;31:*.tgz=01;31:*.arc=01;31:*.arj=01;31:*.taz=01;31:*.lha=01;31:*.lz4=01;31:*.lzh=01;31:*.lzma=01;31:*.tlz=01;31:*.txz=01;31:*.tzo=01;31:*.t7z=01;31:*.zip=01;31:*.z=01;31:*.dz=01;31:*.gz=01;31:*.lrz=01;31:*.lz=01;31:*.lzo=01;31:*.xz=01;31:*.zst=01;31:*.tzst=01;31:*.bz2=01;31:*.bz=01;31:*.tbz=01;31:*.tbz2=01;31:*.tz=01;31:*.deb=01;31:*.rpm=01;31:*.jar=01;31:*.war=01;31:*.ear=01;31:*.sar=01;31:*.rar=01;31:*.alz=01;31:*.ace=01;31:*.zoo=01;31:*.cpio=01;31:*.7z=01;31:*.rz=01;31:*.cab=01;31:*.wim=01;31:*.swm=01;31:*.dwm=01;31:*.esd=01;31:*.jpg=01;35:*.jpeg=01;35:*.mjpg=01;35:*.mjpeg=01;35:*.gif=01;35:*.bmp=01;35:*.pbm=01;35:*.pgm=01;35:*.ppm=01;35:*.tga=01;35:*.xbm=01;35:*.xpm=01;35:*.tif=01;35:*.tiff=01;35:*.png=01;35:*.svg=01;35:*.svgz=01;35:*.mng=01;35:*.pcx=01;35:*.mov=01;35:*.mpg=01;35:*.mpeg=01;35:*.m2v=01;35:*.mkv=01;35:*.webm=01;35:*.webp=01;35:*.ogm=01;35:*.mp4=01;35:*.m4v=01;35:*.mp4v=01;35:*.vob=01;35:*.qt=01;35:*.nuv=01;35:*.wmv=01;35:*.asf=01;35:*.rm=01;35:*.rmvb=01;35:*.flc=01;35:*.avi=01;35:*.fli=01;35:*.flv=01;35:*.gl=01;35:*.dl=01;35:*.xcf=01;35:*.xwd=01;35:*.yuv=01;35:*.cgm=01;35:*.emf=01;35:*.ogv=01;35:*.ogx=01;35:*.aac=00;36:*.au=00;36:*.flac=00;36:*.m4a=00;36:*.mid=00;36:*.midi=00;36:*.mka=00;36:*.mp3=00;36:*.mpc=00;36:*.ogg=00;36:*.ra=00;36:*.wav=00;36:*.oga=00;36:*.opus=00;36:*.spx=00;36:*.xspf=00;36:'), ('VSCODE_GIT_IPC_HANDLE', '/run/user/0/vscode-git-c1d1440c90.sock'), ('TERM_PROGRAM', 'vscode'), ('AMENT_PREFIX_PATH', '/root/ws_sensor_combined/install/px4_ros_com:/root/ws_sensor_combined/install/example_mode_with_executor_cpp:/root/ws_sensor_combined/install/example_mode_vtol_cpp:/root/ws_sensor_combined/install/example_mode_rtl_replacement_cpp:/root/ws_sensor_combined/install/example_mode_manual_cpp:/root/ws_sensor_combined/install/example_mode_goto_global_cpp:/root/ws_sensor_combined/install/example_mode_goto_cpp:/root/ws_sensor_combined/install/example_mode_fw_attitude_cpp:/root/ws_sensor_combined/install/example_local_navigation_cpp:/root/ws_sensor_combined/install/example_global_navigation_cpp:/root/ws_sensor_combined/install/example_executor_with_multiple_modes_cpp:/root/ws_sensor_combined/install/px4_ros2_cpp:/root/ws_sensor_combined/install/px4_msgs:/opt/ros/humble'), ('SHELL', '/bin/bash'), ('LESSCLOSE', '/usr/bin/lesspipe %s %s'), ('VSCODE_GIT_ASKPASS_EXTRA_ARGS', ''), ('PWD', '/root/ws_sensor_combined/build/example_executor_with_multiple_modes_cpp'), ('XDG_DATA_DIRS', '/usr/local/share:/usr/share:/var/lib/snapd/desktop'), ('PYTHONPATH', '/root/ws_sensor_combined/install/px4_ros_com/local/lib/python3.10/dist-packages:/root/ws_sensor_combined/install/px4_msgs/local/lib/python3.10/dist-packages:/opt/ros/humble/lib/python3.10/site-packages:/opt/ros/humble/local/lib/python3.10/dist-packages'), ('COLCON', '1'), ('WSL2_GUI_APPS_ENABLED', '1'), ('HOSTTYPE', 'x86_64'), ('CMAKE_PREFIX_PATH', '/root/ws_sensor_combined/install/px4_ros2_cpp:/root/ws_sensor_combined/install/px4_msgs:/root/ws_sensor_combined/install/px4_ros_com:/root/ws_sensor_combined/install/example_mode_with_executor_cpp:/root/ws_sensor_combined/install/example_mode_vtol_cpp:/root/ws_sensor_combined/install/example_mode_rtl_replacement_cpp:/root/ws_sensor_combined/install/example_mode_manual_cpp:/root/ws_sensor_combined/install/example_mode_goto_global_cpp:/root/ws_sensor_combined/install/example_mode_goto_cpp:/root/ws_sensor_combined/install/example_mode_fw_attitude_cpp:/root/ws_sensor_combined/install/example_local_navigation_cpp:/root/ws_sensor_combined/install/example_global_navigation_cpp:/root/ws_sensor_combined/install/example_executor_with_multiple_modes_cpp:/opt/ros/humble'), ('WSLENV', 'ELECTRON_RUN_AS_NODE/w:WT_SESSION:WT_PROFILE_ID:')]), 'shell': False}
[1.272828] (example_global_navigation_cpp) JobProgress: {'identifier': 'example_global_navigation_cpp', 'progress': 'cmake'}
[1.273266] (example_global_navigation_cpp) JobProgress: {'identifier': 'example_global_navigation_cpp', 'progress': 'build'}
[1.274070] (example_global_navigation_cpp) Command: {'cmd': ['/usr/bin/cmake', '--build', '/root/ws_sensor_combined/build/example_global_navigation_cpp', '--', '-j20', '-l20'], 'cwd': '/root/ws_sensor_combined/build/example_global_navigation_cpp', 'env': OrderedDict([('LESSOPEN', '| /usr/bin/lesspipe %s'), ('USER', 'root'), ('GIT_ASKPASS', '/root/.vscode-server/bin/360a4e4fd251bfce169a4ddf857c7d25d1ad40da/extensions/git/dist/askpass.sh'), ('SHLVL', '2'), ('LD_LIBRARY_PATH', '/root/ws_sensor_combined/install/px4_ros2_cpp/lib:/root/ws_sensor_combined/install/px4_msgs/lib:/root/ws_sensor_combined/install/px4_ros_com/lib:/opt/ros/humble/opt/rviz_ogre_vendor/lib:/opt/ros/humble/lib/x86_64-linux-gnu:/opt/ros/humble/lib'), ('WT_PROFILE_ID', '{4ff56d04-d9cf-57ea-bae2-ad396374e7e3}'), ('HOME', '/root'), ('TERM_PROGRAM_VERSION', '1.103.1'), ('VSCODE_IPC_HOOK_CLI', '/run/user/0/vscode-ipc-7c4c6447-ae3c-495f-b12e-4b258fca685d.sock'), ('ROS_PYTHON_VERSION', '3'), ('VSCODE_GIT_ASKPASS_MAIN', '/root/.vscode-server/bin/360a4e4fd251bfce169a4ddf857c7d25d1ad40da/extensions/git/dist/askpass-main.js'), ('VSCODE_GIT_ASKPASS_NODE', '/root/.vscode-server/bin/360a4e4fd251bfce169a4ddf857c7d25d1ad40da/node'), ('PYDEVD_DISABLE_FILE_VALIDATION', '1'), ('BUNDLED_DEBUGPY_PATH', '/root/.vscode-server/extensions/ms-python.debugpy-2025.10.0-linux-x64/bundled/libs/debugpy'), ('DBUS_SESSION_BUS_ADDRESS', 'unix:path=/run/user/0/bus'), ('COLORTERM', 'truecolor'), ('WSL_DISTRO_NAME', 'Ubuntu-22.04'), ('DEBUGINFOD_URLS', ''), ('WAYLAND_DISPLAY', 'wayland-0'), ('COLCON_PREFIX_PATH', '/root/ws_sensor_combined/install'), ('ROS_DISTRO', 'humble'), ('LOGNAME', 'root'), ('NAME', 'Code'), ('WSL_INTEROP', '/run/WSL/487_interop'), ('PULSE_SERVER', 'unix:/mnt/wslg/PulseServer'), ('_', '/usr/bin/colcon'), ('ROS_VERSION', '2'), ('TERM', 'xterm-256color'), ('ROS_LOCALHOST_ONLY', '0'), ('PATH', '/root/.vscode-server/bin/360a4e4fd251bfce169a4ddf857c7d25d1ad40da/bin/remote-cli:/opt/ros/humble/bin:/usr/local/sbin:/usr/local/bin:/usr/sbin:/usr/bin:/sbin:/bin:/usr/games:/usr/local/games:/usr/lib/wsl/lib:/mnt/c/Windows/system32:/mnt/c/Windows:/mnt/c/Windows/System32/Wbem:/mnt/c/Windows/System32/WindowsPowerShell/v1.0/:/mnt/c/Windows/System32/OpenSSH/:/mnt/c/Program Files (x86)/NVIDIA Corporation/PhysX/Common:/mnt/c/WINDOWS/system32:/mnt/c/WINDOWS:/mnt/c/WINDOWS/System32/Wbem:/mnt/c/WINDOWS/System32/WindowsPowerShell/v1.0/:/mnt/c/WINDOWS/System32/OpenSSH/:/mnt/c/Program Files/dotnet/:/mnt/c/Program Files/NVIDIA Corporation/NVIDIA App/NvDLISR:/mnt/c/Program Files/Git/cmd:/mnt/c/Users/chris/AppData/Local/Microsoft/WindowsApps:/mnt/c/Users/chris/AppData/Local/Programs/Microsoft VS Code/bin:/snap/bin:/root/.vscode-server/extensions/ms-python.debugpy-2025.10.0-linux-x64/bundled/scripts/noConfigScripts:/root/.vscode-server/data/User/globalStorage/github.copilot-chat/debugCommand'), ('WT_SESSION', '402ded2a-7e1d-4116-8c7a-81d3b47e82bd'), ('XDG_RUNTIME_DIR', '/run/user/0/'), ('DISPLAY', ':0'), ('VSCODE_DEBUGPY_ADAPTER_ENDPOINTS', '/root/.vscode-server/extensions/ms-python.debugpy-2025.10.0-linux-x64/.noConfigDebugAdapterEndpoints/endpoint-d6e2528f5321a076.txt'), ('LANG', 'en_US.UTF-8'), ('LS_COLORS', 'rs=0:di=01;34:ln=01;36:mh=00:pi=40;33:so=01;35:do=01;35:bd=40;33;01:cd=40;33;01:or=40;31;01:mi=00:su=37;41:sg=30;43:ca=30;41:tw=30;42:ow=34;42:st=37;44:ex=01;32:*.tar=01;31:*.tgz=01;31:*.arc=01;31:*.arj=01;31:*.taz=01;31:*.lha=01;31:*.lz4=01;31:*.lzh=01;31:*.lzma=01;31:*.tlz=01;31:*.txz=01;31:*.tzo=01;31:*.t7z=01;31:*.zip=01;31:*.z=01;31:*.dz=01;31:*.gz=01;31:*.lrz=01;31:*.lz=01;31:*.lzo=01;31:*.xz=01;31:*.zst=01;31:*.tzst=01;31:*.bz2=01;31:*.bz=01;31:*.tbz=01;31:*.tbz2=01;31:*.tz=01;31:*.deb=01;31:*.rpm=01;31:*.jar=01;31:*.war=01;31:*.ear=01;31:*.sar=01;31:*.rar=01;31:*.alz=01;31:*.ace=01;31:*.zoo=01;31:*.cpio=01;31:*.7z=01;31:*.rz=01;31:*.cab=01;31:*.wim=01;31:*.swm=01;31:*.dwm=01;31:*.esd=01;31:*.jpg=01;35:*.jpeg=01;35:*.mjpg=01;35:*.mjpeg=01;35:*.gif=01;35:*.bmp=01;35:*.pbm=01;35:*.pgm=01;35:*.ppm=01;35:*.tga=01;35:*.xbm=01;35:*.xpm=01;35:*.tif=01;35:*.tiff=01;35:*.png=01;35:*.svg=01;35:*.svgz=01;35:*.mng=01;35:*.pcx=01;35:*.mov=01;35:*.mpg=01;35:*.mpeg=01;35:*.m2v=01;35:*.mkv=01;35:*.webm=01;35:*.webp=01;35:*.ogm=01;35:*.mp4=01;35:*.m4v=01;35:*.mp4v=01;35:*.vob=01;35:*.qt=01;35:*.nuv=01;35:*.wmv=01;35:*.asf=01;35:*.rm=01;35:*.rmvb=01;35:*.flc=01;35:*.avi=01;35:*.fli=01;35:*.flv=01;35:*.gl=01;35:*.dl=01;35:*.xcf=01;35:*.xwd=01;35:*.yuv=01;35:*.cgm=01;35:*.emf=01;35:*.ogv=01;35:*.ogx=01;35:*.aac=00;36:*.au=00;36:*.flac=00;36:*.m4a=00;36:*.mid=00;36:*.midi=00;36:*.mka=00;36:*.mp3=00;36:*.mpc=00;36:*.ogg=00;36:*.ra=00;36:*.wav=00;36:*.oga=00;36:*.opus=00;36:*.spx=00;36:*.xspf=00;36:'), ('VSCODE_GIT_IPC_HANDLE', '/run/user/0/vscode-git-c1d1440c90.sock'), ('TERM_PROGRAM', 'vscode'), ('AMENT_PREFIX_PATH', '/root/ws_sensor_combined/install/px4_ros_com:/root/ws_sensor_combined/install/example_mode_with_executor_cpp:/root/ws_sensor_combined/install/example_mode_vtol_cpp:/root/ws_sensor_combined/install/example_mode_rtl_replacement_cpp:/root/ws_sensor_combined/install/example_mode_manual_cpp:/root/ws_sensor_combined/install/example_mode_goto_global_cpp:/root/ws_sensor_combined/install/example_mode_goto_cpp:/root/ws_sensor_combined/install/example_mode_fw_attitude_cpp:/root/ws_sensor_combined/install/example_local_navigation_cpp:/root/ws_sensor_combined/install/example_global_navigation_cpp:/root/ws_sensor_combined/install/example_executor_with_multiple_modes_cpp:/root/ws_sensor_combined/install/px4_ros2_cpp:/root/ws_sensor_combined/install/px4_msgs:/opt/ros/humble'), ('SHELL', '/bin/bash'), ('LESSCLOSE', '/usr/bin/lesspipe %s %s'), ('VSCODE_GIT_ASKPASS_EXTRA_ARGS', ''), ('PWD', '/root/ws_sensor_combined/build/example_global_navigation_cpp'), ('XDG_DATA_DIRS', '/usr/local/share:/usr/share:/var/lib/snapd/desktop'), ('PYTHONPATH', '/root/ws_sensor_combined/install/px4_ros_com/local/lib/python3.10/dist-packages:/root/ws_sensor_combined/install/px4_msgs/local/lib/python3.10/dist-packages:/opt/ros/humble/lib/python3.10/site-packages:/opt/ros/humble/local/lib/python3.10/dist-packages'), ('COLCON', '1'), ('WSL2_GUI_APPS_ENABLED', '1'), ('HOSTTYPE', 'x86_64'), ('CMAKE_PREFIX_PATH', '/root/ws_sensor_combined/install/px4_ros2_cpp:/root/ws_sensor_combined/install/px4_msgs:/root/ws_sensor_combined/install/px4_ros_com:/root/ws_sensor_combined/install/example_mode_with_executor_cpp:/root/ws_sensor_combined/install/example_mode_vtol_cpp:/root/ws_sensor_combined/install/example_mode_rtl_replacement_cpp:/root/ws_sensor_combined/install/example_mode_manual_cpp:/root/ws_sensor_combined/install/example_mode_goto_global_cpp:/root/ws_sensor_combined/install/example_mode_goto_cpp:/root/ws_sensor_combined/install/example_mode_fw_attitude_cpp:/root/ws_sensor_combined/install/example_local_navigation_cpp:/root/ws_sensor_combined/install/example_global_navigation_cpp:/root/ws_sensor_combined/install/example_executor_with_multiple_modes_cpp:/opt/ros/humble'), ('WSLENV', 'ELECTRON_RUN_AS_NODE/w:WT_SESSION:WT_PROFILE_ID:')]), 'shell': False}
[1.279592] (example_mode_fw_attitude_cpp) JobProgress: {'identifier': 'example_mode_fw_attitude_cpp', 'progress': 'cmake'}
[1.281131] (example_mode_fw_attitude_cpp) JobProgress: {'identifier': 'example_mode_fw_attitude_cpp', 'progress': 'build'}
[1.281185] (example_mode_fw_attitude_cpp) Command: {'cmd': ['/usr/bin/cmake', '--build', '/root/ws_sensor_combined/build/example_mode_fw_attitude_cpp', '--', '-j20', '-l20'], 'cwd': '/root/ws_sensor_combined/build/example_mode_fw_attitude_cpp', 'env': OrderedDict([('LESSOPEN', '| /usr/bin/lesspipe %s'), ('USER', 'root'), ('GIT_ASKPASS', '/root/.vscode-server/bin/360a4e4fd251bfce169a4ddf857c7d25d1ad40da/extensions/git/dist/askpass.sh'), ('SHLVL', '2'), ('LD_LIBRARY_PATH', '/root/ws_sensor_combined/install/px4_ros2_cpp/lib:/root/ws_sensor_combined/install/px4_msgs/lib:/root/ws_sensor_combined/install/px4_ros_com/lib:/opt/ros/humble/opt/rviz_ogre_vendor/lib:/opt/ros/humble/lib/x86_64-linux-gnu:/opt/ros/humble/lib'), ('WT_PROFILE_ID', '{4ff56d04-d9cf-57ea-bae2-ad396374e7e3}'), ('HOME', '/root'), ('TERM_PROGRAM_VERSION', '1.103.1'), ('VSCODE_IPC_HOOK_CLI', '/run/user/0/vscode-ipc-7c4c6447-ae3c-495f-b12e-4b258fca685d.sock'), ('ROS_PYTHON_VERSION', '3'), ('VSCODE_GIT_ASKPASS_MAIN', '/root/.vscode-server/bin/360a4e4fd251bfce169a4ddf857c7d25d1ad40da/extensions/git/dist/askpass-main.js'), ('VSCODE_GIT_ASKPASS_NODE', '/root/.vscode-server/bin/360a4e4fd251bfce169a4ddf857c7d25d1ad40da/node'), ('PYDEVD_DISABLE_FILE_VALIDATION', '1'), ('BUNDLED_DEBUGPY_PATH', '/root/.vscode-server/extensions/ms-python.debugpy-2025.10.0-linux-x64/bundled/libs/debugpy'), ('DBUS_SESSION_BUS_ADDRESS', 'unix:path=/run/user/0/bus'), ('COLORTERM', 'truecolor'), ('WSL_DISTRO_NAME', 'Ubuntu-22.04'), ('DEBUGINFOD_URLS', ''), ('WAYLAND_DISPLAY', 'wayland-0'), ('COLCON_PREFIX_PATH', '/root/ws_sensor_combined/install'), ('ROS_DISTRO', 'humble'), ('LOGNAME', 'root'), ('NAME', 'Code'), ('WSL_INTEROP', '/run/WSL/487_interop'), ('PULSE_SERVER', 'unix:/mnt/wslg/PulseServer'), ('_', '/usr/bin/colcon'), ('ROS_VERSION', '2'), ('TERM', 'xterm-256color'), ('ROS_LOCALHOST_ONLY', '0'), ('PATH', '/root/.vscode-server/bin/360a4e4fd251bfce169a4ddf857c7d25d1ad40da/bin/remote-cli:/opt/ros/humble/bin:/usr/local/sbin:/usr/local/bin:/usr/sbin:/usr/bin:/sbin:/bin:/usr/games:/usr/local/games:/usr/lib/wsl/lib:/mnt/c/Windows/system32:/mnt/c/Windows:/mnt/c/Windows/System32/Wbem:/mnt/c/Windows/System32/WindowsPowerShell/v1.0/:/mnt/c/Windows/System32/OpenSSH/:/mnt/c/Program Files (x86)/NVIDIA Corporation/PhysX/Common:/mnt/c/WINDOWS/system32:/mnt/c/WINDOWS:/mnt/c/WINDOWS/System32/Wbem:/mnt/c/WINDOWS/System32/WindowsPowerShell/v1.0/:/mnt/c/WINDOWS/System32/OpenSSH/:/mnt/c/Program Files/dotnet/:/mnt/c/Program Files/NVIDIA Corporation/NVIDIA App/NvDLISR:/mnt/c/Program Files/Git/cmd:/mnt/c/Users/chris/AppData/Local/Microsoft/WindowsApps:/mnt/c/Users/chris/AppData/Local/Programs/Microsoft VS Code/bin:/snap/bin:/root/.vscode-server/extensions/ms-python.debugpy-2025.10.0-linux-x64/bundled/scripts/noConfigScripts:/root/.vscode-server/data/User/globalStorage/github.copilot-chat/debugCommand'), ('WT_SESSION', '402ded2a-7e1d-4116-8c7a-81d3b47e82bd'), ('XDG_RUNTIME_DIR', '/run/user/0/'), ('DISPLAY', ':0'), ('VSCODE_DEBUGPY_ADAPTER_ENDPOINTS', '/root/.vscode-server/extensions/ms-python.debugpy-2025.10.0-linux-x64/.noConfigDebugAdapterEndpoints/endpoint-d6e2528f5321a076.txt'), ('LANG', 'en_US.UTF-8'), ('LS_COLORS', 'rs=0:di=01;34:ln=01;36:mh=00:pi=40;33:so=01;35:do=01;35:bd=40;33;01:cd=40;33;01:or=40;31;01:mi=00:su=37;41:sg=30;43:ca=30;41:tw=30;42:ow=34;42:st=37;44:ex=01;32:*.tar=01;31:*.tgz=01;31:*.arc=01;31:*.arj=01;31:*.taz=01;31:*.lha=01;31:*.lz4=01;31:*.lzh=01;31:*.lzma=01;31:*.tlz=01;31:*.txz=01;31:*.tzo=01;31:*.t7z=01;31:*.zip=01;31:*.z=01;31:*.dz=01;31:*.gz=01;31:*.lrz=01;31:*.lz=01;31:*.lzo=01;31:*.xz=01;31:*.zst=01;31:*.tzst=01;31:*.bz2=01;31:*.bz=01;31:*.tbz=01;31:*.tbz2=01;31:*.tz=01;31:*.deb=01;31:*.rpm=01;31:*.jar=01;31:*.war=01;31:*.ear=01;31:*.sar=01;31:*.rar=01;31:*.alz=01;31:*.ace=01;31:*.zoo=01;31:*.cpio=01;31:*.7z=01;31:*.rz=01;31:*.cab=01;31:*.wim=01;31:*.swm=01;31:*.dwm=01;31:*.esd=01;31:*.jpg=01;35:*.jpeg=01;35:*.mjpg=01;35:*.mjpeg=01;35:*.gif=01;35:*.bmp=01;35:*.pbm=01;35:*.pgm=01;35:*.ppm=01;35:*.tga=01;35:*.xbm=01;35:*.xpm=01;35:*.tif=01;35:*.tiff=01;35:*.png=01;35:*.svg=01;35:*.svgz=01;35:*.mng=01;35:*.pcx=01;35:*.mov=01;35:*.mpg=01;35:*.mpeg=01;35:*.m2v=01;35:*.mkv=01;35:*.webm=01;35:*.webp=01;35:*.ogm=01;35:*.mp4=01;35:*.m4v=01;35:*.mp4v=01;35:*.vob=01;35:*.qt=01;35:*.nuv=01;35:*.wmv=01;35:*.asf=01;35:*.rm=01;35:*.rmvb=01;35:*.flc=01;35:*.avi=01;35:*.fli=01;35:*.flv=01;35:*.gl=01;35:*.dl=01;35:*.xcf=01;35:*.xwd=01;35:*.yuv=01;35:*.cgm=01;35:*.emf=01;35:*.ogv=01;35:*.ogx=01;35:*.aac=00;36:*.au=00;36:*.flac=00;36:*.m4a=00;36:*.mid=00;36:*.midi=00;36:*.mka=00;36:*.mp3=00;36:*.mpc=00;36:*.ogg=00;36:*.ra=00;36:*.wav=00;36:*.oga=00;36:*.opus=00;36:*.spx=00;36:*.xspf=00;36:'), ('VSCODE_GIT_IPC_HANDLE', '/run/user/0/vscode-git-c1d1440c90.sock'), ('TERM_PROGRAM', 'vscode'), ('AMENT_PREFIX_PATH', '/root/ws_sensor_combined/install/px4_ros_com:/root/ws_sensor_combined/install/example_mode_with_executor_cpp:/root/ws_sensor_combined/install/example_mode_vtol_cpp:/root/ws_sensor_combined/install/example_mode_rtl_replacement_cpp:/root/ws_sensor_combined/install/example_mode_manual_cpp:/root/ws_sensor_combined/install/example_mode_goto_global_cpp:/root/ws_sensor_combined/install/example_mode_goto_cpp:/root/ws_sensor_combined/install/example_mode_fw_attitude_cpp:/root/ws_sensor_combined/install/example_local_navigation_cpp:/root/ws_sensor_combined/install/example_global_navigation_cpp:/root/ws_sensor_combined/install/example_executor_with_multiple_modes_cpp:/root/ws_sensor_combined/install/px4_ros2_cpp:/root/ws_sensor_combined/install/px4_msgs:/opt/ros/humble'), ('SHELL', '/bin/bash'), ('LESSCLOSE', '/usr/bin/lesspipe %s %s'), ('VSCODE_GIT_ASKPASS_EXTRA_ARGS', ''), ('PWD', '/root/ws_sensor_combined/build/example_mode_fw_attitude_cpp'), ('XDG_DATA_DIRS', '/usr/local/share:/usr/share:/var/lib/snapd/desktop'), ('PYTHONPATH', '/root/ws_sensor_combined/install/px4_ros_com/local/lib/python3.10/dist-packages:/root/ws_sensor_combined/install/px4_msgs/local/lib/python3.10/dist-packages:/opt/ros/humble/lib/python3.10/site-packages:/opt/ros/humble/local/lib/python3.10/dist-packages'), ('COLCON', '1'), ('WSL2_GUI_APPS_ENABLED', '1'), ('HOSTTYPE', 'x86_64'), ('CMAKE_PREFIX_PATH', '/root/ws_sensor_combined/install/px4_ros2_cpp:/root/ws_sensor_combined/install/px4_msgs:/root/ws_sensor_combined/install/px4_ros_com:/root/ws_sensor_combined/install/example_mode_with_executor_cpp:/root/ws_sensor_combined/install/example_mode_vtol_cpp:/root/ws_sensor_combined/install/example_mode_rtl_replacement_cpp:/root/ws_sensor_combined/install/example_mode_manual_cpp:/root/ws_sensor_combined/install/example_mode_goto_global_cpp:/root/ws_sensor_combined/install/example_mode_goto_cpp:/root/ws_sensor_combined/install/example_mode_fw_attitude_cpp:/root/ws_sensor_combined/install/example_local_navigation_cpp:/root/ws_sensor_combined/install/example_global_navigation_cpp:/root/ws_sensor_combined/install/example_executor_with_multiple_modes_cpp:/opt/ros/humble'), ('WSLENV', 'ELECTRON_RUN_AS_NODE/w:WT_SESSION:WT_PROFILE_ID:')]), 'shell': False}
[1.282740] (example_local_navigation_cpp) JobProgress: {'identifier': 'example_local_navigation_cpp', 'progress': 'cmake'}
[1.284079] (example_local_navigation_cpp) JobProgress: {'identifier': 'example_local_navigation_cpp', 'progress': 'build'}
[1.284132] (example_local_navigation_cpp) Command: {'cmd': ['/usr/bin/cmake', '--build', '/root/ws_sensor_combined/build/example_local_navigation_cpp', '--', '-j20', '-l20'], 'cwd': '/root/ws_sensor_combined/build/example_local_navigation_cpp', 'env': OrderedDict([('LESSOPEN', '| /usr/bin/lesspipe %s'), ('USER', 'root'), ('GIT_ASKPASS', '/root/.vscode-server/bin/360a4e4fd251bfce169a4ddf857c7d25d1ad40da/extensions/git/dist/askpass.sh'), ('SHLVL', '2'), ('LD_LIBRARY_PATH', '/root/ws_sensor_combined/install/px4_ros2_cpp/lib:/root/ws_sensor_combined/install/px4_msgs/lib:/root/ws_sensor_combined/install/px4_ros_com/lib:/opt/ros/humble/opt/rviz_ogre_vendor/lib:/opt/ros/humble/lib/x86_64-linux-gnu:/opt/ros/humble/lib'), ('WT_PROFILE_ID', '{4ff56d04-d9cf-57ea-bae2-ad396374e7e3}'), ('HOME', '/root'), ('TERM_PROGRAM_VERSION', '1.103.1'), ('VSCODE_IPC_HOOK_CLI', '/run/user/0/vscode-ipc-7c4c6447-ae3c-495f-b12e-4b258fca685d.sock'), ('ROS_PYTHON_VERSION', '3'), ('VSCODE_GIT_ASKPASS_MAIN', '/root/.vscode-server/bin/360a4e4fd251bfce169a4ddf857c7d25d1ad40da/extensions/git/dist/askpass-main.js'), ('VSCODE_GIT_ASKPASS_NODE', '/root/.vscode-server/bin/360a4e4fd251bfce169a4ddf857c7d25d1ad40da/node'), ('PYDEVD_DISABLE_FILE_VALIDATION', '1'), ('BUNDLED_DEBUGPY_PATH', '/root/.vscode-server/extensions/ms-python.debugpy-2025.10.0-linux-x64/bundled/libs/debugpy'), ('DBUS_SESSION_BUS_ADDRESS', 'unix:path=/run/user/0/bus'), ('COLORTERM', 'truecolor'), ('WSL_DISTRO_NAME', 'Ubuntu-22.04'), ('DEBUGINFOD_URLS', ''), ('WAYLAND_DISPLAY', 'wayland-0'), ('COLCON_PREFIX_PATH', '/root/ws_sensor_combined/install'), ('ROS_DISTRO', 'humble'), ('LOGNAME', 'root'), ('NAME', 'Code'), ('WSL_INTEROP', '/run/WSL/487_interop'), ('PULSE_SERVER', 'unix:/mnt/wslg/PulseServer'), ('_', '/usr/bin/colcon'), ('ROS_VERSION', '2'), ('TERM', 'xterm-256color'), ('ROS_LOCALHOST_ONLY', '0'), ('PATH', '/root/.vscode-server/bin/360a4e4fd251bfce169a4ddf857c7d25d1ad40da/bin/remote-cli:/opt/ros/humble/bin:/usr/local/sbin:/usr/local/bin:/usr/sbin:/usr/bin:/sbin:/bin:/usr/games:/usr/local/games:/usr/lib/wsl/lib:/mnt/c/Windows/system32:/mnt/c/Windows:/mnt/c/Windows/System32/Wbem:/mnt/c/Windows/System32/WindowsPowerShell/v1.0/:/mnt/c/Windows/System32/OpenSSH/:/mnt/c/Program Files (x86)/NVIDIA Corporation/PhysX/Common:/mnt/c/WINDOWS/system32:/mnt/c/WINDOWS:/mnt/c/WINDOWS/System32/Wbem:/mnt/c/WINDOWS/System32/WindowsPowerShell/v1.0/:/mnt/c/WINDOWS/System32/OpenSSH/:/mnt/c/Program Files/dotnet/:/mnt/c/Program Files/NVIDIA Corporation/NVIDIA App/NvDLISR:/mnt/c/Program Files/Git/cmd:/mnt/c/Users/chris/AppData/Local/Microsoft/WindowsApps:/mnt/c/Users/chris/AppData/Local/Programs/Microsoft VS Code/bin:/snap/bin:/root/.vscode-server/extensions/ms-python.debugpy-2025.10.0-linux-x64/bundled/scripts/noConfigScripts:/root/.vscode-server/data/User/globalStorage/github.copilot-chat/debugCommand'), ('WT_SESSION', '402ded2a-7e1d-4116-8c7a-81d3b47e82bd'), ('XDG_RUNTIME_DIR', '/run/user/0/'), ('DISPLAY', ':0'), ('VSCODE_DEBUGPY_ADAPTER_ENDPOINTS', '/root/.vscode-server/extensions/ms-python.debugpy-2025.10.0-linux-x64/.noConfigDebugAdapterEndpoints/endpoint-d6e2528f5321a076.txt'), ('LANG', 'en_US.UTF-8'), ('LS_COLORS', 'rs=0:di=01;34:ln=01;36:mh=00:pi=40;33:so=01;35:do=01;35:bd=40;33;01:cd=40;33;01:or=40;31;01:mi=00:su=37;41:sg=30;43:ca=30;41:tw=30;42:ow=34;42:st=37;44:ex=01;32:*.tar=01;31:*.tgz=01;31:*.arc=01;31:*.arj=01;31:*.taz=01;31:*.lha=01;31:*.lz4=01;31:*.lzh=01;31:*.lzma=01;31:*.tlz=01;31:*.txz=01;31:*.tzo=01;31:*.t7z=01;31:*.zip=01;31:*.z=01;31:*.dz=01;31:*.gz=01;31:*.lrz=01;31:*.lz=01;31:*.lzo=01;31:*.xz=01;31:*.zst=01;31:*.tzst=01;31:*.bz2=01;31:*.bz=01;31:*.tbz=01;31:*.tbz2=01;31:*.tz=01;31:*.deb=01;31:*.rpm=01;31:*.jar=01;31:*.war=01;31:*.ear=01;31:*.sar=01;31:*.rar=01;31:*.alz=01;31:*.ace=01;31:*.zoo=01;31:*.cpio=01;31:*.7z=01;31:*.rz=01;31:*.cab=01;31:*.wim=01;31:*.swm=01;31:*.dwm=01;31:*.esd=01;31:*.jpg=01;35:*.jpeg=01;35:*.mjpg=01;35:*.mjpeg=01;35:*.gif=01;35:*.bmp=01;35:*.pbm=01;35:*.pgm=01;35:*.ppm=01;35:*.tga=01;35:*.xbm=01;35:*.xpm=01;35:*.tif=01;35:*.tiff=01;35:*.png=01;35:*.svg=01;35:*.svgz=01;35:*.mng=01;35:*.pcx=01;35:*.mov=01;35:*.mpg=01;35:*.mpeg=01;35:*.m2v=01;35:*.mkv=01;35:*.webm=01;35:*.webp=01;35:*.ogm=01;35:*.mp4=01;35:*.m4v=01;35:*.mp4v=01;35:*.vob=01;35:*.qt=01;35:*.nuv=01;35:*.wmv=01;35:*.asf=01;35:*.rm=01;35:*.rmvb=01;35:*.flc=01;35:*.avi=01;35:*.fli=01;35:*.flv=01;35:*.gl=01;35:*.dl=01;35:*.xcf=01;35:*.xwd=01;35:*.yuv=01;35:*.cgm=01;35:*.emf=01;35:*.ogv=01;35:*.ogx=01;35:*.aac=00;36:*.au=00;36:*.flac=00;36:*.m4a=00;36:*.mid=00;36:*.midi=00;36:*.mka=00;36:*.mp3=00;36:*.mpc=00;36:*.ogg=00;36:*.ra=00;36:*.wav=00;36:*.oga=00;36:*.opus=00;36:*.spx=00;36:*.xspf=00;36:'), ('VSCODE_GIT_IPC_HANDLE', '/run/user/0/vscode-git-c1d1440c90.sock'), ('TERM_PROGRAM', 'vscode'), ('AMENT_PREFIX_PATH', '/root/ws_sensor_combined/install/px4_ros_com:/root/ws_sensor_combined/install/example_mode_with_executor_cpp:/root/ws_sensor_combined/install/example_mode_vtol_cpp:/root/ws_sensor_combined/install/example_mode_rtl_replacement_cpp:/root/ws_sensor_combined/install/example_mode_manual_cpp:/root/ws_sensor_combined/install/example_mode_goto_global_cpp:/root/ws_sensor_combined/install/example_mode_goto_cpp:/root/ws_sensor_combined/install/example_mode_fw_attitude_cpp:/root/ws_sensor_combined/install/example_local_navigation_cpp:/root/ws_sensor_combined/install/example_global_navigation_cpp:/root/ws_sensor_combined/install/example_executor_with_multiple_modes_cpp:/root/ws_sensor_combined/install/px4_ros2_cpp:/root/ws_sensor_combined/install/px4_msgs:/opt/ros/humble'), ('SHELL', '/bin/bash'), ('LESSCLOSE', '/usr/bin/lesspipe %s %s'), ('VSCODE_GIT_ASKPASS_EXTRA_ARGS', ''), ('PWD', '/root/ws_sensor_combined/build/example_local_navigation_cpp'), ('XDG_DATA_DIRS', '/usr/local/share:/usr/share:/var/lib/snapd/desktop'), ('PYTHONPATH', '/root/ws_sensor_combined/install/px4_ros_com/local/lib/python3.10/dist-packages:/root/ws_sensor_combined/install/px4_msgs/local/lib/python3.10/dist-packages:/opt/ros/humble/lib/python3.10/site-packages:/opt/ros/humble/local/lib/python3.10/dist-packages'), ('COLCON', '1'), ('WSL2_GUI_APPS_ENABLED', '1'), ('HOSTTYPE', 'x86_64'), ('CMAKE_PREFIX_PATH', '/root/ws_sensor_combined/install/px4_ros2_cpp:/root/ws_sensor_combined/install/px4_msgs:/root/ws_sensor_combined/install/px4_ros_com:/root/ws_sensor_combined/install/example_mode_with_executor_cpp:/root/ws_sensor_combined/install/example_mode_vtol_cpp:/root/ws_sensor_combined/install/example_mode_rtl_replacement_cpp:/root/ws_sensor_combined/install/example_mode_manual_cpp:/root/ws_sensor_combined/install/example_mode_goto_global_cpp:/root/ws_sensor_combined/install/example_mode_goto_cpp:/root/ws_sensor_combined/install/example_mode_fw_attitude_cpp:/root/ws_sensor_combined/install/example_local_navigation_cpp:/root/ws_sensor_combined/install/example_global_navigation_cpp:/root/ws_sensor_combined/install/example_executor_with_multiple_modes_cpp:/opt/ros/humble'), ('WSLENV', 'ELECTRON_RUN_AS_NODE/w:WT_SESSION:WT_PROFILE_ID:')]), 'shell': False}
[1.290423] (example_mode_goto_cpp) JobProgress: {'identifier': 'example_mode_goto_cpp', 'progress': 'cmake'}
[1.291334] (example_mode_goto_cpp) JobProgress: {'identifier': 'example_mode_goto_cpp', 'progress': 'build'}
[1.292785] (example_mode_goto_cpp) Command: {'cmd': ['/usr/bin/cmake', '--build', '/root/ws_sensor_combined/build/example_mode_goto_cpp', '--', '-j20', '-l20'], 'cwd': '/root/ws_sensor_combined/build/example_mode_goto_cpp', 'env': OrderedDict([('LESSOPEN', '| /usr/bin/lesspipe %s'), ('USER', 'root'), ('GIT_ASKPASS', '/root/.vscode-server/bin/360a4e4fd251bfce169a4ddf857c7d25d1ad40da/extensions/git/dist/askpass.sh'), ('SHLVL', '2'), ('LD_LIBRARY_PATH', '/root/ws_sensor_combined/install/px4_ros2_cpp/lib:/root/ws_sensor_combined/install/px4_msgs/lib:/root/ws_sensor_combined/install/px4_ros_com/lib:/opt/ros/humble/opt/rviz_ogre_vendor/lib:/opt/ros/humble/lib/x86_64-linux-gnu:/opt/ros/humble/lib'), ('WT_PROFILE_ID', '{4ff56d04-d9cf-57ea-bae2-ad396374e7e3}'), ('HOME', '/root'), ('TERM_PROGRAM_VERSION', '1.103.1'), ('VSCODE_IPC_HOOK_CLI', '/run/user/0/vscode-ipc-7c4c6447-ae3c-495f-b12e-4b258fca685d.sock'), ('ROS_PYTHON_VERSION', '3'), ('VSCODE_GIT_ASKPASS_MAIN', '/root/.vscode-server/bin/360a4e4fd251bfce169a4ddf857c7d25d1ad40da/extensions/git/dist/askpass-main.js'), ('VSCODE_GIT_ASKPASS_NODE', '/root/.vscode-server/bin/360a4e4fd251bfce169a4ddf857c7d25d1ad40da/node'), ('PYDEVD_DISABLE_FILE_VALIDATION', '1'), ('BUNDLED_DEBUGPY_PATH', '/root/.vscode-server/extensions/ms-python.debugpy-2025.10.0-linux-x64/bundled/libs/debugpy'), ('DBUS_SESSION_BUS_ADDRESS', 'unix:path=/run/user/0/bus'), ('COLORTERM', 'truecolor'), ('WSL_DISTRO_NAME', 'Ubuntu-22.04'), ('DEBUGINFOD_URLS', ''), ('WAYLAND_DISPLAY', 'wayland-0'), ('COLCON_PREFIX_PATH', '/root/ws_sensor_combined/install'), ('ROS_DISTRO', 'humble'), ('LOGNAME', 'root'), ('NAME', 'Code'), ('WSL_INTEROP', '/run/WSL/487_interop'), ('PULSE_SERVER', 'unix:/mnt/wslg/PulseServer'), ('_', '/usr/bin/colcon'), ('ROS_VERSION', '2'), ('TERM', 'xterm-256color'), ('ROS_LOCALHOST_ONLY', '0'), ('PATH', '/root/.vscode-server/bin/360a4e4fd251bfce169a4ddf857c7d25d1ad40da/bin/remote-cli:/opt/ros/humble/bin:/usr/local/sbin:/usr/local/bin:/usr/sbin:/usr/bin:/sbin:/bin:/usr/games:/usr/local/games:/usr/lib/wsl/lib:/mnt/c/Windows/system32:/mnt/c/Windows:/mnt/c/Windows/System32/Wbem:/mnt/c/Windows/System32/WindowsPowerShell/v1.0/:/mnt/c/Windows/System32/OpenSSH/:/mnt/c/Program Files (x86)/NVIDIA Corporation/PhysX/Common:/mnt/c/WINDOWS/system32:/mnt/c/WINDOWS:/mnt/c/WINDOWS/System32/Wbem:/mnt/c/WINDOWS/System32/WindowsPowerShell/v1.0/:/mnt/c/WINDOWS/System32/OpenSSH/:/mnt/c/Program Files/dotnet/:/mnt/c/Program Files/NVIDIA Corporation/NVIDIA App/NvDLISR:/mnt/c/Program Files/Git/cmd:/mnt/c/Users/chris/AppData/Local/Microsoft/WindowsApps:/mnt/c/Users/chris/AppData/Local/Programs/Microsoft VS Code/bin:/snap/bin:/root/.vscode-server/extensions/ms-python.debugpy-2025.10.0-linux-x64/bundled/scripts/noConfigScripts:/root/.vscode-server/data/User/globalStorage/github.copilot-chat/debugCommand'), ('WT_SESSION', '402ded2a-7e1d-4116-8c7a-81d3b47e82bd'), ('XDG_RUNTIME_DIR', '/run/user/0/'), ('DISPLAY', ':0'), ('VSCODE_DEBUGPY_ADAPTER_ENDPOINTS', '/root/.vscode-server/extensions/ms-python.debugpy-2025.10.0-linux-x64/.noConfigDebugAdapterEndpoints/endpoint-d6e2528f5321a076.txt'), ('LANG', 'en_US.UTF-8'), ('LS_COLORS', 'rs=0:di=01;34:ln=01;36:mh=00:pi=40;33:so=01;35:do=01;35:bd=40;33;01:cd=40;33;01:or=40;31;01:mi=00:su=37;41:sg=30;43:ca=30;41:tw=30;42:ow=34;42:st=37;44:ex=01;32:*.tar=01;31:*.tgz=01;31:*.arc=01;31:*.arj=01;31:*.taz=01;31:*.lha=01;31:*.lz4=01;31:*.lzh=01;31:*.lzma=01;31:*.tlz=01;31:*.txz=01;31:*.tzo=01;31:*.t7z=01;31:*.zip=01;31:*.z=01;31:*.dz=01;31:*.gz=01;31:*.lrz=01;31:*.lz=01;31:*.lzo=01;31:*.xz=01;31:*.zst=01;31:*.tzst=01;31:*.bz2=01;31:*.bz=01;31:*.tbz=01;31:*.tbz2=01;31:*.tz=01;31:*.deb=01;31:*.rpm=01;31:*.jar=01;31:*.war=01;31:*.ear=01;31:*.sar=01;31:*.rar=01;31:*.alz=01;31:*.ace=01;31:*.zoo=01;31:*.cpio=01;31:*.7z=01;31:*.rz=01;31:*.cab=01;31:*.wim=01;31:*.swm=01;31:*.dwm=01;31:*.esd=01;31:*.jpg=01;35:*.jpeg=01;35:*.mjpg=01;35:*.mjpeg=01;35:*.gif=01;35:*.bmp=01;35:*.pbm=01;35:*.pgm=01;35:*.ppm=01;35:*.tga=01;35:*.xbm=01;35:*.xpm=01;35:*.tif=01;35:*.tiff=01;35:*.png=01;35:*.svg=01;35:*.svgz=01;35:*.mng=01;35:*.pcx=01;35:*.mov=01;35:*.mpg=01;35:*.mpeg=01;35:*.m2v=01;35:*.mkv=01;35:*.webm=01;35:*.webp=01;35:*.ogm=01;35:*.mp4=01;35:*.m4v=01;35:*.mp4v=01;35:*.vob=01;35:*.qt=01;35:*.nuv=01;35:*.wmv=01;35:*.asf=01;35:*.rm=01;35:*.rmvb=01;35:*.flc=01;35:*.avi=01;35:*.fli=01;35:*.flv=01;35:*.gl=01;35:*.dl=01;35:*.xcf=01;35:*.xwd=01;35:*.yuv=01;35:*.cgm=01;35:*.emf=01;35:*.ogv=01;35:*.ogx=01;35:*.aac=00;36:*.au=00;36:*.flac=00;36:*.m4a=00;36:*.mid=00;36:*.midi=00;36:*.mka=00;36:*.mp3=00;36:*.mpc=00;36:*.ogg=00;36:*.ra=00;36:*.wav=00;36:*.oga=00;36:*.opus=00;36:*.spx=00;36:*.xspf=00;36:'), ('VSCODE_GIT_IPC_HANDLE', '/run/user/0/vscode-git-c1d1440c90.sock'), ('TERM_PROGRAM', 'vscode'), ('AMENT_PREFIX_PATH', '/root/ws_sensor_combined/install/px4_ros_com:/root/ws_sensor_combined/install/example_mode_with_executor_cpp:/root/ws_sensor_combined/install/example_mode_vtol_cpp:/root/ws_sensor_combined/install/example_mode_rtl_replacement_cpp:/root/ws_sensor_combined/install/example_mode_manual_cpp:/root/ws_sensor_combined/install/example_mode_goto_global_cpp:/root/ws_sensor_combined/install/example_mode_goto_cpp:/root/ws_sensor_combined/install/example_mode_fw_attitude_cpp:/root/ws_sensor_combined/install/example_local_navigation_cpp:/root/ws_sensor_combined/install/example_global_navigation_cpp:/root/ws_sensor_combined/install/example_executor_with_multiple_modes_cpp:/root/ws_sensor_combined/install/px4_ros2_cpp:/root/ws_sensor_combined/install/px4_msgs:/opt/ros/humble'), ('SHELL', '/bin/bash'), ('LESSCLOSE', '/usr/bin/lesspipe %s %s'), ('VSCODE_GIT_ASKPASS_EXTRA_ARGS', ''), ('PWD', '/root/ws_sensor_combined/build/example_mode_goto_cpp'), ('XDG_DATA_DIRS', '/usr/local/share:/usr/share:/var/lib/snapd/desktop'), ('PYTHONPATH', '/root/ws_sensor_combined/install/px4_ros_com/local/lib/python3.10/dist-packages:/root/ws_sensor_combined/install/px4_msgs/local/lib/python3.10/dist-packages:/opt/ros/humble/lib/python3.10/site-packages:/opt/ros/humble/local/lib/python3.10/dist-packages'), ('COLCON', '1'), ('WSL2_GUI_APPS_ENABLED', '1'), ('HOSTTYPE', 'x86_64'), ('CMAKE_PREFIX_PATH', '/root/ws_sensor_combined/install/px4_ros2_cpp:/root/ws_sensor_combined/install/px4_msgs:/root/ws_sensor_combined/install/px4_ros_com:/root/ws_sensor_combined/install/example_mode_with_executor_cpp:/root/ws_sensor_combined/install/example_mode_vtol_cpp:/root/ws_sensor_combined/install/example_mode_rtl_replacement_cpp:/root/ws_sensor_combined/install/example_mode_manual_cpp:/root/ws_sensor_combined/install/example_mode_goto_global_cpp:/root/ws_sensor_combined/install/example_mode_goto_cpp:/root/ws_sensor_combined/install/example_mode_fw_attitude_cpp:/root/ws_sensor_combined/install/example_local_navigation_cpp:/root/ws_sensor_combined/install/example_global_navigation_cpp:/root/ws_sensor_combined/install/example_executor_with_multiple_modes_cpp:/opt/ros/humble'), ('WSLENV', 'ELECTRON_RUN_AS_NODE/w:WT_SESSION:WT_PROFILE_ID:')]), 'shell': False}
[1.306357] (-) TimerEvent: {}
[1.307327] (example_mode_goto_global_cpp) JobProgress: {'identifier': 'example_mode_goto_global_cpp', 'progress': 'cmake'}
[1.308504] (example_mode_goto_global_cpp) JobProgress: {'identifier': 'example_mode_goto_global_cpp', 'progress': 'build'}
[1.308999] (example_mode_goto_global_cpp) Command: {'cmd': ['/usr/bin/cmake', '--build', '/root/ws_sensor_combined/build/example_mode_goto_global_cpp', '--', '-j20', '-l20'], 'cwd': '/root/ws_sensor_combined/build/example_mode_goto_global_cpp', 'env': OrderedDict([('LESSOPEN', '| /usr/bin/lesspipe %s'), ('USER', 'root'), ('GIT_ASKPASS', '/root/.vscode-server/bin/360a4e4fd251bfce169a4ddf857c7d25d1ad40da/extensions/git/dist/askpass.sh'), ('SHLVL', '2'), ('LD_LIBRARY_PATH', '/root/ws_sensor_combined/install/px4_ros2_cpp/lib:/root/ws_sensor_combined/install/px4_msgs/lib:/root/ws_sensor_combined/install/px4_ros_com/lib:/opt/ros/humble/opt/rviz_ogre_vendor/lib:/opt/ros/humble/lib/x86_64-linux-gnu:/opt/ros/humble/lib'), ('WT_PROFILE_ID', '{4ff56d04-d9cf-57ea-bae2-ad396374e7e3}'), ('HOME', '/root'), ('TERM_PROGRAM_VERSION', '1.103.1'), ('VSCODE_IPC_HOOK_CLI', '/run/user/0/vscode-ipc-7c4c6447-ae3c-495f-b12e-4b258fca685d.sock'), ('ROS_PYTHON_VERSION', '3'), ('VSCODE_GIT_ASKPASS_MAIN', '/root/.vscode-server/bin/360a4e4fd251bfce169a4ddf857c7d25d1ad40da/extensions/git/dist/askpass-main.js'), ('VSCODE_GIT_ASKPASS_NODE', '/root/.vscode-server/bin/360a4e4fd251bfce169a4ddf857c7d25d1ad40da/node'), ('PYDEVD_DISABLE_FILE_VALIDATION', '1'), ('BUNDLED_DEBUGPY_PATH', '/root/.vscode-server/extensions/ms-python.debugpy-2025.10.0-linux-x64/bundled/libs/debugpy'), ('DBUS_SESSION_BUS_ADDRESS', 'unix:path=/run/user/0/bus'), ('COLORTERM', 'truecolor'), ('WSL_DISTRO_NAME', 'Ubuntu-22.04'), ('DEBUGINFOD_URLS', ''), ('WAYLAND_DISPLAY', 'wayland-0'), ('COLCON_PREFIX_PATH', '/root/ws_sensor_combined/install'), ('ROS_DISTRO', 'humble'), ('LOGNAME', 'root'), ('NAME', 'Code'), ('WSL_INTEROP', '/run/WSL/487_interop'), ('PULSE_SERVER', 'unix:/mnt/wslg/PulseServer'), ('_', '/usr/bin/colcon'), ('ROS_VERSION', '2'), ('TERM', 'xterm-256color'), ('ROS_LOCALHOST_ONLY', '0'), ('PATH', '/root/.vscode-server/bin/360a4e4fd251bfce169a4ddf857c7d25d1ad40da/bin/remote-cli:/opt/ros/humble/bin:/usr/local/sbin:/usr/local/bin:/usr/sbin:/usr/bin:/sbin:/bin:/usr/games:/usr/local/games:/usr/lib/wsl/lib:/mnt/c/Windows/system32:/mnt/c/Windows:/mnt/c/Windows/System32/Wbem:/mnt/c/Windows/System32/WindowsPowerShell/v1.0/:/mnt/c/Windows/System32/OpenSSH/:/mnt/c/Program Files (x86)/NVIDIA Corporation/PhysX/Common:/mnt/c/WINDOWS/system32:/mnt/c/WINDOWS:/mnt/c/WINDOWS/System32/Wbem:/mnt/c/WINDOWS/System32/WindowsPowerShell/v1.0/:/mnt/c/WINDOWS/System32/OpenSSH/:/mnt/c/Program Files/dotnet/:/mnt/c/Program Files/NVIDIA Corporation/NVIDIA App/NvDLISR:/mnt/c/Program Files/Git/cmd:/mnt/c/Users/chris/AppData/Local/Microsoft/WindowsApps:/mnt/c/Users/chris/AppData/Local/Programs/Microsoft VS Code/bin:/snap/bin:/root/.vscode-server/extensions/ms-python.debugpy-2025.10.0-linux-x64/bundled/scripts/noConfigScripts:/root/.vscode-server/data/User/globalStorage/github.copilot-chat/debugCommand'), ('WT_SESSION', '402ded2a-7e1d-4116-8c7a-81d3b47e82bd'), ('XDG_RUNTIME_DIR', '/run/user/0/'), ('DISPLAY', ':0'), ('VSCODE_DEBUGPY_ADAPTER_ENDPOINTS', '/root/.vscode-server/extensions/ms-python.debugpy-2025.10.0-linux-x64/.noConfigDebugAdapterEndpoints/endpoint-d6e2528f5321a076.txt'), ('LANG', 'en_US.UTF-8'), ('LS_COLORS', 'rs=0:di=01;34:ln=01;36:mh=00:pi=40;33:so=01;35:do=01;35:bd=40;33;01:cd=40;33;01:or=40;31;01:mi=00:su=37;41:sg=30;43:ca=30;41:tw=30;42:ow=34;42:st=37;44:ex=01;32:*.tar=01;31:*.tgz=01;31:*.arc=01;31:*.arj=01;31:*.taz=01;31:*.lha=01;31:*.lz4=01;31:*.lzh=01;31:*.lzma=01;31:*.tlz=01;31:*.txz=01;31:*.tzo=01;31:*.t7z=01;31:*.zip=01;31:*.z=01;31:*.dz=01;31:*.gz=01;31:*.lrz=01;31:*.lz=01;31:*.lzo=01;31:*.xz=01;31:*.zst=01;31:*.tzst=01;31:*.bz2=01;31:*.bz=01;31:*.tbz=01;31:*.tbz2=01;31:*.tz=01;31:*.deb=01;31:*.rpm=01;31:*.jar=01;31:*.war=01;31:*.ear=01;31:*.sar=01;31:*.rar=01;31:*.alz=01;31:*.ace=01;31:*.zoo=01;31:*.cpio=01;31:*.7z=01;31:*.rz=01;31:*.cab=01;31:*.wim=01;31:*.swm=01;31:*.dwm=01;31:*.esd=01;31:*.jpg=01;35:*.jpeg=01;35:*.mjpg=01;35:*.mjpeg=01;35:*.gif=01;35:*.bmp=01;35:*.pbm=01;35:*.pgm=01;35:*.ppm=01;35:*.tga=01;35:*.xbm=01;35:*.xpm=01;35:*.tif=01;35:*.tiff=01;35:*.png=01;35:*.svg=01;35:*.svgz=01;35:*.mng=01;35:*.pcx=01;35:*.mov=01;35:*.mpg=01;35:*.mpeg=01;35:*.m2v=01;35:*.mkv=01;35:*.webm=01;35:*.webp=01;35:*.ogm=01;35:*.mp4=01;35:*.m4v=01;35:*.mp4v=01;35:*.vob=01;35:*.qt=01;35:*.nuv=01;35:*.wmv=01;35:*.asf=01;35:*.rm=01;35:*.rmvb=01;35:*.flc=01;35:*.avi=01;35:*.fli=01;35:*.flv=01;35:*.gl=01;35:*.dl=01;35:*.xcf=01;35:*.xwd=01;35:*.yuv=01;35:*.cgm=01;35:*.emf=01;35:*.ogv=01;35:*.ogx=01;35:*.aac=00;36:*.au=00;36:*.flac=00;36:*.m4a=00;36:*.mid=00;36:*.midi=00;36:*.mka=00;36:*.mp3=00;36:*.mpc=00;36:*.ogg=00;36:*.ra=00;36:*.wav=00;36:*.oga=00;36:*.opus=00;36:*.spx=00;36:*.xspf=00;36:'), ('VSCODE_GIT_IPC_HANDLE', '/run/user/0/vscode-git-c1d1440c90.sock'), ('TERM_PROGRAM', 'vscode'), ('AMENT_PREFIX_PATH', '/root/ws_sensor_combined/install/px4_ros_com:/root/ws_sensor_combined/install/example_mode_with_executor_cpp:/root/ws_sensor_combined/install/example_mode_vtol_cpp:/root/ws_sensor_combined/install/example_mode_rtl_replacement_cpp:/root/ws_sensor_combined/install/example_mode_manual_cpp:/root/ws_sensor_combined/install/example_mode_goto_global_cpp:/root/ws_sensor_combined/install/example_mode_goto_cpp:/root/ws_sensor_combined/install/example_mode_fw_attitude_cpp:/root/ws_sensor_combined/install/example_local_navigation_cpp:/root/ws_sensor_combined/install/example_global_navigation_cpp:/root/ws_sensor_combined/install/example_executor_with_multiple_modes_cpp:/root/ws_sensor_combined/install/px4_ros2_cpp:/root/ws_sensor_combined/install/px4_msgs:/opt/ros/humble'), ('SHELL', '/bin/bash'), ('LESSCLOSE', '/usr/bin/lesspipe %s %s'), ('VSCODE_GIT_ASKPASS_EXTRA_ARGS', ''), ('PWD', '/root/ws_sensor_combined/build/example_mode_goto_global_cpp'), ('XDG_DATA_DIRS', '/usr/local/share:/usr/share:/var/lib/snapd/desktop'), ('PYTHONPATH', '/root/ws_sensor_combined/install/px4_ros_com/local/lib/python3.10/dist-packages:/root/ws_sensor_combined/install/px4_msgs/local/lib/python3.10/dist-packages:/opt/ros/humble/lib/python3.10/site-packages:/opt/ros/humble/local/lib/python3.10/dist-packages'), ('COLCON', '1'), ('WSL2_GUI_APPS_ENABLED', '1'), ('HOSTTYPE', 'x86_64'), ('CMAKE_PREFIX_PATH', '/root/ws_sensor_combined/install/px4_ros2_cpp:/root/ws_sensor_combined/install/px4_msgs:/root/ws_sensor_combined/install/px4_ros_com:/root/ws_sensor_combined/install/example_mode_with_executor_cpp:/root/ws_sensor_combined/install/example_mode_vtol_cpp:/root/ws_sensor_combined/install/example_mode_rtl_replacement_cpp:/root/ws_sensor_combined/install/example_mode_manual_cpp:/root/ws_sensor_combined/install/example_mode_goto_global_cpp:/root/ws_sensor_combined/install/example_mode_goto_cpp:/root/ws_sensor_combined/install/example_mode_fw_attitude_cpp:/root/ws_sensor_combined/install/example_local_navigation_cpp:/root/ws_sensor_combined/install/example_global_navigation_cpp:/root/ws_sensor_combined/install/example_executor_with_multiple_modes_cpp:/opt/ros/humble'), ('WSLENV', 'ELECTRON_RUN_AS_NODE/w:WT_SESSION:WT_PROFILE_ID:')]), 'shell': False}
[1.312801] (example_mode_manual_cpp) JobProgress: {'identifier': 'example_mode_manual_cpp', 'progress': 'cmake'}
[1.313206] (example_mode_manual_cpp) JobProgress: {'identifier': 'example_mode_manual_cpp', 'progress': 'build'}
[1.314143] (example_mode_manual_cpp) Command: {'cmd': ['/usr/bin/cmake', '--build', '/root/ws_sensor_combined/build/example_mode_manual_cpp', '--', '-j20', '-l20'], 'cwd': '/root/ws_sensor_combined/build/example_mode_manual_cpp', 'env': OrderedDict([('LESSOPEN', '| /usr/bin/lesspipe %s'), ('USER', 'root'), ('GIT_ASKPASS', '/root/.vscode-server/bin/360a4e4fd251bfce169a4ddf857c7d25d1ad40da/extensions/git/dist/askpass.sh'), ('SHLVL', '2'), ('LD_LIBRARY_PATH', '/root/ws_sensor_combined/install/px4_ros2_cpp/lib:/root/ws_sensor_combined/install/px4_msgs/lib:/root/ws_sensor_combined/install/px4_ros_com/lib:/opt/ros/humble/opt/rviz_ogre_vendor/lib:/opt/ros/humble/lib/x86_64-linux-gnu:/opt/ros/humble/lib'), ('WT_PROFILE_ID', '{4ff56d04-d9cf-57ea-bae2-ad396374e7e3}'), ('HOME', '/root'), ('TERM_PROGRAM_VERSION', '1.103.1'), ('VSCODE_IPC_HOOK_CLI', '/run/user/0/vscode-ipc-7c4c6447-ae3c-495f-b12e-4b258fca685d.sock'), ('ROS_PYTHON_VERSION', '3'), ('VSCODE_GIT_ASKPASS_MAIN', '/root/.vscode-server/bin/360a4e4fd251bfce169a4ddf857c7d25d1ad40da/extensions/git/dist/askpass-main.js'), ('VSCODE_GIT_ASKPASS_NODE', '/root/.vscode-server/bin/360a4e4fd251bfce169a4ddf857c7d25d1ad40da/node'), ('PYDEVD_DISABLE_FILE_VALIDATION', '1'), ('BUNDLED_DEBUGPY_PATH', '/root/.vscode-server/extensions/ms-python.debugpy-2025.10.0-linux-x64/bundled/libs/debugpy'), ('DBUS_SESSION_BUS_ADDRESS', 'unix:path=/run/user/0/bus'), ('COLORTERM', 'truecolor'), ('WSL_DISTRO_NAME', 'Ubuntu-22.04'), ('DEBUGINFOD_URLS', ''), ('WAYLAND_DISPLAY', 'wayland-0'), ('COLCON_PREFIX_PATH', '/root/ws_sensor_combined/install'), ('ROS_DISTRO', 'humble'), ('LOGNAME', 'root'), ('NAME', 'Code'), ('WSL_INTEROP', '/run/WSL/487_interop'), ('PULSE_SERVER', 'unix:/mnt/wslg/PulseServer'), ('_', '/usr/bin/colcon'), ('ROS_VERSION', '2'), ('TERM', 'xterm-256color'), ('ROS_LOCALHOST_ONLY', '0'), ('PATH', '/root/.vscode-server/bin/360a4e4fd251bfce169a4ddf857c7d25d1ad40da/bin/remote-cli:/opt/ros/humble/bin:/usr/local/sbin:/usr/local/bin:/usr/sbin:/usr/bin:/sbin:/bin:/usr/games:/usr/local/games:/usr/lib/wsl/lib:/mnt/c/Windows/system32:/mnt/c/Windows:/mnt/c/Windows/System32/Wbem:/mnt/c/Windows/System32/WindowsPowerShell/v1.0/:/mnt/c/Windows/System32/OpenSSH/:/mnt/c/Program Files (x86)/NVIDIA Corporation/PhysX/Common:/mnt/c/WINDOWS/system32:/mnt/c/WINDOWS:/mnt/c/WINDOWS/System32/Wbem:/mnt/c/WINDOWS/System32/WindowsPowerShell/v1.0/:/mnt/c/WINDOWS/System32/OpenSSH/:/mnt/c/Program Files/dotnet/:/mnt/c/Program Files/NVIDIA Corporation/NVIDIA App/NvDLISR:/mnt/c/Program Files/Git/cmd:/mnt/c/Users/chris/AppData/Local/Microsoft/WindowsApps:/mnt/c/Users/chris/AppData/Local/Programs/Microsoft VS Code/bin:/snap/bin:/root/.vscode-server/extensions/ms-python.debugpy-2025.10.0-linux-x64/bundled/scripts/noConfigScripts:/root/.vscode-server/data/User/globalStorage/github.copilot-chat/debugCommand'), ('WT_SESSION', '402ded2a-7e1d-4116-8c7a-81d3b47e82bd'), ('XDG_RUNTIME_DIR', '/run/user/0/'), ('DISPLAY', ':0'), ('VSCODE_DEBUGPY_ADAPTER_ENDPOINTS', '/root/.vscode-server/extensions/ms-python.debugpy-2025.10.0-linux-x64/.noConfigDebugAdapterEndpoints/endpoint-d6e2528f5321a076.txt'), ('LANG', 'en_US.UTF-8'), ('LS_COLORS', 'rs=0:di=01;34:ln=01;36:mh=00:pi=40;33:so=01;35:do=01;35:bd=40;33;01:cd=40;33;01:or=40;31;01:mi=00:su=37;41:sg=30;43:ca=30;41:tw=30;42:ow=34;42:st=37;44:ex=01;32:*.tar=01;31:*.tgz=01;31:*.arc=01;31:*.arj=01;31:*.taz=01;31:*.lha=01;31:*.lz4=01;31:*.lzh=01;31:*.lzma=01;31:*.tlz=01;31:*.txz=01;31:*.tzo=01;31:*.t7z=01;31:*.zip=01;31:*.z=01;31:*.dz=01;31:*.gz=01;31:*.lrz=01;31:*.lz=01;31:*.lzo=01;31:*.xz=01;31:*.zst=01;31:*.tzst=01;31:*.bz2=01;31:*.bz=01;31:*.tbz=01;31:*.tbz2=01;31:*.tz=01;31:*.deb=01;31:*.rpm=01;31:*.jar=01;31:*.war=01;31:*.ear=01;31:*.sar=01;31:*.rar=01;31:*.alz=01;31:*.ace=01;31:*.zoo=01;31:*.cpio=01;31:*.7z=01;31:*.rz=01;31:*.cab=01;31:*.wim=01;31:*.swm=01;31:*.dwm=01;31:*.esd=01;31:*.jpg=01;35:*.jpeg=01;35:*.mjpg=01;35:*.mjpeg=01;35:*.gif=01;35:*.bmp=01;35:*.pbm=01;35:*.pgm=01;35:*.ppm=01;35:*.tga=01;35:*.xbm=01;35:*.xpm=01;35:*.tif=01;35:*.tiff=01;35:*.png=01;35:*.svg=01;35:*.svgz=01;35:*.mng=01;35:*.pcx=01;35:*.mov=01;35:*.mpg=01;35:*.mpeg=01;35:*.m2v=01;35:*.mkv=01;35:*.webm=01;35:*.webp=01;35:*.ogm=01;35:*.mp4=01;35:*.m4v=01;35:*.mp4v=01;35:*.vob=01;35:*.qt=01;35:*.nuv=01;35:*.wmv=01;35:*.asf=01;35:*.rm=01;35:*.rmvb=01;35:*.flc=01;35:*.avi=01;35:*.fli=01;35:*.flv=01;35:*.gl=01;35:*.dl=01;35:*.xcf=01;35:*.xwd=01;35:*.yuv=01;35:*.cgm=01;35:*.emf=01;35:*.ogv=01;35:*.ogx=01;35:*.aac=00;36:*.au=00;36:*.flac=00;36:*.m4a=00;36:*.mid=00;36:*.midi=00;36:*.mka=00;36:*.mp3=00;36:*.mpc=00;36:*.ogg=00;36:*.ra=00;36:*.wav=00;36:*.oga=00;36:*.opus=00;36:*.spx=00;36:*.xspf=00;36:'), ('VSCODE_GIT_IPC_HANDLE', '/run/user/0/vscode-git-c1d1440c90.sock'), ('TERM_PROGRAM', 'vscode'), ('AMENT_PREFIX_PATH', '/root/ws_sensor_combined/install/px4_ros_com:/root/ws_sensor_combined/install/example_mode_with_executor_cpp:/root/ws_sensor_combined/install/example_mode_vtol_cpp:/root/ws_sensor_combined/install/example_mode_rtl_replacement_cpp:/root/ws_sensor_combined/install/example_mode_manual_cpp:/root/ws_sensor_combined/install/example_mode_goto_global_cpp:/root/ws_sensor_combined/install/example_mode_goto_cpp:/root/ws_sensor_combined/install/example_mode_fw_attitude_cpp:/root/ws_sensor_combined/install/example_local_navigation_cpp:/root/ws_sensor_combined/install/example_global_navigation_cpp:/root/ws_sensor_combined/install/example_executor_with_multiple_modes_cpp:/root/ws_sensor_combined/install/px4_ros2_cpp:/root/ws_sensor_combined/install/px4_msgs:/opt/ros/humble'), ('SHELL', '/bin/bash'), ('LESSCLOSE', '/usr/bin/lesspipe %s %s'), ('VSCODE_GIT_ASKPASS_EXTRA_ARGS', ''), ('PWD', '/root/ws_sensor_combined/build/example_mode_manual_cpp'), ('XDG_DATA_DIRS', '/usr/local/share:/usr/share:/var/lib/snapd/desktop'), ('PYTHONPATH', '/root/ws_sensor_combined/install/px4_ros_com/local/lib/python3.10/dist-packages:/root/ws_sensor_combined/install/px4_msgs/local/lib/python3.10/dist-packages:/opt/ros/humble/lib/python3.10/site-packages:/opt/ros/humble/local/lib/python3.10/dist-packages'), ('COLCON', '1'), ('WSL2_GUI_APPS_ENABLED', '1'), ('HOSTTYPE', 'x86_64'), ('CMAKE_PREFIX_PATH', '/root/ws_sensor_combined/install/px4_ros2_cpp:/root/ws_sensor_combined/install/px4_msgs:/root/ws_sensor_combined/install/px4_ros_com:/root/ws_sensor_combined/install/example_mode_with_executor_cpp:/root/ws_sensor_combined/install/example_mode_vtol_cpp:/root/ws_sensor_combined/install/example_mode_rtl_replacement_cpp:/root/ws_sensor_combined/install/example_mode_manual_cpp:/root/ws_sensor_combined/install/example_mode_goto_global_cpp:/root/ws_sensor_combined/install/example_mode_goto_cpp:/root/ws_sensor_combined/install/example_mode_fw_attitude_cpp:/root/ws_sensor_combined/install/example_local_navigation_cpp:/root/ws_sensor_combined/install/example_global_navigation_cpp:/root/ws_sensor_combined/install/example_executor_with_multiple_modes_cpp:/opt/ros/humble'), ('WSLENV', 'ELECTRON_RUN_AS_NODE/w:WT_SESSION:WT_PROFILE_ID:')]), 'shell': False}
[1.317032] (example_mode_vtol_cpp) JobProgress: {'identifier': 'example_mode_vtol_cpp', 'progress': 'cmake'}
[1.317198] (px4_ros_com) StdoutLine: {'line': b'-- Found rosidl_generator_c: 3.1.7 (/opt/ros/humble/share/rosidl_generator_c/cmake)\n'}
[1.319529] (example_executor_with_multiple_modes_cpp) StdoutLine: {'line': b'[100%] Built target example_executor_with_multiple_modes\n'}
[1.319958] (example_mode_vtol_cpp) JobProgress: {'identifier': 'example_mode_vtol_cpp', 'progress': 'build'}
[1.320034] (example_mode_vtol_cpp) Command: {'cmd': ['/usr/bin/cmake', '--build', '/root/ws_sensor_combined/build/example_mode_vtol_cpp', '--', '-j20', '-l20'], 'cwd': '/root/ws_sensor_combined/build/example_mode_vtol_cpp', 'env': OrderedDict([('LESSOPEN', '| /usr/bin/lesspipe %s'), ('USER', 'root'), ('GIT_ASKPASS', '/root/.vscode-server/bin/360a4e4fd251bfce169a4ddf857c7d25d1ad40da/extensions/git/dist/askpass.sh'), ('SHLVL', '2'), ('LD_LIBRARY_PATH', '/root/ws_sensor_combined/install/px4_ros2_cpp/lib:/root/ws_sensor_combined/install/px4_msgs/lib:/root/ws_sensor_combined/install/px4_ros_com/lib:/opt/ros/humble/opt/rviz_ogre_vendor/lib:/opt/ros/humble/lib/x86_64-linux-gnu:/opt/ros/humble/lib'), ('WT_PROFILE_ID', '{4ff56d04-d9cf-57ea-bae2-ad396374e7e3}'), ('HOME', '/root'), ('TERM_PROGRAM_VERSION', '1.103.1'), ('VSCODE_IPC_HOOK_CLI', '/run/user/0/vscode-ipc-7c4c6447-ae3c-495f-b12e-4b258fca685d.sock'), ('ROS_PYTHON_VERSION', '3'), ('VSCODE_GIT_ASKPASS_MAIN', '/root/.vscode-server/bin/360a4e4fd251bfce169a4ddf857c7d25d1ad40da/extensions/git/dist/askpass-main.js'), ('VSCODE_GIT_ASKPASS_NODE', '/root/.vscode-server/bin/360a4e4fd251bfce169a4ddf857c7d25d1ad40da/node'), ('PYDEVD_DISABLE_FILE_VALIDATION', '1'), ('BUNDLED_DEBUGPY_PATH', '/root/.vscode-server/extensions/ms-python.debugpy-2025.10.0-linux-x64/bundled/libs/debugpy'), ('DBUS_SESSION_BUS_ADDRESS', 'unix:path=/run/user/0/bus'), ('COLORTERM', 'truecolor'), ('WSL_DISTRO_NAME', 'Ubuntu-22.04'), ('DEBUGINFOD_URLS', ''), ('WAYLAND_DISPLAY', 'wayland-0'), ('COLCON_PREFIX_PATH', '/root/ws_sensor_combined/install'), ('ROS_DISTRO', 'humble'), ('LOGNAME', 'root'), ('NAME', 'Code'), ('WSL_INTEROP', '/run/WSL/487_interop'), ('PULSE_SERVER', 'unix:/mnt/wslg/PulseServer'), ('_', '/usr/bin/colcon'), ('ROS_VERSION', '2'), ('TERM', 'xterm-256color'), ('ROS_LOCALHOST_ONLY', '0'), ('PATH', '/root/.vscode-server/bin/360a4e4fd251bfce169a4ddf857c7d25d1ad40da/bin/remote-cli:/opt/ros/humble/bin:/usr/local/sbin:/usr/local/bin:/usr/sbin:/usr/bin:/sbin:/bin:/usr/games:/usr/local/games:/usr/lib/wsl/lib:/mnt/c/Windows/system32:/mnt/c/Windows:/mnt/c/Windows/System32/Wbem:/mnt/c/Windows/System32/WindowsPowerShell/v1.0/:/mnt/c/Windows/System32/OpenSSH/:/mnt/c/Program Files (x86)/NVIDIA Corporation/PhysX/Common:/mnt/c/WINDOWS/system32:/mnt/c/WINDOWS:/mnt/c/WINDOWS/System32/Wbem:/mnt/c/WINDOWS/System32/WindowsPowerShell/v1.0/:/mnt/c/WINDOWS/System32/OpenSSH/:/mnt/c/Program Files/dotnet/:/mnt/c/Program Files/NVIDIA Corporation/NVIDIA App/NvDLISR:/mnt/c/Program Files/Git/cmd:/mnt/c/Users/chris/AppData/Local/Microsoft/WindowsApps:/mnt/c/Users/chris/AppData/Local/Programs/Microsoft VS Code/bin:/snap/bin:/root/.vscode-server/extensions/ms-python.debugpy-2025.10.0-linux-x64/bundled/scripts/noConfigScripts:/root/.vscode-server/data/User/globalStorage/github.copilot-chat/debugCommand'), ('WT_SESSION', '402ded2a-7e1d-4116-8c7a-81d3b47e82bd'), ('XDG_RUNTIME_DIR', '/run/user/0/'), ('DISPLAY', ':0'), ('VSCODE_DEBUGPY_ADAPTER_ENDPOINTS', '/root/.vscode-server/extensions/ms-python.debugpy-2025.10.0-linux-x64/.noConfigDebugAdapterEndpoints/endpoint-d6e2528f5321a076.txt'), ('LANG', 'en_US.UTF-8'), ('LS_COLORS', 'rs=0:di=01;34:ln=01;36:mh=00:pi=40;33:so=01;35:do=01;35:bd=40;33;01:cd=40;33;01:or=40;31;01:mi=00:su=37;41:sg=30;43:ca=30;41:tw=30;42:ow=34;42:st=37;44:ex=01;32:*.tar=01;31:*.tgz=01;31:*.arc=01;31:*.arj=01;31:*.taz=01;31:*.lha=01;31:*.lz4=01;31:*.lzh=01;31:*.lzma=01;31:*.tlz=01;31:*.txz=01;31:*.tzo=01;31:*.t7z=01;31:*.zip=01;31:*.z=01;31:*.dz=01;31:*.gz=01;31:*.lrz=01;31:*.lz=01;31:*.lzo=01;31:*.xz=01;31:*.zst=01;31:*.tzst=01;31:*.bz2=01;31:*.bz=01;31:*.tbz=01;31:*.tbz2=01;31:*.tz=01;31:*.deb=01;31:*.rpm=01;31:*.jar=01;31:*.war=01;31:*.ear=01;31:*.sar=01;31:*.rar=01;31:*.alz=01;31:*.ace=01;31:*.zoo=01;31:*.cpio=01;31:*.7z=01;31:*.rz=01;31:*.cab=01;31:*.wim=01;31:*.swm=01;31:*.dwm=01;31:*.esd=01;31:*.jpg=01;35:*.jpeg=01;35:*.mjpg=01;35:*.mjpeg=01;35:*.gif=01;35:*.bmp=01;35:*.pbm=01;35:*.pgm=01;35:*.ppm=01;35:*.tga=01;35:*.xbm=01;35:*.xpm=01;35:*.tif=01;35:*.tiff=01;35:*.png=01;35:*.svg=01;35:*.svgz=01;35:*.mng=01;35:*.pcx=01;35:*.mov=01;35:*.mpg=01;35:*.mpeg=01;35:*.m2v=01;35:*.mkv=01;35:*.webm=01;35:*.webp=01;35:*.ogm=01;35:*.mp4=01;35:*.m4v=01;35:*.mp4v=01;35:*.vob=01;35:*.qt=01;35:*.nuv=01;35:*.wmv=01;35:*.asf=01;35:*.rm=01;35:*.rmvb=01;35:*.flc=01;35:*.avi=01;35:*.fli=01;35:*.flv=01;35:*.gl=01;35:*.dl=01;35:*.xcf=01;35:*.xwd=01;35:*.yuv=01;35:*.cgm=01;35:*.emf=01;35:*.ogv=01;35:*.ogx=01;35:*.aac=00;36:*.au=00;36:*.flac=00;36:*.m4a=00;36:*.mid=00;36:*.midi=00;36:*.mka=00;36:*.mp3=00;36:*.mpc=00;36:*.ogg=00;36:*.ra=00;36:*.wav=00;36:*.oga=00;36:*.opus=00;36:*.spx=00;36:*.xspf=00;36:'), ('VSCODE_GIT_IPC_HANDLE', '/run/user/0/vscode-git-c1d1440c90.sock'), ('TERM_PROGRAM', 'vscode'), ('AMENT_PREFIX_PATH', '/root/ws_sensor_combined/install/px4_ros_com:/root/ws_sensor_combined/install/example_mode_with_executor_cpp:/root/ws_sensor_combined/install/example_mode_vtol_cpp:/root/ws_sensor_combined/install/example_mode_rtl_replacement_cpp:/root/ws_sensor_combined/install/example_mode_manual_cpp:/root/ws_sensor_combined/install/example_mode_goto_global_cpp:/root/ws_sensor_combined/install/example_mode_goto_cpp:/root/ws_sensor_combined/install/example_mode_fw_attitude_cpp:/root/ws_sensor_combined/install/example_local_navigation_cpp:/root/ws_sensor_combined/install/example_global_navigation_cpp:/root/ws_sensor_combined/install/example_executor_with_multiple_modes_cpp:/root/ws_sensor_combined/install/px4_ros2_cpp:/root/ws_sensor_combined/install/px4_msgs:/opt/ros/humble'), ('SHELL', '/bin/bash'), ('LESSCLOSE', '/usr/bin/lesspipe %s %s'), ('VSCODE_GIT_ASKPASS_EXTRA_ARGS', ''), ('PWD', '/root/ws_sensor_combined/build/example_mode_vtol_cpp'), ('XDG_DATA_DIRS', '/usr/local/share:/usr/share:/var/lib/snapd/desktop'), ('PYTHONPATH', '/root/ws_sensor_combined/install/px4_ros_com/local/lib/python3.10/dist-packages:/root/ws_sensor_combined/install/px4_msgs/local/lib/python3.10/dist-packages:/opt/ros/humble/lib/python3.10/site-packages:/opt/ros/humble/local/lib/python3.10/dist-packages'), ('COLCON', '1'), ('WSL2_GUI_APPS_ENABLED', '1'), ('HOSTTYPE', 'x86_64'), ('CMAKE_PREFIX_PATH', '/root/ws_sensor_combined/install/px4_ros2_cpp:/root/ws_sensor_combined/install/px4_msgs:/root/ws_sensor_combined/install/px4_ros_com:/root/ws_sensor_combined/install/example_mode_with_executor_cpp:/root/ws_sensor_combined/install/example_mode_vtol_cpp:/root/ws_sensor_combined/install/example_mode_rtl_replacement_cpp:/root/ws_sensor_combined/install/example_mode_manual_cpp:/root/ws_sensor_combined/install/example_mode_goto_global_cpp:/root/ws_sensor_combined/install/example_mode_goto_cpp:/root/ws_sensor_combined/install/example_mode_fw_attitude_cpp:/root/ws_sensor_combined/install/example_local_navigation_cpp:/root/ws_sensor_combined/install/example_global_navigation_cpp:/root/ws_sensor_combined/install/example_executor_with_multiple_modes_cpp:/opt/ros/humble'), ('WSLENV', 'ELECTRON_RUN_AS_NODE/w:WT_SESSION:WT_PROFILE_ID:')]), 'shell': False}
[1.321924] (px4_ros_com) StdoutLine: {'line': b'-- Found rosidl_adapter: 3.1.7 (/opt/ros/humble/share/rosidl_adapter/cmake)\n'}
[1.323747] (example_mode_rtl_replacement_cpp) JobProgress: {'identifier': 'example_mode_rtl_replacement_cpp', 'progress': 'cmake'}
[1.323809] (example_mode_rtl_replacement_cpp) JobProgress: {'identifier': 'example_mode_rtl_replacement_cpp', 'progress': 'build'}
[1.323840] (example_mode_rtl_replacement_cpp) Command: {'cmd': ['/usr/bin/cmake', '--build', '/root/ws_sensor_combined/build/example_mode_rtl_replacement_cpp', '--', '-j20', '-l20'], 'cwd': '/root/ws_sensor_combined/build/example_mode_rtl_replacement_cpp', 'env': OrderedDict([('LESSOPEN', '| /usr/bin/lesspipe %s'), ('USER', 'root'), ('GIT_ASKPASS', '/root/.vscode-server/bin/360a4e4fd251bfce169a4ddf857c7d25d1ad40da/extensions/git/dist/askpass.sh'), ('SHLVL', '2'), ('LD_LIBRARY_PATH', '/root/ws_sensor_combined/install/px4_ros2_cpp/lib:/root/ws_sensor_combined/install/px4_msgs/lib:/root/ws_sensor_combined/install/px4_ros_com/lib:/opt/ros/humble/opt/rviz_ogre_vendor/lib:/opt/ros/humble/lib/x86_64-linux-gnu:/opt/ros/humble/lib'), ('WT_PROFILE_ID', '{4ff56d04-d9cf-57ea-bae2-ad396374e7e3}'), ('HOME', '/root'), ('TERM_PROGRAM_VERSION', '1.103.1'), ('VSCODE_IPC_HOOK_CLI', '/run/user/0/vscode-ipc-7c4c6447-ae3c-495f-b12e-4b258fca685d.sock'), ('ROS_PYTHON_VERSION', '3'), ('VSCODE_GIT_ASKPASS_MAIN', '/root/.vscode-server/bin/360a4e4fd251bfce169a4ddf857c7d25d1ad40da/extensions/git/dist/askpass-main.js'), ('VSCODE_GIT_ASKPASS_NODE', '/root/.vscode-server/bin/360a4e4fd251bfce169a4ddf857c7d25d1ad40da/node'), ('PYDEVD_DISABLE_FILE_VALIDATION', '1'), ('BUNDLED_DEBUGPY_PATH', '/root/.vscode-server/extensions/ms-python.debugpy-2025.10.0-linux-x64/bundled/libs/debugpy'), ('DBUS_SESSION_BUS_ADDRESS', 'unix:path=/run/user/0/bus'), ('COLORTERM', 'truecolor'), ('WSL_DISTRO_NAME', 'Ubuntu-22.04'), ('DEBUGINFOD_URLS', ''), ('WAYLAND_DISPLAY', 'wayland-0'), ('COLCON_PREFIX_PATH', '/root/ws_sensor_combined/install'), ('ROS_DISTRO', 'humble'), ('LOGNAME', 'root'), ('NAME', 'Code'), ('WSL_INTEROP', '/run/WSL/487_interop'), ('PULSE_SERVER', 'unix:/mnt/wslg/PulseServer'), ('_', '/usr/bin/colcon'), ('ROS_VERSION', '2'), ('TERM', 'xterm-256color'), ('ROS_LOCALHOST_ONLY', '0'), ('PATH', '/root/.vscode-server/bin/360a4e4fd251bfce169a4ddf857c7d25d1ad40da/bin/remote-cli:/opt/ros/humble/bin:/usr/local/sbin:/usr/local/bin:/usr/sbin:/usr/bin:/sbin:/bin:/usr/games:/usr/local/games:/usr/lib/wsl/lib:/mnt/c/Windows/system32:/mnt/c/Windows:/mnt/c/Windows/System32/Wbem:/mnt/c/Windows/System32/WindowsPowerShell/v1.0/:/mnt/c/Windows/System32/OpenSSH/:/mnt/c/Program Files (x86)/NVIDIA Corporation/PhysX/Common:/mnt/c/WINDOWS/system32:/mnt/c/WINDOWS:/mnt/c/WINDOWS/System32/Wbem:/mnt/c/WINDOWS/System32/WindowsPowerShell/v1.0/:/mnt/c/WINDOWS/System32/OpenSSH/:/mnt/c/Program Files/dotnet/:/mnt/c/Program Files/NVIDIA Corporation/NVIDIA App/NvDLISR:/mnt/c/Program Files/Git/cmd:/mnt/c/Users/chris/AppData/Local/Microsoft/WindowsApps:/mnt/c/Users/chris/AppData/Local/Programs/Microsoft VS Code/bin:/snap/bin:/root/.vscode-server/extensions/ms-python.debugpy-2025.10.0-linux-x64/bundled/scripts/noConfigScripts:/root/.vscode-server/data/User/globalStorage/github.copilot-chat/debugCommand'), ('WT_SESSION', '402ded2a-7e1d-4116-8c7a-81d3b47e82bd'), ('XDG_RUNTIME_DIR', '/run/user/0/'), ('DISPLAY', ':0'), ('VSCODE_DEBUGPY_ADAPTER_ENDPOINTS', '/root/.vscode-server/extensions/ms-python.debugpy-2025.10.0-linux-x64/.noConfigDebugAdapterEndpoints/endpoint-d6e2528f5321a076.txt'), ('LANG', 'en_US.UTF-8'), ('LS_COLORS', 'rs=0:di=01;34:ln=01;36:mh=00:pi=40;33:so=01;35:do=01;35:bd=40;33;01:cd=40;33;01:or=40;31;01:mi=00:su=37;41:sg=30;43:ca=30;41:tw=30;42:ow=34;42:st=37;44:ex=01;32:*.tar=01;31:*.tgz=01;31:*.arc=01;31:*.arj=01;31:*.taz=01;31:*.lha=01;31:*.lz4=01;31:*.lzh=01;31:*.lzma=01;31:*.tlz=01;31:*.txz=01;31:*.tzo=01;31:*.t7z=01;31:*.zip=01;31:*.z=01;31:*.dz=01;31:*.gz=01;31:*.lrz=01;31:*.lz=01;31:*.lzo=01;31:*.xz=01;31:*.zst=01;31:*.tzst=01;31:*.bz2=01;31:*.bz=01;31:*.tbz=01;31:*.tbz2=01;31:*.tz=01;31:*.deb=01;31:*.rpm=01;31:*.jar=01;31:*.war=01;31:*.ear=01;31:*.sar=01;31:*.rar=01;31:*.alz=01;31:*.ace=01;31:*.zoo=01;31:*.cpio=01;31:*.7z=01;31:*.rz=01;31:*.cab=01;31:*.wim=01;31:*.swm=01;31:*.dwm=01;31:*.esd=01;31:*.jpg=01;35:*.jpeg=01;35:*.mjpg=01;35:*.mjpeg=01;35:*.gif=01;35:*.bmp=01;35:*.pbm=01;35:*.pgm=01;35:*.ppm=01;35:*.tga=01;35:*.xbm=01;35:*.xpm=01;35:*.tif=01;35:*.tiff=01;35:*.png=01;35:*.svg=01;35:*.svgz=01;35:*.mng=01;35:*.pcx=01;35:*.mov=01;35:*.mpg=01;35:*.mpeg=01;35:*.m2v=01;35:*.mkv=01;35:*.webm=01;35:*.webp=01;35:*.ogm=01;35:*.mp4=01;35:*.m4v=01;35:*.mp4v=01;35:*.vob=01;35:*.qt=01;35:*.nuv=01;35:*.wmv=01;35:*.asf=01;35:*.rm=01;35:*.rmvb=01;35:*.flc=01;35:*.avi=01;35:*.fli=01;35:*.flv=01;35:*.gl=01;35:*.dl=01;35:*.xcf=01;35:*.xwd=01;35:*.yuv=01;35:*.cgm=01;35:*.emf=01;35:*.ogv=01;35:*.ogx=01;35:*.aac=00;36:*.au=00;36:*.flac=00;36:*.m4a=00;36:*.mid=00;36:*.midi=00;36:*.mka=00;36:*.mp3=00;36:*.mpc=00;36:*.ogg=00;36:*.ra=00;36:*.wav=00;36:*.oga=00;36:*.opus=00;36:*.spx=00;36:*.xspf=00;36:'), ('VSCODE_GIT_IPC_HANDLE', '/run/user/0/vscode-git-c1d1440c90.sock'), ('TERM_PROGRAM', 'vscode'), ('AMENT_PREFIX_PATH', '/root/ws_sensor_combined/install/px4_ros_com:/root/ws_sensor_combined/install/example_mode_with_executor_cpp:/root/ws_sensor_combined/install/example_mode_vtol_cpp:/root/ws_sensor_combined/install/example_mode_rtl_replacement_cpp:/root/ws_sensor_combined/install/example_mode_manual_cpp:/root/ws_sensor_combined/install/example_mode_goto_global_cpp:/root/ws_sensor_combined/install/example_mode_goto_cpp:/root/ws_sensor_combined/install/example_mode_fw_attitude_cpp:/root/ws_sensor_combined/install/example_local_navigation_cpp:/root/ws_sensor_combined/install/example_global_navigation_cpp:/root/ws_sensor_combined/install/example_executor_with_multiple_modes_cpp:/root/ws_sensor_combined/install/px4_ros2_cpp:/root/ws_sensor_combined/install/px4_msgs:/opt/ros/humble'), ('SHELL', '/bin/bash'), ('LESSCLOSE', '/usr/bin/lesspipe %s %s'), ('VSCODE_GIT_ASKPASS_EXTRA_ARGS', ''), ('PWD', '/root/ws_sensor_combined/build/example_mode_rtl_replacement_cpp'), ('XDG_DATA_DIRS', '/usr/local/share:/usr/share:/var/lib/snapd/desktop'), ('PYTHONPATH', '/root/ws_sensor_combined/install/px4_ros_com/local/lib/python3.10/dist-packages:/root/ws_sensor_combined/install/px4_msgs/local/lib/python3.10/dist-packages:/opt/ros/humble/lib/python3.10/site-packages:/opt/ros/humble/local/lib/python3.10/dist-packages'), ('COLCON', '1'), ('WSL2_GUI_APPS_ENABLED', '1'), ('HOSTTYPE', 'x86_64'), ('CMAKE_PREFIX_PATH', '/root/ws_sensor_combined/install/px4_ros2_cpp:/root/ws_sensor_combined/install/px4_msgs:/root/ws_sensor_combined/install/px4_ros_com:/root/ws_sensor_combined/install/example_mode_with_executor_cpp:/root/ws_sensor_combined/install/example_mode_vtol_cpp:/root/ws_sensor_combined/install/example_mode_rtl_replacement_cpp:/root/ws_sensor_combined/install/example_mode_manual_cpp:/root/ws_sensor_combined/install/example_mode_goto_global_cpp:/root/ws_sensor_combined/install/example_mode_goto_cpp:/root/ws_sensor_combined/install/example_mode_fw_attitude_cpp:/root/ws_sensor_combined/install/example_local_navigation_cpp:/root/ws_sensor_combined/install/example_global_navigation_cpp:/root/ws_sensor_combined/install/example_executor_with_multiple_modes_cpp:/opt/ros/humble'), ('WSLENV', 'ELECTRON_RUN_AS_NODE/w:WT_SESSION:WT_PROFILE_ID:')]), 'shell': False}
[1.325334] (example_global_navigation_cpp) StdoutLine: {'line': b'[100%] Built target example_global_navigation\n'}
[1.325413] (px4_ros_com) StdoutLine: {'line': b'-- Found rosidl_generator_cpp: 3.1.7 (/opt/ros/humble/share/rosidl_generator_cpp/cmake)\n'}
[1.331553] (example_executor_with_multiple_modes_cpp) CommandEnded: {'returncode': 0}
[1.332564] (example_executor_with_multiple_modes_cpp) JobProgress: {'identifier': 'example_executor_with_multiple_modes_cpp', 'progress': 'install'}
[1.333789] (example_executor_with_multiple_modes_cpp) Command: {'cmd': ['/usr/bin/cmake', '--install', '/root/ws_sensor_combined/build/example_executor_with_multiple_modes_cpp'], 'cwd': '/root/ws_sensor_combined/build/example_executor_with_multiple_modes_cpp', 'env': OrderedDict([('LESSOPEN', '| /usr/bin/lesspipe %s'), ('USER', 'root'), ('GIT_ASKPASS', '/root/.vscode-server/bin/360a4e4fd251bfce169a4ddf857c7d25d1ad40da/extensions/git/dist/askpass.sh'), ('SHLVL', '2'), ('LD_LIBRARY_PATH', '/root/ws_sensor_combined/install/px4_ros2_cpp/lib:/root/ws_sensor_combined/install/px4_msgs/lib:/root/ws_sensor_combined/install/px4_ros_com/lib:/opt/ros/humble/opt/rviz_ogre_vendor/lib:/opt/ros/humble/lib/x86_64-linux-gnu:/opt/ros/humble/lib'), ('WT_PROFILE_ID', '{4ff56d04-d9cf-57ea-bae2-ad396374e7e3}'), ('HOME', '/root'), ('TERM_PROGRAM_VERSION', '1.103.1'), ('VSCODE_IPC_HOOK_CLI', '/run/user/0/vscode-ipc-7c4c6447-ae3c-495f-b12e-4b258fca685d.sock'), ('ROS_PYTHON_VERSION', '3'), ('VSCODE_GIT_ASKPASS_MAIN', '/root/.vscode-server/bin/360a4e4fd251bfce169a4ddf857c7d25d1ad40da/extensions/git/dist/askpass-main.js'), ('VSCODE_GIT_ASKPASS_NODE', '/root/.vscode-server/bin/360a4e4fd251bfce169a4ddf857c7d25d1ad40da/node'), ('PYDEVD_DISABLE_FILE_VALIDATION', '1'), ('BUNDLED_DEBUGPY_PATH', '/root/.vscode-server/extensions/ms-python.debugpy-2025.10.0-linux-x64/bundled/libs/debugpy'), ('DBUS_SESSION_BUS_ADDRESS', 'unix:path=/run/user/0/bus'), ('COLORTERM', 'truecolor'), ('WSL_DISTRO_NAME', 'Ubuntu-22.04'), ('DEBUGINFOD_URLS', ''), ('WAYLAND_DISPLAY', 'wayland-0'), ('COLCON_PREFIX_PATH', '/root/ws_sensor_combined/install'), ('ROS_DISTRO', 'humble'), ('LOGNAME', 'root'), ('NAME', 'Code'), ('WSL_INTEROP', '/run/WSL/487_interop'), ('PULSE_SERVER', 'unix:/mnt/wslg/PulseServer'), ('_', '/usr/bin/colcon'), ('ROS_VERSION', '2'), ('TERM', 'xterm-256color'), ('ROS_LOCALHOST_ONLY', '0'), ('PATH', '/root/.vscode-server/bin/360a4e4fd251bfce169a4ddf857c7d25d1ad40da/bin/remote-cli:/opt/ros/humble/bin:/usr/local/sbin:/usr/local/bin:/usr/sbin:/usr/bin:/sbin:/bin:/usr/games:/usr/local/games:/usr/lib/wsl/lib:/mnt/c/Windows/system32:/mnt/c/Windows:/mnt/c/Windows/System32/Wbem:/mnt/c/Windows/System32/WindowsPowerShell/v1.0/:/mnt/c/Windows/System32/OpenSSH/:/mnt/c/Program Files (x86)/NVIDIA Corporation/PhysX/Common:/mnt/c/WINDOWS/system32:/mnt/c/WINDOWS:/mnt/c/WINDOWS/System32/Wbem:/mnt/c/WINDOWS/System32/WindowsPowerShell/v1.0/:/mnt/c/WINDOWS/System32/OpenSSH/:/mnt/c/Program Files/dotnet/:/mnt/c/Program Files/NVIDIA Corporation/NVIDIA App/NvDLISR:/mnt/c/Program Files/Git/cmd:/mnt/c/Users/chris/AppData/Local/Microsoft/WindowsApps:/mnt/c/Users/chris/AppData/Local/Programs/Microsoft VS Code/bin:/snap/bin:/root/.vscode-server/extensions/ms-python.debugpy-2025.10.0-linux-x64/bundled/scripts/noConfigScripts:/root/.vscode-server/data/User/globalStorage/github.copilot-chat/debugCommand'), ('WT_SESSION', '402ded2a-7e1d-4116-8c7a-81d3b47e82bd'), ('XDG_RUNTIME_DIR', '/run/user/0/'), ('DISPLAY', ':0'), ('VSCODE_DEBUGPY_ADAPTER_ENDPOINTS', '/root/.vscode-server/extensions/ms-python.debugpy-2025.10.0-linux-x64/.noConfigDebugAdapterEndpoints/endpoint-d6e2528f5321a076.txt'), ('LANG', 'en_US.UTF-8'), ('LS_COLORS', 'rs=0:di=01;34:ln=01;36:mh=00:pi=40;33:so=01;35:do=01;35:bd=40;33;01:cd=40;33;01:or=40;31;01:mi=00:su=37;41:sg=30;43:ca=30;41:tw=30;42:ow=34;42:st=37;44:ex=01;32:*.tar=01;31:*.tgz=01;31:*.arc=01;31:*.arj=01;31:*.taz=01;31:*.lha=01;31:*.lz4=01;31:*.lzh=01;31:*.lzma=01;31:*.tlz=01;31:*.txz=01;31:*.tzo=01;31:*.t7z=01;31:*.zip=01;31:*.z=01;31:*.dz=01;31:*.gz=01;31:*.lrz=01;31:*.lz=01;31:*.lzo=01;31:*.xz=01;31:*.zst=01;31:*.tzst=01;31:*.bz2=01;31:*.bz=01;31:*.tbz=01;31:*.tbz2=01;31:*.tz=01;31:*.deb=01;31:*.rpm=01;31:*.jar=01;31:*.war=01;31:*.ear=01;31:*.sar=01;31:*.rar=01;31:*.alz=01;31:*.ace=01;31:*.zoo=01;31:*.cpio=01;31:*.7z=01;31:*.rz=01;31:*.cab=01;31:*.wim=01;31:*.swm=01;31:*.dwm=01;31:*.esd=01;31:*.jpg=01;35:*.jpeg=01;35:*.mjpg=01;35:*.mjpeg=01;35:*.gif=01;35:*.bmp=01;35:*.pbm=01;35:*.pgm=01;35:*.ppm=01;35:*.tga=01;35:*.xbm=01;35:*.xpm=01;35:*.tif=01;35:*.tiff=01;35:*.png=01;35:*.svg=01;35:*.svgz=01;35:*.mng=01;35:*.pcx=01;35:*.mov=01;35:*.mpg=01;35:*.mpeg=01;35:*.m2v=01;35:*.mkv=01;35:*.webm=01;35:*.webp=01;35:*.ogm=01;35:*.mp4=01;35:*.m4v=01;35:*.mp4v=01;35:*.vob=01;35:*.qt=01;35:*.nuv=01;35:*.wmv=01;35:*.asf=01;35:*.rm=01;35:*.rmvb=01;35:*.flc=01;35:*.avi=01;35:*.fli=01;35:*.flv=01;35:*.gl=01;35:*.dl=01;35:*.xcf=01;35:*.xwd=01;35:*.yuv=01;35:*.cgm=01;35:*.emf=01;35:*.ogv=01;35:*.ogx=01;35:*.aac=00;36:*.au=00;36:*.flac=00;36:*.m4a=00;36:*.mid=00;36:*.midi=00;36:*.mka=00;36:*.mp3=00;36:*.mpc=00;36:*.ogg=00;36:*.ra=00;36:*.wav=00;36:*.oga=00;36:*.opus=00;36:*.spx=00;36:*.xspf=00;36:'), ('VSCODE_GIT_IPC_HANDLE', '/run/user/0/vscode-git-c1d1440c90.sock'), ('TERM_PROGRAM', 'vscode'), ('AMENT_PREFIX_PATH', '/root/ws_sensor_combined/install/px4_ros_com:/root/ws_sensor_combined/install/example_mode_with_executor_cpp:/root/ws_sensor_combined/install/example_mode_vtol_cpp:/root/ws_sensor_combined/install/example_mode_rtl_replacement_cpp:/root/ws_sensor_combined/install/example_mode_manual_cpp:/root/ws_sensor_combined/install/example_mode_goto_global_cpp:/root/ws_sensor_combined/install/example_mode_goto_cpp:/root/ws_sensor_combined/install/example_mode_fw_attitude_cpp:/root/ws_sensor_combined/install/example_local_navigation_cpp:/root/ws_sensor_combined/install/example_global_navigation_cpp:/root/ws_sensor_combined/install/example_executor_with_multiple_modes_cpp:/root/ws_sensor_combined/install/px4_ros2_cpp:/root/ws_sensor_combined/install/px4_msgs:/opt/ros/humble'), ('SHELL', '/bin/bash'), ('LESSCLOSE', '/usr/bin/lesspipe %s %s'), ('VSCODE_GIT_ASKPASS_EXTRA_ARGS', ''), ('PWD', '/root/ws_sensor_combined/build/example_executor_with_multiple_modes_cpp'), ('XDG_DATA_DIRS', '/usr/local/share:/usr/share:/var/lib/snapd/desktop'), ('PYTHONPATH', '/root/ws_sensor_combined/install/px4_ros_com/local/lib/python3.10/dist-packages:/root/ws_sensor_combined/install/px4_msgs/local/lib/python3.10/dist-packages:/opt/ros/humble/lib/python3.10/site-packages:/opt/ros/humble/local/lib/python3.10/dist-packages'), ('COLCON', '1'), ('WSL2_GUI_APPS_ENABLED', '1'), ('HOSTTYPE', 'x86_64'), ('CMAKE_PREFIX_PATH', '/root/ws_sensor_combined/install/px4_ros2_cpp:/root/ws_sensor_combined/install/px4_msgs:/root/ws_sensor_combined/install/px4_ros_com:/root/ws_sensor_combined/install/example_mode_with_executor_cpp:/root/ws_sensor_combined/install/example_mode_vtol_cpp:/root/ws_sensor_combined/install/example_mode_rtl_replacement_cpp:/root/ws_sensor_combined/install/example_mode_manual_cpp:/root/ws_sensor_combined/install/example_mode_goto_global_cpp:/root/ws_sensor_combined/install/example_mode_goto_cpp:/root/ws_sensor_combined/install/example_mode_fw_attitude_cpp:/root/ws_sensor_combined/install/example_local_navigation_cpp:/root/ws_sensor_combined/install/example_global_navigation_cpp:/root/ws_sensor_combined/install/example_executor_with_multiple_modes_cpp:/opt/ros/humble'), ('WSLENV', 'ELECTRON_RUN_AS_NODE/w:WT_SESSION:WT_PROFILE_ID:')]), 'shell': False}
[1.335025] (px4_ros_com) StdoutLine: {'line': b'-- Using all available rosidl_typesupport_c: rosidl_typesupport_fastrtps_c;rosidl_typesupport_introspection_c\n'}
[1.337306] (example_mode_fw_attitude_cpp) StdoutLine: {'line': b'[100%] Built target example_mode_fw_attitude\n'}
[1.338182] (example_mode_with_executor_cpp) JobProgress: {'identifier': 'example_mode_with_executor_cpp', 'progress': 'cmake'}
[1.339046] (example_mode_with_executor_cpp) JobProgress: {'identifier': 'example_mode_with_executor_cpp', 'progress': 'build'}
[1.340157] (example_local_navigation_cpp) StdoutLine: {'line': b'[100%] Built target example_local_navigation\n'}
[1.340383] (example_mode_with_executor_cpp) Command: {'cmd': ['/usr/bin/cmake', '--build', '/root/ws_sensor_combined/build/example_mode_with_executor_cpp', '--', '-j20', '-l20'], 'cwd': '/root/ws_sensor_combined/build/example_mode_with_executor_cpp', 'env': OrderedDict([('LESSOPEN', '| /usr/bin/lesspipe %s'), ('USER', 'root'), ('GIT_ASKPASS', '/root/.vscode-server/bin/360a4e4fd251bfce169a4ddf857c7d25d1ad40da/extensions/git/dist/askpass.sh'), ('SHLVL', '2'), ('LD_LIBRARY_PATH', '/root/ws_sensor_combined/install/px4_ros2_cpp/lib:/root/ws_sensor_combined/install/px4_msgs/lib:/root/ws_sensor_combined/install/px4_ros_com/lib:/opt/ros/humble/opt/rviz_ogre_vendor/lib:/opt/ros/humble/lib/x86_64-linux-gnu:/opt/ros/humble/lib'), ('WT_PROFILE_ID', '{4ff56d04-d9cf-57ea-bae2-ad396374e7e3}'), ('HOME', '/root'), ('TERM_PROGRAM_VERSION', '1.103.1'), ('VSCODE_IPC_HOOK_CLI', '/run/user/0/vscode-ipc-7c4c6447-ae3c-495f-b12e-4b258fca685d.sock'), ('ROS_PYTHON_VERSION', '3'), ('VSCODE_GIT_ASKPASS_MAIN', '/root/.vscode-server/bin/360a4e4fd251bfce169a4ddf857c7d25d1ad40da/extensions/git/dist/askpass-main.js'), ('VSCODE_GIT_ASKPASS_NODE', '/root/.vscode-server/bin/360a4e4fd251bfce169a4ddf857c7d25d1ad40da/node'), ('PYDEVD_DISABLE_FILE_VALIDATION', '1'), ('BUNDLED_DEBUGPY_PATH', '/root/.vscode-server/extensions/ms-python.debugpy-2025.10.0-linux-x64/bundled/libs/debugpy'), ('DBUS_SESSION_BUS_ADDRESS', 'unix:path=/run/user/0/bus'), ('COLORTERM', 'truecolor'), ('WSL_DISTRO_NAME', 'Ubuntu-22.04'), ('DEBUGINFOD_URLS', ''), ('WAYLAND_DISPLAY', 'wayland-0'), ('COLCON_PREFIX_PATH', '/root/ws_sensor_combined/install'), ('ROS_DISTRO', 'humble'), ('LOGNAME', 'root'), ('NAME', 'Code'), ('WSL_INTEROP', '/run/WSL/487_interop'), ('PULSE_SERVER', 'unix:/mnt/wslg/PulseServer'), ('_', '/usr/bin/colcon'), ('ROS_VERSION', '2'), ('TERM', 'xterm-256color'), ('ROS_LOCALHOST_ONLY', '0'), ('PATH', '/root/.vscode-server/bin/360a4e4fd251bfce169a4ddf857c7d25d1ad40da/bin/remote-cli:/opt/ros/humble/bin:/usr/local/sbin:/usr/local/bin:/usr/sbin:/usr/bin:/sbin:/bin:/usr/games:/usr/local/games:/usr/lib/wsl/lib:/mnt/c/Windows/system32:/mnt/c/Windows:/mnt/c/Windows/System32/Wbem:/mnt/c/Windows/System32/WindowsPowerShell/v1.0/:/mnt/c/Windows/System32/OpenSSH/:/mnt/c/Program Files (x86)/NVIDIA Corporation/PhysX/Common:/mnt/c/WINDOWS/system32:/mnt/c/WINDOWS:/mnt/c/WINDOWS/System32/Wbem:/mnt/c/WINDOWS/System32/WindowsPowerShell/v1.0/:/mnt/c/WINDOWS/System32/OpenSSH/:/mnt/c/Program Files/dotnet/:/mnt/c/Program Files/NVIDIA Corporation/NVIDIA App/NvDLISR:/mnt/c/Program Files/Git/cmd:/mnt/c/Users/chris/AppData/Local/Microsoft/WindowsApps:/mnt/c/Users/chris/AppData/Local/Programs/Microsoft VS Code/bin:/snap/bin:/root/.vscode-server/extensions/ms-python.debugpy-2025.10.0-linux-x64/bundled/scripts/noConfigScripts:/root/.vscode-server/data/User/globalStorage/github.copilot-chat/debugCommand'), ('WT_SESSION', '402ded2a-7e1d-4116-8c7a-81d3b47e82bd'), ('XDG_RUNTIME_DIR', '/run/user/0/'), ('DISPLAY', ':0'), ('VSCODE_DEBUGPY_ADAPTER_ENDPOINTS', '/root/.vscode-server/extensions/ms-python.debugpy-2025.10.0-linux-x64/.noConfigDebugAdapterEndpoints/endpoint-d6e2528f5321a076.txt'), ('LANG', 'en_US.UTF-8'), ('LS_COLORS', 'rs=0:di=01;34:ln=01;36:mh=00:pi=40;33:so=01;35:do=01;35:bd=40;33;01:cd=40;33;01:or=40;31;01:mi=00:su=37;41:sg=30;43:ca=30;41:tw=30;42:ow=34;42:st=37;44:ex=01;32:*.tar=01;31:*.tgz=01;31:*.arc=01;31:*.arj=01;31:*.taz=01;31:*.lha=01;31:*.lz4=01;31:*.lzh=01;31:*.lzma=01;31:*.tlz=01;31:*.txz=01;31:*.tzo=01;31:*.t7z=01;31:*.zip=01;31:*.z=01;31:*.dz=01;31:*.gz=01;31:*.lrz=01;31:*.lz=01;31:*.lzo=01;31:*.xz=01;31:*.zst=01;31:*.tzst=01;31:*.bz2=01;31:*.bz=01;31:*.tbz=01;31:*.tbz2=01;31:*.tz=01;31:*.deb=01;31:*.rpm=01;31:*.jar=01;31:*.war=01;31:*.ear=01;31:*.sar=01;31:*.rar=01;31:*.alz=01;31:*.ace=01;31:*.zoo=01;31:*.cpio=01;31:*.7z=01;31:*.rz=01;31:*.cab=01;31:*.wim=01;31:*.swm=01;31:*.dwm=01;31:*.esd=01;31:*.jpg=01;35:*.jpeg=01;35:*.mjpg=01;35:*.mjpeg=01;35:*.gif=01;35:*.bmp=01;35:*.pbm=01;35:*.pgm=01;35:*.ppm=01;35:*.tga=01;35:*.xbm=01;35:*.xpm=01;35:*.tif=01;35:*.tiff=01;35:*.png=01;35:*.svg=01;35:*.svgz=01;35:*.mng=01;35:*.pcx=01;35:*.mov=01;35:*.mpg=01;35:*.mpeg=01;35:*.m2v=01;35:*.mkv=01;35:*.webm=01;35:*.webp=01;35:*.ogm=01;35:*.mp4=01;35:*.m4v=01;35:*.mp4v=01;35:*.vob=01;35:*.qt=01;35:*.nuv=01;35:*.wmv=01;35:*.asf=01;35:*.rm=01;35:*.rmvb=01;35:*.flc=01;35:*.avi=01;35:*.fli=01;35:*.flv=01;35:*.gl=01;35:*.dl=01;35:*.xcf=01;35:*.xwd=01;35:*.yuv=01;35:*.cgm=01;35:*.emf=01;35:*.ogv=01;35:*.ogx=01;35:*.aac=00;36:*.au=00;36:*.flac=00;36:*.m4a=00;36:*.mid=00;36:*.midi=00;36:*.mka=00;36:*.mp3=00;36:*.mpc=00;36:*.ogg=00;36:*.ra=00;36:*.wav=00;36:*.oga=00;36:*.opus=00;36:*.spx=00;36:*.xspf=00;36:'), ('VSCODE_GIT_IPC_HANDLE', '/run/user/0/vscode-git-c1d1440c90.sock'), ('TERM_PROGRAM', 'vscode'), ('AMENT_PREFIX_PATH', '/root/ws_sensor_combined/install/px4_ros_com:/root/ws_sensor_combined/install/example_mode_with_executor_cpp:/root/ws_sensor_combined/install/example_mode_vtol_cpp:/root/ws_sensor_combined/install/example_mode_rtl_replacement_cpp:/root/ws_sensor_combined/install/example_mode_manual_cpp:/root/ws_sensor_combined/install/example_mode_goto_global_cpp:/root/ws_sensor_combined/install/example_mode_goto_cpp:/root/ws_sensor_combined/install/example_mode_fw_attitude_cpp:/root/ws_sensor_combined/install/example_local_navigation_cpp:/root/ws_sensor_combined/install/example_global_navigation_cpp:/root/ws_sensor_combined/install/example_executor_with_multiple_modes_cpp:/root/ws_sensor_combined/install/px4_ros2_cpp:/root/ws_sensor_combined/install/px4_msgs:/opt/ros/humble'), ('SHELL', '/bin/bash'), ('LESSCLOSE', '/usr/bin/lesspipe %s %s'), ('VSCODE_GIT_ASKPASS_EXTRA_ARGS', ''), ('PWD', '/root/ws_sensor_combined/build/example_mode_with_executor_cpp'), ('XDG_DATA_DIRS', '/usr/local/share:/usr/share:/var/lib/snapd/desktop'), ('PYTHONPATH', '/root/ws_sensor_combined/install/px4_ros_com/local/lib/python3.10/dist-packages:/root/ws_sensor_combined/install/px4_msgs/local/lib/python3.10/dist-packages:/opt/ros/humble/lib/python3.10/site-packages:/opt/ros/humble/local/lib/python3.10/dist-packages'), ('COLCON', '1'), ('WSL2_GUI_APPS_ENABLED', '1'), ('HOSTTYPE', 'x86_64'), ('CMAKE_PREFIX_PATH', '/root/ws_sensor_combined/install/px4_ros2_cpp:/root/ws_sensor_combined/install/px4_msgs:/root/ws_sensor_combined/install/px4_ros_com:/root/ws_sensor_combined/install/example_mode_with_executor_cpp:/root/ws_sensor_combined/install/example_mode_vtol_cpp:/root/ws_sensor_combined/install/example_mode_rtl_replacement_cpp:/root/ws_sensor_combined/install/example_mode_manual_cpp:/root/ws_sensor_combined/install/example_mode_goto_global_cpp:/root/ws_sensor_combined/install/example_mode_goto_cpp:/root/ws_sensor_combined/install/example_mode_fw_attitude_cpp:/root/ws_sensor_combined/install/example_local_navigation_cpp:/root/ws_sensor_combined/install/example_global_navigation_cpp:/root/ws_sensor_combined/install/example_executor_with_multiple_modes_cpp:/opt/ros/humble'), ('WSLENV', 'ELECTRON_RUN_AS_NODE/w:WT_SESSION:WT_PROFILE_ID:')]), 'shell': False}
[1.343116] (example_executor_with_multiple_modes_cpp) StdoutLine: {'line': b'-- Install configuration: ""\n'}
[1.343207] (example_executor_with_multiple_modes_cpp) StdoutLine: {'line': b'-- Up-to-date: /root/ws_sensor_combined/install/example_executor_with_multiple_modes_cpp/lib/example_executor_with_multiple_modes_cpp/example_executor_with_multiple_modes\n'}
[1.343469] (example_executor_with_multiple_modes_cpp) StdoutLine: {'line': b'-- Up-to-date: /root/ws_sensor_combined/install/example_executor_with_multiple_modes_cpp/share/ament_index/resource_index/package_run_dependencies/example_executor_with_multiple_modes_cpp\n'}
[1.344804] (example_executor_with_multiple_modes_cpp) StdoutLine: {'line': b'-- Up-to-date: /root/ws_sensor_combined/install/example_executor_with_multiple_modes_cpp/share/ament_index/resource_index/parent_prefix_path/example_executor_with_multiple_modes_cpp\n'}
[1.345939] (example_executor_with_multiple_modes_cpp) StdoutLine: {'line': b'-- Up-to-date: /root/ws_sensor_combined/install/example_executor_with_multiple_modes_cpp/share/example_executor_with_multiple_modes_cpp/environment/ament_prefix_path.sh\n'}
[1.346690] (example_executor_with_multiple_modes_cpp) StdoutLine: {'line': b'-- Up-to-date: /root/ws_sensor_combined/install/example_executor_with_multiple_modes_cpp/share/example_executor_with_multiple_modes_cpp/environment/ament_prefix_path.dsv\n'}
[1.347726] (example_executor_with_multiple_modes_cpp) StdoutLine: {'line': b'-- Up-to-date: /root/ws_sensor_combined/install/example_executor_with_multiple_modes_cpp/share/example_executor_with_multiple_modes_cpp/environment/path.sh\n'}
[1.347932] (example_executor_with_multiple_modes_cpp) StdoutLine: {'line': b'-- Up-to-date: /root/ws_sensor_combined/install/example_executor_with_multiple_modes_cpp/share/example_executor_with_multiple_modes_cpp/environment/path.dsv\n'}
[1.348083] (example_executor_with_multiple_modes_cpp) StdoutLine: {'line': b'-- Up-to-date: /root/ws_sensor_combined/install/example_executor_with_multiple_modes_cpp/share/example_executor_with_multiple_modes_cpp/local_setup.bash\n'}
[1.348215] (example_executor_with_multiple_modes_cpp) StdoutLine: {'line': b'-- Up-to-date: /root/ws_sensor_combined/install/example_executor_with_multiple_modes_cpp/share/example_executor_with_multiple_modes_cpp/local_setup.sh\n'}
[1.349631] (example_executor_with_multiple_modes_cpp) StdoutLine: {'line': b'-- Up-to-date: /root/ws_sensor_combined/install/example_executor_with_multiple_modes_cpp/share/example_executor_with_multiple_modes_cpp/local_setup.zsh\n'}
[1.350467] (example_executor_with_multiple_modes_cpp) StdoutLine: {'line': b'-- Up-to-date: /root/ws_sensor_combined/install/example_executor_with_multiple_modes_cpp/share/example_executor_with_multiple_modes_cpp/local_setup.dsv\n'}
[1.351797] (example_executor_with_multiple_modes_cpp) StdoutLine: {'line': b'-- Installing: /root/ws_sensor_combined/install/example_executor_with_multiple_modes_cpp/share/example_executor_with_multiple_modes_cpp/package.dsv\n'}
[1.352094] (example_executor_with_multiple_modes_cpp) StdoutLine: {'line': b'-- Up-to-date: /root/ws_sensor_combined/install/example_executor_with_multiple_modes_cpp/share/ament_index/resource_index/packages/example_executor_with_multiple_modes_cpp\n'}
[1.352334] (example_executor_with_multiple_modes_cpp) StdoutLine: {'line': b'-- Up-to-date: /root/ws_sensor_combined/install/example_executor_with_multiple_modes_cpp/share/example_executor_with_multiple_modes_cpp/cmake/example_executor_with_multiple_modes_cppConfig.cmake\n'}
[1.353085] (example_executor_with_multiple_modes_cpp) StdoutLine: {'line': b'-- Up-to-date: /root/ws_sensor_combined/install/example_executor_with_multiple_modes_cpp/share/example_executor_with_multiple_modes_cpp/cmake/example_executor_with_multiple_modes_cppConfig-version.cmake\n'}
[1.353558] (example_global_navigation_cpp) CommandEnded: {'returncode': 0}
[1.354061] (example_executor_with_multiple_modes_cpp) StdoutLine: {'line': b'-- Up-to-date: /root/ws_sensor_combined/install/example_executor_with_multiple_modes_cpp/share/example_executor_with_multiple_modes_cpp/package.xml\n'}
[1.354177] (example_global_navigation_cpp) JobProgress: {'identifier': 'example_global_navigation_cpp', 'progress': 'install'}
[1.354207] (example_global_navigation_cpp) Command: {'cmd': ['/usr/bin/cmake', '--install', '/root/ws_sensor_combined/build/example_global_navigation_cpp'], 'cwd': '/root/ws_sensor_combined/build/example_global_navigation_cpp', 'env': OrderedDict([('LESSOPEN', '| /usr/bin/lesspipe %s'), ('USER', 'root'), ('GIT_ASKPASS', '/root/.vscode-server/bin/360a4e4fd251bfce169a4ddf857c7d25d1ad40da/extensions/git/dist/askpass.sh'), ('SHLVL', '2'), ('LD_LIBRARY_PATH', '/root/ws_sensor_combined/install/px4_ros2_cpp/lib:/root/ws_sensor_combined/install/px4_msgs/lib:/root/ws_sensor_combined/install/px4_ros_com/lib:/opt/ros/humble/opt/rviz_ogre_vendor/lib:/opt/ros/humble/lib/x86_64-linux-gnu:/opt/ros/humble/lib'), ('WT_PROFILE_ID', '{4ff56d04-d9cf-57ea-bae2-ad396374e7e3}'), ('HOME', '/root'), ('TERM_PROGRAM_VERSION', '1.103.1'), ('VSCODE_IPC_HOOK_CLI', '/run/user/0/vscode-ipc-7c4c6447-ae3c-495f-b12e-4b258fca685d.sock'), ('ROS_PYTHON_VERSION', '3'), ('VSCODE_GIT_ASKPASS_MAIN', '/root/.vscode-server/bin/360a4e4fd251bfce169a4ddf857c7d25d1ad40da/extensions/git/dist/askpass-main.js'), ('VSCODE_GIT_ASKPASS_NODE', '/root/.vscode-server/bin/360a4e4fd251bfce169a4ddf857c7d25d1ad40da/node'), ('PYDEVD_DISABLE_FILE_VALIDATION', '1'), ('BUNDLED_DEBUGPY_PATH', '/root/.vscode-server/extensions/ms-python.debugpy-2025.10.0-linux-x64/bundled/libs/debugpy'), ('DBUS_SESSION_BUS_ADDRESS', 'unix:path=/run/user/0/bus'), ('COLORTERM', 'truecolor'), ('WSL_DISTRO_NAME', 'Ubuntu-22.04'), ('DEBUGINFOD_URLS', ''), ('WAYLAND_DISPLAY', 'wayland-0'), ('COLCON_PREFIX_PATH', '/root/ws_sensor_combined/install'), ('ROS_DISTRO', 'humble'), ('LOGNAME', 'root'), ('NAME', 'Code'), ('WSL_INTEROP', '/run/WSL/487_interop'), ('PULSE_SERVER', 'unix:/mnt/wslg/PulseServer'), ('_', '/usr/bin/colcon'), ('ROS_VERSION', '2'), ('TERM', 'xterm-256color'), ('ROS_LOCALHOST_ONLY', '0'), ('PATH', '/root/.vscode-server/bin/360a4e4fd251bfce169a4ddf857c7d25d1ad40da/bin/remote-cli:/opt/ros/humble/bin:/usr/local/sbin:/usr/local/bin:/usr/sbin:/usr/bin:/sbin:/bin:/usr/games:/usr/local/games:/usr/lib/wsl/lib:/mnt/c/Windows/system32:/mnt/c/Windows:/mnt/c/Windows/System32/Wbem:/mnt/c/Windows/System32/WindowsPowerShell/v1.0/:/mnt/c/Windows/System32/OpenSSH/:/mnt/c/Program Files (x86)/NVIDIA Corporation/PhysX/Common:/mnt/c/WINDOWS/system32:/mnt/c/WINDOWS:/mnt/c/WINDOWS/System32/Wbem:/mnt/c/WINDOWS/System32/WindowsPowerShell/v1.0/:/mnt/c/WINDOWS/System32/OpenSSH/:/mnt/c/Program Files/dotnet/:/mnt/c/Program Files/NVIDIA Corporation/NVIDIA App/NvDLISR:/mnt/c/Program Files/Git/cmd:/mnt/c/Users/chris/AppData/Local/Microsoft/WindowsApps:/mnt/c/Users/chris/AppData/Local/Programs/Microsoft VS Code/bin:/snap/bin:/root/.vscode-server/extensions/ms-python.debugpy-2025.10.0-linux-x64/bundled/scripts/noConfigScripts:/root/.vscode-server/data/User/globalStorage/github.copilot-chat/debugCommand'), ('WT_SESSION', '402ded2a-7e1d-4116-8c7a-81d3b47e82bd'), ('XDG_RUNTIME_DIR', '/run/user/0/'), ('DISPLAY', ':0'), ('VSCODE_DEBUGPY_ADAPTER_ENDPOINTS', '/root/.vscode-server/extensions/ms-python.debugpy-2025.10.0-linux-x64/.noConfigDebugAdapterEndpoints/endpoint-d6e2528f5321a076.txt'), ('LANG', 'en_US.UTF-8'), ('LS_COLORS', 'rs=0:di=01;34:ln=01;36:mh=00:pi=40;33:so=01;35:do=01;35:bd=40;33;01:cd=40;33;01:or=40;31;01:mi=00:su=37;41:sg=30;43:ca=30;41:tw=30;42:ow=34;42:st=37;44:ex=01;32:*.tar=01;31:*.tgz=01;31:*.arc=01;31:*.arj=01;31:*.taz=01;31:*.lha=01;31:*.lz4=01;31:*.lzh=01;31:*.lzma=01;31:*.tlz=01;31:*.txz=01;31:*.tzo=01;31:*.t7z=01;31:*.zip=01;31:*.z=01;31:*.dz=01;31:*.gz=01;31:*.lrz=01;31:*.lz=01;31:*.lzo=01;31:*.xz=01;31:*.zst=01;31:*.tzst=01;31:*.bz2=01;31:*.bz=01;31:*.tbz=01;31:*.tbz2=01;31:*.tz=01;31:*.deb=01;31:*.rpm=01;31:*.jar=01;31:*.war=01;31:*.ear=01;31:*.sar=01;31:*.rar=01;31:*.alz=01;31:*.ace=01;31:*.zoo=01;31:*.cpio=01;31:*.7z=01;31:*.rz=01;31:*.cab=01;31:*.wim=01;31:*.swm=01;31:*.dwm=01;31:*.esd=01;31:*.jpg=01;35:*.jpeg=01;35:*.mjpg=01;35:*.mjpeg=01;35:*.gif=01;35:*.bmp=01;35:*.pbm=01;35:*.pgm=01;35:*.ppm=01;35:*.tga=01;35:*.xbm=01;35:*.xpm=01;35:*.tif=01;35:*.tiff=01;35:*.png=01;35:*.svg=01;35:*.svgz=01;35:*.mng=01;35:*.pcx=01;35:*.mov=01;35:*.mpg=01;35:*.mpeg=01;35:*.m2v=01;35:*.mkv=01;35:*.webm=01;35:*.webp=01;35:*.ogm=01;35:*.mp4=01;35:*.m4v=01;35:*.mp4v=01;35:*.vob=01;35:*.qt=01;35:*.nuv=01;35:*.wmv=01;35:*.asf=01;35:*.rm=01;35:*.rmvb=01;35:*.flc=01;35:*.avi=01;35:*.fli=01;35:*.flv=01;35:*.gl=01;35:*.dl=01;35:*.xcf=01;35:*.xwd=01;35:*.yuv=01;35:*.cgm=01;35:*.emf=01;35:*.ogv=01;35:*.ogx=01;35:*.aac=00;36:*.au=00;36:*.flac=00;36:*.m4a=00;36:*.mid=00;36:*.midi=00;36:*.mka=00;36:*.mp3=00;36:*.mpc=00;36:*.ogg=00;36:*.ra=00;36:*.wav=00;36:*.oga=00;36:*.opus=00;36:*.spx=00;36:*.xspf=00;36:'), ('VSCODE_GIT_IPC_HANDLE', '/run/user/0/vscode-git-c1d1440c90.sock'), ('TERM_PROGRAM', 'vscode'), ('AMENT_PREFIX_PATH', '/root/ws_sensor_combined/install/px4_ros_com:/root/ws_sensor_combined/install/example_mode_with_executor_cpp:/root/ws_sensor_combined/install/example_mode_vtol_cpp:/root/ws_sensor_combined/install/example_mode_rtl_replacement_cpp:/root/ws_sensor_combined/install/example_mode_manual_cpp:/root/ws_sensor_combined/install/example_mode_goto_global_cpp:/root/ws_sensor_combined/install/example_mode_goto_cpp:/root/ws_sensor_combined/install/example_mode_fw_attitude_cpp:/root/ws_sensor_combined/install/example_local_navigation_cpp:/root/ws_sensor_combined/install/example_global_navigation_cpp:/root/ws_sensor_combined/install/example_executor_with_multiple_modes_cpp:/root/ws_sensor_combined/install/px4_ros2_cpp:/root/ws_sensor_combined/install/px4_msgs:/opt/ros/humble'), ('SHELL', '/bin/bash'), ('LESSCLOSE', '/usr/bin/lesspipe %s %s'), ('VSCODE_GIT_ASKPASS_EXTRA_ARGS', ''), ('PWD', '/root/ws_sensor_combined/build/example_global_navigation_cpp'), ('XDG_DATA_DIRS', '/usr/local/share:/usr/share:/var/lib/snapd/desktop'), ('PYTHONPATH', '/root/ws_sensor_combined/install/px4_ros_com/local/lib/python3.10/dist-packages:/root/ws_sensor_combined/install/px4_msgs/local/lib/python3.10/dist-packages:/opt/ros/humble/lib/python3.10/site-packages:/opt/ros/humble/local/lib/python3.10/dist-packages'), ('COLCON', '1'), ('WSL2_GUI_APPS_ENABLED', '1'), ('HOSTTYPE', 'x86_64'), ('CMAKE_PREFIX_PATH', '/root/ws_sensor_combined/install/px4_ros2_cpp:/root/ws_sensor_combined/install/px4_msgs:/root/ws_sensor_combined/install/px4_ros_com:/root/ws_sensor_combined/install/example_mode_with_executor_cpp:/root/ws_sensor_combined/install/example_mode_vtol_cpp:/root/ws_sensor_combined/install/example_mode_rtl_replacement_cpp:/root/ws_sensor_combined/install/example_mode_manual_cpp:/root/ws_sensor_combined/install/example_mode_goto_global_cpp:/root/ws_sensor_combined/install/example_mode_goto_cpp:/root/ws_sensor_combined/install/example_mode_fw_attitude_cpp:/root/ws_sensor_combined/install/example_local_navigation_cpp:/root/ws_sensor_combined/install/example_global_navigation_cpp:/root/ws_sensor_combined/install/example_executor_with_multiple_modes_cpp:/opt/ros/humble'), ('WSLENV', 'ELECTRON_RUN_AS_NODE/w:WT_SESSION:WT_PROFILE_ID:')]), 'shell': False}
[1.354493] (px4_ros_com) StdoutLine: {'line': b'-- Using all available rosidl_typesupport_cpp: rosidl_typesupport_fastrtps_cpp;rosidl_typesupport_introspection_cpp\n'}
[1.354637] (example_mode_goto_cpp) StdoutLine: {'line': b'[100%] Built target example_mode_goto\n'}
[1.355096] (example_mode_fw_attitude_cpp) CommandEnded: {'returncode': 0}
[1.356045] (example_global_navigation_cpp) StdoutLine: {'line': b'-- Install configuration: ""\n'}
[1.357234] (example_global_navigation_cpp) StdoutLine: {'line': b'-- Up-to-date: /root/ws_sensor_combined/install/example_global_navigation_cpp/lib/example_global_navigation_cpp/example_global_navigation\n'}
[1.357377] (example_global_navigation_cpp) StdoutLine: {'line': b'-- Up-to-date: /root/ws_sensor_combined/install/example_global_navigation_cpp/share/ament_index/resource_index/package_run_dependencies/example_global_navigation_cpp\n'}
[1.357750] (example_global_navigation_cpp) StdoutLine: {'line': b'-- Up-to-date: /root/ws_sensor_combined/install/example_global_navigation_cpp/share/ament_index/resource_index/parent_prefix_path/example_global_navigation_cpp\n'}
[1.358374] (example_global_navigation_cpp) StdoutLine: {'line': b'-- Up-to-date: /root/ws_sensor_combined/install/example_global_navigation_cpp/share/example_global_navigation_cpp/environment/ament_prefix_path.sh\n'}
[1.358495] (example_global_navigation_cpp) StdoutLine: {'line': b'-- Up-to-date: /root/ws_sensor_combined/install/example_global_navigation_cpp/share/example_global_navigation_cpp/environment/ament_prefix_path.dsv\n'}
[1.358830] (example_global_navigation_cpp) StdoutLine: {'line': b'-- Up-to-date: /root/ws_sensor_combined/install/example_global_navigation_cpp/share/example_global_navigation_cpp/environment/path.sh\n'}
[1.358926] (example_global_navigation_cpp) StdoutLine: {'line': b'-- Up-to-date: /root/ws_sensor_combined/install/example_global_navigation_cpp/share/example_global_navigation_cpp/environment/path.dsv\n'}
[1.359005] (example_global_navigation_cpp) StdoutLine: {'line': b'-- Up-to-date: /root/ws_sensor_combined/install/example_global_navigation_cpp/share/example_global_navigation_cpp/local_setup.bash\n'}
[1.359411] (example_global_navigation_cpp) StdoutLine: {'line': b'-- Up-to-date: /root/ws_sensor_combined/install/example_global_navigation_cpp/share/example_global_navigation_cpp/local_setup.sh\n'}
[1.359749] (example_global_navigation_cpp) StdoutLine: {'line': b'-- Up-to-date: /root/ws_sensor_combined/install/example_global_navigation_cpp/share/example_global_navigation_cpp/local_setup.zsh\n'}
[1.360078] (example_global_navigation_cpp) StdoutLine: {'line': b'-- Up-to-date: /root/ws_sensor_combined/install/example_global_navigation_cpp/share/example_global_navigation_cpp/local_setup.dsv\n'}
[1.360405] (example_global_navigation_cpp) StdoutLine: {'line': b'-- Installing: /root/ws_sensor_combined/install/example_global_navigation_cpp/share/example_global_navigation_cpp/package.dsv\n'}
[1.360478] (example_global_navigation_cpp) StdoutLine: {'line': b'-- Up-to-date: /root/ws_sensor_combined/install/example_global_navigation_cpp/share/ament_index/resource_index/packages/example_global_navigation_cpp\n'}
[1.360611] (example_global_navigation_cpp) StdoutLine: {'line': b'-- Up-to-date: /root/ws_sensor_combined/install/example_global_navigation_cpp/share/example_global_navigation_cpp/cmake/example_global_navigation_cppConfig.cmake\n'}
[1.360663] (example_global_navigation_cpp) StdoutLine: {'line': b'-- Up-to-date: /root/ws_sensor_combined/install/example_global_navigation_cpp/share/example_global_navigation_cpp/cmake/example_global_navigation_cppConfig-version.cmake\n'}
[1.360820] (example_global_navigation_cpp) StdoutLine: {'line': b'-- Up-to-date: /root/ws_sensor_combined/install/example_global_navigation_cpp/share/example_global_navigation_cpp/package.xml\n'}
[1.360885] (px4_ros_com) StdoutLine: {'line': b'-- Found eigen3_cmake_module: 0.1.1 (/opt/ros/humble/share/eigen3_cmake_module/cmake)\n'}
[1.361034] (example_mode_fw_attitude_cpp) JobProgress: {'identifier': 'example_mode_fw_attitude_cpp', 'progress': 'install'}
[1.361049] (example_mode_fw_attitude_cpp) Command: {'cmd': ['/usr/bin/cmake', '--install', '/root/ws_sensor_combined/build/example_mode_fw_attitude_cpp'], 'cwd': '/root/ws_sensor_combined/build/example_mode_fw_attitude_cpp', 'env': OrderedDict([('LESSOPEN', '| /usr/bin/lesspipe %s'), ('USER', 'root'), ('GIT_ASKPASS', '/root/.vscode-server/bin/360a4e4fd251bfce169a4ddf857c7d25d1ad40da/extensions/git/dist/askpass.sh'), ('SHLVL', '2'), ('LD_LIBRARY_PATH', '/root/ws_sensor_combined/install/px4_ros2_cpp/lib:/root/ws_sensor_combined/install/px4_msgs/lib:/root/ws_sensor_combined/install/px4_ros_com/lib:/opt/ros/humble/opt/rviz_ogre_vendor/lib:/opt/ros/humble/lib/x86_64-linux-gnu:/opt/ros/humble/lib'), ('WT_PROFILE_ID', '{4ff56d04-d9cf-57ea-bae2-ad396374e7e3}'), ('HOME', '/root'), ('TERM_PROGRAM_VERSION', '1.103.1'), ('VSCODE_IPC_HOOK_CLI', '/run/user/0/vscode-ipc-7c4c6447-ae3c-495f-b12e-4b258fca685d.sock'), ('ROS_PYTHON_VERSION', '3'), ('VSCODE_GIT_ASKPASS_MAIN', '/root/.vscode-server/bin/360a4e4fd251bfce169a4ddf857c7d25d1ad40da/extensions/git/dist/askpass-main.js'), ('VSCODE_GIT_ASKPASS_NODE', '/root/.vscode-server/bin/360a4e4fd251bfce169a4ddf857c7d25d1ad40da/node'), ('PYDEVD_DISABLE_FILE_VALIDATION', '1'), ('BUNDLED_DEBUGPY_PATH', '/root/.vscode-server/extensions/ms-python.debugpy-2025.10.0-linux-x64/bundled/libs/debugpy'), ('DBUS_SESSION_BUS_ADDRESS', 'unix:path=/run/user/0/bus'), ('COLORTERM', 'truecolor'), ('WSL_DISTRO_NAME', 'Ubuntu-22.04'), ('DEBUGINFOD_URLS', ''), ('WAYLAND_DISPLAY', 'wayland-0'), ('COLCON_PREFIX_PATH', '/root/ws_sensor_combined/install'), ('ROS_DISTRO', 'humble'), ('LOGNAME', 'root'), ('NAME', 'Code'), ('WSL_INTEROP', '/run/WSL/487_interop'), ('PULSE_SERVER', 'unix:/mnt/wslg/PulseServer'), ('_', '/usr/bin/colcon'), ('ROS_VERSION', '2'), ('TERM', 'xterm-256color'), ('ROS_LOCALHOST_ONLY', '0'), ('PATH', '/root/.vscode-server/bin/360a4e4fd251bfce169a4ddf857c7d25d1ad40da/bin/remote-cli:/opt/ros/humble/bin:/usr/local/sbin:/usr/local/bin:/usr/sbin:/usr/bin:/sbin:/bin:/usr/games:/usr/local/games:/usr/lib/wsl/lib:/mnt/c/Windows/system32:/mnt/c/Windows:/mnt/c/Windows/System32/Wbem:/mnt/c/Windows/System32/WindowsPowerShell/v1.0/:/mnt/c/Windows/System32/OpenSSH/:/mnt/c/Program Files (x86)/NVIDIA Corporation/PhysX/Common:/mnt/c/WINDOWS/system32:/mnt/c/WINDOWS:/mnt/c/WINDOWS/System32/Wbem:/mnt/c/WINDOWS/System32/WindowsPowerShell/v1.0/:/mnt/c/WINDOWS/System32/OpenSSH/:/mnt/c/Program Files/dotnet/:/mnt/c/Program Files/NVIDIA Corporation/NVIDIA App/NvDLISR:/mnt/c/Program Files/Git/cmd:/mnt/c/Users/chris/AppData/Local/Microsoft/WindowsApps:/mnt/c/Users/chris/AppData/Local/Programs/Microsoft VS Code/bin:/snap/bin:/root/.vscode-server/extensions/ms-python.debugpy-2025.10.0-linux-x64/bundled/scripts/noConfigScripts:/root/.vscode-server/data/User/globalStorage/github.copilot-chat/debugCommand'), ('WT_SESSION', '402ded2a-7e1d-4116-8c7a-81d3b47e82bd'), ('XDG_RUNTIME_DIR', '/run/user/0/'), ('DISPLAY', ':0'), ('VSCODE_DEBUGPY_ADAPTER_ENDPOINTS', '/root/.vscode-server/extensions/ms-python.debugpy-2025.10.0-linux-x64/.noConfigDebugAdapterEndpoints/endpoint-d6e2528f5321a076.txt'), ('LANG', 'en_US.UTF-8'), ('LS_COLORS', 'rs=0:di=01;34:ln=01;36:mh=00:pi=40;33:so=01;35:do=01;35:bd=40;33;01:cd=40;33;01:or=40;31;01:mi=00:su=37;41:sg=30;43:ca=30;41:tw=30;42:ow=34;42:st=37;44:ex=01;32:*.tar=01;31:*.tgz=01;31:*.arc=01;31:*.arj=01;31:*.taz=01;31:*.lha=01;31:*.lz4=01;31:*.lzh=01;31:*.lzma=01;31:*.tlz=01;31:*.txz=01;31:*.tzo=01;31:*.t7z=01;31:*.zip=01;31:*.z=01;31:*.dz=01;31:*.gz=01;31:*.lrz=01;31:*.lz=01;31:*.lzo=01;31:*.xz=01;31:*.zst=01;31:*.tzst=01;31:*.bz2=01;31:*.bz=01;31:*.tbz=01;31:*.tbz2=01;31:*.tz=01;31:*.deb=01;31:*.rpm=01;31:*.jar=01;31:*.war=01;31:*.ear=01;31:*.sar=01;31:*.rar=01;31:*.alz=01;31:*.ace=01;31:*.zoo=01;31:*.cpio=01;31:*.7z=01;31:*.rz=01;31:*.cab=01;31:*.wim=01;31:*.swm=01;31:*.dwm=01;31:*.esd=01;31:*.jpg=01;35:*.jpeg=01;35:*.mjpg=01;35:*.mjpeg=01;35:*.gif=01;35:*.bmp=01;35:*.pbm=01;35:*.pgm=01;35:*.ppm=01;35:*.tga=01;35:*.xbm=01;35:*.xpm=01;35:*.tif=01;35:*.tiff=01;35:*.png=01;35:*.svg=01;35:*.svgz=01;35:*.mng=01;35:*.pcx=01;35:*.mov=01;35:*.mpg=01;35:*.mpeg=01;35:*.m2v=01;35:*.mkv=01;35:*.webm=01;35:*.webp=01;35:*.ogm=01;35:*.mp4=01;35:*.m4v=01;35:*.mp4v=01;35:*.vob=01;35:*.qt=01;35:*.nuv=01;35:*.wmv=01;35:*.asf=01;35:*.rm=01;35:*.rmvb=01;35:*.flc=01;35:*.avi=01;35:*.fli=01;35:*.flv=01;35:*.gl=01;35:*.dl=01;35:*.xcf=01;35:*.xwd=01;35:*.yuv=01;35:*.cgm=01;35:*.emf=01;35:*.ogv=01;35:*.ogx=01;35:*.aac=00;36:*.au=00;36:*.flac=00;36:*.m4a=00;36:*.mid=00;36:*.midi=00;36:*.mka=00;36:*.mp3=00;36:*.mpc=00;36:*.ogg=00;36:*.ra=00;36:*.wav=00;36:*.oga=00;36:*.opus=00;36:*.spx=00;36:*.xspf=00;36:'), ('VSCODE_GIT_IPC_HANDLE', '/run/user/0/vscode-git-c1d1440c90.sock'), ('TERM_PROGRAM', 'vscode'), ('AMENT_PREFIX_PATH', '/root/ws_sensor_combined/install/px4_ros_com:/root/ws_sensor_combined/install/example_mode_with_executor_cpp:/root/ws_sensor_combined/install/example_mode_vtol_cpp:/root/ws_sensor_combined/install/example_mode_rtl_replacement_cpp:/root/ws_sensor_combined/install/example_mode_manual_cpp:/root/ws_sensor_combined/install/example_mode_goto_global_cpp:/root/ws_sensor_combined/install/example_mode_goto_cpp:/root/ws_sensor_combined/install/example_mode_fw_attitude_cpp:/root/ws_sensor_combined/install/example_local_navigation_cpp:/root/ws_sensor_combined/install/example_global_navigation_cpp:/root/ws_sensor_combined/install/example_executor_with_multiple_modes_cpp:/root/ws_sensor_combined/install/px4_ros2_cpp:/root/ws_sensor_combined/install/px4_msgs:/opt/ros/humble'), ('SHELL', '/bin/bash'), ('LESSCLOSE', '/usr/bin/lesspipe %s %s'), ('VSCODE_GIT_ASKPASS_EXTRA_ARGS', ''), ('PWD', '/root/ws_sensor_combined/build/example_mode_fw_attitude_cpp'), ('XDG_DATA_DIRS', '/usr/local/share:/usr/share:/var/lib/snapd/desktop'), ('PYTHONPATH', '/root/ws_sensor_combined/install/px4_ros_com/local/lib/python3.10/dist-packages:/root/ws_sensor_combined/install/px4_msgs/local/lib/python3.10/dist-packages:/opt/ros/humble/lib/python3.10/site-packages:/opt/ros/humble/local/lib/python3.10/dist-packages'), ('COLCON', '1'), ('WSL2_GUI_APPS_ENABLED', '1'), ('HOSTTYPE', 'x86_64'), ('CMAKE_PREFIX_PATH', '/root/ws_sensor_combined/install/px4_ros2_cpp:/root/ws_sensor_combined/install/px4_msgs:/root/ws_sensor_combined/install/px4_ros_com:/root/ws_sensor_combined/install/example_mode_with_executor_cpp:/root/ws_sensor_combined/install/example_mode_vtol_cpp:/root/ws_sensor_combined/install/example_mode_rtl_replacement_cpp:/root/ws_sensor_combined/install/example_mode_manual_cpp:/root/ws_sensor_combined/install/example_mode_goto_global_cpp:/root/ws_sensor_combined/install/example_mode_goto_cpp:/root/ws_sensor_combined/install/example_mode_fw_attitude_cpp:/root/ws_sensor_combined/install/example_local_navigation_cpp:/root/ws_sensor_combined/install/example_global_navigation_cpp:/root/ws_sensor_combined/install/example_executor_with_multiple_modes_cpp:/opt/ros/humble'), ('WSLENV', 'ELECTRON_RUN_AS_NODE/w:WT_SESSION:WT_PROFILE_ID:')]), 'shell': False}
[1.361384] (px4_ros_com) StdoutLine: {'line': b'-- Found geometry_msgs: 4.9.0 (/opt/ros/humble/share/geometry_msgs/cmake)\n'}
[1.361739] (example_executor_with_multiple_modes_cpp) CommandEnded: {'returncode': 0}
[1.362142] (example_mode_goto_global_cpp) StdoutLine: {'line': b'[100%] Built target example_mode_goto_global\n'}
[1.367134] (example_mode_manual_cpp) StdoutLine: {'line': b'[100%] Built target example_mode_manual\n'}
[1.370487] (example_mode_vtol_cpp) StdoutLine: {'line': b'[100%] Built target example_mode_vtol\n'}
[1.374862] (px4_ros_com) StdoutLine: {'line': b'-- Found px4_msgs: 2.0.1 (/root/ws_sensor_combined/install/px4_msgs/share/px4_msgs/cmake)\n'}
[1.377634] (example_mode_rtl_replacement_cpp) StdoutLine: {'line': b'[100%] Built target example_mode_rtl\n'}
[1.378111] (example_executor_with_multiple_modes_cpp) JobEnded: {'identifier': 'example_executor_with_multiple_modes_cpp', 'rc': 0}
[1.380593] (example_local_navigation_cpp) CommandEnded: {'returncode': 0}
[1.382529] (example_mode_fw_attitude_cpp) StdoutLine: {'line': b'-- Install configuration: ""\n'}
[1.383201] (example_mode_fw_attitude_cpp) StdoutLine: {'line': b'-- Up-to-date: /root/ws_sensor_combined/install/example_mode_fw_attitude_cpp/lib/example_mode_fw_attitude_cpp/example_mode_fw_attitude\n'}
[1.384045] (example_mode_fw_attitude_cpp) StdoutLine: {'line': b'-- Up-to-date: /root/ws_sensor_combined/install/example_mode_fw_attitude_cpp/share/ament_index/resource_index/package_run_dependencies/example_mode_fw_attitude_cpp\n'}
[1.386148] (example_mode_fw_attitude_cpp) StdoutLine: {'line': b'-- Up-to-date: /root/ws_sensor_combined/install/example_mode_fw_attitude_cpp/share/ament_index/resource_index/parent_prefix_path/example_mode_fw_attitude_cpp\n'}
[1.386345] (example_mode_fw_attitude_cpp) StdoutLine: {'line': b'-- Up-to-date: /root/ws_sensor_combined/install/example_mode_fw_attitude_cpp/share/example_mode_fw_attitude_cpp/environment/ament_prefix_path.sh\n'}
[1.386431] (example_mode_fw_attitude_cpp) StdoutLine: {'line': b'-- Up-to-date: /root/ws_sensor_combined/install/example_mode_fw_attitude_cpp/share/example_mode_fw_attitude_cpp/environment/ament_prefix_path.dsv\n'}
[1.386536] (example_mode_fw_attitude_cpp) StdoutLine: {'line': b'-- Up-to-date: /root/ws_sensor_combined/install/example_mode_fw_attitude_cpp/share/example_mode_fw_attitude_cpp/environment/path.sh\n'}
[1.386787] (example_mode_fw_attitude_cpp) StdoutLine: {'line': b'-- Up-to-date: /root/ws_sensor_combined/install/example_mode_fw_attitude_cpp/share/example_mode_fw_attitude_cpp/environment/path.dsv\n'}
[1.387337] (example_mode_fw_attitude_cpp) StdoutLine: {'line': b'-- Up-to-date: /root/ws_sensor_combined/install/example_mode_fw_attitude_cpp/share/example_mode_fw_attitude_cpp/local_setup.bash\n'}
[1.387436] (example_mode_fw_attitude_cpp) StdoutLine: {'line': b'-- Up-to-date: /root/ws_sensor_combined/install/example_mode_fw_attitude_cpp/share/example_mode_fw_attitude_cpp/local_setup.sh\n'}
[1.387520] (example_mode_fw_attitude_cpp) StdoutLine: {'line': b'-- Up-to-date: /root/ws_sensor_combined/install/example_mode_fw_attitude_cpp/share/example_mode_fw_attitude_cpp/local_setup.zsh\n'}
[1.387601] (example_mode_fw_attitude_cpp) StdoutLine: {'line': b'-- Up-to-date: /root/ws_sensor_combined/install/example_mode_fw_attitude_cpp/share/example_mode_fw_attitude_cpp/local_setup.dsv\n'}
[1.387681] (example_mode_fw_attitude_cpp) StdoutLine: {'line': b'-- Installing: /root/ws_sensor_combined/install/example_mode_fw_attitude_cpp/share/example_mode_fw_attitude_cpp/package.dsv\n'}
[1.387849] (example_mode_fw_attitude_cpp) StdoutLine: {'line': b'-- Up-to-date: /root/ws_sensor_combined/install/example_mode_fw_attitude_cpp/share/ament_index/resource_index/packages/example_mode_fw_attitude_cpp\n'}
[1.387932] (example_mode_fw_attitude_cpp) StdoutLine: {'line': b'-- Up-to-date: /root/ws_sensor_combined/install/example_mode_fw_attitude_cpp/share/example_mode_fw_attitude_cpp/cmake/example_mode_fw_attitude_cppConfig.cmake\n'}
[1.388028] (example_mode_fw_attitude_cpp) StdoutLine: {'line': b'-- Up-to-date: /root/ws_sensor_combined/install/example_mode_fw_attitude_cpp/share/example_mode_fw_attitude_cpp/cmake/example_mode_fw_attitude_cppConfig-version.cmake\n'}
[1.388111] (example_mode_fw_attitude_cpp) StdoutLine: {'line': b'-- Up-to-date: /root/ws_sensor_combined/install/example_mode_fw_attitude_cpp/share/example_mode_fw_attitude_cpp/package.xml\n'}
[1.388194] (example_local_navigation_cpp) JobProgress: {'identifier': 'example_local_navigation_cpp', 'progress': 'install'}
[1.388223] (example_local_navigation_cpp) Command: {'cmd': ['/usr/bin/cmake', '--install', '/root/ws_sensor_combined/build/example_local_navigation_cpp'], 'cwd': '/root/ws_sensor_combined/build/example_local_navigation_cpp', 'env': OrderedDict([('LESSOPEN', '| /usr/bin/lesspipe %s'), ('USER', 'root'), ('GIT_ASKPASS', '/root/.vscode-server/bin/360a4e4fd251bfce169a4ddf857c7d25d1ad40da/extensions/git/dist/askpass.sh'), ('SHLVL', '2'), ('LD_LIBRARY_PATH', '/root/ws_sensor_combined/install/px4_ros2_cpp/lib:/root/ws_sensor_combined/install/px4_msgs/lib:/root/ws_sensor_combined/install/px4_ros_com/lib:/opt/ros/humble/opt/rviz_ogre_vendor/lib:/opt/ros/humble/lib/x86_64-linux-gnu:/opt/ros/humble/lib'), ('WT_PROFILE_ID', '{4ff56d04-d9cf-57ea-bae2-ad396374e7e3}'), ('HOME', '/root'), ('TERM_PROGRAM_VERSION', '1.103.1'), ('VSCODE_IPC_HOOK_CLI', '/run/user/0/vscode-ipc-7c4c6447-ae3c-495f-b12e-4b258fca685d.sock'), ('ROS_PYTHON_VERSION', '3'), ('VSCODE_GIT_ASKPASS_MAIN', '/root/.vscode-server/bin/360a4e4fd251bfce169a4ddf857c7d25d1ad40da/extensions/git/dist/askpass-main.js'), ('VSCODE_GIT_ASKPASS_NODE', '/root/.vscode-server/bin/360a4e4fd251bfce169a4ddf857c7d25d1ad40da/node'), ('PYDEVD_DISABLE_FILE_VALIDATION', '1'), ('BUNDLED_DEBUGPY_PATH', '/root/.vscode-server/extensions/ms-python.debugpy-2025.10.0-linux-x64/bundled/libs/debugpy'), ('DBUS_SESSION_BUS_ADDRESS', 'unix:path=/run/user/0/bus'), ('COLORTERM', 'truecolor'), ('WSL_DISTRO_NAME', 'Ubuntu-22.04'), ('DEBUGINFOD_URLS', ''), ('WAYLAND_DISPLAY', 'wayland-0'), ('COLCON_PREFIX_PATH', '/root/ws_sensor_combined/install'), ('ROS_DISTRO', 'humble'), ('LOGNAME', 'root'), ('NAME', 'Code'), ('WSL_INTEROP', '/run/WSL/487_interop'), ('PULSE_SERVER', 'unix:/mnt/wslg/PulseServer'), ('_', '/usr/bin/colcon'), ('ROS_VERSION', '2'), ('TERM', 'xterm-256color'), ('ROS_LOCALHOST_ONLY', '0'), ('PATH', '/root/.vscode-server/bin/360a4e4fd251bfce169a4ddf857c7d25d1ad40da/bin/remote-cli:/opt/ros/humble/bin:/usr/local/sbin:/usr/local/bin:/usr/sbin:/usr/bin:/sbin:/bin:/usr/games:/usr/local/games:/usr/lib/wsl/lib:/mnt/c/Windows/system32:/mnt/c/Windows:/mnt/c/Windows/System32/Wbem:/mnt/c/Windows/System32/WindowsPowerShell/v1.0/:/mnt/c/Windows/System32/OpenSSH/:/mnt/c/Program Files (x86)/NVIDIA Corporation/PhysX/Common:/mnt/c/WINDOWS/system32:/mnt/c/WINDOWS:/mnt/c/WINDOWS/System32/Wbem:/mnt/c/WINDOWS/System32/WindowsPowerShell/v1.0/:/mnt/c/WINDOWS/System32/OpenSSH/:/mnt/c/Program Files/dotnet/:/mnt/c/Program Files/NVIDIA Corporation/NVIDIA App/NvDLISR:/mnt/c/Program Files/Git/cmd:/mnt/c/Users/chris/AppData/Local/Microsoft/WindowsApps:/mnt/c/Users/chris/AppData/Local/Programs/Microsoft VS Code/bin:/snap/bin:/root/.vscode-server/extensions/ms-python.debugpy-2025.10.0-linux-x64/bundled/scripts/noConfigScripts:/root/.vscode-server/data/User/globalStorage/github.copilot-chat/debugCommand'), ('WT_SESSION', '402ded2a-7e1d-4116-8c7a-81d3b47e82bd'), ('XDG_RUNTIME_DIR', '/run/user/0/'), ('DISPLAY', ':0'), ('VSCODE_DEBUGPY_ADAPTER_ENDPOINTS', '/root/.vscode-server/extensions/ms-python.debugpy-2025.10.0-linux-x64/.noConfigDebugAdapterEndpoints/endpoint-d6e2528f5321a076.txt'), ('LANG', 'en_US.UTF-8'), ('LS_COLORS', 'rs=0:di=01;34:ln=01;36:mh=00:pi=40;33:so=01;35:do=01;35:bd=40;33;01:cd=40;33;01:or=40;31;01:mi=00:su=37;41:sg=30;43:ca=30;41:tw=30;42:ow=34;42:st=37;44:ex=01;32:*.tar=01;31:*.tgz=01;31:*.arc=01;31:*.arj=01;31:*.taz=01;31:*.lha=01;31:*.lz4=01;31:*.lzh=01;31:*.lzma=01;31:*.tlz=01;31:*.txz=01;31:*.tzo=01;31:*.t7z=01;31:*.zip=01;31:*.z=01;31:*.dz=01;31:*.gz=01;31:*.lrz=01;31:*.lz=01;31:*.lzo=01;31:*.xz=01;31:*.zst=01;31:*.tzst=01;31:*.bz2=01;31:*.bz=01;31:*.tbz=01;31:*.tbz2=01;31:*.tz=01;31:*.deb=01;31:*.rpm=01;31:*.jar=01;31:*.war=01;31:*.ear=01;31:*.sar=01;31:*.rar=01;31:*.alz=01;31:*.ace=01;31:*.zoo=01;31:*.cpio=01;31:*.7z=01;31:*.rz=01;31:*.cab=01;31:*.wim=01;31:*.swm=01;31:*.dwm=01;31:*.esd=01;31:*.jpg=01;35:*.jpeg=01;35:*.mjpg=01;35:*.mjpeg=01;35:*.gif=01;35:*.bmp=01;35:*.pbm=01;35:*.pgm=01;35:*.ppm=01;35:*.tga=01;35:*.xbm=01;35:*.xpm=01;35:*.tif=01;35:*.tiff=01;35:*.png=01;35:*.svg=01;35:*.svgz=01;35:*.mng=01;35:*.pcx=01;35:*.mov=01;35:*.mpg=01;35:*.mpeg=01;35:*.m2v=01;35:*.mkv=01;35:*.webm=01;35:*.webp=01;35:*.ogm=01;35:*.mp4=01;35:*.m4v=01;35:*.mp4v=01;35:*.vob=01;35:*.qt=01;35:*.nuv=01;35:*.wmv=01;35:*.asf=01;35:*.rm=01;35:*.rmvb=01;35:*.flc=01;35:*.avi=01;35:*.fli=01;35:*.flv=01;35:*.gl=01;35:*.dl=01;35:*.xcf=01;35:*.xwd=01;35:*.yuv=01;35:*.cgm=01;35:*.emf=01;35:*.ogv=01;35:*.ogx=01;35:*.aac=00;36:*.au=00;36:*.flac=00;36:*.m4a=00;36:*.mid=00;36:*.midi=00;36:*.mka=00;36:*.mp3=00;36:*.mpc=00;36:*.ogg=00;36:*.ra=00;36:*.wav=00;36:*.oga=00;36:*.opus=00;36:*.spx=00;36:*.xspf=00;36:'), ('VSCODE_GIT_IPC_HANDLE', '/run/user/0/vscode-git-c1d1440c90.sock'), ('TERM_PROGRAM', 'vscode'), ('AMENT_PREFIX_PATH', '/root/ws_sensor_combined/install/px4_ros_com:/root/ws_sensor_combined/install/example_mode_with_executor_cpp:/root/ws_sensor_combined/install/example_mode_vtol_cpp:/root/ws_sensor_combined/install/example_mode_rtl_replacement_cpp:/root/ws_sensor_combined/install/example_mode_manual_cpp:/root/ws_sensor_combined/install/example_mode_goto_global_cpp:/root/ws_sensor_combined/install/example_mode_goto_cpp:/root/ws_sensor_combined/install/example_mode_fw_attitude_cpp:/root/ws_sensor_combined/install/example_local_navigation_cpp:/root/ws_sensor_combined/install/example_global_navigation_cpp:/root/ws_sensor_combined/install/example_executor_with_multiple_modes_cpp:/root/ws_sensor_combined/install/px4_ros2_cpp:/root/ws_sensor_combined/install/px4_msgs:/opt/ros/humble'), ('SHELL', '/bin/bash'), ('LESSCLOSE', '/usr/bin/lesspipe %s %s'), ('VSCODE_GIT_ASKPASS_EXTRA_ARGS', ''), ('PWD', '/root/ws_sensor_combined/build/example_local_navigation_cpp'), ('XDG_DATA_DIRS', '/usr/local/share:/usr/share:/var/lib/snapd/desktop'), ('PYTHONPATH', '/root/ws_sensor_combined/install/px4_ros_com/local/lib/python3.10/dist-packages:/root/ws_sensor_combined/install/px4_msgs/local/lib/python3.10/dist-packages:/opt/ros/humble/lib/python3.10/site-packages:/opt/ros/humble/local/lib/python3.10/dist-packages'), ('COLCON', '1'), ('WSL2_GUI_APPS_ENABLED', '1'), ('HOSTTYPE', 'x86_64'), ('CMAKE_PREFIX_PATH', '/root/ws_sensor_combined/install/px4_ros2_cpp:/root/ws_sensor_combined/install/px4_msgs:/root/ws_sensor_combined/install/px4_ros_com:/root/ws_sensor_combined/install/example_mode_with_executor_cpp:/root/ws_sensor_combined/install/example_mode_vtol_cpp:/root/ws_sensor_combined/install/example_mode_rtl_replacement_cpp:/root/ws_sensor_combined/install/example_mode_manual_cpp:/root/ws_sensor_combined/install/example_mode_goto_global_cpp:/root/ws_sensor_combined/install/example_mode_goto_cpp:/root/ws_sensor_combined/install/example_mode_fw_attitude_cpp:/root/ws_sensor_combined/install/example_local_navigation_cpp:/root/ws_sensor_combined/install/example_global_navigation_cpp:/root/ws_sensor_combined/install/example_executor_with_multiple_modes_cpp:/opt/ros/humble'), ('WSLENV', 'ELECTRON_RUN_AS_NODE/w:WT_SESSION:WT_PROFILE_ID:')]), 'shell': False}
[1.388700] (px4_ros_com) StdoutLine: {'line': b'-- Found rclcpp: 16.0.14 (/opt/ros/humble/share/rclcpp/cmake)\n'}
[1.389435] (example_global_navigation_cpp) CommandEnded: {'returncode': 0}
[1.389790] (example_local_navigation_cpp) StdoutLine: {'line': b'-- Install configuration: ""\n'}
[1.389955] (example_local_navigation_cpp) StdoutLine: {'line': b'-- Up-to-date: /root/ws_sensor_combined/install/example_local_navigation_cpp/lib/example_local_navigation_cpp/example_local_navigation\n'}
[1.390040] (example_local_navigation_cpp) StdoutLine: {'line': b'-- Up-to-date: /root/ws_sensor_combined/install/example_local_navigation_cpp/share/ament_index/resource_index/package_run_dependencies/example_local_navigation_cpp\n'}
[1.390126] (example_local_navigation_cpp) StdoutLine: {'line': b'-- Up-to-date: /root/ws_sensor_combined/install/example_local_navigation_cpp/share/ament_index/resource_index/parent_prefix_path/example_local_navigation_cpp\n'}
[1.390209] (example_local_navigation_cpp) StdoutLine: {'line': b'-- Up-to-date: /root/ws_sensor_combined/install/example_local_navigation_cpp/share/example_local_navigation_cpp/environment/ament_prefix_path.sh\n'}
[1.390291] (example_local_navigation_cpp) StdoutLine: {'line': b'-- Up-to-date: /root/ws_sensor_combined/install/example_local_navigation_cpp/share/example_local_navigation_cpp/environment/ament_prefix_path.dsv\n'}
[1.390365] (example_local_navigation_cpp) StdoutLine: {'line': b'-- Up-to-date: /root/ws_sensor_combined/install/example_local_navigation_cpp/share/example_local_navigation_cpp/environment/path.sh\n'}
[1.390427] (example_local_navigation_cpp) StdoutLine: {'line': b'-- Up-to-date: /root/ws_sensor_combined/install/example_local_navigation_cpp/share/example_local_navigation_cpp/environment/path.dsv\n'}
[1.390457] (example_local_navigation_cpp) StdoutLine: {'line': b'-- Up-to-date: /root/ws_sensor_combined/install/example_local_navigation_cpp/share/example_local_navigation_cpp/local_setup.bash\n'}
[1.390538] (example_local_navigation_cpp) StdoutLine: {'line': b'-- Up-to-date: /root/ws_sensor_combined/install/example_local_navigation_cpp/share/example_local_navigation_cpp/local_setup.sh\n'}
[1.390619] (example_local_navigation_cpp) StdoutLine: {'line': b'-- Up-to-date: /root/ws_sensor_combined/install/example_local_navigation_cpp/share/example_local_navigation_cpp/local_setup.zsh\n'}
[1.390700] (example_local_navigation_cpp) StdoutLine: {'line': b'-- Up-to-date: /root/ws_sensor_combined/install/example_local_navigation_cpp/share/example_local_navigation_cpp/local_setup.dsv\n'}
[1.390781] (example_local_navigation_cpp) StdoutLine: {'line': b'-- Installing: /root/ws_sensor_combined/install/example_local_navigation_cpp/share/example_local_navigation_cpp/package.dsv\n'}
[1.390862] (example_local_navigation_cpp) StdoutLine: {'line': b'-- Up-to-date: /root/ws_sensor_combined/install/example_local_navigation_cpp/share/ament_index/resource_index/packages/example_local_navigation_cpp\n'}
[1.390944] (example_local_navigation_cpp) StdoutLine: {'line': b'-- Up-to-date: /root/ws_sensor_combined/install/example_local_navigation_cpp/share/example_local_navigation_cpp/cmake/example_local_navigation_cppConfig.cmake\n'}
[1.391025] (example_local_navigation_cpp) StdoutLine: {'line': b'-- Up-to-date: /root/ws_sensor_combined/install/example_local_navigation_cpp/share/example_local_navigation_cpp/cmake/example_local_navigation_cppConfig-version.cmake\n'}
[1.391086] (example_local_navigation_cpp) StdoutLine: {'line': b'-- Up-to-date: /root/ws_sensor_combined/install/example_local_navigation_cpp/share/example_local_navigation_cpp/package.xml\n'}
[1.391179] (example_mode_with_executor_cpp) StdoutLine: {'line': b'[100%] Built target example_mode_with_executor\n'}
[1.397162] (px4_ros_com) StdoutLine: {'line': b'-- Found rmw_implementation_cmake: 6.1.2 (/opt/ros/humble/share/rmw_implementation_cmake/cmake)\n'}
[1.397697] (px4_ros_com) StdoutLine: {'line': b'-- Found rmw_fastrtps_cpp: 6.2.8 (/opt/ros/humble/share/rmw_fastrtps_cpp/cmake)\n'}
[1.399200] (example_global_navigation_cpp) JobEnded: {'identifier': 'example_global_navigation_cpp', 'rc': 0}
[1.400620] (example_mode_goto_cpp) CommandEnded: {'returncode': 0}
[1.402135] (example_mode_goto_cpp) JobProgress: {'identifier': 'example_mode_goto_cpp', 'progress': 'install'}
[1.402277] (example_mode_goto_cpp) Command: {'cmd': ['/usr/bin/cmake', '--install', '/root/ws_sensor_combined/build/example_mode_goto_cpp'], 'cwd': '/root/ws_sensor_combined/build/example_mode_goto_cpp', 'env': OrderedDict([('LESSOPEN', '| /usr/bin/lesspipe %s'), ('USER', 'root'), ('GIT_ASKPASS', '/root/.vscode-server/bin/360a4e4fd251bfce169a4ddf857c7d25d1ad40da/extensions/git/dist/askpass.sh'), ('SHLVL', '2'), ('LD_LIBRARY_PATH', '/root/ws_sensor_combined/install/px4_ros2_cpp/lib:/root/ws_sensor_combined/install/px4_msgs/lib:/root/ws_sensor_combined/install/px4_ros_com/lib:/opt/ros/humble/opt/rviz_ogre_vendor/lib:/opt/ros/humble/lib/x86_64-linux-gnu:/opt/ros/humble/lib'), ('WT_PROFILE_ID', '{4ff56d04-d9cf-57ea-bae2-ad396374e7e3}'), ('HOME', '/root'), ('TERM_PROGRAM_VERSION', '1.103.1'), ('VSCODE_IPC_HOOK_CLI', '/run/user/0/vscode-ipc-7c4c6447-ae3c-495f-b12e-4b258fca685d.sock'), ('ROS_PYTHON_VERSION', '3'), ('VSCODE_GIT_ASKPASS_MAIN', '/root/.vscode-server/bin/360a4e4fd251bfce169a4ddf857c7d25d1ad40da/extensions/git/dist/askpass-main.js'), ('VSCODE_GIT_ASKPASS_NODE', '/root/.vscode-server/bin/360a4e4fd251bfce169a4ddf857c7d25d1ad40da/node'), ('PYDEVD_DISABLE_FILE_VALIDATION', '1'), ('BUNDLED_DEBUGPY_PATH', '/root/.vscode-server/extensions/ms-python.debugpy-2025.10.0-linux-x64/bundled/libs/debugpy'), ('DBUS_SESSION_BUS_ADDRESS', 'unix:path=/run/user/0/bus'), ('COLORTERM', 'truecolor'), ('WSL_DISTRO_NAME', 'Ubuntu-22.04'), ('DEBUGINFOD_URLS', ''), ('WAYLAND_DISPLAY', 'wayland-0'), ('COLCON_PREFIX_PATH', '/root/ws_sensor_combined/install'), ('ROS_DISTRO', 'humble'), ('LOGNAME', 'root'), ('NAME', 'Code'), ('WSL_INTEROP', '/run/WSL/487_interop'), ('PULSE_SERVER', 'unix:/mnt/wslg/PulseServer'), ('_', '/usr/bin/colcon'), ('ROS_VERSION', '2'), ('TERM', 'xterm-256color'), ('ROS_LOCALHOST_ONLY', '0'), ('PATH', '/root/.vscode-server/bin/360a4e4fd251bfce169a4ddf857c7d25d1ad40da/bin/remote-cli:/opt/ros/humble/bin:/usr/local/sbin:/usr/local/bin:/usr/sbin:/usr/bin:/sbin:/bin:/usr/games:/usr/local/games:/usr/lib/wsl/lib:/mnt/c/Windows/system32:/mnt/c/Windows:/mnt/c/Windows/System32/Wbem:/mnt/c/Windows/System32/WindowsPowerShell/v1.0/:/mnt/c/Windows/System32/OpenSSH/:/mnt/c/Program Files (x86)/NVIDIA Corporation/PhysX/Common:/mnt/c/WINDOWS/system32:/mnt/c/WINDOWS:/mnt/c/WINDOWS/System32/Wbem:/mnt/c/WINDOWS/System32/WindowsPowerShell/v1.0/:/mnt/c/WINDOWS/System32/OpenSSH/:/mnt/c/Program Files/dotnet/:/mnt/c/Program Files/NVIDIA Corporation/NVIDIA App/NvDLISR:/mnt/c/Program Files/Git/cmd:/mnt/c/Users/chris/AppData/Local/Microsoft/WindowsApps:/mnt/c/Users/chris/AppData/Local/Programs/Microsoft VS Code/bin:/snap/bin:/root/.vscode-server/extensions/ms-python.debugpy-2025.10.0-linux-x64/bundled/scripts/noConfigScripts:/root/.vscode-server/data/User/globalStorage/github.copilot-chat/debugCommand'), ('WT_SESSION', '402ded2a-7e1d-4116-8c7a-81d3b47e82bd'), ('XDG_RUNTIME_DIR', '/run/user/0/'), ('DISPLAY', ':0'), ('VSCODE_DEBUGPY_ADAPTER_ENDPOINTS', '/root/.vscode-server/extensions/ms-python.debugpy-2025.10.0-linux-x64/.noConfigDebugAdapterEndpoints/endpoint-d6e2528f5321a076.txt'), ('LANG', 'en_US.UTF-8'), ('LS_COLORS', 'rs=0:di=01;34:ln=01;36:mh=00:pi=40;33:so=01;35:do=01;35:bd=40;33;01:cd=40;33;01:or=40;31;01:mi=00:su=37;41:sg=30;43:ca=30;41:tw=30;42:ow=34;42:st=37;44:ex=01;32:*.tar=01;31:*.tgz=01;31:*.arc=01;31:*.arj=01;31:*.taz=01;31:*.lha=01;31:*.lz4=01;31:*.lzh=01;31:*.lzma=01;31:*.tlz=01;31:*.txz=01;31:*.tzo=01;31:*.t7z=01;31:*.zip=01;31:*.z=01;31:*.dz=01;31:*.gz=01;31:*.lrz=01;31:*.lz=01;31:*.lzo=01;31:*.xz=01;31:*.zst=01;31:*.tzst=01;31:*.bz2=01;31:*.bz=01;31:*.tbz=01;31:*.tbz2=01;31:*.tz=01;31:*.deb=01;31:*.rpm=01;31:*.jar=01;31:*.war=01;31:*.ear=01;31:*.sar=01;31:*.rar=01;31:*.alz=01;31:*.ace=01;31:*.zoo=01;31:*.cpio=01;31:*.7z=01;31:*.rz=01;31:*.cab=01;31:*.wim=01;31:*.swm=01;31:*.dwm=01;31:*.esd=01;31:*.jpg=01;35:*.jpeg=01;35:*.mjpg=01;35:*.mjpeg=01;35:*.gif=01;35:*.bmp=01;35:*.pbm=01;35:*.pgm=01;35:*.ppm=01;35:*.tga=01;35:*.xbm=01;35:*.xpm=01;35:*.tif=01;35:*.tiff=01;35:*.png=01;35:*.svg=01;35:*.svgz=01;35:*.mng=01;35:*.pcx=01;35:*.mov=01;35:*.mpg=01;35:*.mpeg=01;35:*.m2v=01;35:*.mkv=01;35:*.webm=01;35:*.webp=01;35:*.ogm=01;35:*.mp4=01;35:*.m4v=01;35:*.mp4v=01;35:*.vob=01;35:*.qt=01;35:*.nuv=01;35:*.wmv=01;35:*.asf=01;35:*.rm=01;35:*.rmvb=01;35:*.flc=01;35:*.avi=01;35:*.fli=01;35:*.flv=01;35:*.gl=01;35:*.dl=01;35:*.xcf=01;35:*.xwd=01;35:*.yuv=01;35:*.cgm=01;35:*.emf=01;35:*.ogv=01;35:*.ogx=01;35:*.aac=00;36:*.au=00;36:*.flac=00;36:*.m4a=00;36:*.mid=00;36:*.midi=00;36:*.mka=00;36:*.mp3=00;36:*.mpc=00;36:*.ogg=00;36:*.ra=00;36:*.wav=00;36:*.oga=00;36:*.opus=00;36:*.spx=00;36:*.xspf=00;36:'), ('VSCODE_GIT_IPC_HANDLE', '/run/user/0/vscode-git-c1d1440c90.sock'), ('TERM_PROGRAM', 'vscode'), ('AMENT_PREFIX_PATH', '/root/ws_sensor_combined/install/px4_ros_com:/root/ws_sensor_combined/install/example_mode_with_executor_cpp:/root/ws_sensor_combined/install/example_mode_vtol_cpp:/root/ws_sensor_combined/install/example_mode_rtl_replacement_cpp:/root/ws_sensor_combined/install/example_mode_manual_cpp:/root/ws_sensor_combined/install/example_mode_goto_global_cpp:/root/ws_sensor_combined/install/example_mode_goto_cpp:/root/ws_sensor_combined/install/example_mode_fw_attitude_cpp:/root/ws_sensor_combined/install/example_local_navigation_cpp:/root/ws_sensor_combined/install/example_global_navigation_cpp:/root/ws_sensor_combined/install/example_executor_with_multiple_modes_cpp:/root/ws_sensor_combined/install/px4_ros2_cpp:/root/ws_sensor_combined/install/px4_msgs:/opt/ros/humble'), ('SHELL', '/bin/bash'), ('LESSCLOSE', '/usr/bin/lesspipe %s %s'), ('VSCODE_GIT_ASKPASS_EXTRA_ARGS', ''), ('PWD', '/root/ws_sensor_combined/build/example_mode_goto_cpp'), ('XDG_DATA_DIRS', '/usr/local/share:/usr/share:/var/lib/snapd/desktop'), ('PYTHONPATH', '/root/ws_sensor_combined/install/px4_ros_com/local/lib/python3.10/dist-packages:/root/ws_sensor_combined/install/px4_msgs/local/lib/python3.10/dist-packages:/opt/ros/humble/lib/python3.10/site-packages:/opt/ros/humble/local/lib/python3.10/dist-packages'), ('COLCON', '1'), ('WSL2_GUI_APPS_ENABLED', '1'), ('HOSTTYPE', 'x86_64'), ('CMAKE_PREFIX_PATH', '/root/ws_sensor_combined/install/px4_ros2_cpp:/root/ws_sensor_combined/install/px4_msgs:/root/ws_sensor_combined/install/px4_ros_com:/root/ws_sensor_combined/install/example_mode_with_executor_cpp:/root/ws_sensor_combined/install/example_mode_vtol_cpp:/root/ws_sensor_combined/install/example_mode_rtl_replacement_cpp:/root/ws_sensor_combined/install/example_mode_manual_cpp:/root/ws_sensor_combined/install/example_mode_goto_global_cpp:/root/ws_sensor_combined/install/example_mode_goto_cpp:/root/ws_sensor_combined/install/example_mode_fw_attitude_cpp:/root/ws_sensor_combined/install/example_local_navigation_cpp:/root/ws_sensor_combined/install/example_global_navigation_cpp:/root/ws_sensor_combined/install/example_executor_with_multiple_modes_cpp:/opt/ros/humble'), ('WSLENV', 'ELECTRON_RUN_AS_NODE/w:WT_SESSION:WT_PROFILE_ID:')]), 'shell': False}
[1.402684] (example_mode_fw_attitude_cpp) CommandEnded: {'returncode': 0}
[1.405836] (example_mode_goto_cpp) StdoutLine: {'line': b'-- Install configuration: ""\n'}
[1.406338] (example_mode_goto_cpp) StdoutLine: {'line': b'-- Up-to-date: /root/ws_sensor_combined/install/example_mode_goto_cpp/lib/example_mode_goto_cpp/example_mode_goto\n'}
[1.406579] (-) TimerEvent: {}
[1.407073] (example_mode_goto_cpp) StdoutLine: {'line': b'-- Up-to-date: /root/ws_sensor_combined/install/example_mode_goto_cpp/share/ament_index/resource_index/package_run_dependencies/example_mode_goto_cpp\n'}
[1.407307] (example_mode_goto_cpp) StdoutLine: {'line': b'-- Up-to-date: /root/ws_sensor_combined/install/example_mode_goto_cpp/share/ament_index/resource_index/parent_prefix_path/example_mode_goto_cpp\n'}
[1.407489] (example_mode_goto_cpp) StdoutLine: {'line': b'-- Up-to-date: /root/ws_sensor_combined/install/example_mode_goto_cpp/share/example_mode_goto_cpp/environment/ament_prefix_path.sh\n'}
[1.407668] (example_mode_goto_cpp) StdoutLine: {'line': b'-- Up-to-date: /root/ws_sensor_combined/install/example_mode_goto_cpp/share/example_mode_goto_cpp/environment/ament_prefix_path.dsv\n'}
[1.407752] (example_mode_goto_cpp) StdoutLine: {'line': b'-- Up-to-date: /root/ws_sensor_combined/install/example_mode_goto_cpp/share/example_mode_goto_cpp/environment/path.sh\n'}
[1.407834] (example_mode_goto_cpp) StdoutLine: {'line': b'-- Up-to-date: /root/ws_sensor_combined/install/example_mode_goto_cpp/share/example_mode_goto_cpp/environment/path.dsv\n'}
[1.407915] (example_mode_goto_cpp) StdoutLine: {'line': b'-- Up-to-date: /root/ws_sensor_combined/install/example_mode_goto_cpp/share/example_mode_goto_cpp/local_setup.bash\n'}
[1.407978] (example_mode_goto_cpp) StdoutLine: {'line': b'-- Up-to-date: /root/ws_sensor_combined/install/example_mode_goto_cpp/share/example_mode_goto_cpp/local_setup.sh\n'}
[1.408014] (example_mode_goto_cpp) StdoutLine: {'line': b'-- Up-to-date: /root/ws_sensor_combined/install/example_mode_goto_cpp/share/example_mode_goto_cpp/local_setup.zsh\n'}
[1.408097] (example_mode_goto_cpp) StdoutLine: {'line': b'-- Up-to-date: /root/ws_sensor_combined/install/example_mode_goto_cpp/share/example_mode_goto_cpp/local_setup.dsv\n'}
[1.408177] (example_mode_goto_cpp) StdoutLine: {'line': b'-- Installing: /root/ws_sensor_combined/install/example_mode_goto_cpp/share/example_mode_goto_cpp/package.dsv\n'}
[1.408499] (example_mode_goto_cpp) StdoutLine: {'line': b'-- Up-to-date: /root/ws_sensor_combined/install/example_mode_goto_cpp/share/ament_index/resource_index/packages/example_mode_goto_cpp\n'}
[1.408586] (example_mode_goto_cpp) StdoutLine: {'line': b'-- Up-to-date: /root/ws_sensor_combined/install/example_mode_goto_cpp/share/example_mode_goto_cpp/cmake/example_mode_goto_cppConfig.cmake\n'}
[1.408670] (example_mode_goto_cpp) StdoutLine: {'line': b'-- Up-to-date: /root/ws_sensor_combined/install/example_mode_goto_cpp/share/example_mode_goto_cpp/cmake/example_mode_goto_cppConfig-version.cmake\n'}
[1.408752] (example_mode_goto_cpp) StdoutLine: {'line': b'-- Up-to-date: /root/ws_sensor_combined/install/example_mode_goto_cpp/share/example_mode_goto_cpp/package.xml\n'}
[1.412930] (example_mode_fw_attitude_cpp) JobEnded: {'identifier': 'example_mode_fw_attitude_cpp', 'rc': 0}
[1.414896] (example_mode_goto_global_cpp) CommandEnded: {'returncode': 0}
[1.415469] (example_mode_goto_global_cpp) JobProgress: {'identifier': 'example_mode_goto_global_cpp', 'progress': 'install'}
[1.415549] (example_mode_goto_global_cpp) Command: {'cmd': ['/usr/bin/cmake', '--install', '/root/ws_sensor_combined/build/example_mode_goto_global_cpp'], 'cwd': '/root/ws_sensor_combined/build/example_mode_goto_global_cpp', 'env': OrderedDict([('LESSOPEN', '| /usr/bin/lesspipe %s'), ('USER', 'root'), ('GIT_ASKPASS', '/root/.vscode-server/bin/360a4e4fd251bfce169a4ddf857c7d25d1ad40da/extensions/git/dist/askpass.sh'), ('SHLVL', '2'), ('LD_LIBRARY_PATH', '/root/ws_sensor_combined/install/px4_ros2_cpp/lib:/root/ws_sensor_combined/install/px4_msgs/lib:/root/ws_sensor_combined/install/px4_ros_com/lib:/opt/ros/humble/opt/rviz_ogre_vendor/lib:/opt/ros/humble/lib/x86_64-linux-gnu:/opt/ros/humble/lib'), ('WT_PROFILE_ID', '{4ff56d04-d9cf-57ea-bae2-ad396374e7e3}'), ('HOME', '/root'), ('TERM_PROGRAM_VERSION', '1.103.1'), ('VSCODE_IPC_HOOK_CLI', '/run/user/0/vscode-ipc-7c4c6447-ae3c-495f-b12e-4b258fca685d.sock'), ('ROS_PYTHON_VERSION', '3'), ('VSCODE_GIT_ASKPASS_MAIN', '/root/.vscode-server/bin/360a4e4fd251bfce169a4ddf857c7d25d1ad40da/extensions/git/dist/askpass-main.js'), ('VSCODE_GIT_ASKPASS_NODE', '/root/.vscode-server/bin/360a4e4fd251bfce169a4ddf857c7d25d1ad40da/node'), ('PYDEVD_DISABLE_FILE_VALIDATION', '1'), ('BUNDLED_DEBUGPY_PATH', '/root/.vscode-server/extensions/ms-python.debugpy-2025.10.0-linux-x64/bundled/libs/debugpy'), ('DBUS_SESSION_BUS_ADDRESS', 'unix:path=/run/user/0/bus'), ('COLORTERM', 'truecolor'), ('WSL_DISTRO_NAME', 'Ubuntu-22.04'), ('DEBUGINFOD_URLS', ''), ('WAYLAND_DISPLAY', 'wayland-0'), ('COLCON_PREFIX_PATH', '/root/ws_sensor_combined/install'), ('ROS_DISTRO', 'humble'), ('LOGNAME', 'root'), ('NAME', 'Code'), ('WSL_INTEROP', '/run/WSL/487_interop'), ('PULSE_SERVER', 'unix:/mnt/wslg/PulseServer'), ('_', '/usr/bin/colcon'), ('ROS_VERSION', '2'), ('TERM', 'xterm-256color'), ('ROS_LOCALHOST_ONLY', '0'), ('PATH', '/root/.vscode-server/bin/360a4e4fd251bfce169a4ddf857c7d25d1ad40da/bin/remote-cli:/opt/ros/humble/bin:/usr/local/sbin:/usr/local/bin:/usr/sbin:/usr/bin:/sbin:/bin:/usr/games:/usr/local/games:/usr/lib/wsl/lib:/mnt/c/Windows/system32:/mnt/c/Windows:/mnt/c/Windows/System32/Wbem:/mnt/c/Windows/System32/WindowsPowerShell/v1.0/:/mnt/c/Windows/System32/OpenSSH/:/mnt/c/Program Files (x86)/NVIDIA Corporation/PhysX/Common:/mnt/c/WINDOWS/system32:/mnt/c/WINDOWS:/mnt/c/WINDOWS/System32/Wbem:/mnt/c/WINDOWS/System32/WindowsPowerShell/v1.0/:/mnt/c/WINDOWS/System32/OpenSSH/:/mnt/c/Program Files/dotnet/:/mnt/c/Program Files/NVIDIA Corporation/NVIDIA App/NvDLISR:/mnt/c/Program Files/Git/cmd:/mnt/c/Users/chris/AppData/Local/Microsoft/WindowsApps:/mnt/c/Users/chris/AppData/Local/Programs/Microsoft VS Code/bin:/snap/bin:/root/.vscode-server/extensions/ms-python.debugpy-2025.10.0-linux-x64/bundled/scripts/noConfigScripts:/root/.vscode-server/data/User/globalStorage/github.copilot-chat/debugCommand'), ('WT_SESSION', '402ded2a-7e1d-4116-8c7a-81d3b47e82bd'), ('XDG_RUNTIME_DIR', '/run/user/0/'), ('DISPLAY', ':0'), ('VSCODE_DEBUGPY_ADAPTER_ENDPOINTS', '/root/.vscode-server/extensions/ms-python.debugpy-2025.10.0-linux-x64/.noConfigDebugAdapterEndpoints/endpoint-d6e2528f5321a076.txt'), ('LANG', 'en_US.UTF-8'), ('LS_COLORS', 'rs=0:di=01;34:ln=01;36:mh=00:pi=40;33:so=01;35:do=01;35:bd=40;33;01:cd=40;33;01:or=40;31;01:mi=00:su=37;41:sg=30;43:ca=30;41:tw=30;42:ow=34;42:st=37;44:ex=01;32:*.tar=01;31:*.tgz=01;31:*.arc=01;31:*.arj=01;31:*.taz=01;31:*.lha=01;31:*.lz4=01;31:*.lzh=01;31:*.lzma=01;31:*.tlz=01;31:*.txz=01;31:*.tzo=01;31:*.t7z=01;31:*.zip=01;31:*.z=01;31:*.dz=01;31:*.gz=01;31:*.lrz=01;31:*.lz=01;31:*.lzo=01;31:*.xz=01;31:*.zst=01;31:*.tzst=01;31:*.bz2=01;31:*.bz=01;31:*.tbz=01;31:*.tbz2=01;31:*.tz=01;31:*.deb=01;31:*.rpm=01;31:*.jar=01;31:*.war=01;31:*.ear=01;31:*.sar=01;31:*.rar=01;31:*.alz=01;31:*.ace=01;31:*.zoo=01;31:*.cpio=01;31:*.7z=01;31:*.rz=01;31:*.cab=01;31:*.wim=01;31:*.swm=01;31:*.dwm=01;31:*.esd=01;31:*.jpg=01;35:*.jpeg=01;35:*.mjpg=01;35:*.mjpeg=01;35:*.gif=01;35:*.bmp=01;35:*.pbm=01;35:*.pgm=01;35:*.ppm=01;35:*.tga=01;35:*.xbm=01;35:*.xpm=01;35:*.tif=01;35:*.tiff=01;35:*.png=01;35:*.svg=01;35:*.svgz=01;35:*.mng=01;35:*.pcx=01;35:*.mov=01;35:*.mpg=01;35:*.mpeg=01;35:*.m2v=01;35:*.mkv=01;35:*.webm=01;35:*.webp=01;35:*.ogm=01;35:*.mp4=01;35:*.m4v=01;35:*.mp4v=01;35:*.vob=01;35:*.qt=01;35:*.nuv=01;35:*.wmv=01;35:*.asf=01;35:*.rm=01;35:*.rmvb=01;35:*.flc=01;35:*.avi=01;35:*.fli=01;35:*.flv=01;35:*.gl=01;35:*.dl=01;35:*.xcf=01;35:*.xwd=01;35:*.yuv=01;35:*.cgm=01;35:*.emf=01;35:*.ogv=01;35:*.ogx=01;35:*.aac=00;36:*.au=00;36:*.flac=00;36:*.m4a=00;36:*.mid=00;36:*.midi=00;36:*.mka=00;36:*.mp3=00;36:*.mpc=00;36:*.ogg=00;36:*.ra=00;36:*.wav=00;36:*.oga=00;36:*.opus=00;36:*.spx=00;36:*.xspf=00;36:'), ('VSCODE_GIT_IPC_HANDLE', '/run/user/0/vscode-git-c1d1440c90.sock'), ('TERM_PROGRAM', 'vscode'), ('AMENT_PREFIX_PATH', '/root/ws_sensor_combined/install/px4_ros_com:/root/ws_sensor_combined/install/example_mode_with_executor_cpp:/root/ws_sensor_combined/install/example_mode_vtol_cpp:/root/ws_sensor_combined/install/example_mode_rtl_replacement_cpp:/root/ws_sensor_combined/install/example_mode_manual_cpp:/root/ws_sensor_combined/install/example_mode_goto_global_cpp:/root/ws_sensor_combined/install/example_mode_goto_cpp:/root/ws_sensor_combined/install/example_mode_fw_attitude_cpp:/root/ws_sensor_combined/install/example_local_navigation_cpp:/root/ws_sensor_combined/install/example_global_navigation_cpp:/root/ws_sensor_combined/install/example_executor_with_multiple_modes_cpp:/root/ws_sensor_combined/install/px4_ros2_cpp:/root/ws_sensor_combined/install/px4_msgs:/opt/ros/humble'), ('SHELL', '/bin/bash'), ('LESSCLOSE', '/usr/bin/lesspipe %s %s'), ('VSCODE_GIT_ASKPASS_EXTRA_ARGS', ''), ('PWD', '/root/ws_sensor_combined/build/example_mode_goto_global_cpp'), ('XDG_DATA_DIRS', '/usr/local/share:/usr/share:/var/lib/snapd/desktop'), ('PYTHONPATH', '/root/ws_sensor_combined/install/px4_ros_com/local/lib/python3.10/dist-packages:/root/ws_sensor_combined/install/px4_msgs/local/lib/python3.10/dist-packages:/opt/ros/humble/lib/python3.10/site-packages:/opt/ros/humble/local/lib/python3.10/dist-packages'), ('COLCON', '1'), ('WSL2_GUI_APPS_ENABLED', '1'), ('HOSTTYPE', 'x86_64'), ('CMAKE_PREFIX_PATH', '/root/ws_sensor_combined/install/px4_ros2_cpp:/root/ws_sensor_combined/install/px4_msgs:/root/ws_sensor_combined/install/px4_ros_com:/root/ws_sensor_combined/install/example_mode_with_executor_cpp:/root/ws_sensor_combined/install/example_mode_vtol_cpp:/root/ws_sensor_combined/install/example_mode_rtl_replacement_cpp:/root/ws_sensor_combined/install/example_mode_manual_cpp:/root/ws_sensor_combined/install/example_mode_goto_global_cpp:/root/ws_sensor_combined/install/example_mode_goto_cpp:/root/ws_sensor_combined/install/example_mode_fw_attitude_cpp:/root/ws_sensor_combined/install/example_local_navigation_cpp:/root/ws_sensor_combined/install/example_global_navigation_cpp:/root/ws_sensor_combined/install/example_executor_with_multiple_modes_cpp:/opt/ros/humble'), ('WSLENV', 'ELECTRON_RUN_AS_NODE/w:WT_SESSION:WT_PROFILE_ID:')]), 'shell': False}
[1.416201] (example_mode_manual_cpp) CommandEnded: {'returncode': 0}
[1.417257] (example_mode_manual_cpp) JobProgress: {'identifier': 'example_mode_manual_cpp', 'progress': 'install'}
[1.417422] (example_mode_manual_cpp) Command: {'cmd': ['/usr/bin/cmake', '--install', '/root/ws_sensor_combined/build/example_mode_manual_cpp'], 'cwd': '/root/ws_sensor_combined/build/example_mode_manual_cpp', 'env': OrderedDict([('LESSOPEN', '| /usr/bin/lesspipe %s'), ('USER', 'root'), ('GIT_ASKPASS', '/root/.vscode-server/bin/360a4e4fd251bfce169a4ddf857c7d25d1ad40da/extensions/git/dist/askpass.sh'), ('SHLVL', '2'), ('LD_LIBRARY_PATH', '/root/ws_sensor_combined/install/px4_ros2_cpp/lib:/root/ws_sensor_combined/install/px4_msgs/lib:/root/ws_sensor_combined/install/px4_ros_com/lib:/opt/ros/humble/opt/rviz_ogre_vendor/lib:/opt/ros/humble/lib/x86_64-linux-gnu:/opt/ros/humble/lib'), ('WT_PROFILE_ID', '{4ff56d04-d9cf-57ea-bae2-ad396374e7e3}'), ('HOME', '/root'), ('TERM_PROGRAM_VERSION', '1.103.1'), ('VSCODE_IPC_HOOK_CLI', '/run/user/0/vscode-ipc-7c4c6447-ae3c-495f-b12e-4b258fca685d.sock'), ('ROS_PYTHON_VERSION', '3'), ('VSCODE_GIT_ASKPASS_MAIN', '/root/.vscode-server/bin/360a4e4fd251bfce169a4ddf857c7d25d1ad40da/extensions/git/dist/askpass-main.js'), ('VSCODE_GIT_ASKPASS_NODE', '/root/.vscode-server/bin/360a4e4fd251bfce169a4ddf857c7d25d1ad40da/node'), ('PYDEVD_DISABLE_FILE_VALIDATION', '1'), ('BUNDLED_DEBUGPY_PATH', '/root/.vscode-server/extensions/ms-python.debugpy-2025.10.0-linux-x64/bundled/libs/debugpy'), ('DBUS_SESSION_BUS_ADDRESS', 'unix:path=/run/user/0/bus'), ('COLORTERM', 'truecolor'), ('WSL_DISTRO_NAME', 'Ubuntu-22.04'), ('DEBUGINFOD_URLS', ''), ('WAYLAND_DISPLAY', 'wayland-0'), ('COLCON_PREFIX_PATH', '/root/ws_sensor_combined/install'), ('ROS_DISTRO', 'humble'), ('LOGNAME', 'root'), ('NAME', 'Code'), ('WSL_INTEROP', '/run/WSL/487_interop'), ('PULSE_SERVER', 'unix:/mnt/wslg/PulseServer'), ('_', '/usr/bin/colcon'), ('ROS_VERSION', '2'), ('TERM', 'xterm-256color'), ('ROS_LOCALHOST_ONLY', '0'), ('PATH', '/root/.vscode-server/bin/360a4e4fd251bfce169a4ddf857c7d25d1ad40da/bin/remote-cli:/opt/ros/humble/bin:/usr/local/sbin:/usr/local/bin:/usr/sbin:/usr/bin:/sbin:/bin:/usr/games:/usr/local/games:/usr/lib/wsl/lib:/mnt/c/Windows/system32:/mnt/c/Windows:/mnt/c/Windows/System32/Wbem:/mnt/c/Windows/System32/WindowsPowerShell/v1.0/:/mnt/c/Windows/System32/OpenSSH/:/mnt/c/Program Files (x86)/NVIDIA Corporation/PhysX/Common:/mnt/c/WINDOWS/system32:/mnt/c/WINDOWS:/mnt/c/WINDOWS/System32/Wbem:/mnt/c/WINDOWS/System32/WindowsPowerShell/v1.0/:/mnt/c/WINDOWS/System32/OpenSSH/:/mnt/c/Program Files/dotnet/:/mnt/c/Program Files/NVIDIA Corporation/NVIDIA App/NvDLISR:/mnt/c/Program Files/Git/cmd:/mnt/c/Users/chris/AppData/Local/Microsoft/WindowsApps:/mnt/c/Users/chris/AppData/Local/Programs/Microsoft VS Code/bin:/snap/bin:/root/.vscode-server/extensions/ms-python.debugpy-2025.10.0-linux-x64/bundled/scripts/noConfigScripts:/root/.vscode-server/data/User/globalStorage/github.copilot-chat/debugCommand'), ('WT_SESSION', '402ded2a-7e1d-4116-8c7a-81d3b47e82bd'), ('XDG_RUNTIME_DIR', '/run/user/0/'), ('DISPLAY', ':0'), ('VSCODE_DEBUGPY_ADAPTER_ENDPOINTS', '/root/.vscode-server/extensions/ms-python.debugpy-2025.10.0-linux-x64/.noConfigDebugAdapterEndpoints/endpoint-d6e2528f5321a076.txt'), ('LANG', 'en_US.UTF-8'), ('LS_COLORS', 'rs=0:di=01;34:ln=01;36:mh=00:pi=40;33:so=01;35:do=01;35:bd=40;33;01:cd=40;33;01:or=40;31;01:mi=00:su=37;41:sg=30;43:ca=30;41:tw=30;42:ow=34;42:st=37;44:ex=01;32:*.tar=01;31:*.tgz=01;31:*.arc=01;31:*.arj=01;31:*.taz=01;31:*.lha=01;31:*.lz4=01;31:*.lzh=01;31:*.lzma=01;31:*.tlz=01;31:*.txz=01;31:*.tzo=01;31:*.t7z=01;31:*.zip=01;31:*.z=01;31:*.dz=01;31:*.gz=01;31:*.lrz=01;31:*.lz=01;31:*.lzo=01;31:*.xz=01;31:*.zst=01;31:*.tzst=01;31:*.bz2=01;31:*.bz=01;31:*.tbz=01;31:*.tbz2=01;31:*.tz=01;31:*.deb=01;31:*.rpm=01;31:*.jar=01;31:*.war=01;31:*.ear=01;31:*.sar=01;31:*.rar=01;31:*.alz=01;31:*.ace=01;31:*.zoo=01;31:*.cpio=01;31:*.7z=01;31:*.rz=01;31:*.cab=01;31:*.wim=01;31:*.swm=01;31:*.dwm=01;31:*.esd=01;31:*.jpg=01;35:*.jpeg=01;35:*.mjpg=01;35:*.mjpeg=01;35:*.gif=01;35:*.bmp=01;35:*.pbm=01;35:*.pgm=01;35:*.ppm=01;35:*.tga=01;35:*.xbm=01;35:*.xpm=01;35:*.tif=01;35:*.tiff=01;35:*.png=01;35:*.svg=01;35:*.svgz=01;35:*.mng=01;35:*.pcx=01;35:*.mov=01;35:*.mpg=01;35:*.mpeg=01;35:*.m2v=01;35:*.mkv=01;35:*.webm=01;35:*.webp=01;35:*.ogm=01;35:*.mp4=01;35:*.m4v=01;35:*.mp4v=01;35:*.vob=01;35:*.qt=01;35:*.nuv=01;35:*.wmv=01;35:*.asf=01;35:*.rm=01;35:*.rmvb=01;35:*.flc=01;35:*.avi=01;35:*.fli=01;35:*.flv=01;35:*.gl=01;35:*.dl=01;35:*.xcf=01;35:*.xwd=01;35:*.yuv=01;35:*.cgm=01;35:*.emf=01;35:*.ogv=01;35:*.ogx=01;35:*.aac=00;36:*.au=00;36:*.flac=00;36:*.m4a=00;36:*.mid=00;36:*.midi=00;36:*.mka=00;36:*.mp3=00;36:*.mpc=00;36:*.ogg=00;36:*.ra=00;36:*.wav=00;36:*.oga=00;36:*.opus=00;36:*.spx=00;36:*.xspf=00;36:'), ('VSCODE_GIT_IPC_HANDLE', '/run/user/0/vscode-git-c1d1440c90.sock'), ('TERM_PROGRAM', 'vscode'), ('AMENT_PREFIX_PATH', '/root/ws_sensor_combined/install/px4_ros_com:/root/ws_sensor_combined/install/example_mode_with_executor_cpp:/root/ws_sensor_combined/install/example_mode_vtol_cpp:/root/ws_sensor_combined/install/example_mode_rtl_replacement_cpp:/root/ws_sensor_combined/install/example_mode_manual_cpp:/root/ws_sensor_combined/install/example_mode_goto_global_cpp:/root/ws_sensor_combined/install/example_mode_goto_cpp:/root/ws_sensor_combined/install/example_mode_fw_attitude_cpp:/root/ws_sensor_combined/install/example_local_navigation_cpp:/root/ws_sensor_combined/install/example_global_navigation_cpp:/root/ws_sensor_combined/install/example_executor_with_multiple_modes_cpp:/root/ws_sensor_combined/install/px4_ros2_cpp:/root/ws_sensor_combined/install/px4_msgs:/opt/ros/humble'), ('SHELL', '/bin/bash'), ('LESSCLOSE', '/usr/bin/lesspipe %s %s'), ('VSCODE_GIT_ASKPASS_EXTRA_ARGS', ''), ('PWD', '/root/ws_sensor_combined/build/example_mode_manual_cpp'), ('XDG_DATA_DIRS', '/usr/local/share:/usr/share:/var/lib/snapd/desktop'), ('PYTHONPATH', '/root/ws_sensor_combined/install/px4_ros_com/local/lib/python3.10/dist-packages:/root/ws_sensor_combined/install/px4_msgs/local/lib/python3.10/dist-packages:/opt/ros/humble/lib/python3.10/site-packages:/opt/ros/humble/local/lib/python3.10/dist-packages'), ('COLCON', '1'), ('WSL2_GUI_APPS_ENABLED', '1'), ('HOSTTYPE', 'x86_64'), ('CMAKE_PREFIX_PATH', '/root/ws_sensor_combined/install/px4_ros2_cpp:/root/ws_sensor_combined/install/px4_msgs:/root/ws_sensor_combined/install/px4_ros_com:/root/ws_sensor_combined/install/example_mode_with_executor_cpp:/root/ws_sensor_combined/install/example_mode_vtol_cpp:/root/ws_sensor_combined/install/example_mode_rtl_replacement_cpp:/root/ws_sensor_combined/install/example_mode_manual_cpp:/root/ws_sensor_combined/install/example_mode_goto_global_cpp:/root/ws_sensor_combined/install/example_mode_goto_cpp:/root/ws_sensor_combined/install/example_mode_fw_attitude_cpp:/root/ws_sensor_combined/install/example_local_navigation_cpp:/root/ws_sensor_combined/install/example_global_navigation_cpp:/root/ws_sensor_combined/install/example_executor_with_multiple_modes_cpp:/opt/ros/humble'), ('WSLENV', 'ELECTRON_RUN_AS_NODE/w:WT_SESSION:WT_PROFILE_ID:')]), 'shell': False}
[1.418122] (example_mode_vtol_cpp) CommandEnded: {'returncode': 0}
[1.419341] (example_mode_vtol_cpp) JobProgress: {'identifier': 'example_mode_vtol_cpp', 'progress': 'install'}
[1.419386] (example_mode_vtol_cpp) Command: {'cmd': ['/usr/bin/cmake', '--install', '/root/ws_sensor_combined/build/example_mode_vtol_cpp'], 'cwd': '/root/ws_sensor_combined/build/example_mode_vtol_cpp', 'env': OrderedDict([('LESSOPEN', '| /usr/bin/lesspipe %s'), ('USER', 'root'), ('GIT_ASKPASS', '/root/.vscode-server/bin/360a4e4fd251bfce169a4ddf857c7d25d1ad40da/extensions/git/dist/askpass.sh'), ('SHLVL', '2'), ('LD_LIBRARY_PATH', '/root/ws_sensor_combined/install/px4_ros2_cpp/lib:/root/ws_sensor_combined/install/px4_msgs/lib:/root/ws_sensor_combined/install/px4_ros_com/lib:/opt/ros/humble/opt/rviz_ogre_vendor/lib:/opt/ros/humble/lib/x86_64-linux-gnu:/opt/ros/humble/lib'), ('WT_PROFILE_ID', '{4ff56d04-d9cf-57ea-bae2-ad396374e7e3}'), ('HOME', '/root'), ('TERM_PROGRAM_VERSION', '1.103.1'), ('VSCODE_IPC_HOOK_CLI', '/run/user/0/vscode-ipc-7c4c6447-ae3c-495f-b12e-4b258fca685d.sock'), ('ROS_PYTHON_VERSION', '3'), ('VSCODE_GIT_ASKPASS_MAIN', '/root/.vscode-server/bin/360a4e4fd251bfce169a4ddf857c7d25d1ad40da/extensions/git/dist/askpass-main.js'), ('VSCODE_GIT_ASKPASS_NODE', '/root/.vscode-server/bin/360a4e4fd251bfce169a4ddf857c7d25d1ad40da/node'), ('PYDEVD_DISABLE_FILE_VALIDATION', '1'), ('BUNDLED_DEBUGPY_PATH', '/root/.vscode-server/extensions/ms-python.debugpy-2025.10.0-linux-x64/bundled/libs/debugpy'), ('DBUS_SESSION_BUS_ADDRESS', 'unix:path=/run/user/0/bus'), ('COLORTERM', 'truecolor'), ('WSL_DISTRO_NAME', 'Ubuntu-22.04'), ('DEBUGINFOD_URLS', ''), ('WAYLAND_DISPLAY', 'wayland-0'), ('COLCON_PREFIX_PATH', '/root/ws_sensor_combined/install'), ('ROS_DISTRO', 'humble'), ('LOGNAME', 'root'), ('NAME', 'Code'), ('WSL_INTEROP', '/run/WSL/487_interop'), ('PULSE_SERVER', 'unix:/mnt/wslg/PulseServer'), ('_', '/usr/bin/colcon'), ('ROS_VERSION', '2'), ('TERM', 'xterm-256color'), ('ROS_LOCALHOST_ONLY', '0'), ('PATH', '/root/.vscode-server/bin/360a4e4fd251bfce169a4ddf857c7d25d1ad40da/bin/remote-cli:/opt/ros/humble/bin:/usr/local/sbin:/usr/local/bin:/usr/sbin:/usr/bin:/sbin:/bin:/usr/games:/usr/local/games:/usr/lib/wsl/lib:/mnt/c/Windows/system32:/mnt/c/Windows:/mnt/c/Windows/System32/Wbem:/mnt/c/Windows/System32/WindowsPowerShell/v1.0/:/mnt/c/Windows/System32/OpenSSH/:/mnt/c/Program Files (x86)/NVIDIA Corporation/PhysX/Common:/mnt/c/WINDOWS/system32:/mnt/c/WINDOWS:/mnt/c/WINDOWS/System32/Wbem:/mnt/c/WINDOWS/System32/WindowsPowerShell/v1.0/:/mnt/c/WINDOWS/System32/OpenSSH/:/mnt/c/Program Files/dotnet/:/mnt/c/Program Files/NVIDIA Corporation/NVIDIA App/NvDLISR:/mnt/c/Program Files/Git/cmd:/mnt/c/Users/chris/AppData/Local/Microsoft/WindowsApps:/mnt/c/Users/chris/AppData/Local/Programs/Microsoft VS Code/bin:/snap/bin:/root/.vscode-server/extensions/ms-python.debugpy-2025.10.0-linux-x64/bundled/scripts/noConfigScripts:/root/.vscode-server/data/User/globalStorage/github.copilot-chat/debugCommand'), ('WT_SESSION', '402ded2a-7e1d-4116-8c7a-81d3b47e82bd'), ('XDG_RUNTIME_DIR', '/run/user/0/'), ('DISPLAY', ':0'), ('VSCODE_DEBUGPY_ADAPTER_ENDPOINTS', '/root/.vscode-server/extensions/ms-python.debugpy-2025.10.0-linux-x64/.noConfigDebugAdapterEndpoints/endpoint-d6e2528f5321a076.txt'), ('LANG', 'en_US.UTF-8'), ('LS_COLORS', 'rs=0:di=01;34:ln=01;36:mh=00:pi=40;33:so=01;35:do=01;35:bd=40;33;01:cd=40;33;01:or=40;31;01:mi=00:su=37;41:sg=30;43:ca=30;41:tw=30;42:ow=34;42:st=37;44:ex=01;32:*.tar=01;31:*.tgz=01;31:*.arc=01;31:*.arj=01;31:*.taz=01;31:*.lha=01;31:*.lz4=01;31:*.lzh=01;31:*.lzma=01;31:*.tlz=01;31:*.txz=01;31:*.tzo=01;31:*.t7z=01;31:*.zip=01;31:*.z=01;31:*.dz=01;31:*.gz=01;31:*.lrz=01;31:*.lz=01;31:*.lzo=01;31:*.xz=01;31:*.zst=01;31:*.tzst=01;31:*.bz2=01;31:*.bz=01;31:*.tbz=01;31:*.tbz2=01;31:*.tz=01;31:*.deb=01;31:*.rpm=01;31:*.jar=01;31:*.war=01;31:*.ear=01;31:*.sar=01;31:*.rar=01;31:*.alz=01;31:*.ace=01;31:*.zoo=01;31:*.cpio=01;31:*.7z=01;31:*.rz=01;31:*.cab=01;31:*.wim=01;31:*.swm=01;31:*.dwm=01;31:*.esd=01;31:*.jpg=01;35:*.jpeg=01;35:*.mjpg=01;35:*.mjpeg=01;35:*.gif=01;35:*.bmp=01;35:*.pbm=01;35:*.pgm=01;35:*.ppm=01;35:*.tga=01;35:*.xbm=01;35:*.xpm=01;35:*.tif=01;35:*.tiff=01;35:*.png=01;35:*.svg=01;35:*.svgz=01;35:*.mng=01;35:*.pcx=01;35:*.mov=01;35:*.mpg=01;35:*.mpeg=01;35:*.m2v=01;35:*.mkv=01;35:*.webm=01;35:*.webp=01;35:*.ogm=01;35:*.mp4=01;35:*.m4v=01;35:*.mp4v=01;35:*.vob=01;35:*.qt=01;35:*.nuv=01;35:*.wmv=01;35:*.asf=01;35:*.rm=01;35:*.rmvb=01;35:*.flc=01;35:*.avi=01;35:*.fli=01;35:*.flv=01;35:*.gl=01;35:*.dl=01;35:*.xcf=01;35:*.xwd=01;35:*.yuv=01;35:*.cgm=01;35:*.emf=01;35:*.ogv=01;35:*.ogx=01;35:*.aac=00;36:*.au=00;36:*.flac=00;36:*.m4a=00;36:*.mid=00;36:*.midi=00;36:*.mka=00;36:*.mp3=00;36:*.mpc=00;36:*.ogg=00;36:*.ra=00;36:*.wav=00;36:*.oga=00;36:*.opus=00;36:*.spx=00;36:*.xspf=00;36:'), ('VSCODE_GIT_IPC_HANDLE', '/run/user/0/vscode-git-c1d1440c90.sock'), ('TERM_PROGRAM', 'vscode'), ('AMENT_PREFIX_PATH', '/root/ws_sensor_combined/install/px4_ros_com:/root/ws_sensor_combined/install/example_mode_with_executor_cpp:/root/ws_sensor_combined/install/example_mode_vtol_cpp:/root/ws_sensor_combined/install/example_mode_rtl_replacement_cpp:/root/ws_sensor_combined/install/example_mode_manual_cpp:/root/ws_sensor_combined/install/example_mode_goto_global_cpp:/root/ws_sensor_combined/install/example_mode_goto_cpp:/root/ws_sensor_combined/install/example_mode_fw_attitude_cpp:/root/ws_sensor_combined/install/example_local_navigation_cpp:/root/ws_sensor_combined/install/example_global_navigation_cpp:/root/ws_sensor_combined/install/example_executor_with_multiple_modes_cpp:/root/ws_sensor_combined/install/px4_ros2_cpp:/root/ws_sensor_combined/install/px4_msgs:/opt/ros/humble'), ('SHELL', '/bin/bash'), ('LESSCLOSE', '/usr/bin/lesspipe %s %s'), ('VSCODE_GIT_ASKPASS_EXTRA_ARGS', ''), ('PWD', '/root/ws_sensor_combined/build/example_mode_vtol_cpp'), ('XDG_DATA_DIRS', '/usr/local/share:/usr/share:/var/lib/snapd/desktop'), ('PYTHONPATH', '/root/ws_sensor_combined/install/px4_ros_com/local/lib/python3.10/dist-packages:/root/ws_sensor_combined/install/px4_msgs/local/lib/python3.10/dist-packages:/opt/ros/humble/lib/python3.10/site-packages:/opt/ros/humble/local/lib/python3.10/dist-packages'), ('COLCON', '1'), ('WSL2_GUI_APPS_ENABLED', '1'), ('HOSTTYPE', 'x86_64'), ('CMAKE_PREFIX_PATH', '/root/ws_sensor_combined/install/px4_ros2_cpp:/root/ws_sensor_combined/install/px4_msgs:/root/ws_sensor_combined/install/px4_ros_com:/root/ws_sensor_combined/install/example_mode_with_executor_cpp:/root/ws_sensor_combined/install/example_mode_vtol_cpp:/root/ws_sensor_combined/install/example_mode_rtl_replacement_cpp:/root/ws_sensor_combined/install/example_mode_manual_cpp:/root/ws_sensor_combined/install/example_mode_goto_global_cpp:/root/ws_sensor_combined/install/example_mode_goto_cpp:/root/ws_sensor_combined/install/example_mode_fw_attitude_cpp:/root/ws_sensor_combined/install/example_local_navigation_cpp:/root/ws_sensor_combined/install/example_global_navigation_cpp:/root/ws_sensor_combined/install/example_executor_with_multiple_modes_cpp:/opt/ros/humble'), ('WSLENV', 'ELECTRON_RUN_AS_NODE/w:WT_SESSION:WT_PROFILE_ID:')]), 'shell': False}
[1.422445] (example_mode_goto_global_cpp) StdoutLine: {'line': b'-- Install configuration: ""\n'}
[1.422941] (example_mode_goto_global_cpp) StdoutLine: {'line': b'-- Up-to-date: /root/ws_sensor_combined/install/example_mode_goto_global_cpp/lib/example_mode_goto_global_cpp/example_mode_goto_global\n'}
[1.423040] (example_mode_goto_global_cpp) StdoutLine: {'line': b'-- Up-to-date: /root/ws_sensor_combined/install/example_mode_goto_global_cpp/share/ament_index/resource_index/package_run_dependencies/example_mode_goto_global_cpp\n'}
[1.423662] (example_mode_goto_global_cpp) StdoutLine: {'line': b'-- Up-to-date: /root/ws_sensor_combined/install/example_mode_goto_global_cpp/share/ament_index/resource_index/parent_prefix_path/example_mode_goto_global_cpp\n'}
[1.423773] (example_mode_goto_global_cpp) StdoutLine: {'line': b'-- Up-to-date: /root/ws_sensor_combined/install/example_mode_goto_global_cpp/share/example_mode_goto_global_cpp/environment/ament_prefix_path.sh\n'}
[1.424098] (example_mode_goto_global_cpp) StdoutLine: {'line': b'-- Up-to-date: /root/ws_sensor_combined/install/example_mode_goto_global_cpp/share/example_mode_goto_global_cpp/environment/ament_prefix_path.dsv\n'}
[1.424201] (example_mode_goto_global_cpp) StdoutLine: {'line': b'-- Up-to-date: /root/ws_sensor_combined/install/example_mode_goto_global_cpp/share/example_mode_goto_global_cpp/environment/path.sh\n'}
[1.424285] (example_mode_goto_global_cpp) StdoutLine: {'line': b'-- Up-to-date: /root/ws_sensor_combined/install/example_mode_goto_global_cpp/share/example_mode_goto_global_cpp/environment/path.dsv\n'}
[1.424632] (example_mode_goto_global_cpp) StdoutLine: {'line': b'-- Up-to-date: /root/ws_sensor_combined/install/example_mode_goto_global_cpp/share/example_mode_goto_global_cpp/local_setup.bash\n'}
[1.424745] (example_mode_goto_global_cpp) StdoutLine: {'line': b'-- Up-to-date: /root/ws_sensor_combined/install/example_mode_goto_global_cpp/share/example_mode_goto_global_cpp/local_setup.sh\n'}
[1.425602] (example_mode_goto_global_cpp) StdoutLine: {'line': b'-- Up-to-date: /root/ws_sensor_combined/install/example_mode_goto_global_cpp/share/example_mode_goto_global_cpp/local_setup.zsh\n'}
[1.425699] (example_mode_goto_global_cpp) StdoutLine: {'line': b'-- Up-to-date: /root/ws_sensor_combined/install/example_mode_goto_global_cpp/share/example_mode_goto_global_cpp/local_setup.dsv\n'}
[1.425784] (example_mode_goto_global_cpp) StdoutLine: {'line': b'-- Installing: /root/ws_sensor_combined/install/example_mode_goto_global_cpp/share/example_mode_goto_global_cpp/package.dsv\n'}
[1.426004] (example_mode_goto_global_cpp) StdoutLine: {'line': b'-- Up-to-date: /root/ws_sensor_combined/install/example_mode_goto_global_cpp/share/ament_index/resource_index/packages/example_mode_goto_global_cpp\n'}
[1.426880] (example_mode_goto_global_cpp) StdoutLine: {'line': b'-- Up-to-date: /root/ws_sensor_combined/install/example_mode_goto_global_cpp/share/example_mode_goto_global_cpp/cmake/example_mode_goto_global_cppConfig.cmake\n'}
[1.427267] (example_mode_goto_global_cpp) StdoutLine: {'line': b'-- Up-to-date: /root/ws_sensor_combined/install/example_mode_goto_global_cpp/share/example_mode_goto_global_cpp/cmake/example_mode_goto_global_cppConfig-version.cmake\n'}
[1.427356] (example_mode_goto_global_cpp) StdoutLine: {'line': b'-- Up-to-date: /root/ws_sensor_combined/install/example_mode_goto_global_cpp/share/example_mode_goto_global_cpp/package.xml\n'}
[1.427439] (example_mode_manual_cpp) StdoutLine: {'line': b'-- Install configuration: ""\n'}
[1.427531] (example_mode_manual_cpp) StdoutLine: {'line': b'-- Up-to-date: /root/ws_sensor_combined/install/example_mode_manual_cpp/lib/example_mode_manual_cpp/example_mode_manual\n'}
[1.427615] (example_mode_manual_cpp) StdoutLine: {'line': b'-- Up-to-date: /root/ws_sensor_combined/install/example_mode_manual_cpp/share/ament_index/resource_index/package_run_dependencies/example_mode_manual_cpp\n'}
[1.427700] (example_mode_manual_cpp) StdoutLine: {'line': b'-- Up-to-date: /root/ws_sensor_combined/install/example_mode_manual_cpp/share/ament_index/resource_index/parent_prefix_path/example_mode_manual_cpp\n'}
[1.427754] (example_mode_manual_cpp) StdoutLine: {'line': b'-- Up-to-date: /root/ws_sensor_combined/install/example_mode_manual_cpp/share/example_mode_manual_cpp/environment/ament_prefix_path.sh\n'}
[1.427824] (example_mode_manual_cpp) StdoutLine: {'line': b'-- Up-to-date: /root/ws_sensor_combined/install/example_mode_manual_cpp/share/example_mode_manual_cpp/environment/ament_prefix_path.dsv\n'}
[1.427908] (example_mode_manual_cpp) StdoutLine: {'line': b'-- Up-to-date: /root/ws_sensor_combined/install/example_mode_manual_cpp/share/example_mode_manual_cpp/environment/path.sh\n'}
[1.427990] (example_mode_manual_cpp) StdoutLine: {'line': b'-- Up-to-date: /root/ws_sensor_combined/install/example_mode_manual_cpp/share/example_mode_manual_cpp/environment/path.dsv\n'}
[1.428072] (example_mode_manual_cpp) StdoutLine: {'line': b'-- Up-to-date: /root/ws_sensor_combined/install/example_mode_manual_cpp/share/example_mode_manual_cpp/local_setup.bash\n'}
[1.428155] (example_mode_manual_cpp) StdoutLine: {'line': b'-- Up-to-date: /root/ws_sensor_combined/install/example_mode_manual_cpp/share/example_mode_manual_cpp/local_setup.sh\n'}
[1.428238] (example_mode_manual_cpp) StdoutLine: {'line': b'-- Up-to-date: /root/ws_sensor_combined/install/example_mode_manual_cpp/share/example_mode_manual_cpp/local_setup.zsh\n'}
[1.428321] (example_mode_manual_cpp) StdoutLine: {'line': b'-- Up-to-date: /root/ws_sensor_combined/install/example_mode_manual_cpp/share/example_mode_manual_cpp/local_setup.dsv\n'}
[1.428394] (example_mode_manual_cpp) StdoutLine: {'line': b'-- Installing: /root/ws_sensor_combined/install/example_mode_manual_cpp/share/example_mode_manual_cpp/package.dsv\n'}
[1.428476] (example_mode_manual_cpp) StdoutLine: {'line': b'-- Up-to-date: /root/ws_sensor_combined/install/example_mode_manual_cpp/share/ament_index/resource_index/packages/example_mode_manual_cpp\n'}
[1.428561] (example_mode_manual_cpp) StdoutLine: {'line': b'-- Up-to-date: /root/ws_sensor_combined/install/example_mode_manual_cpp/share/example_mode_manual_cpp/cmake/example_mode_manual_cppConfig.cmake\n'}
[1.428645] (example_mode_manual_cpp) StdoutLine: {'line': b'-- Up-to-date: /root/ws_sensor_combined/install/example_mode_manual_cpp/share/example_mode_manual_cpp/cmake/example_mode_manual_cppConfig-version.cmake\n'}
[1.428728] (example_mode_rtl_replacement_cpp) CommandEnded: {'returncode': 0}
[1.430115] (example_mode_manual_cpp) StdoutLine: {'line': b'-- Up-to-date: /root/ws_sensor_combined/install/example_mode_manual_cpp/share/example_mode_manual_cpp/package.xml\n'}
[1.430364] (example_mode_rtl_replacement_cpp) JobProgress: {'identifier': 'example_mode_rtl_replacement_cpp', 'progress': 'install'}
[1.430393] (example_mode_vtol_cpp) StdoutLine: {'line': b'-- Install configuration: ""\n'}
[1.430766] (example_mode_vtol_cpp) StdoutLine: {'line': b'-- Up-to-date: /root/ws_sensor_combined/install/example_mode_vtol_cpp/lib/example_mode_vtol_cpp/example_mode_vtol\n'}
[1.430853] (example_mode_vtol_cpp) StdoutLine: {'line': b'-- Up-to-date: /root/ws_sensor_combined/install/example_mode_vtol_cpp/share/ament_index/resource_index/package_run_dependencies/example_mode_vtol_cpp\n'}
[1.432038] (example_mode_vtol_cpp) StdoutLine: {'line': b'-- Up-to-date: /root/ws_sensor_combined/install/example_mode_vtol_cpp/share/ament_index/resource_index/parent_prefix_path/example_mode_vtol_cpp\n'}
[1.432556] (example_mode_vtol_cpp) StdoutLine: {'line': b'-- Up-to-date: /root/ws_sensor_combined/install/example_mode_vtol_cpp/share/example_mode_vtol_cpp/environment/ament_prefix_path.sh\n'}
[1.432787] (example_mode_vtol_cpp) StdoutLine: {'line': b'-- Up-to-date: /root/ws_sensor_combined/install/example_mode_vtol_cpp/share/example_mode_vtol_cpp/environment/ament_prefix_path.dsv\n'}
[1.432877] (example_mode_vtol_cpp) StdoutLine: {'line': b'-- Up-to-date: /root/ws_sensor_combined/install/example_mode_vtol_cpp/share/example_mode_vtol_cpp/environment/path.sh\n'}
[1.432960] (example_mode_vtol_cpp) StdoutLine: {'line': b'-- Up-to-date: /root/ws_sensor_combined/install/example_mode_vtol_cpp/share/example_mode_vtol_cpp/environment/path.dsv\n'}
[1.433043] (example_mode_vtol_cpp) StdoutLine: {'line': b'-- Up-to-date: /root/ws_sensor_combined/install/example_mode_vtol_cpp/share/example_mode_vtol_cpp/local_setup.bash\n'}
[1.433124] (example_mode_vtol_cpp) StdoutLine: {'line': b'-- Up-to-date: /root/ws_sensor_combined/install/example_mode_vtol_cpp/share/example_mode_vtol_cpp/local_setup.sh\n'}
[1.433206] (example_mode_vtol_cpp) StdoutLine: {'line': b'-- Up-to-date: /root/ws_sensor_combined/install/example_mode_vtol_cpp/share/example_mode_vtol_cpp/local_setup.zsh\n'}
[1.433287] (example_mode_vtol_cpp) StdoutLine: {'line': b'-- Up-to-date: /root/ws_sensor_combined/install/example_mode_vtol_cpp/share/example_mode_vtol_cpp/local_setup.dsv\n'}
[1.433370] (example_mode_vtol_cpp) StdoutLine: {'line': b'-- Installing: /root/ws_sensor_combined/install/example_mode_vtol_cpp/share/example_mode_vtol_cpp/package.dsv\n'}
[1.433451] (example_mode_vtol_cpp) StdoutLine: {'line': b'-- Up-to-date: /root/ws_sensor_combined/install/example_mode_vtol_cpp/share/ament_index/resource_index/packages/example_mode_vtol_cpp\n'}
[1.433551] (example_mode_vtol_cpp) StdoutLine: {'line': b'-- Up-to-date: /root/ws_sensor_combined/install/example_mode_vtol_cpp/share/example_mode_vtol_cpp/cmake/example_mode_vtol_cppConfig.cmake\n'}
[1.433598] (example_mode_vtol_cpp) StdoutLine: {'line': b'-- Up-to-date: /root/ws_sensor_combined/install/example_mode_vtol_cpp/share/example_mode_vtol_cpp/cmake/example_mode_vtol_cppConfig-version.cmake\n'}
[1.433685] (example_mode_vtol_cpp) StdoutLine: {'line': b'-- Up-to-date: /root/ws_sensor_combined/install/example_mode_vtol_cpp/share/example_mode_vtol_cpp/package.xml\n'}
[1.433767] (example_mode_rtl_replacement_cpp) Command: {'cmd': ['/usr/bin/cmake', '--install', '/root/ws_sensor_combined/build/example_mode_rtl_replacement_cpp'], 'cwd': '/root/ws_sensor_combined/build/example_mode_rtl_replacement_cpp', 'env': OrderedDict([('LESSOPEN', '| /usr/bin/lesspipe %s'), ('USER', 'root'), ('GIT_ASKPASS', '/root/.vscode-server/bin/360a4e4fd251bfce169a4ddf857c7d25d1ad40da/extensions/git/dist/askpass.sh'), ('SHLVL', '2'), ('LD_LIBRARY_PATH', '/root/ws_sensor_combined/install/px4_ros2_cpp/lib:/root/ws_sensor_combined/install/px4_msgs/lib:/root/ws_sensor_combined/install/px4_ros_com/lib:/opt/ros/humble/opt/rviz_ogre_vendor/lib:/opt/ros/humble/lib/x86_64-linux-gnu:/opt/ros/humble/lib'), ('WT_PROFILE_ID', '{4ff56d04-d9cf-57ea-bae2-ad396374e7e3}'), ('HOME', '/root'), ('TERM_PROGRAM_VERSION', '1.103.1'), ('VSCODE_IPC_HOOK_CLI', '/run/user/0/vscode-ipc-7c4c6447-ae3c-495f-b12e-4b258fca685d.sock'), ('ROS_PYTHON_VERSION', '3'), ('VSCODE_GIT_ASKPASS_MAIN', '/root/.vscode-server/bin/360a4e4fd251bfce169a4ddf857c7d25d1ad40da/extensions/git/dist/askpass-main.js'), ('VSCODE_GIT_ASKPASS_NODE', '/root/.vscode-server/bin/360a4e4fd251bfce169a4ddf857c7d25d1ad40da/node'), ('PYDEVD_DISABLE_FILE_VALIDATION', '1'), ('BUNDLED_DEBUGPY_PATH', '/root/.vscode-server/extensions/ms-python.debugpy-2025.10.0-linux-x64/bundled/libs/debugpy'), ('DBUS_SESSION_BUS_ADDRESS', 'unix:path=/run/user/0/bus'), ('COLORTERM', 'truecolor'), ('WSL_DISTRO_NAME', 'Ubuntu-22.04'), ('DEBUGINFOD_URLS', ''), ('WAYLAND_DISPLAY', 'wayland-0'), ('COLCON_PREFIX_PATH', '/root/ws_sensor_combined/install'), ('ROS_DISTRO', 'humble'), ('LOGNAME', 'root'), ('NAME', 'Code'), ('WSL_INTEROP', '/run/WSL/487_interop'), ('PULSE_SERVER', 'unix:/mnt/wslg/PulseServer'), ('_', '/usr/bin/colcon'), ('ROS_VERSION', '2'), ('TERM', 'xterm-256color'), ('ROS_LOCALHOST_ONLY', '0'), ('PATH', '/root/.vscode-server/bin/360a4e4fd251bfce169a4ddf857c7d25d1ad40da/bin/remote-cli:/opt/ros/humble/bin:/usr/local/sbin:/usr/local/bin:/usr/sbin:/usr/bin:/sbin:/bin:/usr/games:/usr/local/games:/usr/lib/wsl/lib:/mnt/c/Windows/system32:/mnt/c/Windows:/mnt/c/Windows/System32/Wbem:/mnt/c/Windows/System32/WindowsPowerShell/v1.0/:/mnt/c/Windows/System32/OpenSSH/:/mnt/c/Program Files (x86)/NVIDIA Corporation/PhysX/Common:/mnt/c/WINDOWS/system32:/mnt/c/WINDOWS:/mnt/c/WINDOWS/System32/Wbem:/mnt/c/WINDOWS/System32/WindowsPowerShell/v1.0/:/mnt/c/WINDOWS/System32/OpenSSH/:/mnt/c/Program Files/dotnet/:/mnt/c/Program Files/NVIDIA Corporation/NVIDIA App/NvDLISR:/mnt/c/Program Files/Git/cmd:/mnt/c/Users/chris/AppData/Local/Microsoft/WindowsApps:/mnt/c/Users/chris/AppData/Local/Programs/Microsoft VS Code/bin:/snap/bin:/root/.vscode-server/extensions/ms-python.debugpy-2025.10.0-linux-x64/bundled/scripts/noConfigScripts:/root/.vscode-server/data/User/globalStorage/github.copilot-chat/debugCommand'), ('WT_SESSION', '402ded2a-7e1d-4116-8c7a-81d3b47e82bd'), ('XDG_RUNTIME_DIR', '/run/user/0/'), ('DISPLAY', ':0'), ('VSCODE_DEBUGPY_ADAPTER_ENDPOINTS', '/root/.vscode-server/extensions/ms-python.debugpy-2025.10.0-linux-x64/.noConfigDebugAdapterEndpoints/endpoint-d6e2528f5321a076.txt'), ('LANG', 'en_US.UTF-8'), ('LS_COLORS', 'rs=0:di=01;34:ln=01;36:mh=00:pi=40;33:so=01;35:do=01;35:bd=40;33;01:cd=40;33;01:or=40;31;01:mi=00:su=37;41:sg=30;43:ca=30;41:tw=30;42:ow=34;42:st=37;44:ex=01;32:*.tar=01;31:*.tgz=01;31:*.arc=01;31:*.arj=01;31:*.taz=01;31:*.lha=01;31:*.lz4=01;31:*.lzh=01;31:*.lzma=01;31:*.tlz=01;31:*.txz=01;31:*.tzo=01;31:*.t7z=01;31:*.zip=01;31:*.z=01;31:*.dz=01;31:*.gz=01;31:*.lrz=01;31:*.lz=01;31:*.lzo=01;31:*.xz=01;31:*.zst=01;31:*.tzst=01;31:*.bz2=01;31:*.bz=01;31:*.tbz=01;31:*.tbz2=01;31:*.tz=01;31:*.deb=01;31:*.rpm=01;31:*.jar=01;31:*.war=01;31:*.ear=01;31:*.sar=01;31:*.rar=01;31:*.alz=01;31:*.ace=01;31:*.zoo=01;31:*.cpio=01;31:*.7z=01;31:*.rz=01;31:*.cab=01;31:*.wim=01;31:*.swm=01;31:*.dwm=01;31:*.esd=01;31:*.jpg=01;35:*.jpeg=01;35:*.mjpg=01;35:*.mjpeg=01;35:*.gif=01;35:*.bmp=01;35:*.pbm=01;35:*.pgm=01;35:*.ppm=01;35:*.tga=01;35:*.xbm=01;35:*.xpm=01;35:*.tif=01;35:*.tiff=01;35:*.png=01;35:*.svg=01;35:*.svgz=01;35:*.mng=01;35:*.pcx=01;35:*.mov=01;35:*.mpg=01;35:*.mpeg=01;35:*.m2v=01;35:*.mkv=01;35:*.webm=01;35:*.webp=01;35:*.ogm=01;35:*.mp4=01;35:*.m4v=01;35:*.mp4v=01;35:*.vob=01;35:*.qt=01;35:*.nuv=01;35:*.wmv=01;35:*.asf=01;35:*.rm=01;35:*.rmvb=01;35:*.flc=01;35:*.avi=01;35:*.fli=01;35:*.flv=01;35:*.gl=01;35:*.dl=01;35:*.xcf=01;35:*.xwd=01;35:*.yuv=01;35:*.cgm=01;35:*.emf=01;35:*.ogv=01;35:*.ogx=01;35:*.aac=00;36:*.au=00;36:*.flac=00;36:*.m4a=00;36:*.mid=00;36:*.midi=00;36:*.mka=00;36:*.mp3=00;36:*.mpc=00;36:*.ogg=00;36:*.ra=00;36:*.wav=00;36:*.oga=00;36:*.opus=00;36:*.spx=00;36:*.xspf=00;36:'), ('VSCODE_GIT_IPC_HANDLE', '/run/user/0/vscode-git-c1d1440c90.sock'), ('TERM_PROGRAM', 'vscode'), ('AMENT_PREFIX_PATH', '/root/ws_sensor_combined/install/px4_ros_com:/root/ws_sensor_combined/install/example_mode_with_executor_cpp:/root/ws_sensor_combined/install/example_mode_vtol_cpp:/root/ws_sensor_combined/install/example_mode_rtl_replacement_cpp:/root/ws_sensor_combined/install/example_mode_manual_cpp:/root/ws_sensor_combined/install/example_mode_goto_global_cpp:/root/ws_sensor_combined/install/example_mode_goto_cpp:/root/ws_sensor_combined/install/example_mode_fw_attitude_cpp:/root/ws_sensor_combined/install/example_local_navigation_cpp:/root/ws_sensor_combined/install/example_global_navigation_cpp:/root/ws_sensor_combined/install/example_executor_with_multiple_modes_cpp:/root/ws_sensor_combined/install/px4_ros2_cpp:/root/ws_sensor_combined/install/px4_msgs:/opt/ros/humble'), ('SHELL', '/bin/bash'), ('LESSCLOSE', '/usr/bin/lesspipe %s %s'), ('VSCODE_GIT_ASKPASS_EXTRA_ARGS', ''), ('PWD', '/root/ws_sensor_combined/build/example_mode_rtl_replacement_cpp'), ('XDG_DATA_DIRS', '/usr/local/share:/usr/share:/var/lib/snapd/desktop'), ('PYTHONPATH', '/root/ws_sensor_combined/install/px4_ros_com/local/lib/python3.10/dist-packages:/root/ws_sensor_combined/install/px4_msgs/local/lib/python3.10/dist-packages:/opt/ros/humble/lib/python3.10/site-packages:/opt/ros/humble/local/lib/python3.10/dist-packages'), ('COLCON', '1'), ('WSL2_GUI_APPS_ENABLED', '1'), ('HOSTTYPE', 'x86_64'), ('CMAKE_PREFIX_PATH', '/root/ws_sensor_combined/install/px4_ros2_cpp:/root/ws_sensor_combined/install/px4_msgs:/root/ws_sensor_combined/install/px4_ros_com:/root/ws_sensor_combined/install/example_mode_with_executor_cpp:/root/ws_sensor_combined/install/example_mode_vtol_cpp:/root/ws_sensor_combined/install/example_mode_rtl_replacement_cpp:/root/ws_sensor_combined/install/example_mode_manual_cpp:/root/ws_sensor_combined/install/example_mode_goto_global_cpp:/root/ws_sensor_combined/install/example_mode_goto_cpp:/root/ws_sensor_combined/install/example_mode_fw_attitude_cpp:/root/ws_sensor_combined/install/example_local_navigation_cpp:/root/ws_sensor_combined/install/example_global_navigation_cpp:/root/ws_sensor_combined/install/example_executor_with_multiple_modes_cpp:/opt/ros/humble'), ('WSLENV', 'ELECTRON_RUN_AS_NODE/w:WT_SESSION:WT_PROFILE_ID:')]), 'shell': False}
[1.434131] (example_mode_with_executor_cpp) CommandEnded: {'returncode': 0}
[1.434340] (example_mode_with_executor_cpp) JobProgress: {'identifier': 'example_mode_with_executor_cpp', 'progress': 'install'}
[1.434367] (example_mode_with_executor_cpp) Command: {'cmd': ['/usr/bin/cmake', '--install', '/root/ws_sensor_combined/build/example_mode_with_executor_cpp'], 'cwd': '/root/ws_sensor_combined/build/example_mode_with_executor_cpp', 'env': OrderedDict([('LESSOPEN', '| /usr/bin/lesspipe %s'), ('USER', 'root'), ('GIT_ASKPASS', '/root/.vscode-server/bin/360a4e4fd251bfce169a4ddf857c7d25d1ad40da/extensions/git/dist/askpass.sh'), ('SHLVL', '2'), ('LD_LIBRARY_PATH', '/root/ws_sensor_combined/install/px4_ros2_cpp/lib:/root/ws_sensor_combined/install/px4_msgs/lib:/root/ws_sensor_combined/install/px4_ros_com/lib:/opt/ros/humble/opt/rviz_ogre_vendor/lib:/opt/ros/humble/lib/x86_64-linux-gnu:/opt/ros/humble/lib'), ('WT_PROFILE_ID', '{4ff56d04-d9cf-57ea-bae2-ad396374e7e3}'), ('HOME', '/root'), ('TERM_PROGRAM_VERSION', '1.103.1'), ('VSCODE_IPC_HOOK_CLI', '/run/user/0/vscode-ipc-7c4c6447-ae3c-495f-b12e-4b258fca685d.sock'), ('ROS_PYTHON_VERSION', '3'), ('VSCODE_GIT_ASKPASS_MAIN', '/root/.vscode-server/bin/360a4e4fd251bfce169a4ddf857c7d25d1ad40da/extensions/git/dist/askpass-main.js'), ('VSCODE_GIT_ASKPASS_NODE', '/root/.vscode-server/bin/360a4e4fd251bfce169a4ddf857c7d25d1ad40da/node'), ('PYDEVD_DISABLE_FILE_VALIDATION', '1'), ('BUNDLED_DEBUGPY_PATH', '/root/.vscode-server/extensions/ms-python.debugpy-2025.10.0-linux-x64/bundled/libs/debugpy'), ('DBUS_SESSION_BUS_ADDRESS', 'unix:path=/run/user/0/bus'), ('COLORTERM', 'truecolor'), ('WSL_DISTRO_NAME', 'Ubuntu-22.04'), ('DEBUGINFOD_URLS', ''), ('WAYLAND_DISPLAY', 'wayland-0'), ('COLCON_PREFIX_PATH', '/root/ws_sensor_combined/install'), ('ROS_DISTRO', 'humble'), ('LOGNAME', 'root'), ('NAME', 'Code'), ('WSL_INTEROP', '/run/WSL/487_interop'), ('PULSE_SERVER', 'unix:/mnt/wslg/PulseServer'), ('_', '/usr/bin/colcon'), ('ROS_VERSION', '2'), ('TERM', 'xterm-256color'), ('ROS_LOCALHOST_ONLY', '0'), ('PATH', '/root/.vscode-server/bin/360a4e4fd251bfce169a4ddf857c7d25d1ad40da/bin/remote-cli:/opt/ros/humble/bin:/usr/local/sbin:/usr/local/bin:/usr/sbin:/usr/bin:/sbin:/bin:/usr/games:/usr/local/games:/usr/lib/wsl/lib:/mnt/c/Windows/system32:/mnt/c/Windows:/mnt/c/Windows/System32/Wbem:/mnt/c/Windows/System32/WindowsPowerShell/v1.0/:/mnt/c/Windows/System32/OpenSSH/:/mnt/c/Program Files (x86)/NVIDIA Corporation/PhysX/Common:/mnt/c/WINDOWS/system32:/mnt/c/WINDOWS:/mnt/c/WINDOWS/System32/Wbem:/mnt/c/WINDOWS/System32/WindowsPowerShell/v1.0/:/mnt/c/WINDOWS/System32/OpenSSH/:/mnt/c/Program Files/dotnet/:/mnt/c/Program Files/NVIDIA Corporation/NVIDIA App/NvDLISR:/mnt/c/Program Files/Git/cmd:/mnt/c/Users/chris/AppData/Local/Microsoft/WindowsApps:/mnt/c/Users/chris/AppData/Local/Programs/Microsoft VS Code/bin:/snap/bin:/root/.vscode-server/extensions/ms-python.debugpy-2025.10.0-linux-x64/bundled/scripts/noConfigScripts:/root/.vscode-server/data/User/globalStorage/github.copilot-chat/debugCommand'), ('WT_SESSION', '402ded2a-7e1d-4116-8c7a-81d3b47e82bd'), ('XDG_RUNTIME_DIR', '/run/user/0/'), ('DISPLAY', ':0'), ('VSCODE_DEBUGPY_ADAPTER_ENDPOINTS', '/root/.vscode-server/extensions/ms-python.debugpy-2025.10.0-linux-x64/.noConfigDebugAdapterEndpoints/endpoint-d6e2528f5321a076.txt'), ('LANG', 'en_US.UTF-8'), ('LS_COLORS', 'rs=0:di=01;34:ln=01;36:mh=00:pi=40;33:so=01;35:do=01;35:bd=40;33;01:cd=40;33;01:or=40;31;01:mi=00:su=37;41:sg=30;43:ca=30;41:tw=30;42:ow=34;42:st=37;44:ex=01;32:*.tar=01;31:*.tgz=01;31:*.arc=01;31:*.arj=01;31:*.taz=01;31:*.lha=01;31:*.lz4=01;31:*.lzh=01;31:*.lzma=01;31:*.tlz=01;31:*.txz=01;31:*.tzo=01;31:*.t7z=01;31:*.zip=01;31:*.z=01;31:*.dz=01;31:*.gz=01;31:*.lrz=01;31:*.lz=01;31:*.lzo=01;31:*.xz=01;31:*.zst=01;31:*.tzst=01;31:*.bz2=01;31:*.bz=01;31:*.tbz=01;31:*.tbz2=01;31:*.tz=01;31:*.deb=01;31:*.rpm=01;31:*.jar=01;31:*.war=01;31:*.ear=01;31:*.sar=01;31:*.rar=01;31:*.alz=01;31:*.ace=01;31:*.zoo=01;31:*.cpio=01;31:*.7z=01;31:*.rz=01;31:*.cab=01;31:*.wim=01;31:*.swm=01;31:*.dwm=01;31:*.esd=01;31:*.jpg=01;35:*.jpeg=01;35:*.mjpg=01;35:*.mjpeg=01;35:*.gif=01;35:*.bmp=01;35:*.pbm=01;35:*.pgm=01;35:*.ppm=01;35:*.tga=01;35:*.xbm=01;35:*.xpm=01;35:*.tif=01;35:*.tiff=01;35:*.png=01;35:*.svg=01;35:*.svgz=01;35:*.mng=01;35:*.pcx=01;35:*.mov=01;35:*.mpg=01;35:*.mpeg=01;35:*.m2v=01;35:*.mkv=01;35:*.webm=01;35:*.webp=01;35:*.ogm=01;35:*.mp4=01;35:*.m4v=01;35:*.mp4v=01;35:*.vob=01;35:*.qt=01;35:*.nuv=01;35:*.wmv=01;35:*.asf=01;35:*.rm=01;35:*.rmvb=01;35:*.flc=01;35:*.avi=01;35:*.fli=01;35:*.flv=01;35:*.gl=01;35:*.dl=01;35:*.xcf=01;35:*.xwd=01;35:*.yuv=01;35:*.cgm=01;35:*.emf=01;35:*.ogv=01;35:*.ogx=01;35:*.aac=00;36:*.au=00;36:*.flac=00;36:*.m4a=00;36:*.mid=00;36:*.midi=00;36:*.mka=00;36:*.mp3=00;36:*.mpc=00;36:*.ogg=00;36:*.ra=00;36:*.wav=00;36:*.oga=00;36:*.opus=00;36:*.spx=00;36:*.xspf=00;36:'), ('VSCODE_GIT_IPC_HANDLE', '/run/user/0/vscode-git-c1d1440c90.sock'), ('TERM_PROGRAM', 'vscode'), ('AMENT_PREFIX_PATH', '/root/ws_sensor_combined/install/px4_ros_com:/root/ws_sensor_combined/install/example_mode_with_executor_cpp:/root/ws_sensor_combined/install/example_mode_vtol_cpp:/root/ws_sensor_combined/install/example_mode_rtl_replacement_cpp:/root/ws_sensor_combined/install/example_mode_manual_cpp:/root/ws_sensor_combined/install/example_mode_goto_global_cpp:/root/ws_sensor_combined/install/example_mode_goto_cpp:/root/ws_sensor_combined/install/example_mode_fw_attitude_cpp:/root/ws_sensor_combined/install/example_local_navigation_cpp:/root/ws_sensor_combined/install/example_global_navigation_cpp:/root/ws_sensor_combined/install/example_executor_with_multiple_modes_cpp:/root/ws_sensor_combined/install/px4_ros2_cpp:/root/ws_sensor_combined/install/px4_msgs:/opt/ros/humble'), ('SHELL', '/bin/bash'), ('LESSCLOSE', '/usr/bin/lesspipe %s %s'), ('VSCODE_GIT_ASKPASS_EXTRA_ARGS', ''), ('PWD', '/root/ws_sensor_combined/build/example_mode_with_executor_cpp'), ('XDG_DATA_DIRS', '/usr/local/share:/usr/share:/var/lib/snapd/desktop'), ('PYTHONPATH', '/root/ws_sensor_combined/install/px4_ros_com/local/lib/python3.10/dist-packages:/root/ws_sensor_combined/install/px4_msgs/local/lib/python3.10/dist-packages:/opt/ros/humble/lib/python3.10/site-packages:/opt/ros/humble/local/lib/python3.10/dist-packages'), ('COLCON', '1'), ('WSL2_GUI_APPS_ENABLED', '1'), ('HOSTTYPE', 'x86_64'), ('CMAKE_PREFIX_PATH', '/root/ws_sensor_combined/install/px4_ros2_cpp:/root/ws_sensor_combined/install/px4_msgs:/root/ws_sensor_combined/install/px4_ros_com:/root/ws_sensor_combined/install/example_mode_with_executor_cpp:/root/ws_sensor_combined/install/example_mode_vtol_cpp:/root/ws_sensor_combined/install/example_mode_rtl_replacement_cpp:/root/ws_sensor_combined/install/example_mode_manual_cpp:/root/ws_sensor_combined/install/example_mode_goto_global_cpp:/root/ws_sensor_combined/install/example_mode_goto_cpp:/root/ws_sensor_combined/install/example_mode_fw_attitude_cpp:/root/ws_sensor_combined/install/example_local_navigation_cpp:/root/ws_sensor_combined/install/example_global_navigation_cpp:/root/ws_sensor_combined/install/example_executor_with_multiple_modes_cpp:/opt/ros/humble'), ('WSLENV', 'ELECTRON_RUN_AS_NODE/w:WT_SESSION:WT_PROFILE_ID:')]), 'shell': False}
[1.434613] (example_mode_rtl_replacement_cpp) StdoutLine: {'line': b'-- Install configuration: ""\n'}
[1.434703] (example_mode_rtl_replacement_cpp) StdoutLine: {'line': b'-- Up-to-date: /root/ws_sensor_combined/install/example_mode_rtl_replacement_cpp/lib/example_mode_rtl_replacement_cpp/example_mode_rtl\n'}
[1.434785] (example_mode_rtl_replacement_cpp) StdoutLine: {'line': b'-- Up-to-date: /root/ws_sensor_combined/install/example_mode_rtl_replacement_cpp/share/ament_index/resource_index/package_run_dependencies/example_mode_rtl_replacement_cpp\n'}
[1.434878] (example_mode_rtl_replacement_cpp) StdoutLine: {'line': b'-- Up-to-date: /root/ws_sensor_combined/install/example_mode_rtl_replacement_cpp/share/ament_index/resource_index/parent_prefix_path/example_mode_rtl_replacement_cpp\n'}
[1.434961] (example_mode_rtl_replacement_cpp) StdoutLine: {'line': b'-- Up-to-date: /root/ws_sensor_combined/install/example_mode_rtl_replacement_cpp/share/example_mode_rtl_replacement_cpp/environment/ament_prefix_path.sh\n'}
[1.435042] (example_mode_rtl_replacement_cpp) StdoutLine: {'line': b'-- Up-to-date: /root/ws_sensor_combined/install/example_mode_rtl_replacement_cpp/share/example_mode_rtl_replacement_cpp/environment/ament_prefix_path.dsv\n'}
[1.435122] (example_local_navigation_cpp) CommandEnded: {'returncode': 0}
[1.435290] (example_mode_rtl_replacement_cpp) StdoutLine: {'line': b'-- Up-to-date: /root/ws_sensor_combined/install/example_mode_rtl_replacement_cpp/share/example_mode_rtl_replacement_cpp/environment/path.sh\n'}
[1.435326] (example_mode_rtl_replacement_cpp) StdoutLine: {'line': b'-- Up-to-date: /root/ws_sensor_combined/install/example_mode_rtl_replacement_cpp/share/example_mode_rtl_replacement_cpp/environment/path.dsv\n'}
[1.435353] (example_mode_rtl_replacement_cpp) StdoutLine: {'line': b'-- Up-to-date: /root/ws_sensor_combined/install/example_mode_rtl_replacement_cpp/share/example_mode_rtl_replacement_cpp/local_setup.bash\n'}
[1.435401] (example_mode_rtl_replacement_cpp) StdoutLine: {'line': b'-- Up-to-date: /root/ws_sensor_combined/install/example_mode_rtl_replacement_cpp/share/example_mode_rtl_replacement_cpp/local_setup.sh\n'}
[1.435493] (example_mode_rtl_replacement_cpp) StdoutLine: {'line': b'-- Up-to-date: /root/ws_sensor_combined/install/example_mode_rtl_replacement_cpp/share/example_mode_rtl_replacement_cpp/local_setup.zsh\n'}
[1.435584] (example_mode_rtl_replacement_cpp) StdoutLine: {'line': b'-- Up-to-date: /root/ws_sensor_combined/install/example_mode_rtl_replacement_cpp/share/example_mode_rtl_replacement_cpp/local_setup.dsv\n'}
[1.435645] (example_mode_rtl_replacement_cpp) StdoutLine: {'line': b'-- Installing: /root/ws_sensor_combined/install/example_mode_rtl_replacement_cpp/share/example_mode_rtl_replacement_cpp/package.dsv\n'}
[1.435833] (example_mode_rtl_replacement_cpp) StdoutLine: {'line': b'-- Up-to-date: /root/ws_sensor_combined/install/example_mode_rtl_replacement_cpp/share/ament_index/resource_index/packages/example_mode_rtl_replacement_cpp\n'}
[1.435920] (example_mode_rtl_replacement_cpp) StdoutLine: {'line': b'-- Up-to-date: /root/ws_sensor_combined/install/example_mode_rtl_replacement_cpp/share/example_mode_rtl_replacement_cpp/cmake/example_mode_rtl_replacement_cppConfig.cmake\n'}
[1.436002] (example_mode_rtl_replacement_cpp) StdoutLine: {'line': b'-- Up-to-date: /root/ws_sensor_combined/install/example_mode_rtl_replacement_cpp/share/example_mode_rtl_replacement_cpp/cmake/example_mode_rtl_replacement_cppConfig-version.cmake\n'}
[1.436084] (example_mode_rtl_replacement_cpp) StdoutLine: {'line': b'-- Up-to-date: /root/ws_sensor_combined/install/example_mode_rtl_replacement_cpp/share/example_mode_rtl_replacement_cpp/package.xml\n'}
[1.443600] (example_local_navigation_cpp) JobEnded: {'identifier': 'example_local_navigation_cpp', 'rc': 0}
[1.444614] (example_mode_goto_cpp) CommandEnded: {'returncode': 0}
[1.452455] (example_mode_goto_cpp) JobEnded: {'identifier': 'example_mode_goto_cpp', 'rc': 0}
[1.454597] (example_mode_goto_global_cpp) CommandEnded: {'returncode': 0}
[1.455136] (example_mode_with_executor_cpp) StdoutLine: {'line': b'-- Install configuration: ""\n'}
[1.455693] (example_mode_with_executor_cpp) StdoutLine: {'line': b'-- Up-to-date: /root/ws_sensor_combined/install/example_mode_with_executor_cpp/lib/example_mode_with_executor_cpp/example_mode_with_executor\n'}
[1.455787] (example_mode_with_executor_cpp) StdoutLine: {'line': b'-- Up-to-date: /root/ws_sensor_combined/install/example_mode_with_executor_cpp/share/ament_index/resource_index/package_run_dependencies/example_mode_with_executor_cpp\n'}
[1.455900] (example_mode_with_executor_cpp) StdoutLine: {'line': b'-- Up-to-date: /root/ws_sensor_combined/install/example_mode_with_executor_cpp/share/ament_index/resource_index/parent_prefix_path/example_mode_with_executor_cpp\n'}
[1.456017] (example_mode_with_executor_cpp) StdoutLine: {'line': b'-- Up-to-date: /root/ws_sensor_combined/install/example_mode_with_executor_cpp/share/example_mode_with_executor_cpp/environment/ament_prefix_path.sh\n'}
[1.456083] (example_mode_with_executor_cpp) StdoutLine: {'line': b'-- Up-to-date: /root/ws_sensor_combined/install/example_mode_with_executor_cpp/share/example_mode_with_executor_cpp/environment/ament_prefix_path.dsv\n'}
[1.456164] (example_mode_with_executor_cpp) StdoutLine: {'line': b'-- Up-to-date: /root/ws_sensor_combined/install/example_mode_with_executor_cpp/share/example_mode_with_executor_cpp/environment/path.sh\n'}
[1.456246] (example_mode_with_executor_cpp) StdoutLine: {'line': b'-- Up-to-date: /root/ws_sensor_combined/install/example_mode_with_executor_cpp/share/example_mode_with_executor_cpp/environment/path.dsv\n'}
[1.456327] (example_mode_with_executor_cpp) StdoutLine: {'line': b'-- Up-to-date: /root/ws_sensor_combined/install/example_mode_with_executor_cpp/share/example_mode_with_executor_cpp/local_setup.bash\n'}
[1.456409] (example_mode_with_executor_cpp) StdoutLine: {'line': b'-- Up-to-date: /root/ws_sensor_combined/install/example_mode_with_executor_cpp/share/example_mode_with_executor_cpp/local_setup.sh\n'}
[1.456491] (example_mode_with_executor_cpp) StdoutLine: {'line': b'-- Up-to-date: /root/ws_sensor_combined/install/example_mode_with_executor_cpp/share/example_mode_with_executor_cpp/local_setup.zsh\n'}
[1.456573] (example_mode_with_executor_cpp) StdoutLine: {'line': b'-- Up-to-date: /root/ws_sensor_combined/install/example_mode_with_executor_cpp/share/example_mode_with_executor_cpp/local_setup.dsv\n'}
[1.456657] (example_mode_with_executor_cpp) StdoutLine: {'line': b'-- Installing: /root/ws_sensor_combined/install/example_mode_with_executor_cpp/share/example_mode_with_executor_cpp/package.dsv\n'}
[1.456738] (example_mode_with_executor_cpp) StdoutLine: {'line': b'-- Up-to-date: /root/ws_sensor_combined/install/example_mode_with_executor_cpp/share/ament_index/resource_index/packages/example_mode_with_executor_cpp\n'}
[1.456819] (example_mode_with_executor_cpp) StdoutLine: {'line': b'-- Up-to-date: /root/ws_sensor_combined/install/example_mode_with_executor_cpp/share/example_mode_with_executor_cpp/cmake/example_mode_with_executor_cppConfig.cmake\n'}
[1.456901] (example_mode_with_executor_cpp) StdoutLine: {'line': b'-- Up-to-date: /root/ws_sensor_combined/install/example_mode_with_executor_cpp/share/example_mode_with_executor_cpp/cmake/example_mode_with_executor_cppConfig-version.cmake\n'}
[1.456981] (example_mode_with_executor_cpp) StdoutLine: {'line': b'-- Up-to-date: /root/ws_sensor_combined/install/example_mode_with_executor_cpp/share/example_mode_with_executor_cpp/package.xml\n'}
[1.464183] (example_mode_goto_global_cpp) JobEnded: {'identifier': 'example_mode_goto_global_cpp', 'rc': 0}
[1.465483] (example_mode_manual_cpp) CommandEnded: {'returncode': 0}
[1.472937] (example_mode_manual_cpp) JobEnded: {'identifier': 'example_mode_manual_cpp', 'rc': 0}
[1.473764] (example_mode_vtol_cpp) CommandEnded: {'returncode': 0}
[1.481197] (example_mode_vtol_cpp) JobEnded: {'identifier': 'example_mode_vtol_cpp', 'rc': 0}
[1.482177] (example_mode_rtl_replacement_cpp) CommandEnded: {'returncode': 0}
[1.490223] (example_mode_rtl_replacement_cpp) JobEnded: {'identifier': 'example_mode_rtl_replacement_cpp', 'rc': 0}
[1.491464] (example_mode_with_executor_cpp) CommandEnded: {'returncode': 0}
[1.498373] (example_mode_with_executor_cpp) JobEnded: {'identifier': 'example_mode_with_executor_cpp', 'rc': 0}
[1.506699] (-) TimerEvent: {}
[1.607040] (-) TimerEvent: {}
[1.707413] (-) TimerEvent: {}
[1.807682] (-) TimerEvent: {}
[1.908020] (-) TimerEvent: {}
[2.008399] (-) TimerEvent: {}
[2.108702] (-) TimerEvent: {}
[2.209119] (-) TimerEvent: {}
[2.309412] (-) TimerEvent: {}
[2.409754] (-) TimerEvent: {}
[2.510059] (-) TimerEvent: {}
[2.610345] (-) TimerEvent: {}
[2.710678] (-) TimerEvent: {}
[2.810970] (-) TimerEvent: {}
[2.911270] (-) TimerEvent: {}
[3.011565] (-) TimerEvent: {}
[3.111904] (-) TimerEvent: {}
[3.212215] (-) TimerEvent: {}
[3.312571] (-) TimerEvent: {}
[3.412891] (-) TimerEvent: {}
[3.513219] (-) TimerEvent: {}
[3.613575] (-) TimerEvent: {}
[3.713851] (-) TimerEvent: {}
[3.814243] (-) TimerEvent: {}
[3.914548] (-) TimerEvent: {}
[4.014897] (-) TimerEvent: {}
[4.115196] (-) TimerEvent: {}
[4.215523] (-) TimerEvent: {}
[4.315811] (-) TimerEvent: {}
[4.416144] (-) TimerEvent: {}
[4.516629] (-) TimerEvent: {}
[4.616924] (-) TimerEvent: {}
[4.717380] (-) TimerEvent: {}
[4.804151] (px4_ros_com) StdoutLine: {'line': b"-- Using RMW implementation 'rmw_fastrtps_cpp' as default\n"}
[4.817516] (-) TimerEvent: {}
[4.826202] (px4_ros_com) StdoutLine: {'line': b'-- Found sensor_msgs: 4.9.0 (/opt/ros/humble/share/sensor_msgs/cmake)\n'}
[4.836907] (px4_ros_com) StdoutLine: {'line': b'-- Found rclpy: 3.3.17 (/opt/ros/humble/share/rclpy/cmake)\n'}
[4.841150] (px4_ros_com) StderrLine: {'line': b'\x1b[31mCMake Error at CMakeLists.txt:71 (add_executable):\n'}
[4.841331] (px4_ros_com) StderrLine: {'line': b'  add_executable cannot create target "offboard_control_enae788m" because\n'}
[4.841390] (px4_ros_com) StderrLine: {'line': b'  another target with the same name already exists.  The existing target is\n'}
[4.841485] (px4_ros_com) StderrLine: {'line': b'  an executable created in source directory\n'}
[4.841597] (px4_ros_com) StderrLine: {'line': b'  "/root/ws_sensor_combined/src/px4_ros_com".  See documentation for policy\n'}
[4.841685] (px4_ros_com) StderrLine: {'line': b'  CMP0002 for more details.\n'}
[4.841783] (px4_ros_com) StderrLine: {'line': b'\n'}
[4.841811] (px4_ros_com) StderrLine: {'line': b'\x1b[0m\n'}
[4.841836] (px4_ros_com) StderrLine: {'line': b'\x1b[31mCMake Error at /opt/ros/humble/share/ament_cmake_target_dependencies/cmake/ament_target_dependencies.cmake:42 (message):\n'}
[4.841862] (px4_ros_com) StderrLine: {'line': b'  ament_target_dependencies() the first argument must be a valid target name\n'}
[4.841887] (px4_ros_com) StderrLine: {'line': b'Call Stack (most recent call first):\n'}
[4.841911] (px4_ros_com) StderrLine: {'line': b'  CMakeLists.txt:72 (ament_target_dependencies)\n'}
[4.841935] (px4_ros_com) StderrLine: {'line': b'\n'}
[4.841959] (px4_ros_com) StderrLine: {'line': b'\x1b[0m\n'}
[4.841982] (px4_ros_com) StdoutLine: {'line': b'-- Configuring incomplete, errors occurred!\n'}
[4.842013] (px4_ros_com) StdoutLine: {'line': b'See also "/root/ws_sensor_combined/build/px4_ros_com/CMakeFiles/CMakeOutput.log".\n'}
[4.846848] (px4_ros_com) StderrLine: {'line': b'gmake: *** [Makefile:541: cmake_check_build_system] Error 1\n'}
[4.848438] (px4_ros_com) CommandEnded: {'returncode': 2}
[4.854163] (px4_ros_com) JobEnded: {'identifier': 'px4_ros_com', 'rc': 2}
[4.864802] (-) EventReactorShutdown: {}
