[0.399s] DEBUG:colcon:Command line arguments: ['/usr/bin/colcon', 'build']
[0.399s] DEBUG:colcon:Parsed command line arguments: Namespace(log_base=None, log_level=None, verb_name='build', build_base='build', install_base='install', merge_install=False, symlink_install=False, test_result_base=None, continue_on_error=False, executor='parallel', parallel_workers=20, event_handlers=None, ignore_user_meta=False, metas=['./colcon.meta'], base_paths=['.'], packages_ignore=None, packages_ignore_regex=None, paths=None, packages_up_to=None, packages_up_to_regex=None, packages_above=None, packages_above_and_dependencies=None, packages_above_depth=None, packages_select_by_dep=None, packages_skip_by_dep=None, packages_skip_up_to=None, packages_select_build_failed=False, packages_skip_build_finished=False, packages_select_test_failures=False, packages_skip_test_passed=False, packages_select=None, packages_skip=None, packages_select_regex=None, packages_skip_regex=None, packages_start=None, packages_end=None, allow_overriding=[], cmake_args=None, cmake_target=None, cmake_target_skip_unavailable=False, cmake_clean_cache=False, cmake_clean_first=False, cmake_force_configure=False, ament_cmake_args=None, catkin_cmake_args=None, catkin_skip_building_tests=False, mixin_files=None, mixin=None, verb_parser=<colcon_mixin.mixin.mixin_argument.MixinArgumentDecorator object at 0x73e1bd856c50>, verb_extension=<colcon_core.verb.build.BuildVerb object at 0x73e1bd856650>, main=<bound method BuildVerb.main of <colcon_core.verb.build.BuildVerb object at 0x73e1bd856650>>, mixin_verb=('build',))
[0.470s] Level 1:colcon.colcon_core.package_discovery:discover_packages(colcon_meta) check parameters
[0.470s] Level 1:colcon.colcon_core.package_discovery:discover_packages(recursive) check parameters
[0.470s] Level 1:colcon.colcon_core.package_discovery:discover_packages(ignore) check parameters
[0.470s] Level 1:colcon.colcon_core.package_discovery:discover_packages(path) check parameters
[0.470s] Level 1:colcon.colcon_core.package_discovery:discover_packages(colcon_meta) discover
[0.470s] Level 1:colcon.colcon_core.package_discovery:discover_packages(recursive) discover
[0.470s] INFO:colcon.colcon_core.package_discovery:Crawling recursively for packages in '/root/ws_sensor_combined'
[0.470s] Level 1:colcon.colcon_core.package_identification:_identify(.) by extensions ['ignore', 'ignore_ament_install']
[0.470s] Level 1:colcon.colcon_core.package_identification:_identify(.) by extension 'ignore'
[0.470s] Level 1:colcon.colcon_core.package_identification:_identify(.) by extension 'ignore_ament_install'
[0.470s] Level 1:colcon.colcon_core.package_identification:_identify(.) by extensions ['colcon_pkg']
[0.470s] Level 1:colcon.colcon_core.package_identification:_identify(.) by extension 'colcon_pkg'
[0.471s] Level 1:colcon.colcon_core.package_identification:_identify(.) by extensions ['colcon_meta']
[0.471s] Level 1:colcon.colcon_core.package_identification:_identify(.) by extension 'colcon_meta'
[0.471s] Level 1:colcon.colcon_core.package_identification:_identify(.) by extensions ['ros']
[0.471s] Level 1:colcon.colcon_core.package_identification:_identify(.) by extension 'ros'
[0.492s] Level 1:colcon.colcon_core.package_identification:_identify(.) by extensions ['cmake', 'python']
[0.492s] Level 1:colcon.colcon_core.package_identification:_identify(.) by extension 'cmake'
[0.492s] Level 1:colcon.colcon_core.package_identification:_identify(.) by extension 'python'
[0.492s] Level 1:colcon.colcon_core.package_identification:_identify(.) by extensions ['python_setup_py']
[0.492s] Level 1:colcon.colcon_core.package_identification:_identify(.) by extension 'python_setup_py'
[0.492s] Level 1:colcon.colcon_core.package_identification:_identify(build) by extensions ['ignore', 'ignore_ament_install']
[0.492s] Level 1:colcon.colcon_core.package_identification:_identify(build) by extension 'ignore'
[0.492s] Level 1:colcon.colcon_core.package_identification:_identify(build) ignored
[0.493s] Level 1:colcon.colcon_core.package_identification:_identify(install) by extensions ['ignore', 'ignore_ament_install']
[0.493s] Level 1:colcon.colcon_core.package_identification:_identify(install) by extension 'ignore'
[0.493s] Level 1:colcon.colcon_core.package_identification:_identify(install) ignored
[0.494s] Level 1:colcon.colcon_core.package_identification:_identify(log) by extensions ['ignore', 'ignore_ament_install']
[0.494s] Level 1:colcon.colcon_core.package_identification:_identify(log) by extension 'ignore'
[0.494s] Level 1:colcon.colcon_core.package_identification:_identify(log) ignored
[0.495s] Level 1:colcon.colcon_core.package_identification:_identify(rgb_images) by extensions ['ignore', 'ignore_ament_install']
[0.495s] Level 1:colcon.colcon_core.package_identification:_identify(rgb_images) by extension 'ignore'
[0.495s] Level 1:colcon.colcon_core.package_identification:_identify(rgb_images) by extension 'ignore_ament_install'
[0.495s] Level 1:colcon.colcon_core.package_identification:_identify(rgb_images) by extensions ['colcon_pkg']
[0.495s] Level 1:colcon.colcon_core.package_identification:_identify(rgb_images) by extension 'colcon_pkg'
[0.495s] Level 1:colcon.colcon_core.package_identification:_identify(rgb_images) by extensions ['colcon_meta']
[0.495s] Level 1:colcon.colcon_core.package_identification:_identify(rgb_images) by extension 'colcon_meta'
[0.495s] Level 1:colcon.colcon_core.package_identification:_identify(rgb_images) by extensions ['ros']
[0.495s] Level 1:colcon.colcon_core.package_identification:_identify(rgb_images) by extension 'ros'
[0.495s] Level 1:colcon.colcon_core.package_identification:_identify(rgb_images) by extensions ['cmake', 'python']
[0.495s] Level 1:colcon.colcon_core.package_identification:_identify(rgb_images) by extension 'cmake'
[0.495s] Level 1:colcon.colcon_core.package_identification:_identify(rgb_images) by extension 'python'
[0.495s] Level 1:colcon.colcon_core.package_identification:_identify(rgb_images) by extensions ['python_setup_py']
[0.495s] Level 1:colcon.colcon_core.package_identification:_identify(rgb_images) by extension 'python_setup_py'
[0.495s] Level 1:colcon.colcon_core.package_identification:_identify(src) by extensions ['ignore', 'ignore_ament_install']
[0.496s] Level 1:colcon.colcon_core.package_identification:_identify(src) by extension 'ignore'
[0.496s] Level 1:colcon.colcon_core.package_identification:_identify(src) by extension 'ignore_ament_install'
[0.496s] Level 1:colcon.colcon_core.package_identification:_identify(src) by extensions ['colcon_pkg']
[0.496s] Level 1:colcon.colcon_core.package_identification:_identify(src) by extension 'colcon_pkg'
[0.496s] Level 1:colcon.colcon_core.package_identification:_identify(src) by extensions ['colcon_meta']
[0.496s] Level 1:colcon.colcon_core.package_identification:_identify(src) by extension 'colcon_meta'
[0.496s] Level 1:colcon.colcon_core.package_identification:_identify(src) by extensions ['ros']
[0.496s] Level 1:colcon.colcon_core.package_identification:_identify(src) by extension 'ros'
[0.496s] Level 1:colcon.colcon_core.package_identification:_identify(src) by extensions ['cmake', 'python']
[0.496s] Level 1:colcon.colcon_core.package_identification:_identify(src) by extension 'cmake'
[0.496s] Level 1:colcon.colcon_core.package_identification:_identify(src) by extension 'python'
[0.496s] Level 1:colcon.colcon_core.package_identification:_identify(src) by extensions ['python_setup_py']
[0.496s] Level 1:colcon.colcon_core.package_identification:_identify(src) by extension 'python_setup_py'
[0.496s] Level 1:colcon.colcon_core.package_identification:_identify(src/px4-ros2-interface-lib) by extensions ['ignore', 'ignore_ament_install']
[0.496s] Level 1:colcon.colcon_core.package_identification:_identify(src/px4-ros2-interface-lib) by extension 'ignore'
[0.497s] Level 1:colcon.colcon_core.package_identification:_identify(src/px4-ros2-interface-lib) by extension 'ignore_ament_install'
[0.497s] Level 1:colcon.colcon_core.package_identification:_identify(src/px4-ros2-interface-lib) by extensions ['colcon_pkg']
[0.497s] Level 1:colcon.colcon_core.package_identification:_identify(src/px4-ros2-interface-lib) by extension 'colcon_pkg'
[0.497s] Level 1:colcon.colcon_core.package_identification:_identify(src/px4-ros2-interface-lib) by extensions ['colcon_meta']
[0.497s] Level 1:colcon.colcon_core.package_identification:_identify(src/px4-ros2-interface-lib) by extension 'colcon_meta'
[0.497s] Level 1:colcon.colcon_core.package_identification:_identify(src/px4-ros2-interface-lib) by extensions ['ros']
[0.497s] Level 1:colcon.colcon_core.package_identification:_identify(src/px4-ros2-interface-lib) by extension 'ros'
[0.497s] Level 1:colcon.colcon_core.package_identification:_identify(src/px4-ros2-interface-lib) by extensions ['cmake', 'python']
[0.497s] Level 1:colcon.colcon_core.package_identification:_identify(src/px4-ros2-interface-lib) by extension 'cmake'
[0.497s] Level 1:colcon.colcon_core.package_identification:_identify(src/px4-ros2-interface-lib) by extension 'python'
[0.497s] Level 1:colcon.colcon_core.package_identification:_identify(src/px4-ros2-interface-lib) by extensions ['python_setup_py']
[0.497s] Level 1:colcon.colcon_core.package_identification:_identify(src/px4-ros2-interface-lib) by extension 'python_setup_py'
[0.498s] Level 1:colcon.colcon_core.package_identification:_identify(src/px4-ros2-interface-lib/examples) by extensions ['ignore', 'ignore_ament_install']
[0.498s] Level 1:colcon.colcon_core.package_identification:_identify(src/px4-ros2-interface-lib/examples) by extension 'ignore'
[0.498s] Level 1:colcon.colcon_core.package_identification:_identify(src/px4-ros2-interface-lib/examples) by extension 'ignore_ament_install'
[0.498s] Level 1:colcon.colcon_core.package_identification:_identify(src/px4-ros2-interface-lib/examples) by extensions ['colcon_pkg']
[0.498s] Level 1:colcon.colcon_core.package_identification:_identify(src/px4-ros2-interface-lib/examples) by extension 'colcon_pkg'
[0.498s] Level 1:colcon.colcon_core.package_identification:_identify(src/px4-ros2-interface-lib/examples) by extensions ['colcon_meta']
[0.498s] Level 1:colcon.colcon_core.package_identification:_identify(src/px4-ros2-interface-lib/examples) by extension 'colcon_meta'
[0.498s] Level 1:colcon.colcon_core.package_identification:_identify(src/px4-ros2-interface-lib/examples) by extensions ['ros']
[0.498s] Level 1:colcon.colcon_core.package_identification:_identify(src/px4-ros2-interface-lib/examples) by extension 'ros'
[0.498s] Level 1:colcon.colcon_core.package_identification:_identify(src/px4-ros2-interface-lib/examples) by extensions ['cmake', 'python']
[0.499s] Level 1:colcon.colcon_core.package_identification:_identify(src/px4-ros2-interface-lib/examples) by extension 'cmake'
[0.499s] Level 1:colcon.colcon_core.package_identification:_identify(src/px4-ros2-interface-lib/examples) by extension 'python'
[0.499s] Level 1:colcon.colcon_core.package_identification:_identify(src/px4-ros2-interface-lib/examples) by extensions ['python_setup_py']
[0.499s] Level 1:colcon.colcon_core.package_identification:_identify(src/px4-ros2-interface-lib/examples) by extension 'python_setup_py'
[0.500s] Level 1:colcon.colcon_core.package_identification:_identify(src/px4-ros2-interface-lib/examples/cpp) by extensions ['ignore', 'ignore_ament_install']
[0.500s] Level 1:colcon.colcon_core.package_identification:_identify(src/px4-ros2-interface-lib/examples/cpp) by extension 'ignore'
[0.500s] Level 1:colcon.colcon_core.package_identification:_identify(src/px4-ros2-interface-lib/examples/cpp) by extension 'ignore_ament_install'
[0.500s] Level 1:colcon.colcon_core.package_identification:_identify(src/px4-ros2-interface-lib/examples/cpp) by extensions ['colcon_pkg']
[0.500s] Level 1:colcon.colcon_core.package_identification:_identify(src/px4-ros2-interface-lib/examples/cpp) by extension 'colcon_pkg'
[0.500s] Level 1:colcon.colcon_core.package_identification:_identify(src/px4-ros2-interface-lib/examples/cpp) by extensions ['colcon_meta']
[0.500s] Level 1:colcon.colcon_core.package_identification:_identify(src/px4-ros2-interface-lib/examples/cpp) by extension 'colcon_meta'
[0.500s] Level 1:colcon.colcon_core.package_identification:_identify(src/px4-ros2-interface-lib/examples/cpp) by extensions ['ros']
[0.500s] Level 1:colcon.colcon_core.package_identification:_identify(src/px4-ros2-interface-lib/examples/cpp) by extension 'ros'
[0.500s] Level 1:colcon.colcon_core.package_identification:_identify(src/px4-ros2-interface-lib/examples/cpp) by extensions ['cmake', 'python']
[0.500s] Level 1:colcon.colcon_core.package_identification:_identify(src/px4-ros2-interface-lib/examples/cpp) by extension 'cmake'
[0.500s] Level 1:colcon.colcon_core.package_identification:_identify(src/px4-ros2-interface-lib/examples/cpp) by extension 'python'
[0.500s] Level 1:colcon.colcon_core.package_identification:_identify(src/px4-ros2-interface-lib/examples/cpp) by extensions ['python_setup_py']
[0.500s] Level 1:colcon.colcon_core.package_identification:_identify(src/px4-ros2-interface-lib/examples/cpp) by extension 'python_setup_py'
[0.501s] Level 1:colcon.colcon_core.package_identification:_identify(src/px4-ros2-interface-lib/examples/cpp/modes) by extensions ['ignore', 'ignore_ament_install']
[0.501s] Level 1:colcon.colcon_core.package_identification:_identify(src/px4-ros2-interface-lib/examples/cpp/modes) by extension 'ignore'
[0.501s] Level 1:colcon.colcon_core.package_identification:_identify(src/px4-ros2-interface-lib/examples/cpp/modes) by extension 'ignore_ament_install'
[0.501s] Level 1:colcon.colcon_core.package_identification:_identify(src/px4-ros2-interface-lib/examples/cpp/modes) by extensions ['colcon_pkg']
[0.501s] Level 1:colcon.colcon_core.package_identification:_identify(src/px4-ros2-interface-lib/examples/cpp/modes) by extension 'colcon_pkg'
[0.501s] Level 1:colcon.colcon_core.package_identification:_identify(src/px4-ros2-interface-lib/examples/cpp/modes) by extensions ['colcon_meta']
[0.501s] Level 1:colcon.colcon_core.package_identification:_identify(src/px4-ros2-interface-lib/examples/cpp/modes) by extension 'colcon_meta'
[0.501s] Level 1:colcon.colcon_core.package_identification:_identify(src/px4-ros2-interface-lib/examples/cpp/modes) by extensions ['ros']
[0.501s] Level 1:colcon.colcon_core.package_identification:_identify(src/px4-ros2-interface-lib/examples/cpp/modes) by extension 'ros'
[0.501s] Level 1:colcon.colcon_core.package_identification:_identify(src/px4-ros2-interface-lib/examples/cpp/modes) by extensions ['cmake', 'python']
[0.501s] Level 1:colcon.colcon_core.package_identification:_identify(src/px4-ros2-interface-lib/examples/cpp/modes) by extension 'cmake'
[0.501s] Level 1:colcon.colcon_core.package_identification:_identify(src/px4-ros2-interface-lib/examples/cpp/modes) by extension 'python'
[0.501s] Level 1:colcon.colcon_core.package_identification:_identify(src/px4-ros2-interface-lib/examples/cpp/modes) by extensions ['python_setup_py']
[0.501s] Level 1:colcon.colcon_core.package_identification:_identify(src/px4-ros2-interface-lib/examples/cpp/modes) by extension 'python_setup_py'
[0.502s] Level 1:colcon.colcon_core.package_identification:_identify(src/px4-ros2-interface-lib/examples/cpp/modes/executor_with_multiple_modes) by extensions ['ignore', 'ignore_ament_install']
[0.502s] Level 1:colcon.colcon_core.package_identification:_identify(src/px4-ros2-interface-lib/examples/cpp/modes/executor_with_multiple_modes) by extension 'ignore'
[0.502s] Level 1:colcon.colcon_core.package_identification:_identify(src/px4-ros2-interface-lib/examples/cpp/modes/executor_with_multiple_modes) by extension 'ignore_ament_install'
[0.502s] Level 1:colcon.colcon_core.package_identification:_identify(src/px4-ros2-interface-lib/examples/cpp/modes/executor_with_multiple_modes) by extensions ['colcon_pkg']
[0.502s] Level 1:colcon.colcon_core.package_identification:_identify(src/px4-ros2-interface-lib/examples/cpp/modes/executor_with_multiple_modes) by extension 'colcon_pkg'
[0.502s] Level 1:colcon.colcon_core.package_identification:_identify(src/px4-ros2-interface-lib/examples/cpp/modes/executor_with_multiple_modes) by extensions ['colcon_meta']
[0.502s] Level 1:colcon.colcon_core.package_identification:_identify(src/px4-ros2-interface-lib/examples/cpp/modes/executor_with_multiple_modes) by extension 'colcon_meta'
[0.502s] Level 1:colcon.colcon_core.package_identification:_identify(src/px4-ros2-interface-lib/examples/cpp/modes/executor_with_multiple_modes) by extensions ['ros']
[0.502s] Level 1:colcon.colcon_core.package_identification:_identify(src/px4-ros2-interface-lib/examples/cpp/modes/executor_with_multiple_modes) by extension 'ros'
[0.506s] DEBUG:colcon.colcon_core.package_identification:Package 'src/px4-ros2-interface-lib/examples/cpp/modes/executor_with_multiple_modes' with type 'ros.ament_cmake' and name 'example_executor_with_multiple_modes_cpp'
[0.506s] Level 1:colcon.colcon_core.package_identification:_identify(src/px4-ros2-interface-lib/examples/cpp/modes/fw_attitude) by extensions ['ignore', 'ignore_ament_install']
[0.506s] Level 1:colcon.colcon_core.package_identification:_identify(src/px4-ros2-interface-lib/examples/cpp/modes/fw_attitude) by extension 'ignore'
[0.506s] Level 1:colcon.colcon_core.package_identification:_identify(src/px4-ros2-interface-lib/examples/cpp/modes/fw_attitude) by extension 'ignore_ament_install'
[0.506s] Level 1:colcon.colcon_core.package_identification:_identify(src/px4-ros2-interface-lib/examples/cpp/modes/fw_attitude) by extensions ['colcon_pkg']
[0.506s] Level 1:colcon.colcon_core.package_identification:_identify(src/px4-ros2-interface-lib/examples/cpp/modes/fw_attitude) by extension 'colcon_pkg'
[0.506s] Level 1:colcon.colcon_core.package_identification:_identify(src/px4-ros2-interface-lib/examples/cpp/modes/fw_attitude) by extensions ['colcon_meta']
[0.507s] Level 1:colcon.colcon_core.package_identification:_identify(src/px4-ros2-interface-lib/examples/cpp/modes/fw_attitude) by extension 'colcon_meta'
[0.507s] Level 1:colcon.colcon_core.package_identification:_identify(src/px4-ros2-interface-lib/examples/cpp/modes/fw_attitude) by extensions ['ros']
[0.507s] Level 1:colcon.colcon_core.package_identification:_identify(src/px4-ros2-interface-lib/examples/cpp/modes/fw_attitude) by extension 'ros'
[0.507s] DEBUG:colcon.colcon_core.package_identification:Package 'src/px4-ros2-interface-lib/examples/cpp/modes/fw_attitude' with type 'ros.ament_cmake' and name 'example_mode_fw_attitude_cpp'
[0.508s] Level 1:colcon.colcon_core.package_identification:_identify(src/px4-ros2-interface-lib/examples/cpp/modes/goto) by extensions ['ignore', 'ignore_ament_install']
[0.508s] Level 1:colcon.colcon_core.package_identification:_identify(src/px4-ros2-interface-lib/examples/cpp/modes/goto) by extension 'ignore'
[0.508s] Level 1:colcon.colcon_core.package_identification:_identify(src/px4-ros2-interface-lib/examples/cpp/modes/goto) by extension 'ignore_ament_install'
[0.508s] Level 1:colcon.colcon_core.package_identification:_identify(src/px4-ros2-interface-lib/examples/cpp/modes/goto) by extensions ['colcon_pkg']
[0.508s] Level 1:colcon.colcon_core.package_identification:_identify(src/px4-ros2-interface-lib/examples/cpp/modes/goto) by extension 'colcon_pkg'
[0.508s] Level 1:colcon.colcon_core.package_identification:_identify(src/px4-ros2-interface-lib/examples/cpp/modes/goto) by extensions ['colcon_meta']
[0.508s] Level 1:colcon.colcon_core.package_identification:_identify(src/px4-ros2-interface-lib/examples/cpp/modes/goto) by extension 'colcon_meta'
[0.508s] Level 1:colcon.colcon_core.package_identification:_identify(src/px4-ros2-interface-lib/examples/cpp/modes/goto) by extensions ['ros']
[0.508s] Level 1:colcon.colcon_core.package_identification:_identify(src/px4-ros2-interface-lib/examples/cpp/modes/goto) by extension 'ros'
[0.509s] DEBUG:colcon.colcon_core.package_identification:Package 'src/px4-ros2-interface-lib/examples/cpp/modes/goto' with type 'ros.ament_cmake' and name 'example_mode_goto_cpp'
[0.510s] Level 1:colcon.colcon_core.package_identification:_identify(src/px4-ros2-interface-lib/examples/cpp/modes/goto_global) by extensions ['ignore', 'ignore_ament_install']
[0.510s] Level 1:colcon.colcon_core.package_identification:_identify(src/px4-ros2-interface-lib/examples/cpp/modes/goto_global) by extension 'ignore'
[0.510s] Level 1:colcon.colcon_core.package_identification:_identify(src/px4-ros2-interface-lib/examples/cpp/modes/goto_global) by extension 'ignore_ament_install'
[0.510s] Level 1:colcon.colcon_core.package_identification:_identify(src/px4-ros2-interface-lib/examples/cpp/modes/goto_global) by extensions ['colcon_pkg']
[0.510s] Level 1:colcon.colcon_core.package_identification:_identify(src/px4-ros2-interface-lib/examples/cpp/modes/goto_global) by extension 'colcon_pkg'
[0.510s] Level 1:colcon.colcon_core.package_identification:_identify(src/px4-ros2-interface-lib/examples/cpp/modes/goto_global) by extensions ['colcon_meta']
[0.510s] Level 1:colcon.colcon_core.package_identification:_identify(src/px4-ros2-interface-lib/examples/cpp/modes/goto_global) by extension 'colcon_meta'
[0.510s] Level 1:colcon.colcon_core.package_identification:_identify(src/px4-ros2-interface-lib/examples/cpp/modes/goto_global) by extensions ['ros']
[0.510s] Level 1:colcon.colcon_core.package_identification:_identify(src/px4-ros2-interface-lib/examples/cpp/modes/goto_global) by extension 'ros'
[0.511s] DEBUG:colcon.colcon_core.package_identification:Package 'src/px4-ros2-interface-lib/examples/cpp/modes/goto_global' with type 'ros.ament_cmake' and name 'example_mode_goto_global_cpp'
[0.511s] Level 1:colcon.colcon_core.package_identification:_identify(src/px4-ros2-interface-lib/examples/cpp/modes/manual) by extensions ['ignore', 'ignore_ament_install']
[0.511s] Level 1:colcon.colcon_core.package_identification:_identify(src/px4-ros2-interface-lib/examples/cpp/modes/manual) by extension 'ignore'
[0.512s] Level 1:colcon.colcon_core.package_identification:_identify(src/px4-ros2-interface-lib/examples/cpp/modes/manual) by extension 'ignore_ament_install'
[0.512s] Level 1:colcon.colcon_core.package_identification:_identify(src/px4-ros2-interface-lib/examples/cpp/modes/manual) by extensions ['colcon_pkg']
[0.512s] Level 1:colcon.colcon_core.package_identification:_identify(src/px4-ros2-interface-lib/examples/cpp/modes/manual) by extension 'colcon_pkg'
[0.512s] Level 1:colcon.colcon_core.package_identification:_identify(src/px4-ros2-interface-lib/examples/cpp/modes/manual) by extensions ['colcon_meta']
[0.512s] Level 1:colcon.colcon_core.package_identification:_identify(src/px4-ros2-interface-lib/examples/cpp/modes/manual) by extension 'colcon_meta'
[0.512s] Level 1:colcon.colcon_core.package_identification:_identify(src/px4-ros2-interface-lib/examples/cpp/modes/manual) by extensions ['ros']
[0.512s] Level 1:colcon.colcon_core.package_identification:_identify(src/px4-ros2-interface-lib/examples/cpp/modes/manual) by extension 'ros'
[0.512s] DEBUG:colcon.colcon_core.package_identification:Package 'src/px4-ros2-interface-lib/examples/cpp/modes/manual' with type 'ros.ament_cmake' and name 'example_mode_manual_cpp'
[0.513s] Level 1:colcon.colcon_core.package_identification:_identify(src/px4-ros2-interface-lib/examples/cpp/modes/mode_with_executor) by extensions ['ignore', 'ignore_ament_install']
[0.513s] Level 1:colcon.colcon_core.package_identification:_identify(src/px4-ros2-interface-lib/examples/cpp/modes/mode_with_executor) by extension 'ignore'
[0.513s] Level 1:colcon.colcon_core.package_identification:_identify(src/px4-ros2-interface-lib/examples/cpp/modes/mode_with_executor) by extension 'ignore_ament_install'
[0.513s] Level 1:colcon.colcon_core.package_identification:_identify(src/px4-ros2-interface-lib/examples/cpp/modes/mode_with_executor) by extensions ['colcon_pkg']
[0.513s] Level 1:colcon.colcon_core.package_identification:_identify(src/px4-ros2-interface-lib/examples/cpp/modes/mode_with_executor) by extension 'colcon_pkg'
[0.513s] Level 1:colcon.colcon_core.package_identification:_identify(src/px4-ros2-interface-lib/examples/cpp/modes/mode_with_executor) by extensions ['colcon_meta']
[0.513s] Level 1:colcon.colcon_core.package_identification:_identify(src/px4-ros2-interface-lib/examples/cpp/modes/mode_with_executor) by extension 'colcon_meta'
[0.513s] Level 1:colcon.colcon_core.package_identification:_identify(src/px4-ros2-interface-lib/examples/cpp/modes/mode_with_executor) by extensions ['ros']
[0.513s] Level 1:colcon.colcon_core.package_identification:_identify(src/px4-ros2-interface-lib/examples/cpp/modes/mode_with_executor) by extension 'ros'
[0.514s] DEBUG:colcon.colcon_core.package_identification:Package 'src/px4-ros2-interface-lib/examples/cpp/modes/mode_with_executor' with type 'ros.ament_cmake' and name 'example_mode_with_executor_cpp'
[0.514s] Level 1:colcon.colcon_core.package_identification:_identify(src/px4-ros2-interface-lib/examples/cpp/modes/rtl_replacement) by extensions ['ignore', 'ignore_ament_install']
[0.514s] Level 1:colcon.colcon_core.package_identification:_identify(src/px4-ros2-interface-lib/examples/cpp/modes/rtl_replacement) by extension 'ignore'
[0.514s] Level 1:colcon.colcon_core.package_identification:_identify(src/px4-ros2-interface-lib/examples/cpp/modes/rtl_replacement) by extension 'ignore_ament_install'
[0.514s] Level 1:colcon.colcon_core.package_identification:_identify(src/px4-ros2-interface-lib/examples/cpp/modes/rtl_replacement) by extensions ['colcon_pkg']
[0.514s] Level 1:colcon.colcon_core.package_identification:_identify(src/px4-ros2-interface-lib/examples/cpp/modes/rtl_replacement) by extension 'colcon_pkg'
[0.514s] Level 1:colcon.colcon_core.package_identification:_identify(src/px4-ros2-interface-lib/examples/cpp/modes/rtl_replacement) by extensions ['colcon_meta']
[0.514s] Level 1:colcon.colcon_core.package_identification:_identify(src/px4-ros2-interface-lib/examples/cpp/modes/rtl_replacement) by extension 'colcon_meta'
[0.514s] Level 1:colcon.colcon_core.package_identification:_identify(src/px4-ros2-interface-lib/examples/cpp/modes/rtl_replacement) by extensions ['ros']
[0.515s] Level 1:colcon.colcon_core.package_identification:_identify(src/px4-ros2-interface-lib/examples/cpp/modes/rtl_replacement) by extension 'ros'
[0.516s] DEBUG:colcon.colcon_core.package_identification:Package 'src/px4-ros2-interface-lib/examples/cpp/modes/rtl_replacement' with type 'ros.ament_cmake' and name 'example_mode_rtl_replacement_cpp'
[0.517s] Level 1:colcon.colcon_core.package_identification:_identify(src/px4-ros2-interface-lib/examples/cpp/modes/vtol) by extensions ['ignore', 'ignore_ament_install']
[0.517s] Level 1:colcon.colcon_core.package_identification:_identify(src/px4-ros2-interface-lib/examples/cpp/modes/vtol) by extension 'ignore'
[0.517s] Level 1:colcon.colcon_core.package_identification:_identify(src/px4-ros2-interface-lib/examples/cpp/modes/vtol) by extension 'ignore_ament_install'
[0.517s] Level 1:colcon.colcon_core.package_identification:_identify(src/px4-ros2-interface-lib/examples/cpp/modes/vtol) by extensions ['colcon_pkg']
[0.517s] Level 1:colcon.colcon_core.package_identification:_identify(src/px4-ros2-interface-lib/examples/cpp/modes/vtol) by extension 'colcon_pkg'
[0.517s] Level 1:colcon.colcon_core.package_identification:_identify(src/px4-ros2-interface-lib/examples/cpp/modes/vtol) by extensions ['colcon_meta']
[0.517s] Level 1:colcon.colcon_core.package_identification:_identify(src/px4-ros2-interface-lib/examples/cpp/modes/vtol) by extension 'colcon_meta'
[0.517s] Level 1:colcon.colcon_core.package_identification:_identify(src/px4-ros2-interface-lib/examples/cpp/modes/vtol) by extensions ['ros']
[0.517s] Level 1:colcon.colcon_core.package_identification:_identify(src/px4-ros2-interface-lib/examples/cpp/modes/vtol) by extension 'ros'
[0.518s] DEBUG:colcon.colcon_core.package_identification:Package 'src/px4-ros2-interface-lib/examples/cpp/modes/vtol' with type 'ros.ament_cmake' and name 'example_mode_vtol_cpp'
[0.518s] Level 1:colcon.colcon_core.package_identification:_identify(src/px4-ros2-interface-lib/examples/cpp/navigation) by extensions ['ignore', 'ignore_ament_install']
[0.518s] Level 1:colcon.colcon_core.package_identification:_identify(src/px4-ros2-interface-lib/examples/cpp/navigation) by extension 'ignore'
[0.518s] Level 1:colcon.colcon_core.package_identification:_identify(src/px4-ros2-interface-lib/examples/cpp/navigation) by extension 'ignore_ament_install'
[0.518s] Level 1:colcon.colcon_core.package_identification:_identify(src/px4-ros2-interface-lib/examples/cpp/navigation) by extensions ['colcon_pkg']
[0.519s] Level 1:colcon.colcon_core.package_identification:_identify(src/px4-ros2-interface-lib/examples/cpp/navigation) by extension 'colcon_pkg'
[0.519s] Level 1:colcon.colcon_core.package_identification:_identify(src/px4-ros2-interface-lib/examples/cpp/navigation) by extensions ['colcon_meta']
[0.519s] Level 1:colcon.colcon_core.package_identification:_identify(src/px4-ros2-interface-lib/examples/cpp/navigation) by extension 'colcon_meta'
[0.519s] Level 1:colcon.colcon_core.package_identification:_identify(src/px4-ros2-interface-lib/examples/cpp/navigation) by extensions ['ros']
[0.519s] Level 1:colcon.colcon_core.package_identification:_identify(src/px4-ros2-interface-lib/examples/cpp/navigation) by extension 'ros'
[0.519s] Level 1:colcon.colcon_core.package_identification:_identify(src/px4-ros2-interface-lib/examples/cpp/navigation) by extensions ['cmake', 'python']
[0.519s] Level 1:colcon.colcon_core.package_identification:_identify(src/px4-ros2-interface-lib/examples/cpp/navigation) by extension 'cmake'
[0.519s] Level 1:colcon.colcon_core.package_identification:_identify(src/px4-ros2-interface-lib/examples/cpp/navigation) by extension 'python'
[0.519s] Level 1:colcon.colcon_core.package_identification:_identify(src/px4-ros2-interface-lib/examples/cpp/navigation) by extensions ['python_setup_py']
[0.519s] Level 1:colcon.colcon_core.package_identification:_identify(src/px4-ros2-interface-lib/examples/cpp/navigation) by extension 'python_setup_py'
[0.519s] Level 1:colcon.colcon_core.package_identification:_identify(src/px4-ros2-interface-lib/examples/cpp/navigation/global_navigation) by extensions ['ignore', 'ignore_ament_install']
[0.519s] Level 1:colcon.colcon_core.package_identification:_identify(src/px4-ros2-interface-lib/examples/cpp/navigation/global_navigation) by extension 'ignore'
[0.519s] Level 1:colcon.colcon_core.package_identification:_identify(src/px4-ros2-interface-lib/examples/cpp/navigation/global_navigation) by extension 'ignore_ament_install'
[0.519s] Level 1:colcon.colcon_core.package_identification:_identify(src/px4-ros2-interface-lib/examples/cpp/navigation/global_navigation) by extensions ['colcon_pkg']
[0.519s] Level 1:colcon.colcon_core.package_identification:_identify(src/px4-ros2-interface-lib/examples/cpp/navigation/global_navigation) by extension 'colcon_pkg'
[0.519s] Level 1:colcon.colcon_core.package_identification:_identify(src/px4-ros2-interface-lib/examples/cpp/navigation/global_navigation) by extensions ['colcon_meta']
[0.519s] Level 1:colcon.colcon_core.package_identification:_identify(src/px4-ros2-interface-lib/examples/cpp/navigation/global_navigation) by extension 'colcon_meta'
[0.519s] Level 1:colcon.colcon_core.package_identification:_identify(src/px4-ros2-interface-lib/examples/cpp/navigation/global_navigation) by extensions ['ros']
[0.519s] Level 1:colcon.colcon_core.package_identification:_identify(src/px4-ros2-interface-lib/examples/cpp/navigation/global_navigation) by extension 'ros'
[0.520s] DEBUG:colcon.colcon_core.package_identification:Package 'src/px4-ros2-interface-lib/examples/cpp/navigation/global_navigation' with type 'ros.ament_cmake' and name 'example_global_navigation_cpp'
[0.520s] Level 1:colcon.colcon_core.package_identification:_identify(src/px4-ros2-interface-lib/examples/cpp/navigation/local_navigation) by extensions ['ignore', 'ignore_ament_install']
[0.521s] Level 1:colcon.colcon_core.package_identification:_identify(src/px4-ros2-interface-lib/examples/cpp/navigation/local_navigation) by extension 'ignore'
[0.521s] Level 1:colcon.colcon_core.package_identification:_identify(src/px4-ros2-interface-lib/examples/cpp/navigation/local_navigation) by extension 'ignore_ament_install'
[0.521s] Level 1:colcon.colcon_core.package_identification:_identify(src/px4-ros2-interface-lib/examples/cpp/navigation/local_navigation) by extensions ['colcon_pkg']
[0.521s] Level 1:colcon.colcon_core.package_identification:_identify(src/px4-ros2-interface-lib/examples/cpp/navigation/local_navigation) by extension 'colcon_pkg'
[0.521s] Level 1:colcon.colcon_core.package_identification:_identify(src/px4-ros2-interface-lib/examples/cpp/navigation/local_navigation) by extensions ['colcon_meta']
[0.521s] Level 1:colcon.colcon_core.package_identification:_identify(src/px4-ros2-interface-lib/examples/cpp/navigation/local_navigation) by extension 'colcon_meta'
[0.521s] Level 1:colcon.colcon_core.package_identification:_identify(src/px4-ros2-interface-lib/examples/cpp/navigation/local_navigation) by extensions ['ros']
[0.521s] Level 1:colcon.colcon_core.package_identification:_identify(src/px4-ros2-interface-lib/examples/cpp/navigation/local_navigation) by extension 'ros'
[0.522s] DEBUG:colcon.colcon_core.package_identification:Package 'src/px4-ros2-interface-lib/examples/cpp/navigation/local_navigation' with type 'ros.ament_cmake' and name 'example_local_navigation_cpp'
[0.522s] Level 1:colcon.colcon_core.package_identification:_identify(src/px4-ros2-interface-lib/px4_ros2_cpp) by extensions ['ignore', 'ignore_ament_install']
[0.522s] Level 1:colcon.colcon_core.package_identification:_identify(src/px4-ros2-interface-lib/px4_ros2_cpp) by extension 'ignore'
[0.522s] Level 1:colcon.colcon_core.package_identification:_identify(src/px4-ros2-interface-lib/px4_ros2_cpp) by extension 'ignore_ament_install'
[0.523s] Level 1:colcon.colcon_core.package_identification:_identify(src/px4-ros2-interface-lib/px4_ros2_cpp) by extensions ['colcon_pkg']
[0.523s] Level 1:colcon.colcon_core.package_identification:_identify(src/px4-ros2-interface-lib/px4_ros2_cpp) by extension 'colcon_pkg'
[0.523s] Level 1:colcon.colcon_core.package_identification:_identify(src/px4-ros2-interface-lib/px4_ros2_cpp) by extensions ['colcon_meta']
[0.523s] Level 1:colcon.colcon_core.package_identification:_identify(src/px4-ros2-interface-lib/px4_ros2_cpp) by extension 'colcon_meta'
[0.523s] Level 1:colcon.colcon_core.package_identification:_identify(src/px4-ros2-interface-lib/px4_ros2_cpp) by extensions ['ros']
[0.523s] Level 1:colcon.colcon_core.package_identification:_identify(src/px4-ros2-interface-lib/px4_ros2_cpp) by extension 'ros'
[0.523s] DEBUG:colcon.colcon_core.package_identification:Package 'src/px4-ros2-interface-lib/px4_ros2_cpp' with type 'ros.ament_cmake' and name 'px4_ros2_cpp'
[0.524s] Level 1:colcon.colcon_core.package_identification:_identify(src/px4-ros2-interface-lib/scripts) by extensions ['ignore', 'ignore_ament_install']
[0.524s] Level 1:colcon.colcon_core.package_identification:_identify(src/px4-ros2-interface-lib/scripts) by extension 'ignore'
[0.524s] Level 1:colcon.colcon_core.package_identification:_identify(src/px4-ros2-interface-lib/scripts) by extension 'ignore_ament_install'
[0.524s] Level 1:colcon.colcon_core.package_identification:_identify(src/px4-ros2-interface-lib/scripts) by extensions ['colcon_pkg']
[0.524s] Level 1:colcon.colcon_core.package_identification:_identify(src/px4-ros2-interface-lib/scripts) by extension 'colcon_pkg'
[0.524s] Level 1:colcon.colcon_core.package_identification:_identify(src/px4-ros2-interface-lib/scripts) by extensions ['colcon_meta']
[0.524s] Level 1:colcon.colcon_core.package_identification:_identify(src/px4-ros2-interface-lib/scripts) by extension 'colcon_meta'
[0.524s] Level 1:colcon.colcon_core.package_identification:_identify(src/px4-ros2-interface-lib/scripts) by extensions ['ros']
[0.524s] Level 1:colcon.colcon_core.package_identification:_identify(src/px4-ros2-interface-lib/scripts) by extension 'ros'
[0.524s] Level 1:colcon.colcon_core.package_identification:_identify(src/px4-ros2-interface-lib/scripts) by extensions ['cmake', 'python']
[0.524s] Level 1:colcon.colcon_core.package_identification:_identify(src/px4-ros2-interface-lib/scripts) by extension 'cmake'
[0.524s] Level 1:colcon.colcon_core.package_identification:_identify(src/px4-ros2-interface-lib/scripts) by extension 'python'
[0.524s] Level 1:colcon.colcon_core.package_identification:_identify(src/px4-ros2-interface-lib/scripts) by extensions ['python_setup_py']
[0.524s] Level 1:colcon.colcon_core.package_identification:_identify(src/px4-ros2-interface-lib/scripts) by extension 'python_setup_py'
[0.524s] Level 1:colcon.colcon_core.package_identification:_identify(src/px4_msgs) by extensions ['ignore', 'ignore_ament_install']
[0.524s] Level 1:colcon.colcon_core.package_identification:_identify(src/px4_msgs) by extension 'ignore'
[0.524s] Level 1:colcon.colcon_core.package_identification:_identify(src/px4_msgs) by extension 'ignore_ament_install'
[0.525s] Level 1:colcon.colcon_core.package_identification:_identify(src/px4_msgs) by extensions ['colcon_pkg']
[0.525s] Level 1:colcon.colcon_core.package_identification:_identify(src/px4_msgs) by extension 'colcon_pkg'
[0.525s] Level 1:colcon.colcon_core.package_identification:_identify(src/px4_msgs) by extensions ['colcon_meta']
[0.525s] Level 1:colcon.colcon_core.package_identification:_identify(src/px4_msgs) by extension 'colcon_meta'
[0.525s] Level 1:colcon.colcon_core.package_identification:_identify(src/px4_msgs) by extensions ['ros']
[0.525s] Level 1:colcon.colcon_core.package_identification:_identify(src/px4_msgs) by extension 'ros'
[0.526s] DEBUG:colcon.colcon_core.package_identification:Package 'src/px4_msgs' with type 'ros.ament_cmake' and name 'px4_msgs'
[0.526s] Level 1:colcon.colcon_core.package_identification:_identify(src/px4_ros_com) by extensions ['ignore', 'ignore_ament_install']
[0.526s] Level 1:colcon.colcon_core.package_identification:_identify(src/px4_ros_com) by extension 'ignore'
[0.526s] Level 1:colcon.colcon_core.package_identification:_identify(src/px4_ros_com) by extension 'ignore_ament_install'
[0.526s] Level 1:colcon.colcon_core.package_identification:_identify(src/px4_ros_com) by extensions ['colcon_pkg']
[0.526s] Level 1:colcon.colcon_core.package_identification:_identify(src/px4_ros_com) by extension 'colcon_pkg'
[0.526s] Level 1:colcon.colcon_core.package_identification:_identify(src/px4_ros_com) by extensions ['colcon_meta']
[0.526s] Level 1:colcon.colcon_core.package_identification:_identify(src/px4_ros_com) by extension 'colcon_meta'
[0.527s] Level 1:colcon.colcon_core.package_identification:_identify(src/px4_ros_com) by extensions ['ros']
[0.527s] Level 1:colcon.colcon_core.package_identification:_identify(src/px4_ros_com) by extension 'ros'
[0.527s] DEBUG:colcon.colcon_core.package_identification:Package 'src/px4_ros_com' with type 'ros.ament_cmake' and name 'px4_ros_com'
[0.528s] Level 1:colcon.colcon_core.package_identification:_identify(thermal_images) by extensions ['ignore', 'ignore_ament_install']
[0.528s] Level 1:colcon.colcon_core.package_identification:_identify(thermal_images) by extension 'ignore'
[0.528s] Level 1:colcon.colcon_core.package_identification:_identify(thermal_images) by extension 'ignore_ament_install'
[0.528s] Level 1:colcon.colcon_core.package_identification:_identify(thermal_images) by extensions ['colcon_pkg']
[0.528s] Level 1:colcon.colcon_core.package_identification:_identify(thermal_images) by extension 'colcon_pkg'
[0.528s] Level 1:colcon.colcon_core.package_identification:_identify(thermal_images) by extensions ['colcon_meta']
[0.528s] Level 1:colcon.colcon_core.package_identification:_identify(thermal_images) by extension 'colcon_meta'
[0.528s] Level 1:colcon.colcon_core.package_identification:_identify(thermal_images) by extensions ['ros']
[0.528s] Level 1:colcon.colcon_core.package_identification:_identify(thermal_images) by extension 'ros'
[0.528s] Level 1:colcon.colcon_core.package_identification:_identify(thermal_images) by extensions ['cmake', 'python']
[0.528s] Level 1:colcon.colcon_core.package_identification:_identify(thermal_images) by extension 'cmake'
[0.528s] Level 1:colcon.colcon_core.package_identification:_identify(thermal_images) by extension 'python'
[0.528s] Level 1:colcon.colcon_core.package_identification:_identify(thermal_images) by extensions ['python_setup_py']
[0.528s] Level 1:colcon.colcon_core.package_identification:_identify(thermal_images) by extension 'python_setup_py'
[0.529s] Level 1:colcon.colcon_core.package_identification:_identify(todo) by extensions ['ignore', 'ignore_ament_install']
[0.529s] Level 1:colcon.colcon_core.package_identification:_identify(todo) by extension 'ignore'
[0.529s] Level 1:colcon.colcon_core.package_identification:_identify(todo) by extension 'ignore_ament_install'
[0.529s] Level 1:colcon.colcon_core.package_identification:_identify(todo) by extensions ['colcon_pkg']
[0.529s] Level 1:colcon.colcon_core.package_identification:_identify(todo) by extension 'colcon_pkg'
[0.529s] Level 1:colcon.colcon_core.package_identification:_identify(todo) by extensions ['colcon_meta']
[0.529s] Level 1:colcon.colcon_core.package_identification:_identify(todo) by extension 'colcon_meta'
[0.529s] Level 1:colcon.colcon_core.package_identification:_identify(todo) by extensions ['ros']
[0.529s] Level 1:colcon.colcon_core.package_identification:_identify(todo) by extension 'ros'
[0.529s] Level 1:colcon.colcon_core.package_identification:_identify(todo) by extensions ['cmake', 'python']
[0.529s] Level 1:colcon.colcon_core.package_identification:_identify(todo) by extension 'cmake'
[0.529s] Level 1:colcon.colcon_core.package_identification:_identify(todo) by extension 'python'
[0.529s] Level 1:colcon.colcon_core.package_identification:_identify(todo) by extensions ['python_setup_py']
[0.529s] Level 1:colcon.colcon_core.package_identification:_identify(todo) by extension 'python_setup_py'
[0.529s] Level 1:colcon.colcon_core.package_discovery:discover_packages(recursive) using defaults
[0.529s] Level 1:colcon.colcon_core.package_discovery:discover_packages(ignore) discover
[0.529s] Level 1:colcon.colcon_core.package_discovery:discover_packages(ignore) using defaults
[0.529s] Level 1:colcon.colcon_core.package_discovery:discover_packages(path) discover
[0.529s] Level 1:colcon.colcon_core.package_discovery:discover_packages(path) using defaults
[0.560s] Level 1:colcon.colcon_core.package_discovery:discover_packages(prefix_path) check parameters
[0.560s] Level 1:colcon.colcon_core.package_discovery:discover_packages(prefix_path) discover
[0.565s] DEBUG:colcon.colcon_installed_package_information.package_discovery:Found 278 installed packages in /opt/ros/humble
[0.566s] Level 1:colcon.colcon_core.package_discovery:discover_packages(prefix_path) using defaults
[0.590s] Level 5:colcon.colcon_core.verb:set package 'px4_msgs' build argument 'cmake_args' from command line to 'None'
[0.590s] Level 5:colcon.colcon_core.verb:set package 'px4_msgs' build argument 'cmake_target' from command line to 'None'
[0.590s] Level 5:colcon.colcon_core.verb:set package 'px4_msgs' build argument 'cmake_target_skip_unavailable' from command line to 'False'
[0.590s] Level 5:colcon.colcon_core.verb:set package 'px4_msgs' build argument 'cmake_clean_cache' from command line to 'False'
[0.590s] Level 5:colcon.colcon_core.verb:set package 'px4_msgs' build argument 'cmake_clean_first' from command line to 'False'
[0.590s] Level 5:colcon.colcon_core.verb:set package 'px4_msgs' build argument 'cmake_force_configure' from command line to 'False'
[0.590s] Level 5:colcon.colcon_core.verb:set package 'px4_msgs' build argument 'ament_cmake_args' from command line to 'None'
[0.590s] Level 5:colcon.colcon_core.verb:set package 'px4_msgs' build argument 'catkin_cmake_args' from command line to 'None'
[0.590s] Level 5:colcon.colcon_core.verb:set package 'px4_msgs' build argument 'catkin_skip_building_tests' from command line to 'False'
[0.590s] DEBUG:colcon.colcon_core.verb:Building package 'px4_msgs' with the following arguments: {'ament_cmake_args': None, 'build_base': '/root/ws_sensor_combined/build/px4_msgs', 'catkin_cmake_args': None, 'catkin_skip_building_tests': False, 'cmake_args': None, 'cmake_clean_cache': False, 'cmake_clean_first': False, 'cmake_force_configure': False, 'cmake_target': None, 'cmake_target_skip_unavailable': False, 'install_base': '/root/ws_sensor_combined/install/px4_msgs', 'merge_install': False, 'path': '/root/ws_sensor_combined/src/px4_msgs', 'symlink_install': False, 'test_result_base': None}
[0.591s] Level 5:colcon.colcon_core.verb:set package 'px4_ros2_cpp' build argument 'cmake_args' from command line to 'None'
[0.591s] Level 5:colcon.colcon_core.verb:set package 'px4_ros2_cpp' build argument 'cmake_target' from command line to 'None'
[0.591s] Level 5:colcon.colcon_core.verb:set package 'px4_ros2_cpp' build argument 'cmake_target_skip_unavailable' from command line to 'False'
[0.591s] Level 5:colcon.colcon_core.verb:set package 'px4_ros2_cpp' build argument 'cmake_clean_cache' from command line to 'False'
[0.591s] Level 5:colcon.colcon_core.verb:set package 'px4_ros2_cpp' build argument 'cmake_clean_first' from command line to 'False'
[0.591s] Level 5:colcon.colcon_core.verb:set package 'px4_ros2_cpp' build argument 'cmake_force_configure' from command line to 'False'
[0.591s] Level 5:colcon.colcon_core.verb:set package 'px4_ros2_cpp' build argument 'ament_cmake_args' from command line to 'None'
[0.591s] Level 5:colcon.colcon_core.verb:set package 'px4_ros2_cpp' build argument 'catkin_cmake_args' from command line to 'None'
[0.591s] Level 5:colcon.colcon_core.verb:set package 'px4_ros2_cpp' build argument 'catkin_skip_building_tests' from command line to 'False'
[0.591s] DEBUG:colcon.colcon_core.verb:Building package 'px4_ros2_cpp' with the following arguments: {'ament_cmake_args': None, 'build_base': '/root/ws_sensor_combined/build/px4_ros2_cpp', 'catkin_cmake_args': None, 'catkin_skip_building_tests': False, 'cmake_args': None, 'cmake_clean_cache': False, 'cmake_clean_first': False, 'cmake_force_configure': False, 'cmake_target': None, 'cmake_target_skip_unavailable': False, 'install_base': '/root/ws_sensor_combined/install/px4_ros2_cpp', 'merge_install': False, 'path': '/root/ws_sensor_combined/src/px4-ros2-interface-lib/px4_ros2_cpp', 'symlink_install': False, 'test_result_base': None}
[0.591s] Level 5:colcon.colcon_core.verb:set package 'px4_ros_com' build argument 'cmake_args' from command line to 'None'
[0.591s] Level 5:colcon.colcon_core.verb:set package 'px4_ros_com' build argument 'cmake_target' from command line to 'None'
[0.591s] Level 5:colcon.colcon_core.verb:set package 'px4_ros_com' build argument 'cmake_target_skip_unavailable' from command line to 'False'
[0.591s] Level 5:colcon.colcon_core.verb:set package 'px4_ros_com' build argument 'cmake_clean_cache' from command line to 'False'
[0.591s] Level 5:colcon.colcon_core.verb:set package 'px4_ros_com' build argument 'cmake_clean_first' from command line to 'False'
[0.591s] Level 5:colcon.colcon_core.verb:set package 'px4_ros_com' build argument 'cmake_force_configure' from command line to 'False'
[0.591s] Level 5:colcon.colcon_core.verb:set package 'px4_ros_com' build argument 'ament_cmake_args' from command line to 'None'
[0.591s] Level 5:colcon.colcon_core.verb:set package 'px4_ros_com' build argument 'catkin_cmake_args' from command line to 'None'
[0.591s] Level 5:colcon.colcon_core.verb:set package 'px4_ros_com' build argument 'catkin_skip_building_tests' from command line to 'False'
[0.591s] DEBUG:colcon.colcon_core.verb:Building package 'px4_ros_com' with the following arguments: {'ament_cmake_args': None, 'build_base': '/root/ws_sensor_combined/build/px4_ros_com', 'catkin_cmake_args': None, 'catkin_skip_building_tests': False, 'cmake_args': None, 'cmake_clean_cache': False, 'cmake_clean_first': False, 'cmake_force_configure': False, 'cmake_target': None, 'cmake_target_skip_unavailable': False, 'install_base': '/root/ws_sensor_combined/install/px4_ros_com', 'merge_install': False, 'path': '/root/ws_sensor_combined/src/px4_ros_com', 'symlink_install': False, 'test_result_base': None}
[0.591s] Level 5:colcon.colcon_core.verb:set package 'example_executor_with_multiple_modes_cpp' build argument 'cmake_args' from command line to 'None'
[0.591s] Level 5:colcon.colcon_core.verb:set package 'example_executor_with_multiple_modes_cpp' build argument 'cmake_target' from command line to 'None'
[0.591s] Level 5:colcon.colcon_core.verb:set package 'example_executor_with_multiple_modes_cpp' build argument 'cmake_target_skip_unavailable' from command line to 'False'
[0.591s] Level 5:colcon.colcon_core.verb:set package 'example_executor_with_multiple_modes_cpp' build argument 'cmake_clean_cache' from command line to 'False'
[0.591s] Level 5:colcon.colcon_core.verb:set package 'example_executor_with_multiple_modes_cpp' build argument 'cmake_clean_first' from command line to 'False'
[0.591s] Level 5:colcon.colcon_core.verb:set package 'example_executor_with_multiple_modes_cpp' build argument 'cmake_force_configure' from command line to 'False'
[0.591s] Level 5:colcon.colcon_core.verb:set package 'example_executor_with_multiple_modes_cpp' build argument 'ament_cmake_args' from command line to 'None'
[0.591s] Level 5:colcon.colcon_core.verb:set package 'example_executor_with_multiple_modes_cpp' build argument 'catkin_cmake_args' from command line to 'None'
[0.591s] Level 5:colcon.colcon_core.verb:set package 'example_executor_with_multiple_modes_cpp' build argument 'catkin_skip_building_tests' from command line to 'False'
[0.591s] DEBUG:colcon.colcon_core.verb:Building package 'example_executor_with_multiple_modes_cpp' with the following arguments: {'ament_cmake_args': None, 'build_base': '/root/ws_sensor_combined/build/example_executor_with_multiple_modes_cpp', 'catkin_cmake_args': None, 'catkin_skip_building_tests': False, 'cmake_args': None, 'cmake_clean_cache': False, 'cmake_clean_first': False, 'cmake_force_configure': False, 'cmake_target': None, 'cmake_target_skip_unavailable': False, 'install_base': '/root/ws_sensor_combined/install/example_executor_with_multiple_modes_cpp', 'merge_install': False, 'path': '/root/ws_sensor_combined/src/px4-ros2-interface-lib/examples/cpp/modes/executor_with_multiple_modes', 'symlink_install': False, 'test_result_base': None}
[0.591s] Level 5:colcon.colcon_core.verb:set package 'example_global_navigation_cpp' build argument 'cmake_args' from command line to 'None'
[0.592s] Level 5:colcon.colcon_core.verb:set package 'example_global_navigation_cpp' build argument 'cmake_target' from command line to 'None'
[0.592s] Level 5:colcon.colcon_core.verb:set package 'example_global_navigation_cpp' build argument 'cmake_target_skip_unavailable' from command line to 'False'
[0.592s] Level 5:colcon.colcon_core.verb:set package 'example_global_navigation_cpp' build argument 'cmake_clean_cache' from command line to 'False'
[0.592s] Level 5:colcon.colcon_core.verb:set package 'example_global_navigation_cpp' build argument 'cmake_clean_first' from command line to 'False'
[0.592s] Level 5:colcon.colcon_core.verb:set package 'example_global_navigation_cpp' build argument 'cmake_force_configure' from command line to 'False'
[0.592s] Level 5:colcon.colcon_core.verb:set package 'example_global_navigation_cpp' build argument 'ament_cmake_args' from command line to 'None'
[0.592s] Level 5:colcon.colcon_core.verb:set package 'example_global_navigation_cpp' build argument 'catkin_cmake_args' from command line to 'None'
[0.592s] Level 5:colcon.colcon_core.verb:set package 'example_global_navigation_cpp' build argument 'catkin_skip_building_tests' from command line to 'False'
[0.592s] DEBUG:colcon.colcon_core.verb:Building package 'example_global_navigation_cpp' with the following arguments: {'ament_cmake_args': None, 'build_base': '/root/ws_sensor_combined/build/example_global_navigation_cpp', 'catkin_cmake_args': None, 'catkin_skip_building_tests': False, 'cmake_args': None, 'cmake_clean_cache': False, 'cmake_clean_first': False, 'cmake_force_configure': False, 'cmake_target': None, 'cmake_target_skip_unavailable': False, 'install_base': '/root/ws_sensor_combined/install/example_global_navigation_cpp', 'merge_install': False, 'path': '/root/ws_sensor_combined/src/px4-ros2-interface-lib/examples/cpp/navigation/global_navigation', 'symlink_install': False, 'test_result_base': None}
[0.592s] Level 5:colcon.colcon_core.verb:set package 'example_local_navigation_cpp' build argument 'cmake_args' from command line to 'None'
[0.592s] Level 5:colcon.colcon_core.verb:set package 'example_local_navigation_cpp' build argument 'cmake_target' from command line to 'None'
[0.592s] Level 5:colcon.colcon_core.verb:set package 'example_local_navigation_cpp' build argument 'cmake_target_skip_unavailable' from command line to 'False'
[0.592s] Level 5:colcon.colcon_core.verb:set package 'example_local_navigation_cpp' build argument 'cmake_clean_cache' from command line to 'False'
[0.592s] Level 5:colcon.colcon_core.verb:set package 'example_local_navigation_cpp' build argument 'cmake_clean_first' from command line to 'False'
[0.592s] Level 5:colcon.colcon_core.verb:set package 'example_local_navigation_cpp' build argument 'cmake_force_configure' from command line to 'False'
[0.592s] Level 5:colcon.colcon_core.verb:set package 'example_local_navigation_cpp' build argument 'ament_cmake_args' from command line to 'None'
[0.592s] Level 5:colcon.colcon_core.verb:set package 'example_local_navigation_cpp' build argument 'catkin_cmake_args' from command line to 'None'
[0.592s] Level 5:colcon.colcon_core.verb:set package 'example_local_navigation_cpp' build argument 'catkin_skip_building_tests' from command line to 'False'
[0.592s] DEBUG:colcon.colcon_core.verb:Building package 'example_local_navigation_cpp' with the following arguments: {'ament_cmake_args': None, 'build_base': '/root/ws_sensor_combined/build/example_local_navigation_cpp', 'catkin_cmake_args': None, 'catkin_skip_building_tests': False, 'cmake_args': None, 'cmake_clean_cache': False, 'cmake_clean_first': False, 'cmake_force_configure': False, 'cmake_target': None, 'cmake_target_skip_unavailable': False, 'install_base': '/root/ws_sensor_combined/install/example_local_navigation_cpp', 'merge_install': False, 'path': '/root/ws_sensor_combined/src/px4-ros2-interface-lib/examples/cpp/navigation/local_navigation', 'symlink_install': False, 'test_result_base': None}
[0.592s] Level 5:colcon.colcon_core.verb:set package 'example_mode_fw_attitude_cpp' build argument 'cmake_args' from command line to 'None'
[0.592s] Level 5:colcon.colcon_core.verb:set package 'example_mode_fw_attitude_cpp' build argument 'cmake_target' from command line to 'None'
[0.592s] Level 5:colcon.colcon_core.verb:set package 'example_mode_fw_attitude_cpp' build argument 'cmake_target_skip_unavailable' from command line to 'False'
[0.592s] Level 5:colcon.colcon_core.verb:set package 'example_mode_fw_attitude_cpp' build argument 'cmake_clean_cache' from command line to 'False'
[0.592s] Level 5:colcon.colcon_core.verb:set package 'example_mode_fw_attitude_cpp' build argument 'cmake_clean_first' from command line to 'False'
[0.592s] Level 5:colcon.colcon_core.verb:set package 'example_mode_fw_attitude_cpp' build argument 'cmake_force_configure' from command line to 'False'
[0.592s] Level 5:colcon.colcon_core.verb:set package 'example_mode_fw_attitude_cpp' build argument 'ament_cmake_args' from command line to 'None'
[0.592s] Level 5:colcon.colcon_core.verb:set package 'example_mode_fw_attitude_cpp' build argument 'catkin_cmake_args' from command line to 'None'
[0.592s] Level 5:colcon.colcon_core.verb:set package 'example_mode_fw_attitude_cpp' build argument 'catkin_skip_building_tests' from command line to 'False'
[0.592s] DEBUG:colcon.colcon_core.verb:Building package 'example_mode_fw_attitude_cpp' with the following arguments: {'ament_cmake_args': None, 'build_base': '/root/ws_sensor_combined/build/example_mode_fw_attitude_cpp', 'catkin_cmake_args': None, 'catkin_skip_building_tests': False, 'cmake_args': None, 'cmake_clean_cache': False, 'cmake_clean_first': False, 'cmake_force_configure': False, 'cmake_target': None, 'cmake_target_skip_unavailable': False, 'install_base': '/root/ws_sensor_combined/install/example_mode_fw_attitude_cpp', 'merge_install': False, 'path': '/root/ws_sensor_combined/src/px4-ros2-interface-lib/examples/cpp/modes/fw_attitude', 'symlink_install': False, 'test_result_base': None}
[0.592s] Level 5:colcon.colcon_core.verb:set package 'example_mode_goto_cpp' build argument 'cmake_args' from command line to 'None'
[0.592s] Level 5:colcon.colcon_core.verb:set package 'example_mode_goto_cpp' build argument 'cmake_target' from command line to 'None'
[0.592s] Level 5:colcon.colcon_core.verb:set package 'example_mode_goto_cpp' build argument 'cmake_target_skip_unavailable' from command line to 'False'
[0.592s] Level 5:colcon.colcon_core.verb:set package 'example_mode_goto_cpp' build argument 'cmake_clean_cache' from command line to 'False'
[0.592s] Level 5:colcon.colcon_core.verb:set package 'example_mode_goto_cpp' build argument 'cmake_clean_first' from command line to 'False'
[0.592s] Level 5:colcon.colcon_core.verb:set package 'example_mode_goto_cpp' build argument 'cmake_force_configure' from command line to 'False'
[0.592s] Level 5:colcon.colcon_core.verb:set package 'example_mode_goto_cpp' build argument 'ament_cmake_args' from command line to 'None'
[0.592s] Level 5:colcon.colcon_core.verb:set package 'example_mode_goto_cpp' build argument 'catkin_cmake_args' from command line to 'None'
[0.592s] Level 5:colcon.colcon_core.verb:set package 'example_mode_goto_cpp' build argument 'catkin_skip_building_tests' from command line to 'False'
[0.593s] DEBUG:colcon.colcon_core.verb:Building package 'example_mode_goto_cpp' with the following arguments: {'ament_cmake_args': None, 'build_base': '/root/ws_sensor_combined/build/example_mode_goto_cpp', 'catkin_cmake_args': None, 'catkin_skip_building_tests': False, 'cmake_args': None, 'cmake_clean_cache': False, 'cmake_clean_first': False, 'cmake_force_configure': False, 'cmake_target': None, 'cmake_target_skip_unavailable': False, 'install_base': '/root/ws_sensor_combined/install/example_mode_goto_cpp', 'merge_install': False, 'path': '/root/ws_sensor_combined/src/px4-ros2-interface-lib/examples/cpp/modes/goto', 'symlink_install': False, 'test_result_base': None}
[0.593s] Level 5:colcon.colcon_core.verb:set package 'example_mode_goto_global_cpp' build argument 'cmake_args' from command line to 'None'
[0.593s] Level 5:colcon.colcon_core.verb:set package 'example_mode_goto_global_cpp' build argument 'cmake_target' from command line to 'None'
[0.593s] Level 5:colcon.colcon_core.verb:set package 'example_mode_goto_global_cpp' build argument 'cmake_target_skip_unavailable' from command line to 'False'
[0.593s] Level 5:colcon.colcon_core.verb:set package 'example_mode_goto_global_cpp' build argument 'cmake_clean_cache' from command line to 'False'
[0.593s] Level 5:colcon.colcon_core.verb:set package 'example_mode_goto_global_cpp' build argument 'cmake_clean_first' from command line to 'False'
[0.593s] Level 5:colcon.colcon_core.verb:set package 'example_mode_goto_global_cpp' build argument 'cmake_force_configure' from command line to 'False'
[0.593s] Level 5:colcon.colcon_core.verb:set package 'example_mode_goto_global_cpp' build argument 'ament_cmake_args' from command line to 'None'
[0.593s] Level 5:colcon.colcon_core.verb:set package 'example_mode_goto_global_cpp' build argument 'catkin_cmake_args' from command line to 'None'
[0.593s] Level 5:colcon.colcon_core.verb:set package 'example_mode_goto_global_cpp' build argument 'catkin_skip_building_tests' from command line to 'False'
[0.593s] DEBUG:colcon.colcon_core.verb:Building package 'example_mode_goto_global_cpp' with the following arguments: {'ament_cmake_args': None, 'build_base': '/root/ws_sensor_combined/build/example_mode_goto_global_cpp', 'catkin_cmake_args': None, 'catkin_skip_building_tests': False, 'cmake_args': None, 'cmake_clean_cache': False, 'cmake_clean_first': False, 'cmake_force_configure': False, 'cmake_target': None, 'cmake_target_skip_unavailable': False, 'install_base': '/root/ws_sensor_combined/install/example_mode_goto_global_cpp', 'merge_install': False, 'path': '/root/ws_sensor_combined/src/px4-ros2-interface-lib/examples/cpp/modes/goto_global', 'symlink_install': False, 'test_result_base': None}
[0.593s] Level 5:colcon.colcon_core.verb:set package 'example_mode_manual_cpp' build argument 'cmake_args' from command line to 'None'
[0.593s] Level 5:colcon.colcon_core.verb:set package 'example_mode_manual_cpp' build argument 'cmake_target' from command line to 'None'
[0.593s] Level 5:colcon.colcon_core.verb:set package 'example_mode_manual_cpp' build argument 'cmake_target_skip_unavailable' from command line to 'False'
[0.593s] Level 5:colcon.colcon_core.verb:set package 'example_mode_manual_cpp' build argument 'cmake_clean_cache' from command line to 'False'
[0.593s] Level 5:colcon.colcon_core.verb:set package 'example_mode_manual_cpp' build argument 'cmake_clean_first' from command line to 'False'
[0.593s] Level 5:colcon.colcon_core.verb:set package 'example_mode_manual_cpp' build argument 'cmake_force_configure' from command line to 'False'
[0.593s] Level 5:colcon.colcon_core.verb:set package 'example_mode_manual_cpp' build argument 'ament_cmake_args' from command line to 'None'
[0.593s] Level 5:colcon.colcon_core.verb:set package 'example_mode_manual_cpp' build argument 'catkin_cmake_args' from command line to 'None'
[0.593s] Level 5:colcon.colcon_core.verb:set package 'example_mode_manual_cpp' build argument 'catkin_skip_building_tests' from command line to 'False'
[0.593s] DEBUG:colcon.colcon_core.verb:Building package 'example_mode_manual_cpp' with the following arguments: {'ament_cmake_args': None, 'build_base': '/root/ws_sensor_combined/build/example_mode_manual_cpp', 'catkin_cmake_args': None, 'catkin_skip_building_tests': False, 'cmake_args': None, 'cmake_clean_cache': False, 'cmake_clean_first': False, 'cmake_force_configure': False, 'cmake_target': None, 'cmake_target_skip_unavailable': False, 'install_base': '/root/ws_sensor_combined/install/example_mode_manual_cpp', 'merge_install': False, 'path': '/root/ws_sensor_combined/src/px4-ros2-interface-lib/examples/cpp/modes/manual', 'symlink_install': False, 'test_result_base': None}
[0.593s] Level 5:colcon.colcon_core.verb:set package 'example_mode_rtl_replacement_cpp' build argument 'cmake_args' from command line to 'None'
[0.594s] Level 5:colcon.colcon_core.verb:set package 'example_mode_rtl_replacement_cpp' build argument 'cmake_target' from command line to 'None'
[0.594s] Level 5:colcon.colcon_core.verb:set package 'example_mode_rtl_replacement_cpp' build argument 'cmake_target_skip_unavailable' from command line to 'False'
[0.594s] Level 5:colcon.colcon_core.verb:set package 'example_mode_rtl_replacement_cpp' build argument 'cmake_clean_cache' from command line to 'False'
[0.594s] Level 5:colcon.colcon_core.verb:set package 'example_mode_rtl_replacement_cpp' build argument 'cmake_clean_first' from command line to 'False'
[0.594s] Level 5:colcon.colcon_core.verb:set package 'example_mode_rtl_replacement_cpp' build argument 'cmake_force_configure' from command line to 'False'
[0.594s] Level 5:colcon.colcon_core.verb:set package 'example_mode_rtl_replacement_cpp' build argument 'ament_cmake_args' from command line to 'None'
[0.594s] Level 5:colcon.colcon_core.verb:set package 'example_mode_rtl_replacement_cpp' build argument 'catkin_cmake_args' from command line to 'None'
[0.594s] Level 5:colcon.colcon_core.verb:set package 'example_mode_rtl_replacement_cpp' build argument 'catkin_skip_building_tests' from command line to 'False'
[0.594s] DEBUG:colcon.colcon_core.verb:Building package 'example_mode_rtl_replacement_cpp' with the following arguments: {'ament_cmake_args': None, 'build_base': '/root/ws_sensor_combined/build/example_mode_rtl_replacement_cpp', 'catkin_cmake_args': None, 'catkin_skip_building_tests': False, 'cmake_args': None, 'cmake_clean_cache': False, 'cmake_clean_first': False, 'cmake_force_configure': False, 'cmake_target': None, 'cmake_target_skip_unavailable': False, 'install_base': '/root/ws_sensor_combined/install/example_mode_rtl_replacement_cpp', 'merge_install': False, 'path': '/root/ws_sensor_combined/src/px4-ros2-interface-lib/examples/cpp/modes/rtl_replacement', 'symlink_install': False, 'test_result_base': None}
[0.594s] Level 5:colcon.colcon_core.verb:set package 'example_mode_vtol_cpp' build argument 'cmake_args' from command line to 'None'
[0.594s] Level 5:colcon.colcon_core.verb:set package 'example_mode_vtol_cpp' build argument 'cmake_target' from command line to 'None'
[0.594s] Level 5:colcon.colcon_core.verb:set package 'example_mode_vtol_cpp' build argument 'cmake_target_skip_unavailable' from command line to 'False'
[0.594s] Level 5:colcon.colcon_core.verb:set package 'example_mode_vtol_cpp' build argument 'cmake_clean_cache' from command line to 'False'
[0.594s] Level 5:colcon.colcon_core.verb:set package 'example_mode_vtol_cpp' build argument 'cmake_clean_first' from command line to 'False'
[0.594s] Level 5:colcon.colcon_core.verb:set package 'example_mode_vtol_cpp' build argument 'cmake_force_configure' from command line to 'False'
[0.594s] Level 5:colcon.colcon_core.verb:set package 'example_mode_vtol_cpp' build argument 'ament_cmake_args' from command line to 'None'
[0.594s] Level 5:colcon.colcon_core.verb:set package 'example_mode_vtol_cpp' build argument 'catkin_cmake_args' from command line to 'None'
[0.594s] Level 5:colcon.colcon_core.verb:set package 'example_mode_vtol_cpp' build argument 'catkin_skip_building_tests' from command line to 'False'
[0.594s] DEBUG:colcon.colcon_core.verb:Building package 'example_mode_vtol_cpp' with the following arguments: {'ament_cmake_args': None, 'build_base': '/root/ws_sensor_combined/build/example_mode_vtol_cpp', 'catkin_cmake_args': None, 'catkin_skip_building_tests': False, 'cmake_args': None, 'cmake_clean_cache': False, 'cmake_clean_first': False, 'cmake_force_configure': False, 'cmake_target': None, 'cmake_target_skip_unavailable': False, 'install_base': '/root/ws_sensor_combined/install/example_mode_vtol_cpp', 'merge_install': False, 'path': '/root/ws_sensor_combined/src/px4-ros2-interface-lib/examples/cpp/modes/vtol', 'symlink_install': False, 'test_result_base': None}
[0.594s] Level 5:colcon.colcon_core.verb:set package 'example_mode_with_executor_cpp' build argument 'cmake_args' from command line to 'None'
[0.594s] Level 5:colcon.colcon_core.verb:set package 'example_mode_with_executor_cpp' build argument 'cmake_target' from command line to 'None'
[0.594s] Level 5:colcon.colcon_core.verb:set package 'example_mode_with_executor_cpp' build argument 'cmake_target_skip_unavailable' from command line to 'False'
[0.594s] Level 5:colcon.colcon_core.verb:set package 'example_mode_with_executor_cpp' build argument 'cmake_clean_cache' from command line to 'False'
[0.594s] Level 5:colcon.colcon_core.verb:set package 'example_mode_with_executor_cpp' build argument 'cmake_clean_first' from command line to 'False'
[0.594s] Level 5:colcon.colcon_core.verb:set package 'example_mode_with_executor_cpp' build argument 'cmake_force_configure' from command line to 'False'
[0.594s] Level 5:colcon.colcon_core.verb:set package 'example_mode_with_executor_cpp' build argument 'ament_cmake_args' from command line to 'None'
[0.594s] Level 5:colcon.colcon_core.verb:set package 'example_mode_with_executor_cpp' build argument 'catkin_cmake_args' from command line to 'None'
[0.594s] Level 5:colcon.colcon_core.verb:set package 'example_mode_with_executor_cpp' build argument 'catkin_skip_building_tests' from command line to 'False'
[0.594s] DEBUG:colcon.colcon_core.verb:Building package 'example_mode_with_executor_cpp' with the following arguments: {'ament_cmake_args': None, 'build_base': '/root/ws_sensor_combined/build/example_mode_with_executor_cpp', 'catkin_cmake_args': None, 'catkin_skip_building_tests': False, 'cmake_args': None, 'cmake_clean_cache': False, 'cmake_clean_first': False, 'cmake_force_configure': False, 'cmake_target': None, 'cmake_target_skip_unavailable': False, 'install_base': '/root/ws_sensor_combined/install/example_mode_with_executor_cpp', 'merge_install': False, 'path': '/root/ws_sensor_combined/src/px4-ros2-interface-lib/examples/cpp/modes/mode_with_executor', 'symlink_install': False, 'test_result_base': None}
[0.595s] INFO:colcon.colcon_core.executor:Executing jobs using 'parallel' executor
[0.595s] DEBUG:colcon.colcon_parallel_executor.executor.parallel:run_until_complete
[0.596s] INFO:colcon.colcon_ros.task.ament_cmake.build:Building ROS package in '/root/ws_sensor_combined/src/px4_msgs' with build type 'ament_cmake'
[0.596s] INFO:colcon.colcon_cmake.task.cmake.build:Building CMake package in '/root/ws_sensor_combined/src/px4_msgs'
[0.601s] INFO:colcon.colcon_core.plugin_system:Skipping extension 'colcon_core.shell.bat': Not used on non-Windows systems
[0.601s] INFO:colcon.colcon_core.shell:Skip shell extension 'powershell' for command environment: Not usable outside of PowerShell
[0.601s] DEBUG:colcon.colcon_core.shell:Skip shell extension 'dsv' for command environment
[0.608s] DEBUG:colcon.colcon_core.event_handler.log_command:Invoking command in '/root/ws_sensor_combined/build/px4_msgs': CMAKE_PREFIX_PATH=/opt/ros/humble /usr/bin/cmake --build /root/ws_sensor_combined/build/px4_msgs -- -j20 -l20
[1.283s] DEBUG:colcon.colcon_core.event_handler.log_command:Invoked command in '/root/ws_sensor_combined/build/px4_msgs' returned '0': CMAKE_PREFIX_PATH=/opt/ros/humble /usr/bin/cmake --build /root/ws_sensor_combined/build/px4_msgs -- -j20 -l20
[1.291s] DEBUG:colcon.colcon_core.event_handler.log_command:Invoking command in '/root/ws_sensor_combined/build/px4_msgs': CMAKE_PREFIX_PATH=/opt/ros/humble /usr/bin/cmake --install /root/ws_sensor_combined/build/px4_msgs
[2.627s] Level 1:colcon.colcon_core.environment:create_environment_scripts_only(px4_msgs)
[2.628s] DEBUG:colcon.colcon_core.event_handler.log_command:Invoked command in '/root/ws_sensor_combined/build/px4_msgs' returned '0': CMAKE_PREFIX_PATH=/opt/ros/humble /usr/bin/cmake --install /root/ws_sensor_combined/build/px4_msgs
[2.633s] Level 1:colcon.colcon_core.environment:checking '/root/ws_sensor_combined/install/px4_msgs' for CMake module files
[2.634s] Level 1:colcon.colcon_core.environment:checking '/root/ws_sensor_combined/install/px4_msgs' for CMake config files
[2.648s] Level 1:colcon.colcon_core.shell:create_environment_hook('px4_msgs', 'cmake_prefix_path')
[2.648s] INFO:colcon.colcon_core.shell:Creating environment hook '/root/ws_sensor_combined/install/px4_msgs/share/px4_msgs/hook/cmake_prefix_path.ps1'
[2.649s] INFO:colcon.colcon_core.shell:Creating environment descriptor '/root/ws_sensor_combined/install/px4_msgs/share/px4_msgs/hook/cmake_prefix_path.dsv'
[2.649s] INFO:colcon.colcon_core.shell:Creating environment hook '/root/ws_sensor_combined/install/px4_msgs/share/px4_msgs/hook/cmake_prefix_path.sh'
[2.650s] Level 1:colcon.colcon_core.environment:checking '/root/ws_sensor_combined/install/px4_msgs/lib'
[2.651s] Level 1:colcon.colcon_core.shell:create_environment_hook('px4_msgs', 'ld_library_path_lib')
[2.651s] INFO:colcon.colcon_core.shell:Creating environment hook '/root/ws_sensor_combined/install/px4_msgs/share/px4_msgs/hook/ld_library_path_lib.ps1'
[2.651s] INFO:colcon.colcon_core.shell:Creating environment descriptor '/root/ws_sensor_combined/install/px4_msgs/share/px4_msgs/hook/ld_library_path_lib.dsv'
[2.651s] INFO:colcon.colcon_core.shell:Creating environment hook '/root/ws_sensor_combined/install/px4_msgs/share/px4_msgs/hook/ld_library_path_lib.sh'
[2.651s] Level 1:colcon.colcon_core.environment:checking '/root/ws_sensor_combined/install/px4_msgs/bin'
[2.652s] Level 1:colcon.colcon_core.environment:checking '/root/ws_sensor_combined/install/px4_msgs/lib/pkgconfig/px4_msgs.pc'
[2.652s] Level 1:colcon.colcon_core.environment:checking '/root/ws_sensor_combined/install/px4_msgs/lib/python3.10/site-packages'
[2.652s] Level 1:colcon.colcon_core.environment:checking '/root/ws_sensor_combined/install/px4_msgs/bin'
[2.652s] INFO:colcon.colcon_core.shell:Creating package script '/root/ws_sensor_combined/install/px4_msgs/share/px4_msgs/package.ps1'
[2.653s] INFO:colcon.colcon_core.shell:Creating package descriptor '/root/ws_sensor_combined/install/px4_msgs/share/px4_msgs/package.dsv'
[2.654s] INFO:colcon.colcon_core.shell:Creating package script '/root/ws_sensor_combined/install/px4_msgs/share/px4_msgs/package.sh'
[2.654s] INFO:colcon.colcon_core.shell:Creating package script '/root/ws_sensor_combined/install/px4_msgs/share/px4_msgs/package.bash'
[2.655s] INFO:colcon.colcon_core.shell:Creating package script '/root/ws_sensor_combined/install/px4_msgs/share/px4_msgs/package.zsh'
[2.656s] Level 1:colcon.colcon_core.environment:create_file_with_runtime_dependencies(/root/ws_sensor_combined/install/px4_msgs/share/colcon-core/packages/px4_msgs)
[2.657s] Level 1:colcon.colcon_core.environment:create_environment_scripts_only(px4_msgs)
[2.657s] Level 1:colcon.colcon_core.environment:checking '/root/ws_sensor_combined/install/px4_msgs' for CMake module files
[2.657s] Level 1:colcon.colcon_core.environment:checking '/root/ws_sensor_combined/install/px4_msgs' for CMake config files
[2.668s] Level 1:colcon.colcon_core.shell:create_environment_hook('px4_msgs', 'cmake_prefix_path')
[2.669s] INFO:colcon.colcon_core.shell:Creating environment hook '/root/ws_sensor_combined/install/px4_msgs/share/px4_msgs/hook/cmake_prefix_path.ps1'
[2.669s] INFO:colcon.colcon_core.shell:Creating environment descriptor '/root/ws_sensor_combined/install/px4_msgs/share/px4_msgs/hook/cmake_prefix_path.dsv'
[2.669s] INFO:colcon.colcon_core.shell:Creating environment hook '/root/ws_sensor_combined/install/px4_msgs/share/px4_msgs/hook/cmake_prefix_path.sh'
[2.670s] Level 1:colcon.colcon_core.environment:checking '/root/ws_sensor_combined/install/px4_msgs/lib'
[2.670s] Level 1:colcon.colcon_core.shell:create_environment_hook('px4_msgs', 'ld_library_path_lib')
[2.670s] INFO:colcon.colcon_core.shell:Creating environment hook '/root/ws_sensor_combined/install/px4_msgs/share/px4_msgs/hook/ld_library_path_lib.ps1'
[2.670s] INFO:colcon.colcon_core.shell:Creating environment descriptor '/root/ws_sensor_combined/install/px4_msgs/share/px4_msgs/hook/ld_library_path_lib.dsv'
[2.670s] INFO:colcon.colcon_core.shell:Creating environment hook '/root/ws_sensor_combined/install/px4_msgs/share/px4_msgs/hook/ld_library_path_lib.sh'
[2.671s] Level 1:colcon.colcon_core.environment:checking '/root/ws_sensor_combined/install/px4_msgs/bin'
[2.671s] Level 1:colcon.colcon_core.environment:checking '/root/ws_sensor_combined/install/px4_msgs/lib/pkgconfig/px4_msgs.pc'
[2.671s] Level 1:colcon.colcon_core.environment:checking '/root/ws_sensor_combined/install/px4_msgs/lib/python3.10/site-packages'
[2.671s] Level 1:colcon.colcon_core.environment:checking '/root/ws_sensor_combined/install/px4_msgs/bin'
[2.671s] INFO:colcon.colcon_core.shell:Creating package script '/root/ws_sensor_combined/install/px4_msgs/share/px4_msgs/package.ps1'
[2.671s] INFO:colcon.colcon_core.shell:Creating package descriptor '/root/ws_sensor_combined/install/px4_msgs/share/px4_msgs/package.dsv'
[2.672s] INFO:colcon.colcon_core.shell:Creating package script '/root/ws_sensor_combined/install/px4_msgs/share/px4_msgs/package.sh'
[2.672s] INFO:colcon.colcon_core.shell:Creating package script '/root/ws_sensor_combined/install/px4_msgs/share/px4_msgs/package.bash'
[2.672s] INFO:colcon.colcon_core.shell:Creating package script '/root/ws_sensor_combined/install/px4_msgs/share/px4_msgs/package.zsh'
[2.672s] Level 1:colcon.colcon_core.environment:create_file_with_runtime_dependencies(/root/ws_sensor_combined/install/px4_msgs/share/colcon-core/packages/px4_msgs)
[2.672s] INFO:colcon.colcon_ros.task.ament_cmake.build:Building ROS package in '/root/ws_sensor_combined/src/px4-ros2-interface-lib/px4_ros2_cpp' with build type 'ament_cmake'
[2.673s] INFO:colcon.colcon_cmake.task.cmake.build:Building CMake package in '/root/ws_sensor_combined/src/px4-ros2-interface-lib/px4_ros2_cpp'
[2.673s] INFO:colcon.colcon_core.shell:Skip shell extension 'powershell' for command environment: Not usable outside of PowerShell
[2.673s] DEBUG:colcon.colcon_core.shell:Skip shell extension 'dsv' for command environment
[2.676s] INFO:colcon.colcon_ros.task.ament_cmake.build:Building ROS package in '/root/ws_sensor_combined/src/px4_ros_com' with build type 'ament_cmake'
[2.676s] INFO:colcon.colcon_cmake.task.cmake.build:Building CMake package in '/root/ws_sensor_combined/src/px4_ros_com'
[2.676s] INFO:colcon.colcon_core.shell:Skip shell extension 'powershell' for command environment: Not usable outside of PowerShell
[2.677s] DEBUG:colcon.colcon_core.shell:Skip shell extension 'dsv' for command environment
[2.779s] DEBUG:colcon.colcon_core.event_handler.log_command:Invoking command in '/root/ws_sensor_combined/build/px4_ros_com': AMENT_PREFIX_PATH=/root/ws_sensor_combined/install/px4_msgs:${AMENT_PREFIX_PATH} CMAKE_PREFIX_PATH=/root/ws_sensor_combined/install/px4_msgs:/opt/ros/humble LD_LIBRARY_PATH=/root/ws_sensor_combined/install/px4_msgs/lib:${LD_LIBRARY_PATH} PYTHONPATH=/root/ws_sensor_combined/install/px4_msgs/local/lib/python3.10/dist-packages:${PYTHONPATH} /usr/bin/cmake --build /root/ws_sensor_combined/build/px4_ros_com -- -j20 -l20
[2.783s] DEBUG:colcon.colcon_core.event_handler.log_command:Invoking command in '/root/ws_sensor_combined/build/px4_ros2_cpp': AMENT_PREFIX_PATH=/root/ws_sensor_combined/install/px4_msgs:${AMENT_PREFIX_PATH} CMAKE_PREFIX_PATH=/root/ws_sensor_combined/install/px4_msgs:/opt/ros/humble LD_LIBRARY_PATH=/root/ws_sensor_combined/install/px4_msgs/lib:${LD_LIBRARY_PATH} PYTHONPATH=/root/ws_sensor_combined/install/px4_msgs/local/lib/python3.10/dist-packages:${PYTHONPATH} /usr/bin/cmake --build /root/ws_sensor_combined/build/px4_ros2_cpp -- -j20 -l20
[2.991s] DEBUG:colcon.colcon_core.event_handler.log_command:Invoked command in '/root/ws_sensor_combined/build/px4_ros2_cpp' returned '0': AMENT_PREFIX_PATH=/root/ws_sensor_combined/install/px4_msgs:${AMENT_PREFIX_PATH} CMAKE_PREFIX_PATH=/root/ws_sensor_combined/install/px4_msgs:/opt/ros/humble LD_LIBRARY_PATH=/root/ws_sensor_combined/install/px4_msgs/lib:${LD_LIBRARY_PATH} PYTHONPATH=/root/ws_sensor_combined/install/px4_msgs/local/lib/python3.10/dist-packages:${PYTHONPATH} /usr/bin/cmake --build /root/ws_sensor_combined/build/px4_ros2_cpp -- -j20 -l20
[2.994s] DEBUG:colcon.colcon_core.event_handler.log_command:Invoking command in '/root/ws_sensor_combined/build/px4_ros2_cpp': AMENT_PREFIX_PATH=/root/ws_sensor_combined/install/px4_msgs:${AMENT_PREFIX_PATH} CMAKE_PREFIX_PATH=/root/ws_sensor_combined/install/px4_msgs:/opt/ros/humble LD_LIBRARY_PATH=/root/ws_sensor_combined/install/px4_msgs/lib:${LD_LIBRARY_PATH} PYTHONPATH=/root/ws_sensor_combined/install/px4_msgs/local/lib/python3.10/dist-packages:${PYTHONPATH} /usr/bin/cmake --install /root/ws_sensor_combined/build/px4_ros2_cpp
[3.020s] Level 1:colcon.colcon_core.environment:create_environment_scripts_only(px4_ros2_cpp)
[3.020s] Level 1:colcon.colcon_core.environment:checking '/root/ws_sensor_combined/install/px4_ros2_cpp' for CMake module files
[3.020s] DEBUG:colcon.colcon_core.event_handler.log_command:Invoked command in '/root/ws_sensor_combined/build/px4_ros2_cpp' returned '0': AMENT_PREFIX_PATH=/root/ws_sensor_combined/install/px4_msgs:${AMENT_PREFIX_PATH} CMAKE_PREFIX_PATH=/root/ws_sensor_combined/install/px4_msgs:/opt/ros/humble LD_LIBRARY_PATH=/root/ws_sensor_combined/install/px4_msgs/lib:${LD_LIBRARY_PATH} PYTHONPATH=/root/ws_sensor_combined/install/px4_msgs/local/lib/python3.10/dist-packages:${PYTHONPATH} /usr/bin/cmake --install /root/ws_sensor_combined/build/px4_ros2_cpp
[3.021s] Level 1:colcon.colcon_core.environment:checking '/root/ws_sensor_combined/install/px4_ros2_cpp' for CMake config files
[3.021s] Level 1:colcon.colcon_core.shell:create_environment_hook('px4_ros2_cpp', 'cmake_prefix_path')
[3.022s] INFO:colcon.colcon_core.shell:Creating environment hook '/root/ws_sensor_combined/install/px4_ros2_cpp/share/px4_ros2_cpp/hook/cmake_prefix_path.ps1'
[3.022s] INFO:colcon.colcon_core.shell:Creating environment descriptor '/root/ws_sensor_combined/install/px4_ros2_cpp/share/px4_ros2_cpp/hook/cmake_prefix_path.dsv'
[3.022s] INFO:colcon.colcon_core.shell:Creating environment hook '/root/ws_sensor_combined/install/px4_ros2_cpp/share/px4_ros2_cpp/hook/cmake_prefix_path.sh'
[3.023s] Level 1:colcon.colcon_core.environment:checking '/root/ws_sensor_combined/install/px4_ros2_cpp/lib'
[3.023s] Level 1:colcon.colcon_core.shell:create_environment_hook('px4_ros2_cpp', 'ld_library_path_lib')
[3.023s] INFO:colcon.colcon_core.shell:Creating environment hook '/root/ws_sensor_combined/install/px4_ros2_cpp/share/px4_ros2_cpp/hook/ld_library_path_lib.ps1'
[3.024s] INFO:colcon.colcon_core.shell:Creating environment descriptor '/root/ws_sensor_combined/install/px4_ros2_cpp/share/px4_ros2_cpp/hook/ld_library_path_lib.dsv'
[3.024s] INFO:colcon.colcon_core.shell:Creating environment hook '/root/ws_sensor_combined/install/px4_ros2_cpp/share/px4_ros2_cpp/hook/ld_library_path_lib.sh'
[3.024s] Level 1:colcon.colcon_core.environment:checking '/root/ws_sensor_combined/install/px4_ros2_cpp/bin'
[3.025s] Level 1:colcon.colcon_core.environment:checking '/root/ws_sensor_combined/install/px4_ros2_cpp/lib/pkgconfig/px4_ros2_cpp.pc'
[3.025s] Level 1:colcon.colcon_core.environment:checking '/root/ws_sensor_combined/install/px4_ros2_cpp/lib/python3.10/site-packages'
[3.025s] Level 1:colcon.colcon_core.environment:checking '/root/ws_sensor_combined/install/px4_ros2_cpp/bin'
[3.025s] INFO:colcon.colcon_core.shell:Creating package script '/root/ws_sensor_combined/install/px4_ros2_cpp/share/px4_ros2_cpp/package.ps1'
[3.026s] INFO:colcon.colcon_core.shell:Creating package descriptor '/root/ws_sensor_combined/install/px4_ros2_cpp/share/px4_ros2_cpp/package.dsv'
[3.026s] INFO:colcon.colcon_core.shell:Creating package script '/root/ws_sensor_combined/install/px4_ros2_cpp/share/px4_ros2_cpp/package.sh'
[3.026s] INFO:colcon.colcon_core.shell:Creating package script '/root/ws_sensor_combined/install/px4_ros2_cpp/share/px4_ros2_cpp/package.bash'
[3.027s] INFO:colcon.colcon_core.shell:Creating package script '/root/ws_sensor_combined/install/px4_ros2_cpp/share/px4_ros2_cpp/package.zsh'
[3.027s] Level 1:colcon.colcon_core.environment:create_file_with_runtime_dependencies(/root/ws_sensor_combined/install/px4_ros2_cpp/share/colcon-core/packages/px4_ros2_cpp)
[3.027s] Level 1:colcon.colcon_core.environment:create_environment_scripts_only(px4_ros2_cpp)
[3.027s] Level 1:colcon.colcon_core.environment:checking '/root/ws_sensor_combined/install/px4_ros2_cpp' for CMake module files
[3.028s] Level 1:colcon.colcon_core.environment:checking '/root/ws_sensor_combined/install/px4_ros2_cpp' for CMake config files
[3.028s] Level 1:colcon.colcon_core.shell:create_environment_hook('px4_ros2_cpp', 'cmake_prefix_path')
[3.028s] INFO:colcon.colcon_core.shell:Creating environment hook '/root/ws_sensor_combined/install/px4_ros2_cpp/share/px4_ros2_cpp/hook/cmake_prefix_path.ps1'
[3.029s] INFO:colcon.colcon_core.shell:Creating environment descriptor '/root/ws_sensor_combined/install/px4_ros2_cpp/share/px4_ros2_cpp/hook/cmake_prefix_path.dsv'
[3.029s] INFO:colcon.colcon_core.shell:Creating environment hook '/root/ws_sensor_combined/install/px4_ros2_cpp/share/px4_ros2_cpp/hook/cmake_prefix_path.sh'
[3.029s] Level 1:colcon.colcon_core.environment:checking '/root/ws_sensor_combined/install/px4_ros2_cpp/lib'
[3.030s] Level 1:colcon.colcon_core.shell:create_environment_hook('px4_ros2_cpp', 'ld_library_path_lib')
[3.030s] INFO:colcon.colcon_core.shell:Creating environment hook '/root/ws_sensor_combined/install/px4_ros2_cpp/share/px4_ros2_cpp/hook/ld_library_path_lib.ps1'
[3.030s] INFO:colcon.colcon_core.shell:Creating environment descriptor '/root/ws_sensor_combined/install/px4_ros2_cpp/share/px4_ros2_cpp/hook/ld_library_path_lib.dsv'
[3.031s] INFO:colcon.colcon_core.shell:Creating environment hook '/root/ws_sensor_combined/install/px4_ros2_cpp/share/px4_ros2_cpp/hook/ld_library_path_lib.sh'
[3.031s] Level 1:colcon.colcon_core.environment:checking '/root/ws_sensor_combined/install/px4_ros2_cpp/bin'
[3.031s] Level 1:colcon.colcon_core.environment:checking '/root/ws_sensor_combined/install/px4_ros2_cpp/lib/pkgconfig/px4_ros2_cpp.pc'
[3.032s] Level 1:colcon.colcon_core.environment:checking '/root/ws_sensor_combined/install/px4_ros2_cpp/lib/python3.10/site-packages'
[3.032s] Level 1:colcon.colcon_core.environment:checking '/root/ws_sensor_combined/install/px4_ros2_cpp/bin'
[3.032s] INFO:colcon.colcon_core.shell:Creating package script '/root/ws_sensor_combined/install/px4_ros2_cpp/share/px4_ros2_cpp/package.ps1'
[3.032s] INFO:colcon.colcon_core.shell:Creating package descriptor '/root/ws_sensor_combined/install/px4_ros2_cpp/share/px4_ros2_cpp/package.dsv'
[3.033s] INFO:colcon.colcon_core.shell:Creating package script '/root/ws_sensor_combined/install/px4_ros2_cpp/share/px4_ros2_cpp/package.sh'
[3.033s] INFO:colcon.colcon_core.shell:Creating package script '/root/ws_sensor_combined/install/px4_ros2_cpp/share/px4_ros2_cpp/package.bash'
[3.033s] INFO:colcon.colcon_core.shell:Creating package script '/root/ws_sensor_combined/install/px4_ros2_cpp/share/px4_ros2_cpp/package.zsh'
[3.034s] Level 1:colcon.colcon_core.environment:create_file_with_runtime_dependencies(/root/ws_sensor_combined/install/px4_ros2_cpp/share/colcon-core/packages/px4_ros2_cpp)
[3.034s] INFO:colcon.colcon_ros.task.ament_cmake.build:Building ROS package in '/root/ws_sensor_combined/src/px4-ros2-interface-lib/examples/cpp/modes/executor_with_multiple_modes' with build type 'ament_cmake'
[3.034s] INFO:colcon.colcon_cmake.task.cmake.build:Building CMake package in '/root/ws_sensor_combined/src/px4-ros2-interface-lib/examples/cpp/modes/executor_with_multiple_modes'
[3.034s] INFO:colcon.colcon_core.shell:Skip shell extension 'powershell' for command environment: Not usable outside of PowerShell
[3.034s] DEBUG:colcon.colcon_core.shell:Skip shell extension 'dsv' for command environment
[3.037s] INFO:colcon.colcon_ros.task.ament_cmake.build:Building ROS package in '/root/ws_sensor_combined/src/px4-ros2-interface-lib/examples/cpp/navigation/global_navigation' with build type 'ament_cmake'
[3.038s] INFO:colcon.colcon_cmake.task.cmake.build:Building CMake package in '/root/ws_sensor_combined/src/px4-ros2-interface-lib/examples/cpp/navigation/global_navigation'
[3.038s] INFO:colcon.colcon_core.shell:Skip shell extension 'powershell' for command environment: Not usable outside of PowerShell
[3.038s] DEBUG:colcon.colcon_core.shell:Skip shell extension 'dsv' for command environment
[3.040s] INFO:colcon.colcon_ros.task.ament_cmake.build:Building ROS package in '/root/ws_sensor_combined/src/px4-ros2-interface-lib/examples/cpp/navigation/local_navigation' with build type 'ament_cmake'
[3.040s] INFO:colcon.colcon_cmake.task.cmake.build:Building CMake package in '/root/ws_sensor_combined/src/px4-ros2-interface-lib/examples/cpp/navigation/local_navigation'
[3.040s] INFO:colcon.colcon_core.shell:Skip shell extension 'powershell' for command environment: Not usable outside of PowerShell
[3.040s] DEBUG:colcon.colcon_core.shell:Skip shell extension 'dsv' for command environment
[3.042s] INFO:colcon.colcon_ros.task.ament_cmake.build:Building ROS package in '/root/ws_sensor_combined/src/px4-ros2-interface-lib/examples/cpp/modes/fw_attitude' with build type 'ament_cmake'
[3.043s] INFO:colcon.colcon_cmake.task.cmake.build:Building CMake package in '/root/ws_sensor_combined/src/px4-ros2-interface-lib/examples/cpp/modes/fw_attitude'
[3.043s] INFO:colcon.colcon_core.shell:Skip shell extension 'powershell' for command environment: Not usable outside of PowerShell
[3.043s] DEBUG:colcon.colcon_core.shell:Skip shell extension 'dsv' for command environment
[3.046s] INFO:colcon.colcon_ros.task.ament_cmake.build:Building ROS package in '/root/ws_sensor_combined/src/px4-ros2-interface-lib/examples/cpp/modes/goto' with build type 'ament_cmake'
[3.046s] INFO:colcon.colcon_cmake.task.cmake.build:Building CMake package in '/root/ws_sensor_combined/src/px4-ros2-interface-lib/examples/cpp/modes/goto'
[3.047s] INFO:colcon.colcon_core.shell:Skip shell extension 'powershell' for command environment: Not usable outside of PowerShell
[3.047s] DEBUG:colcon.colcon_core.shell:Skip shell extension 'dsv' for command environment
[3.049s] INFO:colcon.colcon_ros.task.ament_cmake.build:Building ROS package in '/root/ws_sensor_combined/src/px4-ros2-interface-lib/examples/cpp/modes/goto_global' with build type 'ament_cmake'
[3.050s] INFO:colcon.colcon_cmake.task.cmake.build:Building CMake package in '/root/ws_sensor_combined/src/px4-ros2-interface-lib/examples/cpp/modes/goto_global'
[3.050s] INFO:colcon.colcon_core.shell:Skip shell extension 'powershell' for command environment: Not usable outside of PowerShell
[3.050s] DEBUG:colcon.colcon_core.shell:Skip shell extension 'dsv' for command environment
[3.052s] INFO:colcon.colcon_ros.task.ament_cmake.build:Building ROS package in '/root/ws_sensor_combined/src/px4-ros2-interface-lib/examples/cpp/modes/manual' with build type 'ament_cmake'
[3.053s] INFO:colcon.colcon_cmake.task.cmake.build:Building CMake package in '/root/ws_sensor_combined/src/px4-ros2-interface-lib/examples/cpp/modes/manual'
[3.053s] INFO:colcon.colcon_core.shell:Skip shell extension 'powershell' for command environment: Not usable outside of PowerShell
[3.053s] DEBUG:colcon.colcon_core.shell:Skip shell extension 'dsv' for command environment
[3.056s] INFO:colcon.colcon_ros.task.ament_cmake.build:Building ROS package in '/root/ws_sensor_combined/src/px4-ros2-interface-lib/examples/cpp/modes/rtl_replacement' with build type 'ament_cmake'
[3.056s] INFO:colcon.colcon_cmake.task.cmake.build:Building CMake package in '/root/ws_sensor_combined/src/px4-ros2-interface-lib/examples/cpp/modes/rtl_replacement'
[3.057s] INFO:colcon.colcon_core.shell:Skip shell extension 'powershell' for command environment: Not usable outside of PowerShell
[3.057s] DEBUG:colcon.colcon_core.shell:Skip shell extension 'dsv' for command environment
[3.059s] INFO:colcon.colcon_ros.task.ament_cmake.build:Building ROS package in '/root/ws_sensor_combined/src/px4-ros2-interface-lib/examples/cpp/modes/vtol' with build type 'ament_cmake'
[3.059s] INFO:colcon.colcon_cmake.task.cmake.build:Building CMake package in '/root/ws_sensor_combined/src/px4-ros2-interface-lib/examples/cpp/modes/vtol'
[3.059s] INFO:colcon.colcon_core.shell:Skip shell extension 'powershell' for command environment: Not usable outside of PowerShell
[3.059s] DEBUG:colcon.colcon_core.shell:Skip shell extension 'dsv' for command environment
[3.063s] INFO:colcon.colcon_ros.task.ament_cmake.build:Building ROS package in '/root/ws_sensor_combined/src/px4-ros2-interface-lib/examples/cpp/modes/mode_with_executor' with build type 'ament_cmake'
[3.063s] INFO:colcon.colcon_cmake.task.cmake.build:Building CMake package in '/root/ws_sensor_combined/src/px4-ros2-interface-lib/examples/cpp/modes/mode_with_executor'
[3.063s] INFO:colcon.colcon_core.shell:Skip shell extension 'powershell' for command environment: Not usable outside of PowerShell
[3.064s] DEBUG:colcon.colcon_core.shell:Skip shell extension 'dsv' for command environment
[3.068s] DEBUG:colcon.colcon_core.event_handler.log_command:Invoked command in '/root/ws_sensor_combined/build/px4_ros_com' returned '0': AMENT_PREFIX_PATH=/root/ws_sensor_combined/install/px4_msgs:${AMENT_PREFIX_PATH} CMAKE_PREFIX_PATH=/root/ws_sensor_combined/install/px4_msgs:/opt/ros/humble LD_LIBRARY_PATH=/root/ws_sensor_combined/install/px4_msgs/lib:${LD_LIBRARY_PATH} PYTHONPATH=/root/ws_sensor_combined/install/px4_msgs/local/lib/python3.10/dist-packages:${PYTHONPATH} /usr/bin/cmake --build /root/ws_sensor_combined/build/px4_ros_com -- -j20 -l20
[3.070s] DEBUG:colcon.colcon_core.event_handler.log_command:Invoking command in '/root/ws_sensor_combined/build/px4_ros_com': AMENT_PREFIX_PATH=/root/ws_sensor_combined/install/px4_msgs:${AMENT_PREFIX_PATH} CMAKE_PREFIX_PATH=/root/ws_sensor_combined/install/px4_msgs:/opt/ros/humble LD_LIBRARY_PATH=/root/ws_sensor_combined/install/px4_msgs/lib:${LD_LIBRARY_PATH} PYTHONPATH=/root/ws_sensor_combined/install/px4_msgs/local/lib/python3.10/dist-packages:${PYTHONPATH} /usr/bin/cmake --install /root/ws_sensor_combined/build/px4_ros_com
[3.126s] Level 1:colcon.colcon_core.environment:create_environment_scripts_only(px4_ros_com)
[3.126s] Level 1:colcon.colcon_core.environment:checking '/root/ws_sensor_combined/install/px4_ros_com' for CMake module files
[3.127s] DEBUG:colcon.colcon_core.event_handler.log_command:Invoked command in '/root/ws_sensor_combined/build/px4_ros_com' returned '0': AMENT_PREFIX_PATH=/root/ws_sensor_combined/install/px4_msgs:${AMENT_PREFIX_PATH} CMAKE_PREFIX_PATH=/root/ws_sensor_combined/install/px4_msgs:/opt/ros/humble LD_LIBRARY_PATH=/root/ws_sensor_combined/install/px4_msgs/lib:${LD_LIBRARY_PATH} PYTHONPATH=/root/ws_sensor_combined/install/px4_msgs/local/lib/python3.10/dist-packages:${PYTHONPATH} /usr/bin/cmake --install /root/ws_sensor_combined/build/px4_ros_com
[3.127s] Level 1:colcon.colcon_core.environment:checking '/root/ws_sensor_combined/install/px4_ros_com' for CMake config files
[3.128s] Level 1:colcon.colcon_core.shell:create_environment_hook('px4_ros_com', 'cmake_prefix_path')
[3.128s] INFO:colcon.colcon_core.shell:Creating environment hook '/root/ws_sensor_combined/install/px4_ros_com/share/px4_ros_com/hook/cmake_prefix_path.ps1'
[3.129s] INFO:colcon.colcon_core.shell:Creating environment descriptor '/root/ws_sensor_combined/install/px4_ros_com/share/px4_ros_com/hook/cmake_prefix_path.dsv'
[3.129s] INFO:colcon.colcon_core.shell:Creating environment hook '/root/ws_sensor_combined/install/px4_ros_com/share/px4_ros_com/hook/cmake_prefix_path.sh'
[3.130s] Level 1:colcon.colcon_core.environment:checking '/root/ws_sensor_combined/install/px4_ros_com/lib'
[3.130s] Level 1:colcon.colcon_core.shell:create_environment_hook('px4_ros_com', 'ld_library_path_lib')
[3.130s] INFO:colcon.colcon_core.shell:Creating environment hook '/root/ws_sensor_combined/install/px4_ros_com/share/px4_ros_com/hook/ld_library_path_lib.ps1'
[3.130s] INFO:colcon.colcon_core.shell:Creating environment descriptor '/root/ws_sensor_combined/install/px4_ros_com/share/px4_ros_com/hook/ld_library_path_lib.dsv'
[3.130s] INFO:colcon.colcon_core.shell:Creating environment hook '/root/ws_sensor_combined/install/px4_ros_com/share/px4_ros_com/hook/ld_library_path_lib.sh'
[3.130s] Level 1:colcon.colcon_core.environment:checking '/root/ws_sensor_combined/install/px4_ros_com/bin'
[3.131s] Level 1:colcon.colcon_core.environment:checking '/root/ws_sensor_combined/install/px4_ros_com/lib/pkgconfig/px4_ros_com.pc'
[3.131s] Level 1:colcon.colcon_core.environment:checking '/root/ws_sensor_combined/install/px4_ros_com/lib/python3.10/site-packages'
[3.131s] Level 1:colcon.colcon_core.environment:checking '/root/ws_sensor_combined/install/px4_ros_com/bin'
[3.131s] INFO:colcon.colcon_core.shell:Creating package script '/root/ws_sensor_combined/install/px4_ros_com/share/px4_ros_com/package.ps1'
[3.131s] INFO:colcon.colcon_core.shell:Creating package descriptor '/root/ws_sensor_combined/install/px4_ros_com/share/px4_ros_com/package.dsv'
[3.131s] INFO:colcon.colcon_core.shell:Creating package script '/root/ws_sensor_combined/install/px4_ros_com/share/px4_ros_com/package.sh'
[3.132s] INFO:colcon.colcon_core.shell:Creating package script '/root/ws_sensor_combined/install/px4_ros_com/share/px4_ros_com/package.bash'
[3.132s] INFO:colcon.colcon_core.shell:Creating package script '/root/ws_sensor_combined/install/px4_ros_com/share/px4_ros_com/package.zsh'
[3.132s] Level 1:colcon.colcon_core.environment:create_file_with_runtime_dependencies(/root/ws_sensor_combined/install/px4_ros_com/share/colcon-core/packages/px4_ros_com)
[3.132s] Level 1:colcon.colcon_core.environment:create_environment_scripts_only(px4_ros_com)
[3.133s] Level 1:colcon.colcon_core.environment:checking '/root/ws_sensor_combined/install/px4_ros_com' for CMake module files
[3.133s] Level 1:colcon.colcon_core.environment:checking '/root/ws_sensor_combined/install/px4_ros_com' for CMake config files
[3.134s] Level 1:colcon.colcon_core.shell:create_environment_hook('px4_ros_com', 'cmake_prefix_path')
[3.134s] INFO:colcon.colcon_core.shell:Creating environment hook '/root/ws_sensor_combined/install/px4_ros_com/share/px4_ros_com/hook/cmake_prefix_path.ps1'
[3.134s] INFO:colcon.colcon_core.shell:Creating environment descriptor '/root/ws_sensor_combined/install/px4_ros_com/share/px4_ros_com/hook/cmake_prefix_path.dsv'
[3.135s] INFO:colcon.colcon_core.shell:Creating environment hook '/root/ws_sensor_combined/install/px4_ros_com/share/px4_ros_com/hook/cmake_prefix_path.sh'
[3.135s] Level 1:colcon.colcon_core.environment:checking '/root/ws_sensor_combined/install/px4_ros_com/lib'
[3.135s] Level 1:colcon.colcon_core.shell:create_environment_hook('px4_ros_com', 'ld_library_path_lib')
[3.135s] INFO:colcon.colcon_core.shell:Creating environment hook '/root/ws_sensor_combined/install/px4_ros_com/share/px4_ros_com/hook/ld_library_path_lib.ps1'
[3.136s] INFO:colcon.colcon_core.shell:Creating environment descriptor '/root/ws_sensor_combined/install/px4_ros_com/share/px4_ros_com/hook/ld_library_path_lib.dsv'
[3.136s] INFO:colcon.colcon_core.shell:Creating environment hook '/root/ws_sensor_combined/install/px4_ros_com/share/px4_ros_com/hook/ld_library_path_lib.sh'
[3.136s] Level 1:colcon.colcon_core.environment:checking '/root/ws_sensor_combined/install/px4_ros_com/bin'
[3.136s] Level 1:colcon.colcon_core.environment:checking '/root/ws_sensor_combined/install/px4_ros_com/lib/pkgconfig/px4_ros_com.pc'
[3.136s] Level 1:colcon.colcon_core.environment:checking '/root/ws_sensor_combined/install/px4_ros_com/lib/python3.10/site-packages'
[3.136s] Level 1:colcon.colcon_core.environment:checking '/root/ws_sensor_combined/install/px4_ros_com/bin'
[3.137s] INFO:colcon.colcon_core.shell:Creating package script '/root/ws_sensor_combined/install/px4_ros_com/share/px4_ros_com/package.ps1'
[3.137s] INFO:colcon.colcon_core.shell:Creating package descriptor '/root/ws_sensor_combined/install/px4_ros_com/share/px4_ros_com/package.dsv'
[3.138s] INFO:colcon.colcon_core.shell:Creating package script '/root/ws_sensor_combined/install/px4_ros_com/share/px4_ros_com/package.sh'
[3.138s] INFO:colcon.colcon_core.shell:Creating package script '/root/ws_sensor_combined/install/px4_ros_com/share/px4_ros_com/package.bash'
[3.138s] INFO:colcon.colcon_core.shell:Creating package script '/root/ws_sensor_combined/install/px4_ros_com/share/px4_ros_com/package.zsh'
[3.139s] Level 1:colcon.colcon_core.environment:create_file_with_runtime_dependencies(/root/ws_sensor_combined/install/px4_ros_com/share/colcon-core/packages/px4_ros_com)
[3.258s] DEBUG:colcon.colcon_core.event_handler.log_command:Invoking command in '/root/ws_sensor_combined/build/example_mode_manual_cpp': AMENT_PREFIX_PATH=/root/ws_sensor_combined/install/px4_ros2_cpp:/root/ws_sensor_combined/install/px4_msgs:${AMENT_PREFIX_PATH} CMAKE_PREFIX_PATH=/root/ws_sensor_combined/install/px4_ros2_cpp:/root/ws_sensor_combined/install/px4_msgs:/opt/ros/humble LD_LIBRARY_PATH=/root/ws_sensor_combined/install/px4_ros2_cpp/lib:/root/ws_sensor_combined/install/px4_msgs/lib:${LD_LIBRARY_PATH} PYTHONPATH=/root/ws_sensor_combined/install/px4_msgs/local/lib/python3.10/dist-packages:${PYTHONPATH} /usr/bin/cmake --build /root/ws_sensor_combined/build/example_mode_manual_cpp -- -j20 -l20
[3.262s] DEBUG:colcon.colcon_core.event_handler.log_command:Invoking command in '/root/ws_sensor_combined/build/example_mode_rtl_replacement_cpp': AMENT_PREFIX_PATH=/root/ws_sensor_combined/install/px4_ros2_cpp:/root/ws_sensor_combined/install/px4_msgs:${AMENT_PREFIX_PATH} CMAKE_PREFIX_PATH=/root/ws_sensor_combined/install/px4_ros2_cpp:/root/ws_sensor_combined/install/px4_msgs:/opt/ros/humble LD_LIBRARY_PATH=/root/ws_sensor_combined/install/px4_ros2_cpp/lib:/root/ws_sensor_combined/install/px4_msgs/lib:${LD_LIBRARY_PATH} PYTHONPATH=/root/ws_sensor_combined/install/px4_msgs/local/lib/python3.10/dist-packages:${PYTHONPATH} /usr/bin/cmake --build /root/ws_sensor_combined/build/example_mode_rtl_replacement_cpp -- -j20 -l20
[3.265s] DEBUG:colcon.colcon_core.event_handler.log_command:Invoking command in '/root/ws_sensor_combined/build/example_local_navigation_cpp': AMENT_PREFIX_PATH=/root/ws_sensor_combined/install/px4_ros2_cpp:/root/ws_sensor_combined/install/px4_msgs:${AMENT_PREFIX_PATH} CMAKE_PREFIX_PATH=/root/ws_sensor_combined/install/px4_ros2_cpp:/root/ws_sensor_combined/install/px4_msgs:/opt/ros/humble LD_LIBRARY_PATH=/root/ws_sensor_combined/install/px4_ros2_cpp/lib:/root/ws_sensor_combined/install/px4_msgs/lib:${LD_LIBRARY_PATH} PYTHONPATH=/root/ws_sensor_combined/install/px4_msgs/local/lib/python3.10/dist-packages:${PYTHONPATH} /usr/bin/cmake --build /root/ws_sensor_combined/build/example_local_navigation_cpp -- -j20 -l20
[3.270s] DEBUG:colcon.colcon_core.event_handler.log_command:Invoking command in '/root/ws_sensor_combined/build/example_mode_goto_global_cpp': AMENT_PREFIX_PATH=/root/ws_sensor_combined/install/px4_ros2_cpp:/root/ws_sensor_combined/install/px4_msgs:${AMENT_PREFIX_PATH} CMAKE_PREFIX_PATH=/root/ws_sensor_combined/install/px4_ros2_cpp:/root/ws_sensor_combined/install/px4_msgs:/opt/ros/humble LD_LIBRARY_PATH=/root/ws_sensor_combined/install/px4_ros2_cpp/lib:/root/ws_sensor_combined/install/px4_msgs/lib:${LD_LIBRARY_PATH} PYTHONPATH=/root/ws_sensor_combined/install/px4_msgs/local/lib/python3.10/dist-packages:${PYTHONPATH} /usr/bin/cmake --build /root/ws_sensor_combined/build/example_mode_goto_global_cpp -- -j20 -l20
[3.274s] DEBUG:colcon.colcon_core.event_handler.log_command:Invoking command in '/root/ws_sensor_combined/build/example_mode_fw_attitude_cpp': AMENT_PREFIX_PATH=/root/ws_sensor_combined/install/px4_ros2_cpp:/root/ws_sensor_combined/install/px4_msgs:${AMENT_PREFIX_PATH} CMAKE_PREFIX_PATH=/root/ws_sensor_combined/install/px4_ros2_cpp:/root/ws_sensor_combined/install/px4_msgs:/opt/ros/humble LD_LIBRARY_PATH=/root/ws_sensor_combined/install/px4_ros2_cpp/lib:/root/ws_sensor_combined/install/px4_msgs/lib:${LD_LIBRARY_PATH} PYTHONPATH=/root/ws_sensor_combined/install/px4_msgs/local/lib/python3.10/dist-packages:${PYTHONPATH} /usr/bin/cmake --build /root/ws_sensor_combined/build/example_mode_fw_attitude_cpp -- -j20 -l20
[3.278s] DEBUG:colcon.colcon_core.event_handler.log_command:Invoking command in '/root/ws_sensor_combined/build/example_executor_with_multiple_modes_cpp': AMENT_PREFIX_PATH=/root/ws_sensor_combined/install/px4_ros2_cpp:/root/ws_sensor_combined/install/px4_msgs:${AMENT_PREFIX_PATH} CMAKE_PREFIX_PATH=/root/ws_sensor_combined/install/px4_ros2_cpp:/root/ws_sensor_combined/install/px4_msgs:/opt/ros/humble LD_LIBRARY_PATH=/root/ws_sensor_combined/install/px4_ros2_cpp/lib:/root/ws_sensor_combined/install/px4_msgs/lib:${LD_LIBRARY_PATH} PYTHONPATH=/root/ws_sensor_combined/install/px4_msgs/local/lib/python3.10/dist-packages:${PYTHONPATH} /usr/bin/cmake --build /root/ws_sensor_combined/build/example_executor_with_multiple_modes_cpp -- -j20 -l20
[3.283s] DEBUG:colcon.colcon_core.event_handler.log_command:Invoking command in '/root/ws_sensor_combined/build/example_global_navigation_cpp': AMENT_PREFIX_PATH=/root/ws_sensor_combined/install/px4_ros2_cpp:/root/ws_sensor_combined/install/px4_msgs:${AMENT_PREFIX_PATH} CMAKE_PREFIX_PATH=/root/ws_sensor_combined/install/px4_ros2_cpp:/root/ws_sensor_combined/install/px4_msgs:/opt/ros/humble LD_LIBRARY_PATH=/root/ws_sensor_combined/install/px4_ros2_cpp/lib:/root/ws_sensor_combined/install/px4_msgs/lib:${LD_LIBRARY_PATH} PYTHONPATH=/root/ws_sensor_combined/install/px4_msgs/local/lib/python3.10/dist-packages:${PYTHONPATH} /usr/bin/cmake --build /root/ws_sensor_combined/build/example_global_navigation_cpp -- -j20 -l20
[3.302s] DEBUG:colcon.colcon_core.event_handler.log_command:Invoking command in '/root/ws_sensor_combined/build/example_mode_goto_cpp': AMENT_PREFIX_PATH=/root/ws_sensor_combined/install/px4_ros2_cpp:/root/ws_sensor_combined/install/px4_msgs:${AMENT_PREFIX_PATH} CMAKE_PREFIX_PATH=/root/ws_sensor_combined/install/px4_ros2_cpp:/root/ws_sensor_combined/install/px4_msgs:/opt/ros/humble LD_LIBRARY_PATH=/root/ws_sensor_combined/install/px4_ros2_cpp/lib:/root/ws_sensor_combined/install/px4_msgs/lib:${LD_LIBRARY_PATH} PYTHONPATH=/root/ws_sensor_combined/install/px4_msgs/local/lib/python3.10/dist-packages:${PYTHONPATH} /usr/bin/cmake --build /root/ws_sensor_combined/build/example_mode_goto_cpp -- -j20 -l20
[3.316s] DEBUG:colcon.colcon_core.event_handler.log_command:Invoking command in '/root/ws_sensor_combined/build/example_mode_vtol_cpp': AMENT_PREFIX_PATH=/root/ws_sensor_combined/install/px4_ros2_cpp:/root/ws_sensor_combined/install/px4_msgs:${AMENT_PREFIX_PATH} CMAKE_PREFIX_PATH=/root/ws_sensor_combined/install/px4_ros2_cpp:/root/ws_sensor_combined/install/px4_msgs:/opt/ros/humble LD_LIBRARY_PATH=/root/ws_sensor_combined/install/px4_ros2_cpp/lib:/root/ws_sensor_combined/install/px4_msgs/lib:${LD_LIBRARY_PATH} PYTHONPATH=/root/ws_sensor_combined/install/px4_msgs/local/lib/python3.10/dist-packages:${PYTHONPATH} /usr/bin/cmake --build /root/ws_sensor_combined/build/example_mode_vtol_cpp -- -j20 -l20
[3.326s] DEBUG:colcon.colcon_core.event_handler.log_command:Invoked command in '/root/ws_sensor_combined/build/example_mode_manual_cpp' returned '0': AMENT_PREFIX_PATH=/root/ws_sensor_combined/install/px4_ros2_cpp:/root/ws_sensor_combined/install/px4_msgs:${AMENT_PREFIX_PATH} CMAKE_PREFIX_PATH=/root/ws_sensor_combined/install/px4_ros2_cpp:/root/ws_sensor_combined/install/px4_msgs:/opt/ros/humble LD_LIBRARY_PATH=/root/ws_sensor_combined/install/px4_ros2_cpp/lib:/root/ws_sensor_combined/install/px4_msgs/lib:${LD_LIBRARY_PATH} PYTHONPATH=/root/ws_sensor_combined/install/px4_msgs/local/lib/python3.10/dist-packages:${PYTHONPATH} /usr/bin/cmake --build /root/ws_sensor_combined/build/example_mode_manual_cpp -- -j20 -l20
[3.330s] DEBUG:colcon.colcon_core.event_handler.log_command:Invoking command in '/root/ws_sensor_combined/build/example_mode_manual_cpp': AMENT_PREFIX_PATH=/root/ws_sensor_combined/install/px4_ros2_cpp:/root/ws_sensor_combined/install/px4_msgs:${AMENT_PREFIX_PATH} CMAKE_PREFIX_PATH=/root/ws_sensor_combined/install/px4_ros2_cpp:/root/ws_sensor_combined/install/px4_msgs:/opt/ros/humble LD_LIBRARY_PATH=/root/ws_sensor_combined/install/px4_ros2_cpp/lib:/root/ws_sensor_combined/install/px4_msgs/lib:${LD_LIBRARY_PATH} PYTHONPATH=/root/ws_sensor_combined/install/px4_msgs/local/lib/python3.10/dist-packages:${PYTHONPATH} /usr/bin/cmake --install /root/ws_sensor_combined/build/example_mode_manual_cpp
[3.334s] DEBUG:colcon.colcon_core.event_handler.log_command:Invoked command in '/root/ws_sensor_combined/build/example_local_navigation_cpp' returned '0': AMENT_PREFIX_PATH=/root/ws_sensor_combined/install/px4_ros2_cpp:/root/ws_sensor_combined/install/px4_msgs:${AMENT_PREFIX_PATH} CMAKE_PREFIX_PATH=/root/ws_sensor_combined/install/px4_ros2_cpp:/root/ws_sensor_combined/install/px4_msgs:/opt/ros/humble LD_LIBRARY_PATH=/root/ws_sensor_combined/install/px4_ros2_cpp/lib:/root/ws_sensor_combined/install/px4_msgs/lib:${LD_LIBRARY_PATH} PYTHONPATH=/root/ws_sensor_combined/install/px4_msgs/local/lib/python3.10/dist-packages:${PYTHONPATH} /usr/bin/cmake --build /root/ws_sensor_combined/build/example_local_navigation_cpp -- -j20 -l20
[3.339s] DEBUG:colcon.colcon_core.event_handler.log_command:Invoking command in '/root/ws_sensor_combined/build/example_local_navigation_cpp': AMENT_PREFIX_PATH=/root/ws_sensor_combined/install/px4_ros2_cpp:/root/ws_sensor_combined/install/px4_msgs:${AMENT_PREFIX_PATH} CMAKE_PREFIX_PATH=/root/ws_sensor_combined/install/px4_ros2_cpp:/root/ws_sensor_combined/install/px4_msgs:/opt/ros/humble LD_LIBRARY_PATH=/root/ws_sensor_combined/install/px4_ros2_cpp/lib:/root/ws_sensor_combined/install/px4_msgs/lib:${LD_LIBRARY_PATH} PYTHONPATH=/root/ws_sensor_combined/install/px4_msgs/local/lib/python3.10/dist-packages:${PYTHONPATH} /usr/bin/cmake --install /root/ws_sensor_combined/build/example_local_navigation_cpp
[3.348s] DEBUG:colcon.colcon_core.event_handler.log_command:Invoked command in '/root/ws_sensor_combined/build/example_mode_goto_global_cpp' returned '0': AMENT_PREFIX_PATH=/root/ws_sensor_combined/install/px4_ros2_cpp:/root/ws_sensor_combined/install/px4_msgs:${AMENT_PREFIX_PATH} CMAKE_PREFIX_PATH=/root/ws_sensor_combined/install/px4_ros2_cpp:/root/ws_sensor_combined/install/px4_msgs:/opt/ros/humble LD_LIBRARY_PATH=/root/ws_sensor_combined/install/px4_ros2_cpp/lib:/root/ws_sensor_combined/install/px4_msgs/lib:${LD_LIBRARY_PATH} PYTHONPATH=/root/ws_sensor_combined/install/px4_msgs/local/lib/python3.10/dist-packages:${PYTHONPATH} /usr/bin/cmake --build /root/ws_sensor_combined/build/example_mode_goto_global_cpp -- -j20 -l20
[3.349s] DEBUG:colcon.colcon_core.event_handler.log_command:Invoking command in '/root/ws_sensor_combined/build/example_mode_goto_global_cpp': AMENT_PREFIX_PATH=/root/ws_sensor_combined/install/px4_ros2_cpp:/root/ws_sensor_combined/install/px4_msgs:${AMENT_PREFIX_PATH} CMAKE_PREFIX_PATH=/root/ws_sensor_combined/install/px4_ros2_cpp:/root/ws_sensor_combined/install/px4_msgs:/opt/ros/humble LD_LIBRARY_PATH=/root/ws_sensor_combined/install/px4_ros2_cpp/lib:/root/ws_sensor_combined/install/px4_msgs/lib:${LD_LIBRARY_PATH} PYTHONPATH=/root/ws_sensor_combined/install/px4_msgs/local/lib/python3.10/dist-packages:${PYTHONPATH} /usr/bin/cmake --install /root/ws_sensor_combined/build/example_mode_goto_global_cpp
[3.353s] DEBUG:colcon.colcon_core.event_handler.log_command:Invoked command in '/root/ws_sensor_combined/build/example_mode_rtl_replacement_cpp' returned '0': AMENT_PREFIX_PATH=/root/ws_sensor_combined/install/px4_ros2_cpp:/root/ws_sensor_combined/install/px4_msgs:${AMENT_PREFIX_PATH} CMAKE_PREFIX_PATH=/root/ws_sensor_combined/install/px4_ros2_cpp:/root/ws_sensor_combined/install/px4_msgs:/opt/ros/humble LD_LIBRARY_PATH=/root/ws_sensor_combined/install/px4_ros2_cpp/lib:/root/ws_sensor_combined/install/px4_msgs/lib:${LD_LIBRARY_PATH} PYTHONPATH=/root/ws_sensor_combined/install/px4_msgs/local/lib/python3.10/dist-packages:${PYTHONPATH} /usr/bin/cmake --build /root/ws_sensor_combined/build/example_mode_rtl_replacement_cpp -- -j20 -l20
[3.356s] DEBUG:colcon.colcon_core.event_handler.log_command:Invoking command in '/root/ws_sensor_combined/build/example_mode_rtl_replacement_cpp': AMENT_PREFIX_PATH=/root/ws_sensor_combined/install/px4_ros2_cpp:/root/ws_sensor_combined/install/px4_msgs:${AMENT_PREFIX_PATH} CMAKE_PREFIX_PATH=/root/ws_sensor_combined/install/px4_ros2_cpp:/root/ws_sensor_combined/install/px4_msgs:/opt/ros/humble LD_LIBRARY_PATH=/root/ws_sensor_combined/install/px4_ros2_cpp/lib:/root/ws_sensor_combined/install/px4_msgs/lib:${LD_LIBRARY_PATH} PYTHONPATH=/root/ws_sensor_combined/install/px4_msgs/local/lib/python3.10/dist-packages:${PYTHONPATH} /usr/bin/cmake --install /root/ws_sensor_combined/build/example_mode_rtl_replacement_cpp
[3.359s] Level 1:colcon.colcon_core.environment:create_environment_scripts_only(example_mode_manual_cpp)
[3.360s] Level 1:colcon.colcon_core.environment:checking '/root/ws_sensor_combined/install/example_mode_manual_cpp' for CMake module files
[3.361s] DEBUG:colcon.colcon_core.event_handler.log_command:Invoking command in '/root/ws_sensor_combined/build/example_mode_with_executor_cpp': AMENT_PREFIX_PATH=/root/ws_sensor_combined/install/px4_ros2_cpp:/root/ws_sensor_combined/install/px4_msgs:${AMENT_PREFIX_PATH} CMAKE_PREFIX_PATH=/root/ws_sensor_combined/install/px4_ros2_cpp:/root/ws_sensor_combined/install/px4_msgs:/opt/ros/humble LD_LIBRARY_PATH=/root/ws_sensor_combined/install/px4_ros2_cpp/lib:/root/ws_sensor_combined/install/px4_msgs/lib:${LD_LIBRARY_PATH} PYTHONPATH=/root/ws_sensor_combined/install/px4_msgs/local/lib/python3.10/dist-packages:${PYTHONPATH} /usr/bin/cmake --build /root/ws_sensor_combined/build/example_mode_with_executor_cpp -- -j20 -l20
[3.361s] DEBUG:colcon.colcon_core.event_handler.log_command:Invoked command in '/root/ws_sensor_combined/build/example_mode_manual_cpp' returned '0': AMENT_PREFIX_PATH=/root/ws_sensor_combined/install/px4_ros2_cpp:/root/ws_sensor_combined/install/px4_msgs:${AMENT_PREFIX_PATH} CMAKE_PREFIX_PATH=/root/ws_sensor_combined/install/px4_ros2_cpp:/root/ws_sensor_combined/install/px4_msgs:/opt/ros/humble LD_LIBRARY_PATH=/root/ws_sensor_combined/install/px4_ros2_cpp/lib:/root/ws_sensor_combined/install/px4_msgs/lib:${LD_LIBRARY_PATH} PYTHONPATH=/root/ws_sensor_combined/install/px4_msgs/local/lib/python3.10/dist-packages:${PYTHONPATH} /usr/bin/cmake --install /root/ws_sensor_combined/build/example_mode_manual_cpp
[3.361s] Level 1:colcon.colcon_core.environment:checking '/root/ws_sensor_combined/install/example_mode_manual_cpp' for CMake config files
[3.362s] Level 1:colcon.colcon_core.shell:create_environment_hook('example_mode_manual_cpp', 'cmake_prefix_path')
[3.362s] INFO:colcon.colcon_core.shell:Creating environment hook '/root/ws_sensor_combined/install/example_mode_manual_cpp/share/example_mode_manual_cpp/hook/cmake_prefix_path.ps1'
[3.363s] INFO:colcon.colcon_core.shell:Creating environment descriptor '/root/ws_sensor_combined/install/example_mode_manual_cpp/share/example_mode_manual_cpp/hook/cmake_prefix_path.dsv'
[3.363s] INFO:colcon.colcon_core.shell:Creating environment hook '/root/ws_sensor_combined/install/example_mode_manual_cpp/share/example_mode_manual_cpp/hook/cmake_prefix_path.sh'
[3.363s] Level 1:colcon.colcon_core.environment:checking '/root/ws_sensor_combined/install/example_mode_manual_cpp/lib'
[3.363s] Level 1:colcon.colcon_core.environment:checking '/root/ws_sensor_combined/install/example_mode_manual_cpp/bin'
[3.363s] Level 1:colcon.colcon_core.environment:checking '/root/ws_sensor_combined/install/example_mode_manual_cpp/lib/pkgconfig/example_mode_manual_cpp.pc'
[3.364s] Level 1:colcon.colcon_core.environment:checking '/root/ws_sensor_combined/install/example_mode_manual_cpp/lib/python3.10/site-packages'
[3.364s] Level 1:colcon.colcon_core.environment:checking '/root/ws_sensor_combined/install/example_mode_manual_cpp/bin'
[3.364s] INFO:colcon.colcon_core.shell:Creating package script '/root/ws_sensor_combined/install/example_mode_manual_cpp/share/example_mode_manual_cpp/package.ps1'
[3.364s] INFO:colcon.colcon_core.shell:Creating package descriptor '/root/ws_sensor_combined/install/example_mode_manual_cpp/share/example_mode_manual_cpp/package.dsv'
[3.365s] INFO:colcon.colcon_core.shell:Creating package script '/root/ws_sensor_combined/install/example_mode_manual_cpp/share/example_mode_manual_cpp/package.sh'
[3.365s] INFO:colcon.colcon_core.shell:Creating package script '/root/ws_sensor_combined/install/example_mode_manual_cpp/share/example_mode_manual_cpp/package.bash'
[3.365s] INFO:colcon.colcon_core.shell:Creating package script '/root/ws_sensor_combined/install/example_mode_manual_cpp/share/example_mode_manual_cpp/package.zsh'
[3.365s] Level 1:colcon.colcon_core.environment:create_file_with_runtime_dependencies(/root/ws_sensor_combined/install/example_mode_manual_cpp/share/colcon-core/packages/example_mode_manual_cpp)
[3.366s] Level 1:colcon.colcon_core.environment:create_environment_scripts_only(example_mode_manual_cpp)
[3.366s] Level 1:colcon.colcon_core.environment:checking '/root/ws_sensor_combined/install/example_mode_manual_cpp' for CMake module files
[3.366s] Level 1:colcon.colcon_core.environment:checking '/root/ws_sensor_combined/install/example_mode_manual_cpp' for CMake config files
[3.366s] Level 1:colcon.colcon_core.shell:create_environment_hook('example_mode_manual_cpp', 'cmake_prefix_path')
[3.366s] INFO:colcon.colcon_core.shell:Creating environment hook '/root/ws_sensor_combined/install/example_mode_manual_cpp/share/example_mode_manual_cpp/hook/cmake_prefix_path.ps1'
[3.366s] INFO:colcon.colcon_core.shell:Creating environment descriptor '/root/ws_sensor_combined/install/example_mode_manual_cpp/share/example_mode_manual_cpp/hook/cmake_prefix_path.dsv'
[3.367s] INFO:colcon.colcon_core.shell:Creating environment hook '/root/ws_sensor_combined/install/example_mode_manual_cpp/share/example_mode_manual_cpp/hook/cmake_prefix_path.sh'
[3.367s] Level 1:colcon.colcon_core.environment:checking '/root/ws_sensor_combined/install/example_mode_manual_cpp/lib'
[3.367s] Level 1:colcon.colcon_core.environment:checking '/root/ws_sensor_combined/install/example_mode_manual_cpp/bin'
[3.367s] Level 1:colcon.colcon_core.environment:checking '/root/ws_sensor_combined/install/example_mode_manual_cpp/lib/pkgconfig/example_mode_manual_cpp.pc'
[3.367s] Level 1:colcon.colcon_core.environment:checking '/root/ws_sensor_combined/install/example_mode_manual_cpp/lib/python3.10/site-packages'
[3.367s] Level 1:colcon.colcon_core.environment:checking '/root/ws_sensor_combined/install/example_mode_manual_cpp/bin'
[3.368s] INFO:colcon.colcon_core.shell:Creating package script '/root/ws_sensor_combined/install/example_mode_manual_cpp/share/example_mode_manual_cpp/package.ps1'
[3.368s] INFO:colcon.colcon_core.shell:Creating package descriptor '/root/ws_sensor_combined/install/example_mode_manual_cpp/share/example_mode_manual_cpp/package.dsv'
[3.369s] INFO:colcon.colcon_core.shell:Creating package script '/root/ws_sensor_combined/install/example_mode_manual_cpp/share/example_mode_manual_cpp/package.sh'
[3.369s] INFO:colcon.colcon_core.shell:Creating package script '/root/ws_sensor_combined/install/example_mode_manual_cpp/share/example_mode_manual_cpp/package.bash'
[3.369s] INFO:colcon.colcon_core.shell:Creating package script '/root/ws_sensor_combined/install/example_mode_manual_cpp/share/example_mode_manual_cpp/package.zsh'
[3.369s] Level 1:colcon.colcon_core.environment:create_file_with_runtime_dependencies(/root/ws_sensor_combined/install/example_mode_manual_cpp/share/colcon-core/packages/example_mode_manual_cpp)
[3.377s] DEBUG:colcon.colcon_core.event_handler.log_command:Invoked command in '/root/ws_sensor_combined/build/example_mode_fw_attitude_cpp' returned '0': AMENT_PREFIX_PATH=/root/ws_sensor_combined/install/px4_ros2_cpp:/root/ws_sensor_combined/install/px4_msgs:${AMENT_PREFIX_PATH} CMAKE_PREFIX_PATH=/root/ws_sensor_combined/install/px4_ros2_cpp:/root/ws_sensor_combined/install/px4_msgs:/opt/ros/humble LD_LIBRARY_PATH=/root/ws_sensor_combined/install/px4_ros2_cpp/lib:/root/ws_sensor_combined/install/px4_msgs/lib:${LD_LIBRARY_PATH} PYTHONPATH=/root/ws_sensor_combined/install/px4_msgs/local/lib/python3.10/dist-packages:${PYTHONPATH} /usr/bin/cmake --build /root/ws_sensor_combined/build/example_mode_fw_attitude_cpp -- -j20 -l20
[3.377s] DEBUG:colcon.colcon_core.event_handler.log_command:Invoking command in '/root/ws_sensor_combined/build/example_mode_fw_attitude_cpp': AMENT_PREFIX_PATH=/root/ws_sensor_combined/install/px4_ros2_cpp:/root/ws_sensor_combined/install/px4_msgs:${AMENT_PREFIX_PATH} CMAKE_PREFIX_PATH=/root/ws_sensor_combined/install/px4_ros2_cpp:/root/ws_sensor_combined/install/px4_msgs:/opt/ros/humble LD_LIBRARY_PATH=/root/ws_sensor_combined/install/px4_ros2_cpp/lib:/root/ws_sensor_combined/install/px4_msgs/lib:${LD_LIBRARY_PATH} PYTHONPATH=/root/ws_sensor_combined/install/px4_msgs/local/lib/python3.10/dist-packages:${PYTHONPATH} /usr/bin/cmake --install /root/ws_sensor_combined/build/example_mode_fw_attitude_cpp
[3.377s] DEBUG:colcon.colcon_core.event_handler.log_command:Invoked command in '/root/ws_sensor_combined/build/example_executor_with_multiple_modes_cpp' returned '0': AMENT_PREFIX_PATH=/root/ws_sensor_combined/install/px4_ros2_cpp:/root/ws_sensor_combined/install/px4_msgs:${AMENT_PREFIX_PATH} CMAKE_PREFIX_PATH=/root/ws_sensor_combined/install/px4_ros2_cpp:/root/ws_sensor_combined/install/px4_msgs:/opt/ros/humble LD_LIBRARY_PATH=/root/ws_sensor_combined/install/px4_ros2_cpp/lib:/root/ws_sensor_combined/install/px4_msgs/lib:${LD_LIBRARY_PATH} PYTHONPATH=/root/ws_sensor_combined/install/px4_msgs/local/lib/python3.10/dist-packages:${PYTHONPATH} /usr/bin/cmake --build /root/ws_sensor_combined/build/example_executor_with_multiple_modes_cpp -- -j20 -l20
[3.379s] DEBUG:colcon.colcon_core.event_handler.log_command:Invoking command in '/root/ws_sensor_combined/build/example_executor_with_multiple_modes_cpp': AMENT_PREFIX_PATH=/root/ws_sensor_combined/install/px4_ros2_cpp:/root/ws_sensor_combined/install/px4_msgs:${AMENT_PREFIX_PATH} CMAKE_PREFIX_PATH=/root/ws_sensor_combined/install/px4_ros2_cpp:/root/ws_sensor_combined/install/px4_msgs:/opt/ros/humble LD_LIBRARY_PATH=/root/ws_sensor_combined/install/px4_ros2_cpp/lib:/root/ws_sensor_combined/install/px4_msgs/lib:${LD_LIBRARY_PATH} PYTHONPATH=/root/ws_sensor_combined/install/px4_msgs/local/lib/python3.10/dist-packages:${PYTHONPATH} /usr/bin/cmake --install /root/ws_sensor_combined/build/example_executor_with_multiple_modes_cpp
[3.379s] Level 1:colcon.colcon_core.environment:create_environment_scripts_only(example_mode_goto_global_cpp)
[3.379s] Level 1:colcon.colcon_core.environment:checking '/root/ws_sensor_combined/install/example_mode_goto_global_cpp' for CMake module files
[3.380s] DEBUG:colcon.colcon_core.event_handler.log_command:Invoked command in '/root/ws_sensor_combined/build/example_mode_goto_global_cpp' returned '0': AMENT_PREFIX_PATH=/root/ws_sensor_combined/install/px4_ros2_cpp:/root/ws_sensor_combined/install/px4_msgs:${AMENT_PREFIX_PATH} CMAKE_PREFIX_PATH=/root/ws_sensor_combined/install/px4_ros2_cpp:/root/ws_sensor_combined/install/px4_msgs:/opt/ros/humble LD_LIBRARY_PATH=/root/ws_sensor_combined/install/px4_ros2_cpp/lib:/root/ws_sensor_combined/install/px4_msgs/lib:${LD_LIBRARY_PATH} PYTHONPATH=/root/ws_sensor_combined/install/px4_msgs/local/lib/python3.10/dist-packages:${PYTHONPATH} /usr/bin/cmake --install /root/ws_sensor_combined/build/example_mode_goto_global_cpp
[3.380s] Level 1:colcon.colcon_core.environment:checking '/root/ws_sensor_combined/install/example_mode_goto_global_cpp' for CMake config files
[3.380s] Level 1:colcon.colcon_core.shell:create_environment_hook('example_mode_goto_global_cpp', 'cmake_prefix_path')
[3.380s] INFO:colcon.colcon_core.shell:Creating environment hook '/root/ws_sensor_combined/install/example_mode_goto_global_cpp/share/example_mode_goto_global_cpp/hook/cmake_prefix_path.ps1'
[3.381s] INFO:colcon.colcon_core.shell:Creating environment descriptor '/root/ws_sensor_combined/install/example_mode_goto_global_cpp/share/example_mode_goto_global_cpp/hook/cmake_prefix_path.dsv'
[3.381s] INFO:colcon.colcon_core.shell:Creating environment hook '/root/ws_sensor_combined/install/example_mode_goto_global_cpp/share/example_mode_goto_global_cpp/hook/cmake_prefix_path.sh'
[3.382s] Level 1:colcon.colcon_core.environment:checking '/root/ws_sensor_combined/install/example_mode_goto_global_cpp/lib'
[3.382s] Level 1:colcon.colcon_core.environment:checking '/root/ws_sensor_combined/install/example_mode_goto_global_cpp/bin'
[3.382s] Level 1:colcon.colcon_core.environment:checking '/root/ws_sensor_combined/install/example_mode_goto_global_cpp/lib/pkgconfig/example_mode_goto_global_cpp.pc'
[3.382s] Level 1:colcon.colcon_core.environment:checking '/root/ws_sensor_combined/install/example_mode_goto_global_cpp/lib/python3.10/site-packages'
[3.382s] Level 1:colcon.colcon_core.environment:checking '/root/ws_sensor_combined/install/example_mode_goto_global_cpp/bin'
[3.382s] INFO:colcon.colcon_core.shell:Creating package script '/root/ws_sensor_combined/install/example_mode_goto_global_cpp/share/example_mode_goto_global_cpp/package.ps1'
[3.383s] INFO:colcon.colcon_core.shell:Creating package descriptor '/root/ws_sensor_combined/install/example_mode_goto_global_cpp/share/example_mode_goto_global_cpp/package.dsv'
[3.383s] INFO:colcon.colcon_core.shell:Creating package script '/root/ws_sensor_combined/install/example_mode_goto_global_cpp/share/example_mode_goto_global_cpp/package.sh'
[3.383s] INFO:colcon.colcon_core.shell:Creating package script '/root/ws_sensor_combined/install/example_mode_goto_global_cpp/share/example_mode_goto_global_cpp/package.bash'
[3.384s] INFO:colcon.colcon_core.shell:Creating package script '/root/ws_sensor_combined/install/example_mode_goto_global_cpp/share/example_mode_goto_global_cpp/package.zsh'
[3.384s] Level 1:colcon.colcon_core.environment:create_file_with_runtime_dependencies(/root/ws_sensor_combined/install/example_mode_goto_global_cpp/share/colcon-core/packages/example_mode_goto_global_cpp)
[3.385s] Level 1:colcon.colcon_core.environment:create_environment_scripts_only(example_mode_goto_global_cpp)
[3.385s] Level 1:colcon.colcon_core.environment:checking '/root/ws_sensor_combined/install/example_mode_goto_global_cpp' for CMake module files
[3.385s] Level 1:colcon.colcon_core.environment:checking '/root/ws_sensor_combined/install/example_mode_goto_global_cpp' for CMake config files
[3.385s] Level 1:colcon.colcon_core.shell:create_environment_hook('example_mode_goto_global_cpp', 'cmake_prefix_path')
[3.385s] INFO:colcon.colcon_core.shell:Creating environment hook '/root/ws_sensor_combined/install/example_mode_goto_global_cpp/share/example_mode_goto_global_cpp/hook/cmake_prefix_path.ps1'
[3.386s] INFO:colcon.colcon_core.shell:Creating environment descriptor '/root/ws_sensor_combined/install/example_mode_goto_global_cpp/share/example_mode_goto_global_cpp/hook/cmake_prefix_path.dsv'
[3.386s] INFO:colcon.colcon_core.shell:Creating environment hook '/root/ws_sensor_combined/install/example_mode_goto_global_cpp/share/example_mode_goto_global_cpp/hook/cmake_prefix_path.sh'
[3.386s] Level 1:colcon.colcon_core.environment:checking '/root/ws_sensor_combined/install/example_mode_goto_global_cpp/lib'
[3.386s] Level 1:colcon.colcon_core.environment:checking '/root/ws_sensor_combined/install/example_mode_goto_global_cpp/bin'
[3.386s] Level 1:colcon.colcon_core.environment:checking '/root/ws_sensor_combined/install/example_mode_goto_global_cpp/lib/pkgconfig/example_mode_goto_global_cpp.pc'
[3.387s] Level 1:colcon.colcon_core.environment:checking '/root/ws_sensor_combined/install/example_mode_goto_global_cpp/lib/python3.10/site-packages'
[3.387s] Level 1:colcon.colcon_core.environment:checking '/root/ws_sensor_combined/install/example_mode_goto_global_cpp/bin'
[3.387s] INFO:colcon.colcon_core.shell:Creating package script '/root/ws_sensor_combined/install/example_mode_goto_global_cpp/share/example_mode_goto_global_cpp/package.ps1'
[3.387s] INFO:colcon.colcon_core.shell:Creating package descriptor '/root/ws_sensor_combined/install/example_mode_goto_global_cpp/share/example_mode_goto_global_cpp/package.dsv'
[3.388s] INFO:colcon.colcon_core.shell:Creating package script '/root/ws_sensor_combined/install/example_mode_goto_global_cpp/share/example_mode_goto_global_cpp/package.sh'
[3.388s] INFO:colcon.colcon_core.shell:Creating package script '/root/ws_sensor_combined/install/example_mode_goto_global_cpp/share/example_mode_goto_global_cpp/package.bash'
[3.388s] INFO:colcon.colcon_core.shell:Creating package script '/root/ws_sensor_combined/install/example_mode_goto_global_cpp/share/example_mode_goto_global_cpp/package.zsh'
[3.388s] Level 1:colcon.colcon_core.environment:create_file_with_runtime_dependencies(/root/ws_sensor_combined/install/example_mode_goto_global_cpp/share/colcon-core/packages/example_mode_goto_global_cpp)
[3.389s] Level 1:colcon.colcon_core.environment:create_environment_scripts_only(example_local_navigation_cpp)
[3.389s] Level 1:colcon.colcon_core.environment:checking '/root/ws_sensor_combined/install/example_local_navigation_cpp' for CMake module files
[3.391s] DEBUG:colcon.colcon_core.event_handler.log_command:Invoked command in '/root/ws_sensor_combined/build/example_local_navigation_cpp' returned '0': AMENT_PREFIX_PATH=/root/ws_sensor_combined/install/px4_ros2_cpp:/root/ws_sensor_combined/install/px4_msgs:${AMENT_PREFIX_PATH} CMAKE_PREFIX_PATH=/root/ws_sensor_combined/install/px4_ros2_cpp:/root/ws_sensor_combined/install/px4_msgs:/opt/ros/humble LD_LIBRARY_PATH=/root/ws_sensor_combined/install/px4_ros2_cpp/lib:/root/ws_sensor_combined/install/px4_msgs/lib:${LD_LIBRARY_PATH} PYTHONPATH=/root/ws_sensor_combined/install/px4_msgs/local/lib/python3.10/dist-packages:${PYTHONPATH} /usr/bin/cmake --install /root/ws_sensor_combined/build/example_local_navigation_cpp
[3.391s] Level 1:colcon.colcon_core.environment:checking '/root/ws_sensor_combined/install/example_local_navigation_cpp' for CMake config files
[3.391s] Level 1:colcon.colcon_core.shell:create_environment_hook('example_local_navigation_cpp', 'cmake_prefix_path')
[3.391s] INFO:colcon.colcon_core.shell:Creating environment hook '/root/ws_sensor_combined/install/example_local_navigation_cpp/share/example_local_navigation_cpp/hook/cmake_prefix_path.ps1'
[3.392s] INFO:colcon.colcon_core.shell:Creating environment descriptor '/root/ws_sensor_combined/install/example_local_navigation_cpp/share/example_local_navigation_cpp/hook/cmake_prefix_path.dsv'
[3.392s] INFO:colcon.colcon_core.shell:Creating environment hook '/root/ws_sensor_combined/install/example_local_navigation_cpp/share/example_local_navigation_cpp/hook/cmake_prefix_path.sh'
[3.393s] Level 1:colcon.colcon_core.environment:checking '/root/ws_sensor_combined/install/example_local_navigation_cpp/lib'
[3.393s] Level 1:colcon.colcon_core.environment:checking '/root/ws_sensor_combined/install/example_local_navigation_cpp/bin'
[3.393s] Level 1:colcon.colcon_core.environment:checking '/root/ws_sensor_combined/install/example_local_navigation_cpp/lib/pkgconfig/example_local_navigation_cpp.pc'
[3.393s] Level 1:colcon.colcon_core.environment:checking '/root/ws_sensor_combined/install/example_local_navigation_cpp/lib/python3.10/site-packages'
[3.393s] Level 1:colcon.colcon_core.environment:checking '/root/ws_sensor_combined/install/example_local_navigation_cpp/bin'
[3.394s] INFO:colcon.colcon_core.shell:Creating package script '/root/ws_sensor_combined/install/example_local_navigation_cpp/share/example_local_navigation_cpp/package.ps1'
[3.394s] INFO:colcon.colcon_core.shell:Creating package descriptor '/root/ws_sensor_combined/install/example_local_navigation_cpp/share/example_local_navigation_cpp/package.dsv'
[3.394s] INFO:colcon.colcon_core.shell:Creating package script '/root/ws_sensor_combined/install/example_local_navigation_cpp/share/example_local_navigation_cpp/package.sh'
[3.395s] INFO:colcon.colcon_core.shell:Creating package script '/root/ws_sensor_combined/install/example_local_navigation_cpp/share/example_local_navigation_cpp/package.bash'
[3.395s] INFO:colcon.colcon_core.shell:Creating package script '/root/ws_sensor_combined/install/example_local_navigation_cpp/share/example_local_navigation_cpp/package.zsh'
[3.395s] Level 1:colcon.colcon_core.environment:create_file_with_runtime_dependencies(/root/ws_sensor_combined/install/example_local_navigation_cpp/share/colcon-core/packages/example_local_navigation_cpp)
[3.396s] Level 1:colcon.colcon_core.environment:create_environment_scripts_only(example_local_navigation_cpp)
[3.396s] Level 1:colcon.colcon_core.environment:checking '/root/ws_sensor_combined/install/example_local_navigation_cpp' for CMake module files
[3.396s] Level 1:colcon.colcon_core.environment:checking '/root/ws_sensor_combined/install/example_local_navigation_cpp' for CMake config files
[3.396s] Level 1:colcon.colcon_core.shell:create_environment_hook('example_local_navigation_cpp', 'cmake_prefix_path')
[3.396s] INFO:colcon.colcon_core.shell:Creating environment hook '/root/ws_sensor_combined/install/example_local_navigation_cpp/share/example_local_navigation_cpp/hook/cmake_prefix_path.ps1'
[3.397s] INFO:colcon.colcon_core.shell:Creating environment descriptor '/root/ws_sensor_combined/install/example_local_navigation_cpp/share/example_local_navigation_cpp/hook/cmake_prefix_path.dsv'
[3.397s] INFO:colcon.colcon_core.shell:Creating environment hook '/root/ws_sensor_combined/install/example_local_navigation_cpp/share/example_local_navigation_cpp/hook/cmake_prefix_path.sh'
[3.397s] Level 1:colcon.colcon_core.environment:checking '/root/ws_sensor_combined/install/example_local_navigation_cpp/lib'
[3.398s] Level 1:colcon.colcon_core.environment:checking '/root/ws_sensor_combined/install/example_local_navigation_cpp/bin'
[3.398s] Level 1:colcon.colcon_core.environment:checking '/root/ws_sensor_combined/install/example_local_navigation_cpp/lib/pkgconfig/example_local_navigation_cpp.pc'
[3.398s] Level 1:colcon.colcon_core.environment:checking '/root/ws_sensor_combined/install/example_local_navigation_cpp/lib/python3.10/site-packages'
[3.398s] Level 1:colcon.colcon_core.environment:checking '/root/ws_sensor_combined/install/example_local_navigation_cpp/bin'
[3.398s] INFO:colcon.colcon_core.shell:Creating package script '/root/ws_sensor_combined/install/example_local_navigation_cpp/share/example_local_navigation_cpp/package.ps1'
[3.398s] INFO:colcon.colcon_core.shell:Creating package descriptor '/root/ws_sensor_combined/install/example_local_navigation_cpp/share/example_local_navigation_cpp/package.dsv'
[3.399s] INFO:colcon.colcon_core.shell:Creating package script '/root/ws_sensor_combined/install/example_local_navigation_cpp/share/example_local_navigation_cpp/package.sh'
[3.399s] INFO:colcon.colcon_core.shell:Creating package script '/root/ws_sensor_combined/install/example_local_navigation_cpp/share/example_local_navigation_cpp/package.bash'
[3.399s] INFO:colcon.colcon_core.shell:Creating package script '/root/ws_sensor_combined/install/example_local_navigation_cpp/share/example_local_navigation_cpp/package.zsh'
[3.399s] Level 1:colcon.colcon_core.environment:create_file_with_runtime_dependencies(/root/ws_sensor_combined/install/example_local_navigation_cpp/share/colcon-core/packages/example_local_navigation_cpp)
[3.403s] DEBUG:colcon.colcon_core.event_handler.log_command:Invoked command in '/root/ws_sensor_combined/build/example_global_navigation_cpp' returned '0': AMENT_PREFIX_PATH=/root/ws_sensor_combined/install/px4_ros2_cpp:/root/ws_sensor_combined/install/px4_msgs:${AMENT_PREFIX_PATH} CMAKE_PREFIX_PATH=/root/ws_sensor_combined/install/px4_ros2_cpp:/root/ws_sensor_combined/install/px4_msgs:/opt/ros/humble LD_LIBRARY_PATH=/root/ws_sensor_combined/install/px4_ros2_cpp/lib:/root/ws_sensor_combined/install/px4_msgs/lib:${LD_LIBRARY_PATH} PYTHONPATH=/root/ws_sensor_combined/install/px4_msgs/local/lib/python3.10/dist-packages:${PYTHONPATH} /usr/bin/cmake --build /root/ws_sensor_combined/build/example_global_navigation_cpp -- -j20 -l20
[3.406s] DEBUG:colcon.colcon_core.event_handler.log_command:Invoking command in '/root/ws_sensor_combined/build/example_global_navigation_cpp': AMENT_PREFIX_PATH=/root/ws_sensor_combined/install/px4_ros2_cpp:/root/ws_sensor_combined/install/px4_msgs:${AMENT_PREFIX_PATH} CMAKE_PREFIX_PATH=/root/ws_sensor_combined/install/px4_ros2_cpp:/root/ws_sensor_combined/install/px4_msgs:/opt/ros/humble LD_LIBRARY_PATH=/root/ws_sensor_combined/install/px4_ros2_cpp/lib:/root/ws_sensor_combined/install/px4_msgs/lib:${LD_LIBRARY_PATH} PYTHONPATH=/root/ws_sensor_combined/install/px4_msgs/local/lib/python3.10/dist-packages:${PYTHONPATH} /usr/bin/cmake --install /root/ws_sensor_combined/build/example_global_navigation_cpp
[3.406s] DEBUG:colcon.colcon_core.event_handler.log_command:Invoked command in '/root/ws_sensor_combined/build/example_mode_goto_cpp' returned '0': AMENT_PREFIX_PATH=/root/ws_sensor_combined/install/px4_ros2_cpp:/root/ws_sensor_combined/install/px4_msgs:${AMENT_PREFIX_PATH} CMAKE_PREFIX_PATH=/root/ws_sensor_combined/install/px4_ros2_cpp:/root/ws_sensor_combined/install/px4_msgs:/opt/ros/humble LD_LIBRARY_PATH=/root/ws_sensor_combined/install/px4_ros2_cpp/lib:/root/ws_sensor_combined/install/px4_msgs/lib:${LD_LIBRARY_PATH} PYTHONPATH=/root/ws_sensor_combined/install/px4_msgs/local/lib/python3.10/dist-packages:${PYTHONPATH} /usr/bin/cmake --build /root/ws_sensor_combined/build/example_mode_goto_cpp -- -j20 -l20
[3.408s] Level 1:colcon.colcon_core.environment:create_environment_scripts_only(example_mode_rtl_replacement_cpp)
[3.408s] DEBUG:colcon.colcon_core.event_handler.log_command:Invoking command in '/root/ws_sensor_combined/build/example_mode_goto_cpp': AMENT_PREFIX_PATH=/root/ws_sensor_combined/install/px4_ros2_cpp:/root/ws_sensor_combined/install/px4_msgs:${AMENT_PREFIX_PATH} CMAKE_PREFIX_PATH=/root/ws_sensor_combined/install/px4_ros2_cpp:/root/ws_sensor_combined/install/px4_msgs:/opt/ros/humble LD_LIBRARY_PATH=/root/ws_sensor_combined/install/px4_ros2_cpp/lib:/root/ws_sensor_combined/install/px4_msgs/lib:${LD_LIBRARY_PATH} PYTHONPATH=/root/ws_sensor_combined/install/px4_msgs/local/lib/python3.10/dist-packages:${PYTHONPATH} /usr/bin/cmake --install /root/ws_sensor_combined/build/example_mode_goto_cpp
[3.409s] Level 1:colcon.colcon_core.environment:checking '/root/ws_sensor_combined/install/example_mode_rtl_replacement_cpp' for CMake module files
[3.410s] DEBUG:colcon.colcon_core.event_handler.log_command:Invoked command in '/root/ws_sensor_combined/build/example_mode_rtl_replacement_cpp' returned '0': AMENT_PREFIX_PATH=/root/ws_sensor_combined/install/px4_ros2_cpp:/root/ws_sensor_combined/install/px4_msgs:${AMENT_PREFIX_PATH} CMAKE_PREFIX_PATH=/root/ws_sensor_combined/install/px4_ros2_cpp:/root/ws_sensor_combined/install/px4_msgs:/opt/ros/humble LD_LIBRARY_PATH=/root/ws_sensor_combined/install/px4_ros2_cpp/lib:/root/ws_sensor_combined/install/px4_msgs/lib:${LD_LIBRARY_PATH} PYTHONPATH=/root/ws_sensor_combined/install/px4_msgs/local/lib/python3.10/dist-packages:${PYTHONPATH} /usr/bin/cmake --install /root/ws_sensor_combined/build/example_mode_rtl_replacement_cpp
[3.413s] Level 1:colcon.colcon_core.environment:checking '/root/ws_sensor_combined/install/example_mode_rtl_replacement_cpp' for CMake config files
[3.413s] Level 1:colcon.colcon_core.shell:create_environment_hook('example_mode_rtl_replacement_cpp', 'cmake_prefix_path')
[3.414s] INFO:colcon.colcon_core.shell:Creating environment hook '/root/ws_sensor_combined/install/example_mode_rtl_replacement_cpp/share/example_mode_rtl_replacement_cpp/hook/cmake_prefix_path.ps1'
[3.414s] INFO:colcon.colcon_core.shell:Creating environment descriptor '/root/ws_sensor_combined/install/example_mode_rtl_replacement_cpp/share/example_mode_rtl_replacement_cpp/hook/cmake_prefix_path.dsv'
[3.414s] INFO:colcon.colcon_core.shell:Creating environment hook '/root/ws_sensor_combined/install/example_mode_rtl_replacement_cpp/share/example_mode_rtl_replacement_cpp/hook/cmake_prefix_path.sh'
[3.415s] Level 1:colcon.colcon_core.environment:checking '/root/ws_sensor_combined/install/example_mode_rtl_replacement_cpp/lib'
[3.415s] Level 1:colcon.colcon_core.environment:checking '/root/ws_sensor_combined/install/example_mode_rtl_replacement_cpp/bin'
[3.415s] Level 1:colcon.colcon_core.environment:checking '/root/ws_sensor_combined/install/example_mode_rtl_replacement_cpp/lib/pkgconfig/example_mode_rtl_replacement_cpp.pc'
[3.416s] Level 1:colcon.colcon_core.environment:checking '/root/ws_sensor_combined/install/example_mode_rtl_replacement_cpp/lib/python3.10/site-packages'
[3.416s] Level 1:colcon.colcon_core.environment:checking '/root/ws_sensor_combined/install/example_mode_rtl_replacement_cpp/bin'
[3.416s] INFO:colcon.colcon_core.shell:Creating package script '/root/ws_sensor_combined/install/example_mode_rtl_replacement_cpp/share/example_mode_rtl_replacement_cpp/package.ps1'
[3.416s] INFO:colcon.colcon_core.shell:Creating package descriptor '/root/ws_sensor_combined/install/example_mode_rtl_replacement_cpp/share/example_mode_rtl_replacement_cpp/package.dsv'
[3.416s] INFO:colcon.colcon_core.shell:Creating package script '/root/ws_sensor_combined/install/example_mode_rtl_replacement_cpp/share/example_mode_rtl_replacement_cpp/package.sh'
[3.417s] INFO:colcon.colcon_core.shell:Creating package script '/root/ws_sensor_combined/install/example_mode_rtl_replacement_cpp/share/example_mode_rtl_replacement_cpp/package.bash'
[3.417s] INFO:colcon.colcon_core.shell:Creating package script '/root/ws_sensor_combined/install/example_mode_rtl_replacement_cpp/share/example_mode_rtl_replacement_cpp/package.zsh'
[3.418s] Level 1:colcon.colcon_core.environment:create_file_with_runtime_dependencies(/root/ws_sensor_combined/install/example_mode_rtl_replacement_cpp/share/colcon-core/packages/example_mode_rtl_replacement_cpp)
[3.418s] Level 1:colcon.colcon_core.environment:create_environment_scripts_only(example_mode_rtl_replacement_cpp)
[3.418s] Level 1:colcon.colcon_core.environment:checking '/root/ws_sensor_combined/install/example_mode_rtl_replacement_cpp' for CMake module files
[3.418s] Level 1:colcon.colcon_core.environment:checking '/root/ws_sensor_combined/install/example_mode_rtl_replacement_cpp' for CMake config files
[3.419s] Level 1:colcon.colcon_core.shell:create_environment_hook('example_mode_rtl_replacement_cpp', 'cmake_prefix_path')
[3.419s] INFO:colcon.colcon_core.shell:Creating environment hook '/root/ws_sensor_combined/install/example_mode_rtl_replacement_cpp/share/example_mode_rtl_replacement_cpp/hook/cmake_prefix_path.ps1'
[3.419s] INFO:colcon.colcon_core.shell:Creating environment descriptor '/root/ws_sensor_combined/install/example_mode_rtl_replacement_cpp/share/example_mode_rtl_replacement_cpp/hook/cmake_prefix_path.dsv'
[3.419s] INFO:colcon.colcon_core.shell:Creating environment hook '/root/ws_sensor_combined/install/example_mode_rtl_replacement_cpp/share/example_mode_rtl_replacement_cpp/hook/cmake_prefix_path.sh'
[3.420s] Level 1:colcon.colcon_core.environment:checking '/root/ws_sensor_combined/install/example_mode_rtl_replacement_cpp/lib'
[3.420s] Level 1:colcon.colcon_core.environment:checking '/root/ws_sensor_combined/install/example_mode_rtl_replacement_cpp/bin'
[3.420s] Level 1:colcon.colcon_core.environment:checking '/root/ws_sensor_combined/install/example_mode_rtl_replacement_cpp/lib/pkgconfig/example_mode_rtl_replacement_cpp.pc'
[3.420s] Level 1:colcon.colcon_core.environment:checking '/root/ws_sensor_combined/install/example_mode_rtl_replacement_cpp/lib/python3.10/site-packages'
[3.420s] Level 1:colcon.colcon_core.environment:checking '/root/ws_sensor_combined/install/example_mode_rtl_replacement_cpp/bin'
[3.420s] INFO:colcon.colcon_core.shell:Creating package script '/root/ws_sensor_combined/install/example_mode_rtl_replacement_cpp/share/example_mode_rtl_replacement_cpp/package.ps1'
[3.421s] INFO:colcon.colcon_core.shell:Creating package descriptor '/root/ws_sensor_combined/install/example_mode_rtl_replacement_cpp/share/example_mode_rtl_replacement_cpp/package.dsv'
[3.421s] INFO:colcon.colcon_core.shell:Creating package script '/root/ws_sensor_combined/install/example_mode_rtl_replacement_cpp/share/example_mode_rtl_replacement_cpp/package.sh'
[3.422s] INFO:colcon.colcon_core.shell:Creating package script '/root/ws_sensor_combined/install/example_mode_rtl_replacement_cpp/share/example_mode_rtl_replacement_cpp/package.bash'
[3.422s] INFO:colcon.colcon_core.shell:Creating package script '/root/ws_sensor_combined/install/example_mode_rtl_replacement_cpp/share/example_mode_rtl_replacement_cpp/package.zsh'
[3.422s] Level 1:colcon.colcon_core.environment:create_file_with_runtime_dependencies(/root/ws_sensor_combined/install/example_mode_rtl_replacement_cpp/share/colcon-core/packages/example_mode_rtl_replacement_cpp)
[3.429s] Level 1:colcon.colcon_core.environment:create_environment_scripts_only(example_mode_fw_attitude_cpp)
[3.429s] Level 1:colcon.colcon_core.environment:checking '/root/ws_sensor_combined/install/example_mode_fw_attitude_cpp' for CMake module files
[3.430s] DEBUG:colcon.colcon_core.event_handler.log_command:Invoked command in '/root/ws_sensor_combined/build/example_mode_vtol_cpp' returned '0': AMENT_PREFIX_PATH=/root/ws_sensor_combined/install/px4_ros2_cpp:/root/ws_sensor_combined/install/px4_msgs:${AMENT_PREFIX_PATH} CMAKE_PREFIX_PATH=/root/ws_sensor_combined/install/px4_ros2_cpp:/root/ws_sensor_combined/install/px4_msgs:/opt/ros/humble LD_LIBRARY_PATH=/root/ws_sensor_combined/install/px4_ros2_cpp/lib:/root/ws_sensor_combined/install/px4_msgs/lib:${LD_LIBRARY_PATH} PYTHONPATH=/root/ws_sensor_combined/install/px4_msgs/local/lib/python3.10/dist-packages:${PYTHONPATH} /usr/bin/cmake --build /root/ws_sensor_combined/build/example_mode_vtol_cpp -- -j20 -l20
[3.431s] DEBUG:colcon.colcon_core.event_handler.log_command:Invoking command in '/root/ws_sensor_combined/build/example_mode_vtol_cpp': AMENT_PREFIX_PATH=/root/ws_sensor_combined/install/px4_ros2_cpp:/root/ws_sensor_combined/install/px4_msgs:${AMENT_PREFIX_PATH} CMAKE_PREFIX_PATH=/root/ws_sensor_combined/install/px4_ros2_cpp:/root/ws_sensor_combined/install/px4_msgs:/opt/ros/humble LD_LIBRARY_PATH=/root/ws_sensor_combined/install/px4_ros2_cpp/lib:/root/ws_sensor_combined/install/px4_msgs/lib:${LD_LIBRARY_PATH} PYTHONPATH=/root/ws_sensor_combined/install/px4_msgs/local/lib/python3.10/dist-packages:${PYTHONPATH} /usr/bin/cmake --install /root/ws_sensor_combined/build/example_mode_vtol_cpp
[3.431s] DEBUG:colcon.colcon_core.event_handler.log_command:Invoked command in '/root/ws_sensor_combined/build/example_mode_fw_attitude_cpp' returned '0': AMENT_PREFIX_PATH=/root/ws_sensor_combined/install/px4_ros2_cpp:/root/ws_sensor_combined/install/px4_msgs:${AMENT_PREFIX_PATH} CMAKE_PREFIX_PATH=/root/ws_sensor_combined/install/px4_ros2_cpp:/root/ws_sensor_combined/install/px4_msgs:/opt/ros/humble LD_LIBRARY_PATH=/root/ws_sensor_combined/install/px4_ros2_cpp/lib:/root/ws_sensor_combined/install/px4_msgs/lib:${LD_LIBRARY_PATH} PYTHONPATH=/root/ws_sensor_combined/install/px4_msgs/local/lib/python3.10/dist-packages:${PYTHONPATH} /usr/bin/cmake --install /root/ws_sensor_combined/build/example_mode_fw_attitude_cpp
[3.431s] Level 1:colcon.colcon_core.environment:checking '/root/ws_sensor_combined/install/example_mode_fw_attitude_cpp' for CMake config files
[3.432s] Level 1:colcon.colcon_core.shell:create_environment_hook('example_mode_fw_attitude_cpp', 'cmake_prefix_path')
[3.432s] INFO:colcon.colcon_core.shell:Creating environment hook '/root/ws_sensor_combined/install/example_mode_fw_attitude_cpp/share/example_mode_fw_attitude_cpp/hook/cmake_prefix_path.ps1'
[3.432s] INFO:colcon.colcon_core.shell:Creating environment descriptor '/root/ws_sensor_combined/install/example_mode_fw_attitude_cpp/share/example_mode_fw_attitude_cpp/hook/cmake_prefix_path.dsv'
[3.432s] INFO:colcon.colcon_core.shell:Creating environment hook '/root/ws_sensor_combined/install/example_mode_fw_attitude_cpp/share/example_mode_fw_attitude_cpp/hook/cmake_prefix_path.sh'
[3.433s] Level 1:colcon.colcon_core.environment:checking '/root/ws_sensor_combined/install/example_mode_fw_attitude_cpp/lib'
[3.433s] Level 1:colcon.colcon_core.environment:checking '/root/ws_sensor_combined/install/example_mode_fw_attitude_cpp/bin'
[3.433s] Level 1:colcon.colcon_core.environment:checking '/root/ws_sensor_combined/install/example_mode_fw_attitude_cpp/lib/pkgconfig/example_mode_fw_attitude_cpp.pc'
[3.433s] Level 1:colcon.colcon_core.environment:checking '/root/ws_sensor_combined/install/example_mode_fw_attitude_cpp/lib/python3.10/site-packages'
[3.433s] Level 1:colcon.colcon_core.environment:checking '/root/ws_sensor_combined/install/example_mode_fw_attitude_cpp/bin'
[3.433s] INFO:colcon.colcon_core.shell:Creating package script '/root/ws_sensor_combined/install/example_mode_fw_attitude_cpp/share/example_mode_fw_attitude_cpp/package.ps1'
[3.434s] INFO:colcon.colcon_core.shell:Creating package descriptor '/root/ws_sensor_combined/install/example_mode_fw_attitude_cpp/share/example_mode_fw_attitude_cpp/package.dsv'
[3.434s] INFO:colcon.colcon_core.shell:Creating package script '/root/ws_sensor_combined/install/example_mode_fw_attitude_cpp/share/example_mode_fw_attitude_cpp/package.sh'
[3.434s] INFO:colcon.colcon_core.shell:Creating package script '/root/ws_sensor_combined/install/example_mode_fw_attitude_cpp/share/example_mode_fw_attitude_cpp/package.bash'
[3.434s] INFO:colcon.colcon_core.shell:Creating package script '/root/ws_sensor_combined/install/example_mode_fw_attitude_cpp/share/example_mode_fw_attitude_cpp/package.zsh'
[3.434s] Level 1:colcon.colcon_core.environment:create_file_with_runtime_dependencies(/root/ws_sensor_combined/install/example_mode_fw_attitude_cpp/share/colcon-core/packages/example_mode_fw_attitude_cpp)
[3.435s] Level 1:colcon.colcon_core.environment:create_environment_scripts_only(example_mode_fw_attitude_cpp)
[3.435s] Level 1:colcon.colcon_core.environment:checking '/root/ws_sensor_combined/install/example_mode_fw_attitude_cpp' for CMake module files
[3.435s] Level 1:colcon.colcon_core.environment:checking '/root/ws_sensor_combined/install/example_mode_fw_attitude_cpp' for CMake config files
[3.435s] Level 1:colcon.colcon_core.shell:create_environment_hook('example_mode_fw_attitude_cpp', 'cmake_prefix_path')
[3.435s] INFO:colcon.colcon_core.shell:Creating environment hook '/root/ws_sensor_combined/install/example_mode_fw_attitude_cpp/share/example_mode_fw_attitude_cpp/hook/cmake_prefix_path.ps1'
[3.436s] INFO:colcon.colcon_core.shell:Creating environment descriptor '/root/ws_sensor_combined/install/example_mode_fw_attitude_cpp/share/example_mode_fw_attitude_cpp/hook/cmake_prefix_path.dsv'
[3.436s] INFO:colcon.colcon_core.shell:Creating environment hook '/root/ws_sensor_combined/install/example_mode_fw_attitude_cpp/share/example_mode_fw_attitude_cpp/hook/cmake_prefix_path.sh'
[3.436s] Level 1:colcon.colcon_core.environment:checking '/root/ws_sensor_combined/install/example_mode_fw_attitude_cpp/lib'
[3.436s] Level 1:colcon.colcon_core.environment:checking '/root/ws_sensor_combined/install/example_mode_fw_attitude_cpp/bin'
[3.436s] Level 1:colcon.colcon_core.environment:checking '/root/ws_sensor_combined/install/example_mode_fw_attitude_cpp/lib/pkgconfig/example_mode_fw_attitude_cpp.pc'
[3.436s] Level 1:colcon.colcon_core.environment:checking '/root/ws_sensor_combined/install/example_mode_fw_attitude_cpp/lib/python3.10/site-packages'
[3.437s] Level 1:colcon.colcon_core.environment:checking '/root/ws_sensor_combined/install/example_mode_fw_attitude_cpp/bin'
[3.437s] INFO:colcon.colcon_core.shell:Creating package script '/root/ws_sensor_combined/install/example_mode_fw_attitude_cpp/share/example_mode_fw_attitude_cpp/package.ps1'
[3.437s] INFO:colcon.colcon_core.shell:Creating package descriptor '/root/ws_sensor_combined/install/example_mode_fw_attitude_cpp/share/example_mode_fw_attitude_cpp/package.dsv'
[3.438s] INFO:colcon.colcon_core.shell:Creating package script '/root/ws_sensor_combined/install/example_mode_fw_attitude_cpp/share/example_mode_fw_attitude_cpp/package.sh'
[3.438s] INFO:colcon.colcon_core.shell:Creating package script '/root/ws_sensor_combined/install/example_mode_fw_attitude_cpp/share/example_mode_fw_attitude_cpp/package.bash'
[3.438s] INFO:colcon.colcon_core.shell:Creating package script '/root/ws_sensor_combined/install/example_mode_fw_attitude_cpp/share/example_mode_fw_attitude_cpp/package.zsh'
[3.439s] Level 1:colcon.colcon_core.environment:create_file_with_runtime_dependencies(/root/ws_sensor_combined/install/example_mode_fw_attitude_cpp/share/colcon-core/packages/example_mode_fw_attitude_cpp)
[3.439s] Level 1:colcon.colcon_core.environment:create_environment_scripts_only(example_executor_with_multiple_modes_cpp)
[3.439s] Level 1:colcon.colcon_core.environment:checking '/root/ws_sensor_combined/install/example_executor_with_multiple_modes_cpp' for CMake module files
[3.441s] DEBUG:colcon.colcon_core.event_handler.log_command:Invoked command in '/root/ws_sensor_combined/build/example_executor_with_multiple_modes_cpp' returned '0': AMENT_PREFIX_PATH=/root/ws_sensor_combined/install/px4_ros2_cpp:/root/ws_sensor_combined/install/px4_msgs:${AMENT_PREFIX_PATH} CMAKE_PREFIX_PATH=/root/ws_sensor_combined/install/px4_ros2_cpp:/root/ws_sensor_combined/install/px4_msgs:/opt/ros/humble LD_LIBRARY_PATH=/root/ws_sensor_combined/install/px4_ros2_cpp/lib:/root/ws_sensor_combined/install/px4_msgs/lib:${LD_LIBRARY_PATH} PYTHONPATH=/root/ws_sensor_combined/install/px4_msgs/local/lib/python3.10/dist-packages:${PYTHONPATH} /usr/bin/cmake --install /root/ws_sensor_combined/build/example_executor_with_multiple_modes_cpp
[3.441s] Level 1:colcon.colcon_core.environment:checking '/root/ws_sensor_combined/install/example_executor_with_multiple_modes_cpp' for CMake config files
[3.441s] Level 1:colcon.colcon_core.shell:create_environment_hook('example_executor_with_multiple_modes_cpp', 'cmake_prefix_path')
[3.441s] INFO:colcon.colcon_core.shell:Creating environment hook '/root/ws_sensor_combined/install/example_executor_with_multiple_modes_cpp/share/example_executor_with_multiple_modes_cpp/hook/cmake_prefix_path.ps1'
[3.442s] INFO:colcon.colcon_core.shell:Creating environment descriptor '/root/ws_sensor_combined/install/example_executor_with_multiple_modes_cpp/share/example_executor_with_multiple_modes_cpp/hook/cmake_prefix_path.dsv'
[3.442s] INFO:colcon.colcon_core.shell:Creating environment hook '/root/ws_sensor_combined/install/example_executor_with_multiple_modes_cpp/share/example_executor_with_multiple_modes_cpp/hook/cmake_prefix_path.sh'
[3.442s] Level 1:colcon.colcon_core.environment:checking '/root/ws_sensor_combined/install/example_executor_with_multiple_modes_cpp/lib'
[3.442s] Level 1:colcon.colcon_core.environment:checking '/root/ws_sensor_combined/install/example_executor_with_multiple_modes_cpp/bin'
[3.442s] Level 1:colcon.colcon_core.environment:checking '/root/ws_sensor_combined/install/example_executor_with_multiple_modes_cpp/lib/pkgconfig/example_executor_with_multiple_modes_cpp.pc'
[3.442s] Level 1:colcon.colcon_core.environment:checking '/root/ws_sensor_combined/install/example_executor_with_multiple_modes_cpp/lib/python3.10/site-packages'
[3.443s] Level 1:colcon.colcon_core.environment:checking '/root/ws_sensor_combined/install/example_executor_with_multiple_modes_cpp/bin'
[3.443s] INFO:colcon.colcon_core.shell:Creating package script '/root/ws_sensor_combined/install/example_executor_with_multiple_modes_cpp/share/example_executor_with_multiple_modes_cpp/package.ps1'
[3.443s] INFO:colcon.colcon_core.shell:Creating package descriptor '/root/ws_sensor_combined/install/example_executor_with_multiple_modes_cpp/share/example_executor_with_multiple_modes_cpp/package.dsv'
[3.443s] INFO:colcon.colcon_core.shell:Creating package script '/root/ws_sensor_combined/install/example_executor_with_multiple_modes_cpp/share/example_executor_with_multiple_modes_cpp/package.sh'
[3.444s] INFO:colcon.colcon_core.shell:Creating package script '/root/ws_sensor_combined/install/example_executor_with_multiple_modes_cpp/share/example_executor_with_multiple_modes_cpp/package.bash'
[3.444s] INFO:colcon.colcon_core.shell:Creating package script '/root/ws_sensor_combined/install/example_executor_with_multiple_modes_cpp/share/example_executor_with_multiple_modes_cpp/package.zsh'
[3.444s] Level 1:colcon.colcon_core.environment:create_file_with_runtime_dependencies(/root/ws_sensor_combined/install/example_executor_with_multiple_modes_cpp/share/colcon-core/packages/example_executor_with_multiple_modes_cpp)
[3.444s] Level 1:colcon.colcon_core.environment:create_environment_scripts_only(example_executor_with_multiple_modes_cpp)
[3.444s] Level 1:colcon.colcon_core.environment:checking '/root/ws_sensor_combined/install/example_executor_with_multiple_modes_cpp' for CMake module files
[3.445s] Level 1:colcon.colcon_core.environment:checking '/root/ws_sensor_combined/install/example_executor_with_multiple_modes_cpp' for CMake config files
[3.445s] Level 1:colcon.colcon_core.shell:create_environment_hook('example_executor_with_multiple_modes_cpp', 'cmake_prefix_path')
[3.445s] INFO:colcon.colcon_core.shell:Creating environment hook '/root/ws_sensor_combined/install/example_executor_with_multiple_modes_cpp/share/example_executor_with_multiple_modes_cpp/hook/cmake_prefix_path.ps1'
[3.445s] INFO:colcon.colcon_core.shell:Creating environment descriptor '/root/ws_sensor_combined/install/example_executor_with_multiple_modes_cpp/share/example_executor_with_multiple_modes_cpp/hook/cmake_prefix_path.dsv'
[3.445s] INFO:colcon.colcon_core.shell:Creating environment hook '/root/ws_sensor_combined/install/example_executor_with_multiple_modes_cpp/share/example_executor_with_multiple_modes_cpp/hook/cmake_prefix_path.sh'
[3.446s] Level 1:colcon.colcon_core.environment:checking '/root/ws_sensor_combined/install/example_executor_with_multiple_modes_cpp/lib'
[3.446s] Level 1:colcon.colcon_core.environment:checking '/root/ws_sensor_combined/install/example_executor_with_multiple_modes_cpp/bin'
[3.446s] Level 1:colcon.colcon_core.environment:checking '/root/ws_sensor_combined/install/example_executor_with_multiple_modes_cpp/lib/pkgconfig/example_executor_with_multiple_modes_cpp.pc'
[3.446s] Level 1:colcon.colcon_core.environment:checking '/root/ws_sensor_combined/install/example_executor_with_multiple_modes_cpp/lib/python3.10/site-packages'
[3.446s] Level 1:colcon.colcon_core.environment:checking '/root/ws_sensor_combined/install/example_executor_with_multiple_modes_cpp/bin'
[3.446s] INFO:colcon.colcon_core.shell:Creating package script '/root/ws_sensor_combined/install/example_executor_with_multiple_modes_cpp/share/example_executor_with_multiple_modes_cpp/package.ps1'
[3.447s] INFO:colcon.colcon_core.shell:Creating package descriptor '/root/ws_sensor_combined/install/example_executor_with_multiple_modes_cpp/share/example_executor_with_multiple_modes_cpp/package.dsv'
[3.447s] INFO:colcon.colcon_core.shell:Creating package script '/root/ws_sensor_combined/install/example_executor_with_multiple_modes_cpp/share/example_executor_with_multiple_modes_cpp/package.sh'
[3.447s] INFO:colcon.colcon_core.shell:Creating package script '/root/ws_sensor_combined/install/example_executor_with_multiple_modes_cpp/share/example_executor_with_multiple_modes_cpp/package.bash'
[3.447s] INFO:colcon.colcon_core.shell:Creating package script '/root/ws_sensor_combined/install/example_executor_with_multiple_modes_cpp/share/example_executor_with_multiple_modes_cpp/package.zsh'
[3.448s] Level 1:colcon.colcon_core.environment:create_file_with_runtime_dependencies(/root/ws_sensor_combined/install/example_executor_with_multiple_modes_cpp/share/colcon-core/packages/example_executor_with_multiple_modes_cpp)
[3.449s] Level 1:colcon.colcon_core.environment:create_environment_scripts_only(example_global_navigation_cpp)
[3.449s] Level 1:colcon.colcon_core.environment:checking '/root/ws_sensor_combined/install/example_global_navigation_cpp' for CMake module files
[3.450s] Level 1:colcon.colcon_core.environment:checking '/root/ws_sensor_combined/install/example_global_navigation_cpp' for CMake config files
[3.451s] DEBUG:colcon.colcon_core.event_handler.log_command:Invoked command in '/root/ws_sensor_combined/build/example_global_navigation_cpp' returned '0': AMENT_PREFIX_PATH=/root/ws_sensor_combined/install/px4_ros2_cpp:/root/ws_sensor_combined/install/px4_msgs:${AMENT_PREFIX_PATH} CMAKE_PREFIX_PATH=/root/ws_sensor_combined/install/px4_ros2_cpp:/root/ws_sensor_combined/install/px4_msgs:/opt/ros/humble LD_LIBRARY_PATH=/root/ws_sensor_combined/install/px4_ros2_cpp/lib:/root/ws_sensor_combined/install/px4_msgs/lib:${LD_LIBRARY_PATH} PYTHONPATH=/root/ws_sensor_combined/install/px4_msgs/local/lib/python3.10/dist-packages:${PYTHONPATH} /usr/bin/cmake --install /root/ws_sensor_combined/build/example_global_navigation_cpp
[3.451s] Level 1:colcon.colcon_core.shell:create_environment_hook('example_global_navigation_cpp', 'cmake_prefix_path')
[3.452s] INFO:colcon.colcon_core.shell:Creating environment hook '/root/ws_sensor_combined/install/example_global_navigation_cpp/share/example_global_navigation_cpp/hook/cmake_prefix_path.ps1'
[3.453s] INFO:colcon.colcon_core.shell:Creating environment descriptor '/root/ws_sensor_combined/install/example_global_navigation_cpp/share/example_global_navigation_cpp/hook/cmake_prefix_path.dsv'
[3.454s] INFO:colcon.colcon_core.shell:Creating environment hook '/root/ws_sensor_combined/install/example_global_navigation_cpp/share/example_global_navigation_cpp/hook/cmake_prefix_path.sh'
[3.455s] Level 1:colcon.colcon_core.environment:checking '/root/ws_sensor_combined/install/example_global_navigation_cpp/lib'
[3.455s] Level 1:colcon.colcon_core.environment:checking '/root/ws_sensor_combined/install/example_global_navigation_cpp/bin'
[3.456s] Level 1:colcon.colcon_core.environment:checking '/root/ws_sensor_combined/install/example_global_navigation_cpp/lib/pkgconfig/example_global_navigation_cpp.pc'
[3.456s] Level 1:colcon.colcon_core.environment:checking '/root/ws_sensor_combined/install/example_global_navigation_cpp/lib/python3.10/site-packages'
[3.456s] Level 1:colcon.colcon_core.environment:checking '/root/ws_sensor_combined/install/example_global_navigation_cpp/bin'
[3.456s] INFO:colcon.colcon_core.shell:Creating package script '/root/ws_sensor_combined/install/example_global_navigation_cpp/share/example_global_navigation_cpp/package.ps1'
[3.456s] INFO:colcon.colcon_core.shell:Creating package descriptor '/root/ws_sensor_combined/install/example_global_navigation_cpp/share/example_global_navigation_cpp/package.dsv'
[3.457s] INFO:colcon.colcon_core.shell:Creating package script '/root/ws_sensor_combined/install/example_global_navigation_cpp/share/example_global_navigation_cpp/package.sh'
[3.457s] INFO:colcon.colcon_core.shell:Creating package script '/root/ws_sensor_combined/install/example_global_navigation_cpp/share/example_global_navigation_cpp/package.bash'
[3.458s] INFO:colcon.colcon_core.shell:Creating package script '/root/ws_sensor_combined/install/example_global_navigation_cpp/share/example_global_navigation_cpp/package.zsh'
[3.458s] Level 1:colcon.colcon_core.environment:create_file_with_runtime_dependencies(/root/ws_sensor_combined/install/example_global_navigation_cpp/share/colcon-core/packages/example_global_navigation_cpp)
[3.458s] Level 1:colcon.colcon_core.environment:create_environment_scripts_only(example_global_navigation_cpp)
[3.459s] Level 1:colcon.colcon_core.environment:checking '/root/ws_sensor_combined/install/example_global_navigation_cpp' for CMake module files
[3.459s] Level 1:colcon.colcon_core.environment:checking '/root/ws_sensor_combined/install/example_global_navigation_cpp' for CMake config files
[3.459s] Level 1:colcon.colcon_core.shell:create_environment_hook('example_global_navigation_cpp', 'cmake_prefix_path')
[3.459s] INFO:colcon.colcon_core.shell:Creating environment hook '/root/ws_sensor_combined/install/example_global_navigation_cpp/share/example_global_navigation_cpp/hook/cmake_prefix_path.ps1'
[3.459s] INFO:colcon.colcon_core.shell:Creating environment descriptor '/root/ws_sensor_combined/install/example_global_navigation_cpp/share/example_global_navigation_cpp/hook/cmake_prefix_path.dsv'
[3.460s] INFO:colcon.colcon_core.shell:Creating environment hook '/root/ws_sensor_combined/install/example_global_navigation_cpp/share/example_global_navigation_cpp/hook/cmake_prefix_path.sh'
[3.460s] Level 1:colcon.colcon_core.environment:checking '/root/ws_sensor_combined/install/example_global_navigation_cpp/lib'
[3.460s] Level 1:colcon.colcon_core.environment:checking '/root/ws_sensor_combined/install/example_global_navigation_cpp/bin'
[3.460s] Level 1:colcon.colcon_core.environment:checking '/root/ws_sensor_combined/install/example_global_navigation_cpp/lib/pkgconfig/example_global_navigation_cpp.pc'
[3.460s] Level 1:colcon.colcon_core.environment:checking '/root/ws_sensor_combined/install/example_global_navigation_cpp/lib/python3.10/site-packages'
[3.460s] Level 1:colcon.colcon_core.environment:checking '/root/ws_sensor_combined/install/example_global_navigation_cpp/bin'
[3.461s] INFO:colcon.colcon_core.shell:Creating package script '/root/ws_sensor_combined/install/example_global_navigation_cpp/share/example_global_navigation_cpp/package.ps1'
[3.461s] INFO:colcon.colcon_core.shell:Creating package descriptor '/root/ws_sensor_combined/install/example_global_navigation_cpp/share/example_global_navigation_cpp/package.dsv'
[3.462s] INFO:colcon.colcon_core.shell:Creating package script '/root/ws_sensor_combined/install/example_global_navigation_cpp/share/example_global_navigation_cpp/package.sh'
[3.462s] INFO:colcon.colcon_core.shell:Creating package script '/root/ws_sensor_combined/install/example_global_navigation_cpp/share/example_global_navigation_cpp/package.bash'
[3.462s] INFO:colcon.colcon_core.shell:Creating package script '/root/ws_sensor_combined/install/example_global_navigation_cpp/share/example_global_navigation_cpp/package.zsh'
[3.462s] Level 1:colcon.colcon_core.environment:create_file_with_runtime_dependencies(/root/ws_sensor_combined/install/example_global_navigation_cpp/share/colcon-core/packages/example_global_navigation_cpp)
[3.463s] Level 1:colcon.colcon_core.environment:create_environment_scripts_only(example_mode_goto_cpp)
[3.463s] Level 1:colcon.colcon_core.environment:checking '/root/ws_sensor_combined/install/example_mode_goto_cpp' for CMake module files
[3.464s] DEBUG:colcon.colcon_core.event_handler.log_command:Invoked command in '/root/ws_sensor_combined/build/example_mode_goto_cpp' returned '0': AMENT_PREFIX_PATH=/root/ws_sensor_combined/install/px4_ros2_cpp:/root/ws_sensor_combined/install/px4_msgs:${AMENT_PREFIX_PATH} CMAKE_PREFIX_PATH=/root/ws_sensor_combined/install/px4_ros2_cpp:/root/ws_sensor_combined/install/px4_msgs:/opt/ros/humble LD_LIBRARY_PATH=/root/ws_sensor_combined/install/px4_ros2_cpp/lib:/root/ws_sensor_combined/install/px4_msgs/lib:${LD_LIBRARY_PATH} PYTHONPATH=/root/ws_sensor_combined/install/px4_msgs/local/lib/python3.10/dist-packages:${PYTHONPATH} /usr/bin/cmake --install /root/ws_sensor_combined/build/example_mode_goto_cpp
[3.464s] Level 1:colcon.colcon_core.environment:checking '/root/ws_sensor_combined/install/example_mode_goto_cpp' for CMake config files
[3.465s] Level 1:colcon.colcon_core.shell:create_environment_hook('example_mode_goto_cpp', 'cmake_prefix_path')
[3.465s] INFO:colcon.colcon_core.shell:Creating environment hook '/root/ws_sensor_combined/install/example_mode_goto_cpp/share/example_mode_goto_cpp/hook/cmake_prefix_path.ps1'
[3.465s] INFO:colcon.colcon_core.shell:Creating environment descriptor '/root/ws_sensor_combined/install/example_mode_goto_cpp/share/example_mode_goto_cpp/hook/cmake_prefix_path.dsv'
[3.466s] INFO:colcon.colcon_core.shell:Creating environment hook '/root/ws_sensor_combined/install/example_mode_goto_cpp/share/example_mode_goto_cpp/hook/cmake_prefix_path.sh'
[3.466s] Level 1:colcon.colcon_core.environment:checking '/root/ws_sensor_combined/install/example_mode_goto_cpp/lib'
[3.466s] Level 1:colcon.colcon_core.environment:checking '/root/ws_sensor_combined/install/example_mode_goto_cpp/bin'
[3.466s] Level 1:colcon.colcon_core.environment:checking '/root/ws_sensor_combined/install/example_mode_goto_cpp/lib/pkgconfig/example_mode_goto_cpp.pc'
[3.466s] Level 1:colcon.colcon_core.environment:checking '/root/ws_sensor_combined/install/example_mode_goto_cpp/lib/python3.10/site-packages'
[3.467s] Level 1:colcon.colcon_core.environment:checking '/root/ws_sensor_combined/install/example_mode_goto_cpp/bin'
[3.467s] INFO:colcon.colcon_core.shell:Creating package script '/root/ws_sensor_combined/install/example_mode_goto_cpp/share/example_mode_goto_cpp/package.ps1'
[3.467s] INFO:colcon.colcon_core.shell:Creating package descriptor '/root/ws_sensor_combined/install/example_mode_goto_cpp/share/example_mode_goto_cpp/package.dsv'
[3.467s] INFO:colcon.colcon_core.shell:Creating package script '/root/ws_sensor_combined/install/example_mode_goto_cpp/share/example_mode_goto_cpp/package.sh'
[3.468s] INFO:colcon.colcon_core.shell:Creating package script '/root/ws_sensor_combined/install/example_mode_goto_cpp/share/example_mode_goto_cpp/package.bash'
[3.468s] INFO:colcon.colcon_core.shell:Creating package script '/root/ws_sensor_combined/install/example_mode_goto_cpp/share/example_mode_goto_cpp/package.zsh'
[3.468s] Level 1:colcon.colcon_core.environment:create_file_with_runtime_dependencies(/root/ws_sensor_combined/install/example_mode_goto_cpp/share/colcon-core/packages/example_mode_goto_cpp)
[3.468s] Level 1:colcon.colcon_core.environment:create_environment_scripts_only(example_mode_goto_cpp)
[3.469s] Level 1:colcon.colcon_core.environment:checking '/root/ws_sensor_combined/install/example_mode_goto_cpp' for CMake module files
[3.469s] Level 1:colcon.colcon_core.environment:checking '/root/ws_sensor_combined/install/example_mode_goto_cpp' for CMake config files
[3.469s] Level 1:colcon.colcon_core.shell:create_environment_hook('example_mode_goto_cpp', 'cmake_prefix_path')
[3.469s] INFO:colcon.colcon_core.shell:Creating environment hook '/root/ws_sensor_combined/install/example_mode_goto_cpp/share/example_mode_goto_cpp/hook/cmake_prefix_path.ps1'
[3.470s] INFO:colcon.colcon_core.shell:Creating environment descriptor '/root/ws_sensor_combined/install/example_mode_goto_cpp/share/example_mode_goto_cpp/hook/cmake_prefix_path.dsv'
[3.470s] INFO:colcon.colcon_core.shell:Creating environment hook '/root/ws_sensor_combined/install/example_mode_goto_cpp/share/example_mode_goto_cpp/hook/cmake_prefix_path.sh'
[3.470s] Level 1:colcon.colcon_core.environment:checking '/root/ws_sensor_combined/install/example_mode_goto_cpp/lib'
[3.470s] Level 1:colcon.colcon_core.environment:checking '/root/ws_sensor_combined/install/example_mode_goto_cpp/bin'
[3.470s] Level 1:colcon.colcon_core.environment:checking '/root/ws_sensor_combined/install/example_mode_goto_cpp/lib/pkgconfig/example_mode_goto_cpp.pc'
[3.470s] Level 1:colcon.colcon_core.environment:checking '/root/ws_sensor_combined/install/example_mode_goto_cpp/lib/python3.10/site-packages'
[3.471s] Level 1:colcon.colcon_core.environment:checking '/root/ws_sensor_combined/install/example_mode_goto_cpp/bin'
[3.471s] INFO:colcon.colcon_core.shell:Creating package script '/root/ws_sensor_combined/install/example_mode_goto_cpp/share/example_mode_goto_cpp/package.ps1'
[3.471s] INFO:colcon.colcon_core.shell:Creating package descriptor '/root/ws_sensor_combined/install/example_mode_goto_cpp/share/example_mode_goto_cpp/package.dsv'
[3.472s] INFO:colcon.colcon_core.shell:Creating package script '/root/ws_sensor_combined/install/example_mode_goto_cpp/share/example_mode_goto_cpp/package.sh'
[3.472s] INFO:colcon.colcon_core.shell:Creating package script '/root/ws_sensor_combined/install/example_mode_goto_cpp/share/example_mode_goto_cpp/package.bash'
[3.472s] INFO:colcon.colcon_core.shell:Creating package script '/root/ws_sensor_combined/install/example_mode_goto_cpp/share/example_mode_goto_cpp/package.zsh'
[3.472s] Level 1:colcon.colcon_core.environment:create_file_with_runtime_dependencies(/root/ws_sensor_combined/install/example_mode_goto_cpp/share/colcon-core/packages/example_mode_goto_cpp)
[3.473s] DEBUG:colcon.colcon_core.event_handler.log_command:Invoked command in '/root/ws_sensor_combined/build/example_mode_with_executor_cpp' returned '0': AMENT_PREFIX_PATH=/root/ws_sensor_combined/install/px4_ros2_cpp:/root/ws_sensor_combined/install/px4_msgs:${AMENT_PREFIX_PATH} CMAKE_PREFIX_PATH=/root/ws_sensor_combined/install/px4_ros2_cpp:/root/ws_sensor_combined/install/px4_msgs:/opt/ros/humble LD_LIBRARY_PATH=/root/ws_sensor_combined/install/px4_ros2_cpp/lib:/root/ws_sensor_combined/install/px4_msgs/lib:${LD_LIBRARY_PATH} PYTHONPATH=/root/ws_sensor_combined/install/px4_msgs/local/lib/python3.10/dist-packages:${PYTHONPATH} /usr/bin/cmake --build /root/ws_sensor_combined/build/example_mode_with_executor_cpp -- -j20 -l20
[3.476s] Level 1:colcon.colcon_core.environment:create_environment_scripts_only(example_mode_vtol_cpp)
[3.476s] Level 1:colcon.colcon_core.environment:checking '/root/ws_sensor_combined/install/example_mode_vtol_cpp' for CMake module files
[3.476s] DEBUG:colcon.colcon_core.event_handler.log_command:Invoking command in '/root/ws_sensor_combined/build/example_mode_with_executor_cpp': AMENT_PREFIX_PATH=/root/ws_sensor_combined/install/px4_ros2_cpp:/root/ws_sensor_combined/install/px4_msgs:${AMENT_PREFIX_PATH} CMAKE_PREFIX_PATH=/root/ws_sensor_combined/install/px4_ros2_cpp:/root/ws_sensor_combined/install/px4_msgs:/opt/ros/humble LD_LIBRARY_PATH=/root/ws_sensor_combined/install/px4_ros2_cpp/lib:/root/ws_sensor_combined/install/px4_msgs/lib:${LD_LIBRARY_PATH} PYTHONPATH=/root/ws_sensor_combined/install/px4_msgs/local/lib/python3.10/dist-packages:${PYTHONPATH} /usr/bin/cmake --install /root/ws_sensor_combined/build/example_mode_with_executor_cpp
[3.477s] DEBUG:colcon.colcon_core.event_handler.log_command:Invoked command in '/root/ws_sensor_combined/build/example_mode_vtol_cpp' returned '0': AMENT_PREFIX_PATH=/root/ws_sensor_combined/install/px4_ros2_cpp:/root/ws_sensor_combined/install/px4_msgs:${AMENT_PREFIX_PATH} CMAKE_PREFIX_PATH=/root/ws_sensor_combined/install/px4_ros2_cpp:/root/ws_sensor_combined/install/px4_msgs:/opt/ros/humble LD_LIBRARY_PATH=/root/ws_sensor_combined/install/px4_ros2_cpp/lib:/root/ws_sensor_combined/install/px4_msgs/lib:${LD_LIBRARY_PATH} PYTHONPATH=/root/ws_sensor_combined/install/px4_msgs/local/lib/python3.10/dist-packages:${PYTHONPATH} /usr/bin/cmake --install /root/ws_sensor_combined/build/example_mode_vtol_cpp
[3.477s] Level 1:colcon.colcon_core.environment:checking '/root/ws_sensor_combined/install/example_mode_vtol_cpp' for CMake config files
[3.478s] Level 1:colcon.colcon_core.shell:create_environment_hook('example_mode_vtol_cpp', 'cmake_prefix_path')
[3.478s] INFO:colcon.colcon_core.shell:Creating environment hook '/root/ws_sensor_combined/install/example_mode_vtol_cpp/share/example_mode_vtol_cpp/hook/cmake_prefix_path.ps1'
[3.478s] INFO:colcon.colcon_core.shell:Creating environment descriptor '/root/ws_sensor_combined/install/example_mode_vtol_cpp/share/example_mode_vtol_cpp/hook/cmake_prefix_path.dsv'
[3.479s] INFO:colcon.colcon_core.shell:Creating environment hook '/root/ws_sensor_combined/install/example_mode_vtol_cpp/share/example_mode_vtol_cpp/hook/cmake_prefix_path.sh'
[3.479s] Level 1:colcon.colcon_core.environment:checking '/root/ws_sensor_combined/install/example_mode_vtol_cpp/lib'
[3.479s] Level 1:colcon.colcon_core.environment:checking '/root/ws_sensor_combined/install/example_mode_vtol_cpp/bin'
[3.479s] Level 1:colcon.colcon_core.environment:checking '/root/ws_sensor_combined/install/example_mode_vtol_cpp/lib/pkgconfig/example_mode_vtol_cpp.pc'
[3.479s] Level 1:colcon.colcon_core.environment:checking '/root/ws_sensor_combined/install/example_mode_vtol_cpp/lib/python3.10/site-packages'
[3.479s] Level 1:colcon.colcon_core.environment:checking '/root/ws_sensor_combined/install/example_mode_vtol_cpp/bin'
[3.480s] INFO:colcon.colcon_core.shell:Creating package script '/root/ws_sensor_combined/install/example_mode_vtol_cpp/share/example_mode_vtol_cpp/package.ps1'
[3.480s] INFO:colcon.colcon_core.shell:Creating package descriptor '/root/ws_sensor_combined/install/example_mode_vtol_cpp/share/example_mode_vtol_cpp/package.dsv'
[3.481s] INFO:colcon.colcon_core.shell:Creating package script '/root/ws_sensor_combined/install/example_mode_vtol_cpp/share/example_mode_vtol_cpp/package.sh'
[3.482s] INFO:colcon.colcon_core.shell:Creating package script '/root/ws_sensor_combined/install/example_mode_vtol_cpp/share/example_mode_vtol_cpp/package.bash'
[3.484s] INFO:colcon.colcon_core.shell:Creating package script '/root/ws_sensor_combined/install/example_mode_vtol_cpp/share/example_mode_vtol_cpp/package.zsh'
[3.485s] Level 1:colcon.colcon_core.environment:create_file_with_runtime_dependencies(/root/ws_sensor_combined/install/example_mode_vtol_cpp/share/colcon-core/packages/example_mode_vtol_cpp)
[3.487s] Level 1:colcon.colcon_core.environment:create_environment_scripts_only(example_mode_vtol_cpp)
[3.487s] Level 1:colcon.colcon_core.environment:checking '/root/ws_sensor_combined/install/example_mode_vtol_cpp' for CMake module files
[3.487s] Level 1:colcon.colcon_core.environment:checking '/root/ws_sensor_combined/install/example_mode_vtol_cpp' for CMake config files
[3.488s] Level 1:colcon.colcon_core.shell:create_environment_hook('example_mode_vtol_cpp', 'cmake_prefix_path')
[3.488s] INFO:colcon.colcon_core.shell:Creating environment hook '/root/ws_sensor_combined/install/example_mode_vtol_cpp/share/example_mode_vtol_cpp/hook/cmake_prefix_path.ps1'
[3.489s] INFO:colcon.colcon_core.shell:Creating environment descriptor '/root/ws_sensor_combined/install/example_mode_vtol_cpp/share/example_mode_vtol_cpp/hook/cmake_prefix_path.dsv'
[3.489s] INFO:colcon.colcon_core.shell:Creating environment hook '/root/ws_sensor_combined/install/example_mode_vtol_cpp/share/example_mode_vtol_cpp/hook/cmake_prefix_path.sh'
[3.490s] Level 1:colcon.colcon_core.environment:checking '/root/ws_sensor_combined/install/example_mode_vtol_cpp/lib'
[3.490s] Level 1:colcon.colcon_core.environment:checking '/root/ws_sensor_combined/install/example_mode_vtol_cpp/bin'
[3.490s] Level 1:colcon.colcon_core.environment:checking '/root/ws_sensor_combined/install/example_mode_vtol_cpp/lib/pkgconfig/example_mode_vtol_cpp.pc'
[3.490s] Level 1:colcon.colcon_core.environment:checking '/root/ws_sensor_combined/install/example_mode_vtol_cpp/lib/python3.10/site-packages'
[3.490s] Level 1:colcon.colcon_core.environment:checking '/root/ws_sensor_combined/install/example_mode_vtol_cpp/bin'
[3.490s] INFO:colcon.colcon_core.shell:Creating package script '/root/ws_sensor_combined/install/example_mode_vtol_cpp/share/example_mode_vtol_cpp/package.ps1'
[3.491s] INFO:colcon.colcon_core.shell:Creating package descriptor '/root/ws_sensor_combined/install/example_mode_vtol_cpp/share/example_mode_vtol_cpp/package.dsv'
[3.491s] INFO:colcon.colcon_core.shell:Creating package script '/root/ws_sensor_combined/install/example_mode_vtol_cpp/share/example_mode_vtol_cpp/package.sh'
[3.491s] INFO:colcon.colcon_core.shell:Creating package script '/root/ws_sensor_combined/install/example_mode_vtol_cpp/share/example_mode_vtol_cpp/package.bash'
[3.492s] INFO:colcon.colcon_core.shell:Creating package script '/root/ws_sensor_combined/install/example_mode_vtol_cpp/share/example_mode_vtol_cpp/package.zsh'
[3.492s] Level 1:colcon.colcon_core.environment:create_file_with_runtime_dependencies(/root/ws_sensor_combined/install/example_mode_vtol_cpp/share/colcon-core/packages/example_mode_vtol_cpp)
[3.493s] Level 1:colcon.colcon_core.environment:create_environment_scripts_only(example_mode_with_executor_cpp)
[3.493s] Level 1:colcon.colcon_core.environment:checking '/root/ws_sensor_combined/install/example_mode_with_executor_cpp' for CMake module files
[3.494s] DEBUG:colcon.colcon_core.event_handler.log_command:Invoked command in '/root/ws_sensor_combined/build/example_mode_with_executor_cpp' returned '0': AMENT_PREFIX_PATH=/root/ws_sensor_combined/install/px4_ros2_cpp:/root/ws_sensor_combined/install/px4_msgs:${AMENT_PREFIX_PATH} CMAKE_PREFIX_PATH=/root/ws_sensor_combined/install/px4_ros2_cpp:/root/ws_sensor_combined/install/px4_msgs:/opt/ros/humble LD_LIBRARY_PATH=/root/ws_sensor_combined/install/px4_ros2_cpp/lib:/root/ws_sensor_combined/install/px4_msgs/lib:${LD_LIBRARY_PATH} PYTHONPATH=/root/ws_sensor_combined/install/px4_msgs/local/lib/python3.10/dist-packages:${PYTHONPATH} /usr/bin/cmake --install /root/ws_sensor_combined/build/example_mode_with_executor_cpp
[3.495s] Level 1:colcon.colcon_core.environment:checking '/root/ws_sensor_combined/install/example_mode_with_executor_cpp' for CMake config files
[3.495s] Level 1:colcon.colcon_core.shell:create_environment_hook('example_mode_with_executor_cpp', 'cmake_prefix_path')
[3.495s] INFO:colcon.colcon_core.shell:Creating environment hook '/root/ws_sensor_combined/install/example_mode_with_executor_cpp/share/example_mode_with_executor_cpp/hook/cmake_prefix_path.ps1'
[3.495s] INFO:colcon.colcon_core.shell:Creating environment descriptor '/root/ws_sensor_combined/install/example_mode_with_executor_cpp/share/example_mode_with_executor_cpp/hook/cmake_prefix_path.dsv'
[3.496s] INFO:colcon.colcon_core.shell:Creating environment hook '/root/ws_sensor_combined/install/example_mode_with_executor_cpp/share/example_mode_with_executor_cpp/hook/cmake_prefix_path.sh'
[3.496s] Level 1:colcon.colcon_core.environment:checking '/root/ws_sensor_combined/install/example_mode_with_executor_cpp/lib'
[3.496s] Level 1:colcon.colcon_core.environment:checking '/root/ws_sensor_combined/install/example_mode_with_executor_cpp/bin'
[3.496s] Level 1:colcon.colcon_core.environment:checking '/root/ws_sensor_combined/install/example_mode_with_executor_cpp/lib/pkgconfig/example_mode_with_executor_cpp.pc'
[3.496s] Level 1:colcon.colcon_core.environment:checking '/root/ws_sensor_combined/install/example_mode_with_executor_cpp/lib/python3.10/site-packages'
[3.496s] Level 1:colcon.colcon_core.environment:checking '/root/ws_sensor_combined/install/example_mode_with_executor_cpp/bin'
[3.497s] INFO:colcon.colcon_core.shell:Creating package script '/root/ws_sensor_combined/install/example_mode_with_executor_cpp/share/example_mode_with_executor_cpp/package.ps1'
[3.497s] INFO:colcon.colcon_core.shell:Creating package descriptor '/root/ws_sensor_combined/install/example_mode_with_executor_cpp/share/example_mode_with_executor_cpp/package.dsv'
[3.497s] INFO:colcon.colcon_core.shell:Creating package script '/root/ws_sensor_combined/install/example_mode_with_executor_cpp/share/example_mode_with_executor_cpp/package.sh'
[3.498s] INFO:colcon.colcon_core.shell:Creating package script '/root/ws_sensor_combined/install/example_mode_with_executor_cpp/share/example_mode_with_executor_cpp/package.bash'
[3.498s] INFO:colcon.colcon_core.shell:Creating package script '/root/ws_sensor_combined/install/example_mode_with_executor_cpp/share/example_mode_with_executor_cpp/package.zsh'
[3.498s] Level 1:colcon.colcon_core.environment:create_file_with_runtime_dependencies(/root/ws_sensor_combined/install/example_mode_with_executor_cpp/share/colcon-core/packages/example_mode_with_executor_cpp)
[3.499s] Level 1:colcon.colcon_core.environment:create_environment_scripts_only(example_mode_with_executor_cpp)
[3.499s] Level 1:colcon.colcon_core.environment:checking '/root/ws_sensor_combined/install/example_mode_with_executor_cpp' for CMake module files
[3.499s] Level 1:colcon.colcon_core.environment:checking '/root/ws_sensor_combined/install/example_mode_with_executor_cpp' for CMake config files
[3.499s] Level 1:colcon.colcon_core.shell:create_environment_hook('example_mode_with_executor_cpp', 'cmake_prefix_path')
[3.499s] INFO:colcon.colcon_core.shell:Creating environment hook '/root/ws_sensor_combined/install/example_mode_with_executor_cpp/share/example_mode_with_executor_cpp/hook/cmake_prefix_path.ps1'
[3.499s] INFO:colcon.colcon_core.shell:Creating environment descriptor '/root/ws_sensor_combined/install/example_mode_with_executor_cpp/share/example_mode_with_executor_cpp/hook/cmake_prefix_path.dsv'
[3.500s] INFO:colcon.colcon_core.shell:Creating environment hook '/root/ws_sensor_combined/install/example_mode_with_executor_cpp/share/example_mode_with_executor_cpp/hook/cmake_prefix_path.sh'
[3.500s] Level 1:colcon.colcon_core.environment:checking '/root/ws_sensor_combined/install/example_mode_with_executor_cpp/lib'
[3.500s] Level 1:colcon.colcon_core.environment:checking '/root/ws_sensor_combined/install/example_mode_with_executor_cpp/bin'
[3.500s] Level 1:colcon.colcon_core.environment:checking '/root/ws_sensor_combined/install/example_mode_with_executor_cpp/lib/pkgconfig/example_mode_with_executor_cpp.pc'
[3.500s] Level 1:colcon.colcon_core.environment:checking '/root/ws_sensor_combined/install/example_mode_with_executor_cpp/lib/python3.10/site-packages'
[3.500s] Level 1:colcon.colcon_core.environment:checking '/root/ws_sensor_combined/install/example_mode_with_executor_cpp/bin'
[3.501s] INFO:colcon.colcon_core.shell:Creating package script '/root/ws_sensor_combined/install/example_mode_with_executor_cpp/share/example_mode_with_executor_cpp/package.ps1'
[3.501s] INFO:colcon.colcon_core.shell:Creating package descriptor '/root/ws_sensor_combined/install/example_mode_with_executor_cpp/share/example_mode_with_executor_cpp/package.dsv'
[3.501s] INFO:colcon.colcon_core.shell:Creating package script '/root/ws_sensor_combined/install/example_mode_with_executor_cpp/share/example_mode_with_executor_cpp/package.sh'
[3.502s] INFO:colcon.colcon_core.shell:Creating package script '/root/ws_sensor_combined/install/example_mode_with_executor_cpp/share/example_mode_with_executor_cpp/package.bash'
[3.502s] INFO:colcon.colcon_core.shell:Creating package script '/root/ws_sensor_combined/install/example_mode_with_executor_cpp/share/example_mode_with_executor_cpp/package.zsh'
[3.502s] Level 1:colcon.colcon_core.environment:create_file_with_runtime_dependencies(/root/ws_sensor_combined/install/example_mode_with_executor_cpp/share/colcon-core/packages/example_mode_with_executor_cpp)
[3.503s] DEBUG:colcon.colcon_parallel_executor.executor.parallel:closing loop
[3.503s] DEBUG:colcon.colcon_parallel_executor.executor.parallel:loop closed
[3.503s] DEBUG:colcon.colcon_parallel_executor.executor.parallel:run_until_complete finished with '0'
[3.503s] DEBUG:colcon.colcon_core.event_reactor:joining thread
[3.592s] INFO:colcon.colcon_core.plugin_system:Skipping extension 'colcon_notification.desktop_notification.notify_send': Could not find 'notify-send'
[3.592s] INFO:colcon.colcon_core.plugin_system:Skipping extension 'colcon_notification.desktop_notification.terminal_notifier': Not used on non-Darwin systems
[3.592s] INFO:colcon.colcon_core.plugin_system:Skipping extension 'colcon_notification.desktop_notification.win32': Not used on non-Windows systems
[3.592s] INFO:colcon.colcon_notification.desktop_notification:Sending desktop notification using 'notify2'
[3.592s] DEBUG:colcon.colcon_notification.desktop_notification.notify2:Failed to initialize notify2: org.freedesktop.DBus.Error.FileNotFound: Failed to connect to socket /run/user/0/bus: No such file or directory
[3.592s] DEBUG:colcon.colcon_core.event_reactor:joined thread
[3.593s] INFO:colcon.colcon_core.shell:Creating prefix script '/root/ws_sensor_combined/install/local_setup.ps1'
[3.594s] INFO:colcon.colcon_core.shell:Creating prefix util module '/root/ws_sensor_combined/install/_local_setup_util_ps1.py'
[3.595s] INFO:colcon.colcon_core.shell:Creating prefix chain script '/root/ws_sensor_combined/install/setup.ps1'
[3.596s] INFO:colcon.colcon_core.shell:Creating prefix script '/root/ws_sensor_combined/install/local_setup.sh'
[3.597s] INFO:colcon.colcon_core.shell:Creating prefix util module '/root/ws_sensor_combined/install/_local_setup_util_sh.py'
[3.597s] INFO:colcon.colcon_core.shell:Creating prefix chain script '/root/ws_sensor_combined/install/setup.sh'
[3.598s] INFO:colcon.colcon_core.shell:Creating prefix script '/root/ws_sensor_combined/install/local_setup.bash'
[3.599s] INFO:colcon.colcon_core.shell:Creating prefix chain script '/root/ws_sensor_combined/install/setup.bash'
[3.600s] INFO:colcon.colcon_core.shell:Creating prefix script '/root/ws_sensor_combined/install/local_setup.zsh'
[3.601s] INFO:colcon.colcon_core.shell:Creating prefix chain script '/root/ws_sensor_combined/install/setup.zsh'
