[0.180s] DEBUG:colcon:Command line arguments: ['/usr/bin/colcon', 'build']
[0.180s] DEBUG:colcon:Parsed command line arguments: Namespace(log_base=None, log_level=None, verb_name='build', build_base='build', install_base='install', merge_install=False, symlink_install=False, test_result_base=None, continue_on_error=False, executor='parallel', parallel_workers=20, event_handlers=None, ignore_user_meta=False, metas=['./colcon.meta'], base_paths=['.'], packages_ignore=None, packages_ignore_regex=None, paths=None, packages_up_to=None, packages_up_to_regex=None, packages_above=None, packages_above_and_dependencies=None, packages_above_depth=None, packages_select_by_dep=None, packages_skip_by_dep=None, packages_skip_up_to=None, packages_select_build_failed=False, packages_skip_build_finished=False, packages_select_test_failures=False, packages_skip_test_passed=False, packages_select=None, packages_skip=None, packages_select_regex=None, packages_skip_regex=None, packages_start=None, packages_end=None, allow_overriding=[], cmake_args=None, cmake_target=None, cmake_target_skip_unavailable=False, cmake_clean_cache=False, cmake_clean_first=False, cmake_force_configure=False, ament_cmake_args=None, catkin_cmake_args=None, catkin_skip_building_tests=False, mixin_files=None, mixin=None, verb_parser=<colcon_mixin.mixin.mixin_argument.MixinArgumentDecorator object at 0x740ae434afe0>, verb_extension=<colcon_core.verb.build.BuildVerb object at 0x740ae434a9e0>, main=<bound method BuildVerb.main of <colcon_core.verb.build.BuildVerb object at 0x740ae434a9e0>>, mixin_verb=('build',))
[0.213s] Level 1:colcon.colcon_core.package_discovery:discover_packages(colcon_meta) check parameters
[0.213s] Level 1:colcon.colcon_core.package_discovery:discover_packages(recursive) check parameters
[0.213s] Level 1:colcon.colcon_core.package_discovery:discover_packages(ignore) check parameters
[0.213s] Level 1:colcon.colcon_core.package_discovery:discover_packages(path) check parameters
[0.213s] Level 1:colcon.colcon_core.package_discovery:discover_packages(colcon_meta) discover
[0.213s] Level 1:colcon.colcon_core.package_discovery:discover_packages(recursive) discover
[0.213s] INFO:colcon.colcon_core.package_discovery:Crawling recursively for packages in '/root/ws_sensor_combined'
[0.213s] Level 1:colcon.colcon_core.package_identification:_identify(.) by extensions ['ignore', 'ignore_ament_install']
[0.213s] Level 1:colcon.colcon_core.package_identification:_identify(.) by extension 'ignore'
[0.213s] Level 1:colcon.colcon_core.package_identification:_identify(.) by extension 'ignore_ament_install'
[0.213s] Level 1:colcon.colcon_core.package_identification:_identify(.) by extensions ['colcon_pkg']
[0.213s] Level 1:colcon.colcon_core.package_identification:_identify(.) by extension 'colcon_pkg'
[0.213s] Level 1:colcon.colcon_core.package_identification:_identify(.) by extensions ['colcon_meta']
[0.213s] Level 1:colcon.colcon_core.package_identification:_identify(.) by extension 'colcon_meta'
[0.213s] Level 1:colcon.colcon_core.package_identification:_identify(.) by extensions ['ros']
[0.213s] Level 1:colcon.colcon_core.package_identification:_identify(.) by extension 'ros'
[0.224s] Level 1:colcon.colcon_core.package_identification:_identify(.) by extensions ['cmake', 'python']
[0.224s] Level 1:colcon.colcon_core.package_identification:_identify(.) by extension 'cmake'
[0.225s] Level 1:colcon.colcon_core.package_identification:_identify(.) by extension 'python'
[0.225s] Level 1:colcon.colcon_core.package_identification:_identify(.) by extensions ['python_setup_py']
[0.225s] Level 1:colcon.colcon_core.package_identification:_identify(.) by extension 'python_setup_py'
[0.225s] Level 1:colcon.colcon_core.package_identification:_identify(build) by extensions ['ignore', 'ignore_ament_install']
[0.225s] Level 1:colcon.colcon_core.package_identification:_identify(build) by extension 'ignore'
[0.225s] Level 1:colcon.colcon_core.package_identification:_identify(build) ignored
[0.225s] Level 1:colcon.colcon_core.package_identification:_identify(install) by extensions ['ignore', 'ignore_ament_install']
[0.226s] Level 1:colcon.colcon_core.package_identification:_identify(install) by extension 'ignore'
[0.226s] Level 1:colcon.colcon_core.package_identification:_identify(install) ignored
[0.226s] Level 1:colcon.colcon_core.package_identification:_identify(log) by extensions ['ignore', 'ignore_ament_install']
[0.226s] Level 1:colcon.colcon_core.package_identification:_identify(log) by extension 'ignore'
[0.226s] Level 1:colcon.colcon_core.package_identification:_identify(log) ignored
[0.226s] Level 1:colcon.colcon_core.package_identification:_identify(rgb_images) by extensions ['ignore', 'ignore_ament_install']
[0.226s] Level 1:colcon.colcon_core.package_identification:_identify(rgb_images) by extension 'ignore'
[0.226s] Level 1:colcon.colcon_core.package_identification:_identify(rgb_images) by extension 'ignore_ament_install'
[0.226s] Level 1:colcon.colcon_core.package_identification:_identify(rgb_images) by extensions ['colcon_pkg']
[0.226s] Level 1:colcon.colcon_core.package_identification:_identify(rgb_images) by extension 'colcon_pkg'
[0.226s] Level 1:colcon.colcon_core.package_identification:_identify(rgb_images) by extensions ['colcon_meta']
[0.226s] Level 1:colcon.colcon_core.package_identification:_identify(rgb_images) by extension 'colcon_meta'
[0.226s] Level 1:colcon.colcon_core.package_identification:_identify(rgb_images) by extensions ['ros']
[0.226s] Level 1:colcon.colcon_core.package_identification:_identify(rgb_images) by extension 'ros'
[0.226s] Level 1:colcon.colcon_core.package_identification:_identify(rgb_images) by extensions ['cmake', 'python']
[0.226s] Level 1:colcon.colcon_core.package_identification:_identify(rgb_images) by extension 'cmake'
[0.226s] Level 1:colcon.colcon_core.package_identification:_identify(rgb_images) by extension 'python'
[0.226s] Level 1:colcon.colcon_core.package_identification:_identify(rgb_images) by extensions ['python_setup_py']
[0.226s] Level 1:colcon.colcon_core.package_identification:_identify(rgb_images) by extension 'python_setup_py'
[0.226s] Level 1:colcon.colcon_core.package_identification:_identify(src) by extensions ['ignore', 'ignore_ament_install']
[0.226s] Level 1:colcon.colcon_core.package_identification:_identify(src) by extension 'ignore'
[0.226s] Level 1:colcon.colcon_core.package_identification:_identify(src) by extension 'ignore_ament_install'
[0.226s] Level 1:colcon.colcon_core.package_identification:_identify(src) by extensions ['colcon_pkg']
[0.226s] Level 1:colcon.colcon_core.package_identification:_identify(src) by extension 'colcon_pkg'
[0.226s] Level 1:colcon.colcon_core.package_identification:_identify(src) by extensions ['colcon_meta']
[0.226s] Level 1:colcon.colcon_core.package_identification:_identify(src) by extension 'colcon_meta'
[0.226s] Level 1:colcon.colcon_core.package_identification:_identify(src) by extensions ['ros']
[0.226s] Level 1:colcon.colcon_core.package_identification:_identify(src) by extension 'ros'
[0.226s] Level 1:colcon.colcon_core.package_identification:_identify(src) by extensions ['cmake', 'python']
[0.226s] Level 1:colcon.colcon_core.package_identification:_identify(src) by extension 'cmake'
[0.226s] Level 1:colcon.colcon_core.package_identification:_identify(src) by extension 'python'
[0.226s] Level 1:colcon.colcon_core.package_identification:_identify(src) by extensions ['python_setup_py']
[0.226s] Level 1:colcon.colcon_core.package_identification:_identify(src) by extension 'python_setup_py'
[0.227s] Level 1:colcon.colcon_core.package_identification:_identify(src/px4-ros2-interface-lib) by extensions ['ignore', 'ignore_ament_install']
[0.227s] Level 1:colcon.colcon_core.package_identification:_identify(src/px4-ros2-interface-lib) by extension 'ignore'
[0.227s] Level 1:colcon.colcon_core.package_identification:_identify(src/px4-ros2-interface-lib) by extension 'ignore_ament_install'
[0.227s] Level 1:colcon.colcon_core.package_identification:_identify(src/px4-ros2-interface-lib) by extensions ['colcon_pkg']
[0.227s] Level 1:colcon.colcon_core.package_identification:_identify(src/px4-ros2-interface-lib) by extension 'colcon_pkg'
[0.227s] Level 1:colcon.colcon_core.package_identification:_identify(src/px4-ros2-interface-lib) by extensions ['colcon_meta']
[0.227s] Level 1:colcon.colcon_core.package_identification:_identify(src/px4-ros2-interface-lib) by extension 'colcon_meta'
[0.227s] Level 1:colcon.colcon_core.package_identification:_identify(src/px4-ros2-interface-lib) by extensions ['ros']
[0.227s] Level 1:colcon.colcon_core.package_identification:_identify(src/px4-ros2-interface-lib) by extension 'ros'
[0.227s] Level 1:colcon.colcon_core.package_identification:_identify(src/px4-ros2-interface-lib) by extensions ['cmake', 'python']
[0.227s] Level 1:colcon.colcon_core.package_identification:_identify(src/px4-ros2-interface-lib) by extension 'cmake'
[0.227s] Level 1:colcon.colcon_core.package_identification:_identify(src/px4-ros2-interface-lib) by extension 'python'
[0.227s] Level 1:colcon.colcon_core.package_identification:_identify(src/px4-ros2-interface-lib) by extensions ['python_setup_py']
[0.227s] Level 1:colcon.colcon_core.package_identification:_identify(src/px4-ros2-interface-lib) by extension 'python_setup_py'
[0.227s] Level 1:colcon.colcon_core.package_identification:_identify(src/px4-ros2-interface-lib/examples) by extensions ['ignore', 'ignore_ament_install']
[0.227s] Level 1:colcon.colcon_core.package_identification:_identify(src/px4-ros2-interface-lib/examples) by extension 'ignore'
[0.227s] Level 1:colcon.colcon_core.package_identification:_identify(src/px4-ros2-interface-lib/examples) by extension 'ignore_ament_install'
[0.227s] Level 1:colcon.colcon_core.package_identification:_identify(src/px4-ros2-interface-lib/examples) by extensions ['colcon_pkg']
[0.227s] Level 1:colcon.colcon_core.package_identification:_identify(src/px4-ros2-interface-lib/examples) by extension 'colcon_pkg'
[0.227s] Level 1:colcon.colcon_core.package_identification:_identify(src/px4-ros2-interface-lib/examples) by extensions ['colcon_meta']
[0.227s] Level 1:colcon.colcon_core.package_identification:_identify(src/px4-ros2-interface-lib/examples) by extension 'colcon_meta'
[0.227s] Level 1:colcon.colcon_core.package_identification:_identify(src/px4-ros2-interface-lib/examples) by extensions ['ros']
[0.227s] Level 1:colcon.colcon_core.package_identification:_identify(src/px4-ros2-interface-lib/examples) by extension 'ros'
[0.227s] Level 1:colcon.colcon_core.package_identification:_identify(src/px4-ros2-interface-lib/examples) by extensions ['cmake', 'python']
[0.227s] Level 1:colcon.colcon_core.package_identification:_identify(src/px4-ros2-interface-lib/examples) by extension 'cmake'
[0.227s] Level 1:colcon.colcon_core.package_identification:_identify(src/px4-ros2-interface-lib/examples) by extension 'python'
[0.227s] Level 1:colcon.colcon_core.package_identification:_identify(src/px4-ros2-interface-lib/examples) by extensions ['python_setup_py']
[0.227s] Level 1:colcon.colcon_core.package_identification:_identify(src/px4-ros2-interface-lib/examples) by extension 'python_setup_py'
[0.227s] Level 1:colcon.colcon_core.package_identification:_identify(src/px4-ros2-interface-lib/examples/cpp) by extensions ['ignore', 'ignore_ament_install']
[0.227s] Level 1:colcon.colcon_core.package_identification:_identify(src/px4-ros2-interface-lib/examples/cpp) by extension 'ignore'
[0.227s] Level 1:colcon.colcon_core.package_identification:_identify(src/px4-ros2-interface-lib/examples/cpp) by extension 'ignore_ament_install'
[0.227s] Level 1:colcon.colcon_core.package_identification:_identify(src/px4-ros2-interface-lib/examples/cpp) by extensions ['colcon_pkg']
[0.227s] Level 1:colcon.colcon_core.package_identification:_identify(src/px4-ros2-interface-lib/examples/cpp) by extension 'colcon_pkg'
[0.227s] Level 1:colcon.colcon_core.package_identification:_identify(src/px4-ros2-interface-lib/examples/cpp) by extensions ['colcon_meta']
[0.227s] Level 1:colcon.colcon_core.package_identification:_identify(src/px4-ros2-interface-lib/examples/cpp) by extension 'colcon_meta'
[0.227s] Level 1:colcon.colcon_core.package_identification:_identify(src/px4-ros2-interface-lib/examples/cpp) by extensions ['ros']
[0.228s] Level 1:colcon.colcon_core.package_identification:_identify(src/px4-ros2-interface-lib/examples/cpp) by extension 'ros'
[0.228s] Level 1:colcon.colcon_core.package_identification:_identify(src/px4-ros2-interface-lib/examples/cpp) by extensions ['cmake', 'python']
[0.228s] Level 1:colcon.colcon_core.package_identification:_identify(src/px4-ros2-interface-lib/examples/cpp) by extension 'cmake'
[0.228s] Level 1:colcon.colcon_core.package_identification:_identify(src/px4-ros2-interface-lib/examples/cpp) by extension 'python'
[0.228s] Level 1:colcon.colcon_core.package_identification:_identify(src/px4-ros2-interface-lib/examples/cpp) by extensions ['python_setup_py']
[0.228s] Level 1:colcon.colcon_core.package_identification:_identify(src/px4-ros2-interface-lib/examples/cpp) by extension 'python_setup_py'
[0.228s] Level 1:colcon.colcon_core.package_identification:_identify(src/px4-ros2-interface-lib/examples/cpp/modes) by extensions ['ignore', 'ignore_ament_install']
[0.228s] Level 1:colcon.colcon_core.package_identification:_identify(src/px4-ros2-interface-lib/examples/cpp/modes) by extension 'ignore'
[0.228s] Level 1:colcon.colcon_core.package_identification:_identify(src/px4-ros2-interface-lib/examples/cpp/modes) by extension 'ignore_ament_install'
[0.228s] Level 1:colcon.colcon_core.package_identification:_identify(src/px4-ros2-interface-lib/examples/cpp/modes) by extensions ['colcon_pkg']
[0.228s] Level 1:colcon.colcon_core.package_identification:_identify(src/px4-ros2-interface-lib/examples/cpp/modes) by extension 'colcon_pkg'
[0.228s] Level 1:colcon.colcon_core.package_identification:_identify(src/px4-ros2-interface-lib/examples/cpp/modes) by extensions ['colcon_meta']
[0.228s] Level 1:colcon.colcon_core.package_identification:_identify(src/px4-ros2-interface-lib/examples/cpp/modes) by extension 'colcon_meta'
[0.228s] Level 1:colcon.colcon_core.package_identification:_identify(src/px4-ros2-interface-lib/examples/cpp/modes) by extensions ['ros']
[0.228s] Level 1:colcon.colcon_core.package_identification:_identify(src/px4-ros2-interface-lib/examples/cpp/modes) by extension 'ros'
[0.228s] Level 1:colcon.colcon_core.package_identification:_identify(src/px4-ros2-interface-lib/examples/cpp/modes) by extensions ['cmake', 'python']
[0.228s] Level 1:colcon.colcon_core.package_identification:_identify(src/px4-ros2-interface-lib/examples/cpp/modes) by extension 'cmake'
[0.228s] Level 1:colcon.colcon_core.package_identification:_identify(src/px4-ros2-interface-lib/examples/cpp/modes) by extension 'python'
[0.228s] Level 1:colcon.colcon_core.package_identification:_identify(src/px4-ros2-interface-lib/examples/cpp/modes) by extensions ['python_setup_py']
[0.228s] Level 1:colcon.colcon_core.package_identification:_identify(src/px4-ros2-interface-lib/examples/cpp/modes) by extension 'python_setup_py'
[0.228s] Level 1:colcon.colcon_core.package_identification:_identify(src/px4-ros2-interface-lib/examples/cpp/modes/executor_with_multiple_modes) by extensions ['ignore', 'ignore_ament_install']
[0.228s] Level 1:colcon.colcon_core.package_identification:_identify(src/px4-ros2-interface-lib/examples/cpp/modes/executor_with_multiple_modes) by extension 'ignore'
[0.228s] Level 1:colcon.colcon_core.package_identification:_identify(src/px4-ros2-interface-lib/examples/cpp/modes/executor_with_multiple_modes) by extension 'ignore_ament_install'
[0.228s] Level 1:colcon.colcon_core.package_identification:_identify(src/px4-ros2-interface-lib/examples/cpp/modes/executor_with_multiple_modes) by extensions ['colcon_pkg']
[0.228s] Level 1:colcon.colcon_core.package_identification:_identify(src/px4-ros2-interface-lib/examples/cpp/modes/executor_with_multiple_modes) by extension 'colcon_pkg'
[0.228s] Level 1:colcon.colcon_core.package_identification:_identify(src/px4-ros2-interface-lib/examples/cpp/modes/executor_with_multiple_modes) by extensions ['colcon_meta']
[0.228s] Level 1:colcon.colcon_core.package_identification:_identify(src/px4-ros2-interface-lib/examples/cpp/modes/executor_with_multiple_modes) by extension 'colcon_meta'
[0.228s] Level 1:colcon.colcon_core.package_identification:_identify(src/px4-ros2-interface-lib/examples/cpp/modes/executor_with_multiple_modes) by extensions ['ros']
[0.228s] Level 1:colcon.colcon_core.package_identification:_identify(src/px4-ros2-interface-lib/examples/cpp/modes/executor_with_multiple_modes) by extension 'ros'
[0.230s] DEBUG:colcon.colcon_core.package_identification:Package 'src/px4-ros2-interface-lib/examples/cpp/modes/executor_with_multiple_modes' with type 'ros.ament_cmake' and name 'example_executor_with_multiple_modes_cpp'
[0.230s] Level 1:colcon.colcon_core.package_identification:_identify(src/px4-ros2-interface-lib/examples/cpp/modes/fw_attitude) by extensions ['ignore', 'ignore_ament_install']
[0.230s] Level 1:colcon.colcon_core.package_identification:_identify(src/px4-ros2-interface-lib/examples/cpp/modes/fw_attitude) by extension 'ignore'
[0.230s] Level 1:colcon.colcon_core.package_identification:_identify(src/px4-ros2-interface-lib/examples/cpp/modes/fw_attitude) by extension 'ignore_ament_install'
[0.230s] Level 1:colcon.colcon_core.package_identification:_identify(src/px4-ros2-interface-lib/examples/cpp/modes/fw_attitude) by extensions ['colcon_pkg']
[0.230s] Level 1:colcon.colcon_core.package_identification:_identify(src/px4-ros2-interface-lib/examples/cpp/modes/fw_attitude) by extension 'colcon_pkg'
[0.230s] Level 1:colcon.colcon_core.package_identification:_identify(src/px4-ros2-interface-lib/examples/cpp/modes/fw_attitude) by extensions ['colcon_meta']
[0.230s] Level 1:colcon.colcon_core.package_identification:_identify(src/px4-ros2-interface-lib/examples/cpp/modes/fw_attitude) by extension 'colcon_meta'
[0.230s] Level 1:colcon.colcon_core.package_identification:_identify(src/px4-ros2-interface-lib/examples/cpp/modes/fw_attitude) by extensions ['ros']
[0.230s] Level 1:colcon.colcon_core.package_identification:_identify(src/px4-ros2-interface-lib/examples/cpp/modes/fw_attitude) by extension 'ros'
[0.231s] DEBUG:colcon.colcon_core.package_identification:Package 'src/px4-ros2-interface-lib/examples/cpp/modes/fw_attitude' with type 'ros.ament_cmake' and name 'example_mode_fw_attitude_cpp'
[0.231s] Level 1:colcon.colcon_core.package_identification:_identify(src/px4-ros2-interface-lib/examples/cpp/modes/goto) by extensions ['ignore', 'ignore_ament_install']
[0.231s] Level 1:colcon.colcon_core.package_identification:_identify(src/px4-ros2-interface-lib/examples/cpp/modes/goto) by extension 'ignore'
[0.231s] Level 1:colcon.colcon_core.package_identification:_identify(src/px4-ros2-interface-lib/examples/cpp/modes/goto) by extension 'ignore_ament_install'
[0.231s] Level 1:colcon.colcon_core.package_identification:_identify(src/px4-ros2-interface-lib/examples/cpp/modes/goto) by extensions ['colcon_pkg']
[0.231s] Level 1:colcon.colcon_core.package_identification:_identify(src/px4-ros2-interface-lib/examples/cpp/modes/goto) by extension 'colcon_pkg'
[0.231s] Level 1:colcon.colcon_core.package_identification:_identify(src/px4-ros2-interface-lib/examples/cpp/modes/goto) by extensions ['colcon_meta']
[0.231s] Level 1:colcon.colcon_core.package_identification:_identify(src/px4-ros2-interface-lib/examples/cpp/modes/goto) by extension 'colcon_meta'
[0.231s] Level 1:colcon.colcon_core.package_identification:_identify(src/px4-ros2-interface-lib/examples/cpp/modes/goto) by extensions ['ros']
[0.231s] Level 1:colcon.colcon_core.package_identification:_identify(src/px4-ros2-interface-lib/examples/cpp/modes/goto) by extension 'ros'
[0.232s] DEBUG:colcon.colcon_core.package_identification:Package 'src/px4-ros2-interface-lib/examples/cpp/modes/goto' with type 'ros.ament_cmake' and name 'example_mode_goto_cpp'
[0.232s] Level 1:colcon.colcon_core.package_identification:_identify(src/px4-ros2-interface-lib/examples/cpp/modes/goto_global) by extensions ['ignore', 'ignore_ament_install']
[0.232s] Level 1:colcon.colcon_core.package_identification:_identify(src/px4-ros2-interface-lib/examples/cpp/modes/goto_global) by extension 'ignore'
[0.232s] Level 1:colcon.colcon_core.package_identification:_identify(src/px4-ros2-interface-lib/examples/cpp/modes/goto_global) by extension 'ignore_ament_install'
[0.232s] Level 1:colcon.colcon_core.package_identification:_identify(src/px4-ros2-interface-lib/examples/cpp/modes/goto_global) by extensions ['colcon_pkg']
[0.232s] Level 1:colcon.colcon_core.package_identification:_identify(src/px4-ros2-interface-lib/examples/cpp/modes/goto_global) by extension 'colcon_pkg'
[0.232s] Level 1:colcon.colcon_core.package_identification:_identify(src/px4-ros2-interface-lib/examples/cpp/modes/goto_global) by extensions ['colcon_meta']
[0.232s] Level 1:colcon.colcon_core.package_identification:_identify(src/px4-ros2-interface-lib/examples/cpp/modes/goto_global) by extension 'colcon_meta'
[0.232s] Level 1:colcon.colcon_core.package_identification:_identify(src/px4-ros2-interface-lib/examples/cpp/modes/goto_global) by extensions ['ros']
[0.232s] Level 1:colcon.colcon_core.package_identification:_identify(src/px4-ros2-interface-lib/examples/cpp/modes/goto_global) by extension 'ros'
[0.232s] DEBUG:colcon.colcon_core.package_identification:Package 'src/px4-ros2-interface-lib/examples/cpp/modes/goto_global' with type 'ros.ament_cmake' and name 'example_mode_goto_global_cpp'
[0.232s] Level 1:colcon.colcon_core.package_identification:_identify(src/px4-ros2-interface-lib/examples/cpp/modes/manual) by extensions ['ignore', 'ignore_ament_install']
[0.232s] Level 1:colcon.colcon_core.package_identification:_identify(src/px4-ros2-interface-lib/examples/cpp/modes/manual) by extension 'ignore'
[0.232s] Level 1:colcon.colcon_core.package_identification:_identify(src/px4-ros2-interface-lib/examples/cpp/modes/manual) by extension 'ignore_ament_install'
[0.233s] Level 1:colcon.colcon_core.package_identification:_identify(src/px4-ros2-interface-lib/examples/cpp/modes/manual) by extensions ['colcon_pkg']
[0.233s] Level 1:colcon.colcon_core.package_identification:_identify(src/px4-ros2-interface-lib/examples/cpp/modes/manual) by extension 'colcon_pkg'
[0.233s] Level 1:colcon.colcon_core.package_identification:_identify(src/px4-ros2-interface-lib/examples/cpp/modes/manual) by extensions ['colcon_meta']
[0.233s] Level 1:colcon.colcon_core.package_identification:_identify(src/px4-ros2-interface-lib/examples/cpp/modes/manual) by extension 'colcon_meta'
[0.233s] Level 1:colcon.colcon_core.package_identification:_identify(src/px4-ros2-interface-lib/examples/cpp/modes/manual) by extensions ['ros']
[0.233s] Level 1:colcon.colcon_core.package_identification:_identify(src/px4-ros2-interface-lib/examples/cpp/modes/manual) by extension 'ros'
[0.233s] DEBUG:colcon.colcon_core.package_identification:Package 'src/px4-ros2-interface-lib/examples/cpp/modes/manual' with type 'ros.ament_cmake' and name 'example_mode_manual_cpp'
[0.233s] Level 1:colcon.colcon_core.package_identification:_identify(src/px4-ros2-interface-lib/examples/cpp/modes/mode_with_executor) by extensions ['ignore', 'ignore_ament_install']
[0.233s] Level 1:colcon.colcon_core.package_identification:_identify(src/px4-ros2-interface-lib/examples/cpp/modes/mode_with_executor) by extension 'ignore'
[0.233s] Level 1:colcon.colcon_core.package_identification:_identify(src/px4-ros2-interface-lib/examples/cpp/modes/mode_with_executor) by extension 'ignore_ament_install'
[0.233s] Level 1:colcon.colcon_core.package_identification:_identify(src/px4-ros2-interface-lib/examples/cpp/modes/mode_with_executor) by extensions ['colcon_pkg']
[0.233s] Level 1:colcon.colcon_core.package_identification:_identify(src/px4-ros2-interface-lib/examples/cpp/modes/mode_with_executor) by extension 'colcon_pkg'
[0.233s] Level 1:colcon.colcon_core.package_identification:_identify(src/px4-ros2-interface-lib/examples/cpp/modes/mode_with_executor) by extensions ['colcon_meta']
[0.233s] Level 1:colcon.colcon_core.package_identification:_identify(src/px4-ros2-interface-lib/examples/cpp/modes/mode_with_executor) by extension 'colcon_meta'
[0.233s] Level 1:colcon.colcon_core.package_identification:_identify(src/px4-ros2-interface-lib/examples/cpp/modes/mode_with_executor) by extensions ['ros']
[0.233s] Level 1:colcon.colcon_core.package_identification:_identify(src/px4-ros2-interface-lib/examples/cpp/modes/mode_with_executor) by extension 'ros'
[0.234s] DEBUG:colcon.colcon_core.package_identification:Package 'src/px4-ros2-interface-lib/examples/cpp/modes/mode_with_executor' with type 'ros.ament_cmake' and name 'example_mode_with_executor_cpp'
[0.234s] Level 1:colcon.colcon_core.package_identification:_identify(src/px4-ros2-interface-lib/examples/cpp/modes/rtl_replacement) by extensions ['ignore', 'ignore_ament_install']
[0.234s] Level 1:colcon.colcon_core.package_identification:_identify(src/px4-ros2-interface-lib/examples/cpp/modes/rtl_replacement) by extension 'ignore'
[0.234s] Level 1:colcon.colcon_core.package_identification:_identify(src/px4-ros2-interface-lib/examples/cpp/modes/rtl_replacement) by extension 'ignore_ament_install'
[0.234s] Level 1:colcon.colcon_core.package_identification:_identify(src/px4-ros2-interface-lib/examples/cpp/modes/rtl_replacement) by extensions ['colcon_pkg']
[0.234s] Level 1:colcon.colcon_core.package_identification:_identify(src/px4-ros2-interface-lib/examples/cpp/modes/rtl_replacement) by extension 'colcon_pkg'
[0.234s] Level 1:colcon.colcon_core.package_identification:_identify(src/px4-ros2-interface-lib/examples/cpp/modes/rtl_replacement) by extensions ['colcon_meta']
[0.234s] Level 1:colcon.colcon_core.package_identification:_identify(src/px4-ros2-interface-lib/examples/cpp/modes/rtl_replacement) by extension 'colcon_meta'
[0.234s] Level 1:colcon.colcon_core.package_identification:_identify(src/px4-ros2-interface-lib/examples/cpp/modes/rtl_replacement) by extensions ['ros']
[0.234s] Level 1:colcon.colcon_core.package_identification:_identify(src/px4-ros2-interface-lib/examples/cpp/modes/rtl_replacement) by extension 'ros'
[0.235s] DEBUG:colcon.colcon_core.package_identification:Package 'src/px4-ros2-interface-lib/examples/cpp/modes/rtl_replacement' with type 'ros.ament_cmake' and name 'example_mode_rtl_replacement_cpp'
[0.235s] Level 1:colcon.colcon_core.package_identification:_identify(src/px4-ros2-interface-lib/examples/cpp/modes/vtol) by extensions ['ignore', 'ignore_ament_install']
[0.235s] Level 1:colcon.colcon_core.package_identification:_identify(src/px4-ros2-interface-lib/examples/cpp/modes/vtol) by extension 'ignore'
[0.235s] Level 1:colcon.colcon_core.package_identification:_identify(src/px4-ros2-interface-lib/examples/cpp/modes/vtol) by extension 'ignore_ament_install'
[0.235s] Level 1:colcon.colcon_core.package_identification:_identify(src/px4-ros2-interface-lib/examples/cpp/modes/vtol) by extensions ['colcon_pkg']
[0.235s] Level 1:colcon.colcon_core.package_identification:_identify(src/px4-ros2-interface-lib/examples/cpp/modes/vtol) by extension 'colcon_pkg'
[0.235s] Level 1:colcon.colcon_core.package_identification:_identify(src/px4-ros2-interface-lib/examples/cpp/modes/vtol) by extensions ['colcon_meta']
[0.235s] Level 1:colcon.colcon_core.package_identification:_identify(src/px4-ros2-interface-lib/examples/cpp/modes/vtol) by extension 'colcon_meta'
[0.235s] Level 1:colcon.colcon_core.package_identification:_identify(src/px4-ros2-interface-lib/examples/cpp/modes/vtol) by extensions ['ros']
[0.235s] Level 1:colcon.colcon_core.package_identification:_identify(src/px4-ros2-interface-lib/examples/cpp/modes/vtol) by extension 'ros'
[0.236s] DEBUG:colcon.colcon_core.package_identification:Package 'src/px4-ros2-interface-lib/examples/cpp/modes/vtol' with type 'ros.ament_cmake' and name 'example_mode_vtol_cpp'
[0.236s] Level 1:colcon.colcon_core.package_identification:_identify(src/px4-ros2-interface-lib/examples/cpp/navigation) by extensions ['ignore', 'ignore_ament_install']
[0.236s] Level 1:colcon.colcon_core.package_identification:_identify(src/px4-ros2-interface-lib/examples/cpp/navigation) by extension 'ignore'
[0.236s] Level 1:colcon.colcon_core.package_identification:_identify(src/px4-ros2-interface-lib/examples/cpp/navigation) by extension 'ignore_ament_install'
[0.236s] Level 1:colcon.colcon_core.package_identification:_identify(src/px4-ros2-interface-lib/examples/cpp/navigation) by extensions ['colcon_pkg']
[0.236s] Level 1:colcon.colcon_core.package_identification:_identify(src/px4-ros2-interface-lib/examples/cpp/navigation) by extension 'colcon_pkg'
[0.236s] Level 1:colcon.colcon_core.package_identification:_identify(src/px4-ros2-interface-lib/examples/cpp/navigation) by extensions ['colcon_meta']
[0.236s] Level 1:colcon.colcon_core.package_identification:_identify(src/px4-ros2-interface-lib/examples/cpp/navigation) by extension 'colcon_meta'
[0.236s] Level 1:colcon.colcon_core.package_identification:_identify(src/px4-ros2-interface-lib/examples/cpp/navigation) by extensions ['ros']
[0.236s] Level 1:colcon.colcon_core.package_identification:_identify(src/px4-ros2-interface-lib/examples/cpp/navigation) by extension 'ros'
[0.236s] Level 1:colcon.colcon_core.package_identification:_identify(src/px4-ros2-interface-lib/examples/cpp/navigation) by extensions ['cmake', 'python']
[0.236s] Level 1:colcon.colcon_core.package_identification:_identify(src/px4-ros2-interface-lib/examples/cpp/navigation) by extension 'cmake'
[0.236s] Level 1:colcon.colcon_core.package_identification:_identify(src/px4-ros2-interface-lib/examples/cpp/navigation) by extension 'python'
[0.236s] Level 1:colcon.colcon_core.package_identification:_identify(src/px4-ros2-interface-lib/examples/cpp/navigation) by extensions ['python_setup_py']
[0.236s] Level 1:colcon.colcon_core.package_identification:_identify(src/px4-ros2-interface-lib/examples/cpp/navigation) by extension 'python_setup_py'
[0.236s] Level 1:colcon.colcon_core.package_identification:_identify(src/px4-ros2-interface-lib/examples/cpp/navigation/global_navigation) by extensions ['ignore', 'ignore_ament_install']
[0.236s] Level 1:colcon.colcon_core.package_identification:_identify(src/px4-ros2-interface-lib/examples/cpp/navigation/global_navigation) by extension 'ignore'
[0.236s] Level 1:colcon.colcon_core.package_identification:_identify(src/px4-ros2-interface-lib/examples/cpp/navigation/global_navigation) by extension 'ignore_ament_install'
[0.236s] Level 1:colcon.colcon_core.package_identification:_identify(src/px4-ros2-interface-lib/examples/cpp/navigation/global_navigation) by extensions ['colcon_pkg']
[0.236s] Level 1:colcon.colcon_core.package_identification:_identify(src/px4-ros2-interface-lib/examples/cpp/navigation/global_navigation) by extension 'colcon_pkg'
[0.236s] Level 1:colcon.colcon_core.package_identification:_identify(src/px4-ros2-interface-lib/examples/cpp/navigation/global_navigation) by extensions ['colcon_meta']
[0.236s] Level 1:colcon.colcon_core.package_identification:_identify(src/px4-ros2-interface-lib/examples/cpp/navigation/global_navigation) by extension 'colcon_meta'
[0.236s] Level 1:colcon.colcon_core.package_identification:_identify(src/px4-ros2-interface-lib/examples/cpp/navigation/global_navigation) by extensions ['ros']
[0.236s] Level 1:colcon.colcon_core.package_identification:_identify(src/px4-ros2-interface-lib/examples/cpp/navigation/global_navigation) by extension 'ros'
[0.237s] DEBUG:colcon.colcon_core.package_identification:Package 'src/px4-ros2-interface-lib/examples/cpp/navigation/global_navigation' with type 'ros.ament_cmake' and name 'example_global_navigation_cpp'
[0.237s] Level 1:colcon.colcon_core.package_identification:_identify(src/px4-ros2-interface-lib/examples/cpp/navigation/local_navigation) by extensions ['ignore', 'ignore_ament_install']
[0.237s] Level 1:colcon.colcon_core.package_identification:_identify(src/px4-ros2-interface-lib/examples/cpp/navigation/local_navigation) by extension 'ignore'
[0.237s] Level 1:colcon.colcon_core.package_identification:_identify(src/px4-ros2-interface-lib/examples/cpp/navigation/local_navigation) by extension 'ignore_ament_install'
[0.237s] Level 1:colcon.colcon_core.package_identification:_identify(src/px4-ros2-interface-lib/examples/cpp/navigation/local_navigation) by extensions ['colcon_pkg']
[0.237s] Level 1:colcon.colcon_core.package_identification:_identify(src/px4-ros2-interface-lib/examples/cpp/navigation/local_navigation) by extension 'colcon_pkg'
[0.237s] Level 1:colcon.colcon_core.package_identification:_identify(src/px4-ros2-interface-lib/examples/cpp/navigation/local_navigation) by extensions ['colcon_meta']
[0.237s] Level 1:colcon.colcon_core.package_identification:_identify(src/px4-ros2-interface-lib/examples/cpp/navigation/local_navigation) by extension 'colcon_meta'
[0.238s] Level 1:colcon.colcon_core.package_identification:_identify(src/px4-ros2-interface-lib/examples/cpp/navigation/local_navigation) by extensions ['ros']
[0.238s] Level 1:colcon.colcon_core.package_identification:_identify(src/px4-ros2-interface-lib/examples/cpp/navigation/local_navigation) by extension 'ros'
[0.238s] DEBUG:colcon.colcon_core.package_identification:Package 'src/px4-ros2-interface-lib/examples/cpp/navigation/local_navigation' with type 'ros.ament_cmake' and name 'example_local_navigation_cpp'
[0.238s] Level 1:colcon.colcon_core.package_identification:_identify(src/px4-ros2-interface-lib/px4_ros2_cpp) by extensions ['ignore', 'ignore_ament_install']
[0.238s] Level 1:colcon.colcon_core.package_identification:_identify(src/px4-ros2-interface-lib/px4_ros2_cpp) by extension 'ignore'
[0.238s] Level 1:colcon.colcon_core.package_identification:_identify(src/px4-ros2-interface-lib/px4_ros2_cpp) by extension 'ignore_ament_install'
[0.238s] Level 1:colcon.colcon_core.package_identification:_identify(src/px4-ros2-interface-lib/px4_ros2_cpp) by extensions ['colcon_pkg']
[0.239s] Level 1:colcon.colcon_core.package_identification:_identify(src/px4-ros2-interface-lib/px4_ros2_cpp) by extension 'colcon_pkg'
[0.239s] Level 1:colcon.colcon_core.package_identification:_identify(src/px4-ros2-interface-lib/px4_ros2_cpp) by extensions ['colcon_meta']
[0.239s] Level 1:colcon.colcon_core.package_identification:_identify(src/px4-ros2-interface-lib/px4_ros2_cpp) by extension 'colcon_meta'
[0.239s] Level 1:colcon.colcon_core.package_identification:_identify(src/px4-ros2-interface-lib/px4_ros2_cpp) by extensions ['ros']
[0.239s] Level 1:colcon.colcon_core.package_identification:_identify(src/px4-ros2-interface-lib/px4_ros2_cpp) by extension 'ros'
[0.239s] DEBUG:colcon.colcon_core.package_identification:Package 'src/px4-ros2-interface-lib/px4_ros2_cpp' with type 'ros.ament_cmake' and name 'px4_ros2_cpp'
[0.239s] Level 1:colcon.colcon_core.package_identification:_identify(src/px4-ros2-interface-lib/scripts) by extensions ['ignore', 'ignore_ament_install']
[0.239s] Level 1:colcon.colcon_core.package_identification:_identify(src/px4-ros2-interface-lib/scripts) by extension 'ignore'
[0.239s] Level 1:colcon.colcon_core.package_identification:_identify(src/px4-ros2-interface-lib/scripts) by extension 'ignore_ament_install'
[0.239s] Level 1:colcon.colcon_core.package_identification:_identify(src/px4-ros2-interface-lib/scripts) by extensions ['colcon_pkg']
[0.239s] Level 1:colcon.colcon_core.package_identification:_identify(src/px4-ros2-interface-lib/scripts) by extension 'colcon_pkg'
[0.239s] Level 1:colcon.colcon_core.package_identification:_identify(src/px4-ros2-interface-lib/scripts) by extensions ['colcon_meta']
[0.239s] Level 1:colcon.colcon_core.package_identification:_identify(src/px4-ros2-interface-lib/scripts) by extension 'colcon_meta'
[0.239s] Level 1:colcon.colcon_core.package_identification:_identify(src/px4-ros2-interface-lib/scripts) by extensions ['ros']
[0.239s] Level 1:colcon.colcon_core.package_identification:_identify(src/px4-ros2-interface-lib/scripts) by extension 'ros'
[0.239s] Level 1:colcon.colcon_core.package_identification:_identify(src/px4-ros2-interface-lib/scripts) by extensions ['cmake', 'python']
[0.239s] Level 1:colcon.colcon_core.package_identification:_identify(src/px4-ros2-interface-lib/scripts) by extension 'cmake'
[0.239s] Level 1:colcon.colcon_core.package_identification:_identify(src/px4-ros2-interface-lib/scripts) by extension 'python'
[0.239s] Level 1:colcon.colcon_core.package_identification:_identify(src/px4-ros2-interface-lib/scripts) by extensions ['python_setup_py']
[0.239s] Level 1:colcon.colcon_core.package_identification:_identify(src/px4-ros2-interface-lib/scripts) by extension 'python_setup_py'
[0.240s] Level 1:colcon.colcon_core.package_identification:_identify(src/px4_msgs) by extensions ['ignore', 'ignore_ament_install']
[0.240s] Level 1:colcon.colcon_core.package_identification:_identify(src/px4_msgs) by extension 'ignore'
[0.240s] Level 1:colcon.colcon_core.package_identification:_identify(src/px4_msgs) by extension 'ignore_ament_install'
[0.240s] Level 1:colcon.colcon_core.package_identification:_identify(src/px4_msgs) by extensions ['colcon_pkg']
[0.240s] Level 1:colcon.colcon_core.package_identification:_identify(src/px4_msgs) by extension 'colcon_pkg'
[0.240s] Level 1:colcon.colcon_core.package_identification:_identify(src/px4_msgs) by extensions ['colcon_meta']
[0.240s] Level 1:colcon.colcon_core.package_identification:_identify(src/px4_msgs) by extension 'colcon_meta'
[0.240s] Level 1:colcon.colcon_core.package_identification:_identify(src/px4_msgs) by extensions ['ros']
[0.240s] Level 1:colcon.colcon_core.package_identification:_identify(src/px4_msgs) by extension 'ros'
[0.240s] DEBUG:colcon.colcon_core.package_identification:Package 'src/px4_msgs' with type 'ros.ament_cmake' and name 'px4_msgs'
[0.240s] Level 1:colcon.colcon_core.package_identification:_identify(src/px4_ros_com) by extensions ['ignore', 'ignore_ament_install']
[0.240s] Level 1:colcon.colcon_core.package_identification:_identify(src/px4_ros_com) by extension 'ignore'
[0.240s] Level 1:colcon.colcon_core.package_identification:_identify(src/px4_ros_com) by extension 'ignore_ament_install'
[0.241s] Level 1:colcon.colcon_core.package_identification:_identify(src/px4_ros_com) by extensions ['colcon_pkg']
[0.241s] Level 1:colcon.colcon_core.package_identification:_identify(src/px4_ros_com) by extension 'colcon_pkg'
[0.241s] Level 1:colcon.colcon_core.package_identification:_identify(src/px4_ros_com) by extensions ['colcon_meta']
[0.241s] Level 1:colcon.colcon_core.package_identification:_identify(src/px4_ros_com) by extension 'colcon_meta'
[0.241s] Level 1:colcon.colcon_core.package_identification:_identify(src/px4_ros_com) by extensions ['ros']
[0.241s] Level 1:colcon.colcon_core.package_identification:_identify(src/px4_ros_com) by extension 'ros'
[0.242s] DEBUG:colcon.colcon_core.package_identification:Package 'src/px4_ros_com' with type 'ros.ament_cmake' and name 'px4_ros_com'
[0.242s] Level 1:colcon.colcon_core.package_identification:_identify(thermal_images) by extensions ['ignore', 'ignore_ament_install']
[0.242s] Level 1:colcon.colcon_core.package_identification:_identify(thermal_images) by extension 'ignore'
[0.242s] Level 1:colcon.colcon_core.package_identification:_identify(thermal_images) by extension 'ignore_ament_install'
[0.242s] Level 1:colcon.colcon_core.package_identification:_identify(thermal_images) by extensions ['colcon_pkg']
[0.242s] Level 1:colcon.colcon_core.package_identification:_identify(thermal_images) by extension 'colcon_pkg'
[0.242s] Level 1:colcon.colcon_core.package_identification:_identify(thermal_images) by extensions ['colcon_meta']
[0.242s] Level 1:colcon.colcon_core.package_identification:_identify(thermal_images) by extension 'colcon_meta'
[0.242s] Level 1:colcon.colcon_core.package_identification:_identify(thermal_images) by extensions ['ros']
[0.242s] Level 1:colcon.colcon_core.package_identification:_identify(thermal_images) by extension 'ros'
[0.242s] Level 1:colcon.colcon_core.package_identification:_identify(thermal_images) by extensions ['cmake', 'python']
[0.242s] Level 1:colcon.colcon_core.package_identification:_identify(thermal_images) by extension 'cmake'
[0.242s] Level 1:colcon.colcon_core.package_identification:_identify(thermal_images) by extension 'python'
[0.242s] Level 1:colcon.colcon_core.package_identification:_identify(thermal_images) by extensions ['python_setup_py']
[0.242s] Level 1:colcon.colcon_core.package_identification:_identify(thermal_images) by extension 'python_setup_py'
[0.242s] Level 1:colcon.colcon_core.package_identification:_identify(todo) by extensions ['ignore', 'ignore_ament_install']
[0.242s] Level 1:colcon.colcon_core.package_identification:_identify(todo) by extension 'ignore'
[0.242s] Level 1:colcon.colcon_core.package_identification:_identify(todo) by extension 'ignore_ament_install'
[0.242s] Level 1:colcon.colcon_core.package_identification:_identify(todo) by extensions ['colcon_pkg']
[0.242s] Level 1:colcon.colcon_core.package_identification:_identify(todo) by extension 'colcon_pkg'
[0.242s] Level 1:colcon.colcon_core.package_identification:_identify(todo) by extensions ['colcon_meta']
[0.242s] Level 1:colcon.colcon_core.package_identification:_identify(todo) by extension 'colcon_meta'
[0.242s] Level 1:colcon.colcon_core.package_identification:_identify(todo) by extensions ['ros']
[0.242s] Level 1:colcon.colcon_core.package_identification:_identify(todo) by extension 'ros'
[0.242s] Level 1:colcon.colcon_core.package_identification:_identify(todo) by extensions ['cmake', 'python']
[0.242s] Level 1:colcon.colcon_core.package_identification:_identify(todo) by extension 'cmake'
[0.242s] Level 1:colcon.colcon_core.package_identification:_identify(todo) by extension 'python'
[0.242s] Level 1:colcon.colcon_core.package_identification:_identify(todo) by extensions ['python_setup_py']
[0.242s] Level 1:colcon.colcon_core.package_identification:_identify(todo) by extension 'python_setup_py'
[0.242s] Level 1:colcon.colcon_core.package_discovery:discover_packages(recursive) using defaults
[0.243s] Level 1:colcon.colcon_core.package_discovery:discover_packages(ignore) discover
[0.243s] Level 1:colcon.colcon_core.package_discovery:discover_packages(ignore) using defaults
[0.243s] Level 1:colcon.colcon_core.package_discovery:discover_packages(path) discover
[0.243s] Level 1:colcon.colcon_core.package_discovery:discover_packages(path) using defaults
[0.259s] Level 1:colcon.colcon_core.package_discovery:discover_packages(prefix_path) check parameters
[0.259s] Level 1:colcon.colcon_core.package_discovery:discover_packages(prefix_path) discover
[0.261s] DEBUG:colcon.colcon_installed_package_information.package_discovery:Found 13 installed packages in /root/ws_sensor_combined/install
[0.261s] DEBUG:colcon.colcon_installed_package_information.package_discovery:Found 278 installed packages in /opt/ros/humble
[0.263s] Level 1:colcon.colcon_core.package_discovery:discover_packages(prefix_path) using defaults
[0.285s] Level 5:colcon.colcon_core.verb:set package 'px4_msgs' build argument 'cmake_args' from command line to 'None'
[0.285s] Level 5:colcon.colcon_core.verb:set package 'px4_msgs' build argument 'cmake_target' from command line to 'None'
[0.285s] Level 5:colcon.colcon_core.verb:set package 'px4_msgs' build argument 'cmake_target_skip_unavailable' from command line to 'False'
[0.285s] Level 5:colcon.colcon_core.verb:set package 'px4_msgs' build argument 'cmake_clean_cache' from command line to 'False'
[0.285s] Level 5:colcon.colcon_core.verb:set package 'px4_msgs' build argument 'cmake_clean_first' from command line to 'False'
[0.285s] Level 5:colcon.colcon_core.verb:set package 'px4_msgs' build argument 'cmake_force_configure' from command line to 'False'
[0.285s] Level 5:colcon.colcon_core.verb:set package 'px4_msgs' build argument 'ament_cmake_args' from command line to 'None'
[0.285s] Level 5:colcon.colcon_core.verb:set package 'px4_msgs' build argument 'catkin_cmake_args' from command line to 'None'
[0.285s] Level 5:colcon.colcon_core.verb:set package 'px4_msgs' build argument 'catkin_skip_building_tests' from command line to 'False'
[0.286s] DEBUG:colcon.colcon_core.verb:Building package 'px4_msgs' with the following arguments: {'ament_cmake_args': None, 'build_base': '/root/ws_sensor_combined/build/px4_msgs', 'catkin_cmake_args': None, 'catkin_skip_building_tests': False, 'cmake_args': None, 'cmake_clean_cache': False, 'cmake_clean_first': False, 'cmake_force_configure': False, 'cmake_target': None, 'cmake_target_skip_unavailable': False, 'install_base': '/root/ws_sensor_combined/install/px4_msgs', 'merge_install': False, 'path': '/root/ws_sensor_combined/src/px4_msgs', 'symlink_install': False, 'test_result_base': None}
[0.286s] Level 5:colcon.colcon_core.verb:set package 'px4_ros2_cpp' build argument 'cmake_args' from command line to 'None'
[0.286s] Level 5:colcon.colcon_core.verb:set package 'px4_ros2_cpp' build argument 'cmake_target' from command line to 'None'
[0.286s] Level 5:colcon.colcon_core.verb:set package 'px4_ros2_cpp' build argument 'cmake_target_skip_unavailable' from command line to 'False'
[0.287s] Level 5:colcon.colcon_core.verb:set package 'px4_ros2_cpp' build argument 'cmake_clean_cache' from command line to 'False'
[0.287s] Level 5:colcon.colcon_core.verb:set package 'px4_ros2_cpp' build argument 'cmake_clean_first' from command line to 'False'
[0.287s] Level 5:colcon.colcon_core.verb:set package 'px4_ros2_cpp' build argument 'cmake_force_configure' from command line to 'False'
[0.287s] Level 5:colcon.colcon_core.verb:set package 'px4_ros2_cpp' build argument 'ament_cmake_args' from command line to 'None'
[0.287s] Level 5:colcon.colcon_core.verb:set package 'px4_ros2_cpp' build argument 'catkin_cmake_args' from command line to 'None'
[0.287s] Level 5:colcon.colcon_core.verb:set package 'px4_ros2_cpp' build argument 'catkin_skip_building_tests' from command line to 'False'
[0.287s] DEBUG:colcon.colcon_core.verb:Building package 'px4_ros2_cpp' with the following arguments: {'ament_cmake_args': None, 'build_base': '/root/ws_sensor_combined/build/px4_ros2_cpp', 'catkin_cmake_args': None, 'catkin_skip_building_tests': False, 'cmake_args': None, 'cmake_clean_cache': False, 'cmake_clean_first': False, 'cmake_force_configure': False, 'cmake_target': None, 'cmake_target_skip_unavailable': False, 'install_base': '/root/ws_sensor_combined/install/px4_ros2_cpp', 'merge_install': False, 'path': '/root/ws_sensor_combined/src/px4-ros2-interface-lib/px4_ros2_cpp', 'symlink_install': False, 'test_result_base': None}
[0.287s] Level 5:colcon.colcon_core.verb:set package 'px4_ros_com' build argument 'cmake_args' from command line to 'None'
[0.287s] Level 5:colcon.colcon_core.verb:set package 'px4_ros_com' build argument 'cmake_target' from command line to 'None'
[0.287s] Level 5:colcon.colcon_core.verb:set package 'px4_ros_com' build argument 'cmake_target_skip_unavailable' from command line to 'False'
[0.287s] Level 5:colcon.colcon_core.verb:set package 'px4_ros_com' build argument 'cmake_clean_cache' from command line to 'False'
[0.287s] Level 5:colcon.colcon_core.verb:set package 'px4_ros_com' build argument 'cmake_clean_first' from command line to 'False'
[0.287s] Level 5:colcon.colcon_core.verb:set package 'px4_ros_com' build argument 'cmake_force_configure' from command line to 'False'
[0.287s] Level 5:colcon.colcon_core.verb:set package 'px4_ros_com' build argument 'ament_cmake_args' from command line to 'None'
[0.287s] Level 5:colcon.colcon_core.verb:set package 'px4_ros_com' build argument 'catkin_cmake_args' from command line to 'None'
[0.287s] Level 5:colcon.colcon_core.verb:set package 'px4_ros_com' build argument 'catkin_skip_building_tests' from command line to 'False'
[0.287s] DEBUG:colcon.colcon_core.verb:Building package 'px4_ros_com' with the following arguments: {'ament_cmake_args': None, 'build_base': '/root/ws_sensor_combined/build/px4_ros_com', 'catkin_cmake_args': None, 'catkin_skip_building_tests': False, 'cmake_args': None, 'cmake_clean_cache': False, 'cmake_clean_first': False, 'cmake_force_configure': False, 'cmake_target': None, 'cmake_target_skip_unavailable': False, 'install_base': '/root/ws_sensor_combined/install/px4_ros_com', 'merge_install': False, 'path': '/root/ws_sensor_combined/src/px4_ros_com', 'symlink_install': False, 'test_result_base': None}
[0.287s] Level 5:colcon.colcon_core.verb:set package 'example_executor_with_multiple_modes_cpp' build argument 'cmake_args' from command line to 'None'
[0.287s] Level 5:colcon.colcon_core.verb:set package 'example_executor_with_multiple_modes_cpp' build argument 'cmake_target' from command line to 'None'
[0.287s] Level 5:colcon.colcon_core.verb:set package 'example_executor_with_multiple_modes_cpp' build argument 'cmake_target_skip_unavailable' from command line to 'False'
[0.287s] Level 5:colcon.colcon_core.verb:set package 'example_executor_with_multiple_modes_cpp' build argument 'cmake_clean_cache' from command line to 'False'
[0.287s] Level 5:colcon.colcon_core.verb:set package 'example_executor_with_multiple_modes_cpp' build argument 'cmake_clean_first' from command line to 'False'
[0.287s] Level 5:colcon.colcon_core.verb:set package 'example_executor_with_multiple_modes_cpp' build argument 'cmake_force_configure' from command line to 'False'
[0.287s] Level 5:colcon.colcon_core.verb:set package 'example_executor_with_multiple_modes_cpp' build argument 'ament_cmake_args' from command line to 'None'
[0.287s] Level 5:colcon.colcon_core.verb:set package 'example_executor_with_multiple_modes_cpp' build argument 'catkin_cmake_args' from command line to 'None'
[0.287s] Level 5:colcon.colcon_core.verb:set package 'example_executor_with_multiple_modes_cpp' build argument 'catkin_skip_building_tests' from command line to 'False'
[0.287s] DEBUG:colcon.colcon_core.verb:Building package 'example_executor_with_multiple_modes_cpp' with the following arguments: {'ament_cmake_args': None, 'build_base': '/root/ws_sensor_combined/build/example_executor_with_multiple_modes_cpp', 'catkin_cmake_args': None, 'catkin_skip_building_tests': False, 'cmake_args': None, 'cmake_clean_cache': False, 'cmake_clean_first': False, 'cmake_force_configure': False, 'cmake_target': None, 'cmake_target_skip_unavailable': False, 'install_base': '/root/ws_sensor_combined/install/example_executor_with_multiple_modes_cpp', 'merge_install': False, 'path': '/root/ws_sensor_combined/src/px4-ros2-interface-lib/examples/cpp/modes/executor_with_multiple_modes', 'symlink_install': False, 'test_result_base': None}
[0.287s] Level 5:colcon.colcon_core.verb:set package 'example_global_navigation_cpp' build argument 'cmake_args' from command line to 'None'
[0.288s] Level 5:colcon.colcon_core.verb:set package 'example_global_navigation_cpp' build argument 'cmake_target' from command line to 'None'
[0.288s] Level 5:colcon.colcon_core.verb:set package 'example_global_navigation_cpp' build argument 'cmake_target_skip_unavailable' from command line to 'False'
[0.288s] Level 5:colcon.colcon_core.verb:set package 'example_global_navigation_cpp' build argument 'cmake_clean_cache' from command line to 'False'
[0.288s] Level 5:colcon.colcon_core.verb:set package 'example_global_navigation_cpp' build argument 'cmake_clean_first' from command line to 'False'
[0.288s] Level 5:colcon.colcon_core.verb:set package 'example_global_navigation_cpp' build argument 'cmake_force_configure' from command line to 'False'
[0.288s] Level 5:colcon.colcon_core.verb:set package 'example_global_navigation_cpp' build argument 'ament_cmake_args' from command line to 'None'
[0.288s] Level 5:colcon.colcon_core.verb:set package 'example_global_navigation_cpp' build argument 'catkin_cmake_args' from command line to 'None'
[0.288s] Level 5:colcon.colcon_core.verb:set package 'example_global_navigation_cpp' build argument 'catkin_skip_building_tests' from command line to 'False'
[0.288s] DEBUG:colcon.colcon_core.verb:Building package 'example_global_navigation_cpp' with the following arguments: {'ament_cmake_args': None, 'build_base': '/root/ws_sensor_combined/build/example_global_navigation_cpp', 'catkin_cmake_args': None, 'catkin_skip_building_tests': False, 'cmake_args': None, 'cmake_clean_cache': False, 'cmake_clean_first': False, 'cmake_force_configure': False, 'cmake_target': None, 'cmake_target_skip_unavailable': False, 'install_base': '/root/ws_sensor_combined/install/example_global_navigation_cpp', 'merge_install': False, 'path': '/root/ws_sensor_combined/src/px4-ros2-interface-lib/examples/cpp/navigation/global_navigation', 'symlink_install': False, 'test_result_base': None}
[0.288s] Level 5:colcon.colcon_core.verb:set package 'example_local_navigation_cpp' build argument 'cmake_args' from command line to 'None'
[0.288s] Level 5:colcon.colcon_core.verb:set package 'example_local_navigation_cpp' build argument 'cmake_target' from command line to 'None'
[0.288s] Level 5:colcon.colcon_core.verb:set package 'example_local_navigation_cpp' build argument 'cmake_target_skip_unavailable' from command line to 'False'
[0.288s] Level 5:colcon.colcon_core.verb:set package 'example_local_navigation_cpp' build argument 'cmake_clean_cache' from command line to 'False'
[0.288s] Level 5:colcon.colcon_core.verb:set package 'example_local_navigation_cpp' build argument 'cmake_clean_first' from command line to 'False'
[0.288s] Level 5:colcon.colcon_core.verb:set package 'example_local_navigation_cpp' build argument 'cmake_force_configure' from command line to 'False'
[0.288s] Level 5:colcon.colcon_core.verb:set package 'example_local_navigation_cpp' build argument 'ament_cmake_args' from command line to 'None'
[0.288s] Level 5:colcon.colcon_core.verb:set package 'example_local_navigation_cpp' build argument 'catkin_cmake_args' from command line to 'None'
[0.288s] Level 5:colcon.colcon_core.verb:set package 'example_local_navigation_cpp' build argument 'catkin_skip_building_tests' from command line to 'False'
[0.288s] DEBUG:colcon.colcon_core.verb:Building package 'example_local_navigation_cpp' with the following arguments: {'ament_cmake_args': None, 'build_base': '/root/ws_sensor_combined/build/example_local_navigation_cpp', 'catkin_cmake_args': None, 'catkin_skip_building_tests': False, 'cmake_args': None, 'cmake_clean_cache': False, 'cmake_clean_first': False, 'cmake_force_configure': False, 'cmake_target': None, 'cmake_target_skip_unavailable': False, 'install_base': '/root/ws_sensor_combined/install/example_local_navigation_cpp', 'merge_install': False, 'path': '/root/ws_sensor_combined/src/px4-ros2-interface-lib/examples/cpp/navigation/local_navigation', 'symlink_install': False, 'test_result_base': None}
[0.288s] Level 5:colcon.colcon_core.verb:set package 'example_mode_fw_attitude_cpp' build argument 'cmake_args' from command line to 'None'
[0.288s] Level 5:colcon.colcon_core.verb:set package 'example_mode_fw_attitude_cpp' build argument 'cmake_target' from command line to 'None'
[0.288s] Level 5:colcon.colcon_core.verb:set package 'example_mode_fw_attitude_cpp' build argument 'cmake_target_skip_unavailable' from command line to 'False'
[0.288s] Level 5:colcon.colcon_core.verb:set package 'example_mode_fw_attitude_cpp' build argument 'cmake_clean_cache' from command line to 'False'
[0.288s] Level 5:colcon.colcon_core.verb:set package 'example_mode_fw_attitude_cpp' build argument 'cmake_clean_first' from command line to 'False'
[0.288s] Level 5:colcon.colcon_core.verb:set package 'example_mode_fw_attitude_cpp' build argument 'cmake_force_configure' from command line to 'False'
[0.288s] Level 5:colcon.colcon_core.verb:set package 'example_mode_fw_attitude_cpp' build argument 'ament_cmake_args' from command line to 'None'
[0.288s] Level 5:colcon.colcon_core.verb:set package 'example_mode_fw_attitude_cpp' build argument 'catkin_cmake_args' from command line to 'None'
[0.288s] Level 5:colcon.colcon_core.verb:set package 'example_mode_fw_attitude_cpp' build argument 'catkin_skip_building_tests' from command line to 'False'
[0.288s] DEBUG:colcon.colcon_core.verb:Building package 'example_mode_fw_attitude_cpp' with the following arguments: {'ament_cmake_args': None, 'build_base': '/root/ws_sensor_combined/build/example_mode_fw_attitude_cpp', 'catkin_cmake_args': None, 'catkin_skip_building_tests': False, 'cmake_args': None, 'cmake_clean_cache': False, 'cmake_clean_first': False, 'cmake_force_configure': False, 'cmake_target': None, 'cmake_target_skip_unavailable': False, 'install_base': '/root/ws_sensor_combined/install/example_mode_fw_attitude_cpp', 'merge_install': False, 'path': '/root/ws_sensor_combined/src/px4-ros2-interface-lib/examples/cpp/modes/fw_attitude', 'symlink_install': False, 'test_result_base': None}
[0.288s] Level 5:colcon.colcon_core.verb:set package 'example_mode_goto_cpp' build argument 'cmake_args' from command line to 'None'
[0.288s] Level 5:colcon.colcon_core.verb:set package 'example_mode_goto_cpp' build argument 'cmake_target' from command line to 'None'
[0.288s] Level 5:colcon.colcon_core.verb:set package 'example_mode_goto_cpp' build argument 'cmake_target_skip_unavailable' from command line to 'False'
[0.288s] Level 5:colcon.colcon_core.verb:set package 'example_mode_goto_cpp' build argument 'cmake_clean_cache' from command line to 'False'
[0.288s] Level 5:colcon.colcon_core.verb:set package 'example_mode_goto_cpp' build argument 'cmake_clean_first' from command line to 'False'
[0.288s] Level 5:colcon.colcon_core.verb:set package 'example_mode_goto_cpp' build argument 'cmake_force_configure' from command line to 'False'
[0.289s] Level 5:colcon.colcon_core.verb:set package 'example_mode_goto_cpp' build argument 'ament_cmake_args' from command line to 'None'
[0.289s] Level 5:colcon.colcon_core.verb:set package 'example_mode_goto_cpp' build argument 'catkin_cmake_args' from command line to 'None'
[0.289s] Level 5:colcon.colcon_core.verb:set package 'example_mode_goto_cpp' build argument 'catkin_skip_building_tests' from command line to 'False'
[0.289s] DEBUG:colcon.colcon_core.verb:Building package 'example_mode_goto_cpp' with the following arguments: {'ament_cmake_args': None, 'build_base': '/root/ws_sensor_combined/build/example_mode_goto_cpp', 'catkin_cmake_args': None, 'catkin_skip_building_tests': False, 'cmake_args': None, 'cmake_clean_cache': False, 'cmake_clean_first': False, 'cmake_force_configure': False, 'cmake_target': None, 'cmake_target_skip_unavailable': False, 'install_base': '/root/ws_sensor_combined/install/example_mode_goto_cpp', 'merge_install': False, 'path': '/root/ws_sensor_combined/src/px4-ros2-interface-lib/examples/cpp/modes/goto', 'symlink_install': False, 'test_result_base': None}
[0.289s] Level 5:colcon.colcon_core.verb:set package 'example_mode_goto_global_cpp' build argument 'cmake_args' from command line to 'None'
[0.289s] Level 5:colcon.colcon_core.verb:set package 'example_mode_goto_global_cpp' build argument 'cmake_target' from command line to 'None'
[0.289s] Level 5:colcon.colcon_core.verb:set package 'example_mode_goto_global_cpp' build argument 'cmake_target_skip_unavailable' from command line to 'False'
[0.289s] Level 5:colcon.colcon_core.verb:set package 'example_mode_goto_global_cpp' build argument 'cmake_clean_cache' from command line to 'False'
[0.289s] Level 5:colcon.colcon_core.verb:set package 'example_mode_goto_global_cpp' build argument 'cmake_clean_first' from command line to 'False'
[0.289s] Level 5:colcon.colcon_core.verb:set package 'example_mode_goto_global_cpp' build argument 'cmake_force_configure' from command line to 'False'
[0.289s] Level 5:colcon.colcon_core.verb:set package 'example_mode_goto_global_cpp' build argument 'ament_cmake_args' from command line to 'None'
[0.289s] Level 5:colcon.colcon_core.verb:set package 'example_mode_goto_global_cpp' build argument 'catkin_cmake_args' from command line to 'None'
[0.289s] Level 5:colcon.colcon_core.verb:set package 'example_mode_goto_global_cpp' build argument 'catkin_skip_building_tests' from command line to 'False'
[0.289s] DEBUG:colcon.colcon_core.verb:Building package 'example_mode_goto_global_cpp' with the following arguments: {'ament_cmake_args': None, 'build_base': '/root/ws_sensor_combined/build/example_mode_goto_global_cpp', 'catkin_cmake_args': None, 'catkin_skip_building_tests': False, 'cmake_args': None, 'cmake_clean_cache': False, 'cmake_clean_first': False, 'cmake_force_configure': False, 'cmake_target': None, 'cmake_target_skip_unavailable': False, 'install_base': '/root/ws_sensor_combined/install/example_mode_goto_global_cpp', 'merge_install': False, 'path': '/root/ws_sensor_combined/src/px4-ros2-interface-lib/examples/cpp/modes/goto_global', 'symlink_install': False, 'test_result_base': None}
[0.289s] Level 5:colcon.colcon_core.verb:set package 'example_mode_manual_cpp' build argument 'cmake_args' from command line to 'None'
[0.289s] Level 5:colcon.colcon_core.verb:set package 'example_mode_manual_cpp' build argument 'cmake_target' from command line to 'None'
[0.289s] Level 5:colcon.colcon_core.verb:set package 'example_mode_manual_cpp' build argument 'cmake_target_skip_unavailable' from command line to 'False'
[0.289s] Level 5:colcon.colcon_core.verb:set package 'example_mode_manual_cpp' build argument 'cmake_clean_cache' from command line to 'False'
[0.289s] Level 5:colcon.colcon_core.verb:set package 'example_mode_manual_cpp' build argument 'cmake_clean_first' from command line to 'False'
[0.289s] Level 5:colcon.colcon_core.verb:set package 'example_mode_manual_cpp' build argument 'cmake_force_configure' from command line to 'False'
[0.289s] Level 5:colcon.colcon_core.verb:set package 'example_mode_manual_cpp' build argument 'ament_cmake_args' from command line to 'None'
[0.289s] Level 5:colcon.colcon_core.verb:set package 'example_mode_manual_cpp' build argument 'catkin_cmake_args' from command line to 'None'
[0.289s] Level 5:colcon.colcon_core.verb:set package 'example_mode_manual_cpp' build argument 'catkin_skip_building_tests' from command line to 'False'
[0.289s] DEBUG:colcon.colcon_core.verb:Building package 'example_mode_manual_cpp' with the following arguments: {'ament_cmake_args': None, 'build_base': '/root/ws_sensor_combined/build/example_mode_manual_cpp', 'catkin_cmake_args': None, 'catkin_skip_building_tests': False, 'cmake_args': None, 'cmake_clean_cache': False, 'cmake_clean_first': False, 'cmake_force_configure': False, 'cmake_target': None, 'cmake_target_skip_unavailable': False, 'install_base': '/root/ws_sensor_combined/install/example_mode_manual_cpp', 'merge_install': False, 'path': '/root/ws_sensor_combined/src/px4-ros2-interface-lib/examples/cpp/modes/manual', 'symlink_install': False, 'test_result_base': None}
[0.289s] Level 5:colcon.colcon_core.verb:set package 'example_mode_rtl_replacement_cpp' build argument 'cmake_args' from command line to 'None'
[0.289s] Level 5:colcon.colcon_core.verb:set package 'example_mode_rtl_replacement_cpp' build argument 'cmake_target' from command line to 'None'
[0.289s] Level 5:colcon.colcon_core.verb:set package 'example_mode_rtl_replacement_cpp' build argument 'cmake_target_skip_unavailable' from command line to 'False'
[0.289s] Level 5:colcon.colcon_core.verb:set package 'example_mode_rtl_replacement_cpp' build argument 'cmake_clean_cache' from command line to 'False'
[0.289s] Level 5:colcon.colcon_core.verb:set package 'example_mode_rtl_replacement_cpp' build argument 'cmake_clean_first' from command line to 'False'
[0.289s] Level 5:colcon.colcon_core.verb:set package 'example_mode_rtl_replacement_cpp' build argument 'cmake_force_configure' from command line to 'False'
[0.289s] Level 5:colcon.colcon_core.verb:set package 'example_mode_rtl_replacement_cpp' build argument 'ament_cmake_args' from command line to 'None'
[0.289s] Level 5:colcon.colcon_core.verb:set package 'example_mode_rtl_replacement_cpp' build argument 'catkin_cmake_args' from command line to 'None'
[0.289s] Level 5:colcon.colcon_core.verb:set package 'example_mode_rtl_replacement_cpp' build argument 'catkin_skip_building_tests' from command line to 'False'
[0.289s] DEBUG:colcon.colcon_core.verb:Building package 'example_mode_rtl_replacement_cpp' with the following arguments: {'ament_cmake_args': None, 'build_base': '/root/ws_sensor_combined/build/example_mode_rtl_replacement_cpp', 'catkin_cmake_args': None, 'catkin_skip_building_tests': False, 'cmake_args': None, 'cmake_clean_cache': False, 'cmake_clean_first': False, 'cmake_force_configure': False, 'cmake_target': None, 'cmake_target_skip_unavailable': False, 'install_base': '/root/ws_sensor_combined/install/example_mode_rtl_replacement_cpp', 'merge_install': False, 'path': '/root/ws_sensor_combined/src/px4-ros2-interface-lib/examples/cpp/modes/rtl_replacement', 'symlink_install': False, 'test_result_base': None}
[0.290s] Level 5:colcon.colcon_core.verb:set package 'example_mode_vtol_cpp' build argument 'cmake_args' from command line to 'None'
[0.290s] Level 5:colcon.colcon_core.verb:set package 'example_mode_vtol_cpp' build argument 'cmake_target' from command line to 'None'
[0.290s] Level 5:colcon.colcon_core.verb:set package 'example_mode_vtol_cpp' build argument 'cmake_target_skip_unavailable' from command line to 'False'
[0.290s] Level 5:colcon.colcon_core.verb:set package 'example_mode_vtol_cpp' build argument 'cmake_clean_cache' from command line to 'False'
[0.290s] Level 5:colcon.colcon_core.verb:set package 'example_mode_vtol_cpp' build argument 'cmake_clean_first' from command line to 'False'
[0.290s] Level 5:colcon.colcon_core.verb:set package 'example_mode_vtol_cpp' build argument 'cmake_force_configure' from command line to 'False'
[0.290s] Level 5:colcon.colcon_core.verb:set package 'example_mode_vtol_cpp' build argument 'ament_cmake_args' from command line to 'None'
[0.290s] Level 5:colcon.colcon_core.verb:set package 'example_mode_vtol_cpp' build argument 'catkin_cmake_args' from command line to 'None'
[0.290s] Level 5:colcon.colcon_core.verb:set package 'example_mode_vtol_cpp' build argument 'catkin_skip_building_tests' from command line to 'False'
[0.290s] DEBUG:colcon.colcon_core.verb:Building package 'example_mode_vtol_cpp' with the following arguments: {'ament_cmake_args': None, 'build_base': '/root/ws_sensor_combined/build/example_mode_vtol_cpp', 'catkin_cmake_args': None, 'catkin_skip_building_tests': False, 'cmake_args': None, 'cmake_clean_cache': False, 'cmake_clean_first': False, 'cmake_force_configure': False, 'cmake_target': None, 'cmake_target_skip_unavailable': False, 'install_base': '/root/ws_sensor_combined/install/example_mode_vtol_cpp', 'merge_install': False, 'path': '/root/ws_sensor_combined/src/px4-ros2-interface-lib/examples/cpp/modes/vtol', 'symlink_install': False, 'test_result_base': None}
[0.290s] Level 5:colcon.colcon_core.verb:set package 'example_mode_with_executor_cpp' build argument 'cmake_args' from command line to 'None'
[0.290s] Level 5:colcon.colcon_core.verb:set package 'example_mode_with_executor_cpp' build argument 'cmake_target' from command line to 'None'
[0.290s] Level 5:colcon.colcon_core.verb:set package 'example_mode_with_executor_cpp' build argument 'cmake_target_skip_unavailable' from command line to 'False'
[0.290s] Level 5:colcon.colcon_core.verb:set package 'example_mode_with_executor_cpp' build argument 'cmake_clean_cache' from command line to 'False'
[0.290s] Level 5:colcon.colcon_core.verb:set package 'example_mode_with_executor_cpp' build argument 'cmake_clean_first' from command line to 'False'
[0.290s] Level 5:colcon.colcon_core.verb:set package 'example_mode_with_executor_cpp' build argument 'cmake_force_configure' from command line to 'False'
[0.290s] Level 5:colcon.colcon_core.verb:set package 'example_mode_with_executor_cpp' build argument 'ament_cmake_args' from command line to 'None'
[0.290s] Level 5:colcon.colcon_core.verb:set package 'example_mode_with_executor_cpp' build argument 'catkin_cmake_args' from command line to 'None'
[0.290s] Level 5:colcon.colcon_core.verb:set package 'example_mode_with_executor_cpp' build argument 'catkin_skip_building_tests' from command line to 'False'
[0.290s] DEBUG:colcon.colcon_core.verb:Building package 'example_mode_with_executor_cpp' with the following arguments: {'ament_cmake_args': None, 'build_base': '/root/ws_sensor_combined/build/example_mode_with_executor_cpp', 'catkin_cmake_args': None, 'catkin_skip_building_tests': False, 'cmake_args': None, 'cmake_clean_cache': False, 'cmake_clean_first': False, 'cmake_force_configure': False, 'cmake_target': None, 'cmake_target_skip_unavailable': False, 'install_base': '/root/ws_sensor_combined/install/example_mode_with_executor_cpp', 'merge_install': False, 'path': '/root/ws_sensor_combined/src/px4-ros2-interface-lib/examples/cpp/modes/mode_with_executor', 'symlink_install': False, 'test_result_base': None}
[0.290s] INFO:colcon.colcon_core.executor:Executing jobs using 'parallel' executor
[0.291s] DEBUG:colcon.colcon_parallel_executor.executor.parallel:run_until_complete
[0.292s] INFO:colcon.colcon_ros.task.ament_cmake.build:Building ROS package in '/root/ws_sensor_combined/src/px4_msgs' with build type 'ament_cmake'
[0.292s] INFO:colcon.colcon_cmake.task.cmake.build:Building CMake package in '/root/ws_sensor_combined/src/px4_msgs'
[0.294s] INFO:colcon.colcon_core.plugin_system:Skipping extension 'colcon_core.shell.bat': Not used on non-Windows systems
[0.294s] INFO:colcon.colcon_core.shell:Skip shell extension 'powershell' for command environment: Not usable outside of PowerShell
[0.294s] DEBUG:colcon.colcon_core.shell:Skip shell extension 'dsv' for command environment
[0.304s] DEBUG:colcon.colcon_core.event_handler.log_command:Invoking command in '/root/ws_sensor_combined/build/px4_msgs': CMAKE_PREFIX_PATH=${CMAKE_PREFIX_PATH}:/opt/ros/humble /usr/bin/cmake --build /root/ws_sensor_combined/build/px4_msgs -- -j20 -l20
[1.002s] DEBUG:colcon.colcon_core.event_handler.log_command:Invoked command in '/root/ws_sensor_combined/build/px4_msgs' returned '0': CMAKE_PREFIX_PATH=${CMAKE_PREFIX_PATH}:/opt/ros/humble /usr/bin/cmake --build /root/ws_sensor_combined/build/px4_msgs -- -j20 -l20
[1.010s] DEBUG:colcon.colcon_core.event_handler.log_command:Invoking command in '/root/ws_sensor_combined/build/px4_msgs': CMAKE_PREFIX_PATH=${CMAKE_PREFIX_PATH}:/opt/ros/humble /usr/bin/cmake --install /root/ws_sensor_combined/build/px4_msgs
[1.450s] Level 1:colcon.colcon_core.environment:create_environment_scripts_only(px4_msgs)
[1.451s] DEBUG:colcon.colcon_core.event_handler.log_command:Invoked command in '/root/ws_sensor_combined/build/px4_msgs' returned '0': CMAKE_PREFIX_PATH=${CMAKE_PREFIX_PATH}:/opt/ros/humble /usr/bin/cmake --install /root/ws_sensor_combined/build/px4_msgs
[1.453s] Level 1:colcon.colcon_core.environment:checking '/root/ws_sensor_combined/install/px4_msgs' for CMake module files
[1.454s] Level 1:colcon.colcon_core.environment:checking '/root/ws_sensor_combined/install/px4_msgs' for CMake config files
[1.468s] Level 1:colcon.colcon_core.shell:create_environment_hook('px4_msgs', 'cmake_prefix_path')
[1.468s] INFO:colcon.colcon_core.shell:Creating environment hook '/root/ws_sensor_combined/install/px4_msgs/share/px4_msgs/hook/cmake_prefix_path.ps1'
[1.468s] INFO:colcon.colcon_core.shell:Creating environment descriptor '/root/ws_sensor_combined/install/px4_msgs/share/px4_msgs/hook/cmake_prefix_path.dsv'
[1.469s] INFO:colcon.colcon_core.shell:Creating environment hook '/root/ws_sensor_combined/install/px4_msgs/share/px4_msgs/hook/cmake_prefix_path.sh'
[1.469s] Level 1:colcon.colcon_core.environment:checking '/root/ws_sensor_combined/install/px4_msgs/lib'
[1.469s] Level 1:colcon.colcon_core.shell:create_environment_hook('px4_msgs', 'ld_library_path_lib')
[1.469s] INFO:colcon.colcon_core.shell:Creating environment hook '/root/ws_sensor_combined/install/px4_msgs/share/px4_msgs/hook/ld_library_path_lib.ps1'
[1.470s] INFO:colcon.colcon_core.shell:Creating environment descriptor '/root/ws_sensor_combined/install/px4_msgs/share/px4_msgs/hook/ld_library_path_lib.dsv'
[1.470s] INFO:colcon.colcon_core.shell:Creating environment hook '/root/ws_sensor_combined/install/px4_msgs/share/px4_msgs/hook/ld_library_path_lib.sh'
[1.470s] Level 1:colcon.colcon_core.environment:checking '/root/ws_sensor_combined/install/px4_msgs/bin'
[1.470s] Level 1:colcon.colcon_core.environment:checking '/root/ws_sensor_combined/install/px4_msgs/lib/pkgconfig/px4_msgs.pc'
[1.470s] Level 1:colcon.colcon_core.environment:checking '/root/ws_sensor_combined/install/px4_msgs/lib/python3.10/site-packages'
[1.470s] Level 1:colcon.colcon_core.environment:checking '/root/ws_sensor_combined/install/px4_msgs/bin'
[1.470s] INFO:colcon.colcon_core.shell:Creating package script '/root/ws_sensor_combined/install/px4_msgs/share/px4_msgs/package.ps1'
[1.471s] INFO:colcon.colcon_core.shell:Creating package descriptor '/root/ws_sensor_combined/install/px4_msgs/share/px4_msgs/package.dsv'
[1.472s] INFO:colcon.colcon_core.shell:Creating package script '/root/ws_sensor_combined/install/px4_msgs/share/px4_msgs/package.sh'
[1.472s] INFO:colcon.colcon_core.shell:Creating package script '/root/ws_sensor_combined/install/px4_msgs/share/px4_msgs/package.bash'
[1.473s] INFO:colcon.colcon_core.shell:Creating package script '/root/ws_sensor_combined/install/px4_msgs/share/px4_msgs/package.zsh'
[1.473s] Level 1:colcon.colcon_core.environment:create_file_with_runtime_dependencies(/root/ws_sensor_combined/install/px4_msgs/share/colcon-core/packages/px4_msgs)
[1.474s] Level 1:colcon.colcon_core.environment:create_environment_scripts_only(px4_msgs)
[1.474s] Level 1:colcon.colcon_core.environment:checking '/root/ws_sensor_combined/install/px4_msgs' for CMake module files
[1.474s] Level 1:colcon.colcon_core.environment:checking '/root/ws_sensor_combined/install/px4_msgs' for CMake config files
[1.487s] Level 1:colcon.colcon_core.shell:create_environment_hook('px4_msgs', 'cmake_prefix_path')
[1.488s] INFO:colcon.colcon_core.shell:Creating environment hook '/root/ws_sensor_combined/install/px4_msgs/share/px4_msgs/hook/cmake_prefix_path.ps1'
[1.488s] INFO:colcon.colcon_core.shell:Creating environment descriptor '/root/ws_sensor_combined/install/px4_msgs/share/px4_msgs/hook/cmake_prefix_path.dsv'
[1.489s] INFO:colcon.colcon_core.shell:Creating environment hook '/root/ws_sensor_combined/install/px4_msgs/share/px4_msgs/hook/cmake_prefix_path.sh'
[1.489s] Level 1:colcon.colcon_core.environment:checking '/root/ws_sensor_combined/install/px4_msgs/lib'
[1.489s] Level 1:colcon.colcon_core.shell:create_environment_hook('px4_msgs', 'ld_library_path_lib')
[1.489s] INFO:colcon.colcon_core.shell:Creating environment hook '/root/ws_sensor_combined/install/px4_msgs/share/px4_msgs/hook/ld_library_path_lib.ps1'
[1.490s] INFO:colcon.colcon_core.shell:Creating environment descriptor '/root/ws_sensor_combined/install/px4_msgs/share/px4_msgs/hook/ld_library_path_lib.dsv'
[1.490s] INFO:colcon.colcon_core.shell:Creating environment hook '/root/ws_sensor_combined/install/px4_msgs/share/px4_msgs/hook/ld_library_path_lib.sh'
[1.490s] Level 1:colcon.colcon_core.environment:checking '/root/ws_sensor_combined/install/px4_msgs/bin'
[1.490s] Level 1:colcon.colcon_core.environment:checking '/root/ws_sensor_combined/install/px4_msgs/lib/pkgconfig/px4_msgs.pc'
[1.490s] Level 1:colcon.colcon_core.environment:checking '/root/ws_sensor_combined/install/px4_msgs/lib/python3.10/site-packages'
[1.490s] Level 1:colcon.colcon_core.environment:checking '/root/ws_sensor_combined/install/px4_msgs/bin'
[1.490s] INFO:colcon.colcon_core.shell:Creating package script '/root/ws_sensor_combined/install/px4_msgs/share/px4_msgs/package.ps1'
[1.491s] INFO:colcon.colcon_core.shell:Creating package descriptor '/root/ws_sensor_combined/install/px4_msgs/share/px4_msgs/package.dsv'
[1.491s] INFO:colcon.colcon_core.shell:Creating package script '/root/ws_sensor_combined/install/px4_msgs/share/px4_msgs/package.sh'
[1.491s] INFO:colcon.colcon_core.shell:Creating package script '/root/ws_sensor_combined/install/px4_msgs/share/px4_msgs/package.bash'
[1.492s] INFO:colcon.colcon_core.shell:Creating package script '/root/ws_sensor_combined/install/px4_msgs/share/px4_msgs/package.zsh'
[1.492s] Level 1:colcon.colcon_core.environment:create_file_with_runtime_dependencies(/root/ws_sensor_combined/install/px4_msgs/share/colcon-core/packages/px4_msgs)
[1.492s] INFO:colcon.colcon_ros.task.ament_cmake.build:Building ROS package in '/root/ws_sensor_combined/src/px4-ros2-interface-lib/px4_ros2_cpp' with build type 'ament_cmake'
[1.493s] INFO:colcon.colcon_cmake.task.cmake.build:Building CMake package in '/root/ws_sensor_combined/src/px4-ros2-interface-lib/px4_ros2_cpp'
[1.493s] INFO:colcon.colcon_core.shell:Skip shell extension 'powershell' for command environment: Not usable outside of PowerShell
[1.493s] DEBUG:colcon.colcon_core.shell:Skip shell extension 'dsv' for command environment
[1.498s] INFO:colcon.colcon_ros.task.ament_cmake.build:Building ROS package in '/root/ws_sensor_combined/src/px4_ros_com' with build type 'ament_cmake'
[1.498s] INFO:colcon.colcon_cmake.task.cmake.build:Building CMake package in '/root/ws_sensor_combined/src/px4_ros_com'
[1.499s] INFO:colcon.colcon_core.shell:Skip shell extension 'powershell' for command environment: Not usable outside of PowerShell
[1.499s] DEBUG:colcon.colcon_core.shell:Skip shell extension 'dsv' for command environment
[1.582s] DEBUG:colcon.colcon_core.event_handler.log_command:Invoking command in '/root/ws_sensor_combined/build/px4_ros_com': CMAKE_PREFIX_PATH=/root/ws_sensor_combined/install/px4_msgs:/root/ws_sensor_combined/install/px4_ros_com:/root/ws_sensor_combined/install/example_mode_with_executor_cpp:/root/ws_sensor_combined/install/example_mode_vtol_cpp:/root/ws_sensor_combined/install/example_mode_rtl_replacement_cpp:/root/ws_sensor_combined/install/example_mode_manual_cpp:/root/ws_sensor_combined/install/example_mode_goto_global_cpp:/root/ws_sensor_combined/install/example_mode_goto_cpp:/root/ws_sensor_combined/install/example_mode_fw_attitude_cpp:/root/ws_sensor_combined/install/example_local_navigation_cpp:/root/ws_sensor_combined/install/example_global_navigation_cpp:/root/ws_sensor_combined/install/example_executor_with_multiple_modes_cpp:/root/ws_sensor_combined/install/px4_ros2_cpp:/opt/ros/humble LD_LIBRARY_PATH=/root/ws_sensor_combined/install/px4_msgs/lib:/root/ws_sensor_combined/install/px4_ros_com/lib:/root/ws_sensor_combined/install/px4_ros2_cpp/lib:/opt/ros/humble/opt/rviz_ogre_vendor/lib:/opt/ros/humble/lib/x86_64-linux-gnu:/opt/ros/humble/lib /usr/bin/cmake --build /root/ws_sensor_combined/build/px4_ros_com -- -j20 -l20
[1.586s] DEBUG:colcon.colcon_core.event_handler.log_command:Invoking command in '/root/ws_sensor_combined/build/px4_ros2_cpp': CMAKE_PREFIX_PATH=/root/ws_sensor_combined/install/px4_msgs:/root/ws_sensor_combined/install/px4_ros_com:/root/ws_sensor_combined/install/example_mode_with_executor_cpp:/root/ws_sensor_combined/install/example_mode_vtol_cpp:/root/ws_sensor_combined/install/example_mode_rtl_replacement_cpp:/root/ws_sensor_combined/install/example_mode_manual_cpp:/root/ws_sensor_combined/install/example_mode_goto_global_cpp:/root/ws_sensor_combined/install/example_mode_goto_cpp:/root/ws_sensor_combined/install/example_mode_fw_attitude_cpp:/root/ws_sensor_combined/install/example_local_navigation_cpp:/root/ws_sensor_combined/install/example_global_navigation_cpp:/root/ws_sensor_combined/install/example_executor_with_multiple_modes_cpp:/root/ws_sensor_combined/install/px4_ros2_cpp:/opt/ros/humble LD_LIBRARY_PATH=/root/ws_sensor_combined/install/px4_msgs/lib:/root/ws_sensor_combined/install/px4_ros_com/lib:/root/ws_sensor_combined/install/px4_ros2_cpp/lib:/opt/ros/humble/opt/rviz_ogre_vendor/lib:/opt/ros/humble/lib/x86_64-linux-gnu:/opt/ros/humble/lib /usr/bin/cmake --build /root/ws_sensor_combined/build/px4_ros2_cpp -- -j20 -l20
[1.699s] DEBUG:colcon.colcon_core.event_handler.log_command:Invoked command in '/root/ws_sensor_combined/build/px4_ros2_cpp' returned '0': CMAKE_PREFIX_PATH=/root/ws_sensor_combined/install/px4_msgs:/root/ws_sensor_combined/install/px4_ros_com:/root/ws_sensor_combined/install/example_mode_with_executor_cpp:/root/ws_sensor_combined/install/example_mode_vtol_cpp:/root/ws_sensor_combined/install/example_mode_rtl_replacement_cpp:/root/ws_sensor_combined/install/example_mode_manual_cpp:/root/ws_sensor_combined/install/example_mode_goto_global_cpp:/root/ws_sensor_combined/install/example_mode_goto_cpp:/root/ws_sensor_combined/install/example_mode_fw_attitude_cpp:/root/ws_sensor_combined/install/example_local_navigation_cpp:/root/ws_sensor_combined/install/example_global_navigation_cpp:/root/ws_sensor_combined/install/example_executor_with_multiple_modes_cpp:/root/ws_sensor_combined/install/px4_ros2_cpp:/opt/ros/humble LD_LIBRARY_PATH=/root/ws_sensor_combined/install/px4_msgs/lib:/root/ws_sensor_combined/install/px4_ros_com/lib:/root/ws_sensor_combined/install/px4_ros2_cpp/lib:/opt/ros/humble/opt/rviz_ogre_vendor/lib:/opt/ros/humble/lib/x86_64-linux-gnu:/opt/ros/humble/lib /usr/bin/cmake --build /root/ws_sensor_combined/build/px4_ros2_cpp -- -j20 -l20
[1.701s] DEBUG:colcon.colcon_core.event_handler.log_command:Invoking command in '/root/ws_sensor_combined/build/px4_ros2_cpp': CMAKE_PREFIX_PATH=/root/ws_sensor_combined/install/px4_msgs:/root/ws_sensor_combined/install/px4_ros_com:/root/ws_sensor_combined/install/example_mode_with_executor_cpp:/root/ws_sensor_combined/install/example_mode_vtol_cpp:/root/ws_sensor_combined/install/example_mode_rtl_replacement_cpp:/root/ws_sensor_combined/install/example_mode_manual_cpp:/root/ws_sensor_combined/install/example_mode_goto_global_cpp:/root/ws_sensor_combined/install/example_mode_goto_cpp:/root/ws_sensor_combined/install/example_mode_fw_attitude_cpp:/root/ws_sensor_combined/install/example_local_navigation_cpp:/root/ws_sensor_combined/install/example_global_navigation_cpp:/root/ws_sensor_combined/install/example_executor_with_multiple_modes_cpp:/root/ws_sensor_combined/install/px4_ros2_cpp:/opt/ros/humble LD_LIBRARY_PATH=/root/ws_sensor_combined/install/px4_msgs/lib:/root/ws_sensor_combined/install/px4_ros_com/lib:/root/ws_sensor_combined/install/px4_ros2_cpp/lib:/opt/ros/humble/opt/rviz_ogre_vendor/lib:/opt/ros/humble/lib/x86_64-linux-gnu:/opt/ros/humble/lib /usr/bin/cmake --install /root/ws_sensor_combined/build/px4_ros2_cpp
[1.725s] Level 1:colcon.colcon_core.environment:create_environment_scripts_only(px4_ros2_cpp)
[1.725s] DEBUG:colcon.colcon_core.event_handler.log_command:Invoked command in '/root/ws_sensor_combined/build/px4_ros2_cpp' returned '0': CMAKE_PREFIX_PATH=/root/ws_sensor_combined/install/px4_msgs:/root/ws_sensor_combined/install/px4_ros_com:/root/ws_sensor_combined/install/example_mode_with_executor_cpp:/root/ws_sensor_combined/install/example_mode_vtol_cpp:/root/ws_sensor_combined/install/example_mode_rtl_replacement_cpp:/root/ws_sensor_combined/install/example_mode_manual_cpp:/root/ws_sensor_combined/install/example_mode_goto_global_cpp:/root/ws_sensor_combined/install/example_mode_goto_cpp:/root/ws_sensor_combined/install/example_mode_fw_attitude_cpp:/root/ws_sensor_combined/install/example_local_navigation_cpp:/root/ws_sensor_combined/install/example_global_navigation_cpp:/root/ws_sensor_combined/install/example_executor_with_multiple_modes_cpp:/root/ws_sensor_combined/install/px4_ros2_cpp:/opt/ros/humble LD_LIBRARY_PATH=/root/ws_sensor_combined/install/px4_msgs/lib:/root/ws_sensor_combined/install/px4_ros_com/lib:/root/ws_sensor_combined/install/px4_ros2_cpp/lib:/opt/ros/humble/opt/rviz_ogre_vendor/lib:/opt/ros/humble/lib/x86_64-linux-gnu:/opt/ros/humble/lib /usr/bin/cmake --install /root/ws_sensor_combined/build/px4_ros2_cpp
[1.725s] Level 1:colcon.colcon_core.environment:checking '/root/ws_sensor_combined/install/px4_ros2_cpp' for CMake module files
[1.726s] Level 1:colcon.colcon_core.environment:checking '/root/ws_sensor_combined/install/px4_ros2_cpp' for CMake config files
[1.727s] Level 1:colcon.colcon_core.shell:create_environment_hook('px4_ros2_cpp', 'cmake_prefix_path')
[1.727s] INFO:colcon.colcon_core.shell:Creating environment hook '/root/ws_sensor_combined/install/px4_ros2_cpp/share/px4_ros2_cpp/hook/cmake_prefix_path.ps1'
[1.727s] INFO:colcon.colcon_core.shell:Creating environment descriptor '/root/ws_sensor_combined/install/px4_ros2_cpp/share/px4_ros2_cpp/hook/cmake_prefix_path.dsv'
[1.728s] INFO:colcon.colcon_core.shell:Creating environment hook '/root/ws_sensor_combined/install/px4_ros2_cpp/share/px4_ros2_cpp/hook/cmake_prefix_path.sh'
[1.728s] Level 1:colcon.colcon_core.environment:checking '/root/ws_sensor_combined/install/px4_ros2_cpp/lib'
[1.729s] Level 1:colcon.colcon_core.shell:create_environment_hook('px4_ros2_cpp', 'ld_library_path_lib')
[1.729s] INFO:colcon.colcon_core.shell:Creating environment hook '/root/ws_sensor_combined/install/px4_ros2_cpp/share/px4_ros2_cpp/hook/ld_library_path_lib.ps1'
[1.729s] INFO:colcon.colcon_core.shell:Creating environment descriptor '/root/ws_sensor_combined/install/px4_ros2_cpp/share/px4_ros2_cpp/hook/ld_library_path_lib.dsv'
[1.729s] INFO:colcon.colcon_core.shell:Creating environment hook '/root/ws_sensor_combined/install/px4_ros2_cpp/share/px4_ros2_cpp/hook/ld_library_path_lib.sh'
[1.729s] Level 1:colcon.colcon_core.environment:checking '/root/ws_sensor_combined/install/px4_ros2_cpp/bin'
[1.729s] Level 1:colcon.colcon_core.environment:checking '/root/ws_sensor_combined/install/px4_ros2_cpp/lib/pkgconfig/px4_ros2_cpp.pc'
[1.730s] Level 1:colcon.colcon_core.environment:checking '/root/ws_sensor_combined/install/px4_ros2_cpp/lib/python3.10/site-packages'
[1.730s] Level 1:colcon.colcon_core.environment:checking '/root/ws_sensor_combined/install/px4_ros2_cpp/bin'
[1.730s] INFO:colcon.colcon_core.shell:Creating package script '/root/ws_sensor_combined/install/px4_ros2_cpp/share/px4_ros2_cpp/package.ps1'
[1.730s] INFO:colcon.colcon_core.shell:Creating package descriptor '/root/ws_sensor_combined/install/px4_ros2_cpp/share/px4_ros2_cpp/package.dsv'
[1.731s] INFO:colcon.colcon_core.shell:Creating package script '/root/ws_sensor_combined/install/px4_ros2_cpp/share/px4_ros2_cpp/package.sh'
[1.731s] INFO:colcon.colcon_core.shell:Creating package script '/root/ws_sensor_combined/install/px4_ros2_cpp/share/px4_ros2_cpp/package.bash'
[1.731s] INFO:colcon.colcon_core.shell:Creating package script '/root/ws_sensor_combined/install/px4_ros2_cpp/share/px4_ros2_cpp/package.zsh'
[1.731s] Level 1:colcon.colcon_core.environment:create_file_with_runtime_dependencies(/root/ws_sensor_combined/install/px4_ros2_cpp/share/colcon-core/packages/px4_ros2_cpp)
[1.732s] Level 1:colcon.colcon_core.environment:create_environment_scripts_only(px4_ros2_cpp)
[1.732s] Level 1:colcon.colcon_core.environment:checking '/root/ws_sensor_combined/install/px4_ros2_cpp' for CMake module files
[1.733s] Level 1:colcon.colcon_core.environment:checking '/root/ws_sensor_combined/install/px4_ros2_cpp' for CMake config files
[1.733s] Level 1:colcon.colcon_core.shell:create_environment_hook('px4_ros2_cpp', 'cmake_prefix_path')
[1.733s] INFO:colcon.colcon_core.shell:Creating environment hook '/root/ws_sensor_combined/install/px4_ros2_cpp/share/px4_ros2_cpp/hook/cmake_prefix_path.ps1'
[1.734s] INFO:colcon.colcon_core.shell:Creating environment descriptor '/root/ws_sensor_combined/install/px4_ros2_cpp/share/px4_ros2_cpp/hook/cmake_prefix_path.dsv'
[1.734s] INFO:colcon.colcon_core.shell:Creating environment hook '/root/ws_sensor_combined/install/px4_ros2_cpp/share/px4_ros2_cpp/hook/cmake_prefix_path.sh'
[1.734s] Level 1:colcon.colcon_core.environment:checking '/root/ws_sensor_combined/install/px4_ros2_cpp/lib'
[1.734s] Level 1:colcon.colcon_core.shell:create_environment_hook('px4_ros2_cpp', 'ld_library_path_lib')
[1.734s] INFO:colcon.colcon_core.shell:Creating environment hook '/root/ws_sensor_combined/install/px4_ros2_cpp/share/px4_ros2_cpp/hook/ld_library_path_lib.ps1'
[1.735s] INFO:colcon.colcon_core.shell:Creating environment descriptor '/root/ws_sensor_combined/install/px4_ros2_cpp/share/px4_ros2_cpp/hook/ld_library_path_lib.dsv'
[1.735s] INFO:colcon.colcon_core.shell:Creating environment hook '/root/ws_sensor_combined/install/px4_ros2_cpp/share/px4_ros2_cpp/hook/ld_library_path_lib.sh'
[1.735s] Level 1:colcon.colcon_core.environment:checking '/root/ws_sensor_combined/install/px4_ros2_cpp/bin'
[1.735s] Level 1:colcon.colcon_core.environment:checking '/root/ws_sensor_combined/install/px4_ros2_cpp/lib/pkgconfig/px4_ros2_cpp.pc'
[1.735s] Level 1:colcon.colcon_core.environment:checking '/root/ws_sensor_combined/install/px4_ros2_cpp/lib/python3.10/site-packages'
[1.736s] Level 1:colcon.colcon_core.environment:checking '/root/ws_sensor_combined/install/px4_ros2_cpp/bin'
[1.736s] INFO:colcon.colcon_core.shell:Creating package script '/root/ws_sensor_combined/install/px4_ros2_cpp/share/px4_ros2_cpp/package.ps1'
[1.736s] INFO:colcon.colcon_core.shell:Creating package descriptor '/root/ws_sensor_combined/install/px4_ros2_cpp/share/px4_ros2_cpp/package.dsv'
[1.737s] INFO:colcon.colcon_core.shell:Creating package script '/root/ws_sensor_combined/install/px4_ros2_cpp/share/px4_ros2_cpp/package.sh'
[1.737s] INFO:colcon.colcon_core.shell:Creating package script '/root/ws_sensor_combined/install/px4_ros2_cpp/share/px4_ros2_cpp/package.bash'
[1.737s] INFO:colcon.colcon_core.shell:Creating package script '/root/ws_sensor_combined/install/px4_ros2_cpp/share/px4_ros2_cpp/package.zsh'
[1.737s] Level 1:colcon.colcon_core.environment:create_file_with_runtime_dependencies(/root/ws_sensor_combined/install/px4_ros2_cpp/share/colcon-core/packages/px4_ros2_cpp)
[1.738s] INFO:colcon.colcon_ros.task.ament_cmake.build:Building ROS package in '/root/ws_sensor_combined/src/px4-ros2-interface-lib/examples/cpp/modes/executor_with_multiple_modes' with build type 'ament_cmake'
[1.738s] INFO:colcon.colcon_cmake.task.cmake.build:Building CMake package in '/root/ws_sensor_combined/src/px4-ros2-interface-lib/examples/cpp/modes/executor_with_multiple_modes'
[1.738s] INFO:colcon.colcon_core.shell:Skip shell extension 'powershell' for command environment: Not usable outside of PowerShell
[1.738s] DEBUG:colcon.colcon_core.shell:Skip shell extension 'dsv' for command environment
[1.742s] INFO:colcon.colcon_ros.task.ament_cmake.build:Building ROS package in '/root/ws_sensor_combined/src/px4-ros2-interface-lib/examples/cpp/navigation/global_navigation' with build type 'ament_cmake'
[1.742s] INFO:colcon.colcon_cmake.task.cmake.build:Building CMake package in '/root/ws_sensor_combined/src/px4-ros2-interface-lib/examples/cpp/navigation/global_navigation'
[1.743s] INFO:colcon.colcon_core.shell:Skip shell extension 'powershell' for command environment: Not usable outside of PowerShell
[1.743s] DEBUG:colcon.colcon_core.shell:Skip shell extension 'dsv' for command environment
[1.746s] INFO:colcon.colcon_ros.task.ament_cmake.build:Building ROS package in '/root/ws_sensor_combined/src/px4-ros2-interface-lib/examples/cpp/navigation/local_navigation' with build type 'ament_cmake'
[1.746s] INFO:colcon.colcon_cmake.task.cmake.build:Building CMake package in '/root/ws_sensor_combined/src/px4-ros2-interface-lib/examples/cpp/navigation/local_navigation'
[1.746s] INFO:colcon.colcon_core.shell:Skip shell extension 'powershell' for command environment: Not usable outside of PowerShell
[1.747s] DEBUG:colcon.colcon_core.shell:Skip shell extension 'dsv' for command environment
[1.751s] INFO:colcon.colcon_ros.task.ament_cmake.build:Building ROS package in '/root/ws_sensor_combined/src/px4-ros2-interface-lib/examples/cpp/modes/fw_attitude' with build type 'ament_cmake'
[1.751s] INFO:colcon.colcon_cmake.task.cmake.build:Building CMake package in '/root/ws_sensor_combined/src/px4-ros2-interface-lib/examples/cpp/modes/fw_attitude'
[1.751s] INFO:colcon.colcon_core.shell:Skip shell extension 'powershell' for command environment: Not usable outside of PowerShell
[1.751s] DEBUG:colcon.colcon_core.shell:Skip shell extension 'dsv' for command environment
[1.756s] INFO:colcon.colcon_ros.task.ament_cmake.build:Building ROS package in '/root/ws_sensor_combined/src/px4-ros2-interface-lib/examples/cpp/modes/goto' with build type 'ament_cmake'
[1.756s] INFO:colcon.colcon_cmake.task.cmake.build:Building CMake package in '/root/ws_sensor_combined/src/px4-ros2-interface-lib/examples/cpp/modes/goto'
[1.757s] INFO:colcon.colcon_core.shell:Skip shell extension 'powershell' for command environment: Not usable outside of PowerShell
[1.757s] DEBUG:colcon.colcon_core.shell:Skip shell extension 'dsv' for command environment
[1.760s] INFO:colcon.colcon_ros.task.ament_cmake.build:Building ROS package in '/root/ws_sensor_combined/src/px4-ros2-interface-lib/examples/cpp/modes/goto_global' with build type 'ament_cmake'
[1.760s] INFO:colcon.colcon_cmake.task.cmake.build:Building CMake package in '/root/ws_sensor_combined/src/px4-ros2-interface-lib/examples/cpp/modes/goto_global'
[1.761s] INFO:colcon.colcon_core.shell:Skip shell extension 'powershell' for command environment: Not usable outside of PowerShell
[1.761s] DEBUG:colcon.colcon_core.shell:Skip shell extension 'dsv' for command environment
[1.764s] INFO:colcon.colcon_ros.task.ament_cmake.build:Building ROS package in '/root/ws_sensor_combined/src/px4-ros2-interface-lib/examples/cpp/modes/manual' with build type 'ament_cmake'
[1.765s] INFO:colcon.colcon_cmake.task.cmake.build:Building CMake package in '/root/ws_sensor_combined/src/px4-ros2-interface-lib/examples/cpp/modes/manual'
[1.765s] INFO:colcon.colcon_core.shell:Skip shell extension 'powershell' for command environment: Not usable outside of PowerShell
[1.765s] DEBUG:colcon.colcon_core.shell:Skip shell extension 'dsv' for command environment
[1.769s] INFO:colcon.colcon_ros.task.ament_cmake.build:Building ROS package in '/root/ws_sensor_combined/src/px4-ros2-interface-lib/examples/cpp/modes/rtl_replacement' with build type 'ament_cmake'
[1.769s] INFO:colcon.colcon_cmake.task.cmake.build:Building CMake package in '/root/ws_sensor_combined/src/px4-ros2-interface-lib/examples/cpp/modes/rtl_replacement'
[1.769s] INFO:colcon.colcon_core.shell:Skip shell extension 'powershell' for command environment: Not usable outside of PowerShell
[1.770s] DEBUG:colcon.colcon_core.shell:Skip shell extension 'dsv' for command environment
[1.774s] INFO:colcon.colcon_ros.task.ament_cmake.build:Building ROS package in '/root/ws_sensor_combined/src/px4-ros2-interface-lib/examples/cpp/modes/vtol' with build type 'ament_cmake'
[1.774s] INFO:colcon.colcon_cmake.task.cmake.build:Building CMake package in '/root/ws_sensor_combined/src/px4-ros2-interface-lib/examples/cpp/modes/vtol'
[1.774s] INFO:colcon.colcon_core.shell:Skip shell extension 'powershell' for command environment: Not usable outside of PowerShell
[1.774s] DEBUG:colcon.colcon_core.shell:Skip shell extension 'dsv' for command environment
[1.779s] INFO:colcon.colcon_ros.task.ament_cmake.build:Building ROS package in '/root/ws_sensor_combined/src/px4-ros2-interface-lib/examples/cpp/modes/mode_with_executor' with build type 'ament_cmake'
[1.779s] INFO:colcon.colcon_cmake.task.cmake.build:Building CMake package in '/root/ws_sensor_combined/src/px4-ros2-interface-lib/examples/cpp/modes/mode_with_executor'
[1.781s] INFO:colcon.colcon_core.shell:Skip shell extension 'powershell' for command environment: Not usable outside of PowerShell
[1.781s] DEBUG:colcon.colcon_core.shell:Skip shell extension 'dsv' for command environment
[1.899s] DEBUG:colcon.colcon_core.event_handler.log_command:Invoking command in '/root/ws_sensor_combined/build/example_global_navigation_cpp': CMAKE_PREFIX_PATH=/root/ws_sensor_combined/install/px4_ros2_cpp:/root/ws_sensor_combined/install/px4_msgs:/root/ws_sensor_combined/install/px4_ros_com:/root/ws_sensor_combined/install/example_mode_with_executor_cpp:/root/ws_sensor_combined/install/example_mode_vtol_cpp:/root/ws_sensor_combined/install/example_mode_rtl_replacement_cpp:/root/ws_sensor_combined/install/example_mode_manual_cpp:/root/ws_sensor_combined/install/example_mode_goto_global_cpp:/root/ws_sensor_combined/install/example_mode_goto_cpp:/root/ws_sensor_combined/install/example_mode_fw_attitude_cpp:/root/ws_sensor_combined/install/example_local_navigation_cpp:/root/ws_sensor_combined/install/example_global_navigation_cpp:/root/ws_sensor_combined/install/example_executor_with_multiple_modes_cpp:/opt/ros/humble LD_LIBRARY_PATH=/root/ws_sensor_combined/install/px4_ros2_cpp/lib:/root/ws_sensor_combined/install/px4_msgs/lib:/root/ws_sensor_combined/install/px4_ros_com/lib:/opt/ros/humble/opt/rviz_ogre_vendor/lib:/opt/ros/humble/lib/x86_64-linux-gnu:/opt/ros/humble/lib /usr/bin/cmake --build /root/ws_sensor_combined/build/example_global_navigation_cpp -- -j20 -l20
[1.918s] DEBUG:colcon.colcon_core.event_handler.log_command:Invoking command in '/root/ws_sensor_combined/build/example_executor_with_multiple_modes_cpp': CMAKE_PREFIX_PATH=/root/ws_sensor_combined/install/px4_ros2_cpp:/root/ws_sensor_combined/install/px4_msgs:/root/ws_sensor_combined/install/px4_ros_com:/root/ws_sensor_combined/install/example_mode_with_executor_cpp:/root/ws_sensor_combined/install/example_mode_vtol_cpp:/root/ws_sensor_combined/install/example_mode_rtl_replacement_cpp:/root/ws_sensor_combined/install/example_mode_manual_cpp:/root/ws_sensor_combined/install/example_mode_goto_global_cpp:/root/ws_sensor_combined/install/example_mode_goto_cpp:/root/ws_sensor_combined/install/example_mode_fw_attitude_cpp:/root/ws_sensor_combined/install/example_local_navigation_cpp:/root/ws_sensor_combined/install/example_global_navigation_cpp:/root/ws_sensor_combined/install/example_executor_with_multiple_modes_cpp:/opt/ros/humble LD_LIBRARY_PATH=/root/ws_sensor_combined/install/px4_ros2_cpp/lib:/root/ws_sensor_combined/install/px4_msgs/lib:/root/ws_sensor_combined/install/px4_ros_com/lib:/opt/ros/humble/opt/rviz_ogre_vendor/lib:/opt/ros/humble/lib/x86_64-linux-gnu:/opt/ros/humble/lib /usr/bin/cmake --build /root/ws_sensor_combined/build/example_executor_with_multiple_modes_cpp -- -j20 -l20
[1.923s] DEBUG:colcon.colcon_core.event_handler.log_command:Invoking command in '/root/ws_sensor_combined/build/example_local_navigation_cpp': CMAKE_PREFIX_PATH=/root/ws_sensor_combined/install/px4_ros2_cpp:/root/ws_sensor_combined/install/px4_msgs:/root/ws_sensor_combined/install/px4_ros_com:/root/ws_sensor_combined/install/example_mode_with_executor_cpp:/root/ws_sensor_combined/install/example_mode_vtol_cpp:/root/ws_sensor_combined/install/example_mode_rtl_replacement_cpp:/root/ws_sensor_combined/install/example_mode_manual_cpp:/root/ws_sensor_combined/install/example_mode_goto_global_cpp:/root/ws_sensor_combined/install/example_mode_goto_cpp:/root/ws_sensor_combined/install/example_mode_fw_attitude_cpp:/root/ws_sensor_combined/install/example_local_navigation_cpp:/root/ws_sensor_combined/install/example_global_navigation_cpp:/root/ws_sensor_combined/install/example_executor_with_multiple_modes_cpp:/opt/ros/humble LD_LIBRARY_PATH=/root/ws_sensor_combined/install/px4_ros2_cpp/lib:/root/ws_sensor_combined/install/px4_msgs/lib:/root/ws_sensor_combined/install/px4_ros_com/lib:/opt/ros/humble/opt/rviz_ogre_vendor/lib:/opt/ros/humble/lib/x86_64-linux-gnu:/opt/ros/humble/lib /usr/bin/cmake --build /root/ws_sensor_combined/build/example_local_navigation_cpp -- -j20 -l20
[1.930s] DEBUG:colcon.colcon_core.event_handler.log_command:Invoking command in '/root/ws_sensor_combined/build/example_mode_fw_attitude_cpp': CMAKE_PREFIX_PATH=/root/ws_sensor_combined/install/px4_ros2_cpp:/root/ws_sensor_combined/install/px4_msgs:/root/ws_sensor_combined/install/px4_ros_com:/root/ws_sensor_combined/install/example_mode_with_executor_cpp:/root/ws_sensor_combined/install/example_mode_vtol_cpp:/root/ws_sensor_combined/install/example_mode_rtl_replacement_cpp:/root/ws_sensor_combined/install/example_mode_manual_cpp:/root/ws_sensor_combined/install/example_mode_goto_global_cpp:/root/ws_sensor_combined/install/example_mode_goto_cpp:/root/ws_sensor_combined/install/example_mode_fw_attitude_cpp:/root/ws_sensor_combined/install/example_local_navigation_cpp:/root/ws_sensor_combined/install/example_global_navigation_cpp:/root/ws_sensor_combined/install/example_executor_with_multiple_modes_cpp:/opt/ros/humble LD_LIBRARY_PATH=/root/ws_sensor_combined/install/px4_ros2_cpp/lib:/root/ws_sensor_combined/install/px4_msgs/lib:/root/ws_sensor_combined/install/px4_ros_com/lib:/opt/ros/humble/opt/rviz_ogre_vendor/lib:/opt/ros/humble/lib/x86_64-linux-gnu:/opt/ros/humble/lib /usr/bin/cmake --build /root/ws_sensor_combined/build/example_mode_fw_attitude_cpp -- -j20 -l20
[1.935s] DEBUG:colcon.colcon_core.event_handler.log_command:Invoking command in '/root/ws_sensor_combined/build/example_mode_goto_global_cpp': CMAKE_PREFIX_PATH=/root/ws_sensor_combined/install/px4_ros2_cpp:/root/ws_sensor_combined/install/px4_msgs:/root/ws_sensor_combined/install/px4_ros_com:/root/ws_sensor_combined/install/example_mode_with_executor_cpp:/root/ws_sensor_combined/install/example_mode_vtol_cpp:/root/ws_sensor_combined/install/example_mode_rtl_replacement_cpp:/root/ws_sensor_combined/install/example_mode_manual_cpp:/root/ws_sensor_combined/install/example_mode_goto_global_cpp:/root/ws_sensor_combined/install/example_mode_goto_cpp:/root/ws_sensor_combined/install/example_mode_fw_attitude_cpp:/root/ws_sensor_combined/install/example_local_navigation_cpp:/root/ws_sensor_combined/install/example_global_navigation_cpp:/root/ws_sensor_combined/install/example_executor_with_multiple_modes_cpp:/opt/ros/humble LD_LIBRARY_PATH=/root/ws_sensor_combined/install/px4_ros2_cpp/lib:/root/ws_sensor_combined/install/px4_msgs/lib:/root/ws_sensor_combined/install/px4_ros_com/lib:/opt/ros/humble/opt/rviz_ogre_vendor/lib:/opt/ros/humble/lib/x86_64-linux-gnu:/opt/ros/humble/lib /usr/bin/cmake --build /root/ws_sensor_combined/build/example_mode_goto_global_cpp -- -j20 -l20
[1.942s] DEBUG:colcon.colcon_core.event_handler.log_command:Invoking command in '/root/ws_sensor_combined/build/example_mode_goto_cpp': CMAKE_PREFIX_PATH=/root/ws_sensor_combined/install/px4_ros2_cpp:/root/ws_sensor_combined/install/px4_msgs:/root/ws_sensor_combined/install/px4_ros_com:/root/ws_sensor_combined/install/example_mode_with_executor_cpp:/root/ws_sensor_combined/install/example_mode_vtol_cpp:/root/ws_sensor_combined/install/example_mode_rtl_replacement_cpp:/root/ws_sensor_combined/install/example_mode_manual_cpp:/root/ws_sensor_combined/install/example_mode_goto_global_cpp:/root/ws_sensor_combined/install/example_mode_goto_cpp:/root/ws_sensor_combined/install/example_mode_fw_attitude_cpp:/root/ws_sensor_combined/install/example_local_navigation_cpp:/root/ws_sensor_combined/install/example_global_navigation_cpp:/root/ws_sensor_combined/install/example_executor_with_multiple_modes_cpp:/opt/ros/humble LD_LIBRARY_PATH=/root/ws_sensor_combined/install/px4_ros2_cpp/lib:/root/ws_sensor_combined/install/px4_msgs/lib:/root/ws_sensor_combined/install/px4_ros_com/lib:/opt/ros/humble/opt/rviz_ogre_vendor/lib:/opt/ros/humble/lib/x86_64-linux-gnu:/opt/ros/humble/lib /usr/bin/cmake --build /root/ws_sensor_combined/build/example_mode_goto_cpp -- -j20 -l20
[1.947s] DEBUG:colcon.colcon_core.event_handler.log_command:Invoking command in '/root/ws_sensor_combined/build/example_mode_vtol_cpp': CMAKE_PREFIX_PATH=/root/ws_sensor_combined/install/px4_ros2_cpp:/root/ws_sensor_combined/install/px4_msgs:/root/ws_sensor_combined/install/px4_ros_com:/root/ws_sensor_combined/install/example_mode_with_executor_cpp:/root/ws_sensor_combined/install/example_mode_vtol_cpp:/root/ws_sensor_combined/install/example_mode_rtl_replacement_cpp:/root/ws_sensor_combined/install/example_mode_manual_cpp:/root/ws_sensor_combined/install/example_mode_goto_global_cpp:/root/ws_sensor_combined/install/example_mode_goto_cpp:/root/ws_sensor_combined/install/example_mode_fw_attitude_cpp:/root/ws_sensor_combined/install/example_local_navigation_cpp:/root/ws_sensor_combined/install/example_global_navigation_cpp:/root/ws_sensor_combined/install/example_executor_with_multiple_modes_cpp:/opt/ros/humble LD_LIBRARY_PATH=/root/ws_sensor_combined/install/px4_ros2_cpp/lib:/root/ws_sensor_combined/install/px4_msgs/lib:/root/ws_sensor_combined/install/px4_ros_com/lib:/opt/ros/humble/opt/rviz_ogre_vendor/lib:/opt/ros/humble/lib/x86_64-linux-gnu:/opt/ros/humble/lib /usr/bin/cmake --build /root/ws_sensor_combined/build/example_mode_vtol_cpp -- -j20 -l20
[1.957s] DEBUG:colcon.colcon_core.event_handler.log_command:Invoking command in '/root/ws_sensor_combined/build/example_mode_manual_cpp': CMAKE_PREFIX_PATH=/root/ws_sensor_combined/install/px4_ros2_cpp:/root/ws_sensor_combined/install/px4_msgs:/root/ws_sensor_combined/install/px4_ros_com:/root/ws_sensor_combined/install/example_mode_with_executor_cpp:/root/ws_sensor_combined/install/example_mode_vtol_cpp:/root/ws_sensor_combined/install/example_mode_rtl_replacement_cpp:/root/ws_sensor_combined/install/example_mode_manual_cpp:/root/ws_sensor_combined/install/example_mode_goto_global_cpp:/root/ws_sensor_combined/install/example_mode_goto_cpp:/root/ws_sensor_combined/install/example_mode_fw_attitude_cpp:/root/ws_sensor_combined/install/example_local_navigation_cpp:/root/ws_sensor_combined/install/example_global_navigation_cpp:/root/ws_sensor_combined/install/example_executor_with_multiple_modes_cpp:/opt/ros/humble LD_LIBRARY_PATH=/root/ws_sensor_combined/install/px4_ros2_cpp/lib:/root/ws_sensor_combined/install/px4_msgs/lib:/root/ws_sensor_combined/install/px4_ros_com/lib:/opt/ros/humble/opt/rviz_ogre_vendor/lib:/opt/ros/humble/lib/x86_64-linux-gnu:/opt/ros/humble/lib /usr/bin/cmake --build /root/ws_sensor_combined/build/example_mode_manual_cpp -- -j20 -l20
[1.960s] DEBUG:colcon.colcon_core.event_handler.log_command:Invoking command in '/root/ws_sensor_combined/build/example_mode_rtl_replacement_cpp': CMAKE_PREFIX_PATH=/root/ws_sensor_combined/install/px4_ros2_cpp:/root/ws_sensor_combined/install/px4_msgs:/root/ws_sensor_combined/install/px4_ros_com:/root/ws_sensor_combined/install/example_mode_with_executor_cpp:/root/ws_sensor_combined/install/example_mode_vtol_cpp:/root/ws_sensor_combined/install/example_mode_rtl_replacement_cpp:/root/ws_sensor_combined/install/example_mode_manual_cpp:/root/ws_sensor_combined/install/example_mode_goto_global_cpp:/root/ws_sensor_combined/install/example_mode_goto_cpp:/root/ws_sensor_combined/install/example_mode_fw_attitude_cpp:/root/ws_sensor_combined/install/example_local_navigation_cpp:/root/ws_sensor_combined/install/example_global_navigation_cpp:/root/ws_sensor_combined/install/example_executor_with_multiple_modes_cpp:/opt/ros/humble LD_LIBRARY_PATH=/root/ws_sensor_combined/install/px4_ros2_cpp/lib:/root/ws_sensor_combined/install/px4_msgs/lib:/root/ws_sensor_combined/install/px4_ros_com/lib:/opt/ros/humble/opt/rviz_ogre_vendor/lib:/opt/ros/humble/lib/x86_64-linux-gnu:/opt/ros/humble/lib /usr/bin/cmake --build /root/ws_sensor_combined/build/example_mode_rtl_replacement_cpp -- -j20 -l20
[1.966s] DEBUG:colcon.colcon_core.event_handler.log_command:Invoked command in '/root/ws_sensor_combined/build/example_global_navigation_cpp' returned '0': CMAKE_PREFIX_PATH=/root/ws_sensor_combined/install/px4_ros2_cpp:/root/ws_sensor_combined/install/px4_msgs:/root/ws_sensor_combined/install/px4_ros_com:/root/ws_sensor_combined/install/example_mode_with_executor_cpp:/root/ws_sensor_combined/install/example_mode_vtol_cpp:/root/ws_sensor_combined/install/example_mode_rtl_replacement_cpp:/root/ws_sensor_combined/install/example_mode_manual_cpp:/root/ws_sensor_combined/install/example_mode_goto_global_cpp:/root/ws_sensor_combined/install/example_mode_goto_cpp:/root/ws_sensor_combined/install/example_mode_fw_attitude_cpp:/root/ws_sensor_combined/install/example_local_navigation_cpp:/root/ws_sensor_combined/install/example_global_navigation_cpp:/root/ws_sensor_combined/install/example_executor_with_multiple_modes_cpp:/opt/ros/humble LD_LIBRARY_PATH=/root/ws_sensor_combined/install/px4_ros2_cpp/lib:/root/ws_sensor_combined/install/px4_msgs/lib:/root/ws_sensor_combined/install/px4_ros_com/lib:/opt/ros/humble/opt/rviz_ogre_vendor/lib:/opt/ros/humble/lib/x86_64-linux-gnu:/opt/ros/humble/lib /usr/bin/cmake --build /root/ws_sensor_combined/build/example_global_navigation_cpp -- -j20 -l20
[1.969s] DEBUG:colcon.colcon_core.event_handler.log_command:Invoking command in '/root/ws_sensor_combined/build/example_global_navigation_cpp': CMAKE_PREFIX_PATH=/root/ws_sensor_combined/install/px4_ros2_cpp:/root/ws_sensor_combined/install/px4_msgs:/root/ws_sensor_combined/install/px4_ros_com:/root/ws_sensor_combined/install/example_mode_with_executor_cpp:/root/ws_sensor_combined/install/example_mode_vtol_cpp:/root/ws_sensor_combined/install/example_mode_rtl_replacement_cpp:/root/ws_sensor_combined/install/example_mode_manual_cpp:/root/ws_sensor_combined/install/example_mode_goto_global_cpp:/root/ws_sensor_combined/install/example_mode_goto_cpp:/root/ws_sensor_combined/install/example_mode_fw_attitude_cpp:/root/ws_sensor_combined/install/example_local_navigation_cpp:/root/ws_sensor_combined/install/example_global_navigation_cpp:/root/ws_sensor_combined/install/example_executor_with_multiple_modes_cpp:/opt/ros/humble LD_LIBRARY_PATH=/root/ws_sensor_combined/install/px4_ros2_cpp/lib:/root/ws_sensor_combined/install/px4_msgs/lib:/root/ws_sensor_combined/install/px4_ros_com/lib:/opt/ros/humble/opt/rviz_ogre_vendor/lib:/opt/ros/humble/lib/x86_64-linux-gnu:/opt/ros/humble/lib /usr/bin/cmake --install /root/ws_sensor_combined/build/example_global_navigation_cpp
[1.980s] Level 1:colcon.colcon_core.environment:create_environment_scripts_only(example_global_navigation_cpp)
[1.980s] DEBUG:colcon.colcon_core.event_handler.log_command:Invoked command in '/root/ws_sensor_combined/build/example_global_navigation_cpp' returned '0': CMAKE_PREFIX_PATH=/root/ws_sensor_combined/install/px4_ros2_cpp:/root/ws_sensor_combined/install/px4_msgs:/root/ws_sensor_combined/install/px4_ros_com:/root/ws_sensor_combined/install/example_mode_with_executor_cpp:/root/ws_sensor_combined/install/example_mode_vtol_cpp:/root/ws_sensor_combined/install/example_mode_rtl_replacement_cpp:/root/ws_sensor_combined/install/example_mode_manual_cpp:/root/ws_sensor_combined/install/example_mode_goto_global_cpp:/root/ws_sensor_combined/install/example_mode_goto_cpp:/root/ws_sensor_combined/install/example_mode_fw_attitude_cpp:/root/ws_sensor_combined/install/example_local_navigation_cpp:/root/ws_sensor_combined/install/example_global_navigation_cpp:/root/ws_sensor_combined/install/example_executor_with_multiple_modes_cpp:/opt/ros/humble LD_LIBRARY_PATH=/root/ws_sensor_combined/install/px4_ros2_cpp/lib:/root/ws_sensor_combined/install/px4_msgs/lib:/root/ws_sensor_combined/install/px4_ros_com/lib:/opt/ros/humble/opt/rviz_ogre_vendor/lib:/opt/ros/humble/lib/x86_64-linux-gnu:/opt/ros/humble/lib /usr/bin/cmake --install /root/ws_sensor_combined/build/example_global_navigation_cpp
[1.981s] Level 1:colcon.colcon_core.environment:checking '/root/ws_sensor_combined/install/example_global_navigation_cpp' for CMake module files
[1.981s] Level 1:colcon.colcon_core.environment:checking '/root/ws_sensor_combined/install/example_global_navigation_cpp' for CMake config files
[1.982s] Level 1:colcon.colcon_core.shell:create_environment_hook('example_global_navigation_cpp', 'cmake_prefix_path')
[1.982s] INFO:colcon.colcon_core.shell:Creating environment hook '/root/ws_sensor_combined/install/example_global_navigation_cpp/share/example_global_navigation_cpp/hook/cmake_prefix_path.ps1'
[1.983s] INFO:colcon.colcon_core.shell:Creating environment descriptor '/root/ws_sensor_combined/install/example_global_navigation_cpp/share/example_global_navigation_cpp/hook/cmake_prefix_path.dsv'
[1.983s] INFO:colcon.colcon_core.shell:Creating environment hook '/root/ws_sensor_combined/install/example_global_navigation_cpp/share/example_global_navigation_cpp/hook/cmake_prefix_path.sh'
[1.985s] Level 1:colcon.colcon_core.environment:checking '/root/ws_sensor_combined/install/example_global_navigation_cpp/lib'
[1.985s] Level 1:colcon.colcon_core.environment:checking '/root/ws_sensor_combined/install/example_global_navigation_cpp/bin'
[1.985s] Level 1:colcon.colcon_core.environment:checking '/root/ws_sensor_combined/install/example_global_navigation_cpp/lib/pkgconfig/example_global_navigation_cpp.pc'
[1.985s] Level 1:colcon.colcon_core.environment:checking '/root/ws_sensor_combined/install/example_global_navigation_cpp/lib/python3.10/site-packages'
[1.985s] Level 1:colcon.colcon_core.environment:checking '/root/ws_sensor_combined/install/example_global_navigation_cpp/bin'
[1.986s] INFO:colcon.colcon_core.shell:Creating package script '/root/ws_sensor_combined/install/example_global_navigation_cpp/share/example_global_navigation_cpp/package.ps1'
[1.986s] INFO:colcon.colcon_core.shell:Creating package descriptor '/root/ws_sensor_combined/install/example_global_navigation_cpp/share/example_global_navigation_cpp/package.dsv'
[1.988s] INFO:colcon.colcon_core.shell:Creating package script '/root/ws_sensor_combined/install/example_global_navigation_cpp/share/example_global_navigation_cpp/package.sh'
[1.988s] INFO:colcon.colcon_core.shell:Creating package script '/root/ws_sensor_combined/install/example_global_navigation_cpp/share/example_global_navigation_cpp/package.bash'
[1.989s] INFO:colcon.colcon_core.shell:Creating package script '/root/ws_sensor_combined/install/example_global_navigation_cpp/share/example_global_navigation_cpp/package.zsh'
[1.989s] Level 1:colcon.colcon_core.environment:create_file_with_runtime_dependencies(/root/ws_sensor_combined/install/example_global_navigation_cpp/share/colcon-core/packages/example_global_navigation_cpp)
[1.990s] Level 1:colcon.colcon_core.environment:create_environment_scripts_only(example_global_navigation_cpp)
[1.991s] Level 1:colcon.colcon_core.environment:checking '/root/ws_sensor_combined/install/example_global_navigation_cpp' for CMake module files
[1.991s] Level 1:colcon.colcon_core.environment:checking '/root/ws_sensor_combined/install/example_global_navigation_cpp' for CMake config files
[1.991s] Level 1:colcon.colcon_core.shell:create_environment_hook('example_global_navigation_cpp', 'cmake_prefix_path')
[1.991s] INFO:colcon.colcon_core.shell:Creating environment hook '/root/ws_sensor_combined/install/example_global_navigation_cpp/share/example_global_navigation_cpp/hook/cmake_prefix_path.ps1'
[1.992s] INFO:colcon.colcon_core.shell:Creating environment descriptor '/root/ws_sensor_combined/install/example_global_navigation_cpp/share/example_global_navigation_cpp/hook/cmake_prefix_path.dsv'
[1.992s] INFO:colcon.colcon_core.shell:Creating environment hook '/root/ws_sensor_combined/install/example_global_navigation_cpp/share/example_global_navigation_cpp/hook/cmake_prefix_path.sh'
[1.993s] Level 1:colcon.colcon_core.environment:checking '/root/ws_sensor_combined/install/example_global_navigation_cpp/lib'
[1.993s] Level 1:colcon.colcon_core.environment:checking '/root/ws_sensor_combined/install/example_global_navigation_cpp/bin'
[1.993s] Level 1:colcon.colcon_core.environment:checking '/root/ws_sensor_combined/install/example_global_navigation_cpp/lib/pkgconfig/example_global_navigation_cpp.pc'
[1.993s] Level 1:colcon.colcon_core.environment:checking '/root/ws_sensor_combined/install/example_global_navigation_cpp/lib/python3.10/site-packages'
[1.993s] Level 1:colcon.colcon_core.environment:checking '/root/ws_sensor_combined/install/example_global_navigation_cpp/bin'
[1.994s] INFO:colcon.colcon_core.shell:Creating package script '/root/ws_sensor_combined/install/example_global_navigation_cpp/share/example_global_navigation_cpp/package.ps1'
[1.995s] INFO:colcon.colcon_core.shell:Creating package descriptor '/root/ws_sensor_combined/install/example_global_navigation_cpp/share/example_global_navigation_cpp/package.dsv'
[1.995s] INFO:colcon.colcon_core.shell:Creating package script '/root/ws_sensor_combined/install/example_global_navigation_cpp/share/example_global_navigation_cpp/package.sh'
[1.996s] INFO:colcon.colcon_core.shell:Creating package script '/root/ws_sensor_combined/install/example_global_navigation_cpp/share/example_global_navigation_cpp/package.bash'
[1.997s] INFO:colcon.colcon_core.shell:Creating package script '/root/ws_sensor_combined/install/example_global_navigation_cpp/share/example_global_navigation_cpp/package.zsh'
[1.997s] Level 1:colcon.colcon_core.environment:create_file_with_runtime_dependencies(/root/ws_sensor_combined/install/example_global_navigation_cpp/share/colcon-core/packages/example_global_navigation_cpp)
[2.007s] DEBUG:colcon.colcon_core.event_handler.log_command:Invoking command in '/root/ws_sensor_combined/build/example_mode_with_executor_cpp': CMAKE_PREFIX_PATH=/root/ws_sensor_combined/install/px4_ros2_cpp:/root/ws_sensor_combined/install/px4_msgs:/root/ws_sensor_combined/install/px4_ros_com:/root/ws_sensor_combined/install/example_mode_with_executor_cpp:/root/ws_sensor_combined/install/example_mode_vtol_cpp:/root/ws_sensor_combined/install/example_mode_rtl_replacement_cpp:/root/ws_sensor_combined/install/example_mode_manual_cpp:/root/ws_sensor_combined/install/example_mode_goto_global_cpp:/root/ws_sensor_combined/install/example_mode_goto_cpp:/root/ws_sensor_combined/install/example_mode_fw_attitude_cpp:/root/ws_sensor_combined/install/example_local_navigation_cpp:/root/ws_sensor_combined/install/example_global_navigation_cpp:/root/ws_sensor_combined/install/example_executor_with_multiple_modes_cpp:/opt/ros/humble LD_LIBRARY_PATH=/root/ws_sensor_combined/install/px4_ros2_cpp/lib:/root/ws_sensor_combined/install/px4_msgs/lib:/root/ws_sensor_combined/install/px4_ros_com/lib:/opt/ros/humble/opt/rviz_ogre_vendor/lib:/opt/ros/humble/lib/x86_64-linux-gnu:/opt/ros/humble/lib /usr/bin/cmake --build /root/ws_sensor_combined/build/example_mode_with_executor_cpp -- -j20 -l20
[2.010s] DEBUG:colcon.colcon_core.event_handler.log_command:Invoked command in '/root/ws_sensor_combined/build/example_local_navigation_cpp' returned '0': CMAKE_PREFIX_PATH=/root/ws_sensor_combined/install/px4_ros2_cpp:/root/ws_sensor_combined/install/px4_msgs:/root/ws_sensor_combined/install/px4_ros_com:/root/ws_sensor_combined/install/example_mode_with_executor_cpp:/root/ws_sensor_combined/install/example_mode_vtol_cpp:/root/ws_sensor_combined/install/example_mode_rtl_replacement_cpp:/root/ws_sensor_combined/install/example_mode_manual_cpp:/root/ws_sensor_combined/install/example_mode_goto_global_cpp:/root/ws_sensor_combined/install/example_mode_goto_cpp:/root/ws_sensor_combined/install/example_mode_fw_attitude_cpp:/root/ws_sensor_combined/install/example_local_navigation_cpp:/root/ws_sensor_combined/install/example_global_navigation_cpp:/root/ws_sensor_combined/install/example_executor_with_multiple_modes_cpp:/opt/ros/humble LD_LIBRARY_PATH=/root/ws_sensor_combined/install/px4_ros2_cpp/lib:/root/ws_sensor_combined/install/px4_msgs/lib:/root/ws_sensor_combined/install/px4_ros_com/lib:/opt/ros/humble/opt/rviz_ogre_vendor/lib:/opt/ros/humble/lib/x86_64-linux-gnu:/opt/ros/humble/lib /usr/bin/cmake --build /root/ws_sensor_combined/build/example_local_navigation_cpp -- -j20 -l20
[2.017s] DEBUG:colcon.colcon_core.event_handler.log_command:Invoking command in '/root/ws_sensor_combined/build/example_local_navigation_cpp': CMAKE_PREFIX_PATH=/root/ws_sensor_combined/install/px4_ros2_cpp:/root/ws_sensor_combined/install/px4_msgs:/root/ws_sensor_combined/install/px4_ros_com:/root/ws_sensor_combined/install/example_mode_with_executor_cpp:/root/ws_sensor_combined/install/example_mode_vtol_cpp:/root/ws_sensor_combined/install/example_mode_rtl_replacement_cpp:/root/ws_sensor_combined/install/example_mode_manual_cpp:/root/ws_sensor_combined/install/example_mode_goto_global_cpp:/root/ws_sensor_combined/install/example_mode_goto_cpp:/root/ws_sensor_combined/install/example_mode_fw_attitude_cpp:/root/ws_sensor_combined/install/example_local_navigation_cpp:/root/ws_sensor_combined/install/example_global_navigation_cpp:/root/ws_sensor_combined/install/example_executor_with_multiple_modes_cpp:/opt/ros/humble LD_LIBRARY_PATH=/root/ws_sensor_combined/install/px4_ros2_cpp/lib:/root/ws_sensor_combined/install/px4_msgs/lib:/root/ws_sensor_combined/install/px4_ros_com/lib:/opt/ros/humble/opt/rviz_ogre_vendor/lib:/opt/ros/humble/lib/x86_64-linux-gnu:/opt/ros/humble/lib /usr/bin/cmake --install /root/ws_sensor_combined/build/example_local_navigation_cpp
[2.018s] DEBUG:colcon.colcon_core.event_handler.log_command:Invoked command in '/root/ws_sensor_combined/build/example_executor_with_multiple_modes_cpp' returned '0': CMAKE_PREFIX_PATH=/root/ws_sensor_combined/install/px4_ros2_cpp:/root/ws_sensor_combined/install/px4_msgs:/root/ws_sensor_combined/install/px4_ros_com:/root/ws_sensor_combined/install/example_mode_with_executor_cpp:/root/ws_sensor_combined/install/example_mode_vtol_cpp:/root/ws_sensor_combined/install/example_mode_rtl_replacement_cpp:/root/ws_sensor_combined/install/example_mode_manual_cpp:/root/ws_sensor_combined/install/example_mode_goto_global_cpp:/root/ws_sensor_combined/install/example_mode_goto_cpp:/root/ws_sensor_combined/install/example_mode_fw_attitude_cpp:/root/ws_sensor_combined/install/example_local_navigation_cpp:/root/ws_sensor_combined/install/example_global_navigation_cpp:/root/ws_sensor_combined/install/example_executor_with_multiple_modes_cpp:/opt/ros/humble LD_LIBRARY_PATH=/root/ws_sensor_combined/install/px4_ros2_cpp/lib:/root/ws_sensor_combined/install/px4_msgs/lib:/root/ws_sensor_combined/install/px4_ros_com/lib:/opt/ros/humble/opt/rviz_ogre_vendor/lib:/opt/ros/humble/lib/x86_64-linux-gnu:/opt/ros/humble/lib /usr/bin/cmake --build /root/ws_sensor_combined/build/example_executor_with_multiple_modes_cpp -- -j20 -l20
[2.021s] DEBUG:colcon.colcon_core.event_handler.log_command:Invoking command in '/root/ws_sensor_combined/build/example_executor_with_multiple_modes_cpp': CMAKE_PREFIX_PATH=/root/ws_sensor_combined/install/px4_ros2_cpp:/root/ws_sensor_combined/install/px4_msgs:/root/ws_sensor_combined/install/px4_ros_com:/root/ws_sensor_combined/install/example_mode_with_executor_cpp:/root/ws_sensor_combined/install/example_mode_vtol_cpp:/root/ws_sensor_combined/install/example_mode_rtl_replacement_cpp:/root/ws_sensor_combined/install/example_mode_manual_cpp:/root/ws_sensor_combined/install/example_mode_goto_global_cpp:/root/ws_sensor_combined/install/example_mode_goto_cpp:/root/ws_sensor_combined/install/example_mode_fw_attitude_cpp:/root/ws_sensor_combined/install/example_local_navigation_cpp:/root/ws_sensor_combined/install/example_global_navigation_cpp:/root/ws_sensor_combined/install/example_executor_with_multiple_modes_cpp:/opt/ros/humble LD_LIBRARY_PATH=/root/ws_sensor_combined/install/px4_ros2_cpp/lib:/root/ws_sensor_combined/install/px4_msgs/lib:/root/ws_sensor_combined/install/px4_ros_com/lib:/opt/ros/humble/opt/rviz_ogre_vendor/lib:/opt/ros/humble/lib/x86_64-linux-gnu:/opt/ros/humble/lib /usr/bin/cmake --install /root/ws_sensor_combined/build/example_executor_with_multiple_modes_cpp
[2.027s] DEBUG:colcon.colcon_core.event_handler.log_command:Invoked command in '/root/ws_sensor_combined/build/example_mode_goto_global_cpp' returned '0': CMAKE_PREFIX_PATH=/root/ws_sensor_combined/install/px4_ros2_cpp:/root/ws_sensor_combined/install/px4_msgs:/root/ws_sensor_combined/install/px4_ros_com:/root/ws_sensor_combined/install/example_mode_with_executor_cpp:/root/ws_sensor_combined/install/example_mode_vtol_cpp:/root/ws_sensor_combined/install/example_mode_rtl_replacement_cpp:/root/ws_sensor_combined/install/example_mode_manual_cpp:/root/ws_sensor_combined/install/example_mode_goto_global_cpp:/root/ws_sensor_combined/install/example_mode_goto_cpp:/root/ws_sensor_combined/install/example_mode_fw_attitude_cpp:/root/ws_sensor_combined/install/example_local_navigation_cpp:/root/ws_sensor_combined/install/example_global_navigation_cpp:/root/ws_sensor_combined/install/example_executor_with_multiple_modes_cpp:/opt/ros/humble LD_LIBRARY_PATH=/root/ws_sensor_combined/install/px4_ros2_cpp/lib:/root/ws_sensor_combined/install/px4_msgs/lib:/root/ws_sensor_combined/install/px4_ros_com/lib:/opt/ros/humble/opt/rviz_ogre_vendor/lib:/opt/ros/humble/lib/x86_64-linux-gnu:/opt/ros/humble/lib /usr/bin/cmake --build /root/ws_sensor_combined/build/example_mode_goto_global_cpp -- -j20 -l20
[2.035s] DEBUG:colcon.colcon_core.event_handler.log_command:Invoking command in '/root/ws_sensor_combined/build/example_mode_goto_global_cpp': CMAKE_PREFIX_PATH=/root/ws_sensor_combined/install/px4_ros2_cpp:/root/ws_sensor_combined/install/px4_msgs:/root/ws_sensor_combined/install/px4_ros_com:/root/ws_sensor_combined/install/example_mode_with_executor_cpp:/root/ws_sensor_combined/install/example_mode_vtol_cpp:/root/ws_sensor_combined/install/example_mode_rtl_replacement_cpp:/root/ws_sensor_combined/install/example_mode_manual_cpp:/root/ws_sensor_combined/install/example_mode_goto_global_cpp:/root/ws_sensor_combined/install/example_mode_goto_cpp:/root/ws_sensor_combined/install/example_mode_fw_attitude_cpp:/root/ws_sensor_combined/install/example_local_navigation_cpp:/root/ws_sensor_combined/install/example_global_navigation_cpp:/root/ws_sensor_combined/install/example_executor_with_multiple_modes_cpp:/opt/ros/humble LD_LIBRARY_PATH=/root/ws_sensor_combined/install/px4_ros2_cpp/lib:/root/ws_sensor_combined/install/px4_msgs/lib:/root/ws_sensor_combined/install/px4_ros_com/lib:/opt/ros/humble/opt/rviz_ogre_vendor/lib:/opt/ros/humble/lib/x86_64-linux-gnu:/opt/ros/humble/lib /usr/bin/cmake --install /root/ws_sensor_combined/build/example_mode_goto_global_cpp
[2.035s] DEBUG:colcon.colcon_core.event_handler.log_command:Invoked command in '/root/ws_sensor_combined/build/example_mode_fw_attitude_cpp' returned '0': CMAKE_PREFIX_PATH=/root/ws_sensor_combined/install/px4_ros2_cpp:/root/ws_sensor_combined/install/px4_msgs:/root/ws_sensor_combined/install/px4_ros_com:/root/ws_sensor_combined/install/example_mode_with_executor_cpp:/root/ws_sensor_combined/install/example_mode_vtol_cpp:/root/ws_sensor_combined/install/example_mode_rtl_replacement_cpp:/root/ws_sensor_combined/install/example_mode_manual_cpp:/root/ws_sensor_combined/install/example_mode_goto_global_cpp:/root/ws_sensor_combined/install/example_mode_goto_cpp:/root/ws_sensor_combined/install/example_mode_fw_attitude_cpp:/root/ws_sensor_combined/install/example_local_navigation_cpp:/root/ws_sensor_combined/install/example_global_navigation_cpp:/root/ws_sensor_combined/install/example_executor_with_multiple_modes_cpp:/opt/ros/humble LD_LIBRARY_PATH=/root/ws_sensor_combined/install/px4_ros2_cpp/lib:/root/ws_sensor_combined/install/px4_msgs/lib:/root/ws_sensor_combined/install/px4_ros_com/lib:/opt/ros/humble/opt/rviz_ogre_vendor/lib:/opt/ros/humble/lib/x86_64-linux-gnu:/opt/ros/humble/lib /usr/bin/cmake --build /root/ws_sensor_combined/build/example_mode_fw_attitude_cpp -- -j20 -l20
[2.036s] DEBUG:colcon.colcon_core.event_handler.log_command:Invoking command in '/root/ws_sensor_combined/build/example_mode_fw_attitude_cpp': CMAKE_PREFIX_PATH=/root/ws_sensor_combined/install/px4_ros2_cpp:/root/ws_sensor_combined/install/px4_msgs:/root/ws_sensor_combined/install/px4_ros_com:/root/ws_sensor_combined/install/example_mode_with_executor_cpp:/root/ws_sensor_combined/install/example_mode_vtol_cpp:/root/ws_sensor_combined/install/example_mode_rtl_replacement_cpp:/root/ws_sensor_combined/install/example_mode_manual_cpp:/root/ws_sensor_combined/install/example_mode_goto_global_cpp:/root/ws_sensor_combined/install/example_mode_goto_cpp:/root/ws_sensor_combined/install/example_mode_fw_attitude_cpp:/root/ws_sensor_combined/install/example_local_navigation_cpp:/root/ws_sensor_combined/install/example_global_navigation_cpp:/root/ws_sensor_combined/install/example_executor_with_multiple_modes_cpp:/opt/ros/humble LD_LIBRARY_PATH=/root/ws_sensor_combined/install/px4_ros2_cpp/lib:/root/ws_sensor_combined/install/px4_msgs/lib:/root/ws_sensor_combined/install/px4_ros_com/lib:/opt/ros/humble/opt/rviz_ogre_vendor/lib:/opt/ros/humble/lib/x86_64-linux-gnu:/opt/ros/humble/lib /usr/bin/cmake --install /root/ws_sensor_combined/build/example_mode_fw_attitude_cpp
[2.036s] DEBUG:colcon.colcon_core.event_handler.log_command:Invoked command in '/root/ws_sensor_combined/build/example_mode_vtol_cpp' returned '0': CMAKE_PREFIX_PATH=/root/ws_sensor_combined/install/px4_ros2_cpp:/root/ws_sensor_combined/install/px4_msgs:/root/ws_sensor_combined/install/px4_ros_com:/root/ws_sensor_combined/install/example_mode_with_executor_cpp:/root/ws_sensor_combined/install/example_mode_vtol_cpp:/root/ws_sensor_combined/install/example_mode_rtl_replacement_cpp:/root/ws_sensor_combined/install/example_mode_manual_cpp:/root/ws_sensor_combined/install/example_mode_goto_global_cpp:/root/ws_sensor_combined/install/example_mode_goto_cpp:/root/ws_sensor_combined/install/example_mode_fw_attitude_cpp:/root/ws_sensor_combined/install/example_local_navigation_cpp:/root/ws_sensor_combined/install/example_global_navigation_cpp:/root/ws_sensor_combined/install/example_executor_with_multiple_modes_cpp:/opt/ros/humble LD_LIBRARY_PATH=/root/ws_sensor_combined/install/px4_ros2_cpp/lib:/root/ws_sensor_combined/install/px4_msgs/lib:/root/ws_sensor_combined/install/px4_ros_com/lib:/opt/ros/humble/opt/rviz_ogre_vendor/lib:/opt/ros/humble/lib/x86_64-linux-gnu:/opt/ros/humble/lib /usr/bin/cmake --build /root/ws_sensor_combined/build/example_mode_vtol_cpp -- -j20 -l20
[2.048s] DEBUG:colcon.colcon_core.event_handler.log_command:Invoking command in '/root/ws_sensor_combined/build/example_mode_vtol_cpp': CMAKE_PREFIX_PATH=/root/ws_sensor_combined/install/px4_ros2_cpp:/root/ws_sensor_combined/install/px4_msgs:/root/ws_sensor_combined/install/px4_ros_com:/root/ws_sensor_combined/install/example_mode_with_executor_cpp:/root/ws_sensor_combined/install/example_mode_vtol_cpp:/root/ws_sensor_combined/install/example_mode_rtl_replacement_cpp:/root/ws_sensor_combined/install/example_mode_manual_cpp:/root/ws_sensor_combined/install/example_mode_goto_global_cpp:/root/ws_sensor_combined/install/example_mode_goto_cpp:/root/ws_sensor_combined/install/example_mode_fw_attitude_cpp:/root/ws_sensor_combined/install/example_local_navigation_cpp:/root/ws_sensor_combined/install/example_global_navigation_cpp:/root/ws_sensor_combined/install/example_executor_with_multiple_modes_cpp:/opt/ros/humble LD_LIBRARY_PATH=/root/ws_sensor_combined/install/px4_ros2_cpp/lib:/root/ws_sensor_combined/install/px4_msgs/lib:/root/ws_sensor_combined/install/px4_ros_com/lib:/opt/ros/humble/opt/rviz_ogre_vendor/lib:/opt/ros/humble/lib/x86_64-linux-gnu:/opt/ros/humble/lib /usr/bin/cmake --install /root/ws_sensor_combined/build/example_mode_vtol_cpp
[2.051s] Level 1:colcon.colcon_core.environment:create_environment_scripts_only(example_local_navigation_cpp)
[2.052s] Level 1:colcon.colcon_core.environment:checking '/root/ws_sensor_combined/install/example_local_navigation_cpp' for CMake module files
[2.053s] DEBUG:colcon.colcon_core.event_handler.log_command:Invoked command in '/root/ws_sensor_combined/build/example_mode_rtl_replacement_cpp' returned '0': CMAKE_PREFIX_PATH=/root/ws_sensor_combined/install/px4_ros2_cpp:/root/ws_sensor_combined/install/px4_msgs:/root/ws_sensor_combined/install/px4_ros_com:/root/ws_sensor_combined/install/example_mode_with_executor_cpp:/root/ws_sensor_combined/install/example_mode_vtol_cpp:/root/ws_sensor_combined/install/example_mode_rtl_replacement_cpp:/root/ws_sensor_combined/install/example_mode_manual_cpp:/root/ws_sensor_combined/install/example_mode_goto_global_cpp:/root/ws_sensor_combined/install/example_mode_goto_cpp:/root/ws_sensor_combined/install/example_mode_fw_attitude_cpp:/root/ws_sensor_combined/install/example_local_navigation_cpp:/root/ws_sensor_combined/install/example_global_navigation_cpp:/root/ws_sensor_combined/install/example_executor_with_multiple_modes_cpp:/opt/ros/humble LD_LIBRARY_PATH=/root/ws_sensor_combined/install/px4_ros2_cpp/lib:/root/ws_sensor_combined/install/px4_msgs/lib:/root/ws_sensor_combined/install/px4_ros_com/lib:/opt/ros/humble/opt/rviz_ogre_vendor/lib:/opt/ros/humble/lib/x86_64-linux-gnu:/opt/ros/humble/lib /usr/bin/cmake --build /root/ws_sensor_combined/build/example_mode_rtl_replacement_cpp -- -j20 -l20
[2.053s] DEBUG:colcon.colcon_core.event_handler.log_command:Invoking command in '/root/ws_sensor_combined/build/example_mode_rtl_replacement_cpp': CMAKE_PREFIX_PATH=/root/ws_sensor_combined/install/px4_ros2_cpp:/root/ws_sensor_combined/install/px4_msgs:/root/ws_sensor_combined/install/px4_ros_com:/root/ws_sensor_combined/install/example_mode_with_executor_cpp:/root/ws_sensor_combined/install/example_mode_vtol_cpp:/root/ws_sensor_combined/install/example_mode_rtl_replacement_cpp:/root/ws_sensor_combined/install/example_mode_manual_cpp:/root/ws_sensor_combined/install/example_mode_goto_global_cpp:/root/ws_sensor_combined/install/example_mode_goto_cpp:/root/ws_sensor_combined/install/example_mode_fw_attitude_cpp:/root/ws_sensor_combined/install/example_local_navigation_cpp:/root/ws_sensor_combined/install/example_global_navigation_cpp:/root/ws_sensor_combined/install/example_executor_with_multiple_modes_cpp:/opt/ros/humble LD_LIBRARY_PATH=/root/ws_sensor_combined/install/px4_ros2_cpp/lib:/root/ws_sensor_combined/install/px4_msgs/lib:/root/ws_sensor_combined/install/px4_ros_com/lib:/opt/ros/humble/opt/rviz_ogre_vendor/lib:/opt/ros/humble/lib/x86_64-linux-gnu:/opt/ros/humble/lib /usr/bin/cmake --install /root/ws_sensor_combined/build/example_mode_rtl_replacement_cpp
[2.053s] DEBUG:colcon.colcon_core.event_handler.log_command:Invoked command in '/root/ws_sensor_combined/build/example_mode_goto_cpp' returned '0': CMAKE_PREFIX_PATH=/root/ws_sensor_combined/install/px4_ros2_cpp:/root/ws_sensor_combined/install/px4_msgs:/root/ws_sensor_combined/install/px4_ros_com:/root/ws_sensor_combined/install/example_mode_with_executor_cpp:/root/ws_sensor_combined/install/example_mode_vtol_cpp:/root/ws_sensor_combined/install/example_mode_rtl_replacement_cpp:/root/ws_sensor_combined/install/example_mode_manual_cpp:/root/ws_sensor_combined/install/example_mode_goto_global_cpp:/root/ws_sensor_combined/install/example_mode_goto_cpp:/root/ws_sensor_combined/install/example_mode_fw_attitude_cpp:/root/ws_sensor_combined/install/example_local_navigation_cpp:/root/ws_sensor_combined/install/example_global_navigation_cpp:/root/ws_sensor_combined/install/example_executor_with_multiple_modes_cpp:/opt/ros/humble LD_LIBRARY_PATH=/root/ws_sensor_combined/install/px4_ros2_cpp/lib:/root/ws_sensor_combined/install/px4_msgs/lib:/root/ws_sensor_combined/install/px4_ros_com/lib:/opt/ros/humble/opt/rviz_ogre_vendor/lib:/opt/ros/humble/lib/x86_64-linux-gnu:/opt/ros/humble/lib /usr/bin/cmake --build /root/ws_sensor_combined/build/example_mode_goto_cpp -- -j20 -l20
[2.056s] DEBUG:colcon.colcon_core.event_handler.log_command:Invoking command in '/root/ws_sensor_combined/build/example_mode_goto_cpp': CMAKE_PREFIX_PATH=/root/ws_sensor_combined/install/px4_ros2_cpp:/root/ws_sensor_combined/install/px4_msgs:/root/ws_sensor_combined/install/px4_ros_com:/root/ws_sensor_combined/install/example_mode_with_executor_cpp:/root/ws_sensor_combined/install/example_mode_vtol_cpp:/root/ws_sensor_combined/install/example_mode_rtl_replacement_cpp:/root/ws_sensor_combined/install/example_mode_manual_cpp:/root/ws_sensor_combined/install/example_mode_goto_global_cpp:/root/ws_sensor_combined/install/example_mode_goto_cpp:/root/ws_sensor_combined/install/example_mode_fw_attitude_cpp:/root/ws_sensor_combined/install/example_local_navigation_cpp:/root/ws_sensor_combined/install/example_global_navigation_cpp:/root/ws_sensor_combined/install/example_executor_with_multiple_modes_cpp:/opt/ros/humble LD_LIBRARY_PATH=/root/ws_sensor_combined/install/px4_ros2_cpp/lib:/root/ws_sensor_combined/install/px4_msgs/lib:/root/ws_sensor_combined/install/px4_ros_com/lib:/opt/ros/humble/opt/rviz_ogre_vendor/lib:/opt/ros/humble/lib/x86_64-linux-gnu:/opt/ros/humble/lib /usr/bin/cmake --install /root/ws_sensor_combined/build/example_mode_goto_cpp
[2.059s] Level 1:colcon.colcon_core.environment:checking '/root/ws_sensor_combined/install/example_local_navigation_cpp' for CMake config files
[2.059s] DEBUG:colcon.colcon_core.event_handler.log_command:Invoked command in '/root/ws_sensor_combined/build/example_local_navigation_cpp' returned '0': CMAKE_PREFIX_PATH=/root/ws_sensor_combined/install/px4_ros2_cpp:/root/ws_sensor_combined/install/px4_msgs:/root/ws_sensor_combined/install/px4_ros_com:/root/ws_sensor_combined/install/example_mode_with_executor_cpp:/root/ws_sensor_combined/install/example_mode_vtol_cpp:/root/ws_sensor_combined/install/example_mode_rtl_replacement_cpp:/root/ws_sensor_combined/install/example_mode_manual_cpp:/root/ws_sensor_combined/install/example_mode_goto_global_cpp:/root/ws_sensor_combined/install/example_mode_goto_cpp:/root/ws_sensor_combined/install/example_mode_fw_attitude_cpp:/root/ws_sensor_combined/install/example_local_navigation_cpp:/root/ws_sensor_combined/install/example_global_navigation_cpp:/root/ws_sensor_combined/install/example_executor_with_multiple_modes_cpp:/opt/ros/humble LD_LIBRARY_PATH=/root/ws_sensor_combined/install/px4_ros2_cpp/lib:/root/ws_sensor_combined/install/px4_msgs/lib:/root/ws_sensor_combined/install/px4_ros_com/lib:/opt/ros/humble/opt/rviz_ogre_vendor/lib:/opt/ros/humble/lib/x86_64-linux-gnu:/opt/ros/humble/lib /usr/bin/cmake --install /root/ws_sensor_combined/build/example_local_navigation_cpp
[2.060s] Level 1:colcon.colcon_core.shell:create_environment_hook('example_local_navigation_cpp', 'cmake_prefix_path')
[2.060s] INFO:colcon.colcon_core.shell:Creating environment hook '/root/ws_sensor_combined/install/example_local_navigation_cpp/share/example_local_navigation_cpp/hook/cmake_prefix_path.ps1'
[2.061s] INFO:colcon.colcon_core.shell:Creating environment descriptor '/root/ws_sensor_combined/install/example_local_navigation_cpp/share/example_local_navigation_cpp/hook/cmake_prefix_path.dsv'
[2.061s] INFO:colcon.colcon_core.shell:Creating environment hook '/root/ws_sensor_combined/install/example_local_navigation_cpp/share/example_local_navigation_cpp/hook/cmake_prefix_path.sh'
[2.061s] Level 1:colcon.colcon_core.environment:checking '/root/ws_sensor_combined/install/example_local_navigation_cpp/lib'
[2.061s] Level 1:colcon.colcon_core.environment:checking '/root/ws_sensor_combined/install/example_local_navigation_cpp/bin'
[2.061s] Level 1:colcon.colcon_core.environment:checking '/root/ws_sensor_combined/install/example_local_navigation_cpp/lib/pkgconfig/example_local_navigation_cpp.pc'
[2.061s] Level 1:colcon.colcon_core.environment:checking '/root/ws_sensor_combined/install/example_local_navigation_cpp/lib/python3.10/site-packages'
[2.062s] Level 1:colcon.colcon_core.environment:checking '/root/ws_sensor_combined/install/example_local_navigation_cpp/bin'
[2.062s] INFO:colcon.colcon_core.shell:Creating package script '/root/ws_sensor_combined/install/example_local_navigation_cpp/share/example_local_navigation_cpp/package.ps1'
[2.062s] INFO:colcon.colcon_core.shell:Creating package descriptor '/root/ws_sensor_combined/install/example_local_navigation_cpp/share/example_local_navigation_cpp/package.dsv'
[2.062s] INFO:colcon.colcon_core.shell:Creating package script '/root/ws_sensor_combined/install/example_local_navigation_cpp/share/example_local_navigation_cpp/package.sh'
[2.063s] INFO:colcon.colcon_core.shell:Creating package script '/root/ws_sensor_combined/install/example_local_navigation_cpp/share/example_local_navigation_cpp/package.bash'
[2.063s] INFO:colcon.colcon_core.shell:Creating package script '/root/ws_sensor_combined/install/example_local_navigation_cpp/share/example_local_navigation_cpp/package.zsh'
[2.063s] Level 1:colcon.colcon_core.environment:create_file_with_runtime_dependencies(/root/ws_sensor_combined/install/example_local_navigation_cpp/share/colcon-core/packages/example_local_navigation_cpp)
[2.064s] Level 1:colcon.colcon_core.environment:create_environment_scripts_only(example_local_navigation_cpp)
[2.064s] Level 1:colcon.colcon_core.environment:checking '/root/ws_sensor_combined/install/example_local_navigation_cpp' for CMake module files
[2.064s] Level 1:colcon.colcon_core.environment:checking '/root/ws_sensor_combined/install/example_local_navigation_cpp' for CMake config files
[2.064s] Level 1:colcon.colcon_core.shell:create_environment_hook('example_local_navigation_cpp', 'cmake_prefix_path')
[2.064s] INFO:colcon.colcon_core.shell:Creating environment hook '/root/ws_sensor_combined/install/example_local_navigation_cpp/share/example_local_navigation_cpp/hook/cmake_prefix_path.ps1'
[2.065s] INFO:colcon.colcon_core.shell:Creating environment descriptor '/root/ws_sensor_combined/install/example_local_navigation_cpp/share/example_local_navigation_cpp/hook/cmake_prefix_path.dsv'
[2.065s] INFO:colcon.colcon_core.shell:Creating environment hook '/root/ws_sensor_combined/install/example_local_navigation_cpp/share/example_local_navigation_cpp/hook/cmake_prefix_path.sh'
[2.065s] Level 1:colcon.colcon_core.environment:checking '/root/ws_sensor_combined/install/example_local_navigation_cpp/lib'
[2.065s] Level 1:colcon.colcon_core.environment:checking '/root/ws_sensor_combined/install/example_local_navigation_cpp/bin'
[2.065s] Level 1:colcon.colcon_core.environment:checking '/root/ws_sensor_combined/install/example_local_navigation_cpp/lib/pkgconfig/example_local_navigation_cpp.pc'
[2.065s] Level 1:colcon.colcon_core.environment:checking '/root/ws_sensor_combined/install/example_local_navigation_cpp/lib/python3.10/site-packages'
[2.066s] Level 1:colcon.colcon_core.environment:checking '/root/ws_sensor_combined/install/example_local_navigation_cpp/bin'
[2.066s] INFO:colcon.colcon_core.shell:Creating package script '/root/ws_sensor_combined/install/example_local_navigation_cpp/share/example_local_navigation_cpp/package.ps1'
[2.066s] INFO:colcon.colcon_core.shell:Creating package descriptor '/root/ws_sensor_combined/install/example_local_navigation_cpp/share/example_local_navigation_cpp/package.dsv'
[2.067s] INFO:colcon.colcon_core.shell:Creating package script '/root/ws_sensor_combined/install/example_local_navigation_cpp/share/example_local_navigation_cpp/package.sh'
[2.067s] INFO:colcon.colcon_core.shell:Creating package script '/root/ws_sensor_combined/install/example_local_navigation_cpp/share/example_local_navigation_cpp/package.bash'
[2.067s] INFO:colcon.colcon_core.shell:Creating package script '/root/ws_sensor_combined/install/example_local_navigation_cpp/share/example_local_navigation_cpp/package.zsh'
[2.067s] Level 1:colcon.colcon_core.environment:create_file_with_runtime_dependencies(/root/ws_sensor_combined/install/example_local_navigation_cpp/share/colcon-core/packages/example_local_navigation_cpp)
[2.067s] Level 1:colcon.colcon_core.environment:create_environment_scripts_only(example_executor_with_multiple_modes_cpp)
[2.068s] Level 1:colcon.colcon_core.environment:checking '/root/ws_sensor_combined/install/example_executor_with_multiple_modes_cpp' for CMake module files
[2.069s] Level 1:colcon.colcon_core.environment:checking '/root/ws_sensor_combined/install/example_executor_with_multiple_modes_cpp' for CMake config files
[2.069s] DEBUG:colcon.colcon_core.event_handler.log_command:Invoked command in '/root/ws_sensor_combined/build/example_executor_with_multiple_modes_cpp' returned '0': CMAKE_PREFIX_PATH=/root/ws_sensor_combined/install/px4_ros2_cpp:/root/ws_sensor_combined/install/px4_msgs:/root/ws_sensor_combined/install/px4_ros_com:/root/ws_sensor_combined/install/example_mode_with_executor_cpp:/root/ws_sensor_combined/install/example_mode_vtol_cpp:/root/ws_sensor_combined/install/example_mode_rtl_replacement_cpp:/root/ws_sensor_combined/install/example_mode_manual_cpp:/root/ws_sensor_combined/install/example_mode_goto_global_cpp:/root/ws_sensor_combined/install/example_mode_goto_cpp:/root/ws_sensor_combined/install/example_mode_fw_attitude_cpp:/root/ws_sensor_combined/install/example_local_navigation_cpp:/root/ws_sensor_combined/install/example_global_navigation_cpp:/root/ws_sensor_combined/install/example_executor_with_multiple_modes_cpp:/opt/ros/humble LD_LIBRARY_PATH=/root/ws_sensor_combined/install/px4_ros2_cpp/lib:/root/ws_sensor_combined/install/px4_msgs/lib:/root/ws_sensor_combined/install/px4_ros_com/lib:/opt/ros/humble/opt/rviz_ogre_vendor/lib:/opt/ros/humble/lib/x86_64-linux-gnu:/opt/ros/humble/lib /usr/bin/cmake --install /root/ws_sensor_combined/build/example_executor_with_multiple_modes_cpp
[2.069s] Level 1:colcon.colcon_core.shell:create_environment_hook('example_executor_with_multiple_modes_cpp', 'cmake_prefix_path')
[2.069s] INFO:colcon.colcon_core.shell:Creating environment hook '/root/ws_sensor_combined/install/example_executor_with_multiple_modes_cpp/share/example_executor_with_multiple_modes_cpp/hook/cmake_prefix_path.ps1'
[2.070s] INFO:colcon.colcon_core.shell:Creating environment descriptor '/root/ws_sensor_combined/install/example_executor_with_multiple_modes_cpp/share/example_executor_with_multiple_modes_cpp/hook/cmake_prefix_path.dsv'
[2.070s] INFO:colcon.colcon_core.shell:Creating environment hook '/root/ws_sensor_combined/install/example_executor_with_multiple_modes_cpp/share/example_executor_with_multiple_modes_cpp/hook/cmake_prefix_path.sh'
[2.071s] Level 1:colcon.colcon_core.environment:checking '/root/ws_sensor_combined/install/example_executor_with_multiple_modes_cpp/lib'
[2.071s] Level 1:colcon.colcon_core.environment:checking '/root/ws_sensor_combined/install/example_executor_with_multiple_modes_cpp/bin'
[2.071s] Level 1:colcon.colcon_core.environment:checking '/root/ws_sensor_combined/install/example_executor_with_multiple_modes_cpp/lib/pkgconfig/example_executor_with_multiple_modes_cpp.pc'
[2.071s] Level 1:colcon.colcon_core.environment:checking '/root/ws_sensor_combined/install/example_executor_with_multiple_modes_cpp/lib/python3.10/site-packages'
[2.071s] Level 1:colcon.colcon_core.environment:checking '/root/ws_sensor_combined/install/example_executor_with_multiple_modes_cpp/bin'
[2.071s] INFO:colcon.colcon_core.shell:Creating package script '/root/ws_sensor_combined/install/example_executor_with_multiple_modes_cpp/share/example_executor_with_multiple_modes_cpp/package.ps1'
[2.072s] INFO:colcon.colcon_core.shell:Creating package descriptor '/root/ws_sensor_combined/install/example_executor_with_multiple_modes_cpp/share/example_executor_with_multiple_modes_cpp/package.dsv'
[2.072s] INFO:colcon.colcon_core.shell:Creating package script '/root/ws_sensor_combined/install/example_executor_with_multiple_modes_cpp/share/example_executor_with_multiple_modes_cpp/package.sh'
[2.072s] INFO:colcon.colcon_core.shell:Creating package script '/root/ws_sensor_combined/install/example_executor_with_multiple_modes_cpp/share/example_executor_with_multiple_modes_cpp/package.bash'
[2.073s] INFO:colcon.colcon_core.shell:Creating package script '/root/ws_sensor_combined/install/example_executor_with_multiple_modes_cpp/share/example_executor_with_multiple_modes_cpp/package.zsh'
[2.073s] Level 1:colcon.colcon_core.environment:create_file_with_runtime_dependencies(/root/ws_sensor_combined/install/example_executor_with_multiple_modes_cpp/share/colcon-core/packages/example_executor_with_multiple_modes_cpp)
[2.073s] Level 1:colcon.colcon_core.environment:create_environment_scripts_only(example_executor_with_multiple_modes_cpp)
[2.074s] Level 1:colcon.colcon_core.environment:checking '/root/ws_sensor_combined/install/example_executor_with_multiple_modes_cpp' for CMake module files
[2.074s] Level 1:colcon.colcon_core.environment:checking '/root/ws_sensor_combined/install/example_executor_with_multiple_modes_cpp' for CMake config files
[2.074s] Level 1:colcon.colcon_core.shell:create_environment_hook('example_executor_with_multiple_modes_cpp', 'cmake_prefix_path')
[2.075s] INFO:colcon.colcon_core.shell:Creating environment hook '/root/ws_sensor_combined/install/example_executor_with_multiple_modes_cpp/share/example_executor_with_multiple_modes_cpp/hook/cmake_prefix_path.ps1'
[2.075s] INFO:colcon.colcon_core.shell:Creating environment descriptor '/root/ws_sensor_combined/install/example_executor_with_multiple_modes_cpp/share/example_executor_with_multiple_modes_cpp/hook/cmake_prefix_path.dsv'
[2.075s] INFO:colcon.colcon_core.shell:Creating environment hook '/root/ws_sensor_combined/install/example_executor_with_multiple_modes_cpp/share/example_executor_with_multiple_modes_cpp/hook/cmake_prefix_path.sh'
[2.076s] Level 1:colcon.colcon_core.environment:checking '/root/ws_sensor_combined/install/example_executor_with_multiple_modes_cpp/lib'
[2.076s] Level 1:colcon.colcon_core.environment:checking '/root/ws_sensor_combined/install/example_executor_with_multiple_modes_cpp/bin'
[2.076s] Level 1:colcon.colcon_core.environment:checking '/root/ws_sensor_combined/install/example_executor_with_multiple_modes_cpp/lib/pkgconfig/example_executor_with_multiple_modes_cpp.pc'
[2.076s] Level 1:colcon.colcon_core.environment:checking '/root/ws_sensor_combined/install/example_executor_with_multiple_modes_cpp/lib/python3.10/site-packages'
[2.076s] Level 1:colcon.colcon_core.environment:checking '/root/ws_sensor_combined/install/example_executor_with_multiple_modes_cpp/bin'
[2.077s] INFO:colcon.colcon_core.shell:Creating package script '/root/ws_sensor_combined/install/example_executor_with_multiple_modes_cpp/share/example_executor_with_multiple_modes_cpp/package.ps1'
[2.077s] INFO:colcon.colcon_core.shell:Creating package descriptor '/root/ws_sensor_combined/install/example_executor_with_multiple_modes_cpp/share/example_executor_with_multiple_modes_cpp/package.dsv'
[2.077s] INFO:colcon.colcon_core.shell:Creating package script '/root/ws_sensor_combined/install/example_executor_with_multiple_modes_cpp/share/example_executor_with_multiple_modes_cpp/package.sh'
[2.077s] INFO:colcon.colcon_core.shell:Creating package script '/root/ws_sensor_combined/install/example_executor_with_multiple_modes_cpp/share/example_executor_with_multiple_modes_cpp/package.bash'
[2.078s] INFO:colcon.colcon_core.shell:Creating package script '/root/ws_sensor_combined/install/example_executor_with_multiple_modes_cpp/share/example_executor_with_multiple_modes_cpp/package.zsh'
[2.078s] Level 1:colcon.colcon_core.environment:create_file_with_runtime_dependencies(/root/ws_sensor_combined/install/example_executor_with_multiple_modes_cpp/share/colcon-core/packages/example_executor_with_multiple_modes_cpp)
[2.082s] Level 1:colcon.colcon_core.environment:create_environment_scripts_only(example_mode_fw_attitude_cpp)
[2.083s] Level 1:colcon.colcon_core.environment:checking '/root/ws_sensor_combined/install/example_mode_fw_attitude_cpp' for CMake module files
[2.084s] DEBUG:colcon.colcon_core.event_handler.log_command:Invoked command in '/root/ws_sensor_combined/build/example_mode_manual_cpp' returned '0': CMAKE_PREFIX_PATH=/root/ws_sensor_combined/install/px4_ros2_cpp:/root/ws_sensor_combined/install/px4_msgs:/root/ws_sensor_combined/install/px4_ros_com:/root/ws_sensor_combined/install/example_mode_with_executor_cpp:/root/ws_sensor_combined/install/example_mode_vtol_cpp:/root/ws_sensor_combined/install/example_mode_rtl_replacement_cpp:/root/ws_sensor_combined/install/example_mode_manual_cpp:/root/ws_sensor_combined/install/example_mode_goto_global_cpp:/root/ws_sensor_combined/install/example_mode_goto_cpp:/root/ws_sensor_combined/install/example_mode_fw_attitude_cpp:/root/ws_sensor_combined/install/example_local_navigation_cpp:/root/ws_sensor_combined/install/example_global_navigation_cpp:/root/ws_sensor_combined/install/example_executor_with_multiple_modes_cpp:/opt/ros/humble LD_LIBRARY_PATH=/root/ws_sensor_combined/install/px4_ros2_cpp/lib:/root/ws_sensor_combined/install/px4_msgs/lib:/root/ws_sensor_combined/install/px4_ros_com/lib:/opt/ros/humble/opt/rviz_ogre_vendor/lib:/opt/ros/humble/lib/x86_64-linux-gnu:/opt/ros/humble/lib /usr/bin/cmake --build /root/ws_sensor_combined/build/example_mode_manual_cpp -- -j20 -l20
[2.084s] DEBUG:colcon.colcon_core.event_handler.log_command:Invoking command in '/root/ws_sensor_combined/build/example_mode_manual_cpp': CMAKE_PREFIX_PATH=/root/ws_sensor_combined/install/px4_ros2_cpp:/root/ws_sensor_combined/install/px4_msgs:/root/ws_sensor_combined/install/px4_ros_com:/root/ws_sensor_combined/install/example_mode_with_executor_cpp:/root/ws_sensor_combined/install/example_mode_vtol_cpp:/root/ws_sensor_combined/install/example_mode_rtl_replacement_cpp:/root/ws_sensor_combined/install/example_mode_manual_cpp:/root/ws_sensor_combined/install/example_mode_goto_global_cpp:/root/ws_sensor_combined/install/example_mode_goto_cpp:/root/ws_sensor_combined/install/example_mode_fw_attitude_cpp:/root/ws_sensor_combined/install/example_local_navigation_cpp:/root/ws_sensor_combined/install/example_global_navigation_cpp:/root/ws_sensor_combined/install/example_executor_with_multiple_modes_cpp:/opt/ros/humble LD_LIBRARY_PATH=/root/ws_sensor_combined/install/px4_ros2_cpp/lib:/root/ws_sensor_combined/install/px4_msgs/lib:/root/ws_sensor_combined/install/px4_ros_com/lib:/opt/ros/humble/opt/rviz_ogre_vendor/lib:/opt/ros/humble/lib/x86_64-linux-gnu:/opt/ros/humble/lib /usr/bin/cmake --install /root/ws_sensor_combined/build/example_mode_manual_cpp
[2.084s] DEBUG:colcon.colcon_core.event_handler.log_command:Invoked command in '/root/ws_sensor_combined/build/example_mode_fw_attitude_cpp' returned '0': CMAKE_PREFIX_PATH=/root/ws_sensor_combined/install/px4_ros2_cpp:/root/ws_sensor_combined/install/px4_msgs:/root/ws_sensor_combined/install/px4_ros_com:/root/ws_sensor_combined/install/example_mode_with_executor_cpp:/root/ws_sensor_combined/install/example_mode_vtol_cpp:/root/ws_sensor_combined/install/example_mode_rtl_replacement_cpp:/root/ws_sensor_combined/install/example_mode_manual_cpp:/root/ws_sensor_combined/install/example_mode_goto_global_cpp:/root/ws_sensor_combined/install/example_mode_goto_cpp:/root/ws_sensor_combined/install/example_mode_fw_attitude_cpp:/root/ws_sensor_combined/install/example_local_navigation_cpp:/root/ws_sensor_combined/install/example_global_navigation_cpp:/root/ws_sensor_combined/install/example_executor_with_multiple_modes_cpp:/opt/ros/humble LD_LIBRARY_PATH=/root/ws_sensor_combined/install/px4_ros2_cpp/lib:/root/ws_sensor_combined/install/px4_msgs/lib:/root/ws_sensor_combined/install/px4_ros_com/lib:/opt/ros/humble/opt/rviz_ogre_vendor/lib:/opt/ros/humble/lib/x86_64-linux-gnu:/opt/ros/humble/lib /usr/bin/cmake --install /root/ws_sensor_combined/build/example_mode_fw_attitude_cpp
[2.085s] Level 1:colcon.colcon_core.environment:checking '/root/ws_sensor_combined/install/example_mode_fw_attitude_cpp' for CMake config files
[2.089s] Level 1:colcon.colcon_core.shell:create_environment_hook('example_mode_fw_attitude_cpp', 'cmake_prefix_path')
[2.089s] INFO:colcon.colcon_core.shell:Creating environment hook '/root/ws_sensor_combined/install/example_mode_fw_attitude_cpp/share/example_mode_fw_attitude_cpp/hook/cmake_prefix_path.ps1'
[2.089s] INFO:colcon.colcon_core.shell:Creating environment descriptor '/root/ws_sensor_combined/install/example_mode_fw_attitude_cpp/share/example_mode_fw_attitude_cpp/hook/cmake_prefix_path.dsv'
[2.090s] INFO:colcon.colcon_core.shell:Creating environment hook '/root/ws_sensor_combined/install/example_mode_fw_attitude_cpp/share/example_mode_fw_attitude_cpp/hook/cmake_prefix_path.sh'
[2.090s] Level 1:colcon.colcon_core.environment:checking '/root/ws_sensor_combined/install/example_mode_fw_attitude_cpp/lib'
[2.090s] Level 1:colcon.colcon_core.environment:checking '/root/ws_sensor_combined/install/example_mode_fw_attitude_cpp/bin'
[2.090s] Level 1:colcon.colcon_core.environment:checking '/root/ws_sensor_combined/install/example_mode_fw_attitude_cpp/lib/pkgconfig/example_mode_fw_attitude_cpp.pc'
[2.090s] Level 1:colcon.colcon_core.environment:checking '/root/ws_sensor_combined/install/example_mode_fw_attitude_cpp/lib/python3.10/site-packages'
[2.090s] Level 1:colcon.colcon_core.environment:checking '/root/ws_sensor_combined/install/example_mode_fw_attitude_cpp/bin'
[2.091s] INFO:colcon.colcon_core.shell:Creating package script '/root/ws_sensor_combined/install/example_mode_fw_attitude_cpp/share/example_mode_fw_attitude_cpp/package.ps1'
[2.091s] INFO:colcon.colcon_core.shell:Creating package descriptor '/root/ws_sensor_combined/install/example_mode_fw_attitude_cpp/share/example_mode_fw_attitude_cpp/package.dsv'
[2.091s] INFO:colcon.colcon_core.shell:Creating package script '/root/ws_sensor_combined/install/example_mode_fw_attitude_cpp/share/example_mode_fw_attitude_cpp/package.sh'
[2.092s] INFO:colcon.colcon_core.shell:Creating package script '/root/ws_sensor_combined/install/example_mode_fw_attitude_cpp/share/example_mode_fw_attitude_cpp/package.bash'
[2.092s] INFO:colcon.colcon_core.shell:Creating package script '/root/ws_sensor_combined/install/example_mode_fw_attitude_cpp/share/example_mode_fw_attitude_cpp/package.zsh'
[2.092s] Level 1:colcon.colcon_core.environment:create_file_with_runtime_dependencies(/root/ws_sensor_combined/install/example_mode_fw_attitude_cpp/share/colcon-core/packages/example_mode_fw_attitude_cpp)
[2.093s] Level 1:colcon.colcon_core.environment:create_environment_scripts_only(example_mode_fw_attitude_cpp)
[2.093s] Level 1:colcon.colcon_core.environment:checking '/root/ws_sensor_combined/install/example_mode_fw_attitude_cpp' for CMake module files
[2.093s] Level 1:colcon.colcon_core.environment:checking '/root/ws_sensor_combined/install/example_mode_fw_attitude_cpp' for CMake config files
[2.093s] Level 1:colcon.colcon_core.shell:create_environment_hook('example_mode_fw_attitude_cpp', 'cmake_prefix_path')
[2.094s] INFO:colcon.colcon_core.shell:Creating environment hook '/root/ws_sensor_combined/install/example_mode_fw_attitude_cpp/share/example_mode_fw_attitude_cpp/hook/cmake_prefix_path.ps1'
[2.094s] INFO:colcon.colcon_core.shell:Creating environment descriptor '/root/ws_sensor_combined/install/example_mode_fw_attitude_cpp/share/example_mode_fw_attitude_cpp/hook/cmake_prefix_path.dsv'
[2.094s] INFO:colcon.colcon_core.shell:Creating environment hook '/root/ws_sensor_combined/install/example_mode_fw_attitude_cpp/share/example_mode_fw_attitude_cpp/hook/cmake_prefix_path.sh'
[2.095s] Level 1:colcon.colcon_core.environment:checking '/root/ws_sensor_combined/install/example_mode_fw_attitude_cpp/lib'
[2.095s] Level 1:colcon.colcon_core.environment:checking '/root/ws_sensor_combined/install/example_mode_fw_attitude_cpp/bin'
[2.095s] Level 1:colcon.colcon_core.environment:checking '/root/ws_sensor_combined/install/example_mode_fw_attitude_cpp/lib/pkgconfig/example_mode_fw_attitude_cpp.pc'
[2.095s] Level 1:colcon.colcon_core.environment:checking '/root/ws_sensor_combined/install/example_mode_fw_attitude_cpp/lib/python3.10/site-packages'
[2.095s] Level 1:colcon.colcon_core.environment:checking '/root/ws_sensor_combined/install/example_mode_fw_attitude_cpp/bin'
[2.095s] INFO:colcon.colcon_core.shell:Creating package script '/root/ws_sensor_combined/install/example_mode_fw_attitude_cpp/share/example_mode_fw_attitude_cpp/package.ps1'
[2.096s] INFO:colcon.colcon_core.shell:Creating package descriptor '/root/ws_sensor_combined/install/example_mode_fw_attitude_cpp/share/example_mode_fw_attitude_cpp/package.dsv'
[2.096s] INFO:colcon.colcon_core.shell:Creating package script '/root/ws_sensor_combined/install/example_mode_fw_attitude_cpp/share/example_mode_fw_attitude_cpp/package.sh'
[2.096s] INFO:colcon.colcon_core.shell:Creating package script '/root/ws_sensor_combined/install/example_mode_fw_attitude_cpp/share/example_mode_fw_attitude_cpp/package.bash'
[2.097s] INFO:colcon.colcon_core.shell:Creating package script '/root/ws_sensor_combined/install/example_mode_fw_attitude_cpp/share/example_mode_fw_attitude_cpp/package.zsh'
[2.097s] Level 1:colcon.colcon_core.environment:create_file_with_runtime_dependencies(/root/ws_sensor_combined/install/example_mode_fw_attitude_cpp/share/colcon-core/packages/example_mode_fw_attitude_cpp)
[2.097s] Level 1:colcon.colcon_core.environment:create_environment_scripts_only(example_mode_goto_global_cpp)
[2.097s] Level 1:colcon.colcon_core.environment:checking '/root/ws_sensor_combined/install/example_mode_goto_global_cpp' for CMake module files
[2.100s] Level 1:colcon.colcon_core.environment:checking '/root/ws_sensor_combined/install/example_mode_goto_global_cpp' for CMake config files
[2.100s] DEBUG:colcon.colcon_core.event_handler.log_command:Invoked command in '/root/ws_sensor_combined/build/example_mode_goto_global_cpp' returned '0': CMAKE_PREFIX_PATH=/root/ws_sensor_combined/install/px4_ros2_cpp:/root/ws_sensor_combined/install/px4_msgs:/root/ws_sensor_combined/install/px4_ros_com:/root/ws_sensor_combined/install/example_mode_with_executor_cpp:/root/ws_sensor_combined/install/example_mode_vtol_cpp:/root/ws_sensor_combined/install/example_mode_rtl_replacement_cpp:/root/ws_sensor_combined/install/example_mode_manual_cpp:/root/ws_sensor_combined/install/example_mode_goto_global_cpp:/root/ws_sensor_combined/install/example_mode_goto_cpp:/root/ws_sensor_combined/install/example_mode_fw_attitude_cpp:/root/ws_sensor_combined/install/example_local_navigation_cpp:/root/ws_sensor_combined/install/example_global_navigation_cpp:/root/ws_sensor_combined/install/example_executor_with_multiple_modes_cpp:/opt/ros/humble LD_LIBRARY_PATH=/root/ws_sensor_combined/install/px4_ros2_cpp/lib:/root/ws_sensor_combined/install/px4_msgs/lib:/root/ws_sensor_combined/install/px4_ros_com/lib:/opt/ros/humble/opt/rviz_ogre_vendor/lib:/opt/ros/humble/lib/x86_64-linux-gnu:/opt/ros/humble/lib /usr/bin/cmake --install /root/ws_sensor_combined/build/example_mode_goto_global_cpp
[2.100s] Level 1:colcon.colcon_core.shell:create_environment_hook('example_mode_goto_global_cpp', 'cmake_prefix_path')
[2.100s] INFO:colcon.colcon_core.shell:Creating environment hook '/root/ws_sensor_combined/install/example_mode_goto_global_cpp/share/example_mode_goto_global_cpp/hook/cmake_prefix_path.ps1'
[2.101s] INFO:colcon.colcon_core.shell:Creating environment descriptor '/root/ws_sensor_combined/install/example_mode_goto_global_cpp/share/example_mode_goto_global_cpp/hook/cmake_prefix_path.dsv'
[2.101s] INFO:colcon.colcon_core.shell:Creating environment hook '/root/ws_sensor_combined/install/example_mode_goto_global_cpp/share/example_mode_goto_global_cpp/hook/cmake_prefix_path.sh'
[2.101s] Level 1:colcon.colcon_core.environment:checking '/root/ws_sensor_combined/install/example_mode_goto_global_cpp/lib'
[2.102s] Level 1:colcon.colcon_core.environment:checking '/root/ws_sensor_combined/install/example_mode_goto_global_cpp/bin'
[2.102s] Level 1:colcon.colcon_core.environment:checking '/root/ws_sensor_combined/install/example_mode_goto_global_cpp/lib/pkgconfig/example_mode_goto_global_cpp.pc'
[2.102s] Level 1:colcon.colcon_core.environment:checking '/root/ws_sensor_combined/install/example_mode_goto_global_cpp/lib/python3.10/site-packages'
[2.102s] Level 1:colcon.colcon_core.environment:checking '/root/ws_sensor_combined/install/example_mode_goto_global_cpp/bin'
[2.102s] INFO:colcon.colcon_core.shell:Creating package script '/root/ws_sensor_combined/install/example_mode_goto_global_cpp/share/example_mode_goto_global_cpp/package.ps1'
[2.102s] INFO:colcon.colcon_core.shell:Creating package descriptor '/root/ws_sensor_combined/install/example_mode_goto_global_cpp/share/example_mode_goto_global_cpp/package.dsv'
[2.103s] INFO:colcon.colcon_core.shell:Creating package script '/root/ws_sensor_combined/install/example_mode_goto_global_cpp/share/example_mode_goto_global_cpp/package.sh'
[2.103s] INFO:colcon.colcon_core.shell:Creating package script '/root/ws_sensor_combined/install/example_mode_goto_global_cpp/share/example_mode_goto_global_cpp/package.bash'
[2.103s] INFO:colcon.colcon_core.shell:Creating package script '/root/ws_sensor_combined/install/example_mode_goto_global_cpp/share/example_mode_goto_global_cpp/package.zsh'
[2.104s] Level 1:colcon.colcon_core.environment:create_file_with_runtime_dependencies(/root/ws_sensor_combined/install/example_mode_goto_global_cpp/share/colcon-core/packages/example_mode_goto_global_cpp)
[2.104s] Level 1:colcon.colcon_core.environment:create_environment_scripts_only(example_mode_goto_global_cpp)
[2.104s] Level 1:colcon.colcon_core.environment:checking '/root/ws_sensor_combined/install/example_mode_goto_global_cpp' for CMake module files
[2.104s] Level 1:colcon.colcon_core.environment:checking '/root/ws_sensor_combined/install/example_mode_goto_global_cpp' for CMake config files
[2.105s] Level 1:colcon.colcon_core.shell:create_environment_hook('example_mode_goto_global_cpp', 'cmake_prefix_path')
[2.105s] INFO:colcon.colcon_core.shell:Creating environment hook '/root/ws_sensor_combined/install/example_mode_goto_global_cpp/share/example_mode_goto_global_cpp/hook/cmake_prefix_path.ps1'
[2.105s] INFO:colcon.colcon_core.shell:Creating environment descriptor '/root/ws_sensor_combined/install/example_mode_goto_global_cpp/share/example_mode_goto_global_cpp/hook/cmake_prefix_path.dsv'
[2.105s] INFO:colcon.colcon_core.shell:Creating environment hook '/root/ws_sensor_combined/install/example_mode_goto_global_cpp/share/example_mode_goto_global_cpp/hook/cmake_prefix_path.sh'
[2.106s] Level 1:colcon.colcon_core.environment:checking '/root/ws_sensor_combined/install/example_mode_goto_global_cpp/lib'
[2.106s] Level 1:colcon.colcon_core.environment:checking '/root/ws_sensor_combined/install/example_mode_goto_global_cpp/bin'
[2.106s] Level 1:colcon.colcon_core.environment:checking '/root/ws_sensor_combined/install/example_mode_goto_global_cpp/lib/pkgconfig/example_mode_goto_global_cpp.pc'
[2.106s] Level 1:colcon.colcon_core.environment:checking '/root/ws_sensor_combined/install/example_mode_goto_global_cpp/lib/python3.10/site-packages'
[2.106s] Level 1:colcon.colcon_core.environment:checking '/root/ws_sensor_combined/install/example_mode_goto_global_cpp/bin'
[2.106s] INFO:colcon.colcon_core.shell:Creating package script '/root/ws_sensor_combined/install/example_mode_goto_global_cpp/share/example_mode_goto_global_cpp/package.ps1'
[2.107s] INFO:colcon.colcon_core.shell:Creating package descriptor '/root/ws_sensor_combined/install/example_mode_goto_global_cpp/share/example_mode_goto_global_cpp/package.dsv'
[2.107s] INFO:colcon.colcon_core.shell:Creating package script '/root/ws_sensor_combined/install/example_mode_goto_global_cpp/share/example_mode_goto_global_cpp/package.sh'
[2.108s] INFO:colcon.colcon_core.shell:Creating package script '/root/ws_sensor_combined/install/example_mode_goto_global_cpp/share/example_mode_goto_global_cpp/package.bash'
[2.109s] INFO:colcon.colcon_core.shell:Creating package script '/root/ws_sensor_combined/install/example_mode_goto_global_cpp/share/example_mode_goto_global_cpp/package.zsh'
[2.109s] Level 1:colcon.colcon_core.environment:create_file_with_runtime_dependencies(/root/ws_sensor_combined/install/example_mode_goto_global_cpp/share/colcon-core/packages/example_mode_goto_global_cpp)
[2.112s] Level 1:colcon.colcon_core.environment:create_environment_scripts_only(example_mode_vtol_cpp)
[2.112s] Level 1:colcon.colcon_core.environment:checking '/root/ws_sensor_combined/install/example_mode_vtol_cpp' for CMake module files
[2.113s] DEBUG:colcon.colcon_core.event_handler.log_command:Invoked command in '/root/ws_sensor_combined/build/example_mode_vtol_cpp' returned '0': CMAKE_PREFIX_PATH=/root/ws_sensor_combined/install/px4_ros2_cpp:/root/ws_sensor_combined/install/px4_msgs:/root/ws_sensor_combined/install/px4_ros_com:/root/ws_sensor_combined/install/example_mode_with_executor_cpp:/root/ws_sensor_combined/install/example_mode_vtol_cpp:/root/ws_sensor_combined/install/example_mode_rtl_replacement_cpp:/root/ws_sensor_combined/install/example_mode_manual_cpp:/root/ws_sensor_combined/install/example_mode_goto_global_cpp:/root/ws_sensor_combined/install/example_mode_goto_cpp:/root/ws_sensor_combined/install/example_mode_fw_attitude_cpp:/root/ws_sensor_combined/install/example_local_navigation_cpp:/root/ws_sensor_combined/install/example_global_navigation_cpp:/root/ws_sensor_combined/install/example_executor_with_multiple_modes_cpp:/opt/ros/humble LD_LIBRARY_PATH=/root/ws_sensor_combined/install/px4_ros2_cpp/lib:/root/ws_sensor_combined/install/px4_msgs/lib:/root/ws_sensor_combined/install/px4_ros_com/lib:/opt/ros/humble/opt/rviz_ogre_vendor/lib:/opt/ros/humble/lib/x86_64-linux-gnu:/opt/ros/humble/lib /usr/bin/cmake --install /root/ws_sensor_combined/build/example_mode_vtol_cpp
[2.115s] Level 1:colcon.colcon_core.environment:checking '/root/ws_sensor_combined/install/example_mode_vtol_cpp' for CMake config files
[2.116s] Level 1:colcon.colcon_core.shell:create_environment_hook('example_mode_vtol_cpp', 'cmake_prefix_path')
[2.117s] INFO:colcon.colcon_core.shell:Creating environment hook '/root/ws_sensor_combined/install/example_mode_vtol_cpp/share/example_mode_vtol_cpp/hook/cmake_prefix_path.ps1'
[2.117s] INFO:colcon.colcon_core.shell:Creating environment descriptor '/root/ws_sensor_combined/install/example_mode_vtol_cpp/share/example_mode_vtol_cpp/hook/cmake_prefix_path.dsv'
[2.117s] INFO:colcon.colcon_core.shell:Creating environment hook '/root/ws_sensor_combined/install/example_mode_vtol_cpp/share/example_mode_vtol_cpp/hook/cmake_prefix_path.sh'
[2.118s] Level 1:colcon.colcon_core.environment:checking '/root/ws_sensor_combined/install/example_mode_vtol_cpp/lib'
[2.118s] Level 1:colcon.colcon_core.environment:checking '/root/ws_sensor_combined/install/example_mode_vtol_cpp/bin'
[2.118s] Level 1:colcon.colcon_core.environment:checking '/root/ws_sensor_combined/install/example_mode_vtol_cpp/lib/pkgconfig/example_mode_vtol_cpp.pc'
[2.118s] Level 1:colcon.colcon_core.environment:checking '/root/ws_sensor_combined/install/example_mode_vtol_cpp/lib/python3.10/site-packages'
[2.118s] Level 1:colcon.colcon_core.environment:checking '/root/ws_sensor_combined/install/example_mode_vtol_cpp/bin'
[2.118s] INFO:colcon.colcon_core.shell:Creating package script '/root/ws_sensor_combined/install/example_mode_vtol_cpp/share/example_mode_vtol_cpp/package.ps1'
[2.119s] INFO:colcon.colcon_core.shell:Creating package descriptor '/root/ws_sensor_combined/install/example_mode_vtol_cpp/share/example_mode_vtol_cpp/package.dsv'
[2.119s] INFO:colcon.colcon_core.shell:Creating package script '/root/ws_sensor_combined/install/example_mode_vtol_cpp/share/example_mode_vtol_cpp/package.sh'
[2.120s] INFO:colcon.colcon_core.shell:Creating package script '/root/ws_sensor_combined/install/example_mode_vtol_cpp/share/example_mode_vtol_cpp/package.bash'
[2.120s] INFO:colcon.colcon_core.shell:Creating package script '/root/ws_sensor_combined/install/example_mode_vtol_cpp/share/example_mode_vtol_cpp/package.zsh'
[2.120s] Level 1:colcon.colcon_core.environment:create_file_with_runtime_dependencies(/root/ws_sensor_combined/install/example_mode_vtol_cpp/share/colcon-core/packages/example_mode_vtol_cpp)
[2.121s] Level 1:colcon.colcon_core.environment:create_environment_scripts_only(example_mode_vtol_cpp)
[2.121s] Level 1:colcon.colcon_core.environment:checking '/root/ws_sensor_combined/install/example_mode_vtol_cpp' for CMake module files
[2.121s] Level 1:colcon.colcon_core.environment:checking '/root/ws_sensor_combined/install/example_mode_vtol_cpp' for CMake config files
[2.121s] Level 1:colcon.colcon_core.shell:create_environment_hook('example_mode_vtol_cpp', 'cmake_prefix_path')
[2.121s] INFO:colcon.colcon_core.shell:Creating environment hook '/root/ws_sensor_combined/install/example_mode_vtol_cpp/share/example_mode_vtol_cpp/hook/cmake_prefix_path.ps1'
[2.122s] INFO:colcon.colcon_core.shell:Creating environment descriptor '/root/ws_sensor_combined/install/example_mode_vtol_cpp/share/example_mode_vtol_cpp/hook/cmake_prefix_path.dsv'
[2.122s] INFO:colcon.colcon_core.shell:Creating environment hook '/root/ws_sensor_combined/install/example_mode_vtol_cpp/share/example_mode_vtol_cpp/hook/cmake_prefix_path.sh'
[2.123s] Level 1:colcon.colcon_core.environment:checking '/root/ws_sensor_combined/install/example_mode_vtol_cpp/lib'
[2.123s] Level 1:colcon.colcon_core.environment:checking '/root/ws_sensor_combined/install/example_mode_vtol_cpp/bin'
[2.123s] Level 1:colcon.colcon_core.environment:checking '/root/ws_sensor_combined/install/example_mode_vtol_cpp/lib/pkgconfig/example_mode_vtol_cpp.pc'
[2.124s] Level 1:colcon.colcon_core.environment:checking '/root/ws_sensor_combined/install/example_mode_vtol_cpp/lib/python3.10/site-packages'
[2.124s] Level 1:colcon.colcon_core.environment:checking '/root/ws_sensor_combined/install/example_mode_vtol_cpp/bin'
[2.124s] INFO:colcon.colcon_core.shell:Creating package script '/root/ws_sensor_combined/install/example_mode_vtol_cpp/share/example_mode_vtol_cpp/package.ps1'
[2.125s] INFO:colcon.colcon_core.shell:Creating package descriptor '/root/ws_sensor_combined/install/example_mode_vtol_cpp/share/example_mode_vtol_cpp/package.dsv'
[2.125s] INFO:colcon.colcon_core.shell:Creating package script '/root/ws_sensor_combined/install/example_mode_vtol_cpp/share/example_mode_vtol_cpp/package.sh'
[2.125s] INFO:colcon.colcon_core.shell:Creating package script '/root/ws_sensor_combined/install/example_mode_vtol_cpp/share/example_mode_vtol_cpp/package.bash'
[2.126s] INFO:colcon.colcon_core.shell:Creating package script '/root/ws_sensor_combined/install/example_mode_vtol_cpp/share/example_mode_vtol_cpp/package.zsh'
[2.126s] Level 1:colcon.colcon_core.environment:create_file_with_runtime_dependencies(/root/ws_sensor_combined/install/example_mode_vtol_cpp/share/colcon-core/packages/example_mode_vtol_cpp)
[2.126s] Level 1:colcon.colcon_core.environment:create_environment_scripts_only(example_mode_rtl_replacement_cpp)
[2.127s] Level 1:colcon.colcon_core.environment:checking '/root/ws_sensor_combined/install/example_mode_rtl_replacement_cpp' for CMake module files
[2.127s] DEBUG:colcon.colcon_core.event_handler.log_command:Invoked command in '/root/ws_sensor_combined/build/example_mode_rtl_replacement_cpp' returned '0': CMAKE_PREFIX_PATH=/root/ws_sensor_combined/install/px4_ros2_cpp:/root/ws_sensor_combined/install/px4_msgs:/root/ws_sensor_combined/install/px4_ros_com:/root/ws_sensor_combined/install/example_mode_with_executor_cpp:/root/ws_sensor_combined/install/example_mode_vtol_cpp:/root/ws_sensor_combined/install/example_mode_rtl_replacement_cpp:/root/ws_sensor_combined/install/example_mode_manual_cpp:/root/ws_sensor_combined/install/example_mode_goto_global_cpp:/root/ws_sensor_combined/install/example_mode_goto_cpp:/root/ws_sensor_combined/install/example_mode_fw_attitude_cpp:/root/ws_sensor_combined/install/example_local_navigation_cpp:/root/ws_sensor_combined/install/example_global_navigation_cpp:/root/ws_sensor_combined/install/example_executor_with_multiple_modes_cpp:/opt/ros/humble LD_LIBRARY_PATH=/root/ws_sensor_combined/install/px4_ros2_cpp/lib:/root/ws_sensor_combined/install/px4_msgs/lib:/root/ws_sensor_combined/install/px4_ros_com/lib:/opt/ros/humble/opt/rviz_ogre_vendor/lib:/opt/ros/humble/lib/x86_64-linux-gnu:/opt/ros/humble/lib /usr/bin/cmake --install /root/ws_sensor_combined/build/example_mode_rtl_replacement_cpp
[2.128s] Level 1:colcon.colcon_core.environment:checking '/root/ws_sensor_combined/install/example_mode_rtl_replacement_cpp' for CMake config files
[2.128s] Level 1:colcon.colcon_core.shell:create_environment_hook('example_mode_rtl_replacement_cpp', 'cmake_prefix_path')
[2.128s] INFO:colcon.colcon_core.shell:Creating environment hook '/root/ws_sensor_combined/install/example_mode_rtl_replacement_cpp/share/example_mode_rtl_replacement_cpp/hook/cmake_prefix_path.ps1'
[2.128s] INFO:colcon.colcon_core.shell:Creating environment descriptor '/root/ws_sensor_combined/install/example_mode_rtl_replacement_cpp/share/example_mode_rtl_replacement_cpp/hook/cmake_prefix_path.dsv'
[2.129s] INFO:colcon.colcon_core.shell:Creating environment hook '/root/ws_sensor_combined/install/example_mode_rtl_replacement_cpp/share/example_mode_rtl_replacement_cpp/hook/cmake_prefix_path.sh'
[2.129s] Level 1:colcon.colcon_core.environment:checking '/root/ws_sensor_combined/install/example_mode_rtl_replacement_cpp/lib'
[2.129s] Level 1:colcon.colcon_core.environment:checking '/root/ws_sensor_combined/install/example_mode_rtl_replacement_cpp/bin'
[2.129s] Level 1:colcon.colcon_core.environment:checking '/root/ws_sensor_combined/install/example_mode_rtl_replacement_cpp/lib/pkgconfig/example_mode_rtl_replacement_cpp.pc'
[2.129s] Level 1:colcon.colcon_core.environment:checking '/root/ws_sensor_combined/install/example_mode_rtl_replacement_cpp/lib/python3.10/site-packages'
[2.130s] Level 1:colcon.colcon_core.environment:checking '/root/ws_sensor_combined/install/example_mode_rtl_replacement_cpp/bin'
[2.130s] INFO:colcon.colcon_core.shell:Creating package script '/root/ws_sensor_combined/install/example_mode_rtl_replacement_cpp/share/example_mode_rtl_replacement_cpp/package.ps1'
[2.130s] INFO:colcon.colcon_core.shell:Creating package descriptor '/root/ws_sensor_combined/install/example_mode_rtl_replacement_cpp/share/example_mode_rtl_replacement_cpp/package.dsv'
[2.131s] INFO:colcon.colcon_core.shell:Creating package script '/root/ws_sensor_combined/install/example_mode_rtl_replacement_cpp/share/example_mode_rtl_replacement_cpp/package.sh'
[2.131s] INFO:colcon.colcon_core.shell:Creating package script '/root/ws_sensor_combined/install/example_mode_rtl_replacement_cpp/share/example_mode_rtl_replacement_cpp/package.bash'
[2.131s] INFO:colcon.colcon_core.shell:Creating package script '/root/ws_sensor_combined/install/example_mode_rtl_replacement_cpp/share/example_mode_rtl_replacement_cpp/package.zsh'
[2.131s] Level 1:colcon.colcon_core.environment:create_file_with_runtime_dependencies(/root/ws_sensor_combined/install/example_mode_rtl_replacement_cpp/share/colcon-core/packages/example_mode_rtl_replacement_cpp)
[2.132s] Level 1:colcon.colcon_core.environment:create_environment_scripts_only(example_mode_rtl_replacement_cpp)
[2.132s] Level 1:colcon.colcon_core.environment:checking '/root/ws_sensor_combined/install/example_mode_rtl_replacement_cpp' for CMake module files
[2.132s] Level 1:colcon.colcon_core.environment:checking '/root/ws_sensor_combined/install/example_mode_rtl_replacement_cpp' for CMake config files
[2.133s] Level 1:colcon.colcon_core.shell:create_environment_hook('example_mode_rtl_replacement_cpp', 'cmake_prefix_path')
[2.133s] INFO:colcon.colcon_core.shell:Creating environment hook '/root/ws_sensor_combined/install/example_mode_rtl_replacement_cpp/share/example_mode_rtl_replacement_cpp/hook/cmake_prefix_path.ps1'
[2.133s] INFO:colcon.colcon_core.shell:Creating environment descriptor '/root/ws_sensor_combined/install/example_mode_rtl_replacement_cpp/share/example_mode_rtl_replacement_cpp/hook/cmake_prefix_path.dsv'
[2.133s] INFO:colcon.colcon_core.shell:Creating environment hook '/root/ws_sensor_combined/install/example_mode_rtl_replacement_cpp/share/example_mode_rtl_replacement_cpp/hook/cmake_prefix_path.sh'
[2.134s] Level 1:colcon.colcon_core.environment:checking '/root/ws_sensor_combined/install/example_mode_rtl_replacement_cpp/lib'
[2.134s] Level 1:colcon.colcon_core.environment:checking '/root/ws_sensor_combined/install/example_mode_rtl_replacement_cpp/bin'
[2.134s] Level 1:colcon.colcon_core.environment:checking '/root/ws_sensor_combined/install/example_mode_rtl_replacement_cpp/lib/pkgconfig/example_mode_rtl_replacement_cpp.pc'
[2.134s] Level 1:colcon.colcon_core.environment:checking '/root/ws_sensor_combined/install/example_mode_rtl_replacement_cpp/lib/python3.10/site-packages'
[2.134s] Level 1:colcon.colcon_core.environment:checking '/root/ws_sensor_combined/install/example_mode_rtl_replacement_cpp/bin'
[2.135s] INFO:colcon.colcon_core.shell:Creating package script '/root/ws_sensor_combined/install/example_mode_rtl_replacement_cpp/share/example_mode_rtl_replacement_cpp/package.ps1'
[2.135s] INFO:colcon.colcon_core.shell:Creating package descriptor '/root/ws_sensor_combined/install/example_mode_rtl_replacement_cpp/share/example_mode_rtl_replacement_cpp/package.dsv'
[2.135s] INFO:colcon.colcon_core.shell:Creating package script '/root/ws_sensor_combined/install/example_mode_rtl_replacement_cpp/share/example_mode_rtl_replacement_cpp/package.sh'
[2.136s] INFO:colcon.colcon_core.shell:Creating package script '/root/ws_sensor_combined/install/example_mode_rtl_replacement_cpp/share/example_mode_rtl_replacement_cpp/package.bash'
[2.136s] INFO:colcon.colcon_core.shell:Creating package script '/root/ws_sensor_combined/install/example_mode_rtl_replacement_cpp/share/example_mode_rtl_replacement_cpp/package.zsh'
[2.136s] Level 1:colcon.colcon_core.environment:create_file_with_runtime_dependencies(/root/ws_sensor_combined/install/example_mode_rtl_replacement_cpp/share/colcon-core/packages/example_mode_rtl_replacement_cpp)
[2.139s] Level 1:colcon.colcon_core.environment:create_environment_scripts_only(example_mode_goto_cpp)
[2.139s] Level 1:colcon.colcon_core.environment:checking '/root/ws_sensor_combined/install/example_mode_goto_cpp' for CMake module files
[2.139s] DEBUG:colcon.colcon_core.event_handler.log_command:Invoked command in '/root/ws_sensor_combined/build/example_mode_with_executor_cpp' returned '0': CMAKE_PREFIX_PATH=/root/ws_sensor_combined/install/px4_ros2_cpp:/root/ws_sensor_combined/install/px4_msgs:/root/ws_sensor_combined/install/px4_ros_com:/root/ws_sensor_combined/install/example_mode_with_executor_cpp:/root/ws_sensor_combined/install/example_mode_vtol_cpp:/root/ws_sensor_combined/install/example_mode_rtl_replacement_cpp:/root/ws_sensor_combined/install/example_mode_manual_cpp:/root/ws_sensor_combined/install/example_mode_goto_global_cpp:/root/ws_sensor_combined/install/example_mode_goto_cpp:/root/ws_sensor_combined/install/example_mode_fw_attitude_cpp:/root/ws_sensor_combined/install/example_local_navigation_cpp:/root/ws_sensor_combined/install/example_global_navigation_cpp:/root/ws_sensor_combined/install/example_executor_with_multiple_modes_cpp:/opt/ros/humble LD_LIBRARY_PATH=/root/ws_sensor_combined/install/px4_ros2_cpp/lib:/root/ws_sensor_combined/install/px4_msgs/lib:/root/ws_sensor_combined/install/px4_ros_com/lib:/opt/ros/humble/opt/rviz_ogre_vendor/lib:/opt/ros/humble/lib/x86_64-linux-gnu:/opt/ros/humble/lib /usr/bin/cmake --build /root/ws_sensor_combined/build/example_mode_with_executor_cpp -- -j20 -l20
[2.141s] DEBUG:colcon.colcon_core.event_handler.log_command:Invoking command in '/root/ws_sensor_combined/build/example_mode_with_executor_cpp': CMAKE_PREFIX_PATH=/root/ws_sensor_combined/install/px4_ros2_cpp:/root/ws_sensor_combined/install/px4_msgs:/root/ws_sensor_combined/install/px4_ros_com:/root/ws_sensor_combined/install/example_mode_with_executor_cpp:/root/ws_sensor_combined/install/example_mode_vtol_cpp:/root/ws_sensor_combined/install/example_mode_rtl_replacement_cpp:/root/ws_sensor_combined/install/example_mode_manual_cpp:/root/ws_sensor_combined/install/example_mode_goto_global_cpp:/root/ws_sensor_combined/install/example_mode_goto_cpp:/root/ws_sensor_combined/install/example_mode_fw_attitude_cpp:/root/ws_sensor_combined/install/example_local_navigation_cpp:/root/ws_sensor_combined/install/example_global_navigation_cpp:/root/ws_sensor_combined/install/example_executor_with_multiple_modes_cpp:/opt/ros/humble LD_LIBRARY_PATH=/root/ws_sensor_combined/install/px4_ros2_cpp/lib:/root/ws_sensor_combined/install/px4_msgs/lib:/root/ws_sensor_combined/install/px4_ros_com/lib:/opt/ros/humble/opt/rviz_ogre_vendor/lib:/opt/ros/humble/lib/x86_64-linux-gnu:/opt/ros/humble/lib /usr/bin/cmake --install /root/ws_sensor_combined/build/example_mode_with_executor_cpp
[2.141s] DEBUG:colcon.colcon_core.event_handler.log_command:Invoked command in '/root/ws_sensor_combined/build/example_mode_goto_cpp' returned '0': CMAKE_PREFIX_PATH=/root/ws_sensor_combined/install/px4_ros2_cpp:/root/ws_sensor_combined/install/px4_msgs:/root/ws_sensor_combined/install/px4_ros_com:/root/ws_sensor_combined/install/example_mode_with_executor_cpp:/root/ws_sensor_combined/install/example_mode_vtol_cpp:/root/ws_sensor_combined/install/example_mode_rtl_replacement_cpp:/root/ws_sensor_combined/install/example_mode_manual_cpp:/root/ws_sensor_combined/install/example_mode_goto_global_cpp:/root/ws_sensor_combined/install/example_mode_goto_cpp:/root/ws_sensor_combined/install/example_mode_fw_attitude_cpp:/root/ws_sensor_combined/install/example_local_navigation_cpp:/root/ws_sensor_combined/install/example_global_navigation_cpp:/root/ws_sensor_combined/install/example_executor_with_multiple_modes_cpp:/opt/ros/humble LD_LIBRARY_PATH=/root/ws_sensor_combined/install/px4_ros2_cpp/lib:/root/ws_sensor_combined/install/px4_msgs/lib:/root/ws_sensor_combined/install/px4_ros_com/lib:/opt/ros/humble/opt/rviz_ogre_vendor/lib:/opt/ros/humble/lib/x86_64-linux-gnu:/opt/ros/humble/lib /usr/bin/cmake --install /root/ws_sensor_combined/build/example_mode_goto_cpp
[2.142s] Level 1:colcon.colcon_core.environment:checking '/root/ws_sensor_combined/install/example_mode_goto_cpp' for CMake config files
[2.142s] Level 1:colcon.colcon_core.shell:create_environment_hook('example_mode_goto_cpp', 'cmake_prefix_path')
[2.142s] INFO:colcon.colcon_core.shell:Creating environment hook '/root/ws_sensor_combined/install/example_mode_goto_cpp/share/example_mode_goto_cpp/hook/cmake_prefix_path.ps1'
[2.143s] INFO:colcon.colcon_core.shell:Creating environment descriptor '/root/ws_sensor_combined/install/example_mode_goto_cpp/share/example_mode_goto_cpp/hook/cmake_prefix_path.dsv'
[2.143s] INFO:colcon.colcon_core.shell:Creating environment hook '/root/ws_sensor_combined/install/example_mode_goto_cpp/share/example_mode_goto_cpp/hook/cmake_prefix_path.sh'
[2.144s] Level 1:colcon.colcon_core.environment:checking '/root/ws_sensor_combined/install/example_mode_goto_cpp/lib'
[2.144s] Level 1:colcon.colcon_core.environment:checking '/root/ws_sensor_combined/install/example_mode_goto_cpp/bin'
[2.144s] Level 1:colcon.colcon_core.environment:checking '/root/ws_sensor_combined/install/example_mode_goto_cpp/lib/pkgconfig/example_mode_goto_cpp.pc'
[2.144s] Level 1:colcon.colcon_core.environment:checking '/root/ws_sensor_combined/install/example_mode_goto_cpp/lib/python3.10/site-packages'
[2.144s] Level 1:colcon.colcon_core.environment:checking '/root/ws_sensor_combined/install/example_mode_goto_cpp/bin'
[2.145s] INFO:colcon.colcon_core.shell:Creating package script '/root/ws_sensor_combined/install/example_mode_goto_cpp/share/example_mode_goto_cpp/package.ps1'
[2.148s] INFO:colcon.colcon_core.shell:Creating package descriptor '/root/ws_sensor_combined/install/example_mode_goto_cpp/share/example_mode_goto_cpp/package.dsv'
[2.148s] INFO:colcon.colcon_core.shell:Creating package script '/root/ws_sensor_combined/install/example_mode_goto_cpp/share/example_mode_goto_cpp/package.sh'
[2.148s] INFO:colcon.colcon_core.shell:Creating package script '/root/ws_sensor_combined/install/example_mode_goto_cpp/share/example_mode_goto_cpp/package.bash'
[2.149s] INFO:colcon.colcon_core.shell:Creating package script '/root/ws_sensor_combined/install/example_mode_goto_cpp/share/example_mode_goto_cpp/package.zsh'
[2.149s] Level 1:colcon.colcon_core.environment:create_file_with_runtime_dependencies(/root/ws_sensor_combined/install/example_mode_goto_cpp/share/colcon-core/packages/example_mode_goto_cpp)
[2.149s] Level 1:colcon.colcon_core.environment:create_environment_scripts_only(example_mode_goto_cpp)
[2.149s] Level 1:colcon.colcon_core.environment:checking '/root/ws_sensor_combined/install/example_mode_goto_cpp' for CMake module files
[2.150s] Level 1:colcon.colcon_core.environment:checking '/root/ws_sensor_combined/install/example_mode_goto_cpp' for CMake config files
[2.150s] Level 1:colcon.colcon_core.shell:create_environment_hook('example_mode_goto_cpp', 'cmake_prefix_path')
[2.150s] INFO:colcon.colcon_core.shell:Creating environment hook '/root/ws_sensor_combined/install/example_mode_goto_cpp/share/example_mode_goto_cpp/hook/cmake_prefix_path.ps1'
[2.150s] INFO:colcon.colcon_core.shell:Creating environment descriptor '/root/ws_sensor_combined/install/example_mode_goto_cpp/share/example_mode_goto_cpp/hook/cmake_prefix_path.dsv'
[2.150s] INFO:colcon.colcon_core.shell:Creating environment hook '/root/ws_sensor_combined/install/example_mode_goto_cpp/share/example_mode_goto_cpp/hook/cmake_prefix_path.sh'
[2.151s] Level 1:colcon.colcon_core.environment:checking '/root/ws_sensor_combined/install/example_mode_goto_cpp/lib'
[2.151s] Level 1:colcon.colcon_core.environment:checking '/root/ws_sensor_combined/install/example_mode_goto_cpp/bin'
[2.151s] Level 1:colcon.colcon_core.environment:checking '/root/ws_sensor_combined/install/example_mode_goto_cpp/lib/pkgconfig/example_mode_goto_cpp.pc'
[2.151s] Level 1:colcon.colcon_core.environment:checking '/root/ws_sensor_combined/install/example_mode_goto_cpp/lib/python3.10/site-packages'
[2.152s] Level 1:colcon.colcon_core.environment:checking '/root/ws_sensor_combined/install/example_mode_goto_cpp/bin'
[2.152s] INFO:colcon.colcon_core.shell:Creating package script '/root/ws_sensor_combined/install/example_mode_goto_cpp/share/example_mode_goto_cpp/package.ps1'
[2.152s] INFO:colcon.colcon_core.shell:Creating package descriptor '/root/ws_sensor_combined/install/example_mode_goto_cpp/share/example_mode_goto_cpp/package.dsv'
[2.153s] INFO:colcon.colcon_core.shell:Creating package script '/root/ws_sensor_combined/install/example_mode_goto_cpp/share/example_mode_goto_cpp/package.sh'
[2.153s] INFO:colcon.colcon_core.shell:Creating package script '/root/ws_sensor_combined/install/example_mode_goto_cpp/share/example_mode_goto_cpp/package.bash'
[2.153s] INFO:colcon.colcon_core.shell:Creating package script '/root/ws_sensor_combined/install/example_mode_goto_cpp/share/example_mode_goto_cpp/package.zsh'
[2.153s] Level 1:colcon.colcon_core.environment:create_file_with_runtime_dependencies(/root/ws_sensor_combined/install/example_mode_goto_cpp/share/colcon-core/packages/example_mode_goto_cpp)
[2.154s] Level 1:colcon.colcon_core.environment:create_environment_scripts_only(example_mode_manual_cpp)
[2.154s] Level 1:colcon.colcon_core.environment:checking '/root/ws_sensor_combined/install/example_mode_manual_cpp' for CMake module files
[2.155s] Level 1:colcon.colcon_core.environment:checking '/root/ws_sensor_combined/install/example_mode_manual_cpp' for CMake config files
[2.155s] DEBUG:colcon.colcon_core.event_handler.log_command:Invoked command in '/root/ws_sensor_combined/build/example_mode_manual_cpp' returned '0': CMAKE_PREFIX_PATH=/root/ws_sensor_combined/install/px4_ros2_cpp:/root/ws_sensor_combined/install/px4_msgs:/root/ws_sensor_combined/install/px4_ros_com:/root/ws_sensor_combined/install/example_mode_with_executor_cpp:/root/ws_sensor_combined/install/example_mode_vtol_cpp:/root/ws_sensor_combined/install/example_mode_rtl_replacement_cpp:/root/ws_sensor_combined/install/example_mode_manual_cpp:/root/ws_sensor_combined/install/example_mode_goto_global_cpp:/root/ws_sensor_combined/install/example_mode_goto_cpp:/root/ws_sensor_combined/install/example_mode_fw_attitude_cpp:/root/ws_sensor_combined/install/example_local_navigation_cpp:/root/ws_sensor_combined/install/example_global_navigation_cpp:/root/ws_sensor_combined/install/example_executor_with_multiple_modes_cpp:/opt/ros/humble LD_LIBRARY_PATH=/root/ws_sensor_combined/install/px4_ros2_cpp/lib:/root/ws_sensor_combined/install/px4_msgs/lib:/root/ws_sensor_combined/install/px4_ros_com/lib:/opt/ros/humble/opt/rviz_ogre_vendor/lib:/opt/ros/humble/lib/x86_64-linux-gnu:/opt/ros/humble/lib /usr/bin/cmake --install /root/ws_sensor_combined/build/example_mode_manual_cpp
[2.155s] Level 1:colcon.colcon_core.shell:create_environment_hook('example_mode_manual_cpp', 'cmake_prefix_path')
[2.156s] INFO:colcon.colcon_core.shell:Creating environment hook '/root/ws_sensor_combined/install/example_mode_manual_cpp/share/example_mode_manual_cpp/hook/cmake_prefix_path.ps1'
[2.156s] INFO:colcon.colcon_core.shell:Creating environment descriptor '/root/ws_sensor_combined/install/example_mode_manual_cpp/share/example_mode_manual_cpp/hook/cmake_prefix_path.dsv'
[2.156s] INFO:colcon.colcon_core.shell:Creating environment hook '/root/ws_sensor_combined/install/example_mode_manual_cpp/share/example_mode_manual_cpp/hook/cmake_prefix_path.sh'
[2.157s] Level 1:colcon.colcon_core.environment:checking '/root/ws_sensor_combined/install/example_mode_manual_cpp/lib'
[2.157s] Level 1:colcon.colcon_core.environment:checking '/root/ws_sensor_combined/install/example_mode_manual_cpp/bin'
[2.157s] Level 1:colcon.colcon_core.environment:checking '/root/ws_sensor_combined/install/example_mode_manual_cpp/lib/pkgconfig/example_mode_manual_cpp.pc'
[2.157s] Level 1:colcon.colcon_core.environment:checking '/root/ws_sensor_combined/install/example_mode_manual_cpp/lib/python3.10/site-packages'
[2.157s] Level 1:colcon.colcon_core.environment:checking '/root/ws_sensor_combined/install/example_mode_manual_cpp/bin'
[2.158s] INFO:colcon.colcon_core.shell:Creating package script '/root/ws_sensor_combined/install/example_mode_manual_cpp/share/example_mode_manual_cpp/package.ps1'
[2.158s] INFO:colcon.colcon_core.shell:Creating package descriptor '/root/ws_sensor_combined/install/example_mode_manual_cpp/share/example_mode_manual_cpp/package.dsv'
[2.158s] INFO:colcon.colcon_core.shell:Creating package script '/root/ws_sensor_combined/install/example_mode_manual_cpp/share/example_mode_manual_cpp/package.sh'
[2.159s] INFO:colcon.colcon_core.shell:Creating package script '/root/ws_sensor_combined/install/example_mode_manual_cpp/share/example_mode_manual_cpp/package.bash'
[2.159s] INFO:colcon.colcon_core.shell:Creating package script '/root/ws_sensor_combined/install/example_mode_manual_cpp/share/example_mode_manual_cpp/package.zsh'
[2.160s] Level 1:colcon.colcon_core.environment:create_file_with_runtime_dependencies(/root/ws_sensor_combined/install/example_mode_manual_cpp/share/colcon-core/packages/example_mode_manual_cpp)
[2.160s] Level 1:colcon.colcon_core.environment:create_environment_scripts_only(example_mode_manual_cpp)
[2.160s] Level 1:colcon.colcon_core.environment:checking '/root/ws_sensor_combined/install/example_mode_manual_cpp' for CMake module files
[2.160s] Level 1:colcon.colcon_core.environment:checking '/root/ws_sensor_combined/install/example_mode_manual_cpp' for CMake config files
[2.161s] Level 1:colcon.colcon_core.shell:create_environment_hook('example_mode_manual_cpp', 'cmake_prefix_path')
[2.161s] INFO:colcon.colcon_core.shell:Creating environment hook '/root/ws_sensor_combined/install/example_mode_manual_cpp/share/example_mode_manual_cpp/hook/cmake_prefix_path.ps1'
[2.161s] INFO:colcon.colcon_core.shell:Creating environment descriptor '/root/ws_sensor_combined/install/example_mode_manual_cpp/share/example_mode_manual_cpp/hook/cmake_prefix_path.dsv'
[2.161s] INFO:colcon.colcon_core.shell:Creating environment hook '/root/ws_sensor_combined/install/example_mode_manual_cpp/share/example_mode_manual_cpp/hook/cmake_prefix_path.sh'
[2.162s] Level 1:colcon.colcon_core.environment:checking '/root/ws_sensor_combined/install/example_mode_manual_cpp/lib'
[2.162s] Level 1:colcon.colcon_core.environment:checking '/root/ws_sensor_combined/install/example_mode_manual_cpp/bin'
[2.162s] Level 1:colcon.colcon_core.environment:checking '/root/ws_sensor_combined/install/example_mode_manual_cpp/lib/pkgconfig/example_mode_manual_cpp.pc'
[2.162s] Level 1:colcon.colcon_core.environment:checking '/root/ws_sensor_combined/install/example_mode_manual_cpp/lib/python3.10/site-packages'
[2.162s] Level 1:colcon.colcon_core.environment:checking '/root/ws_sensor_combined/install/example_mode_manual_cpp/bin'
[2.162s] INFO:colcon.colcon_core.shell:Creating package script '/root/ws_sensor_combined/install/example_mode_manual_cpp/share/example_mode_manual_cpp/package.ps1'
[2.163s] INFO:colcon.colcon_core.shell:Creating package descriptor '/root/ws_sensor_combined/install/example_mode_manual_cpp/share/example_mode_manual_cpp/package.dsv'
[2.163s] INFO:colcon.colcon_core.shell:Creating package script '/root/ws_sensor_combined/install/example_mode_manual_cpp/share/example_mode_manual_cpp/package.sh'
[2.163s] INFO:colcon.colcon_core.shell:Creating package script '/root/ws_sensor_combined/install/example_mode_manual_cpp/share/example_mode_manual_cpp/package.bash'
[2.163s] INFO:colcon.colcon_core.shell:Creating package script '/root/ws_sensor_combined/install/example_mode_manual_cpp/share/example_mode_manual_cpp/package.zsh'
[2.164s] Level 1:colcon.colcon_core.environment:create_file_with_runtime_dependencies(/root/ws_sensor_combined/install/example_mode_manual_cpp/share/colcon-core/packages/example_mode_manual_cpp)
[2.166s] Level 1:colcon.colcon_core.environment:create_environment_scripts_only(example_mode_with_executor_cpp)
[2.166s] Level 1:colcon.colcon_core.environment:checking '/root/ws_sensor_combined/install/example_mode_with_executor_cpp' for CMake module files
[2.167s] DEBUG:colcon.colcon_core.event_handler.log_command:Invoked command in '/root/ws_sensor_combined/build/example_mode_with_executor_cpp' returned '0': CMAKE_PREFIX_PATH=/root/ws_sensor_combined/install/px4_ros2_cpp:/root/ws_sensor_combined/install/px4_msgs:/root/ws_sensor_combined/install/px4_ros_com:/root/ws_sensor_combined/install/example_mode_with_executor_cpp:/root/ws_sensor_combined/install/example_mode_vtol_cpp:/root/ws_sensor_combined/install/example_mode_rtl_replacement_cpp:/root/ws_sensor_combined/install/example_mode_manual_cpp:/root/ws_sensor_combined/install/example_mode_goto_global_cpp:/root/ws_sensor_combined/install/example_mode_goto_cpp:/root/ws_sensor_combined/install/example_mode_fw_attitude_cpp:/root/ws_sensor_combined/install/example_local_navigation_cpp:/root/ws_sensor_combined/install/example_global_navigation_cpp:/root/ws_sensor_combined/install/example_executor_with_multiple_modes_cpp:/opt/ros/humble LD_LIBRARY_PATH=/root/ws_sensor_combined/install/px4_ros2_cpp/lib:/root/ws_sensor_combined/install/px4_msgs/lib:/root/ws_sensor_combined/install/px4_ros_com/lib:/opt/ros/humble/opt/rviz_ogre_vendor/lib:/opt/ros/humble/lib/x86_64-linux-gnu:/opt/ros/humble/lib /usr/bin/cmake --install /root/ws_sensor_combined/build/example_mode_with_executor_cpp
[2.167s] Level 1:colcon.colcon_core.environment:checking '/root/ws_sensor_combined/install/example_mode_with_executor_cpp' for CMake config files
[2.167s] Level 1:colcon.colcon_core.shell:create_environment_hook('example_mode_with_executor_cpp', 'cmake_prefix_path')
[2.168s] INFO:colcon.colcon_core.shell:Creating environment hook '/root/ws_sensor_combined/install/example_mode_with_executor_cpp/share/example_mode_with_executor_cpp/hook/cmake_prefix_path.ps1'
[2.168s] INFO:colcon.colcon_core.shell:Creating environment descriptor '/root/ws_sensor_combined/install/example_mode_with_executor_cpp/share/example_mode_with_executor_cpp/hook/cmake_prefix_path.dsv'
[2.168s] INFO:colcon.colcon_core.shell:Creating environment hook '/root/ws_sensor_combined/install/example_mode_with_executor_cpp/share/example_mode_with_executor_cpp/hook/cmake_prefix_path.sh'
[2.169s] Level 1:colcon.colcon_core.environment:checking '/root/ws_sensor_combined/install/example_mode_with_executor_cpp/lib'
[2.169s] Level 1:colcon.colcon_core.environment:checking '/root/ws_sensor_combined/install/example_mode_with_executor_cpp/bin'
[2.169s] Level 1:colcon.colcon_core.environment:checking '/root/ws_sensor_combined/install/example_mode_with_executor_cpp/lib/pkgconfig/example_mode_with_executor_cpp.pc'
[2.169s] Level 1:colcon.colcon_core.environment:checking '/root/ws_sensor_combined/install/example_mode_with_executor_cpp/lib/python3.10/site-packages'
[2.169s] Level 1:colcon.colcon_core.environment:checking '/root/ws_sensor_combined/install/example_mode_with_executor_cpp/bin'
[2.169s] INFO:colcon.colcon_core.shell:Creating package script '/root/ws_sensor_combined/install/example_mode_with_executor_cpp/share/example_mode_with_executor_cpp/package.ps1'
[2.170s] INFO:colcon.colcon_core.shell:Creating package descriptor '/root/ws_sensor_combined/install/example_mode_with_executor_cpp/share/example_mode_with_executor_cpp/package.dsv'
[2.170s] INFO:colcon.colcon_core.shell:Creating package script '/root/ws_sensor_combined/install/example_mode_with_executor_cpp/share/example_mode_with_executor_cpp/package.sh'
[2.170s] INFO:colcon.colcon_core.shell:Creating package script '/root/ws_sensor_combined/install/example_mode_with_executor_cpp/share/example_mode_with_executor_cpp/package.bash'
[2.171s] INFO:colcon.colcon_core.shell:Creating package script '/root/ws_sensor_combined/install/example_mode_with_executor_cpp/share/example_mode_with_executor_cpp/package.zsh'
[2.171s] Level 1:colcon.colcon_core.environment:create_file_with_runtime_dependencies(/root/ws_sensor_combined/install/example_mode_with_executor_cpp/share/colcon-core/packages/example_mode_with_executor_cpp)
[2.171s] Level 1:colcon.colcon_core.environment:create_environment_scripts_only(example_mode_with_executor_cpp)
[2.171s] Level 1:colcon.colcon_core.environment:checking '/root/ws_sensor_combined/install/example_mode_with_executor_cpp' for CMake module files
[2.172s] Level 1:colcon.colcon_core.environment:checking '/root/ws_sensor_combined/install/example_mode_with_executor_cpp' for CMake config files
[2.172s] Level 1:colcon.colcon_core.shell:create_environment_hook('example_mode_with_executor_cpp', 'cmake_prefix_path')
[2.172s] INFO:colcon.colcon_core.shell:Creating environment hook '/root/ws_sensor_combined/install/example_mode_with_executor_cpp/share/example_mode_with_executor_cpp/hook/cmake_prefix_path.ps1'
[2.172s] INFO:colcon.colcon_core.shell:Creating environment descriptor '/root/ws_sensor_combined/install/example_mode_with_executor_cpp/share/example_mode_with_executor_cpp/hook/cmake_prefix_path.dsv'
[2.173s] INFO:colcon.colcon_core.shell:Creating environment hook '/root/ws_sensor_combined/install/example_mode_with_executor_cpp/share/example_mode_with_executor_cpp/hook/cmake_prefix_path.sh'
[2.173s] Level 1:colcon.colcon_core.environment:checking '/root/ws_sensor_combined/install/example_mode_with_executor_cpp/lib'
[2.173s] Level 1:colcon.colcon_core.environment:checking '/root/ws_sensor_combined/install/example_mode_with_executor_cpp/bin'
[2.173s] Level 1:colcon.colcon_core.environment:checking '/root/ws_sensor_combined/install/example_mode_with_executor_cpp/lib/pkgconfig/example_mode_with_executor_cpp.pc'
[2.173s] Level 1:colcon.colcon_core.environment:checking '/root/ws_sensor_combined/install/example_mode_with_executor_cpp/lib/python3.10/site-packages'
[2.173s] Level 1:colcon.colcon_core.environment:checking '/root/ws_sensor_combined/install/example_mode_with_executor_cpp/bin'
[2.174s] INFO:colcon.colcon_core.shell:Creating package script '/root/ws_sensor_combined/install/example_mode_with_executor_cpp/share/example_mode_with_executor_cpp/package.ps1'
[2.174s] INFO:colcon.colcon_core.shell:Creating package descriptor '/root/ws_sensor_combined/install/example_mode_with_executor_cpp/share/example_mode_with_executor_cpp/package.dsv'
[2.174s] INFO:colcon.colcon_core.shell:Creating package script '/root/ws_sensor_combined/install/example_mode_with_executor_cpp/share/example_mode_with_executor_cpp/package.sh'
[2.174s] INFO:colcon.colcon_core.shell:Creating package script '/root/ws_sensor_combined/install/example_mode_with_executor_cpp/share/example_mode_with_executor_cpp/package.bash'
[2.175s] INFO:colcon.colcon_core.shell:Creating package script '/root/ws_sensor_combined/install/example_mode_with_executor_cpp/share/example_mode_with_executor_cpp/package.zsh'
[2.175s] Level 1:colcon.colcon_core.environment:create_file_with_runtime_dependencies(/root/ws_sensor_combined/install/example_mode_with_executor_cpp/share/colcon-core/packages/example_mode_with_executor_cpp)
[10.822s] DEBUG:colcon.colcon_core.event_handler.log_command:Invoked command in '/root/ws_sensor_combined/build/px4_ros_com' returned '2': CMAKE_PREFIX_PATH=/root/ws_sensor_combined/install/px4_msgs:/root/ws_sensor_combined/install/px4_ros_com:/root/ws_sensor_combined/install/example_mode_with_executor_cpp:/root/ws_sensor_combined/install/example_mode_vtol_cpp:/root/ws_sensor_combined/install/example_mode_rtl_replacement_cpp:/root/ws_sensor_combined/install/example_mode_manual_cpp:/root/ws_sensor_combined/install/example_mode_goto_global_cpp:/root/ws_sensor_combined/install/example_mode_goto_cpp:/root/ws_sensor_combined/install/example_mode_fw_attitude_cpp:/root/ws_sensor_combined/install/example_local_navigation_cpp:/root/ws_sensor_combined/install/example_global_navigation_cpp:/root/ws_sensor_combined/install/example_executor_with_multiple_modes_cpp:/root/ws_sensor_combined/install/px4_ros2_cpp:/opt/ros/humble LD_LIBRARY_PATH=/root/ws_sensor_combined/install/px4_msgs/lib:/root/ws_sensor_combined/install/px4_ros_com/lib:/root/ws_sensor_combined/install/px4_ros2_cpp/lib:/opt/ros/humble/opt/rviz_ogre_vendor/lib:/opt/ros/humble/lib/x86_64-linux-gnu:/opt/ros/humble/lib /usr/bin/cmake --build /root/ws_sensor_combined/build/px4_ros_com -- -j20 -l20
[10.823s] Level 1:colcon.colcon_core.environment:create_environment_scripts_only(px4_ros_com)
[10.823s] Level 1:colcon.colcon_core.environment:checking '/root/ws_sensor_combined/install/px4_ros_com' for CMake module files
[10.823s] Level 1:colcon.colcon_core.environment:checking '/root/ws_sensor_combined/install/px4_ros_com' for CMake config files
[10.824s] Level 1:colcon.colcon_core.shell:create_environment_hook('px4_ros_com', 'cmake_prefix_path')
[10.824s] INFO:colcon.colcon_core.shell:Creating environment hook '/root/ws_sensor_combined/install/px4_ros_com/share/px4_ros_com/hook/cmake_prefix_path.ps1'
[10.824s] INFO:colcon.colcon_core.shell:Creating environment descriptor '/root/ws_sensor_combined/install/px4_ros_com/share/px4_ros_com/hook/cmake_prefix_path.dsv'
[10.824s] INFO:colcon.colcon_core.shell:Creating environment hook '/root/ws_sensor_combined/install/px4_ros_com/share/px4_ros_com/hook/cmake_prefix_path.sh'
[10.825s] Level 1:colcon.colcon_core.environment:checking '/root/ws_sensor_combined/install/px4_ros_com/lib'
[10.825s] Level 1:colcon.colcon_core.shell:create_environment_hook('px4_ros_com', 'ld_library_path_lib')
[10.825s] INFO:colcon.colcon_core.shell:Creating environment hook '/root/ws_sensor_combined/install/px4_ros_com/share/px4_ros_com/hook/ld_library_path_lib.ps1'
[10.825s] INFO:colcon.colcon_core.shell:Creating environment descriptor '/root/ws_sensor_combined/install/px4_ros_com/share/px4_ros_com/hook/ld_library_path_lib.dsv'
[10.825s] INFO:colcon.colcon_core.shell:Creating environment hook '/root/ws_sensor_combined/install/px4_ros_com/share/px4_ros_com/hook/ld_library_path_lib.sh'
[10.825s] Level 1:colcon.colcon_core.environment:checking '/root/ws_sensor_combined/install/px4_ros_com/bin'
[10.825s] Level 1:colcon.colcon_core.environment:checking '/root/ws_sensor_combined/install/px4_ros_com/lib/pkgconfig/px4_ros_com.pc'
[10.826s] Level 1:colcon.colcon_core.environment:checking '/root/ws_sensor_combined/install/px4_ros_com/lib/python3.10/site-packages'
[10.826s] Level 1:colcon.colcon_core.environment:checking '/root/ws_sensor_combined/install/px4_ros_com/bin'
[10.826s] INFO:colcon.colcon_core.shell:Creating package script '/root/ws_sensor_combined/install/px4_ros_com/share/px4_ros_com/package.ps1'
[10.826s] INFO:colcon.colcon_core.shell:Creating package descriptor '/root/ws_sensor_combined/install/px4_ros_com/share/px4_ros_com/package.dsv'
[10.827s] INFO:colcon.colcon_core.shell:Creating package script '/root/ws_sensor_combined/install/px4_ros_com/share/px4_ros_com/package.sh'
[10.827s] INFO:colcon.colcon_core.shell:Creating package script '/root/ws_sensor_combined/install/px4_ros_com/share/px4_ros_com/package.bash'
[10.827s] INFO:colcon.colcon_core.shell:Creating package script '/root/ws_sensor_combined/install/px4_ros_com/share/px4_ros_com/package.zsh'
[10.827s] Level 1:colcon.colcon_core.environment:create_file_with_runtime_dependencies(/root/ws_sensor_combined/install/px4_ros_com/share/colcon-core/packages/px4_ros_com)
[10.838s] DEBUG:colcon.colcon_parallel_executor.executor.parallel:closing loop
[10.838s] DEBUG:colcon.colcon_parallel_executor.executor.parallel:loop closed
[10.838s] DEBUG:colcon.colcon_parallel_executor.executor.parallel:run_until_complete finished with '2'
[10.839s] DEBUG:colcon.colcon_core.event_reactor:joining thread
[10.895s] INFO:colcon.colcon_core.plugin_system:Skipping extension 'colcon_notification.desktop_notification.notify_send': Could not find 'notify-send'
[10.895s] INFO:colcon.colcon_core.plugin_system:Skipping extension 'colcon_notification.desktop_notification.terminal_notifier': Not used on non-Darwin systems
[10.895s] INFO:colcon.colcon_core.plugin_system:Skipping extension 'colcon_notification.desktop_notification.win32': Not used on non-Windows systems
[10.895s] INFO:colcon.colcon_notification.desktop_notification:Sending desktop notification using 'notify2'
[10.895s] DEBUG:colcon.colcon_notification.desktop_notification.notify2:Failed to initialize notify2: org.freedesktop.DBus.Error.FileNotFound: Failed to connect to socket /run/user/0/bus: No such file or directory
[10.896s] DEBUG:colcon.colcon_core.event_reactor:joined thread
[10.896s] INFO:colcon.colcon_core.shell:Creating prefix script '/root/ws_sensor_combined/install/local_setup.ps1'
[10.896s] INFO:colcon.colcon_core.shell:Creating prefix util module '/root/ws_sensor_combined/install/_local_setup_util_ps1.py'
[10.897s] INFO:colcon.colcon_core.shell:Creating prefix chain script '/root/ws_sensor_combined/install/setup.ps1'
[10.898s] INFO:colcon.colcon_core.shell:Creating prefix script '/root/ws_sensor_combined/install/local_setup.sh'
[10.899s] INFO:colcon.colcon_core.shell:Creating prefix util module '/root/ws_sensor_combined/install/_local_setup_util_sh.py'
[10.899s] INFO:colcon.colcon_core.shell:Creating prefix chain script '/root/ws_sensor_combined/install/setup.sh'
[10.900s] INFO:colcon.colcon_core.shell:Creating prefix script '/root/ws_sensor_combined/install/local_setup.bash'
[10.901s] INFO:colcon.colcon_core.shell:Creating prefix chain script '/root/ws_sensor_combined/install/setup.bash'
[10.901s] INFO:colcon.colcon_core.shell:Creating prefix script '/root/ws_sensor_combined/install/local_setup.zsh'
[10.902s] INFO:colcon.colcon_core.shell:Creating prefix chain script '/root/ws_sensor_combined/install/setup.zsh'
