[0.126s] DEBUG:colcon:Command line arguments: ['/usr/bin/colcon', 'build']
[0.126s] DEBUG:colcon:Parsed command line arguments: Namespace(log_base=None, log_level=None, verb_name='build', build_base='build', install_base='install', merge_install=False, symlink_install=False, test_result_base=None, continue_on_error=False, executor='parallel', parallel_workers=20, event_handlers=None, ignore_user_meta=False, metas=['./colcon.meta'], base_paths=['.'], packages_ignore=None, packages_ignore_regex=None, paths=None, packages_up_to=None, packages_up_to_regex=None, packages_above=None, packages_above_and_dependencies=None, packages_above_depth=None, packages_select_by_dep=None, packages_skip_by_dep=None, packages_skip_up_to=None, packages_select_build_failed=False, packages_skip_build_finished=False, packages_select_test_failures=False, packages_skip_test_passed=False, packages_select=None, packages_skip=None, packages_select_regex=None, packages_skip_regex=None, packages_start=None, packages_end=None, allow_overriding=[], cmake_args=None, cmake_target=None, cmake_target_skip_unavailable=False, cmake_clean_cache=False, cmake_clean_first=False, cmake_force_configure=False, ament_cmake_args=None, catkin_cmake_args=None, catkin_skip_building_tests=False, mixin_files=None, mixin=None, verb_parser=<colcon_mixin.mixin.mixin_argument.MixinArgumentDecorator object at 0x7d1dc4556f80>, verb_extension=<colcon_core.verb.build.BuildVerb object at 0x7d1dc4556980>, main=<bound method BuildVerb.main of <colcon_core.verb.build.BuildVerb object at 0x7d1dc4556980>>, mixin_verb=('build',))
[0.158s] Level 1:colcon.colcon_core.package_discovery:discover_packages(colcon_meta) check parameters
[0.158s] Level 1:colcon.colcon_core.package_discovery:discover_packages(recursive) check parameters
[0.158s] Level 1:colcon.colcon_core.package_discovery:discover_packages(ignore) check parameters
[0.158s] Level 1:colcon.colcon_core.package_discovery:discover_packages(path) check parameters
[0.158s] Level 1:colcon.colcon_core.package_discovery:discover_packages(colcon_meta) discover
[0.158s] Level 1:colcon.colcon_core.package_discovery:discover_packages(recursive) discover
[0.159s] INFO:colcon.colcon_core.package_discovery:Crawling recursively for packages in '/root/ws_sensor_combined'
[0.159s] Level 1:colcon.colcon_core.package_identification:_identify(.) by extensions ['ignore', 'ignore_ament_install']
[0.159s] Level 1:colcon.colcon_core.package_identification:_identify(.) by extension 'ignore'
[0.159s] Level 1:colcon.colcon_core.package_identification:_identify(.) by extension 'ignore_ament_install'
[0.159s] Level 1:colcon.colcon_core.package_identification:_identify(.) by extensions ['colcon_pkg']
[0.159s] Level 1:colcon.colcon_core.package_identification:_identify(.) by extension 'colcon_pkg'
[0.159s] Level 1:colcon.colcon_core.package_identification:_identify(.) by extensions ['colcon_meta']
[0.159s] Level 1:colcon.colcon_core.package_identification:_identify(.) by extension 'colcon_meta'
[0.159s] Level 1:colcon.colcon_core.package_identification:_identify(.) by extensions ['ros']
[0.159s] Level 1:colcon.colcon_core.package_identification:_identify(.) by extension 'ros'
[0.170s] Level 1:colcon.colcon_core.package_identification:_identify(.) by extensions ['cmake', 'python']
[0.170s] Level 1:colcon.colcon_core.package_identification:_identify(.) by extension 'cmake'
[0.170s] Level 1:colcon.colcon_core.package_identification:_identify(.) by extension 'python'
[0.170s] Level 1:colcon.colcon_core.package_identification:_identify(.) by extensions ['python_setup_py']
[0.170s] Level 1:colcon.colcon_core.package_identification:_identify(.) by extension 'python_setup_py'
[0.170s] Level 1:colcon.colcon_core.package_identification:_identify(build) by extensions ['ignore', 'ignore_ament_install']
[0.171s] Level 1:colcon.colcon_core.package_identification:_identify(build) by extension 'ignore'
[0.171s] Level 1:colcon.colcon_core.package_identification:_identify(build) ignored
[0.171s] Level 1:colcon.colcon_core.package_identification:_identify(install) by extensions ['ignore', 'ignore_ament_install']
[0.171s] Level 1:colcon.colcon_core.package_identification:_identify(install) by extension 'ignore'
[0.171s] Level 1:colcon.colcon_core.package_identification:_identify(install) ignored
[0.171s] Level 1:colcon.colcon_core.package_identification:_identify(log) by extensions ['ignore', 'ignore_ament_install']
[0.171s] Level 1:colcon.colcon_core.package_identification:_identify(log) by extension 'ignore'
[0.171s] Level 1:colcon.colcon_core.package_identification:_identify(log) ignored
[0.171s] Level 1:colcon.colcon_core.package_identification:_identify(src) by extensions ['ignore', 'ignore_ament_install']
[0.171s] Level 1:colcon.colcon_core.package_identification:_identify(src) by extension 'ignore'
[0.171s] Level 1:colcon.colcon_core.package_identification:_identify(src) by extension 'ignore_ament_install'
[0.171s] Level 1:colcon.colcon_core.package_identification:_identify(src) by extensions ['colcon_pkg']
[0.171s] Level 1:colcon.colcon_core.package_identification:_identify(src) by extension 'colcon_pkg'
[0.171s] Level 1:colcon.colcon_core.package_identification:_identify(src) by extensions ['colcon_meta']
[0.171s] Level 1:colcon.colcon_core.package_identification:_identify(src) by extension 'colcon_meta'
[0.171s] Level 1:colcon.colcon_core.package_identification:_identify(src) by extensions ['ros']
[0.171s] Level 1:colcon.colcon_core.package_identification:_identify(src) by extension 'ros'
[0.171s] Level 1:colcon.colcon_core.package_identification:_identify(src) by extensions ['cmake', 'python']
[0.171s] Level 1:colcon.colcon_core.package_identification:_identify(src) by extension 'cmake'
[0.171s] Level 1:colcon.colcon_core.package_identification:_identify(src) by extension 'python'
[0.171s] Level 1:colcon.colcon_core.package_identification:_identify(src) by extensions ['python_setup_py']
[0.171s] Level 1:colcon.colcon_core.package_identification:_identify(src) by extension 'python_setup_py'
[0.171s] Level 1:colcon.colcon_core.package_identification:_identify(src/px4-ros2-interface-lib) by extensions ['ignore', 'ignore_ament_install']
[0.171s] Level 1:colcon.colcon_core.package_identification:_identify(src/px4-ros2-interface-lib) by extension 'ignore'
[0.171s] Level 1:colcon.colcon_core.package_identification:_identify(src/px4-ros2-interface-lib) by extension 'ignore_ament_install'
[0.171s] Level 1:colcon.colcon_core.package_identification:_identify(src/px4-ros2-interface-lib) by extensions ['colcon_pkg']
[0.171s] Level 1:colcon.colcon_core.package_identification:_identify(src/px4-ros2-interface-lib) by extension 'colcon_pkg'
[0.171s] Level 1:colcon.colcon_core.package_identification:_identify(src/px4-ros2-interface-lib) by extensions ['colcon_meta']
[0.171s] Level 1:colcon.colcon_core.package_identification:_identify(src/px4-ros2-interface-lib) by extension 'colcon_meta'
[0.172s] Level 1:colcon.colcon_core.package_identification:_identify(src/px4-ros2-interface-lib) by extensions ['ros']
[0.172s] Level 1:colcon.colcon_core.package_identification:_identify(src/px4-ros2-interface-lib) by extension 'ros'
[0.172s] Level 1:colcon.colcon_core.package_identification:_identify(src/px4-ros2-interface-lib) by extensions ['cmake', 'python']
[0.172s] Level 1:colcon.colcon_core.package_identification:_identify(src/px4-ros2-interface-lib) by extension 'cmake'
[0.172s] Level 1:colcon.colcon_core.package_identification:_identify(src/px4-ros2-interface-lib) by extension 'python'
[0.172s] Level 1:colcon.colcon_core.package_identification:_identify(src/px4-ros2-interface-lib) by extensions ['python_setup_py']
[0.172s] Level 1:colcon.colcon_core.package_identification:_identify(src/px4-ros2-interface-lib) by extension 'python_setup_py'
[0.172s] Level 1:colcon.colcon_core.package_identification:_identify(src/px4-ros2-interface-lib/examples) by extensions ['ignore', 'ignore_ament_install']
[0.172s] Level 1:colcon.colcon_core.package_identification:_identify(src/px4-ros2-interface-lib/examples) by extension 'ignore'
[0.172s] Level 1:colcon.colcon_core.package_identification:_identify(src/px4-ros2-interface-lib/examples) by extension 'ignore_ament_install'
[0.172s] Level 1:colcon.colcon_core.package_identification:_identify(src/px4-ros2-interface-lib/examples) by extensions ['colcon_pkg']
[0.172s] Level 1:colcon.colcon_core.package_identification:_identify(src/px4-ros2-interface-lib/examples) by extension 'colcon_pkg'
[0.172s] Level 1:colcon.colcon_core.package_identification:_identify(src/px4-ros2-interface-lib/examples) by extensions ['colcon_meta']
[0.172s] Level 1:colcon.colcon_core.package_identification:_identify(src/px4-ros2-interface-lib/examples) by extension 'colcon_meta'
[0.172s] Level 1:colcon.colcon_core.package_identification:_identify(src/px4-ros2-interface-lib/examples) by extensions ['ros']
[0.172s] Level 1:colcon.colcon_core.package_identification:_identify(src/px4-ros2-interface-lib/examples) by extension 'ros'
[0.172s] Level 1:colcon.colcon_core.package_identification:_identify(src/px4-ros2-interface-lib/examples) by extensions ['cmake', 'python']
[0.172s] Level 1:colcon.colcon_core.package_identification:_identify(src/px4-ros2-interface-lib/examples) by extension 'cmake'
[0.172s] Level 1:colcon.colcon_core.package_identification:_identify(src/px4-ros2-interface-lib/examples) by extension 'python'
[0.172s] Level 1:colcon.colcon_core.package_identification:_identify(src/px4-ros2-interface-lib/examples) by extensions ['python_setup_py']
[0.172s] Level 1:colcon.colcon_core.package_identification:_identify(src/px4-ros2-interface-lib/examples) by extension 'python_setup_py'
[0.172s] Level 1:colcon.colcon_core.package_identification:_identify(src/px4-ros2-interface-lib/examples/cpp) by extensions ['ignore', 'ignore_ament_install']
[0.172s] Level 1:colcon.colcon_core.package_identification:_identify(src/px4-ros2-interface-lib/examples/cpp) by extension 'ignore'
[0.172s] Level 1:colcon.colcon_core.package_identification:_identify(src/px4-ros2-interface-lib/examples/cpp) by extension 'ignore_ament_install'
[0.172s] Level 1:colcon.colcon_core.package_identification:_identify(src/px4-ros2-interface-lib/examples/cpp) by extensions ['colcon_pkg']
[0.172s] Level 1:colcon.colcon_core.package_identification:_identify(src/px4-ros2-interface-lib/examples/cpp) by extension 'colcon_pkg'
[0.172s] Level 1:colcon.colcon_core.package_identification:_identify(src/px4-ros2-interface-lib/examples/cpp) by extensions ['colcon_meta']
[0.172s] Level 1:colcon.colcon_core.package_identification:_identify(src/px4-ros2-interface-lib/examples/cpp) by extension 'colcon_meta'
[0.172s] Level 1:colcon.colcon_core.package_identification:_identify(src/px4-ros2-interface-lib/examples/cpp) by extensions ['ros']
[0.172s] Level 1:colcon.colcon_core.package_identification:_identify(src/px4-ros2-interface-lib/examples/cpp) by extension 'ros'
[0.172s] Level 1:colcon.colcon_core.package_identification:_identify(src/px4-ros2-interface-lib/examples/cpp) by extensions ['cmake', 'python']
[0.173s] Level 1:colcon.colcon_core.package_identification:_identify(src/px4-ros2-interface-lib/examples/cpp) by extension 'cmake'
[0.173s] Level 1:colcon.colcon_core.package_identification:_identify(src/px4-ros2-interface-lib/examples/cpp) by extension 'python'
[0.173s] Level 1:colcon.colcon_core.package_identification:_identify(src/px4-ros2-interface-lib/examples/cpp) by extensions ['python_setup_py']
[0.173s] Level 1:colcon.colcon_core.package_identification:_identify(src/px4-ros2-interface-lib/examples/cpp) by extension 'python_setup_py'
[0.173s] Level 1:colcon.colcon_core.package_identification:_identify(src/px4-ros2-interface-lib/examples/cpp/modes) by extensions ['ignore', 'ignore_ament_install']
[0.173s] Level 1:colcon.colcon_core.package_identification:_identify(src/px4-ros2-interface-lib/examples/cpp/modes) by extension 'ignore'
[0.173s] Level 1:colcon.colcon_core.package_identification:_identify(src/px4-ros2-interface-lib/examples/cpp/modes) by extension 'ignore_ament_install'
[0.173s] Level 1:colcon.colcon_core.package_identification:_identify(src/px4-ros2-interface-lib/examples/cpp/modes) by extensions ['colcon_pkg']
[0.173s] Level 1:colcon.colcon_core.package_identification:_identify(src/px4-ros2-interface-lib/examples/cpp/modes) by extension 'colcon_pkg'
[0.173s] Level 1:colcon.colcon_core.package_identification:_identify(src/px4-ros2-interface-lib/examples/cpp/modes) by extensions ['colcon_meta']
[0.173s] Level 1:colcon.colcon_core.package_identification:_identify(src/px4-ros2-interface-lib/examples/cpp/modes) by extension 'colcon_meta'
[0.173s] Level 1:colcon.colcon_core.package_identification:_identify(src/px4-ros2-interface-lib/examples/cpp/modes) by extensions ['ros']
[0.173s] Level 1:colcon.colcon_core.package_identification:_identify(src/px4-ros2-interface-lib/examples/cpp/modes) by extension 'ros'
[0.173s] Level 1:colcon.colcon_core.package_identification:_identify(src/px4-ros2-interface-lib/examples/cpp/modes) by extensions ['cmake', 'python']
[0.173s] Level 1:colcon.colcon_core.package_identification:_identify(src/px4-ros2-interface-lib/examples/cpp/modes) by extension 'cmake'
[0.173s] Level 1:colcon.colcon_core.package_identification:_identify(src/px4-ros2-interface-lib/examples/cpp/modes) by extension 'python'
[0.173s] Level 1:colcon.colcon_core.package_identification:_identify(src/px4-ros2-interface-lib/examples/cpp/modes) by extensions ['python_setup_py']
[0.173s] Level 1:colcon.colcon_core.package_identification:_identify(src/px4-ros2-interface-lib/examples/cpp/modes) by extension 'python_setup_py'
[0.173s] Level 1:colcon.colcon_core.package_identification:_identify(src/px4-ros2-interface-lib/examples/cpp/modes/executor_with_multiple_modes) by extensions ['ignore', 'ignore_ament_install']
[0.173s] Level 1:colcon.colcon_core.package_identification:_identify(src/px4-ros2-interface-lib/examples/cpp/modes/executor_with_multiple_modes) by extension 'ignore'
[0.173s] Level 1:colcon.colcon_core.package_identification:_identify(src/px4-ros2-interface-lib/examples/cpp/modes/executor_with_multiple_modes) by extension 'ignore_ament_install'
[0.173s] Level 1:colcon.colcon_core.package_identification:_identify(src/px4-ros2-interface-lib/examples/cpp/modes/executor_with_multiple_modes) by extensions ['colcon_pkg']
[0.173s] Level 1:colcon.colcon_core.package_identification:_identify(src/px4-ros2-interface-lib/examples/cpp/modes/executor_with_multiple_modes) by extension 'colcon_pkg'
[0.173s] Level 1:colcon.colcon_core.package_identification:_identify(src/px4-ros2-interface-lib/examples/cpp/modes/executor_with_multiple_modes) by extensions ['colcon_meta']
[0.173s] Level 1:colcon.colcon_core.package_identification:_identify(src/px4-ros2-interface-lib/examples/cpp/modes/executor_with_multiple_modes) by extension 'colcon_meta'
[0.173s] Level 1:colcon.colcon_core.package_identification:_identify(src/px4-ros2-interface-lib/examples/cpp/modes/executor_with_multiple_modes) by extensions ['ros']
[0.173s] Level 1:colcon.colcon_core.package_identification:_identify(src/px4-ros2-interface-lib/examples/cpp/modes/executor_with_multiple_modes) by extension 'ros'
[0.175s] DEBUG:colcon.colcon_core.package_identification:Package 'src/px4-ros2-interface-lib/examples/cpp/modes/executor_with_multiple_modes' with type 'ros.ament_cmake' and name 'example_executor_with_multiple_modes_cpp'
[0.175s] Level 1:colcon.colcon_core.package_identification:_identify(src/px4-ros2-interface-lib/examples/cpp/modes/fw_attitude) by extensions ['ignore', 'ignore_ament_install']
[0.175s] Level 1:colcon.colcon_core.package_identification:_identify(src/px4-ros2-interface-lib/examples/cpp/modes/fw_attitude) by extension 'ignore'
[0.175s] Level 1:colcon.colcon_core.package_identification:_identify(src/px4-ros2-interface-lib/examples/cpp/modes/fw_attitude) by extension 'ignore_ament_install'
[0.176s] Level 1:colcon.colcon_core.package_identification:_identify(src/px4-ros2-interface-lib/examples/cpp/modes/fw_attitude) by extensions ['colcon_pkg']
[0.176s] Level 1:colcon.colcon_core.package_identification:_identify(src/px4-ros2-interface-lib/examples/cpp/modes/fw_attitude) by extension 'colcon_pkg'
[0.176s] Level 1:colcon.colcon_core.package_identification:_identify(src/px4-ros2-interface-lib/examples/cpp/modes/fw_attitude) by extensions ['colcon_meta']
[0.176s] Level 1:colcon.colcon_core.package_identification:_identify(src/px4-ros2-interface-lib/examples/cpp/modes/fw_attitude) by extension 'colcon_meta'
[0.176s] Level 1:colcon.colcon_core.package_identification:_identify(src/px4-ros2-interface-lib/examples/cpp/modes/fw_attitude) by extensions ['ros']
[0.176s] Level 1:colcon.colcon_core.package_identification:_identify(src/px4-ros2-interface-lib/examples/cpp/modes/fw_attitude) by extension 'ros'
[0.176s] DEBUG:colcon.colcon_core.package_identification:Package 'src/px4-ros2-interface-lib/examples/cpp/modes/fw_attitude' with type 'ros.ament_cmake' and name 'example_mode_fw_attitude_cpp'
[0.177s] Level 1:colcon.colcon_core.package_identification:_identify(src/px4-ros2-interface-lib/examples/cpp/modes/goto) by extensions ['ignore', 'ignore_ament_install']
[0.177s] Level 1:colcon.colcon_core.package_identification:_identify(src/px4-ros2-interface-lib/examples/cpp/modes/goto) by extension 'ignore'
[0.177s] Level 1:colcon.colcon_core.package_identification:_identify(src/px4-ros2-interface-lib/examples/cpp/modes/goto) by extension 'ignore_ament_install'
[0.177s] Level 1:colcon.colcon_core.package_identification:_identify(src/px4-ros2-interface-lib/examples/cpp/modes/goto) by extensions ['colcon_pkg']
[0.177s] Level 1:colcon.colcon_core.package_identification:_identify(src/px4-ros2-interface-lib/examples/cpp/modes/goto) by extension 'colcon_pkg'
[0.177s] Level 1:colcon.colcon_core.package_identification:_identify(src/px4-ros2-interface-lib/examples/cpp/modes/goto) by extensions ['colcon_meta']
[0.177s] Level 1:colcon.colcon_core.package_identification:_identify(src/px4-ros2-interface-lib/examples/cpp/modes/goto) by extension 'colcon_meta'
[0.177s] Level 1:colcon.colcon_core.package_identification:_identify(src/px4-ros2-interface-lib/examples/cpp/modes/goto) by extensions ['ros']
[0.177s] Level 1:colcon.colcon_core.package_identification:_identify(src/px4-ros2-interface-lib/examples/cpp/modes/goto) by extension 'ros'
[0.177s] DEBUG:colcon.colcon_core.package_identification:Package 'src/px4-ros2-interface-lib/examples/cpp/modes/goto' with type 'ros.ament_cmake' and name 'example_mode_goto_cpp'
[0.177s] Level 1:colcon.colcon_core.package_identification:_identify(src/px4-ros2-interface-lib/examples/cpp/modes/goto_global) by extensions ['ignore', 'ignore_ament_install']
[0.178s] Level 1:colcon.colcon_core.package_identification:_identify(src/px4-ros2-interface-lib/examples/cpp/modes/goto_global) by extension 'ignore'
[0.178s] Level 1:colcon.colcon_core.package_identification:_identify(src/px4-ros2-interface-lib/examples/cpp/modes/goto_global) by extension 'ignore_ament_install'
[0.178s] Level 1:colcon.colcon_core.package_identification:_identify(src/px4-ros2-interface-lib/examples/cpp/modes/goto_global) by extensions ['colcon_pkg']
[0.178s] Level 1:colcon.colcon_core.package_identification:_identify(src/px4-ros2-interface-lib/examples/cpp/modes/goto_global) by extension 'colcon_pkg'
[0.178s] Level 1:colcon.colcon_core.package_identification:_identify(src/px4-ros2-interface-lib/examples/cpp/modes/goto_global) by extensions ['colcon_meta']
[0.178s] Level 1:colcon.colcon_core.package_identification:_identify(src/px4-ros2-interface-lib/examples/cpp/modes/goto_global) by extension 'colcon_meta'
[0.178s] Level 1:colcon.colcon_core.package_identification:_identify(src/px4-ros2-interface-lib/examples/cpp/modes/goto_global) by extensions ['ros']
[0.178s] Level 1:colcon.colcon_core.package_identification:_identify(src/px4-ros2-interface-lib/examples/cpp/modes/goto_global) by extension 'ros'
[0.178s] DEBUG:colcon.colcon_core.package_identification:Package 'src/px4-ros2-interface-lib/examples/cpp/modes/goto_global' with type 'ros.ament_cmake' and name 'example_mode_goto_global_cpp'
[0.178s] Level 1:colcon.colcon_core.package_identification:_identify(src/px4-ros2-interface-lib/examples/cpp/modes/manual) by extensions ['ignore', 'ignore_ament_install']
[0.178s] Level 1:colcon.colcon_core.package_identification:_identify(src/px4-ros2-interface-lib/examples/cpp/modes/manual) by extension 'ignore'
[0.179s] Level 1:colcon.colcon_core.package_identification:_identify(src/px4-ros2-interface-lib/examples/cpp/modes/manual) by extension 'ignore_ament_install'
[0.179s] Level 1:colcon.colcon_core.package_identification:_identify(src/px4-ros2-interface-lib/examples/cpp/modes/manual) by extensions ['colcon_pkg']
[0.179s] Level 1:colcon.colcon_core.package_identification:_identify(src/px4-ros2-interface-lib/examples/cpp/modes/manual) by extension 'colcon_pkg'
[0.179s] Level 1:colcon.colcon_core.package_identification:_identify(src/px4-ros2-interface-lib/examples/cpp/modes/manual) by extensions ['colcon_meta']
[0.179s] Level 1:colcon.colcon_core.package_identification:_identify(src/px4-ros2-interface-lib/examples/cpp/modes/manual) by extension 'colcon_meta'
[0.179s] Level 1:colcon.colcon_core.package_identification:_identify(src/px4-ros2-interface-lib/examples/cpp/modes/manual) by extensions ['ros']
[0.179s] Level 1:colcon.colcon_core.package_identification:_identify(src/px4-ros2-interface-lib/examples/cpp/modes/manual) by extension 'ros'
[0.179s] DEBUG:colcon.colcon_core.package_identification:Package 'src/px4-ros2-interface-lib/examples/cpp/modes/manual' with type 'ros.ament_cmake' and name 'example_mode_manual_cpp'
[0.179s] Level 1:colcon.colcon_core.package_identification:_identify(src/px4-ros2-interface-lib/examples/cpp/modes/mode_with_executor) by extensions ['ignore', 'ignore_ament_install']
[0.179s] Level 1:colcon.colcon_core.package_identification:_identify(src/px4-ros2-interface-lib/examples/cpp/modes/mode_with_executor) by extension 'ignore'
[0.179s] Level 1:colcon.colcon_core.package_identification:_identify(src/px4-ros2-interface-lib/examples/cpp/modes/mode_with_executor) by extension 'ignore_ament_install'
[0.179s] Level 1:colcon.colcon_core.package_identification:_identify(src/px4-ros2-interface-lib/examples/cpp/modes/mode_with_executor) by extensions ['colcon_pkg']
[0.179s] Level 1:colcon.colcon_core.package_identification:_identify(src/px4-ros2-interface-lib/examples/cpp/modes/mode_with_executor) by extension 'colcon_pkg'
[0.179s] Level 1:colcon.colcon_core.package_identification:_identify(src/px4-ros2-interface-lib/examples/cpp/modes/mode_with_executor) by extensions ['colcon_meta']
[0.179s] Level 1:colcon.colcon_core.package_identification:_identify(src/px4-ros2-interface-lib/examples/cpp/modes/mode_with_executor) by extension 'colcon_meta'
[0.179s] Level 1:colcon.colcon_core.package_identification:_identify(src/px4-ros2-interface-lib/examples/cpp/modes/mode_with_executor) by extensions ['ros']
[0.179s] Level 1:colcon.colcon_core.package_identification:_identify(src/px4-ros2-interface-lib/examples/cpp/modes/mode_with_executor) by extension 'ros'
[0.180s] DEBUG:colcon.colcon_core.package_identification:Package 'src/px4-ros2-interface-lib/examples/cpp/modes/mode_with_executor' with type 'ros.ament_cmake' and name 'example_mode_with_executor_cpp'
[0.180s] Level 1:colcon.colcon_core.package_identification:_identify(src/px4-ros2-interface-lib/examples/cpp/modes/rtl_replacement) by extensions ['ignore', 'ignore_ament_install']
[0.180s] Level 1:colcon.colcon_core.package_identification:_identify(src/px4-ros2-interface-lib/examples/cpp/modes/rtl_replacement) by extension 'ignore'
[0.180s] Level 1:colcon.colcon_core.package_identification:_identify(src/px4-ros2-interface-lib/examples/cpp/modes/rtl_replacement) by extension 'ignore_ament_install'
[0.180s] Level 1:colcon.colcon_core.package_identification:_identify(src/px4-ros2-interface-lib/examples/cpp/modes/rtl_replacement) by extensions ['colcon_pkg']
[0.180s] Level 1:colcon.colcon_core.package_identification:_identify(src/px4-ros2-interface-lib/examples/cpp/modes/rtl_replacement) by extension 'colcon_pkg'
[0.180s] Level 1:colcon.colcon_core.package_identification:_identify(src/px4-ros2-interface-lib/examples/cpp/modes/rtl_replacement) by extensions ['colcon_meta']
[0.180s] Level 1:colcon.colcon_core.package_identification:_identify(src/px4-ros2-interface-lib/examples/cpp/modes/rtl_replacement) by extension 'colcon_meta'
[0.180s] Level 1:colcon.colcon_core.package_identification:_identify(src/px4-ros2-interface-lib/examples/cpp/modes/rtl_replacement) by extensions ['ros']
[0.180s] Level 1:colcon.colcon_core.package_identification:_identify(src/px4-ros2-interface-lib/examples/cpp/modes/rtl_replacement) by extension 'ros'
[0.181s] DEBUG:colcon.colcon_core.package_identification:Package 'src/px4-ros2-interface-lib/examples/cpp/modes/rtl_replacement' with type 'ros.ament_cmake' and name 'example_mode_rtl_replacement_cpp'
[0.181s] Level 1:colcon.colcon_core.package_identification:_identify(src/px4-ros2-interface-lib/examples/cpp/modes/vtol) by extensions ['ignore', 'ignore_ament_install']
[0.181s] Level 1:colcon.colcon_core.package_identification:_identify(src/px4-ros2-interface-lib/examples/cpp/modes/vtol) by extension 'ignore'
[0.181s] Level 1:colcon.colcon_core.package_identification:_identify(src/px4-ros2-interface-lib/examples/cpp/modes/vtol) by extension 'ignore_ament_install'
[0.181s] Level 1:colcon.colcon_core.package_identification:_identify(src/px4-ros2-interface-lib/examples/cpp/modes/vtol) by extensions ['colcon_pkg']
[0.181s] Level 1:colcon.colcon_core.package_identification:_identify(src/px4-ros2-interface-lib/examples/cpp/modes/vtol) by extension 'colcon_pkg'
[0.181s] Level 1:colcon.colcon_core.package_identification:_identify(src/px4-ros2-interface-lib/examples/cpp/modes/vtol) by extensions ['colcon_meta']
[0.181s] Level 1:colcon.colcon_core.package_identification:_identify(src/px4-ros2-interface-lib/examples/cpp/modes/vtol) by extension 'colcon_meta'
[0.181s] Level 1:colcon.colcon_core.package_identification:_identify(src/px4-ros2-interface-lib/examples/cpp/modes/vtol) by extensions ['ros']
[0.181s] Level 1:colcon.colcon_core.package_identification:_identify(src/px4-ros2-interface-lib/examples/cpp/modes/vtol) by extension 'ros'
[0.181s] DEBUG:colcon.colcon_core.package_identification:Package 'src/px4-ros2-interface-lib/examples/cpp/modes/vtol' with type 'ros.ament_cmake' and name 'example_mode_vtol_cpp'
[0.181s] Level 1:colcon.colcon_core.package_identification:_identify(src/px4-ros2-interface-lib/examples/cpp/navigation) by extensions ['ignore', 'ignore_ament_install']
[0.182s] Level 1:colcon.colcon_core.package_identification:_identify(src/px4-ros2-interface-lib/examples/cpp/navigation) by extension 'ignore'
[0.182s] Level 1:colcon.colcon_core.package_identification:_identify(src/px4-ros2-interface-lib/examples/cpp/navigation) by extension 'ignore_ament_install'
[0.182s] Level 1:colcon.colcon_core.package_identification:_identify(src/px4-ros2-interface-lib/examples/cpp/navigation) by extensions ['colcon_pkg']
[0.182s] Level 1:colcon.colcon_core.package_identification:_identify(src/px4-ros2-interface-lib/examples/cpp/navigation) by extension 'colcon_pkg'
[0.182s] Level 1:colcon.colcon_core.package_identification:_identify(src/px4-ros2-interface-lib/examples/cpp/navigation) by extensions ['colcon_meta']
[0.182s] Level 1:colcon.colcon_core.package_identification:_identify(src/px4-ros2-interface-lib/examples/cpp/navigation) by extension 'colcon_meta'
[0.182s] Level 1:colcon.colcon_core.package_identification:_identify(src/px4-ros2-interface-lib/examples/cpp/navigation) by extensions ['ros']
[0.182s] Level 1:colcon.colcon_core.package_identification:_identify(src/px4-ros2-interface-lib/examples/cpp/navigation) by extension 'ros'
[0.182s] Level 1:colcon.colcon_core.package_identification:_identify(src/px4-ros2-interface-lib/examples/cpp/navigation) by extensions ['cmake', 'python']
[0.182s] Level 1:colcon.colcon_core.package_identification:_identify(src/px4-ros2-interface-lib/examples/cpp/navigation) by extension 'cmake'
[0.182s] Level 1:colcon.colcon_core.package_identification:_identify(src/px4-ros2-interface-lib/examples/cpp/navigation) by extension 'python'
[0.182s] Level 1:colcon.colcon_core.package_identification:_identify(src/px4-ros2-interface-lib/examples/cpp/navigation) by extensions ['python_setup_py']
[0.182s] Level 1:colcon.colcon_core.package_identification:_identify(src/px4-ros2-interface-lib/examples/cpp/navigation) by extension 'python_setup_py'
[0.182s] Level 1:colcon.colcon_core.package_identification:_identify(src/px4-ros2-interface-lib/examples/cpp/navigation/global_navigation) by extensions ['ignore', 'ignore_ament_install']
[0.182s] Level 1:colcon.colcon_core.package_identification:_identify(src/px4-ros2-interface-lib/examples/cpp/navigation/global_navigation) by extension 'ignore'
[0.182s] Level 1:colcon.colcon_core.package_identification:_identify(src/px4-ros2-interface-lib/examples/cpp/navigation/global_navigation) by extension 'ignore_ament_install'
[0.182s] Level 1:colcon.colcon_core.package_identification:_identify(src/px4-ros2-interface-lib/examples/cpp/navigation/global_navigation) by extensions ['colcon_pkg']
[0.182s] Level 1:colcon.colcon_core.package_identification:_identify(src/px4-ros2-interface-lib/examples/cpp/navigation/global_navigation) by extension 'colcon_pkg'
[0.182s] Level 1:colcon.colcon_core.package_identification:_identify(src/px4-ros2-interface-lib/examples/cpp/navigation/global_navigation) by extensions ['colcon_meta']
[0.182s] Level 1:colcon.colcon_core.package_identification:_identify(src/px4-ros2-interface-lib/examples/cpp/navigation/global_navigation) by extension 'colcon_meta'
[0.182s] Level 1:colcon.colcon_core.package_identification:_identify(src/px4-ros2-interface-lib/examples/cpp/navigation/global_navigation) by extensions ['ros']
[0.182s] Level 1:colcon.colcon_core.package_identification:_identify(src/px4-ros2-interface-lib/examples/cpp/navigation/global_navigation) by extension 'ros'
[0.183s] DEBUG:colcon.colcon_core.package_identification:Package 'src/px4-ros2-interface-lib/examples/cpp/navigation/global_navigation' with type 'ros.ament_cmake' and name 'example_global_navigation_cpp'
[0.183s] Level 1:colcon.colcon_core.package_identification:_identify(src/px4-ros2-interface-lib/examples/cpp/navigation/local_navigation) by extensions ['ignore', 'ignore_ament_install']
[0.183s] Level 1:colcon.colcon_core.package_identification:_identify(src/px4-ros2-interface-lib/examples/cpp/navigation/local_navigation) by extension 'ignore'
[0.183s] Level 1:colcon.colcon_core.package_identification:_identify(src/px4-ros2-interface-lib/examples/cpp/navigation/local_navigation) by extension 'ignore_ament_install'
[0.183s] Level 1:colcon.colcon_core.package_identification:_identify(src/px4-ros2-interface-lib/examples/cpp/navigation/local_navigation) by extensions ['colcon_pkg']
[0.183s] Level 1:colcon.colcon_core.package_identification:_identify(src/px4-ros2-interface-lib/examples/cpp/navigation/local_navigation) by extension 'colcon_pkg'
[0.183s] Level 1:colcon.colcon_core.package_identification:_identify(src/px4-ros2-interface-lib/examples/cpp/navigation/local_navigation) by extensions ['colcon_meta']
[0.183s] Level 1:colcon.colcon_core.package_identification:_identify(src/px4-ros2-interface-lib/examples/cpp/navigation/local_navigation) by extension 'colcon_meta'
[0.183s] Level 1:colcon.colcon_core.package_identification:_identify(src/px4-ros2-interface-lib/examples/cpp/navigation/local_navigation) by extensions ['ros']
[0.183s] Level 1:colcon.colcon_core.package_identification:_identify(src/px4-ros2-interface-lib/examples/cpp/navigation/local_navigation) by extension 'ros'
[0.183s] DEBUG:colcon.colcon_core.package_identification:Package 'src/px4-ros2-interface-lib/examples/cpp/navigation/local_navigation' with type 'ros.ament_cmake' and name 'example_local_navigation_cpp'
[0.184s] Level 1:colcon.colcon_core.package_identification:_identify(src/px4-ros2-interface-lib/px4_ros2_cpp) by extensions ['ignore', 'ignore_ament_install']
[0.184s] Level 1:colcon.colcon_core.package_identification:_identify(src/px4-ros2-interface-lib/px4_ros2_cpp) by extension 'ignore'
[0.184s] Level 1:colcon.colcon_core.package_identification:_identify(src/px4-ros2-interface-lib/px4_ros2_cpp) by extension 'ignore_ament_install'
[0.184s] Level 1:colcon.colcon_core.package_identification:_identify(src/px4-ros2-interface-lib/px4_ros2_cpp) by extensions ['colcon_pkg']
[0.184s] Level 1:colcon.colcon_core.package_identification:_identify(src/px4-ros2-interface-lib/px4_ros2_cpp) by extension 'colcon_pkg'
[0.184s] Level 1:colcon.colcon_core.package_identification:_identify(src/px4-ros2-interface-lib/px4_ros2_cpp) by extensions ['colcon_meta']
[0.184s] Level 1:colcon.colcon_core.package_identification:_identify(src/px4-ros2-interface-lib/px4_ros2_cpp) by extension 'colcon_meta'
[0.184s] Level 1:colcon.colcon_core.package_identification:_identify(src/px4-ros2-interface-lib/px4_ros2_cpp) by extensions ['ros']
[0.184s] Level 1:colcon.colcon_core.package_identification:_identify(src/px4-ros2-interface-lib/px4_ros2_cpp) by extension 'ros'
[0.184s] DEBUG:colcon.colcon_core.package_identification:Package 'src/px4-ros2-interface-lib/px4_ros2_cpp' with type 'ros.ament_cmake' and name 'px4_ros2_cpp'
[0.184s] Level 1:colcon.colcon_core.package_identification:_identify(src/px4-ros2-interface-lib/scripts) by extensions ['ignore', 'ignore_ament_install']
[0.184s] Level 1:colcon.colcon_core.package_identification:_identify(src/px4-ros2-interface-lib/scripts) by extension 'ignore'
[0.184s] Level 1:colcon.colcon_core.package_identification:_identify(src/px4-ros2-interface-lib/scripts) by extension 'ignore_ament_install'
[0.184s] Level 1:colcon.colcon_core.package_identification:_identify(src/px4-ros2-interface-lib/scripts) by extensions ['colcon_pkg']
[0.184s] Level 1:colcon.colcon_core.package_identification:_identify(src/px4-ros2-interface-lib/scripts) by extension 'colcon_pkg'
[0.184s] Level 1:colcon.colcon_core.package_identification:_identify(src/px4-ros2-interface-lib/scripts) by extensions ['colcon_meta']
[0.184s] Level 1:colcon.colcon_core.package_identification:_identify(src/px4-ros2-interface-lib/scripts) by extension 'colcon_meta'
[0.184s] Level 1:colcon.colcon_core.package_identification:_identify(src/px4-ros2-interface-lib/scripts) by extensions ['ros']
[0.184s] Level 1:colcon.colcon_core.package_identification:_identify(src/px4-ros2-interface-lib/scripts) by extension 'ros'
[0.184s] Level 1:colcon.colcon_core.package_identification:_identify(src/px4-ros2-interface-lib/scripts) by extensions ['cmake', 'python']
[0.184s] Level 1:colcon.colcon_core.package_identification:_identify(src/px4-ros2-interface-lib/scripts) by extension 'cmake'
[0.184s] Level 1:colcon.colcon_core.package_identification:_identify(src/px4-ros2-interface-lib/scripts) by extension 'python'
[0.184s] Level 1:colcon.colcon_core.package_identification:_identify(src/px4-ros2-interface-lib/scripts) by extensions ['python_setup_py']
[0.184s] Level 1:colcon.colcon_core.package_identification:_identify(src/px4-ros2-interface-lib/scripts) by extension 'python_setup_py'
[0.185s] Level 1:colcon.colcon_core.package_identification:_identify(src/px4_msgs) by extensions ['ignore', 'ignore_ament_install']
[0.185s] Level 1:colcon.colcon_core.package_identification:_identify(src/px4_msgs) by extension 'ignore'
[0.185s] Level 1:colcon.colcon_core.package_identification:_identify(src/px4_msgs) by extension 'ignore_ament_install'
[0.185s] Level 1:colcon.colcon_core.package_identification:_identify(src/px4_msgs) by extensions ['colcon_pkg']
[0.185s] Level 1:colcon.colcon_core.package_identification:_identify(src/px4_msgs) by extension 'colcon_pkg'
[0.185s] Level 1:colcon.colcon_core.package_identification:_identify(src/px4_msgs) by extensions ['colcon_meta']
[0.185s] Level 1:colcon.colcon_core.package_identification:_identify(src/px4_msgs) by extension 'colcon_meta'
[0.185s] Level 1:colcon.colcon_core.package_identification:_identify(src/px4_msgs) by extensions ['ros']
[0.185s] Level 1:colcon.colcon_core.package_identification:_identify(src/px4_msgs) by extension 'ros'
[0.185s] DEBUG:colcon.colcon_core.package_identification:Package 'src/px4_msgs' with type 'ros.ament_cmake' and name 'px4_msgs'
[0.185s] Level 1:colcon.colcon_core.package_identification:_identify(src/px4_ros_com) by extensions ['ignore', 'ignore_ament_install']
[0.185s] Level 1:colcon.colcon_core.package_identification:_identify(src/px4_ros_com) by extension 'ignore'
[0.185s] Level 1:colcon.colcon_core.package_identification:_identify(src/px4_ros_com) by extension 'ignore_ament_install'
[0.185s] Level 1:colcon.colcon_core.package_identification:_identify(src/px4_ros_com) by extensions ['colcon_pkg']
[0.185s] Level 1:colcon.colcon_core.package_identification:_identify(src/px4_ros_com) by extension 'colcon_pkg'
[0.185s] Level 1:colcon.colcon_core.package_identification:_identify(src/px4_ros_com) by extensions ['colcon_meta']
[0.185s] Level 1:colcon.colcon_core.package_identification:_identify(src/px4_ros_com) by extension 'colcon_meta'
[0.185s] Level 1:colcon.colcon_core.package_identification:_identify(src/px4_ros_com) by extensions ['ros']
[0.185s] Level 1:colcon.colcon_core.package_identification:_identify(src/px4_ros_com) by extension 'ros'
[0.186s] DEBUG:colcon.colcon_core.package_identification:Package 'src/px4_ros_com' with type 'ros.ament_cmake' and name 'px4_ros_com'
[0.186s] Level 1:colcon.colcon_core.package_discovery:discover_packages(recursive) using defaults
[0.186s] Level 1:colcon.colcon_core.package_discovery:discover_packages(ignore) discover
[0.186s] Level 1:colcon.colcon_core.package_discovery:discover_packages(ignore) using defaults
[0.186s] Level 1:colcon.colcon_core.package_discovery:discover_packages(path) discover
[0.186s] Level 1:colcon.colcon_core.package_discovery:discover_packages(path) using defaults
[0.203s] Level 1:colcon.colcon_core.package_discovery:discover_packages(prefix_path) check parameters
[0.203s] Level 1:colcon.colcon_core.package_discovery:discover_packages(prefix_path) discover
[0.204s] DEBUG:colcon.colcon_installed_package_information.package_discovery:Found 13 installed packages in /root/ws_sensor_combined/install
[0.205s] DEBUG:colcon.colcon_installed_package_information.package_discovery:Found 271 installed packages in /opt/ros/humble
[0.206s] Level 1:colcon.colcon_core.package_discovery:discover_packages(prefix_path) using defaults
[0.230s] Level 5:colcon.colcon_core.verb:set package 'px4_msgs' build argument 'cmake_args' from command line to 'None'
[0.230s] Level 5:colcon.colcon_core.verb:set package 'px4_msgs' build argument 'cmake_target' from command line to 'None'
[0.230s] Level 5:colcon.colcon_core.verb:set package 'px4_msgs' build argument 'cmake_target_skip_unavailable' from command line to 'False'
[0.230s] Level 5:colcon.colcon_core.verb:set package 'px4_msgs' build argument 'cmake_clean_cache' from command line to 'False'
[0.230s] Level 5:colcon.colcon_core.verb:set package 'px4_msgs' build argument 'cmake_clean_first' from command line to 'False'
[0.231s] Level 5:colcon.colcon_core.verb:set package 'px4_msgs' build argument 'cmake_force_configure' from command line to 'False'
[0.231s] Level 5:colcon.colcon_core.verb:set package 'px4_msgs' build argument 'ament_cmake_args' from command line to 'None'
[0.231s] Level 5:colcon.colcon_core.verb:set package 'px4_msgs' build argument 'catkin_cmake_args' from command line to 'None'
[0.231s] Level 5:colcon.colcon_core.verb:set package 'px4_msgs' build argument 'catkin_skip_building_tests' from command line to 'False'
[0.231s] DEBUG:colcon.colcon_core.verb:Building package 'px4_msgs' with the following arguments: {'ament_cmake_args': None, 'build_base': '/root/ws_sensor_combined/build/px4_msgs', 'catkin_cmake_args': None, 'catkin_skip_building_tests': False, 'cmake_args': None, 'cmake_clean_cache': False, 'cmake_clean_first': False, 'cmake_force_configure': False, 'cmake_target': None, 'cmake_target_skip_unavailable': False, 'install_base': '/root/ws_sensor_combined/install/px4_msgs', 'merge_install': False, 'path': '/root/ws_sensor_combined/src/px4_msgs', 'symlink_install': False, 'test_result_base': None}
[0.231s] Level 5:colcon.colcon_core.verb:set package 'px4_ros2_cpp' build argument 'cmake_args' from command line to 'None'
[0.231s] Level 5:colcon.colcon_core.verb:set package 'px4_ros2_cpp' build argument 'cmake_target' from command line to 'None'
[0.231s] Level 5:colcon.colcon_core.verb:set package 'px4_ros2_cpp' build argument 'cmake_target_skip_unavailable' from command line to 'False'
[0.231s] Level 5:colcon.colcon_core.verb:set package 'px4_ros2_cpp' build argument 'cmake_clean_cache' from command line to 'False'
[0.231s] Level 5:colcon.colcon_core.verb:set package 'px4_ros2_cpp' build argument 'cmake_clean_first' from command line to 'False'
[0.231s] Level 5:colcon.colcon_core.verb:set package 'px4_ros2_cpp' build argument 'cmake_force_configure' from command line to 'False'
[0.231s] Level 5:colcon.colcon_core.verb:set package 'px4_ros2_cpp' build argument 'ament_cmake_args' from command line to 'None'
[0.231s] Level 5:colcon.colcon_core.verb:set package 'px4_ros2_cpp' build argument 'catkin_cmake_args' from command line to 'None'
[0.231s] Level 5:colcon.colcon_core.verb:set package 'px4_ros2_cpp' build argument 'catkin_skip_building_tests' from command line to 'False'
[0.231s] DEBUG:colcon.colcon_core.verb:Building package 'px4_ros2_cpp' with the following arguments: {'ament_cmake_args': None, 'build_base': '/root/ws_sensor_combined/build/px4_ros2_cpp', 'catkin_cmake_args': None, 'catkin_skip_building_tests': False, 'cmake_args': None, 'cmake_clean_cache': False, 'cmake_clean_first': False, 'cmake_force_configure': False, 'cmake_target': None, 'cmake_target_skip_unavailable': False, 'install_base': '/root/ws_sensor_combined/install/px4_ros2_cpp', 'merge_install': False, 'path': '/root/ws_sensor_combined/src/px4-ros2-interface-lib/px4_ros2_cpp', 'symlink_install': False, 'test_result_base': None}
[0.231s] Level 5:colcon.colcon_core.verb:set package 'px4_ros_com' build argument 'cmake_args' from command line to 'None'
[0.231s] Level 5:colcon.colcon_core.verb:set package 'px4_ros_com' build argument 'cmake_target' from command line to 'None'
[0.231s] Level 5:colcon.colcon_core.verb:set package 'px4_ros_com' build argument 'cmake_target_skip_unavailable' from command line to 'False'
[0.231s] Level 5:colcon.colcon_core.verb:set package 'px4_ros_com' build argument 'cmake_clean_cache' from command line to 'False'
[0.231s] Level 5:colcon.colcon_core.verb:set package 'px4_ros_com' build argument 'cmake_clean_first' from command line to 'False'
[0.231s] Level 5:colcon.colcon_core.verb:set package 'px4_ros_com' build argument 'cmake_force_configure' from command line to 'False'
[0.231s] Level 5:colcon.colcon_core.verb:set package 'px4_ros_com' build argument 'ament_cmake_args' from command line to 'None'
[0.231s] Level 5:colcon.colcon_core.verb:set package 'px4_ros_com' build argument 'catkin_cmake_args' from command line to 'None'
[0.231s] Level 5:colcon.colcon_core.verb:set package 'px4_ros_com' build argument 'catkin_skip_building_tests' from command line to 'False'
[0.232s] DEBUG:colcon.colcon_core.verb:Building package 'px4_ros_com' with the following arguments: {'ament_cmake_args': None, 'build_base': '/root/ws_sensor_combined/build/px4_ros_com', 'catkin_cmake_args': None, 'catkin_skip_building_tests': False, 'cmake_args': None, 'cmake_clean_cache': False, 'cmake_clean_first': False, 'cmake_force_configure': False, 'cmake_target': None, 'cmake_target_skip_unavailable': False, 'install_base': '/root/ws_sensor_combined/install/px4_ros_com', 'merge_install': False, 'path': '/root/ws_sensor_combined/src/px4_ros_com', 'symlink_install': False, 'test_result_base': None}
[0.232s] Level 5:colcon.colcon_core.verb:set package 'example_executor_with_multiple_modes_cpp' build argument 'cmake_args' from command line to 'None'
[0.232s] Level 5:colcon.colcon_core.verb:set package 'example_executor_with_multiple_modes_cpp' build argument 'cmake_target' from command line to 'None'
[0.232s] Level 5:colcon.colcon_core.verb:set package 'example_executor_with_multiple_modes_cpp' build argument 'cmake_target_skip_unavailable' from command line to 'False'
[0.232s] Level 5:colcon.colcon_core.verb:set package 'example_executor_with_multiple_modes_cpp' build argument 'cmake_clean_cache' from command line to 'False'
[0.232s] Level 5:colcon.colcon_core.verb:set package 'example_executor_with_multiple_modes_cpp' build argument 'cmake_clean_first' from command line to 'False'
[0.232s] Level 5:colcon.colcon_core.verb:set package 'example_executor_with_multiple_modes_cpp' build argument 'cmake_force_configure' from command line to 'False'
[0.232s] Level 5:colcon.colcon_core.verb:set package 'example_executor_with_multiple_modes_cpp' build argument 'ament_cmake_args' from command line to 'None'
[0.232s] Level 5:colcon.colcon_core.verb:set package 'example_executor_with_multiple_modes_cpp' build argument 'catkin_cmake_args' from command line to 'None'
[0.232s] Level 5:colcon.colcon_core.verb:set package 'example_executor_with_multiple_modes_cpp' build argument 'catkin_skip_building_tests' from command line to 'False'
[0.232s] DEBUG:colcon.colcon_core.verb:Building package 'example_executor_with_multiple_modes_cpp' with the following arguments: {'ament_cmake_args': None, 'build_base': '/root/ws_sensor_combined/build/example_executor_with_multiple_modes_cpp', 'catkin_cmake_args': None, 'catkin_skip_building_tests': False, 'cmake_args': None, 'cmake_clean_cache': False, 'cmake_clean_first': False, 'cmake_force_configure': False, 'cmake_target': None, 'cmake_target_skip_unavailable': False, 'install_base': '/root/ws_sensor_combined/install/example_executor_with_multiple_modes_cpp', 'merge_install': False, 'path': '/root/ws_sensor_combined/src/px4-ros2-interface-lib/examples/cpp/modes/executor_with_multiple_modes', 'symlink_install': False, 'test_result_base': None}
[0.232s] Level 5:colcon.colcon_core.verb:set package 'example_global_navigation_cpp' build argument 'cmake_args' from command line to 'None'
[0.232s] Level 5:colcon.colcon_core.verb:set package 'example_global_navigation_cpp' build argument 'cmake_target' from command line to 'None'
[0.232s] Level 5:colcon.colcon_core.verb:set package 'example_global_navigation_cpp' build argument 'cmake_target_skip_unavailable' from command line to 'False'
[0.232s] Level 5:colcon.colcon_core.verb:set package 'example_global_navigation_cpp' build argument 'cmake_clean_cache' from command line to 'False'
[0.232s] Level 5:colcon.colcon_core.verb:set package 'example_global_navigation_cpp' build argument 'cmake_clean_first' from command line to 'False'
[0.232s] Level 5:colcon.colcon_core.verb:set package 'example_global_navigation_cpp' build argument 'cmake_force_configure' from command line to 'False'
[0.232s] Level 5:colcon.colcon_core.verb:set package 'example_global_navigation_cpp' build argument 'ament_cmake_args' from command line to 'None'
[0.232s] Level 5:colcon.colcon_core.verb:set package 'example_global_navigation_cpp' build argument 'catkin_cmake_args' from command line to 'None'
[0.232s] Level 5:colcon.colcon_core.verb:set package 'example_global_navigation_cpp' build argument 'catkin_skip_building_tests' from command line to 'False'
[0.232s] DEBUG:colcon.colcon_core.verb:Building package 'example_global_navigation_cpp' with the following arguments: {'ament_cmake_args': None, 'build_base': '/root/ws_sensor_combined/build/example_global_navigation_cpp', 'catkin_cmake_args': None, 'catkin_skip_building_tests': False, 'cmake_args': None, 'cmake_clean_cache': False, 'cmake_clean_first': False, 'cmake_force_configure': False, 'cmake_target': None, 'cmake_target_skip_unavailable': False, 'install_base': '/root/ws_sensor_combined/install/example_global_navigation_cpp', 'merge_install': False, 'path': '/root/ws_sensor_combined/src/px4-ros2-interface-lib/examples/cpp/navigation/global_navigation', 'symlink_install': False, 'test_result_base': None}
[0.232s] Level 5:colcon.colcon_core.verb:set package 'example_local_navigation_cpp' build argument 'cmake_args' from command line to 'None'
[0.232s] Level 5:colcon.colcon_core.verb:set package 'example_local_navigation_cpp' build argument 'cmake_target' from command line to 'None'
[0.232s] Level 5:colcon.colcon_core.verb:set package 'example_local_navigation_cpp' build argument 'cmake_target_skip_unavailable' from command line to 'False'
[0.232s] Level 5:colcon.colcon_core.verb:set package 'example_local_navigation_cpp' build argument 'cmake_clean_cache' from command line to 'False'
[0.232s] Level 5:colcon.colcon_core.verb:set package 'example_local_navigation_cpp' build argument 'cmake_clean_first' from command line to 'False'
[0.232s] Level 5:colcon.colcon_core.verb:set package 'example_local_navigation_cpp' build argument 'cmake_force_configure' from command line to 'False'
[0.232s] Level 5:colcon.colcon_core.verb:set package 'example_local_navigation_cpp' build argument 'ament_cmake_args' from command line to 'None'
[0.232s] Level 5:colcon.colcon_core.verb:set package 'example_local_navigation_cpp' build argument 'catkin_cmake_args' from command line to 'None'
[0.232s] Level 5:colcon.colcon_core.verb:set package 'example_local_navigation_cpp' build argument 'catkin_skip_building_tests' from command line to 'False'
[0.232s] DEBUG:colcon.colcon_core.verb:Building package 'example_local_navigation_cpp' with the following arguments: {'ament_cmake_args': None, 'build_base': '/root/ws_sensor_combined/build/example_local_navigation_cpp', 'catkin_cmake_args': None, 'catkin_skip_building_tests': False, 'cmake_args': None, 'cmake_clean_cache': False, 'cmake_clean_first': False, 'cmake_force_configure': False, 'cmake_target': None, 'cmake_target_skip_unavailable': False, 'install_base': '/root/ws_sensor_combined/install/example_local_navigation_cpp', 'merge_install': False, 'path': '/root/ws_sensor_combined/src/px4-ros2-interface-lib/examples/cpp/navigation/local_navigation', 'symlink_install': False, 'test_result_base': None}
[0.233s] Level 5:colcon.colcon_core.verb:set package 'example_mode_fw_attitude_cpp' build argument 'cmake_args' from command line to 'None'
[0.233s] Level 5:colcon.colcon_core.verb:set package 'example_mode_fw_attitude_cpp' build argument 'cmake_target' from command line to 'None'
[0.233s] Level 5:colcon.colcon_core.verb:set package 'example_mode_fw_attitude_cpp' build argument 'cmake_target_skip_unavailable' from command line to 'False'
[0.233s] Level 5:colcon.colcon_core.verb:set package 'example_mode_fw_attitude_cpp' build argument 'cmake_clean_cache' from command line to 'False'
[0.233s] Level 5:colcon.colcon_core.verb:set package 'example_mode_fw_attitude_cpp' build argument 'cmake_clean_first' from command line to 'False'
[0.233s] Level 5:colcon.colcon_core.verb:set package 'example_mode_fw_attitude_cpp' build argument 'cmake_force_configure' from command line to 'False'
[0.233s] Level 5:colcon.colcon_core.verb:set package 'example_mode_fw_attitude_cpp' build argument 'ament_cmake_args' from command line to 'None'
[0.233s] Level 5:colcon.colcon_core.verb:set package 'example_mode_fw_attitude_cpp' build argument 'catkin_cmake_args' from command line to 'None'
[0.233s] Level 5:colcon.colcon_core.verb:set package 'example_mode_fw_attitude_cpp' build argument 'catkin_skip_building_tests' from command line to 'False'
[0.233s] DEBUG:colcon.colcon_core.verb:Building package 'example_mode_fw_attitude_cpp' with the following arguments: {'ament_cmake_args': None, 'build_base': '/root/ws_sensor_combined/build/example_mode_fw_attitude_cpp', 'catkin_cmake_args': None, 'catkin_skip_building_tests': False, 'cmake_args': None, 'cmake_clean_cache': False, 'cmake_clean_first': False, 'cmake_force_configure': False, 'cmake_target': None, 'cmake_target_skip_unavailable': False, 'install_base': '/root/ws_sensor_combined/install/example_mode_fw_attitude_cpp', 'merge_install': False, 'path': '/root/ws_sensor_combined/src/px4-ros2-interface-lib/examples/cpp/modes/fw_attitude', 'symlink_install': False, 'test_result_base': None}
[0.233s] Level 5:colcon.colcon_core.verb:set package 'example_mode_goto_cpp' build argument 'cmake_args' from command line to 'None'
[0.233s] Level 5:colcon.colcon_core.verb:set package 'example_mode_goto_cpp' build argument 'cmake_target' from command line to 'None'
[0.233s] Level 5:colcon.colcon_core.verb:set package 'example_mode_goto_cpp' build argument 'cmake_target_skip_unavailable' from command line to 'False'
[0.233s] Level 5:colcon.colcon_core.verb:set package 'example_mode_goto_cpp' build argument 'cmake_clean_cache' from command line to 'False'
[0.233s] Level 5:colcon.colcon_core.verb:set package 'example_mode_goto_cpp' build argument 'cmake_clean_first' from command line to 'False'
[0.233s] Level 5:colcon.colcon_core.verb:set package 'example_mode_goto_cpp' build argument 'cmake_force_configure' from command line to 'False'
[0.233s] Level 5:colcon.colcon_core.verb:set package 'example_mode_goto_cpp' build argument 'ament_cmake_args' from command line to 'None'
[0.233s] Level 5:colcon.colcon_core.verb:set package 'example_mode_goto_cpp' build argument 'catkin_cmake_args' from command line to 'None'
[0.233s] Level 5:colcon.colcon_core.verb:set package 'example_mode_goto_cpp' build argument 'catkin_skip_building_tests' from command line to 'False'
[0.233s] DEBUG:colcon.colcon_core.verb:Building package 'example_mode_goto_cpp' with the following arguments: {'ament_cmake_args': None, 'build_base': '/root/ws_sensor_combined/build/example_mode_goto_cpp', 'catkin_cmake_args': None, 'catkin_skip_building_tests': False, 'cmake_args': None, 'cmake_clean_cache': False, 'cmake_clean_first': False, 'cmake_force_configure': False, 'cmake_target': None, 'cmake_target_skip_unavailable': False, 'install_base': '/root/ws_sensor_combined/install/example_mode_goto_cpp', 'merge_install': False, 'path': '/root/ws_sensor_combined/src/px4-ros2-interface-lib/examples/cpp/modes/goto', 'symlink_install': False, 'test_result_base': None}
[0.234s] Level 5:colcon.colcon_core.verb:set package 'example_mode_goto_global_cpp' build argument 'cmake_args' from command line to 'None'
[0.234s] Level 5:colcon.colcon_core.verb:set package 'example_mode_goto_global_cpp' build argument 'cmake_target' from command line to 'None'
[0.234s] Level 5:colcon.colcon_core.verb:set package 'example_mode_goto_global_cpp' build argument 'cmake_target_skip_unavailable' from command line to 'False'
[0.234s] Level 5:colcon.colcon_core.verb:set package 'example_mode_goto_global_cpp' build argument 'cmake_clean_cache' from command line to 'False'
[0.234s] Level 5:colcon.colcon_core.verb:set package 'example_mode_goto_global_cpp' build argument 'cmake_clean_first' from command line to 'False'
[0.234s] Level 5:colcon.colcon_core.verb:set package 'example_mode_goto_global_cpp' build argument 'cmake_force_configure' from command line to 'False'
[0.234s] Level 5:colcon.colcon_core.verb:set package 'example_mode_goto_global_cpp' build argument 'ament_cmake_args' from command line to 'None'
[0.234s] Level 5:colcon.colcon_core.verb:set package 'example_mode_goto_global_cpp' build argument 'catkin_cmake_args' from command line to 'None'
[0.234s] Level 5:colcon.colcon_core.verb:set package 'example_mode_goto_global_cpp' build argument 'catkin_skip_building_tests' from command line to 'False'
[0.234s] DEBUG:colcon.colcon_core.verb:Building package 'example_mode_goto_global_cpp' with the following arguments: {'ament_cmake_args': None, 'build_base': '/root/ws_sensor_combined/build/example_mode_goto_global_cpp', 'catkin_cmake_args': None, 'catkin_skip_building_tests': False, 'cmake_args': None, 'cmake_clean_cache': False, 'cmake_clean_first': False, 'cmake_force_configure': False, 'cmake_target': None, 'cmake_target_skip_unavailable': False, 'install_base': '/root/ws_sensor_combined/install/example_mode_goto_global_cpp', 'merge_install': False, 'path': '/root/ws_sensor_combined/src/px4-ros2-interface-lib/examples/cpp/modes/goto_global', 'symlink_install': False, 'test_result_base': None}
[0.234s] Level 5:colcon.colcon_core.verb:set package 'example_mode_manual_cpp' build argument 'cmake_args' from command line to 'None'
[0.234s] Level 5:colcon.colcon_core.verb:set package 'example_mode_manual_cpp' build argument 'cmake_target' from command line to 'None'
[0.234s] Level 5:colcon.colcon_core.verb:set package 'example_mode_manual_cpp' build argument 'cmake_target_skip_unavailable' from command line to 'False'
[0.234s] Level 5:colcon.colcon_core.verb:set package 'example_mode_manual_cpp' build argument 'cmake_clean_cache' from command line to 'False'
[0.234s] Level 5:colcon.colcon_core.verb:set package 'example_mode_manual_cpp' build argument 'cmake_clean_first' from command line to 'False'
[0.234s] Level 5:colcon.colcon_core.verb:set package 'example_mode_manual_cpp' build argument 'cmake_force_configure' from command line to 'False'
[0.234s] Level 5:colcon.colcon_core.verb:set package 'example_mode_manual_cpp' build argument 'ament_cmake_args' from command line to 'None'
[0.234s] Level 5:colcon.colcon_core.verb:set package 'example_mode_manual_cpp' build argument 'catkin_cmake_args' from command line to 'None'
[0.234s] Level 5:colcon.colcon_core.verb:set package 'example_mode_manual_cpp' build argument 'catkin_skip_building_tests' from command line to 'False'
[0.234s] DEBUG:colcon.colcon_core.verb:Building package 'example_mode_manual_cpp' with the following arguments: {'ament_cmake_args': None, 'build_base': '/root/ws_sensor_combined/build/example_mode_manual_cpp', 'catkin_cmake_args': None, 'catkin_skip_building_tests': False, 'cmake_args': None, 'cmake_clean_cache': False, 'cmake_clean_first': False, 'cmake_force_configure': False, 'cmake_target': None, 'cmake_target_skip_unavailable': False, 'install_base': '/root/ws_sensor_combined/install/example_mode_manual_cpp', 'merge_install': False, 'path': '/root/ws_sensor_combined/src/px4-ros2-interface-lib/examples/cpp/modes/manual', 'symlink_install': False, 'test_result_base': None}
[0.234s] Level 5:colcon.colcon_core.verb:set package 'example_mode_rtl_replacement_cpp' build argument 'cmake_args' from command line to 'None'
[0.234s] Level 5:colcon.colcon_core.verb:set package 'example_mode_rtl_replacement_cpp' build argument 'cmake_target' from command line to 'None'
[0.234s] Level 5:colcon.colcon_core.verb:set package 'example_mode_rtl_replacement_cpp' build argument 'cmake_target_skip_unavailable' from command line to 'False'
[0.234s] Level 5:colcon.colcon_core.verb:set package 'example_mode_rtl_replacement_cpp' build argument 'cmake_clean_cache' from command line to 'False'
[0.234s] Level 5:colcon.colcon_core.verb:set package 'example_mode_rtl_replacement_cpp' build argument 'cmake_clean_first' from command line to 'False'
[0.234s] Level 5:colcon.colcon_core.verb:set package 'example_mode_rtl_replacement_cpp' build argument 'cmake_force_configure' from command line to 'False'
[0.234s] Level 5:colcon.colcon_core.verb:set package 'example_mode_rtl_replacement_cpp' build argument 'ament_cmake_args' from command line to 'None'
[0.234s] Level 5:colcon.colcon_core.verb:set package 'example_mode_rtl_replacement_cpp' build argument 'catkin_cmake_args' from command line to 'None'
[0.234s] Level 5:colcon.colcon_core.verb:set package 'example_mode_rtl_replacement_cpp' build argument 'catkin_skip_building_tests' from command line to 'False'
[0.234s] DEBUG:colcon.colcon_core.verb:Building package 'example_mode_rtl_replacement_cpp' with the following arguments: {'ament_cmake_args': None, 'build_base': '/root/ws_sensor_combined/build/example_mode_rtl_replacement_cpp', 'catkin_cmake_args': None, 'catkin_skip_building_tests': False, 'cmake_args': None, 'cmake_clean_cache': False, 'cmake_clean_first': False, 'cmake_force_configure': False, 'cmake_target': None, 'cmake_target_skip_unavailable': False, 'install_base': '/root/ws_sensor_combined/install/example_mode_rtl_replacement_cpp', 'merge_install': False, 'path': '/root/ws_sensor_combined/src/px4-ros2-interface-lib/examples/cpp/modes/rtl_replacement', 'symlink_install': False, 'test_result_base': None}
[0.234s] Level 5:colcon.colcon_core.verb:set package 'example_mode_vtol_cpp' build argument 'cmake_args' from command line to 'None'
[0.234s] Level 5:colcon.colcon_core.verb:set package 'example_mode_vtol_cpp' build argument 'cmake_target' from command line to 'None'
[0.234s] Level 5:colcon.colcon_core.verb:set package 'example_mode_vtol_cpp' build argument 'cmake_target_skip_unavailable' from command line to 'False'
[0.234s] Level 5:colcon.colcon_core.verb:set package 'example_mode_vtol_cpp' build argument 'cmake_clean_cache' from command line to 'False'
[0.235s] Level 5:colcon.colcon_core.verb:set package 'example_mode_vtol_cpp' build argument 'cmake_clean_first' from command line to 'False'
[0.235s] Level 5:colcon.colcon_core.verb:set package 'example_mode_vtol_cpp' build argument 'cmake_force_configure' from command line to 'False'
[0.235s] Level 5:colcon.colcon_core.verb:set package 'example_mode_vtol_cpp' build argument 'ament_cmake_args' from command line to 'None'
[0.235s] Level 5:colcon.colcon_core.verb:set package 'example_mode_vtol_cpp' build argument 'catkin_cmake_args' from command line to 'None'
[0.235s] Level 5:colcon.colcon_core.verb:set package 'example_mode_vtol_cpp' build argument 'catkin_skip_building_tests' from command line to 'False'
[0.235s] DEBUG:colcon.colcon_core.verb:Building package 'example_mode_vtol_cpp' with the following arguments: {'ament_cmake_args': None, 'build_base': '/root/ws_sensor_combined/build/example_mode_vtol_cpp', 'catkin_cmake_args': None, 'catkin_skip_building_tests': False, 'cmake_args': None, 'cmake_clean_cache': False, 'cmake_clean_first': False, 'cmake_force_configure': False, 'cmake_target': None, 'cmake_target_skip_unavailable': False, 'install_base': '/root/ws_sensor_combined/install/example_mode_vtol_cpp', 'merge_install': False, 'path': '/root/ws_sensor_combined/src/px4-ros2-interface-lib/examples/cpp/modes/vtol', 'symlink_install': False, 'test_result_base': None}
[0.235s] Level 5:colcon.colcon_core.verb:set package 'example_mode_with_executor_cpp' build argument 'cmake_args' from command line to 'None'
[0.235s] Level 5:colcon.colcon_core.verb:set package 'example_mode_with_executor_cpp' build argument 'cmake_target' from command line to 'None'
[0.235s] Level 5:colcon.colcon_core.verb:set package 'example_mode_with_executor_cpp' build argument 'cmake_target_skip_unavailable' from command line to 'False'
[0.235s] Level 5:colcon.colcon_core.verb:set package 'example_mode_with_executor_cpp' build argument 'cmake_clean_cache' from command line to 'False'
[0.235s] Level 5:colcon.colcon_core.verb:set package 'example_mode_with_executor_cpp' build argument 'cmake_clean_first' from command line to 'False'
[0.235s] Level 5:colcon.colcon_core.verb:set package 'example_mode_with_executor_cpp' build argument 'cmake_force_configure' from command line to 'False'
[0.235s] Level 5:colcon.colcon_core.verb:set package 'example_mode_with_executor_cpp' build argument 'ament_cmake_args' from command line to 'None'
[0.235s] Level 5:colcon.colcon_core.verb:set package 'example_mode_with_executor_cpp' build argument 'catkin_cmake_args' from command line to 'None'
[0.235s] Level 5:colcon.colcon_core.verb:set package 'example_mode_with_executor_cpp' build argument 'catkin_skip_building_tests' from command line to 'False'
[0.235s] DEBUG:colcon.colcon_core.verb:Building package 'example_mode_with_executor_cpp' with the following arguments: {'ament_cmake_args': None, 'build_base': '/root/ws_sensor_combined/build/example_mode_with_executor_cpp', 'catkin_cmake_args': None, 'catkin_skip_building_tests': False, 'cmake_args': None, 'cmake_clean_cache': False, 'cmake_clean_first': False, 'cmake_force_configure': False, 'cmake_target': None, 'cmake_target_skip_unavailable': False, 'install_base': '/root/ws_sensor_combined/install/example_mode_with_executor_cpp', 'merge_install': False, 'path': '/root/ws_sensor_combined/src/px4-ros2-interface-lib/examples/cpp/modes/mode_with_executor', 'symlink_install': False, 'test_result_base': None}
[0.235s] INFO:colcon.colcon_core.executor:Executing jobs using 'parallel' executor
[0.236s] DEBUG:colcon.colcon_parallel_executor.executor.parallel:run_until_complete
[0.236s] INFO:colcon.colcon_ros.task.ament_cmake.build:Building ROS package in '/root/ws_sensor_combined/src/px4_msgs' with build type 'ament_cmake'
[0.236s] INFO:colcon.colcon_cmake.task.cmake.build:Building CMake package in '/root/ws_sensor_combined/src/px4_msgs'
[0.238s] INFO:colcon.colcon_core.plugin_system:Skipping extension 'colcon_core.shell.bat': Not used on non-Windows systems
[0.239s] INFO:colcon.colcon_core.shell:Skip shell extension 'powershell' for command environment: Not usable outside of PowerShell
[0.239s] DEBUG:colcon.colcon_core.shell:Skip shell extension 'dsv' for command environment
[0.248s] DEBUG:colcon.colcon_core.event_handler.log_command:Invoking command in '/root/ws_sensor_combined/build/px4_msgs': CMAKE_PREFIX_PATH=${CMAKE_PREFIX_PATH}:/opt/ros/humble /usr/bin/cmake --build /root/ws_sensor_combined/build/px4_msgs -- -j20 -l20
[0.972s] DEBUG:colcon.colcon_core.event_handler.log_command:Invoked command in '/root/ws_sensor_combined/build/px4_msgs' returned '0': CMAKE_PREFIX_PATH=${CMAKE_PREFIX_PATH}:/opt/ros/humble /usr/bin/cmake --build /root/ws_sensor_combined/build/px4_msgs -- -j20 -l20
[0.980s] DEBUG:colcon.colcon_core.event_handler.log_command:Invoking command in '/root/ws_sensor_combined/build/px4_msgs': CMAKE_PREFIX_PATH=${CMAKE_PREFIX_PATH}:/opt/ros/humble /usr/bin/cmake --install /root/ws_sensor_combined/build/px4_msgs
[1.420s] Level 1:colcon.colcon_core.environment:create_environment_scripts_only(px4_msgs)
[1.421s] DEBUG:colcon.colcon_core.event_handler.log_command:Invoked command in '/root/ws_sensor_combined/build/px4_msgs' returned '0': CMAKE_PREFIX_PATH=${CMAKE_PREFIX_PATH}:/opt/ros/humble /usr/bin/cmake --install /root/ws_sensor_combined/build/px4_msgs
[1.423s] Level 1:colcon.colcon_core.environment:checking '/root/ws_sensor_combined/install/px4_msgs' for CMake module files
[1.424s] Level 1:colcon.colcon_core.environment:checking '/root/ws_sensor_combined/install/px4_msgs' for CMake config files
[1.438s] Level 1:colcon.colcon_core.shell:create_environment_hook('px4_msgs', 'cmake_prefix_path')
[1.438s] INFO:colcon.colcon_core.shell:Creating environment hook '/root/ws_sensor_combined/install/px4_msgs/share/px4_msgs/hook/cmake_prefix_path.ps1'
[1.439s] INFO:colcon.colcon_core.shell:Creating environment descriptor '/root/ws_sensor_combined/install/px4_msgs/share/px4_msgs/hook/cmake_prefix_path.dsv'
[1.439s] INFO:colcon.colcon_core.shell:Creating environment hook '/root/ws_sensor_combined/install/px4_msgs/share/px4_msgs/hook/cmake_prefix_path.sh'
[1.440s] Level 1:colcon.colcon_core.environment:checking '/root/ws_sensor_combined/install/px4_msgs/lib'
[1.440s] Level 1:colcon.colcon_core.shell:create_environment_hook('px4_msgs', 'ld_library_path_lib')
[1.440s] INFO:colcon.colcon_core.shell:Creating environment hook '/root/ws_sensor_combined/install/px4_msgs/share/px4_msgs/hook/ld_library_path_lib.ps1'
[1.441s] INFO:colcon.colcon_core.shell:Creating environment descriptor '/root/ws_sensor_combined/install/px4_msgs/share/px4_msgs/hook/ld_library_path_lib.dsv'
[1.441s] INFO:colcon.colcon_core.shell:Creating environment hook '/root/ws_sensor_combined/install/px4_msgs/share/px4_msgs/hook/ld_library_path_lib.sh'
[1.441s] Level 1:colcon.colcon_core.environment:checking '/root/ws_sensor_combined/install/px4_msgs/bin'
[1.441s] Level 1:colcon.colcon_core.environment:checking '/root/ws_sensor_combined/install/px4_msgs/lib/pkgconfig/px4_msgs.pc'
[1.441s] Level 1:colcon.colcon_core.environment:checking '/root/ws_sensor_combined/install/px4_msgs/lib/python3.10/site-packages'
[1.441s] Level 1:colcon.colcon_core.environment:checking '/root/ws_sensor_combined/install/px4_msgs/bin'
[1.442s] INFO:colcon.colcon_core.shell:Creating package script '/root/ws_sensor_combined/install/px4_msgs/share/px4_msgs/package.ps1'
[1.443s] INFO:colcon.colcon_core.shell:Creating package descriptor '/root/ws_sensor_combined/install/px4_msgs/share/px4_msgs/package.dsv'
[1.443s] INFO:colcon.colcon_core.shell:Creating package script '/root/ws_sensor_combined/install/px4_msgs/share/px4_msgs/package.sh'
[1.444s] INFO:colcon.colcon_core.shell:Creating package script '/root/ws_sensor_combined/install/px4_msgs/share/px4_msgs/package.bash'
[1.444s] INFO:colcon.colcon_core.shell:Creating package script '/root/ws_sensor_combined/install/px4_msgs/share/px4_msgs/package.zsh'
[1.445s] Level 1:colcon.colcon_core.environment:create_file_with_runtime_dependencies(/root/ws_sensor_combined/install/px4_msgs/share/colcon-core/packages/px4_msgs)
[1.445s] Level 1:colcon.colcon_core.environment:create_environment_scripts_only(px4_msgs)
[1.446s] Level 1:colcon.colcon_core.environment:checking '/root/ws_sensor_combined/install/px4_msgs' for CMake module files
[1.446s] Level 1:colcon.colcon_core.environment:checking '/root/ws_sensor_combined/install/px4_msgs' for CMake config files
[1.461s] Level 1:colcon.colcon_core.shell:create_environment_hook('px4_msgs', 'cmake_prefix_path')
[1.461s] INFO:colcon.colcon_core.shell:Creating environment hook '/root/ws_sensor_combined/install/px4_msgs/share/px4_msgs/hook/cmake_prefix_path.ps1'
[1.462s] INFO:colcon.colcon_core.shell:Creating environment descriptor '/root/ws_sensor_combined/install/px4_msgs/share/px4_msgs/hook/cmake_prefix_path.dsv'
[1.462s] INFO:colcon.colcon_core.shell:Creating environment hook '/root/ws_sensor_combined/install/px4_msgs/share/px4_msgs/hook/cmake_prefix_path.sh'
[1.463s] Level 1:colcon.colcon_core.environment:checking '/root/ws_sensor_combined/install/px4_msgs/lib'
[1.463s] Level 1:colcon.colcon_core.shell:create_environment_hook('px4_msgs', 'ld_library_path_lib')
[1.463s] INFO:colcon.colcon_core.shell:Creating environment hook '/root/ws_sensor_combined/install/px4_msgs/share/px4_msgs/hook/ld_library_path_lib.ps1'
[1.463s] INFO:colcon.colcon_core.shell:Creating environment descriptor '/root/ws_sensor_combined/install/px4_msgs/share/px4_msgs/hook/ld_library_path_lib.dsv'
[1.464s] INFO:colcon.colcon_core.shell:Creating environment hook '/root/ws_sensor_combined/install/px4_msgs/share/px4_msgs/hook/ld_library_path_lib.sh'
[1.464s] Level 1:colcon.colcon_core.environment:checking '/root/ws_sensor_combined/install/px4_msgs/bin'
[1.464s] Level 1:colcon.colcon_core.environment:checking '/root/ws_sensor_combined/install/px4_msgs/lib/pkgconfig/px4_msgs.pc'
[1.464s] Level 1:colcon.colcon_core.environment:checking '/root/ws_sensor_combined/install/px4_msgs/lib/python3.10/site-packages'
[1.464s] Level 1:colcon.colcon_core.environment:checking '/root/ws_sensor_combined/install/px4_msgs/bin'
[1.464s] INFO:colcon.colcon_core.shell:Creating package script '/root/ws_sensor_combined/install/px4_msgs/share/px4_msgs/package.ps1'
[1.465s] INFO:colcon.colcon_core.shell:Creating package descriptor '/root/ws_sensor_combined/install/px4_msgs/share/px4_msgs/package.dsv'
[1.465s] INFO:colcon.colcon_core.shell:Creating package script '/root/ws_sensor_combined/install/px4_msgs/share/px4_msgs/package.sh'
[1.465s] INFO:colcon.colcon_core.shell:Creating package script '/root/ws_sensor_combined/install/px4_msgs/share/px4_msgs/package.bash'
[1.465s] INFO:colcon.colcon_core.shell:Creating package script '/root/ws_sensor_combined/install/px4_msgs/share/px4_msgs/package.zsh'
[1.466s] Level 1:colcon.colcon_core.environment:create_file_with_runtime_dependencies(/root/ws_sensor_combined/install/px4_msgs/share/colcon-core/packages/px4_msgs)
[1.466s] INFO:colcon.colcon_ros.task.ament_cmake.build:Building ROS package in '/root/ws_sensor_combined/src/px4-ros2-interface-lib/px4_ros2_cpp' with build type 'ament_cmake'
[1.466s] INFO:colcon.colcon_cmake.task.cmake.build:Building CMake package in '/root/ws_sensor_combined/src/px4-ros2-interface-lib/px4_ros2_cpp'
[1.466s] INFO:colcon.colcon_core.shell:Skip shell extension 'powershell' for command environment: Not usable outside of PowerShell
[1.467s] DEBUG:colcon.colcon_core.shell:Skip shell extension 'dsv' for command environment
[1.470s] INFO:colcon.colcon_ros.task.ament_cmake.build:Building ROS package in '/root/ws_sensor_combined/src/px4_ros_com' with build type 'ament_cmake'
[1.470s] INFO:colcon.colcon_cmake.task.cmake.build:Building CMake package in '/root/ws_sensor_combined/src/px4_ros_com'
[1.470s] INFO:colcon.colcon_core.shell:Skip shell extension 'powershell' for command environment: Not usable outside of PowerShell
[1.470s] DEBUG:colcon.colcon_core.shell:Skip shell extension 'dsv' for command environment
[1.509s] DEBUG:colcon.colcon_core.event_handler.log_command:Invoking command in '/root/ws_sensor_combined/build/px4_ros2_cpp': CMAKE_PREFIX_PATH=/root/ws_sensor_combined/install/px4_msgs:/root/ws_sensor_combined/install/px4_ros_com:/root/ws_sensor_combined/install/example_mode_with_executor_cpp:/root/ws_sensor_combined/install/example_mode_vtol_cpp:/root/ws_sensor_combined/install/example_mode_rtl_replacement_cpp:/root/ws_sensor_combined/install/example_mode_manual_cpp:/root/ws_sensor_combined/install/example_mode_goto_global_cpp:/root/ws_sensor_combined/install/example_mode_goto_cpp:/root/ws_sensor_combined/install/example_mode_fw_attitude_cpp:/root/ws_sensor_combined/install/example_local_navigation_cpp:/root/ws_sensor_combined/install/example_global_navigation_cpp:/root/ws_sensor_combined/install/example_executor_with_multiple_modes_cpp:/root/ws_sensor_combined/install/px4_ros2_cpp:/opt/ros/humble LD_LIBRARY_PATH=/root/ws_sensor_combined/install/px4_msgs/lib:/root/ws_sensor_combined/install/px4_ros_com/lib:/root/ws_sensor_combined/install/px4_ros2_cpp/lib:/opt/ros/humble/opt/rviz_ogre_vendor/lib:/opt/ros/humble/lib/x86_64-linux-gnu:/opt/ros/humble/lib /usr/bin/cmake --build /root/ws_sensor_combined/build/px4_ros2_cpp -- -j20 -l20
[1.512s] DEBUG:colcon.colcon_core.event_handler.log_command:Invoking command in '/root/ws_sensor_combined/build/px4_ros_com': CMAKE_PREFIX_PATH=/root/ws_sensor_combined/install/px4_msgs:/root/ws_sensor_combined/install/px4_ros_com:/root/ws_sensor_combined/install/example_mode_with_executor_cpp:/root/ws_sensor_combined/install/example_mode_vtol_cpp:/root/ws_sensor_combined/install/example_mode_rtl_replacement_cpp:/root/ws_sensor_combined/install/example_mode_manual_cpp:/root/ws_sensor_combined/install/example_mode_goto_global_cpp:/root/ws_sensor_combined/install/example_mode_goto_cpp:/root/ws_sensor_combined/install/example_mode_fw_attitude_cpp:/root/ws_sensor_combined/install/example_local_navigation_cpp:/root/ws_sensor_combined/install/example_global_navigation_cpp:/root/ws_sensor_combined/install/example_executor_with_multiple_modes_cpp:/root/ws_sensor_combined/install/px4_ros2_cpp:/opt/ros/humble LD_LIBRARY_PATH=/root/ws_sensor_combined/install/px4_msgs/lib:/root/ws_sensor_combined/install/px4_ros_com/lib:/root/ws_sensor_combined/install/px4_ros2_cpp/lib:/opt/ros/humble/opt/rviz_ogre_vendor/lib:/opt/ros/humble/lib/x86_64-linux-gnu:/opt/ros/humble/lib /usr/bin/cmake --build /root/ws_sensor_combined/build/px4_ros_com -- -j20 -l20
[1.621s] DEBUG:colcon.colcon_core.event_handler.log_command:Invoked command in '/root/ws_sensor_combined/build/px4_ros2_cpp' returned '0': CMAKE_PREFIX_PATH=/root/ws_sensor_combined/install/px4_msgs:/root/ws_sensor_combined/install/px4_ros_com:/root/ws_sensor_combined/install/example_mode_with_executor_cpp:/root/ws_sensor_combined/install/example_mode_vtol_cpp:/root/ws_sensor_combined/install/example_mode_rtl_replacement_cpp:/root/ws_sensor_combined/install/example_mode_manual_cpp:/root/ws_sensor_combined/install/example_mode_goto_global_cpp:/root/ws_sensor_combined/install/example_mode_goto_cpp:/root/ws_sensor_combined/install/example_mode_fw_attitude_cpp:/root/ws_sensor_combined/install/example_local_navigation_cpp:/root/ws_sensor_combined/install/example_global_navigation_cpp:/root/ws_sensor_combined/install/example_executor_with_multiple_modes_cpp:/root/ws_sensor_combined/install/px4_ros2_cpp:/opt/ros/humble LD_LIBRARY_PATH=/root/ws_sensor_combined/install/px4_msgs/lib:/root/ws_sensor_combined/install/px4_ros_com/lib:/root/ws_sensor_combined/install/px4_ros2_cpp/lib:/opt/ros/humble/opt/rviz_ogre_vendor/lib:/opt/ros/humble/lib/x86_64-linux-gnu:/opt/ros/humble/lib /usr/bin/cmake --build /root/ws_sensor_combined/build/px4_ros2_cpp -- -j20 -l20
[1.623s] DEBUG:colcon.colcon_core.event_handler.log_command:Invoking command in '/root/ws_sensor_combined/build/px4_ros2_cpp': CMAKE_PREFIX_PATH=/root/ws_sensor_combined/install/px4_msgs:/root/ws_sensor_combined/install/px4_ros_com:/root/ws_sensor_combined/install/example_mode_with_executor_cpp:/root/ws_sensor_combined/install/example_mode_vtol_cpp:/root/ws_sensor_combined/install/example_mode_rtl_replacement_cpp:/root/ws_sensor_combined/install/example_mode_manual_cpp:/root/ws_sensor_combined/install/example_mode_goto_global_cpp:/root/ws_sensor_combined/install/example_mode_goto_cpp:/root/ws_sensor_combined/install/example_mode_fw_attitude_cpp:/root/ws_sensor_combined/install/example_local_navigation_cpp:/root/ws_sensor_combined/install/example_global_navigation_cpp:/root/ws_sensor_combined/install/example_executor_with_multiple_modes_cpp:/root/ws_sensor_combined/install/px4_ros2_cpp:/opt/ros/humble LD_LIBRARY_PATH=/root/ws_sensor_combined/install/px4_msgs/lib:/root/ws_sensor_combined/install/px4_ros_com/lib:/root/ws_sensor_combined/install/px4_ros2_cpp/lib:/opt/ros/humble/opt/rviz_ogre_vendor/lib:/opt/ros/humble/lib/x86_64-linux-gnu:/opt/ros/humble/lib /usr/bin/cmake --install /root/ws_sensor_combined/build/px4_ros2_cpp
[1.639s] Level 1:colcon.colcon_core.environment:create_environment_scripts_only(px4_ros2_cpp)
[1.640s] Level 1:colcon.colcon_core.environment:checking '/root/ws_sensor_combined/install/px4_ros2_cpp' for CMake module files
[1.641s] DEBUG:colcon.colcon_core.event_handler.log_command:Invoked command in '/root/ws_sensor_combined/build/px4_ros2_cpp' returned '0': CMAKE_PREFIX_PATH=/root/ws_sensor_combined/install/px4_msgs:/root/ws_sensor_combined/install/px4_ros_com:/root/ws_sensor_combined/install/example_mode_with_executor_cpp:/root/ws_sensor_combined/install/example_mode_vtol_cpp:/root/ws_sensor_combined/install/example_mode_rtl_replacement_cpp:/root/ws_sensor_combined/install/example_mode_manual_cpp:/root/ws_sensor_combined/install/example_mode_goto_global_cpp:/root/ws_sensor_combined/install/example_mode_goto_cpp:/root/ws_sensor_combined/install/example_mode_fw_attitude_cpp:/root/ws_sensor_combined/install/example_local_navigation_cpp:/root/ws_sensor_combined/install/example_global_navigation_cpp:/root/ws_sensor_combined/install/example_executor_with_multiple_modes_cpp:/root/ws_sensor_combined/install/px4_ros2_cpp:/opt/ros/humble LD_LIBRARY_PATH=/root/ws_sensor_combined/install/px4_msgs/lib:/root/ws_sensor_combined/install/px4_ros_com/lib:/root/ws_sensor_combined/install/px4_ros2_cpp/lib:/opt/ros/humble/opt/rviz_ogre_vendor/lib:/opt/ros/humble/lib/x86_64-linux-gnu:/opt/ros/humble/lib /usr/bin/cmake --install /root/ws_sensor_combined/build/px4_ros2_cpp
[1.642s] Level 1:colcon.colcon_core.environment:checking '/root/ws_sensor_combined/install/px4_ros2_cpp' for CMake config files
[1.642s] Level 1:colcon.colcon_core.shell:create_environment_hook('px4_ros2_cpp', 'cmake_prefix_path')
[1.643s] INFO:colcon.colcon_core.shell:Creating environment hook '/root/ws_sensor_combined/install/px4_ros2_cpp/share/px4_ros2_cpp/hook/cmake_prefix_path.ps1'
[1.643s] INFO:colcon.colcon_core.shell:Creating environment descriptor '/root/ws_sensor_combined/install/px4_ros2_cpp/share/px4_ros2_cpp/hook/cmake_prefix_path.dsv'
[1.643s] INFO:colcon.colcon_core.shell:Creating environment hook '/root/ws_sensor_combined/install/px4_ros2_cpp/share/px4_ros2_cpp/hook/cmake_prefix_path.sh'
[1.644s] Level 1:colcon.colcon_core.environment:checking '/root/ws_sensor_combined/install/px4_ros2_cpp/lib'
[1.644s] Level 1:colcon.colcon_core.shell:create_environment_hook('px4_ros2_cpp', 'ld_library_path_lib')
[1.644s] INFO:colcon.colcon_core.shell:Creating environment hook '/root/ws_sensor_combined/install/px4_ros2_cpp/share/px4_ros2_cpp/hook/ld_library_path_lib.ps1'
[1.644s] INFO:colcon.colcon_core.shell:Creating environment descriptor '/root/ws_sensor_combined/install/px4_ros2_cpp/share/px4_ros2_cpp/hook/ld_library_path_lib.dsv'
[1.644s] INFO:colcon.colcon_core.shell:Creating environment hook '/root/ws_sensor_combined/install/px4_ros2_cpp/share/px4_ros2_cpp/hook/ld_library_path_lib.sh'
[1.645s] Level 1:colcon.colcon_core.environment:checking '/root/ws_sensor_combined/install/px4_ros2_cpp/bin'
[1.645s] Level 1:colcon.colcon_core.environment:checking '/root/ws_sensor_combined/install/px4_ros2_cpp/lib/pkgconfig/px4_ros2_cpp.pc'
[1.645s] Level 1:colcon.colcon_core.environment:checking '/root/ws_sensor_combined/install/px4_ros2_cpp/lib/python3.10/site-packages'
[1.645s] Level 1:colcon.colcon_core.environment:checking '/root/ws_sensor_combined/install/px4_ros2_cpp/bin'
[1.645s] INFO:colcon.colcon_core.shell:Creating package script '/root/ws_sensor_combined/install/px4_ros2_cpp/share/px4_ros2_cpp/package.ps1'
[1.646s] INFO:colcon.colcon_core.shell:Creating package descriptor '/root/ws_sensor_combined/install/px4_ros2_cpp/share/px4_ros2_cpp/package.dsv'
[1.646s] INFO:colcon.colcon_core.shell:Creating package script '/root/ws_sensor_combined/install/px4_ros2_cpp/share/px4_ros2_cpp/package.sh'
[1.647s] INFO:colcon.colcon_core.shell:Creating package script '/root/ws_sensor_combined/install/px4_ros2_cpp/share/px4_ros2_cpp/package.bash'
[1.647s] INFO:colcon.colcon_core.shell:Creating package script '/root/ws_sensor_combined/install/px4_ros2_cpp/share/px4_ros2_cpp/package.zsh'
[1.647s] Level 1:colcon.colcon_core.environment:create_file_with_runtime_dependencies(/root/ws_sensor_combined/install/px4_ros2_cpp/share/colcon-core/packages/px4_ros2_cpp)
[1.647s] Level 1:colcon.colcon_core.environment:create_environment_scripts_only(px4_ros2_cpp)
[1.647s] Level 1:colcon.colcon_core.environment:checking '/root/ws_sensor_combined/install/px4_ros2_cpp' for CMake module files
[1.648s] Level 1:colcon.colcon_core.environment:checking '/root/ws_sensor_combined/install/px4_ros2_cpp' for CMake config files
[1.648s] Level 1:colcon.colcon_core.shell:create_environment_hook('px4_ros2_cpp', 'cmake_prefix_path')
[1.648s] INFO:colcon.colcon_core.shell:Creating environment hook '/root/ws_sensor_combined/install/px4_ros2_cpp/share/px4_ros2_cpp/hook/cmake_prefix_path.ps1'
[1.648s] INFO:colcon.colcon_core.shell:Creating environment descriptor '/root/ws_sensor_combined/install/px4_ros2_cpp/share/px4_ros2_cpp/hook/cmake_prefix_path.dsv'
[1.649s] INFO:colcon.colcon_core.shell:Creating environment hook '/root/ws_sensor_combined/install/px4_ros2_cpp/share/px4_ros2_cpp/hook/cmake_prefix_path.sh'
[1.649s] Level 1:colcon.colcon_core.environment:checking '/root/ws_sensor_combined/install/px4_ros2_cpp/lib'
[1.649s] Level 1:colcon.colcon_core.shell:create_environment_hook('px4_ros2_cpp', 'ld_library_path_lib')
[1.650s] INFO:colcon.colcon_core.shell:Creating environment hook '/root/ws_sensor_combined/install/px4_ros2_cpp/share/px4_ros2_cpp/hook/ld_library_path_lib.ps1'
[1.650s] INFO:colcon.colcon_core.shell:Creating environment descriptor '/root/ws_sensor_combined/install/px4_ros2_cpp/share/px4_ros2_cpp/hook/ld_library_path_lib.dsv'
[1.650s] INFO:colcon.colcon_core.shell:Creating environment hook '/root/ws_sensor_combined/install/px4_ros2_cpp/share/px4_ros2_cpp/hook/ld_library_path_lib.sh'
[1.651s] Level 1:colcon.colcon_core.environment:checking '/root/ws_sensor_combined/install/px4_ros2_cpp/bin'
[1.651s] Level 1:colcon.colcon_core.environment:checking '/root/ws_sensor_combined/install/px4_ros2_cpp/lib/pkgconfig/px4_ros2_cpp.pc'
[1.651s] Level 1:colcon.colcon_core.environment:checking '/root/ws_sensor_combined/install/px4_ros2_cpp/lib/python3.10/site-packages'
[1.651s] Level 1:colcon.colcon_core.environment:checking '/root/ws_sensor_combined/install/px4_ros2_cpp/bin'
[1.652s] INFO:colcon.colcon_core.shell:Creating package script '/root/ws_sensor_combined/install/px4_ros2_cpp/share/px4_ros2_cpp/package.ps1'
[1.652s] INFO:colcon.colcon_core.shell:Creating package descriptor '/root/ws_sensor_combined/install/px4_ros2_cpp/share/px4_ros2_cpp/package.dsv'
[1.652s] INFO:colcon.colcon_core.shell:Creating package script '/root/ws_sensor_combined/install/px4_ros2_cpp/share/px4_ros2_cpp/package.sh'
[1.653s] INFO:colcon.colcon_core.shell:Creating package script '/root/ws_sensor_combined/install/px4_ros2_cpp/share/px4_ros2_cpp/package.bash'
[1.653s] INFO:colcon.colcon_core.shell:Creating package script '/root/ws_sensor_combined/install/px4_ros2_cpp/share/px4_ros2_cpp/package.zsh'
[1.653s] Level 1:colcon.colcon_core.environment:create_file_with_runtime_dependencies(/root/ws_sensor_combined/install/px4_ros2_cpp/share/colcon-core/packages/px4_ros2_cpp)
[1.653s] INFO:colcon.colcon_ros.task.ament_cmake.build:Building ROS package in '/root/ws_sensor_combined/src/px4-ros2-interface-lib/examples/cpp/modes/executor_with_multiple_modes' with build type 'ament_cmake'
[1.654s] INFO:colcon.colcon_cmake.task.cmake.build:Building CMake package in '/root/ws_sensor_combined/src/px4-ros2-interface-lib/examples/cpp/modes/executor_with_multiple_modes'
[1.654s] INFO:colcon.colcon_core.shell:Skip shell extension 'powershell' for command environment: Not usable outside of PowerShell
[1.654s] DEBUG:colcon.colcon_core.shell:Skip shell extension 'dsv' for command environment
[1.658s] INFO:colcon.colcon_ros.task.ament_cmake.build:Building ROS package in '/root/ws_sensor_combined/src/px4-ros2-interface-lib/examples/cpp/navigation/global_navigation' with build type 'ament_cmake'
[1.658s] INFO:colcon.colcon_cmake.task.cmake.build:Building CMake package in '/root/ws_sensor_combined/src/px4-ros2-interface-lib/examples/cpp/navigation/global_navigation'
[1.658s] INFO:colcon.colcon_core.shell:Skip shell extension 'powershell' for command environment: Not usable outside of PowerShell
[1.658s] DEBUG:colcon.colcon_core.shell:Skip shell extension 'dsv' for command environment
[1.661s] INFO:colcon.colcon_ros.task.ament_cmake.build:Building ROS package in '/root/ws_sensor_combined/src/px4-ros2-interface-lib/examples/cpp/navigation/local_navigation' with build type 'ament_cmake'
[1.662s] INFO:colcon.colcon_cmake.task.cmake.build:Building CMake package in '/root/ws_sensor_combined/src/px4-ros2-interface-lib/examples/cpp/navigation/local_navigation'
[1.662s] INFO:colcon.colcon_core.shell:Skip shell extension 'powershell' for command environment: Not usable outside of PowerShell
[1.662s] DEBUG:colcon.colcon_core.shell:Skip shell extension 'dsv' for command environment
[1.668s] INFO:colcon.colcon_ros.task.ament_cmake.build:Building ROS package in '/root/ws_sensor_combined/src/px4-ros2-interface-lib/examples/cpp/modes/fw_attitude' with build type 'ament_cmake'
[1.668s] INFO:colcon.colcon_cmake.task.cmake.build:Building CMake package in '/root/ws_sensor_combined/src/px4-ros2-interface-lib/examples/cpp/modes/fw_attitude'
[1.669s] INFO:colcon.colcon_core.shell:Skip shell extension 'powershell' for command environment: Not usable outside of PowerShell
[1.669s] DEBUG:colcon.colcon_core.shell:Skip shell extension 'dsv' for command environment
[1.672s] INFO:colcon.colcon_ros.task.ament_cmake.build:Building ROS package in '/root/ws_sensor_combined/src/px4-ros2-interface-lib/examples/cpp/modes/goto' with build type 'ament_cmake'
[1.673s] INFO:colcon.colcon_cmake.task.cmake.build:Building CMake package in '/root/ws_sensor_combined/src/px4-ros2-interface-lib/examples/cpp/modes/goto'
[1.673s] INFO:colcon.colcon_core.shell:Skip shell extension 'powershell' for command environment: Not usable outside of PowerShell
[1.673s] DEBUG:colcon.colcon_core.shell:Skip shell extension 'dsv' for command environment
[1.676s] INFO:colcon.colcon_ros.task.ament_cmake.build:Building ROS package in '/root/ws_sensor_combined/src/px4-ros2-interface-lib/examples/cpp/modes/goto_global' with build type 'ament_cmake'
[1.677s] INFO:colcon.colcon_cmake.task.cmake.build:Building CMake package in '/root/ws_sensor_combined/src/px4-ros2-interface-lib/examples/cpp/modes/goto_global'
[1.677s] INFO:colcon.colcon_core.shell:Skip shell extension 'powershell' for command environment: Not usable outside of PowerShell
[1.677s] DEBUG:colcon.colcon_core.shell:Skip shell extension 'dsv' for command environment
[1.681s] INFO:colcon.colcon_ros.task.ament_cmake.build:Building ROS package in '/root/ws_sensor_combined/src/px4-ros2-interface-lib/examples/cpp/modes/manual' with build type 'ament_cmake'
[1.681s] INFO:colcon.colcon_cmake.task.cmake.build:Building CMake package in '/root/ws_sensor_combined/src/px4-ros2-interface-lib/examples/cpp/modes/manual'
[1.682s] INFO:colcon.colcon_core.shell:Skip shell extension 'powershell' for command environment: Not usable outside of PowerShell
[1.682s] DEBUG:colcon.colcon_core.shell:Skip shell extension 'dsv' for command environment
[1.687s] INFO:colcon.colcon_ros.task.ament_cmake.build:Building ROS package in '/root/ws_sensor_combined/src/px4-ros2-interface-lib/examples/cpp/modes/rtl_replacement' with build type 'ament_cmake'
[1.687s] INFO:colcon.colcon_cmake.task.cmake.build:Building CMake package in '/root/ws_sensor_combined/src/px4-ros2-interface-lib/examples/cpp/modes/rtl_replacement'
[1.688s] INFO:colcon.colcon_core.shell:Skip shell extension 'powershell' for command environment: Not usable outside of PowerShell
[1.688s] DEBUG:colcon.colcon_core.shell:Skip shell extension 'dsv' for command environment
[1.694s] INFO:colcon.colcon_ros.task.ament_cmake.build:Building ROS package in '/root/ws_sensor_combined/src/px4-ros2-interface-lib/examples/cpp/modes/vtol' with build type 'ament_cmake'
[1.694s] INFO:colcon.colcon_cmake.task.cmake.build:Building CMake package in '/root/ws_sensor_combined/src/px4-ros2-interface-lib/examples/cpp/modes/vtol'
[1.694s] INFO:colcon.colcon_core.shell:Skip shell extension 'powershell' for command environment: Not usable outside of PowerShell
[1.694s] DEBUG:colcon.colcon_core.shell:Skip shell extension 'dsv' for command environment
[1.698s] INFO:colcon.colcon_ros.task.ament_cmake.build:Building ROS package in '/root/ws_sensor_combined/src/px4-ros2-interface-lib/examples/cpp/modes/mode_with_executor' with build type 'ament_cmake'
[1.698s] INFO:colcon.colcon_cmake.task.cmake.build:Building CMake package in '/root/ws_sensor_combined/src/px4-ros2-interface-lib/examples/cpp/modes/mode_with_executor'
[1.699s] INFO:colcon.colcon_core.shell:Skip shell extension 'powershell' for command environment: Not usable outside of PowerShell
[1.699s] DEBUG:colcon.colcon_core.shell:Skip shell extension 'dsv' for command environment
[1.751s] DEBUG:colcon.colcon_core.event_handler.log_command:Invoking command in '/root/ws_sensor_combined/build/example_global_navigation_cpp': CMAKE_PREFIX_PATH=/root/ws_sensor_combined/install/px4_ros2_cpp:/root/ws_sensor_combined/install/px4_msgs:/root/ws_sensor_combined/install/px4_ros_com:/root/ws_sensor_combined/install/example_mode_with_executor_cpp:/root/ws_sensor_combined/install/example_mode_vtol_cpp:/root/ws_sensor_combined/install/example_mode_rtl_replacement_cpp:/root/ws_sensor_combined/install/example_mode_manual_cpp:/root/ws_sensor_combined/install/example_mode_goto_global_cpp:/root/ws_sensor_combined/install/example_mode_goto_cpp:/root/ws_sensor_combined/install/example_mode_fw_attitude_cpp:/root/ws_sensor_combined/install/example_local_navigation_cpp:/root/ws_sensor_combined/install/example_global_navigation_cpp:/root/ws_sensor_combined/install/example_executor_with_multiple_modes_cpp:/opt/ros/humble LD_LIBRARY_PATH=/root/ws_sensor_combined/install/px4_ros2_cpp/lib:/root/ws_sensor_combined/install/px4_msgs/lib:/root/ws_sensor_combined/install/px4_ros_com/lib:/opt/ros/humble/opt/rviz_ogre_vendor/lib:/opt/ros/humble/lib/x86_64-linux-gnu:/opt/ros/humble/lib /usr/bin/cmake --build /root/ws_sensor_combined/build/example_global_navigation_cpp -- -j20 -l20
[1.763s] DEBUG:colcon.colcon_core.event_handler.log_command:Invoking command in '/root/ws_sensor_combined/build/example_local_navigation_cpp': CMAKE_PREFIX_PATH=/root/ws_sensor_combined/install/px4_ros2_cpp:/root/ws_sensor_combined/install/px4_msgs:/root/ws_sensor_combined/install/px4_ros_com:/root/ws_sensor_combined/install/example_mode_with_executor_cpp:/root/ws_sensor_combined/install/example_mode_vtol_cpp:/root/ws_sensor_combined/install/example_mode_rtl_replacement_cpp:/root/ws_sensor_combined/install/example_mode_manual_cpp:/root/ws_sensor_combined/install/example_mode_goto_global_cpp:/root/ws_sensor_combined/install/example_mode_goto_cpp:/root/ws_sensor_combined/install/example_mode_fw_attitude_cpp:/root/ws_sensor_combined/install/example_local_navigation_cpp:/root/ws_sensor_combined/install/example_global_navigation_cpp:/root/ws_sensor_combined/install/example_executor_with_multiple_modes_cpp:/opt/ros/humble LD_LIBRARY_PATH=/root/ws_sensor_combined/install/px4_ros2_cpp/lib:/root/ws_sensor_combined/install/px4_msgs/lib:/root/ws_sensor_combined/install/px4_ros_com/lib:/opt/ros/humble/opt/rviz_ogre_vendor/lib:/opt/ros/humble/lib/x86_64-linux-gnu:/opt/ros/humble/lib /usr/bin/cmake --build /root/ws_sensor_combined/build/example_local_navigation_cpp -- -j20 -l20
[1.769s] DEBUG:colcon.colcon_core.event_handler.log_command:Invoking command in '/root/ws_sensor_combined/build/example_mode_goto_cpp': CMAKE_PREFIX_PATH=/root/ws_sensor_combined/install/px4_ros2_cpp:/root/ws_sensor_combined/install/px4_msgs:/root/ws_sensor_combined/install/px4_ros_com:/root/ws_sensor_combined/install/example_mode_with_executor_cpp:/root/ws_sensor_combined/install/example_mode_vtol_cpp:/root/ws_sensor_combined/install/example_mode_rtl_replacement_cpp:/root/ws_sensor_combined/install/example_mode_manual_cpp:/root/ws_sensor_combined/install/example_mode_goto_global_cpp:/root/ws_sensor_combined/install/example_mode_goto_cpp:/root/ws_sensor_combined/install/example_mode_fw_attitude_cpp:/root/ws_sensor_combined/install/example_local_navigation_cpp:/root/ws_sensor_combined/install/example_global_navigation_cpp:/root/ws_sensor_combined/install/example_executor_with_multiple_modes_cpp:/opt/ros/humble LD_LIBRARY_PATH=/root/ws_sensor_combined/install/px4_ros2_cpp/lib:/root/ws_sensor_combined/install/px4_msgs/lib:/root/ws_sensor_combined/install/px4_ros_com/lib:/opt/ros/humble/opt/rviz_ogre_vendor/lib:/opt/ros/humble/lib/x86_64-linux-gnu:/opt/ros/humble/lib /usr/bin/cmake --build /root/ws_sensor_combined/build/example_mode_goto_cpp -- -j20 -l20
[1.774s] DEBUG:colcon.colcon_core.event_handler.log_command:Invoking command in '/root/ws_sensor_combined/build/example_executor_with_multiple_modes_cpp': CMAKE_PREFIX_PATH=/root/ws_sensor_combined/install/px4_ros2_cpp:/root/ws_sensor_combined/install/px4_msgs:/root/ws_sensor_combined/install/px4_ros_com:/root/ws_sensor_combined/install/example_mode_with_executor_cpp:/root/ws_sensor_combined/install/example_mode_vtol_cpp:/root/ws_sensor_combined/install/example_mode_rtl_replacement_cpp:/root/ws_sensor_combined/install/example_mode_manual_cpp:/root/ws_sensor_combined/install/example_mode_goto_global_cpp:/root/ws_sensor_combined/install/example_mode_goto_cpp:/root/ws_sensor_combined/install/example_mode_fw_attitude_cpp:/root/ws_sensor_combined/install/example_local_navigation_cpp:/root/ws_sensor_combined/install/example_global_navigation_cpp:/root/ws_sensor_combined/install/example_executor_with_multiple_modes_cpp:/opt/ros/humble LD_LIBRARY_PATH=/root/ws_sensor_combined/install/px4_ros2_cpp/lib:/root/ws_sensor_combined/install/px4_msgs/lib:/root/ws_sensor_combined/install/px4_ros_com/lib:/opt/ros/humble/opt/rviz_ogre_vendor/lib:/opt/ros/humble/lib/x86_64-linux-gnu:/opt/ros/humble/lib /usr/bin/cmake --build /root/ws_sensor_combined/build/example_executor_with_multiple_modes_cpp -- -j20 -l20
[1.782s] DEBUG:colcon.colcon_core.event_handler.log_command:Invoking command in '/root/ws_sensor_combined/build/example_mode_fw_attitude_cpp': CMAKE_PREFIX_PATH=/root/ws_sensor_combined/install/px4_ros2_cpp:/root/ws_sensor_combined/install/px4_msgs:/root/ws_sensor_combined/install/px4_ros_com:/root/ws_sensor_combined/install/example_mode_with_executor_cpp:/root/ws_sensor_combined/install/example_mode_vtol_cpp:/root/ws_sensor_combined/install/example_mode_rtl_replacement_cpp:/root/ws_sensor_combined/install/example_mode_manual_cpp:/root/ws_sensor_combined/install/example_mode_goto_global_cpp:/root/ws_sensor_combined/install/example_mode_goto_cpp:/root/ws_sensor_combined/install/example_mode_fw_attitude_cpp:/root/ws_sensor_combined/install/example_local_navigation_cpp:/root/ws_sensor_combined/install/example_global_navigation_cpp:/root/ws_sensor_combined/install/example_executor_with_multiple_modes_cpp:/opt/ros/humble LD_LIBRARY_PATH=/root/ws_sensor_combined/install/px4_ros2_cpp/lib:/root/ws_sensor_combined/install/px4_msgs/lib:/root/ws_sensor_combined/install/px4_ros_com/lib:/opt/ros/humble/opt/rviz_ogre_vendor/lib:/opt/ros/humble/lib/x86_64-linux-gnu:/opt/ros/humble/lib /usr/bin/cmake --build /root/ws_sensor_combined/build/example_mode_fw_attitude_cpp -- -j20 -l20
[1.789s] DEBUG:colcon.colcon_core.event_handler.log_command:Invoking command in '/root/ws_sensor_combined/build/example_mode_goto_global_cpp': CMAKE_PREFIX_PATH=/root/ws_sensor_combined/install/px4_ros2_cpp:/root/ws_sensor_combined/install/px4_msgs:/root/ws_sensor_combined/install/px4_ros_com:/root/ws_sensor_combined/install/example_mode_with_executor_cpp:/root/ws_sensor_combined/install/example_mode_vtol_cpp:/root/ws_sensor_combined/install/example_mode_rtl_replacement_cpp:/root/ws_sensor_combined/install/example_mode_manual_cpp:/root/ws_sensor_combined/install/example_mode_goto_global_cpp:/root/ws_sensor_combined/install/example_mode_goto_cpp:/root/ws_sensor_combined/install/example_mode_fw_attitude_cpp:/root/ws_sensor_combined/install/example_local_navigation_cpp:/root/ws_sensor_combined/install/example_global_navigation_cpp:/root/ws_sensor_combined/install/example_executor_with_multiple_modes_cpp:/opt/ros/humble LD_LIBRARY_PATH=/root/ws_sensor_combined/install/px4_ros2_cpp/lib:/root/ws_sensor_combined/install/px4_msgs/lib:/root/ws_sensor_combined/install/px4_ros_com/lib:/opt/ros/humble/opt/rviz_ogre_vendor/lib:/opt/ros/humble/lib/x86_64-linux-gnu:/opt/ros/humble/lib /usr/bin/cmake --build /root/ws_sensor_combined/build/example_mode_goto_global_cpp -- -j20 -l20
[1.794s] DEBUG:colcon.colcon_core.event_handler.log_command:Invoking command in '/root/ws_sensor_combined/build/example_mode_rtl_replacement_cpp': CMAKE_PREFIX_PATH=/root/ws_sensor_combined/install/px4_ros2_cpp:/root/ws_sensor_combined/install/px4_msgs:/root/ws_sensor_combined/install/px4_ros_com:/root/ws_sensor_combined/install/example_mode_with_executor_cpp:/root/ws_sensor_combined/install/example_mode_vtol_cpp:/root/ws_sensor_combined/install/example_mode_rtl_replacement_cpp:/root/ws_sensor_combined/install/example_mode_manual_cpp:/root/ws_sensor_combined/install/example_mode_goto_global_cpp:/root/ws_sensor_combined/install/example_mode_goto_cpp:/root/ws_sensor_combined/install/example_mode_fw_attitude_cpp:/root/ws_sensor_combined/install/example_local_navigation_cpp:/root/ws_sensor_combined/install/example_global_navigation_cpp:/root/ws_sensor_combined/install/example_executor_with_multiple_modes_cpp:/opt/ros/humble LD_LIBRARY_PATH=/root/ws_sensor_combined/install/px4_ros2_cpp/lib:/root/ws_sensor_combined/install/px4_msgs/lib:/root/ws_sensor_combined/install/px4_ros_com/lib:/opt/ros/humble/opt/rviz_ogre_vendor/lib:/opt/ros/humble/lib/x86_64-linux-gnu:/opt/ros/humble/lib /usr/bin/cmake --build /root/ws_sensor_combined/build/example_mode_rtl_replacement_cpp -- -j20 -l20
[1.803s] DEBUG:colcon.colcon_core.event_handler.log_command:Invoking command in '/root/ws_sensor_combined/build/example_mode_manual_cpp': CMAKE_PREFIX_PATH=/root/ws_sensor_combined/install/px4_ros2_cpp:/root/ws_sensor_combined/install/px4_msgs:/root/ws_sensor_combined/install/px4_ros_com:/root/ws_sensor_combined/install/example_mode_with_executor_cpp:/root/ws_sensor_combined/install/example_mode_vtol_cpp:/root/ws_sensor_combined/install/example_mode_rtl_replacement_cpp:/root/ws_sensor_combined/install/example_mode_manual_cpp:/root/ws_sensor_combined/install/example_mode_goto_global_cpp:/root/ws_sensor_combined/install/example_mode_goto_cpp:/root/ws_sensor_combined/install/example_mode_fw_attitude_cpp:/root/ws_sensor_combined/install/example_local_navigation_cpp:/root/ws_sensor_combined/install/example_global_navigation_cpp:/root/ws_sensor_combined/install/example_executor_with_multiple_modes_cpp:/opt/ros/humble LD_LIBRARY_PATH=/root/ws_sensor_combined/install/px4_ros2_cpp/lib:/root/ws_sensor_combined/install/px4_msgs/lib:/root/ws_sensor_combined/install/px4_ros_com/lib:/opt/ros/humble/opt/rviz_ogre_vendor/lib:/opt/ros/humble/lib/x86_64-linux-gnu:/opt/ros/humble/lib /usr/bin/cmake --build /root/ws_sensor_combined/build/example_mode_manual_cpp -- -j20 -l20
[1.809s] DEBUG:colcon.colcon_core.event_handler.log_command:Invoking command in '/root/ws_sensor_combined/build/example_mode_with_executor_cpp': CMAKE_PREFIX_PATH=/root/ws_sensor_combined/install/px4_ros2_cpp:/root/ws_sensor_combined/install/px4_msgs:/root/ws_sensor_combined/install/px4_ros_com:/root/ws_sensor_combined/install/example_mode_with_executor_cpp:/root/ws_sensor_combined/install/example_mode_vtol_cpp:/root/ws_sensor_combined/install/example_mode_rtl_replacement_cpp:/root/ws_sensor_combined/install/example_mode_manual_cpp:/root/ws_sensor_combined/install/example_mode_goto_global_cpp:/root/ws_sensor_combined/install/example_mode_goto_cpp:/root/ws_sensor_combined/install/example_mode_fw_attitude_cpp:/root/ws_sensor_combined/install/example_local_navigation_cpp:/root/ws_sensor_combined/install/example_global_navigation_cpp:/root/ws_sensor_combined/install/example_executor_with_multiple_modes_cpp:/opt/ros/humble LD_LIBRARY_PATH=/root/ws_sensor_combined/install/px4_ros2_cpp/lib:/root/ws_sensor_combined/install/px4_msgs/lib:/root/ws_sensor_combined/install/px4_ros_com/lib:/opt/ros/humble/opt/rviz_ogre_vendor/lib:/opt/ros/humble/lib/x86_64-linux-gnu:/opt/ros/humble/lib /usr/bin/cmake --build /root/ws_sensor_combined/build/example_mode_with_executor_cpp -- -j20 -l20
[1.814s] DEBUG:colcon.colcon_core.event_handler.log_command:Invoking command in '/root/ws_sensor_combined/build/example_mode_vtol_cpp': CMAKE_PREFIX_PATH=/root/ws_sensor_combined/install/px4_ros2_cpp:/root/ws_sensor_combined/install/px4_msgs:/root/ws_sensor_combined/install/px4_ros_com:/root/ws_sensor_combined/install/example_mode_with_executor_cpp:/root/ws_sensor_combined/install/example_mode_vtol_cpp:/root/ws_sensor_combined/install/example_mode_rtl_replacement_cpp:/root/ws_sensor_combined/install/example_mode_manual_cpp:/root/ws_sensor_combined/install/example_mode_goto_global_cpp:/root/ws_sensor_combined/install/example_mode_goto_cpp:/root/ws_sensor_combined/install/example_mode_fw_attitude_cpp:/root/ws_sensor_combined/install/example_local_navigation_cpp:/root/ws_sensor_combined/install/example_global_navigation_cpp:/root/ws_sensor_combined/install/example_executor_with_multiple_modes_cpp:/opt/ros/humble LD_LIBRARY_PATH=/root/ws_sensor_combined/install/px4_ros2_cpp/lib:/root/ws_sensor_combined/install/px4_msgs/lib:/root/ws_sensor_combined/install/px4_ros_com/lib:/opt/ros/humble/opt/rviz_ogre_vendor/lib:/opt/ros/humble/lib/x86_64-linux-gnu:/opt/ros/humble/lib /usr/bin/cmake --build /root/ws_sensor_combined/build/example_mode_vtol_cpp -- -j20 -l20
[1.823s] DEBUG:colcon.colcon_core.event_handler.log_command:Invoked command in '/root/ws_sensor_combined/build/example_global_navigation_cpp' returned '0': CMAKE_PREFIX_PATH=/root/ws_sensor_combined/install/px4_ros2_cpp:/root/ws_sensor_combined/install/px4_msgs:/root/ws_sensor_combined/install/px4_ros_com:/root/ws_sensor_combined/install/example_mode_with_executor_cpp:/root/ws_sensor_combined/install/example_mode_vtol_cpp:/root/ws_sensor_combined/install/example_mode_rtl_replacement_cpp:/root/ws_sensor_combined/install/example_mode_manual_cpp:/root/ws_sensor_combined/install/example_mode_goto_global_cpp:/root/ws_sensor_combined/install/example_mode_goto_cpp:/root/ws_sensor_combined/install/example_mode_fw_attitude_cpp:/root/ws_sensor_combined/install/example_local_navigation_cpp:/root/ws_sensor_combined/install/example_global_navigation_cpp:/root/ws_sensor_combined/install/example_executor_with_multiple_modes_cpp:/opt/ros/humble LD_LIBRARY_PATH=/root/ws_sensor_combined/install/px4_ros2_cpp/lib:/root/ws_sensor_combined/install/px4_msgs/lib:/root/ws_sensor_combined/install/px4_ros_com/lib:/opt/ros/humble/opt/rviz_ogre_vendor/lib:/opt/ros/humble/lib/x86_64-linux-gnu:/opt/ros/humble/lib /usr/bin/cmake --build /root/ws_sensor_combined/build/example_global_navigation_cpp -- -j20 -l20
[1.823s] DEBUG:colcon.colcon_core.event_handler.log_command:Invoking command in '/root/ws_sensor_combined/build/example_global_navigation_cpp': CMAKE_PREFIX_PATH=/root/ws_sensor_combined/install/px4_ros2_cpp:/root/ws_sensor_combined/install/px4_msgs:/root/ws_sensor_combined/install/px4_ros_com:/root/ws_sensor_combined/install/example_mode_with_executor_cpp:/root/ws_sensor_combined/install/example_mode_vtol_cpp:/root/ws_sensor_combined/install/example_mode_rtl_replacement_cpp:/root/ws_sensor_combined/install/example_mode_manual_cpp:/root/ws_sensor_combined/install/example_mode_goto_global_cpp:/root/ws_sensor_combined/install/example_mode_goto_cpp:/root/ws_sensor_combined/install/example_mode_fw_attitude_cpp:/root/ws_sensor_combined/install/example_local_navigation_cpp:/root/ws_sensor_combined/install/example_global_navigation_cpp:/root/ws_sensor_combined/install/example_executor_with_multiple_modes_cpp:/opt/ros/humble LD_LIBRARY_PATH=/root/ws_sensor_combined/install/px4_ros2_cpp/lib:/root/ws_sensor_combined/install/px4_msgs/lib:/root/ws_sensor_combined/install/px4_ros_com/lib:/opt/ros/humble/opt/rviz_ogre_vendor/lib:/opt/ros/humble/lib/x86_64-linux-gnu:/opt/ros/humble/lib /usr/bin/cmake --install /root/ws_sensor_combined/build/example_global_navigation_cpp
[1.832s] Level 1:colcon.colcon_core.environment:create_environment_scripts_only(example_global_navigation_cpp)
[1.832s] Level 1:colcon.colcon_core.environment:checking '/root/ws_sensor_combined/install/example_global_navigation_cpp' for CMake module files
[1.833s] Level 1:colcon.colcon_core.environment:checking '/root/ws_sensor_combined/install/example_global_navigation_cpp' for CMake config files
[1.833s] Level 1:colcon.colcon_core.shell:create_environment_hook('example_global_navigation_cpp', 'cmake_prefix_path')
[1.834s] INFO:colcon.colcon_core.shell:Creating environment hook '/root/ws_sensor_combined/install/example_global_navigation_cpp/share/example_global_navigation_cpp/hook/cmake_prefix_path.ps1'
[1.835s] DEBUG:colcon.colcon_core.event_handler.log_command:Invoked command in '/root/ws_sensor_combined/build/example_global_navigation_cpp' returned '0': CMAKE_PREFIX_PATH=/root/ws_sensor_combined/install/px4_ros2_cpp:/root/ws_sensor_combined/install/px4_msgs:/root/ws_sensor_combined/install/px4_ros_com:/root/ws_sensor_combined/install/example_mode_with_executor_cpp:/root/ws_sensor_combined/install/example_mode_vtol_cpp:/root/ws_sensor_combined/install/example_mode_rtl_replacement_cpp:/root/ws_sensor_combined/install/example_mode_manual_cpp:/root/ws_sensor_combined/install/example_mode_goto_global_cpp:/root/ws_sensor_combined/install/example_mode_goto_cpp:/root/ws_sensor_combined/install/example_mode_fw_attitude_cpp:/root/ws_sensor_combined/install/example_local_navigation_cpp:/root/ws_sensor_combined/install/example_global_navigation_cpp:/root/ws_sensor_combined/install/example_executor_with_multiple_modes_cpp:/opt/ros/humble LD_LIBRARY_PATH=/root/ws_sensor_combined/install/px4_ros2_cpp/lib:/root/ws_sensor_combined/install/px4_msgs/lib:/root/ws_sensor_combined/install/px4_ros_com/lib:/opt/ros/humble/opt/rviz_ogre_vendor/lib:/opt/ros/humble/lib/x86_64-linux-gnu:/opt/ros/humble/lib /usr/bin/cmake --install /root/ws_sensor_combined/build/example_global_navigation_cpp
[1.835s] INFO:colcon.colcon_core.shell:Creating environment descriptor '/root/ws_sensor_combined/install/example_global_navigation_cpp/share/example_global_navigation_cpp/hook/cmake_prefix_path.dsv'
[1.836s] INFO:colcon.colcon_core.shell:Creating environment hook '/root/ws_sensor_combined/install/example_global_navigation_cpp/share/example_global_navigation_cpp/hook/cmake_prefix_path.sh'
[1.837s] Level 1:colcon.colcon_core.environment:checking '/root/ws_sensor_combined/install/example_global_navigation_cpp/lib'
[1.837s] Level 1:colcon.colcon_core.environment:checking '/root/ws_sensor_combined/install/example_global_navigation_cpp/bin'
[1.837s] Level 1:colcon.colcon_core.environment:checking '/root/ws_sensor_combined/install/example_global_navigation_cpp/lib/pkgconfig/example_global_navigation_cpp.pc'
[1.838s] Level 1:colcon.colcon_core.environment:checking '/root/ws_sensor_combined/install/example_global_navigation_cpp/lib/python3.10/site-packages'
[1.838s] Level 1:colcon.colcon_core.environment:checking '/root/ws_sensor_combined/install/example_global_navigation_cpp/bin'
[1.838s] INFO:colcon.colcon_core.shell:Creating package script '/root/ws_sensor_combined/install/example_global_navigation_cpp/share/example_global_navigation_cpp/package.ps1'
[1.840s] INFO:colcon.colcon_core.shell:Creating package descriptor '/root/ws_sensor_combined/install/example_global_navigation_cpp/share/example_global_navigation_cpp/package.dsv'
[1.841s] INFO:colcon.colcon_core.shell:Creating package script '/root/ws_sensor_combined/install/example_global_navigation_cpp/share/example_global_navigation_cpp/package.sh'
[1.841s] INFO:colcon.colcon_core.shell:Creating package script '/root/ws_sensor_combined/install/example_global_navigation_cpp/share/example_global_navigation_cpp/package.bash'
[1.842s] INFO:colcon.colcon_core.shell:Creating package script '/root/ws_sensor_combined/install/example_global_navigation_cpp/share/example_global_navigation_cpp/package.zsh'
[1.842s] Level 1:colcon.colcon_core.environment:create_file_with_runtime_dependencies(/root/ws_sensor_combined/install/example_global_navigation_cpp/share/colcon-core/packages/example_global_navigation_cpp)
[1.843s] Level 1:colcon.colcon_core.environment:create_environment_scripts_only(example_global_navigation_cpp)
[1.843s] Level 1:colcon.colcon_core.environment:checking '/root/ws_sensor_combined/install/example_global_navigation_cpp' for CMake module files
[1.844s] Level 1:colcon.colcon_core.environment:checking '/root/ws_sensor_combined/install/example_global_navigation_cpp' for CMake config files
[1.844s] Level 1:colcon.colcon_core.shell:create_environment_hook('example_global_navigation_cpp', 'cmake_prefix_path')
[1.845s] INFO:colcon.colcon_core.shell:Creating environment hook '/root/ws_sensor_combined/install/example_global_navigation_cpp/share/example_global_navigation_cpp/hook/cmake_prefix_path.ps1'
[1.845s] INFO:colcon.colcon_core.shell:Creating environment descriptor '/root/ws_sensor_combined/install/example_global_navigation_cpp/share/example_global_navigation_cpp/hook/cmake_prefix_path.dsv'
[1.846s] INFO:colcon.colcon_core.shell:Creating environment hook '/root/ws_sensor_combined/install/example_global_navigation_cpp/share/example_global_navigation_cpp/hook/cmake_prefix_path.sh'
[1.847s] Level 1:colcon.colcon_core.environment:checking '/root/ws_sensor_combined/install/example_global_navigation_cpp/lib'
[1.847s] Level 1:colcon.colcon_core.environment:checking '/root/ws_sensor_combined/install/example_global_navigation_cpp/bin'
[1.847s] Level 1:colcon.colcon_core.environment:checking '/root/ws_sensor_combined/install/example_global_navigation_cpp/lib/pkgconfig/example_global_navigation_cpp.pc'
[1.847s] Level 1:colcon.colcon_core.environment:checking '/root/ws_sensor_combined/install/example_global_navigation_cpp/lib/python3.10/site-packages'
[1.848s] Level 1:colcon.colcon_core.environment:checking '/root/ws_sensor_combined/install/example_global_navigation_cpp/bin'
[1.848s] INFO:colcon.colcon_core.shell:Creating package script '/root/ws_sensor_combined/install/example_global_navigation_cpp/share/example_global_navigation_cpp/package.ps1'
[1.849s] INFO:colcon.colcon_core.shell:Creating package descriptor '/root/ws_sensor_combined/install/example_global_navigation_cpp/share/example_global_navigation_cpp/package.dsv'
[1.850s] INFO:colcon.colcon_core.shell:Creating package script '/root/ws_sensor_combined/install/example_global_navigation_cpp/share/example_global_navigation_cpp/package.sh'
[1.850s] INFO:colcon.colcon_core.shell:Creating package script '/root/ws_sensor_combined/install/example_global_navigation_cpp/share/example_global_navigation_cpp/package.bash'
[1.851s] INFO:colcon.colcon_core.shell:Creating package script '/root/ws_sensor_combined/install/example_global_navigation_cpp/share/example_global_navigation_cpp/package.zsh'
[1.852s] Level 1:colcon.colcon_core.environment:create_file_with_runtime_dependencies(/root/ws_sensor_combined/install/example_global_navigation_cpp/share/colcon-core/packages/example_global_navigation_cpp)
[1.857s] DEBUG:colcon.colcon_core.event_handler.log_command:Invoked command in '/root/ws_sensor_combined/build/example_mode_goto_cpp' returned '0': CMAKE_PREFIX_PATH=/root/ws_sensor_combined/install/px4_ros2_cpp:/root/ws_sensor_combined/install/px4_msgs:/root/ws_sensor_combined/install/px4_ros_com:/root/ws_sensor_combined/install/example_mode_with_executor_cpp:/root/ws_sensor_combined/install/example_mode_vtol_cpp:/root/ws_sensor_combined/install/example_mode_rtl_replacement_cpp:/root/ws_sensor_combined/install/example_mode_manual_cpp:/root/ws_sensor_combined/install/example_mode_goto_global_cpp:/root/ws_sensor_combined/install/example_mode_goto_cpp:/root/ws_sensor_combined/install/example_mode_fw_attitude_cpp:/root/ws_sensor_combined/install/example_local_navigation_cpp:/root/ws_sensor_combined/install/example_global_navigation_cpp:/root/ws_sensor_combined/install/example_executor_with_multiple_modes_cpp:/opt/ros/humble LD_LIBRARY_PATH=/root/ws_sensor_combined/install/px4_ros2_cpp/lib:/root/ws_sensor_combined/install/px4_msgs/lib:/root/ws_sensor_combined/install/px4_ros_com/lib:/opt/ros/humble/opt/rviz_ogre_vendor/lib:/opt/ros/humble/lib/x86_64-linux-gnu:/opt/ros/humble/lib /usr/bin/cmake --build /root/ws_sensor_combined/build/example_mode_goto_cpp -- -j20 -l20
[1.860s] DEBUG:colcon.colcon_core.event_handler.log_command:Invoking command in '/root/ws_sensor_combined/build/example_mode_goto_cpp': CMAKE_PREFIX_PATH=/root/ws_sensor_combined/install/px4_ros2_cpp:/root/ws_sensor_combined/install/px4_msgs:/root/ws_sensor_combined/install/px4_ros_com:/root/ws_sensor_combined/install/example_mode_with_executor_cpp:/root/ws_sensor_combined/install/example_mode_vtol_cpp:/root/ws_sensor_combined/install/example_mode_rtl_replacement_cpp:/root/ws_sensor_combined/install/example_mode_manual_cpp:/root/ws_sensor_combined/install/example_mode_goto_global_cpp:/root/ws_sensor_combined/install/example_mode_goto_cpp:/root/ws_sensor_combined/install/example_mode_fw_attitude_cpp:/root/ws_sensor_combined/install/example_local_navigation_cpp:/root/ws_sensor_combined/install/example_global_navigation_cpp:/root/ws_sensor_combined/install/example_executor_with_multiple_modes_cpp:/opt/ros/humble LD_LIBRARY_PATH=/root/ws_sensor_combined/install/px4_ros2_cpp/lib:/root/ws_sensor_combined/install/px4_msgs/lib:/root/ws_sensor_combined/install/px4_ros_com/lib:/opt/ros/humble/opt/rviz_ogre_vendor/lib:/opt/ros/humble/lib/x86_64-linux-gnu:/opt/ros/humble/lib /usr/bin/cmake --install /root/ws_sensor_combined/build/example_mode_goto_cpp
[1.860s] DEBUG:colcon.colcon_core.event_handler.log_command:Invoked command in '/root/ws_sensor_combined/build/example_local_navigation_cpp' returned '0': CMAKE_PREFIX_PATH=/root/ws_sensor_combined/install/px4_ros2_cpp:/root/ws_sensor_combined/install/px4_msgs:/root/ws_sensor_combined/install/px4_ros_com:/root/ws_sensor_combined/install/example_mode_with_executor_cpp:/root/ws_sensor_combined/install/example_mode_vtol_cpp:/root/ws_sensor_combined/install/example_mode_rtl_replacement_cpp:/root/ws_sensor_combined/install/example_mode_manual_cpp:/root/ws_sensor_combined/install/example_mode_goto_global_cpp:/root/ws_sensor_combined/install/example_mode_goto_cpp:/root/ws_sensor_combined/install/example_mode_fw_attitude_cpp:/root/ws_sensor_combined/install/example_local_navigation_cpp:/root/ws_sensor_combined/install/example_global_navigation_cpp:/root/ws_sensor_combined/install/example_executor_with_multiple_modes_cpp:/opt/ros/humble LD_LIBRARY_PATH=/root/ws_sensor_combined/install/px4_ros2_cpp/lib:/root/ws_sensor_combined/install/px4_msgs/lib:/root/ws_sensor_combined/install/px4_ros_com/lib:/opt/ros/humble/opt/rviz_ogre_vendor/lib:/opt/ros/humble/lib/x86_64-linux-gnu:/opt/ros/humble/lib /usr/bin/cmake --build /root/ws_sensor_combined/build/example_local_navigation_cpp -- -j20 -l20
[1.863s] DEBUG:colcon.colcon_core.event_handler.log_command:Invoking command in '/root/ws_sensor_combined/build/example_local_navigation_cpp': CMAKE_PREFIX_PATH=/root/ws_sensor_combined/install/px4_ros2_cpp:/root/ws_sensor_combined/install/px4_msgs:/root/ws_sensor_combined/install/px4_ros_com:/root/ws_sensor_combined/install/example_mode_with_executor_cpp:/root/ws_sensor_combined/install/example_mode_vtol_cpp:/root/ws_sensor_combined/install/example_mode_rtl_replacement_cpp:/root/ws_sensor_combined/install/example_mode_manual_cpp:/root/ws_sensor_combined/install/example_mode_goto_global_cpp:/root/ws_sensor_combined/install/example_mode_goto_cpp:/root/ws_sensor_combined/install/example_mode_fw_attitude_cpp:/root/ws_sensor_combined/install/example_local_navigation_cpp:/root/ws_sensor_combined/install/example_global_navigation_cpp:/root/ws_sensor_combined/install/example_executor_with_multiple_modes_cpp:/opt/ros/humble LD_LIBRARY_PATH=/root/ws_sensor_combined/install/px4_ros2_cpp/lib:/root/ws_sensor_combined/install/px4_msgs/lib:/root/ws_sensor_combined/install/px4_ros_com/lib:/opt/ros/humble/opt/rviz_ogre_vendor/lib:/opt/ros/humble/lib/x86_64-linux-gnu:/opt/ros/humble/lib /usr/bin/cmake --install /root/ws_sensor_combined/build/example_local_navigation_cpp
[1.864s] DEBUG:colcon.colcon_core.event_handler.log_command:Invoked command in '/root/ws_sensor_combined/build/example_executor_with_multiple_modes_cpp' returned '0': CMAKE_PREFIX_PATH=/root/ws_sensor_combined/install/px4_ros2_cpp:/root/ws_sensor_combined/install/px4_msgs:/root/ws_sensor_combined/install/px4_ros_com:/root/ws_sensor_combined/install/example_mode_with_executor_cpp:/root/ws_sensor_combined/install/example_mode_vtol_cpp:/root/ws_sensor_combined/install/example_mode_rtl_replacement_cpp:/root/ws_sensor_combined/install/example_mode_manual_cpp:/root/ws_sensor_combined/install/example_mode_goto_global_cpp:/root/ws_sensor_combined/install/example_mode_goto_cpp:/root/ws_sensor_combined/install/example_mode_fw_attitude_cpp:/root/ws_sensor_combined/install/example_local_navigation_cpp:/root/ws_sensor_combined/install/example_global_navigation_cpp:/root/ws_sensor_combined/install/example_executor_with_multiple_modes_cpp:/opt/ros/humble LD_LIBRARY_PATH=/root/ws_sensor_combined/install/px4_ros2_cpp/lib:/root/ws_sensor_combined/install/px4_msgs/lib:/root/ws_sensor_combined/install/px4_ros_com/lib:/opt/ros/humble/opt/rviz_ogre_vendor/lib:/opt/ros/humble/lib/x86_64-linux-gnu:/opt/ros/humble/lib /usr/bin/cmake --build /root/ws_sensor_combined/build/example_executor_with_multiple_modes_cpp -- -j20 -l20
[1.866s] DEBUG:colcon.colcon_core.event_handler.log_command:Invoking command in '/root/ws_sensor_combined/build/example_executor_with_multiple_modes_cpp': CMAKE_PREFIX_PATH=/root/ws_sensor_combined/install/px4_ros2_cpp:/root/ws_sensor_combined/install/px4_msgs:/root/ws_sensor_combined/install/px4_ros_com:/root/ws_sensor_combined/install/example_mode_with_executor_cpp:/root/ws_sensor_combined/install/example_mode_vtol_cpp:/root/ws_sensor_combined/install/example_mode_rtl_replacement_cpp:/root/ws_sensor_combined/install/example_mode_manual_cpp:/root/ws_sensor_combined/install/example_mode_goto_global_cpp:/root/ws_sensor_combined/install/example_mode_goto_cpp:/root/ws_sensor_combined/install/example_mode_fw_attitude_cpp:/root/ws_sensor_combined/install/example_local_navigation_cpp:/root/ws_sensor_combined/install/example_global_navigation_cpp:/root/ws_sensor_combined/install/example_executor_with_multiple_modes_cpp:/opt/ros/humble LD_LIBRARY_PATH=/root/ws_sensor_combined/install/px4_ros2_cpp/lib:/root/ws_sensor_combined/install/px4_msgs/lib:/root/ws_sensor_combined/install/px4_ros_com/lib:/opt/ros/humble/opt/rviz_ogre_vendor/lib:/opt/ros/humble/lib/x86_64-linux-gnu:/opt/ros/humble/lib /usr/bin/cmake --install /root/ws_sensor_combined/build/example_executor_with_multiple_modes_cpp
[1.867s] DEBUG:colcon.colcon_core.event_handler.log_command:Invoked command in '/root/ws_sensor_combined/build/example_mode_fw_attitude_cpp' returned '0': CMAKE_PREFIX_PATH=/root/ws_sensor_combined/install/px4_ros2_cpp:/root/ws_sensor_combined/install/px4_msgs:/root/ws_sensor_combined/install/px4_ros_com:/root/ws_sensor_combined/install/example_mode_with_executor_cpp:/root/ws_sensor_combined/install/example_mode_vtol_cpp:/root/ws_sensor_combined/install/example_mode_rtl_replacement_cpp:/root/ws_sensor_combined/install/example_mode_manual_cpp:/root/ws_sensor_combined/install/example_mode_goto_global_cpp:/root/ws_sensor_combined/install/example_mode_goto_cpp:/root/ws_sensor_combined/install/example_mode_fw_attitude_cpp:/root/ws_sensor_combined/install/example_local_navigation_cpp:/root/ws_sensor_combined/install/example_global_navigation_cpp:/root/ws_sensor_combined/install/example_executor_with_multiple_modes_cpp:/opt/ros/humble LD_LIBRARY_PATH=/root/ws_sensor_combined/install/px4_ros2_cpp/lib:/root/ws_sensor_combined/install/px4_msgs/lib:/root/ws_sensor_combined/install/px4_ros_com/lib:/opt/ros/humble/opt/rviz_ogre_vendor/lib:/opt/ros/humble/lib/x86_64-linux-gnu:/opt/ros/humble/lib /usr/bin/cmake --build /root/ws_sensor_combined/build/example_mode_fw_attitude_cpp -- -j20 -l20
[1.870s] DEBUG:colcon.colcon_core.event_handler.log_command:Invoking command in '/root/ws_sensor_combined/build/example_mode_fw_attitude_cpp': CMAKE_PREFIX_PATH=/root/ws_sensor_combined/install/px4_ros2_cpp:/root/ws_sensor_combined/install/px4_msgs:/root/ws_sensor_combined/install/px4_ros_com:/root/ws_sensor_combined/install/example_mode_with_executor_cpp:/root/ws_sensor_combined/install/example_mode_vtol_cpp:/root/ws_sensor_combined/install/example_mode_rtl_replacement_cpp:/root/ws_sensor_combined/install/example_mode_manual_cpp:/root/ws_sensor_combined/install/example_mode_goto_global_cpp:/root/ws_sensor_combined/install/example_mode_goto_cpp:/root/ws_sensor_combined/install/example_mode_fw_attitude_cpp:/root/ws_sensor_combined/install/example_local_navigation_cpp:/root/ws_sensor_combined/install/example_global_navigation_cpp:/root/ws_sensor_combined/install/example_executor_with_multiple_modes_cpp:/opt/ros/humble LD_LIBRARY_PATH=/root/ws_sensor_combined/install/px4_ros2_cpp/lib:/root/ws_sensor_combined/install/px4_msgs/lib:/root/ws_sensor_combined/install/px4_ros_com/lib:/opt/ros/humble/opt/rviz_ogre_vendor/lib:/opt/ros/humble/lib/x86_64-linux-gnu:/opt/ros/humble/lib /usr/bin/cmake --install /root/ws_sensor_combined/build/example_mode_fw_attitude_cpp
[1.889s] DEBUG:colcon.colcon_core.event_handler.log_command:Invoked command in '/root/ws_sensor_combined/build/example_mode_goto_global_cpp' returned '0': CMAKE_PREFIX_PATH=/root/ws_sensor_combined/install/px4_ros2_cpp:/root/ws_sensor_combined/install/px4_msgs:/root/ws_sensor_combined/install/px4_ros_com:/root/ws_sensor_combined/install/example_mode_with_executor_cpp:/root/ws_sensor_combined/install/example_mode_vtol_cpp:/root/ws_sensor_combined/install/example_mode_rtl_replacement_cpp:/root/ws_sensor_combined/install/example_mode_manual_cpp:/root/ws_sensor_combined/install/example_mode_goto_global_cpp:/root/ws_sensor_combined/install/example_mode_goto_cpp:/root/ws_sensor_combined/install/example_mode_fw_attitude_cpp:/root/ws_sensor_combined/install/example_local_navigation_cpp:/root/ws_sensor_combined/install/example_global_navigation_cpp:/root/ws_sensor_combined/install/example_executor_with_multiple_modes_cpp:/opt/ros/humble LD_LIBRARY_PATH=/root/ws_sensor_combined/install/px4_ros2_cpp/lib:/root/ws_sensor_combined/install/px4_msgs/lib:/root/ws_sensor_combined/install/px4_ros_com/lib:/opt/ros/humble/opt/rviz_ogre_vendor/lib:/opt/ros/humble/lib/x86_64-linux-gnu:/opt/ros/humble/lib /usr/bin/cmake --build /root/ws_sensor_combined/build/example_mode_goto_global_cpp -- -j20 -l20
[1.893s] Level 1:colcon.colcon_core.environment:create_environment_scripts_only(example_mode_goto_cpp)
[1.894s] Level 1:colcon.colcon_core.environment:checking '/root/ws_sensor_combined/install/example_mode_goto_cpp' for CMake module files
[1.895s] DEBUG:colcon.colcon_core.event_handler.log_command:Invoking command in '/root/ws_sensor_combined/build/example_mode_goto_global_cpp': CMAKE_PREFIX_PATH=/root/ws_sensor_combined/install/px4_ros2_cpp:/root/ws_sensor_combined/install/px4_msgs:/root/ws_sensor_combined/install/px4_ros_com:/root/ws_sensor_combined/install/example_mode_with_executor_cpp:/root/ws_sensor_combined/install/example_mode_vtol_cpp:/root/ws_sensor_combined/install/example_mode_rtl_replacement_cpp:/root/ws_sensor_combined/install/example_mode_manual_cpp:/root/ws_sensor_combined/install/example_mode_goto_global_cpp:/root/ws_sensor_combined/install/example_mode_goto_cpp:/root/ws_sensor_combined/install/example_mode_fw_attitude_cpp:/root/ws_sensor_combined/install/example_local_navigation_cpp:/root/ws_sensor_combined/install/example_global_navigation_cpp:/root/ws_sensor_combined/install/example_executor_with_multiple_modes_cpp:/opt/ros/humble LD_LIBRARY_PATH=/root/ws_sensor_combined/install/px4_ros2_cpp/lib:/root/ws_sensor_combined/install/px4_msgs/lib:/root/ws_sensor_combined/install/px4_ros_com/lib:/opt/ros/humble/opt/rviz_ogre_vendor/lib:/opt/ros/humble/lib/x86_64-linux-gnu:/opt/ros/humble/lib /usr/bin/cmake --install /root/ws_sensor_combined/build/example_mode_goto_global_cpp
[1.896s] DEBUG:colcon.colcon_core.event_handler.log_command:Invoked command in '/root/ws_sensor_combined/build/example_mode_manual_cpp' returned '0': CMAKE_PREFIX_PATH=/root/ws_sensor_combined/install/px4_ros2_cpp:/root/ws_sensor_combined/install/px4_msgs:/root/ws_sensor_combined/install/px4_ros_com:/root/ws_sensor_combined/install/example_mode_with_executor_cpp:/root/ws_sensor_combined/install/example_mode_vtol_cpp:/root/ws_sensor_combined/install/example_mode_rtl_replacement_cpp:/root/ws_sensor_combined/install/example_mode_manual_cpp:/root/ws_sensor_combined/install/example_mode_goto_global_cpp:/root/ws_sensor_combined/install/example_mode_goto_cpp:/root/ws_sensor_combined/install/example_mode_fw_attitude_cpp:/root/ws_sensor_combined/install/example_local_navigation_cpp:/root/ws_sensor_combined/install/example_global_navigation_cpp:/root/ws_sensor_combined/install/example_executor_with_multiple_modes_cpp:/opt/ros/humble LD_LIBRARY_PATH=/root/ws_sensor_combined/install/px4_ros2_cpp/lib:/root/ws_sensor_combined/install/px4_msgs/lib:/root/ws_sensor_combined/install/px4_ros_com/lib:/opt/ros/humble/opt/rviz_ogre_vendor/lib:/opt/ros/humble/lib/x86_64-linux-gnu:/opt/ros/humble/lib /usr/bin/cmake --build /root/ws_sensor_combined/build/example_mode_manual_cpp -- -j20 -l20
[1.896s] DEBUG:colcon.colcon_core.event_handler.log_command:Invoking command in '/root/ws_sensor_combined/build/example_mode_manual_cpp': CMAKE_PREFIX_PATH=/root/ws_sensor_combined/install/px4_ros2_cpp:/root/ws_sensor_combined/install/px4_msgs:/root/ws_sensor_combined/install/px4_ros_com:/root/ws_sensor_combined/install/example_mode_with_executor_cpp:/root/ws_sensor_combined/install/example_mode_vtol_cpp:/root/ws_sensor_combined/install/example_mode_rtl_replacement_cpp:/root/ws_sensor_combined/install/example_mode_manual_cpp:/root/ws_sensor_combined/install/example_mode_goto_global_cpp:/root/ws_sensor_combined/install/example_mode_goto_cpp:/root/ws_sensor_combined/install/example_mode_fw_attitude_cpp:/root/ws_sensor_combined/install/example_local_navigation_cpp:/root/ws_sensor_combined/install/example_global_navigation_cpp:/root/ws_sensor_combined/install/example_executor_with_multiple_modes_cpp:/opt/ros/humble LD_LIBRARY_PATH=/root/ws_sensor_combined/install/px4_ros2_cpp/lib:/root/ws_sensor_combined/install/px4_msgs/lib:/root/ws_sensor_combined/install/px4_ros_com/lib:/opt/ros/humble/opt/rviz_ogre_vendor/lib:/opt/ros/humble/lib/x86_64-linux-gnu:/opt/ros/humble/lib /usr/bin/cmake --install /root/ws_sensor_combined/build/example_mode_manual_cpp
[1.896s] DEBUG:colcon.colcon_core.event_handler.log_command:Invoked command in '/root/ws_sensor_combined/build/example_mode_rtl_replacement_cpp' returned '0': CMAKE_PREFIX_PATH=/root/ws_sensor_combined/install/px4_ros2_cpp:/root/ws_sensor_combined/install/px4_msgs:/root/ws_sensor_combined/install/px4_ros_com:/root/ws_sensor_combined/install/example_mode_with_executor_cpp:/root/ws_sensor_combined/install/example_mode_vtol_cpp:/root/ws_sensor_combined/install/example_mode_rtl_replacement_cpp:/root/ws_sensor_combined/install/example_mode_manual_cpp:/root/ws_sensor_combined/install/example_mode_goto_global_cpp:/root/ws_sensor_combined/install/example_mode_goto_cpp:/root/ws_sensor_combined/install/example_mode_fw_attitude_cpp:/root/ws_sensor_combined/install/example_local_navigation_cpp:/root/ws_sensor_combined/install/example_global_navigation_cpp:/root/ws_sensor_combined/install/example_executor_with_multiple_modes_cpp:/opt/ros/humble LD_LIBRARY_PATH=/root/ws_sensor_combined/install/px4_ros2_cpp/lib:/root/ws_sensor_combined/install/px4_msgs/lib:/root/ws_sensor_combined/install/px4_ros_com/lib:/opt/ros/humble/opt/rviz_ogre_vendor/lib:/opt/ros/humble/lib/x86_64-linux-gnu:/opt/ros/humble/lib /usr/bin/cmake --build /root/ws_sensor_combined/build/example_mode_rtl_replacement_cpp -- -j20 -l20
[1.897s] DEBUG:colcon.colcon_core.event_handler.log_command:Invoking command in '/root/ws_sensor_combined/build/example_mode_rtl_replacement_cpp': CMAKE_PREFIX_PATH=/root/ws_sensor_combined/install/px4_ros2_cpp:/root/ws_sensor_combined/install/px4_msgs:/root/ws_sensor_combined/install/px4_ros_com:/root/ws_sensor_combined/install/example_mode_with_executor_cpp:/root/ws_sensor_combined/install/example_mode_vtol_cpp:/root/ws_sensor_combined/install/example_mode_rtl_replacement_cpp:/root/ws_sensor_combined/install/example_mode_manual_cpp:/root/ws_sensor_combined/install/example_mode_goto_global_cpp:/root/ws_sensor_combined/install/example_mode_goto_cpp:/root/ws_sensor_combined/install/example_mode_fw_attitude_cpp:/root/ws_sensor_combined/install/example_local_navigation_cpp:/root/ws_sensor_combined/install/example_global_navigation_cpp:/root/ws_sensor_combined/install/example_executor_with_multiple_modes_cpp:/opt/ros/humble LD_LIBRARY_PATH=/root/ws_sensor_combined/install/px4_ros2_cpp/lib:/root/ws_sensor_combined/install/px4_msgs/lib:/root/ws_sensor_combined/install/px4_ros_com/lib:/opt/ros/humble/opt/rviz_ogre_vendor/lib:/opt/ros/humble/lib/x86_64-linux-gnu:/opt/ros/humble/lib /usr/bin/cmake --install /root/ws_sensor_combined/build/example_mode_rtl_replacement_cpp
[1.897s] DEBUG:colcon.colcon_core.event_handler.log_command:Invoked command in '/root/ws_sensor_combined/build/example_mode_goto_cpp' returned '0': CMAKE_PREFIX_PATH=/root/ws_sensor_combined/install/px4_ros2_cpp:/root/ws_sensor_combined/install/px4_msgs:/root/ws_sensor_combined/install/px4_ros_com:/root/ws_sensor_combined/install/example_mode_with_executor_cpp:/root/ws_sensor_combined/install/example_mode_vtol_cpp:/root/ws_sensor_combined/install/example_mode_rtl_replacement_cpp:/root/ws_sensor_combined/install/example_mode_manual_cpp:/root/ws_sensor_combined/install/example_mode_goto_global_cpp:/root/ws_sensor_combined/install/example_mode_goto_cpp:/root/ws_sensor_combined/install/example_mode_fw_attitude_cpp:/root/ws_sensor_combined/install/example_local_navigation_cpp:/root/ws_sensor_combined/install/example_global_navigation_cpp:/root/ws_sensor_combined/install/example_executor_with_multiple_modes_cpp:/opt/ros/humble LD_LIBRARY_PATH=/root/ws_sensor_combined/install/px4_ros2_cpp/lib:/root/ws_sensor_combined/install/px4_msgs/lib:/root/ws_sensor_combined/install/px4_ros_com/lib:/opt/ros/humble/opt/rviz_ogre_vendor/lib:/opt/ros/humble/lib/x86_64-linux-gnu:/opt/ros/humble/lib /usr/bin/cmake --install /root/ws_sensor_combined/build/example_mode_goto_cpp
[1.897s] Level 1:colcon.colcon_core.environment:checking '/root/ws_sensor_combined/install/example_mode_goto_cpp' for CMake config files
[1.897s] Level 1:colcon.colcon_core.shell:create_environment_hook('example_mode_goto_cpp', 'cmake_prefix_path')
[1.898s] INFO:colcon.colcon_core.shell:Creating environment hook '/root/ws_sensor_combined/install/example_mode_goto_cpp/share/example_mode_goto_cpp/hook/cmake_prefix_path.ps1'
[1.899s] INFO:colcon.colcon_core.shell:Creating environment descriptor '/root/ws_sensor_combined/install/example_mode_goto_cpp/share/example_mode_goto_cpp/hook/cmake_prefix_path.dsv'
[1.899s] INFO:colcon.colcon_core.shell:Creating environment hook '/root/ws_sensor_combined/install/example_mode_goto_cpp/share/example_mode_goto_cpp/hook/cmake_prefix_path.sh'
[1.900s] Level 1:colcon.colcon_core.environment:checking '/root/ws_sensor_combined/install/example_mode_goto_cpp/lib'
[1.900s] Level 1:colcon.colcon_core.environment:checking '/root/ws_sensor_combined/install/example_mode_goto_cpp/bin'
[1.900s] Level 1:colcon.colcon_core.environment:checking '/root/ws_sensor_combined/install/example_mode_goto_cpp/lib/pkgconfig/example_mode_goto_cpp.pc'
[1.900s] Level 1:colcon.colcon_core.environment:checking '/root/ws_sensor_combined/install/example_mode_goto_cpp/lib/python3.10/site-packages'
[1.900s] Level 1:colcon.colcon_core.environment:checking '/root/ws_sensor_combined/install/example_mode_goto_cpp/bin'
[1.900s] INFO:colcon.colcon_core.shell:Creating package script '/root/ws_sensor_combined/install/example_mode_goto_cpp/share/example_mode_goto_cpp/package.ps1'
[1.901s] INFO:colcon.colcon_core.shell:Creating package descriptor '/root/ws_sensor_combined/install/example_mode_goto_cpp/share/example_mode_goto_cpp/package.dsv'
[1.901s] INFO:colcon.colcon_core.shell:Creating package script '/root/ws_sensor_combined/install/example_mode_goto_cpp/share/example_mode_goto_cpp/package.sh'
[1.901s] INFO:colcon.colcon_core.shell:Creating package script '/root/ws_sensor_combined/install/example_mode_goto_cpp/share/example_mode_goto_cpp/package.bash'
[1.901s] INFO:colcon.colcon_core.shell:Creating package script '/root/ws_sensor_combined/install/example_mode_goto_cpp/share/example_mode_goto_cpp/package.zsh'
[1.902s] Level 1:colcon.colcon_core.environment:create_file_with_runtime_dependencies(/root/ws_sensor_combined/install/example_mode_goto_cpp/share/colcon-core/packages/example_mode_goto_cpp)
[1.902s] Level 1:colcon.colcon_core.environment:create_environment_scripts_only(example_mode_goto_cpp)
[1.902s] Level 1:colcon.colcon_core.environment:checking '/root/ws_sensor_combined/install/example_mode_goto_cpp' for CMake module files
[1.903s] Level 1:colcon.colcon_core.environment:checking '/root/ws_sensor_combined/install/example_mode_goto_cpp' for CMake config files
[1.903s] Level 1:colcon.colcon_core.shell:create_environment_hook('example_mode_goto_cpp', 'cmake_prefix_path')
[1.903s] INFO:colcon.colcon_core.shell:Creating environment hook '/root/ws_sensor_combined/install/example_mode_goto_cpp/share/example_mode_goto_cpp/hook/cmake_prefix_path.ps1'
[1.904s] INFO:colcon.colcon_core.shell:Creating environment descriptor '/root/ws_sensor_combined/install/example_mode_goto_cpp/share/example_mode_goto_cpp/hook/cmake_prefix_path.dsv'
[1.904s] INFO:colcon.colcon_core.shell:Creating environment hook '/root/ws_sensor_combined/install/example_mode_goto_cpp/share/example_mode_goto_cpp/hook/cmake_prefix_path.sh'
[1.905s] Level 1:colcon.colcon_core.environment:checking '/root/ws_sensor_combined/install/example_mode_goto_cpp/lib'
[1.905s] Level 1:colcon.colcon_core.environment:checking '/root/ws_sensor_combined/install/example_mode_goto_cpp/bin'
[1.905s] Level 1:colcon.colcon_core.environment:checking '/root/ws_sensor_combined/install/example_mode_goto_cpp/lib/pkgconfig/example_mode_goto_cpp.pc'
[1.905s] Level 1:colcon.colcon_core.environment:checking '/root/ws_sensor_combined/install/example_mode_goto_cpp/lib/python3.10/site-packages'
[1.905s] Level 1:colcon.colcon_core.environment:checking '/root/ws_sensor_combined/install/example_mode_goto_cpp/bin'
[1.905s] INFO:colcon.colcon_core.shell:Creating package script '/root/ws_sensor_combined/install/example_mode_goto_cpp/share/example_mode_goto_cpp/package.ps1'
[1.906s] INFO:colcon.colcon_core.shell:Creating package descriptor '/root/ws_sensor_combined/install/example_mode_goto_cpp/share/example_mode_goto_cpp/package.dsv'
[1.906s] INFO:colcon.colcon_core.shell:Creating package script '/root/ws_sensor_combined/install/example_mode_goto_cpp/share/example_mode_goto_cpp/package.sh'
[1.906s] INFO:colcon.colcon_core.shell:Creating package script '/root/ws_sensor_combined/install/example_mode_goto_cpp/share/example_mode_goto_cpp/package.bash'
[1.907s] INFO:colcon.colcon_core.shell:Creating package script '/root/ws_sensor_combined/install/example_mode_goto_cpp/share/example_mode_goto_cpp/package.zsh'
[1.907s] Level 1:colcon.colcon_core.environment:create_file_with_runtime_dependencies(/root/ws_sensor_combined/install/example_mode_goto_cpp/share/colcon-core/packages/example_mode_goto_cpp)
[1.910s] Level 1:colcon.colcon_core.environment:create_environment_scripts_only(example_executor_with_multiple_modes_cpp)
[1.911s] Level 1:colcon.colcon_core.environment:checking '/root/ws_sensor_combined/install/example_executor_with_multiple_modes_cpp' for CMake module files
[1.913s] DEBUG:colcon.colcon_core.event_handler.log_command:Invoked command in '/root/ws_sensor_combined/build/example_executor_with_multiple_modes_cpp' returned '0': CMAKE_PREFIX_PATH=/root/ws_sensor_combined/install/px4_ros2_cpp:/root/ws_sensor_combined/install/px4_msgs:/root/ws_sensor_combined/install/px4_ros_com:/root/ws_sensor_combined/install/example_mode_with_executor_cpp:/root/ws_sensor_combined/install/example_mode_vtol_cpp:/root/ws_sensor_combined/install/example_mode_rtl_replacement_cpp:/root/ws_sensor_combined/install/example_mode_manual_cpp:/root/ws_sensor_combined/install/example_mode_goto_global_cpp:/root/ws_sensor_combined/install/example_mode_goto_cpp:/root/ws_sensor_combined/install/example_mode_fw_attitude_cpp:/root/ws_sensor_combined/install/example_local_navigation_cpp:/root/ws_sensor_combined/install/example_global_navigation_cpp:/root/ws_sensor_combined/install/example_executor_with_multiple_modes_cpp:/opt/ros/humble LD_LIBRARY_PATH=/root/ws_sensor_combined/install/px4_ros2_cpp/lib:/root/ws_sensor_combined/install/px4_msgs/lib:/root/ws_sensor_combined/install/px4_ros_com/lib:/opt/ros/humble/opt/rviz_ogre_vendor/lib:/opt/ros/humble/lib/x86_64-linux-gnu:/opt/ros/humble/lib /usr/bin/cmake --install /root/ws_sensor_combined/build/example_executor_with_multiple_modes_cpp
[1.915s] Level 1:colcon.colcon_core.environment:checking '/root/ws_sensor_combined/install/example_executor_with_multiple_modes_cpp' for CMake config files
[1.921s] Level 1:colcon.colcon_core.shell:create_environment_hook('example_executor_with_multiple_modes_cpp', 'cmake_prefix_path')
[1.921s] INFO:colcon.colcon_core.shell:Creating environment hook '/root/ws_sensor_combined/install/example_executor_with_multiple_modes_cpp/share/example_executor_with_multiple_modes_cpp/hook/cmake_prefix_path.ps1'
[1.921s] INFO:colcon.colcon_core.shell:Creating environment descriptor '/root/ws_sensor_combined/install/example_executor_with_multiple_modes_cpp/share/example_executor_with_multiple_modes_cpp/hook/cmake_prefix_path.dsv'
[1.921s] INFO:colcon.colcon_core.shell:Creating environment hook '/root/ws_sensor_combined/install/example_executor_with_multiple_modes_cpp/share/example_executor_with_multiple_modes_cpp/hook/cmake_prefix_path.sh'
[1.922s] Level 1:colcon.colcon_core.environment:checking '/root/ws_sensor_combined/install/example_executor_with_multiple_modes_cpp/lib'
[1.922s] Level 1:colcon.colcon_core.environment:checking '/root/ws_sensor_combined/install/example_executor_with_multiple_modes_cpp/bin'
[1.922s] Level 1:colcon.colcon_core.environment:checking '/root/ws_sensor_combined/install/example_executor_with_multiple_modes_cpp/lib/pkgconfig/example_executor_with_multiple_modes_cpp.pc'
[1.922s] Level 1:colcon.colcon_core.environment:checking '/root/ws_sensor_combined/install/example_executor_with_multiple_modes_cpp/lib/python3.10/site-packages'
[1.923s] Level 1:colcon.colcon_core.environment:checking '/root/ws_sensor_combined/install/example_executor_with_multiple_modes_cpp/bin'
[1.923s] INFO:colcon.colcon_core.shell:Creating package script '/root/ws_sensor_combined/install/example_executor_with_multiple_modes_cpp/share/example_executor_with_multiple_modes_cpp/package.ps1'
[1.923s] INFO:colcon.colcon_core.shell:Creating package descriptor '/root/ws_sensor_combined/install/example_executor_with_multiple_modes_cpp/share/example_executor_with_multiple_modes_cpp/package.dsv'
[1.924s] INFO:colcon.colcon_core.shell:Creating package script '/root/ws_sensor_combined/install/example_executor_with_multiple_modes_cpp/share/example_executor_with_multiple_modes_cpp/package.sh'
[1.924s] INFO:colcon.colcon_core.shell:Creating package script '/root/ws_sensor_combined/install/example_executor_with_multiple_modes_cpp/share/example_executor_with_multiple_modes_cpp/package.bash'
[1.924s] INFO:colcon.colcon_core.shell:Creating package script '/root/ws_sensor_combined/install/example_executor_with_multiple_modes_cpp/share/example_executor_with_multiple_modes_cpp/package.zsh'
[1.924s] Level 1:colcon.colcon_core.environment:create_file_with_runtime_dependencies(/root/ws_sensor_combined/install/example_executor_with_multiple_modes_cpp/share/colcon-core/packages/example_executor_with_multiple_modes_cpp)
[1.925s] Level 1:colcon.colcon_core.environment:create_environment_scripts_only(example_executor_with_multiple_modes_cpp)
[1.925s] Level 1:colcon.colcon_core.environment:checking '/root/ws_sensor_combined/install/example_executor_with_multiple_modes_cpp' for CMake module files
[1.925s] Level 1:colcon.colcon_core.environment:checking '/root/ws_sensor_combined/install/example_executor_with_multiple_modes_cpp' for CMake config files
[1.925s] Level 1:colcon.colcon_core.shell:create_environment_hook('example_executor_with_multiple_modes_cpp', 'cmake_prefix_path')
[1.925s] INFO:colcon.colcon_core.shell:Creating environment hook '/root/ws_sensor_combined/install/example_executor_with_multiple_modes_cpp/share/example_executor_with_multiple_modes_cpp/hook/cmake_prefix_path.ps1'
[1.926s] INFO:colcon.colcon_core.shell:Creating environment descriptor '/root/ws_sensor_combined/install/example_executor_with_multiple_modes_cpp/share/example_executor_with_multiple_modes_cpp/hook/cmake_prefix_path.dsv'
[1.926s] INFO:colcon.colcon_core.shell:Creating environment hook '/root/ws_sensor_combined/install/example_executor_with_multiple_modes_cpp/share/example_executor_with_multiple_modes_cpp/hook/cmake_prefix_path.sh'
[1.926s] Level 1:colcon.colcon_core.environment:checking '/root/ws_sensor_combined/install/example_executor_with_multiple_modes_cpp/lib'
[1.926s] Level 1:colcon.colcon_core.environment:checking '/root/ws_sensor_combined/install/example_executor_with_multiple_modes_cpp/bin'
[1.926s] Level 1:colcon.colcon_core.environment:checking '/root/ws_sensor_combined/install/example_executor_with_multiple_modes_cpp/lib/pkgconfig/example_executor_with_multiple_modes_cpp.pc'
[1.927s] Level 1:colcon.colcon_core.environment:checking '/root/ws_sensor_combined/install/example_executor_with_multiple_modes_cpp/lib/python3.10/site-packages'
[1.927s] Level 1:colcon.colcon_core.environment:checking '/root/ws_sensor_combined/install/example_executor_with_multiple_modes_cpp/bin'
[1.927s] INFO:colcon.colcon_core.shell:Creating package script '/root/ws_sensor_combined/install/example_executor_with_multiple_modes_cpp/share/example_executor_with_multiple_modes_cpp/package.ps1'
[1.927s] INFO:colcon.colcon_core.shell:Creating package descriptor '/root/ws_sensor_combined/install/example_executor_with_multiple_modes_cpp/share/example_executor_with_multiple_modes_cpp/package.dsv'
[1.927s] INFO:colcon.colcon_core.shell:Creating package script '/root/ws_sensor_combined/install/example_executor_with_multiple_modes_cpp/share/example_executor_with_multiple_modes_cpp/package.sh'
[1.928s] INFO:colcon.colcon_core.shell:Creating package script '/root/ws_sensor_combined/install/example_executor_with_multiple_modes_cpp/share/example_executor_with_multiple_modes_cpp/package.bash'
[1.928s] INFO:colcon.colcon_core.shell:Creating package script '/root/ws_sensor_combined/install/example_executor_with_multiple_modes_cpp/share/example_executor_with_multiple_modes_cpp/package.zsh'
[1.929s] Level 1:colcon.colcon_core.environment:create_file_with_runtime_dependencies(/root/ws_sensor_combined/install/example_executor_with_multiple_modes_cpp/share/colcon-core/packages/example_executor_with_multiple_modes_cpp)
[1.929s] Level 1:colcon.colcon_core.environment:create_environment_scripts_only(example_local_navigation_cpp)
[1.929s] Level 1:colcon.colcon_core.environment:checking '/root/ws_sensor_combined/install/example_local_navigation_cpp' for CMake module files
[1.930s] DEBUG:colcon.colcon_core.event_handler.log_command:Invoked command in '/root/ws_sensor_combined/build/example_local_navigation_cpp' returned '0': CMAKE_PREFIX_PATH=/root/ws_sensor_combined/install/px4_ros2_cpp:/root/ws_sensor_combined/install/px4_msgs:/root/ws_sensor_combined/install/px4_ros_com:/root/ws_sensor_combined/install/example_mode_with_executor_cpp:/root/ws_sensor_combined/install/example_mode_vtol_cpp:/root/ws_sensor_combined/install/example_mode_rtl_replacement_cpp:/root/ws_sensor_combined/install/example_mode_manual_cpp:/root/ws_sensor_combined/install/example_mode_goto_global_cpp:/root/ws_sensor_combined/install/example_mode_goto_cpp:/root/ws_sensor_combined/install/example_mode_fw_attitude_cpp:/root/ws_sensor_combined/install/example_local_navigation_cpp:/root/ws_sensor_combined/install/example_global_navigation_cpp:/root/ws_sensor_combined/install/example_executor_with_multiple_modes_cpp:/opt/ros/humble LD_LIBRARY_PATH=/root/ws_sensor_combined/install/px4_ros2_cpp/lib:/root/ws_sensor_combined/install/px4_msgs/lib:/root/ws_sensor_combined/install/px4_ros_com/lib:/opt/ros/humble/opt/rviz_ogre_vendor/lib:/opt/ros/humble/lib/x86_64-linux-gnu:/opt/ros/humble/lib /usr/bin/cmake --install /root/ws_sensor_combined/build/example_local_navigation_cpp
[1.930s] Level 1:colcon.colcon_core.environment:checking '/root/ws_sensor_combined/install/example_local_navigation_cpp' for CMake config files
[1.930s] Level 1:colcon.colcon_core.shell:create_environment_hook('example_local_navigation_cpp', 'cmake_prefix_path')
[1.931s] INFO:colcon.colcon_core.shell:Creating environment hook '/root/ws_sensor_combined/install/example_local_navigation_cpp/share/example_local_navigation_cpp/hook/cmake_prefix_path.ps1'
[1.931s] INFO:colcon.colcon_core.shell:Creating environment descriptor '/root/ws_sensor_combined/install/example_local_navigation_cpp/share/example_local_navigation_cpp/hook/cmake_prefix_path.dsv'
[1.931s] INFO:colcon.colcon_core.shell:Creating environment hook '/root/ws_sensor_combined/install/example_local_navigation_cpp/share/example_local_navigation_cpp/hook/cmake_prefix_path.sh'
[1.932s] Level 1:colcon.colcon_core.environment:checking '/root/ws_sensor_combined/install/example_local_navigation_cpp/lib'
[1.932s] Level 1:colcon.colcon_core.environment:checking '/root/ws_sensor_combined/install/example_local_navigation_cpp/bin'
[1.932s] Level 1:colcon.colcon_core.environment:checking '/root/ws_sensor_combined/install/example_local_navigation_cpp/lib/pkgconfig/example_local_navigation_cpp.pc'
[1.932s] Level 1:colcon.colcon_core.environment:checking '/root/ws_sensor_combined/install/example_local_navigation_cpp/lib/python3.10/site-packages'
[1.932s] Level 1:colcon.colcon_core.environment:checking '/root/ws_sensor_combined/install/example_local_navigation_cpp/bin'
[1.932s] INFO:colcon.colcon_core.shell:Creating package script '/root/ws_sensor_combined/install/example_local_navigation_cpp/share/example_local_navigation_cpp/package.ps1'
[1.933s] INFO:colcon.colcon_core.shell:Creating package descriptor '/root/ws_sensor_combined/install/example_local_navigation_cpp/share/example_local_navigation_cpp/package.dsv'
[1.933s] INFO:colcon.colcon_core.shell:Creating package script '/root/ws_sensor_combined/install/example_local_navigation_cpp/share/example_local_navigation_cpp/package.sh'
[1.933s] INFO:colcon.colcon_core.shell:Creating package script '/root/ws_sensor_combined/install/example_local_navigation_cpp/share/example_local_navigation_cpp/package.bash'
[1.934s] INFO:colcon.colcon_core.shell:Creating package script '/root/ws_sensor_combined/install/example_local_navigation_cpp/share/example_local_navigation_cpp/package.zsh'
[1.934s] Level 1:colcon.colcon_core.environment:create_file_with_runtime_dependencies(/root/ws_sensor_combined/install/example_local_navigation_cpp/share/colcon-core/packages/example_local_navigation_cpp)
[1.934s] Level 1:colcon.colcon_core.environment:create_environment_scripts_only(example_local_navigation_cpp)
[1.934s] Level 1:colcon.colcon_core.environment:checking '/root/ws_sensor_combined/install/example_local_navigation_cpp' for CMake module files
[1.935s] Level 1:colcon.colcon_core.environment:checking '/root/ws_sensor_combined/install/example_local_navigation_cpp' for CMake config files
[1.935s] Level 1:colcon.colcon_core.shell:create_environment_hook('example_local_navigation_cpp', 'cmake_prefix_path')
[1.935s] INFO:colcon.colcon_core.shell:Creating environment hook '/root/ws_sensor_combined/install/example_local_navigation_cpp/share/example_local_navigation_cpp/hook/cmake_prefix_path.ps1'
[1.936s] INFO:colcon.colcon_core.shell:Creating environment descriptor '/root/ws_sensor_combined/install/example_local_navigation_cpp/share/example_local_navigation_cpp/hook/cmake_prefix_path.dsv'
[1.936s] INFO:colcon.colcon_core.shell:Creating environment hook '/root/ws_sensor_combined/install/example_local_navigation_cpp/share/example_local_navigation_cpp/hook/cmake_prefix_path.sh'
[1.936s] Level 1:colcon.colcon_core.environment:checking '/root/ws_sensor_combined/install/example_local_navigation_cpp/lib'
[1.937s] Level 1:colcon.colcon_core.environment:checking '/root/ws_sensor_combined/install/example_local_navigation_cpp/bin'
[1.937s] Level 1:colcon.colcon_core.environment:checking '/root/ws_sensor_combined/install/example_local_navigation_cpp/lib/pkgconfig/example_local_navigation_cpp.pc'
[1.937s] Level 1:colcon.colcon_core.environment:checking '/root/ws_sensor_combined/install/example_local_navigation_cpp/lib/python3.10/site-packages'
[1.937s] Level 1:colcon.colcon_core.environment:checking '/root/ws_sensor_combined/install/example_local_navigation_cpp/bin'
[1.937s] INFO:colcon.colcon_core.shell:Creating package script '/root/ws_sensor_combined/install/example_local_navigation_cpp/share/example_local_navigation_cpp/package.ps1'
[1.938s] INFO:colcon.colcon_core.shell:Creating package descriptor '/root/ws_sensor_combined/install/example_local_navigation_cpp/share/example_local_navigation_cpp/package.dsv'
[1.938s] INFO:colcon.colcon_core.shell:Creating package script '/root/ws_sensor_combined/install/example_local_navigation_cpp/share/example_local_navigation_cpp/package.sh'
[1.938s] INFO:colcon.colcon_core.shell:Creating package script '/root/ws_sensor_combined/install/example_local_navigation_cpp/share/example_local_navigation_cpp/package.bash'
[1.939s] INFO:colcon.colcon_core.shell:Creating package script '/root/ws_sensor_combined/install/example_local_navigation_cpp/share/example_local_navigation_cpp/package.zsh'
[1.939s] Level 1:colcon.colcon_core.environment:create_file_with_runtime_dependencies(/root/ws_sensor_combined/install/example_local_navigation_cpp/share/colcon-core/packages/example_local_navigation_cpp)
[1.942s] Level 1:colcon.colcon_core.environment:create_environment_scripts_only(example_mode_fw_attitude_cpp)
[1.942s] Level 1:colcon.colcon_core.environment:checking '/root/ws_sensor_combined/install/example_mode_fw_attitude_cpp' for CMake module files
[1.943s] DEBUG:colcon.colcon_core.event_handler.log_command:Invoked command in '/root/ws_sensor_combined/build/example_mode_fw_attitude_cpp' returned '0': CMAKE_PREFIX_PATH=/root/ws_sensor_combined/install/px4_ros2_cpp:/root/ws_sensor_combined/install/px4_msgs:/root/ws_sensor_combined/install/px4_ros_com:/root/ws_sensor_combined/install/example_mode_with_executor_cpp:/root/ws_sensor_combined/install/example_mode_vtol_cpp:/root/ws_sensor_combined/install/example_mode_rtl_replacement_cpp:/root/ws_sensor_combined/install/example_mode_manual_cpp:/root/ws_sensor_combined/install/example_mode_goto_global_cpp:/root/ws_sensor_combined/install/example_mode_goto_cpp:/root/ws_sensor_combined/install/example_mode_fw_attitude_cpp:/root/ws_sensor_combined/install/example_local_navigation_cpp:/root/ws_sensor_combined/install/example_global_navigation_cpp:/root/ws_sensor_combined/install/example_executor_with_multiple_modes_cpp:/opt/ros/humble LD_LIBRARY_PATH=/root/ws_sensor_combined/install/px4_ros2_cpp/lib:/root/ws_sensor_combined/install/px4_msgs/lib:/root/ws_sensor_combined/install/px4_ros_com/lib:/opt/ros/humble/opt/rviz_ogre_vendor/lib:/opt/ros/humble/lib/x86_64-linux-gnu:/opt/ros/humble/lib /usr/bin/cmake --install /root/ws_sensor_combined/build/example_mode_fw_attitude_cpp
[1.943s] Level 1:colcon.colcon_core.environment:checking '/root/ws_sensor_combined/install/example_mode_fw_attitude_cpp' for CMake config files
[1.943s] Level 1:colcon.colcon_core.shell:create_environment_hook('example_mode_fw_attitude_cpp', 'cmake_prefix_path')
[1.943s] INFO:colcon.colcon_core.shell:Creating environment hook '/root/ws_sensor_combined/install/example_mode_fw_attitude_cpp/share/example_mode_fw_attitude_cpp/hook/cmake_prefix_path.ps1'
[1.944s] INFO:colcon.colcon_core.shell:Creating environment descriptor '/root/ws_sensor_combined/install/example_mode_fw_attitude_cpp/share/example_mode_fw_attitude_cpp/hook/cmake_prefix_path.dsv'
[1.944s] INFO:colcon.colcon_core.shell:Creating environment hook '/root/ws_sensor_combined/install/example_mode_fw_attitude_cpp/share/example_mode_fw_attitude_cpp/hook/cmake_prefix_path.sh'
[1.944s] Level 1:colcon.colcon_core.environment:checking '/root/ws_sensor_combined/install/example_mode_fw_attitude_cpp/lib'
[1.944s] Level 1:colcon.colcon_core.environment:checking '/root/ws_sensor_combined/install/example_mode_fw_attitude_cpp/bin'
[1.944s] Level 1:colcon.colcon_core.environment:checking '/root/ws_sensor_combined/install/example_mode_fw_attitude_cpp/lib/pkgconfig/example_mode_fw_attitude_cpp.pc'
[1.945s] Level 1:colcon.colcon_core.environment:checking '/root/ws_sensor_combined/install/example_mode_fw_attitude_cpp/lib/python3.10/site-packages'
[1.945s] Level 1:colcon.colcon_core.environment:checking '/root/ws_sensor_combined/install/example_mode_fw_attitude_cpp/bin'
[1.945s] INFO:colcon.colcon_core.shell:Creating package script '/root/ws_sensor_combined/install/example_mode_fw_attitude_cpp/share/example_mode_fw_attitude_cpp/package.ps1'
[1.945s] INFO:colcon.colcon_core.shell:Creating package descriptor '/root/ws_sensor_combined/install/example_mode_fw_attitude_cpp/share/example_mode_fw_attitude_cpp/package.dsv'
[1.946s] INFO:colcon.colcon_core.shell:Creating package script '/root/ws_sensor_combined/install/example_mode_fw_attitude_cpp/share/example_mode_fw_attitude_cpp/package.sh'
[1.946s] INFO:colcon.colcon_core.shell:Creating package script '/root/ws_sensor_combined/install/example_mode_fw_attitude_cpp/share/example_mode_fw_attitude_cpp/package.bash'
[1.946s] INFO:colcon.colcon_core.shell:Creating package script '/root/ws_sensor_combined/install/example_mode_fw_attitude_cpp/share/example_mode_fw_attitude_cpp/package.zsh'
[1.947s] Level 1:colcon.colcon_core.environment:create_file_with_runtime_dependencies(/root/ws_sensor_combined/install/example_mode_fw_attitude_cpp/share/colcon-core/packages/example_mode_fw_attitude_cpp)
[1.947s] Level 1:colcon.colcon_core.environment:create_environment_scripts_only(example_mode_fw_attitude_cpp)
[1.948s] Level 1:colcon.colcon_core.environment:checking '/root/ws_sensor_combined/install/example_mode_fw_attitude_cpp' for CMake module files
[1.948s] Level 1:colcon.colcon_core.environment:checking '/root/ws_sensor_combined/install/example_mode_fw_attitude_cpp' for CMake config files
[1.948s] Level 1:colcon.colcon_core.shell:create_environment_hook('example_mode_fw_attitude_cpp', 'cmake_prefix_path')
[1.948s] INFO:colcon.colcon_core.shell:Creating environment hook '/root/ws_sensor_combined/install/example_mode_fw_attitude_cpp/share/example_mode_fw_attitude_cpp/hook/cmake_prefix_path.ps1'
[1.948s] INFO:colcon.colcon_core.shell:Creating environment descriptor '/root/ws_sensor_combined/install/example_mode_fw_attitude_cpp/share/example_mode_fw_attitude_cpp/hook/cmake_prefix_path.dsv'
[1.949s] INFO:colcon.colcon_core.shell:Creating environment hook '/root/ws_sensor_combined/install/example_mode_fw_attitude_cpp/share/example_mode_fw_attitude_cpp/hook/cmake_prefix_path.sh'
[1.949s] Level 1:colcon.colcon_core.environment:checking '/root/ws_sensor_combined/install/example_mode_fw_attitude_cpp/lib'
[1.949s] Level 1:colcon.colcon_core.environment:checking '/root/ws_sensor_combined/install/example_mode_fw_attitude_cpp/bin'
[1.949s] Level 1:colcon.colcon_core.environment:checking '/root/ws_sensor_combined/install/example_mode_fw_attitude_cpp/lib/pkgconfig/example_mode_fw_attitude_cpp.pc'
[1.949s] Level 1:colcon.colcon_core.environment:checking '/root/ws_sensor_combined/install/example_mode_fw_attitude_cpp/lib/python3.10/site-packages'
[1.949s] Level 1:colcon.colcon_core.environment:checking '/root/ws_sensor_combined/install/example_mode_fw_attitude_cpp/bin'
[1.950s] INFO:colcon.colcon_core.shell:Creating package script '/root/ws_sensor_combined/install/example_mode_fw_attitude_cpp/share/example_mode_fw_attitude_cpp/package.ps1'
[1.950s] INFO:colcon.colcon_core.shell:Creating package descriptor '/root/ws_sensor_combined/install/example_mode_fw_attitude_cpp/share/example_mode_fw_attitude_cpp/package.dsv'
[1.950s] INFO:colcon.colcon_core.shell:Creating package script '/root/ws_sensor_combined/install/example_mode_fw_attitude_cpp/share/example_mode_fw_attitude_cpp/package.sh'
[1.950s] INFO:colcon.colcon_core.shell:Creating package script '/root/ws_sensor_combined/install/example_mode_fw_attitude_cpp/share/example_mode_fw_attitude_cpp/package.bash'
[1.951s] INFO:colcon.colcon_core.shell:Creating package script '/root/ws_sensor_combined/install/example_mode_fw_attitude_cpp/share/example_mode_fw_attitude_cpp/package.zsh'
[1.951s] Level 1:colcon.colcon_core.environment:create_file_with_runtime_dependencies(/root/ws_sensor_combined/install/example_mode_fw_attitude_cpp/share/colcon-core/packages/example_mode_fw_attitude_cpp)
[1.954s] DEBUG:colcon.colcon_core.event_handler.log_command:Invoked command in '/root/ws_sensor_combined/build/example_mode_with_executor_cpp' returned '0': CMAKE_PREFIX_PATH=/root/ws_sensor_combined/install/px4_ros2_cpp:/root/ws_sensor_combined/install/px4_msgs:/root/ws_sensor_combined/install/px4_ros_com:/root/ws_sensor_combined/install/example_mode_with_executor_cpp:/root/ws_sensor_combined/install/example_mode_vtol_cpp:/root/ws_sensor_combined/install/example_mode_rtl_replacement_cpp:/root/ws_sensor_combined/install/example_mode_manual_cpp:/root/ws_sensor_combined/install/example_mode_goto_global_cpp:/root/ws_sensor_combined/install/example_mode_goto_cpp:/root/ws_sensor_combined/install/example_mode_fw_attitude_cpp:/root/ws_sensor_combined/install/example_local_navigation_cpp:/root/ws_sensor_combined/install/example_global_navigation_cpp:/root/ws_sensor_combined/install/example_executor_with_multiple_modes_cpp:/opt/ros/humble LD_LIBRARY_PATH=/root/ws_sensor_combined/install/px4_ros2_cpp/lib:/root/ws_sensor_combined/install/px4_msgs/lib:/root/ws_sensor_combined/install/px4_ros_com/lib:/opt/ros/humble/opt/rviz_ogre_vendor/lib:/opt/ros/humble/lib/x86_64-linux-gnu:/opt/ros/humble/lib /usr/bin/cmake --build /root/ws_sensor_combined/build/example_mode_with_executor_cpp -- -j20 -l20
[1.956s] Level 1:colcon.colcon_core.environment:create_environment_scripts_only(example_mode_goto_global_cpp)
[1.956s] DEBUG:colcon.colcon_core.event_handler.log_command:Invoking command in '/root/ws_sensor_combined/build/example_mode_with_executor_cpp': CMAKE_PREFIX_PATH=/root/ws_sensor_combined/install/px4_ros2_cpp:/root/ws_sensor_combined/install/px4_msgs:/root/ws_sensor_combined/install/px4_ros_com:/root/ws_sensor_combined/install/example_mode_with_executor_cpp:/root/ws_sensor_combined/install/example_mode_vtol_cpp:/root/ws_sensor_combined/install/example_mode_rtl_replacement_cpp:/root/ws_sensor_combined/install/example_mode_manual_cpp:/root/ws_sensor_combined/install/example_mode_goto_global_cpp:/root/ws_sensor_combined/install/example_mode_goto_cpp:/root/ws_sensor_combined/install/example_mode_fw_attitude_cpp:/root/ws_sensor_combined/install/example_local_navigation_cpp:/root/ws_sensor_combined/install/example_global_navigation_cpp:/root/ws_sensor_combined/install/example_executor_with_multiple_modes_cpp:/opt/ros/humble LD_LIBRARY_PATH=/root/ws_sensor_combined/install/px4_ros2_cpp/lib:/root/ws_sensor_combined/install/px4_msgs/lib:/root/ws_sensor_combined/install/px4_ros_com/lib:/opt/ros/humble/opt/rviz_ogre_vendor/lib:/opt/ros/humble/lib/x86_64-linux-gnu:/opt/ros/humble/lib /usr/bin/cmake --install /root/ws_sensor_combined/build/example_mode_with_executor_cpp
[1.956s] Level 1:colcon.colcon_core.environment:checking '/root/ws_sensor_combined/install/example_mode_goto_global_cpp' for CMake module files
[1.957s] DEBUG:colcon.colcon_core.event_handler.log_command:Invoked command in '/root/ws_sensor_combined/build/example_mode_vtol_cpp' returned '0': CMAKE_PREFIX_PATH=/root/ws_sensor_combined/install/px4_ros2_cpp:/root/ws_sensor_combined/install/px4_msgs:/root/ws_sensor_combined/install/px4_ros_com:/root/ws_sensor_combined/install/example_mode_with_executor_cpp:/root/ws_sensor_combined/install/example_mode_vtol_cpp:/root/ws_sensor_combined/install/example_mode_rtl_replacement_cpp:/root/ws_sensor_combined/install/example_mode_manual_cpp:/root/ws_sensor_combined/install/example_mode_goto_global_cpp:/root/ws_sensor_combined/install/example_mode_goto_cpp:/root/ws_sensor_combined/install/example_mode_fw_attitude_cpp:/root/ws_sensor_combined/install/example_local_navigation_cpp:/root/ws_sensor_combined/install/example_global_navigation_cpp:/root/ws_sensor_combined/install/example_executor_with_multiple_modes_cpp:/opt/ros/humble LD_LIBRARY_PATH=/root/ws_sensor_combined/install/px4_ros2_cpp/lib:/root/ws_sensor_combined/install/px4_msgs/lib:/root/ws_sensor_combined/install/px4_ros_com/lib:/opt/ros/humble/opt/rviz_ogre_vendor/lib:/opt/ros/humble/lib/x86_64-linux-gnu:/opt/ros/humble/lib /usr/bin/cmake --build /root/ws_sensor_combined/build/example_mode_vtol_cpp -- -j20 -l20
[1.957s] Level 1:colcon.colcon_core.environment:checking '/root/ws_sensor_combined/install/example_mode_goto_global_cpp' for CMake config files
[1.957s] DEBUG:colcon.colcon_core.event_handler.log_command:Invoking command in '/root/ws_sensor_combined/build/example_mode_vtol_cpp': CMAKE_PREFIX_PATH=/root/ws_sensor_combined/install/px4_ros2_cpp:/root/ws_sensor_combined/install/px4_msgs:/root/ws_sensor_combined/install/px4_ros_com:/root/ws_sensor_combined/install/example_mode_with_executor_cpp:/root/ws_sensor_combined/install/example_mode_vtol_cpp:/root/ws_sensor_combined/install/example_mode_rtl_replacement_cpp:/root/ws_sensor_combined/install/example_mode_manual_cpp:/root/ws_sensor_combined/install/example_mode_goto_global_cpp:/root/ws_sensor_combined/install/example_mode_goto_cpp:/root/ws_sensor_combined/install/example_mode_fw_attitude_cpp:/root/ws_sensor_combined/install/example_local_navigation_cpp:/root/ws_sensor_combined/install/example_global_navigation_cpp:/root/ws_sensor_combined/install/example_executor_with_multiple_modes_cpp:/opt/ros/humble LD_LIBRARY_PATH=/root/ws_sensor_combined/install/px4_ros2_cpp/lib:/root/ws_sensor_combined/install/px4_msgs/lib:/root/ws_sensor_combined/install/px4_ros_com/lib:/opt/ros/humble/opt/rviz_ogre_vendor/lib:/opt/ros/humble/lib/x86_64-linux-gnu:/opt/ros/humble/lib /usr/bin/cmake --install /root/ws_sensor_combined/build/example_mode_vtol_cpp
[1.958s] DEBUG:colcon.colcon_core.event_handler.log_command:Invoked command in '/root/ws_sensor_combined/build/example_mode_goto_global_cpp' returned '0': CMAKE_PREFIX_PATH=/root/ws_sensor_combined/install/px4_ros2_cpp:/root/ws_sensor_combined/install/px4_msgs:/root/ws_sensor_combined/install/px4_ros_com:/root/ws_sensor_combined/install/example_mode_with_executor_cpp:/root/ws_sensor_combined/install/example_mode_vtol_cpp:/root/ws_sensor_combined/install/example_mode_rtl_replacement_cpp:/root/ws_sensor_combined/install/example_mode_manual_cpp:/root/ws_sensor_combined/install/example_mode_goto_global_cpp:/root/ws_sensor_combined/install/example_mode_goto_cpp:/root/ws_sensor_combined/install/example_mode_fw_attitude_cpp:/root/ws_sensor_combined/install/example_local_navigation_cpp:/root/ws_sensor_combined/install/example_global_navigation_cpp:/root/ws_sensor_combined/install/example_executor_with_multiple_modes_cpp:/opt/ros/humble LD_LIBRARY_PATH=/root/ws_sensor_combined/install/px4_ros2_cpp/lib:/root/ws_sensor_combined/install/px4_msgs/lib:/root/ws_sensor_combined/install/px4_ros_com/lib:/opt/ros/humble/opt/rviz_ogre_vendor/lib:/opt/ros/humble/lib/x86_64-linux-gnu:/opt/ros/humble/lib /usr/bin/cmake --install /root/ws_sensor_combined/build/example_mode_goto_global_cpp
[1.958s] Level 1:colcon.colcon_core.shell:create_environment_hook('example_mode_goto_global_cpp', 'cmake_prefix_path')
[1.958s] INFO:colcon.colcon_core.shell:Creating environment hook '/root/ws_sensor_combined/install/example_mode_goto_global_cpp/share/example_mode_goto_global_cpp/hook/cmake_prefix_path.ps1'
[1.959s] INFO:colcon.colcon_core.shell:Creating environment descriptor '/root/ws_sensor_combined/install/example_mode_goto_global_cpp/share/example_mode_goto_global_cpp/hook/cmake_prefix_path.dsv'
[1.959s] INFO:colcon.colcon_core.shell:Creating environment hook '/root/ws_sensor_combined/install/example_mode_goto_global_cpp/share/example_mode_goto_global_cpp/hook/cmake_prefix_path.sh'
[1.959s] Level 1:colcon.colcon_core.environment:checking '/root/ws_sensor_combined/install/example_mode_goto_global_cpp/lib'
[1.960s] Level 1:colcon.colcon_core.environment:checking '/root/ws_sensor_combined/install/example_mode_goto_global_cpp/bin'
[1.960s] Level 1:colcon.colcon_core.environment:checking '/root/ws_sensor_combined/install/example_mode_goto_global_cpp/lib/pkgconfig/example_mode_goto_global_cpp.pc'
[1.960s] Level 1:colcon.colcon_core.environment:checking '/root/ws_sensor_combined/install/example_mode_goto_global_cpp/lib/python3.10/site-packages'
[1.960s] Level 1:colcon.colcon_core.environment:checking '/root/ws_sensor_combined/install/example_mode_goto_global_cpp/bin'
[1.960s] INFO:colcon.colcon_core.shell:Creating package script '/root/ws_sensor_combined/install/example_mode_goto_global_cpp/share/example_mode_goto_global_cpp/package.ps1'
[1.961s] INFO:colcon.colcon_core.shell:Creating package descriptor '/root/ws_sensor_combined/install/example_mode_goto_global_cpp/share/example_mode_goto_global_cpp/package.dsv'
[1.961s] INFO:colcon.colcon_core.shell:Creating package script '/root/ws_sensor_combined/install/example_mode_goto_global_cpp/share/example_mode_goto_global_cpp/package.sh'
[1.961s] INFO:colcon.colcon_core.shell:Creating package script '/root/ws_sensor_combined/install/example_mode_goto_global_cpp/share/example_mode_goto_global_cpp/package.bash'
[1.962s] INFO:colcon.colcon_core.shell:Creating package script '/root/ws_sensor_combined/install/example_mode_goto_global_cpp/share/example_mode_goto_global_cpp/package.zsh'
[1.962s] Level 1:colcon.colcon_core.environment:create_file_with_runtime_dependencies(/root/ws_sensor_combined/install/example_mode_goto_global_cpp/share/colcon-core/packages/example_mode_goto_global_cpp)
[1.962s] Level 1:colcon.colcon_core.environment:create_environment_scripts_only(example_mode_goto_global_cpp)
[1.962s] Level 1:colcon.colcon_core.environment:checking '/root/ws_sensor_combined/install/example_mode_goto_global_cpp' for CMake module files
[1.962s] Level 1:colcon.colcon_core.environment:checking '/root/ws_sensor_combined/install/example_mode_goto_global_cpp' for CMake config files
[1.963s] Level 1:colcon.colcon_core.shell:create_environment_hook('example_mode_goto_global_cpp', 'cmake_prefix_path')
[1.963s] INFO:colcon.colcon_core.shell:Creating environment hook '/root/ws_sensor_combined/install/example_mode_goto_global_cpp/share/example_mode_goto_global_cpp/hook/cmake_prefix_path.ps1'
[1.963s] INFO:colcon.colcon_core.shell:Creating environment descriptor '/root/ws_sensor_combined/install/example_mode_goto_global_cpp/share/example_mode_goto_global_cpp/hook/cmake_prefix_path.dsv'
[1.963s] INFO:colcon.colcon_core.shell:Creating environment hook '/root/ws_sensor_combined/install/example_mode_goto_global_cpp/share/example_mode_goto_global_cpp/hook/cmake_prefix_path.sh'
[1.964s] Level 1:colcon.colcon_core.environment:checking '/root/ws_sensor_combined/install/example_mode_goto_global_cpp/lib'
[1.964s] Level 1:colcon.colcon_core.environment:checking '/root/ws_sensor_combined/install/example_mode_goto_global_cpp/bin'
[1.964s] Level 1:colcon.colcon_core.environment:checking '/root/ws_sensor_combined/install/example_mode_goto_global_cpp/lib/pkgconfig/example_mode_goto_global_cpp.pc'
[1.964s] Level 1:colcon.colcon_core.environment:checking '/root/ws_sensor_combined/install/example_mode_goto_global_cpp/lib/python3.10/site-packages'
[1.964s] Level 1:colcon.colcon_core.environment:checking '/root/ws_sensor_combined/install/example_mode_goto_global_cpp/bin'
[1.964s] INFO:colcon.colcon_core.shell:Creating package script '/root/ws_sensor_combined/install/example_mode_goto_global_cpp/share/example_mode_goto_global_cpp/package.ps1'
[1.964s] INFO:colcon.colcon_core.shell:Creating package descriptor '/root/ws_sensor_combined/install/example_mode_goto_global_cpp/share/example_mode_goto_global_cpp/package.dsv'
[1.965s] INFO:colcon.colcon_core.shell:Creating package script '/root/ws_sensor_combined/install/example_mode_goto_global_cpp/share/example_mode_goto_global_cpp/package.sh'
[1.965s] INFO:colcon.colcon_core.shell:Creating package script '/root/ws_sensor_combined/install/example_mode_goto_global_cpp/share/example_mode_goto_global_cpp/package.bash'
[1.965s] INFO:colcon.colcon_core.shell:Creating package script '/root/ws_sensor_combined/install/example_mode_goto_global_cpp/share/example_mode_goto_global_cpp/package.zsh'
[1.965s] Level 1:colcon.colcon_core.environment:create_file_with_runtime_dependencies(/root/ws_sensor_combined/install/example_mode_goto_global_cpp/share/colcon-core/packages/example_mode_goto_global_cpp)
[1.966s] Level 1:colcon.colcon_core.environment:create_environment_scripts_only(example_mode_manual_cpp)
[1.966s] Level 1:colcon.colcon_core.environment:checking '/root/ws_sensor_combined/install/example_mode_manual_cpp' for CMake module files
[1.968s] DEBUG:colcon.colcon_core.event_handler.log_command:Invoked command in '/root/ws_sensor_combined/build/example_mode_manual_cpp' returned '0': CMAKE_PREFIX_PATH=/root/ws_sensor_combined/install/px4_ros2_cpp:/root/ws_sensor_combined/install/px4_msgs:/root/ws_sensor_combined/install/px4_ros_com:/root/ws_sensor_combined/install/example_mode_with_executor_cpp:/root/ws_sensor_combined/install/example_mode_vtol_cpp:/root/ws_sensor_combined/install/example_mode_rtl_replacement_cpp:/root/ws_sensor_combined/install/example_mode_manual_cpp:/root/ws_sensor_combined/install/example_mode_goto_global_cpp:/root/ws_sensor_combined/install/example_mode_goto_cpp:/root/ws_sensor_combined/install/example_mode_fw_attitude_cpp:/root/ws_sensor_combined/install/example_local_navigation_cpp:/root/ws_sensor_combined/install/example_global_navigation_cpp:/root/ws_sensor_combined/install/example_executor_with_multiple_modes_cpp:/opt/ros/humble LD_LIBRARY_PATH=/root/ws_sensor_combined/install/px4_ros2_cpp/lib:/root/ws_sensor_combined/install/px4_msgs/lib:/root/ws_sensor_combined/install/px4_ros_com/lib:/opt/ros/humble/opt/rviz_ogre_vendor/lib:/opt/ros/humble/lib/x86_64-linux-gnu:/opt/ros/humble/lib /usr/bin/cmake --install /root/ws_sensor_combined/build/example_mode_manual_cpp
[1.968s] Level 1:colcon.colcon_core.environment:checking '/root/ws_sensor_combined/install/example_mode_manual_cpp' for CMake config files
[1.968s] Level 1:colcon.colcon_core.shell:create_environment_hook('example_mode_manual_cpp', 'cmake_prefix_path')
[1.968s] INFO:colcon.colcon_core.shell:Creating environment hook '/root/ws_sensor_combined/install/example_mode_manual_cpp/share/example_mode_manual_cpp/hook/cmake_prefix_path.ps1'
[1.969s] INFO:colcon.colcon_core.shell:Creating environment descriptor '/root/ws_sensor_combined/install/example_mode_manual_cpp/share/example_mode_manual_cpp/hook/cmake_prefix_path.dsv'
[1.969s] INFO:colcon.colcon_core.shell:Creating environment hook '/root/ws_sensor_combined/install/example_mode_manual_cpp/share/example_mode_manual_cpp/hook/cmake_prefix_path.sh'
[1.970s] Level 1:colcon.colcon_core.environment:checking '/root/ws_sensor_combined/install/example_mode_manual_cpp/lib'
[1.970s] Level 1:colcon.colcon_core.environment:checking '/root/ws_sensor_combined/install/example_mode_manual_cpp/bin'
[1.970s] Level 1:colcon.colcon_core.environment:checking '/root/ws_sensor_combined/install/example_mode_manual_cpp/lib/pkgconfig/example_mode_manual_cpp.pc'
[1.970s] Level 1:colcon.colcon_core.environment:checking '/root/ws_sensor_combined/install/example_mode_manual_cpp/lib/python3.10/site-packages'
[1.970s] Level 1:colcon.colcon_core.environment:checking '/root/ws_sensor_combined/install/example_mode_manual_cpp/bin'
[1.971s] INFO:colcon.colcon_core.shell:Creating package script '/root/ws_sensor_combined/install/example_mode_manual_cpp/share/example_mode_manual_cpp/package.ps1'
[1.971s] INFO:colcon.colcon_core.shell:Creating package descriptor '/root/ws_sensor_combined/install/example_mode_manual_cpp/share/example_mode_manual_cpp/package.dsv'
[1.971s] INFO:colcon.colcon_core.shell:Creating package script '/root/ws_sensor_combined/install/example_mode_manual_cpp/share/example_mode_manual_cpp/package.sh'
[1.972s] INFO:colcon.colcon_core.shell:Creating package script '/root/ws_sensor_combined/install/example_mode_manual_cpp/share/example_mode_manual_cpp/package.bash'
[1.972s] INFO:colcon.colcon_core.shell:Creating package script '/root/ws_sensor_combined/install/example_mode_manual_cpp/share/example_mode_manual_cpp/package.zsh'
[1.972s] Level 1:colcon.colcon_core.environment:create_file_with_runtime_dependencies(/root/ws_sensor_combined/install/example_mode_manual_cpp/share/colcon-core/packages/example_mode_manual_cpp)
[1.973s] Level 1:colcon.colcon_core.environment:create_environment_scripts_only(example_mode_manual_cpp)
[1.973s] Level 1:colcon.colcon_core.environment:checking '/root/ws_sensor_combined/install/example_mode_manual_cpp' for CMake module files
[1.973s] Level 1:colcon.colcon_core.environment:checking '/root/ws_sensor_combined/install/example_mode_manual_cpp' for CMake config files
[1.973s] Level 1:colcon.colcon_core.shell:create_environment_hook('example_mode_manual_cpp', 'cmake_prefix_path')
[1.973s] INFO:colcon.colcon_core.shell:Creating environment hook '/root/ws_sensor_combined/install/example_mode_manual_cpp/share/example_mode_manual_cpp/hook/cmake_prefix_path.ps1'
[1.974s] INFO:colcon.colcon_core.shell:Creating environment descriptor '/root/ws_sensor_combined/install/example_mode_manual_cpp/share/example_mode_manual_cpp/hook/cmake_prefix_path.dsv'
[1.974s] INFO:colcon.colcon_core.shell:Creating environment hook '/root/ws_sensor_combined/install/example_mode_manual_cpp/share/example_mode_manual_cpp/hook/cmake_prefix_path.sh'
[1.974s] Level 1:colcon.colcon_core.environment:checking '/root/ws_sensor_combined/install/example_mode_manual_cpp/lib'
[1.974s] Level 1:colcon.colcon_core.environment:checking '/root/ws_sensor_combined/install/example_mode_manual_cpp/bin'
[1.974s] Level 1:colcon.colcon_core.environment:checking '/root/ws_sensor_combined/install/example_mode_manual_cpp/lib/pkgconfig/example_mode_manual_cpp.pc'
[1.974s] Level 1:colcon.colcon_core.environment:checking '/root/ws_sensor_combined/install/example_mode_manual_cpp/lib/python3.10/site-packages'
[1.975s] Level 1:colcon.colcon_core.environment:checking '/root/ws_sensor_combined/install/example_mode_manual_cpp/bin'
[1.975s] INFO:colcon.colcon_core.shell:Creating package script '/root/ws_sensor_combined/install/example_mode_manual_cpp/share/example_mode_manual_cpp/package.ps1'
[1.975s] INFO:colcon.colcon_core.shell:Creating package descriptor '/root/ws_sensor_combined/install/example_mode_manual_cpp/share/example_mode_manual_cpp/package.dsv'
[1.975s] INFO:colcon.colcon_core.shell:Creating package script '/root/ws_sensor_combined/install/example_mode_manual_cpp/share/example_mode_manual_cpp/package.sh'
[1.976s] INFO:colcon.colcon_core.shell:Creating package script '/root/ws_sensor_combined/install/example_mode_manual_cpp/share/example_mode_manual_cpp/package.bash'
[1.976s] INFO:colcon.colcon_core.shell:Creating package script '/root/ws_sensor_combined/install/example_mode_manual_cpp/share/example_mode_manual_cpp/package.zsh'
[1.976s] Level 1:colcon.colcon_core.environment:create_file_with_runtime_dependencies(/root/ws_sensor_combined/install/example_mode_manual_cpp/share/colcon-core/packages/example_mode_manual_cpp)
[1.976s] Level 1:colcon.colcon_core.environment:create_environment_scripts_only(example_mode_rtl_replacement_cpp)
[1.977s] Level 1:colcon.colcon_core.environment:checking '/root/ws_sensor_combined/install/example_mode_rtl_replacement_cpp' for CMake module files
[1.978s] DEBUG:colcon.colcon_core.event_handler.log_command:Invoked command in '/root/ws_sensor_combined/build/example_mode_rtl_replacement_cpp' returned '0': CMAKE_PREFIX_PATH=/root/ws_sensor_combined/install/px4_ros2_cpp:/root/ws_sensor_combined/install/px4_msgs:/root/ws_sensor_combined/install/px4_ros_com:/root/ws_sensor_combined/install/example_mode_with_executor_cpp:/root/ws_sensor_combined/install/example_mode_vtol_cpp:/root/ws_sensor_combined/install/example_mode_rtl_replacement_cpp:/root/ws_sensor_combined/install/example_mode_manual_cpp:/root/ws_sensor_combined/install/example_mode_goto_global_cpp:/root/ws_sensor_combined/install/example_mode_goto_cpp:/root/ws_sensor_combined/install/example_mode_fw_attitude_cpp:/root/ws_sensor_combined/install/example_local_navigation_cpp:/root/ws_sensor_combined/install/example_global_navigation_cpp:/root/ws_sensor_combined/install/example_executor_with_multiple_modes_cpp:/opt/ros/humble LD_LIBRARY_PATH=/root/ws_sensor_combined/install/px4_ros2_cpp/lib:/root/ws_sensor_combined/install/px4_msgs/lib:/root/ws_sensor_combined/install/px4_ros_com/lib:/opt/ros/humble/opt/rviz_ogre_vendor/lib:/opt/ros/humble/lib/x86_64-linux-gnu:/opt/ros/humble/lib /usr/bin/cmake --install /root/ws_sensor_combined/build/example_mode_rtl_replacement_cpp
[1.978s] Level 1:colcon.colcon_core.environment:checking '/root/ws_sensor_combined/install/example_mode_rtl_replacement_cpp' for CMake config files
[1.979s] Level 1:colcon.colcon_core.shell:create_environment_hook('example_mode_rtl_replacement_cpp', 'cmake_prefix_path')
[1.979s] INFO:colcon.colcon_core.shell:Creating environment hook '/root/ws_sensor_combined/install/example_mode_rtl_replacement_cpp/share/example_mode_rtl_replacement_cpp/hook/cmake_prefix_path.ps1'
[1.979s] INFO:colcon.colcon_core.shell:Creating environment descriptor '/root/ws_sensor_combined/install/example_mode_rtl_replacement_cpp/share/example_mode_rtl_replacement_cpp/hook/cmake_prefix_path.dsv'
[1.980s] INFO:colcon.colcon_core.shell:Creating environment hook '/root/ws_sensor_combined/install/example_mode_rtl_replacement_cpp/share/example_mode_rtl_replacement_cpp/hook/cmake_prefix_path.sh'
[1.980s] Level 1:colcon.colcon_core.environment:checking '/root/ws_sensor_combined/install/example_mode_rtl_replacement_cpp/lib'
[1.980s] Level 1:colcon.colcon_core.environment:checking '/root/ws_sensor_combined/install/example_mode_rtl_replacement_cpp/bin'
[1.980s] Level 1:colcon.colcon_core.environment:checking '/root/ws_sensor_combined/install/example_mode_rtl_replacement_cpp/lib/pkgconfig/example_mode_rtl_replacement_cpp.pc'
[1.980s] Level 1:colcon.colcon_core.environment:checking '/root/ws_sensor_combined/install/example_mode_rtl_replacement_cpp/lib/python3.10/site-packages'
[1.981s] Level 1:colcon.colcon_core.environment:checking '/root/ws_sensor_combined/install/example_mode_rtl_replacement_cpp/bin'
[1.981s] INFO:colcon.colcon_core.shell:Creating package script '/root/ws_sensor_combined/install/example_mode_rtl_replacement_cpp/share/example_mode_rtl_replacement_cpp/package.ps1'
[1.981s] INFO:colcon.colcon_core.shell:Creating package descriptor '/root/ws_sensor_combined/install/example_mode_rtl_replacement_cpp/share/example_mode_rtl_replacement_cpp/package.dsv'
[1.981s] INFO:colcon.colcon_core.shell:Creating package script '/root/ws_sensor_combined/install/example_mode_rtl_replacement_cpp/share/example_mode_rtl_replacement_cpp/package.sh'
[1.982s] INFO:colcon.colcon_core.shell:Creating package script '/root/ws_sensor_combined/install/example_mode_rtl_replacement_cpp/share/example_mode_rtl_replacement_cpp/package.bash'
[1.982s] INFO:colcon.colcon_core.shell:Creating package script '/root/ws_sensor_combined/install/example_mode_rtl_replacement_cpp/share/example_mode_rtl_replacement_cpp/package.zsh'
[1.982s] Level 1:colcon.colcon_core.environment:create_file_with_runtime_dependencies(/root/ws_sensor_combined/install/example_mode_rtl_replacement_cpp/share/colcon-core/packages/example_mode_rtl_replacement_cpp)
[1.982s] Level 1:colcon.colcon_core.environment:create_environment_scripts_only(example_mode_rtl_replacement_cpp)
[1.983s] Level 1:colcon.colcon_core.environment:checking '/root/ws_sensor_combined/install/example_mode_rtl_replacement_cpp' for CMake module files
[1.983s] Level 1:colcon.colcon_core.environment:checking '/root/ws_sensor_combined/install/example_mode_rtl_replacement_cpp' for CMake config files
[1.983s] Level 1:colcon.colcon_core.shell:create_environment_hook('example_mode_rtl_replacement_cpp', 'cmake_prefix_path')
[1.983s] INFO:colcon.colcon_core.shell:Creating environment hook '/root/ws_sensor_combined/install/example_mode_rtl_replacement_cpp/share/example_mode_rtl_replacement_cpp/hook/cmake_prefix_path.ps1'
[1.984s] INFO:colcon.colcon_core.shell:Creating environment descriptor '/root/ws_sensor_combined/install/example_mode_rtl_replacement_cpp/share/example_mode_rtl_replacement_cpp/hook/cmake_prefix_path.dsv'
[1.984s] INFO:colcon.colcon_core.shell:Creating environment hook '/root/ws_sensor_combined/install/example_mode_rtl_replacement_cpp/share/example_mode_rtl_replacement_cpp/hook/cmake_prefix_path.sh'
[1.985s] Level 1:colcon.colcon_core.environment:checking '/root/ws_sensor_combined/install/example_mode_rtl_replacement_cpp/lib'
[1.985s] Level 1:colcon.colcon_core.environment:checking '/root/ws_sensor_combined/install/example_mode_rtl_replacement_cpp/bin'
[1.985s] Level 1:colcon.colcon_core.environment:checking '/root/ws_sensor_combined/install/example_mode_rtl_replacement_cpp/lib/pkgconfig/example_mode_rtl_replacement_cpp.pc'
[1.985s] Level 1:colcon.colcon_core.environment:checking '/root/ws_sensor_combined/install/example_mode_rtl_replacement_cpp/lib/python3.10/site-packages'
[1.985s] Level 1:colcon.colcon_core.environment:checking '/root/ws_sensor_combined/install/example_mode_rtl_replacement_cpp/bin'
[1.985s] INFO:colcon.colcon_core.shell:Creating package script '/root/ws_sensor_combined/install/example_mode_rtl_replacement_cpp/share/example_mode_rtl_replacement_cpp/package.ps1'
[1.986s] INFO:colcon.colcon_core.shell:Creating package descriptor '/root/ws_sensor_combined/install/example_mode_rtl_replacement_cpp/share/example_mode_rtl_replacement_cpp/package.dsv'
[1.986s] INFO:colcon.colcon_core.shell:Creating package script '/root/ws_sensor_combined/install/example_mode_rtl_replacement_cpp/share/example_mode_rtl_replacement_cpp/package.sh'
[1.987s] INFO:colcon.colcon_core.shell:Creating package script '/root/ws_sensor_combined/install/example_mode_rtl_replacement_cpp/share/example_mode_rtl_replacement_cpp/package.bash'
[1.987s] INFO:colcon.colcon_core.shell:Creating package script '/root/ws_sensor_combined/install/example_mode_rtl_replacement_cpp/share/example_mode_rtl_replacement_cpp/package.zsh'
[1.988s] Level 1:colcon.colcon_core.environment:create_file_with_runtime_dependencies(/root/ws_sensor_combined/install/example_mode_rtl_replacement_cpp/share/colcon-core/packages/example_mode_rtl_replacement_cpp)
[1.992s] Level 1:colcon.colcon_core.environment:create_environment_scripts_only(example_mode_with_executor_cpp)
[1.992s] Level 1:colcon.colcon_core.environment:checking '/root/ws_sensor_combined/install/example_mode_with_executor_cpp' for CMake module files
[1.993s] Level 1:colcon.colcon_core.environment:checking '/root/ws_sensor_combined/install/example_mode_with_executor_cpp' for CMake config files
[1.998s] DEBUG:colcon.colcon_core.event_handler.log_command:Invoked command in '/root/ws_sensor_combined/build/example_mode_with_executor_cpp' returned '0': CMAKE_PREFIX_PATH=/root/ws_sensor_combined/install/px4_ros2_cpp:/root/ws_sensor_combined/install/px4_msgs:/root/ws_sensor_combined/install/px4_ros_com:/root/ws_sensor_combined/install/example_mode_with_executor_cpp:/root/ws_sensor_combined/install/example_mode_vtol_cpp:/root/ws_sensor_combined/install/example_mode_rtl_replacement_cpp:/root/ws_sensor_combined/install/example_mode_manual_cpp:/root/ws_sensor_combined/install/example_mode_goto_global_cpp:/root/ws_sensor_combined/install/example_mode_goto_cpp:/root/ws_sensor_combined/install/example_mode_fw_attitude_cpp:/root/ws_sensor_combined/install/example_local_navigation_cpp:/root/ws_sensor_combined/install/example_global_navigation_cpp:/root/ws_sensor_combined/install/example_executor_with_multiple_modes_cpp:/opt/ros/humble LD_LIBRARY_PATH=/root/ws_sensor_combined/install/px4_ros2_cpp/lib:/root/ws_sensor_combined/install/px4_msgs/lib:/root/ws_sensor_combined/install/px4_ros_com/lib:/opt/ros/humble/opt/rviz_ogre_vendor/lib:/opt/ros/humble/lib/x86_64-linux-gnu:/opt/ros/humble/lib /usr/bin/cmake --install /root/ws_sensor_combined/build/example_mode_with_executor_cpp
[1.998s] Level 1:colcon.colcon_core.shell:create_environment_hook('example_mode_with_executor_cpp', 'cmake_prefix_path')
[1.998s] INFO:colcon.colcon_core.shell:Creating environment hook '/root/ws_sensor_combined/install/example_mode_with_executor_cpp/share/example_mode_with_executor_cpp/hook/cmake_prefix_path.ps1'
[1.998s] INFO:colcon.colcon_core.shell:Creating environment descriptor '/root/ws_sensor_combined/install/example_mode_with_executor_cpp/share/example_mode_with_executor_cpp/hook/cmake_prefix_path.dsv'
[1.999s] INFO:colcon.colcon_core.shell:Creating environment hook '/root/ws_sensor_combined/install/example_mode_with_executor_cpp/share/example_mode_with_executor_cpp/hook/cmake_prefix_path.sh'
[1.999s] Level 1:colcon.colcon_core.environment:checking '/root/ws_sensor_combined/install/example_mode_with_executor_cpp/lib'
[1.999s] Level 1:colcon.colcon_core.environment:checking '/root/ws_sensor_combined/install/example_mode_with_executor_cpp/bin'
[1.999s] Level 1:colcon.colcon_core.environment:checking '/root/ws_sensor_combined/install/example_mode_with_executor_cpp/lib/pkgconfig/example_mode_with_executor_cpp.pc'
[2.000s] Level 1:colcon.colcon_core.environment:checking '/root/ws_sensor_combined/install/example_mode_with_executor_cpp/lib/python3.10/site-packages'
[2.000s] Level 1:colcon.colcon_core.environment:checking '/root/ws_sensor_combined/install/example_mode_with_executor_cpp/bin'
[2.000s] INFO:colcon.colcon_core.shell:Creating package script '/root/ws_sensor_combined/install/example_mode_with_executor_cpp/share/example_mode_with_executor_cpp/package.ps1'
[2.001s] INFO:colcon.colcon_core.shell:Creating package descriptor '/root/ws_sensor_combined/install/example_mode_with_executor_cpp/share/example_mode_with_executor_cpp/package.dsv'
[2.001s] INFO:colcon.colcon_core.shell:Creating package script '/root/ws_sensor_combined/install/example_mode_with_executor_cpp/share/example_mode_with_executor_cpp/package.sh'
[2.001s] INFO:colcon.colcon_core.shell:Creating package script '/root/ws_sensor_combined/install/example_mode_with_executor_cpp/share/example_mode_with_executor_cpp/package.bash'
[2.002s] INFO:colcon.colcon_core.shell:Creating package script '/root/ws_sensor_combined/install/example_mode_with_executor_cpp/share/example_mode_with_executor_cpp/package.zsh'
[2.002s] Level 1:colcon.colcon_core.environment:create_file_with_runtime_dependencies(/root/ws_sensor_combined/install/example_mode_with_executor_cpp/share/colcon-core/packages/example_mode_with_executor_cpp)
[2.002s] Level 1:colcon.colcon_core.environment:create_environment_scripts_only(example_mode_with_executor_cpp)
[2.002s] Level 1:colcon.colcon_core.environment:checking '/root/ws_sensor_combined/install/example_mode_with_executor_cpp' for CMake module files
[2.003s] Level 1:colcon.colcon_core.environment:checking '/root/ws_sensor_combined/install/example_mode_with_executor_cpp' for CMake config files
[2.003s] Level 1:colcon.colcon_core.shell:create_environment_hook('example_mode_with_executor_cpp', 'cmake_prefix_path')
[2.003s] INFO:colcon.colcon_core.shell:Creating environment hook '/root/ws_sensor_combined/install/example_mode_with_executor_cpp/share/example_mode_with_executor_cpp/hook/cmake_prefix_path.ps1'
[2.004s] INFO:colcon.colcon_core.shell:Creating environment descriptor '/root/ws_sensor_combined/install/example_mode_with_executor_cpp/share/example_mode_with_executor_cpp/hook/cmake_prefix_path.dsv'
[2.004s] INFO:colcon.colcon_core.shell:Creating environment hook '/root/ws_sensor_combined/install/example_mode_with_executor_cpp/share/example_mode_with_executor_cpp/hook/cmake_prefix_path.sh'
[2.005s] Level 1:colcon.colcon_core.environment:checking '/root/ws_sensor_combined/install/example_mode_with_executor_cpp/lib'
[2.005s] Level 1:colcon.colcon_core.environment:checking '/root/ws_sensor_combined/install/example_mode_with_executor_cpp/bin'
[2.005s] Level 1:colcon.colcon_core.environment:checking '/root/ws_sensor_combined/install/example_mode_with_executor_cpp/lib/pkgconfig/example_mode_with_executor_cpp.pc'
[2.005s] Level 1:colcon.colcon_core.environment:checking '/root/ws_sensor_combined/install/example_mode_with_executor_cpp/lib/python3.10/site-packages'
[2.005s] Level 1:colcon.colcon_core.environment:checking '/root/ws_sensor_combined/install/example_mode_with_executor_cpp/bin'
[2.006s] INFO:colcon.colcon_core.shell:Creating package script '/root/ws_sensor_combined/install/example_mode_with_executor_cpp/share/example_mode_with_executor_cpp/package.ps1'
[2.006s] INFO:colcon.colcon_core.shell:Creating package descriptor '/root/ws_sensor_combined/install/example_mode_with_executor_cpp/share/example_mode_with_executor_cpp/package.dsv'
[2.006s] INFO:colcon.colcon_core.shell:Creating package script '/root/ws_sensor_combined/install/example_mode_with_executor_cpp/share/example_mode_with_executor_cpp/package.sh'
[2.007s] INFO:colcon.colcon_core.shell:Creating package script '/root/ws_sensor_combined/install/example_mode_with_executor_cpp/share/example_mode_with_executor_cpp/package.bash'
[2.007s] INFO:colcon.colcon_core.shell:Creating package script '/root/ws_sensor_combined/install/example_mode_with_executor_cpp/share/example_mode_with_executor_cpp/package.zsh'
[2.008s] Level 1:colcon.colcon_core.environment:create_file_with_runtime_dependencies(/root/ws_sensor_combined/install/example_mode_with_executor_cpp/share/colcon-core/packages/example_mode_with_executor_cpp)
[2.008s] Level 1:colcon.colcon_core.environment:create_environment_scripts_only(example_mode_vtol_cpp)
[2.008s] Level 1:colcon.colcon_core.environment:checking '/root/ws_sensor_combined/install/example_mode_vtol_cpp' for CMake module files
[2.009s] DEBUG:colcon.colcon_core.event_handler.log_command:Invoked command in '/root/ws_sensor_combined/build/example_mode_vtol_cpp' returned '0': CMAKE_PREFIX_PATH=/root/ws_sensor_combined/install/px4_ros2_cpp:/root/ws_sensor_combined/install/px4_msgs:/root/ws_sensor_combined/install/px4_ros_com:/root/ws_sensor_combined/install/example_mode_with_executor_cpp:/root/ws_sensor_combined/install/example_mode_vtol_cpp:/root/ws_sensor_combined/install/example_mode_rtl_replacement_cpp:/root/ws_sensor_combined/install/example_mode_manual_cpp:/root/ws_sensor_combined/install/example_mode_goto_global_cpp:/root/ws_sensor_combined/install/example_mode_goto_cpp:/root/ws_sensor_combined/install/example_mode_fw_attitude_cpp:/root/ws_sensor_combined/install/example_local_navigation_cpp:/root/ws_sensor_combined/install/example_global_navigation_cpp:/root/ws_sensor_combined/install/example_executor_with_multiple_modes_cpp:/opt/ros/humble LD_LIBRARY_PATH=/root/ws_sensor_combined/install/px4_ros2_cpp/lib:/root/ws_sensor_combined/install/px4_msgs/lib:/root/ws_sensor_combined/install/px4_ros_com/lib:/opt/ros/humble/opt/rviz_ogre_vendor/lib:/opt/ros/humble/lib/x86_64-linux-gnu:/opt/ros/humble/lib /usr/bin/cmake --install /root/ws_sensor_combined/build/example_mode_vtol_cpp
[2.010s] Level 1:colcon.colcon_core.environment:checking '/root/ws_sensor_combined/install/example_mode_vtol_cpp' for CMake config files
[2.010s] Level 1:colcon.colcon_core.shell:create_environment_hook('example_mode_vtol_cpp', 'cmake_prefix_path')
[2.010s] INFO:colcon.colcon_core.shell:Creating environment hook '/root/ws_sensor_combined/install/example_mode_vtol_cpp/share/example_mode_vtol_cpp/hook/cmake_prefix_path.ps1'
[2.010s] INFO:colcon.colcon_core.shell:Creating environment descriptor '/root/ws_sensor_combined/install/example_mode_vtol_cpp/share/example_mode_vtol_cpp/hook/cmake_prefix_path.dsv'
[2.011s] INFO:colcon.colcon_core.shell:Creating environment hook '/root/ws_sensor_combined/install/example_mode_vtol_cpp/share/example_mode_vtol_cpp/hook/cmake_prefix_path.sh'
[2.011s] Level 1:colcon.colcon_core.environment:checking '/root/ws_sensor_combined/install/example_mode_vtol_cpp/lib'
[2.011s] Level 1:colcon.colcon_core.environment:checking '/root/ws_sensor_combined/install/example_mode_vtol_cpp/bin'
[2.011s] Level 1:colcon.colcon_core.environment:checking '/root/ws_sensor_combined/install/example_mode_vtol_cpp/lib/pkgconfig/example_mode_vtol_cpp.pc'
[2.011s] Level 1:colcon.colcon_core.environment:checking '/root/ws_sensor_combined/install/example_mode_vtol_cpp/lib/python3.10/site-packages'
[2.012s] Level 1:colcon.colcon_core.environment:checking '/root/ws_sensor_combined/install/example_mode_vtol_cpp/bin'
[2.012s] INFO:colcon.colcon_core.shell:Creating package script '/root/ws_sensor_combined/install/example_mode_vtol_cpp/share/example_mode_vtol_cpp/package.ps1'
[2.012s] INFO:colcon.colcon_core.shell:Creating package descriptor '/root/ws_sensor_combined/install/example_mode_vtol_cpp/share/example_mode_vtol_cpp/package.dsv'
[2.012s] INFO:colcon.colcon_core.shell:Creating package script '/root/ws_sensor_combined/install/example_mode_vtol_cpp/share/example_mode_vtol_cpp/package.sh'
[2.013s] INFO:colcon.colcon_core.shell:Creating package script '/root/ws_sensor_combined/install/example_mode_vtol_cpp/share/example_mode_vtol_cpp/package.bash'
[2.013s] INFO:colcon.colcon_core.shell:Creating package script '/root/ws_sensor_combined/install/example_mode_vtol_cpp/share/example_mode_vtol_cpp/package.zsh'
[2.013s] Level 1:colcon.colcon_core.environment:create_file_with_runtime_dependencies(/root/ws_sensor_combined/install/example_mode_vtol_cpp/share/colcon-core/packages/example_mode_vtol_cpp)
[2.013s] Level 1:colcon.colcon_core.environment:create_environment_scripts_only(example_mode_vtol_cpp)
[2.014s] Level 1:colcon.colcon_core.environment:checking '/root/ws_sensor_combined/install/example_mode_vtol_cpp' for CMake module files
[2.014s] Level 1:colcon.colcon_core.environment:checking '/root/ws_sensor_combined/install/example_mode_vtol_cpp' for CMake config files
[2.014s] Level 1:colcon.colcon_core.shell:create_environment_hook('example_mode_vtol_cpp', 'cmake_prefix_path')
[2.014s] INFO:colcon.colcon_core.shell:Creating environment hook '/root/ws_sensor_combined/install/example_mode_vtol_cpp/share/example_mode_vtol_cpp/hook/cmake_prefix_path.ps1'
[2.014s] INFO:colcon.colcon_core.shell:Creating environment descriptor '/root/ws_sensor_combined/install/example_mode_vtol_cpp/share/example_mode_vtol_cpp/hook/cmake_prefix_path.dsv'
[2.014s] INFO:colcon.colcon_core.shell:Creating environment hook '/root/ws_sensor_combined/install/example_mode_vtol_cpp/share/example_mode_vtol_cpp/hook/cmake_prefix_path.sh'
[2.015s] Level 1:colcon.colcon_core.environment:checking '/root/ws_sensor_combined/install/example_mode_vtol_cpp/lib'
[2.015s] Level 1:colcon.colcon_core.environment:checking '/root/ws_sensor_combined/install/example_mode_vtol_cpp/bin'
[2.015s] Level 1:colcon.colcon_core.environment:checking '/root/ws_sensor_combined/install/example_mode_vtol_cpp/lib/pkgconfig/example_mode_vtol_cpp.pc'
[2.015s] Level 1:colcon.colcon_core.environment:checking '/root/ws_sensor_combined/install/example_mode_vtol_cpp/lib/python3.10/site-packages'
[2.015s] Level 1:colcon.colcon_core.environment:checking '/root/ws_sensor_combined/install/example_mode_vtol_cpp/bin'
[2.016s] INFO:colcon.colcon_core.shell:Creating package script '/root/ws_sensor_combined/install/example_mode_vtol_cpp/share/example_mode_vtol_cpp/package.ps1'
[2.016s] INFO:colcon.colcon_core.shell:Creating package descriptor '/root/ws_sensor_combined/install/example_mode_vtol_cpp/share/example_mode_vtol_cpp/package.dsv'
[2.016s] INFO:colcon.colcon_core.shell:Creating package script '/root/ws_sensor_combined/install/example_mode_vtol_cpp/share/example_mode_vtol_cpp/package.sh'
[2.016s] INFO:colcon.colcon_core.shell:Creating package script '/root/ws_sensor_combined/install/example_mode_vtol_cpp/share/example_mode_vtol_cpp/package.bash'
[2.017s] INFO:colcon.colcon_core.shell:Creating package script '/root/ws_sensor_combined/install/example_mode_vtol_cpp/share/example_mode_vtol_cpp/package.zsh'
[2.017s] Level 1:colcon.colcon_core.environment:create_file_with_runtime_dependencies(/root/ws_sensor_combined/install/example_mode_vtol_cpp/share/colcon-core/packages/example_mode_vtol_cpp)
[5.904s] DEBUG:colcon.colcon_core.event_handler.log_command:Invoked command in '/root/ws_sensor_combined/build/px4_ros_com' returned '0': CMAKE_PREFIX_PATH=/root/ws_sensor_combined/install/px4_msgs:/root/ws_sensor_combined/install/px4_ros_com:/root/ws_sensor_combined/install/example_mode_with_executor_cpp:/root/ws_sensor_combined/install/example_mode_vtol_cpp:/root/ws_sensor_combined/install/example_mode_rtl_replacement_cpp:/root/ws_sensor_combined/install/example_mode_manual_cpp:/root/ws_sensor_combined/install/example_mode_goto_global_cpp:/root/ws_sensor_combined/install/example_mode_goto_cpp:/root/ws_sensor_combined/install/example_mode_fw_attitude_cpp:/root/ws_sensor_combined/install/example_local_navigation_cpp:/root/ws_sensor_combined/install/example_global_navigation_cpp:/root/ws_sensor_combined/install/example_executor_with_multiple_modes_cpp:/root/ws_sensor_combined/install/px4_ros2_cpp:/opt/ros/humble LD_LIBRARY_PATH=/root/ws_sensor_combined/install/px4_msgs/lib:/root/ws_sensor_combined/install/px4_ros_com/lib:/root/ws_sensor_combined/install/px4_ros2_cpp/lib:/opt/ros/humble/opt/rviz_ogre_vendor/lib:/opt/ros/humble/lib/x86_64-linux-gnu:/opt/ros/humble/lib /usr/bin/cmake --build /root/ws_sensor_combined/build/px4_ros_com -- -j20 -l20
[5.906s] DEBUG:colcon.colcon_core.event_handler.log_command:Invoking command in '/root/ws_sensor_combined/build/px4_ros_com': CMAKE_PREFIX_PATH=/root/ws_sensor_combined/install/px4_msgs:/root/ws_sensor_combined/install/px4_ros_com:/root/ws_sensor_combined/install/example_mode_with_executor_cpp:/root/ws_sensor_combined/install/example_mode_vtol_cpp:/root/ws_sensor_combined/install/example_mode_rtl_replacement_cpp:/root/ws_sensor_combined/install/example_mode_manual_cpp:/root/ws_sensor_combined/install/example_mode_goto_global_cpp:/root/ws_sensor_combined/install/example_mode_goto_cpp:/root/ws_sensor_combined/install/example_mode_fw_attitude_cpp:/root/ws_sensor_combined/install/example_local_navigation_cpp:/root/ws_sensor_combined/install/example_global_navigation_cpp:/root/ws_sensor_combined/install/example_executor_with_multiple_modes_cpp:/root/ws_sensor_combined/install/px4_ros2_cpp:/opt/ros/humble LD_LIBRARY_PATH=/root/ws_sensor_combined/install/px4_msgs/lib:/root/ws_sensor_combined/install/px4_ros_com/lib:/root/ws_sensor_combined/install/px4_ros2_cpp/lib:/opt/ros/humble/opt/rviz_ogre_vendor/lib:/opt/ros/humble/lib/x86_64-linux-gnu:/opt/ros/humble/lib /usr/bin/cmake --install /root/ws_sensor_combined/build/px4_ros_com
[5.946s] Level 1:colcon.colcon_core.environment:create_environment_scripts_only(px4_ros_com)
[5.946s] Level 1:colcon.colcon_core.environment:checking '/root/ws_sensor_combined/install/px4_ros_com' for CMake module files
[5.947s] DEBUG:colcon.colcon_core.event_handler.log_command:Invoked command in '/root/ws_sensor_combined/build/px4_ros_com' returned '0': CMAKE_PREFIX_PATH=/root/ws_sensor_combined/install/px4_msgs:/root/ws_sensor_combined/install/px4_ros_com:/root/ws_sensor_combined/install/example_mode_with_executor_cpp:/root/ws_sensor_combined/install/example_mode_vtol_cpp:/root/ws_sensor_combined/install/example_mode_rtl_replacement_cpp:/root/ws_sensor_combined/install/example_mode_manual_cpp:/root/ws_sensor_combined/install/example_mode_goto_global_cpp:/root/ws_sensor_combined/install/example_mode_goto_cpp:/root/ws_sensor_combined/install/example_mode_fw_attitude_cpp:/root/ws_sensor_combined/install/example_local_navigation_cpp:/root/ws_sensor_combined/install/example_global_navigation_cpp:/root/ws_sensor_combined/install/example_executor_with_multiple_modes_cpp:/root/ws_sensor_combined/install/px4_ros2_cpp:/opt/ros/humble LD_LIBRARY_PATH=/root/ws_sensor_combined/install/px4_msgs/lib:/root/ws_sensor_combined/install/px4_ros_com/lib:/root/ws_sensor_combined/install/px4_ros2_cpp/lib:/opt/ros/humble/opt/rviz_ogre_vendor/lib:/opt/ros/humble/lib/x86_64-linux-gnu:/opt/ros/humble/lib /usr/bin/cmake --install /root/ws_sensor_combined/build/px4_ros_com
[5.948s] Level 1:colcon.colcon_core.environment:checking '/root/ws_sensor_combined/install/px4_ros_com' for CMake config files
[5.948s] Level 1:colcon.colcon_core.shell:create_environment_hook('px4_ros_com', 'cmake_prefix_path')
[5.948s] INFO:colcon.colcon_core.shell:Creating environment hook '/root/ws_sensor_combined/install/px4_ros_com/share/px4_ros_com/hook/cmake_prefix_path.ps1'
[5.949s] INFO:colcon.colcon_core.shell:Creating environment descriptor '/root/ws_sensor_combined/install/px4_ros_com/share/px4_ros_com/hook/cmake_prefix_path.dsv'
[5.949s] INFO:colcon.colcon_core.shell:Creating environment hook '/root/ws_sensor_combined/install/px4_ros_com/share/px4_ros_com/hook/cmake_prefix_path.sh'
[5.949s] Level 1:colcon.colcon_core.environment:checking '/root/ws_sensor_combined/install/px4_ros_com/lib'
[5.950s] Level 1:colcon.colcon_core.shell:create_environment_hook('px4_ros_com', 'ld_library_path_lib')
[5.950s] INFO:colcon.colcon_core.shell:Creating environment hook '/root/ws_sensor_combined/install/px4_ros_com/share/px4_ros_com/hook/ld_library_path_lib.ps1'
[5.950s] INFO:colcon.colcon_core.shell:Creating environment descriptor '/root/ws_sensor_combined/install/px4_ros_com/share/px4_ros_com/hook/ld_library_path_lib.dsv'
[5.950s] INFO:colcon.colcon_core.shell:Creating environment hook '/root/ws_sensor_combined/install/px4_ros_com/share/px4_ros_com/hook/ld_library_path_lib.sh'
[5.951s] Level 1:colcon.colcon_core.environment:checking '/root/ws_sensor_combined/install/px4_ros_com/bin'
[5.951s] Level 1:colcon.colcon_core.environment:checking '/root/ws_sensor_combined/install/px4_ros_com/lib/pkgconfig/px4_ros_com.pc'
[5.951s] Level 1:colcon.colcon_core.environment:checking '/root/ws_sensor_combined/install/px4_ros_com/lib/python3.10/site-packages'
[5.951s] Level 1:colcon.colcon_core.environment:checking '/root/ws_sensor_combined/install/px4_ros_com/bin'
[5.951s] INFO:colcon.colcon_core.shell:Creating package script '/root/ws_sensor_combined/install/px4_ros_com/share/px4_ros_com/package.ps1'
[5.952s] INFO:colcon.colcon_core.shell:Creating package descriptor '/root/ws_sensor_combined/install/px4_ros_com/share/px4_ros_com/package.dsv'
[5.952s] INFO:colcon.colcon_core.shell:Creating package script '/root/ws_sensor_combined/install/px4_ros_com/share/px4_ros_com/package.sh'
[5.952s] INFO:colcon.colcon_core.shell:Creating package script '/root/ws_sensor_combined/install/px4_ros_com/share/px4_ros_com/package.bash'
[5.953s] INFO:colcon.colcon_core.shell:Creating package script '/root/ws_sensor_combined/install/px4_ros_com/share/px4_ros_com/package.zsh'
[5.953s] Level 1:colcon.colcon_core.environment:create_file_with_runtime_dependencies(/root/ws_sensor_combined/install/px4_ros_com/share/colcon-core/packages/px4_ros_com)
[5.954s] Level 1:colcon.colcon_core.environment:create_environment_scripts_only(px4_ros_com)
[5.954s] Level 1:colcon.colcon_core.environment:checking '/root/ws_sensor_combined/install/px4_ros_com' for CMake module files
[5.954s] Level 1:colcon.colcon_core.environment:checking '/root/ws_sensor_combined/install/px4_ros_com' for CMake config files
[5.954s] Level 1:colcon.colcon_core.shell:create_environment_hook('px4_ros_com', 'cmake_prefix_path')
[5.955s] INFO:colcon.colcon_core.shell:Creating environment hook '/root/ws_sensor_combined/install/px4_ros_com/share/px4_ros_com/hook/cmake_prefix_path.ps1'
[5.955s] INFO:colcon.colcon_core.shell:Creating environment descriptor '/root/ws_sensor_combined/install/px4_ros_com/share/px4_ros_com/hook/cmake_prefix_path.dsv'
[5.955s] INFO:colcon.colcon_core.shell:Creating environment hook '/root/ws_sensor_combined/install/px4_ros_com/share/px4_ros_com/hook/cmake_prefix_path.sh'
[5.955s] Level 1:colcon.colcon_core.environment:checking '/root/ws_sensor_combined/install/px4_ros_com/lib'
[5.955s] Level 1:colcon.colcon_core.shell:create_environment_hook('px4_ros_com', 'ld_library_path_lib')
[5.956s] INFO:colcon.colcon_core.shell:Creating environment hook '/root/ws_sensor_combined/install/px4_ros_com/share/px4_ros_com/hook/ld_library_path_lib.ps1'
[5.956s] INFO:colcon.colcon_core.shell:Creating environment descriptor '/root/ws_sensor_combined/install/px4_ros_com/share/px4_ros_com/hook/ld_library_path_lib.dsv'
[5.956s] INFO:colcon.colcon_core.shell:Creating environment hook '/root/ws_sensor_combined/install/px4_ros_com/share/px4_ros_com/hook/ld_library_path_lib.sh'
[5.956s] Level 1:colcon.colcon_core.environment:checking '/root/ws_sensor_combined/install/px4_ros_com/bin'
[5.956s] Level 1:colcon.colcon_core.environment:checking '/root/ws_sensor_combined/install/px4_ros_com/lib/pkgconfig/px4_ros_com.pc'
[5.956s] Level 1:colcon.colcon_core.environment:checking '/root/ws_sensor_combined/install/px4_ros_com/lib/python3.10/site-packages'
[5.957s] Level 1:colcon.colcon_core.environment:checking '/root/ws_sensor_combined/install/px4_ros_com/bin'
[5.957s] INFO:colcon.colcon_core.shell:Creating package script '/root/ws_sensor_combined/install/px4_ros_com/share/px4_ros_com/package.ps1'
[5.958s] INFO:colcon.colcon_core.shell:Creating package descriptor '/root/ws_sensor_combined/install/px4_ros_com/share/px4_ros_com/package.dsv'
[5.958s] INFO:colcon.colcon_core.shell:Creating package script '/root/ws_sensor_combined/install/px4_ros_com/share/px4_ros_com/package.sh'
[5.959s] INFO:colcon.colcon_core.shell:Creating package script '/root/ws_sensor_combined/install/px4_ros_com/share/px4_ros_com/package.bash'
[5.959s] INFO:colcon.colcon_core.shell:Creating package script '/root/ws_sensor_combined/install/px4_ros_com/share/px4_ros_com/package.zsh'
[5.960s] Level 1:colcon.colcon_core.environment:create_file_with_runtime_dependencies(/root/ws_sensor_combined/install/px4_ros_com/share/colcon-core/packages/px4_ros_com)
[5.960s] DEBUG:colcon.colcon_parallel_executor.executor.parallel:closing loop
[5.960s] DEBUG:colcon.colcon_parallel_executor.executor.parallel:loop closed
[5.961s] DEBUG:colcon.colcon_parallel_executor.executor.parallel:run_until_complete finished with '0'
[5.961s] DEBUG:colcon.colcon_core.event_reactor:joining thread
[5.994s] INFO:colcon.colcon_core.plugin_system:Skipping extension 'colcon_notification.desktop_notification.notify_send': Could not find 'notify-send'
[5.994s] INFO:colcon.colcon_core.plugin_system:Skipping extension 'colcon_notification.desktop_notification.terminal_notifier': Not used on non-Darwin systems
[5.994s] INFO:colcon.colcon_core.plugin_system:Skipping extension 'colcon_notification.desktop_notification.win32': Not used on non-Windows systems
[5.995s] INFO:colcon.colcon_notification.desktop_notification:Sending desktop notification using 'notify2'
[5.995s] DEBUG:colcon.colcon_notification.desktop_notification.notify2:Failed to initialize notify2: org.freedesktop.DBus.Error.FileNotFound: Failed to connect to socket /run/user/0/bus: No such file or directory
[5.995s] DEBUG:colcon.colcon_core.event_reactor:joined thread
[5.995s] INFO:colcon.colcon_core.shell:Creating prefix script '/root/ws_sensor_combined/install/local_setup.ps1'
[5.996s] INFO:colcon.colcon_core.shell:Creating prefix util module '/root/ws_sensor_combined/install/_local_setup_util_ps1.py'
[5.997s] INFO:colcon.colcon_core.shell:Creating prefix chain script '/root/ws_sensor_combined/install/setup.ps1'
[5.998s] INFO:colcon.colcon_core.shell:Creating prefix script '/root/ws_sensor_combined/install/local_setup.sh'
[5.998s] INFO:colcon.colcon_core.shell:Creating prefix util module '/root/ws_sensor_combined/install/_local_setup_util_sh.py'
[5.999s] INFO:colcon.colcon_core.shell:Creating prefix chain script '/root/ws_sensor_combined/install/setup.sh'
[5.999s] INFO:colcon.colcon_core.shell:Creating prefix script '/root/ws_sensor_combined/install/local_setup.bash'
[6.000s] INFO:colcon.colcon_core.shell:Creating prefix chain script '/root/ws_sensor_combined/install/setup.bash'
[6.000s] INFO:colcon.colcon_core.shell:Creating prefix script '/root/ws_sensor_combined/install/local_setup.zsh'
[6.001s] INFO:colcon.colcon_core.shell:Creating prefix chain script '/root/ws_sensor_combined/install/setup.zsh'
