[0.135s] DEBUG:colcon:Command line arguments: ['/usr/bin/colcon', 'build']
[0.136s] DEBUG:colcon:Parsed command line arguments: Namespace(log_base=None, log_level=None, verb_name='build', build_base='build', install_base='install', merge_install=False, symlink_install=False, test_result_base=None, continue_on_error=False, executor='parallel', parallel_workers=20, event_handlers=None, ignore_user_meta=False, metas=['./colcon.meta'], base_paths=['.'], packages_ignore=None, packages_ignore_regex=None, paths=None, packages_up_to=None, packages_up_to_regex=None, packages_above=None, packages_above_and_dependencies=None, packages_above_depth=None, packages_select_by_dep=None, packages_skip_by_dep=None, packages_skip_up_to=None, packages_select_build_failed=False, packages_skip_build_finished=False, packages_select_test_failures=False, packages_skip_test_passed=False, packages_select=None, packages_skip=None, packages_select_regex=None, packages_skip_regex=None, packages_start=None, packages_end=None, allow_overriding=[], cmake_args=None, cmake_target=None, cmake_target_skip_unavailable=False, cmake_clean_cache=False, cmake_clean_first=False, cmake_force_configure=False, ament_cmake_args=None, catkin_cmake_args=None, catkin_skip_building_tests=False, mixin_files=None, mixin=None, verb_parser=<colcon_mixin.mixin.mixin_argument.MixinArgumentDecorator object at 0x78200234ef80>, verb_extension=<colcon_core.verb.build.BuildVerb object at 0x78200234e980>, main=<bound method BuildVerb.main of <colcon_core.verb.build.BuildVerb object at 0x78200234e980>>, mixin_verb=('build',))
[0.167s] Level 1:colcon.colcon_core.package_discovery:discover_packages(colcon_meta) check parameters
[0.167s] Level 1:colcon.colcon_core.package_discovery:discover_packages(recursive) check parameters
[0.167s] Level 1:colcon.colcon_core.package_discovery:discover_packages(ignore) check parameters
[0.167s] Level 1:colcon.colcon_core.package_discovery:discover_packages(path) check parameters
[0.167s] Level 1:colcon.colcon_core.package_discovery:discover_packages(colcon_meta) discover
[0.167s] Level 1:colcon.colcon_core.package_discovery:discover_packages(recursive) discover
[0.167s] INFO:colcon.colcon_core.package_discovery:Crawling recursively for packages in '/root/ws_sensor_combined'
[0.167s] Level 1:colcon.colcon_core.package_identification:_identify(.) by extensions ['ignore', 'ignore_ament_install']
[0.167s] Level 1:colcon.colcon_core.package_identification:_identify(.) by extension 'ignore'
[0.168s] Level 1:colcon.colcon_core.package_identification:_identify(.) by extension 'ignore_ament_install'
[0.168s] Level 1:colcon.colcon_core.package_identification:_identify(.) by extensions ['colcon_pkg']
[0.168s] Level 1:colcon.colcon_core.package_identification:_identify(.) by extension 'colcon_pkg'
[0.168s] Level 1:colcon.colcon_core.package_identification:_identify(.) by extensions ['colcon_meta']
[0.168s] Level 1:colcon.colcon_core.package_identification:_identify(.) by extension 'colcon_meta'
[0.168s] Level 1:colcon.colcon_core.package_identification:_identify(.) by extensions ['ros']
[0.168s] Level 1:colcon.colcon_core.package_identification:_identify(.) by extension 'ros'
[0.179s] Level 1:colcon.colcon_core.package_identification:_identify(.) by extensions ['cmake', 'python']
[0.179s] Level 1:colcon.colcon_core.package_identification:_identify(.) by extension 'cmake'
[0.179s] Level 1:colcon.colcon_core.package_identification:_identify(.) by extension 'python'
[0.179s] Level 1:colcon.colcon_core.package_identification:_identify(.) by extensions ['python_setup_py']
[0.179s] Level 1:colcon.colcon_core.package_identification:_identify(.) by extension 'python_setup_py'
[0.179s] Level 1:colcon.colcon_core.package_identification:_identify(build) by extensions ['ignore', 'ignore_ament_install']
[0.179s] Level 1:colcon.colcon_core.package_identification:_identify(build) by extension 'ignore'
[0.179s] Level 1:colcon.colcon_core.package_identification:_identify(build) ignored
[0.180s] Level 1:colcon.colcon_core.package_identification:_identify(install) by extensions ['ignore', 'ignore_ament_install']
[0.180s] Level 1:colcon.colcon_core.package_identification:_identify(install) by extension 'ignore'
[0.180s] Level 1:colcon.colcon_core.package_identification:_identify(install) ignored
[0.180s] Level 1:colcon.colcon_core.package_identification:_identify(log) by extensions ['ignore', 'ignore_ament_install']
[0.180s] Level 1:colcon.colcon_core.package_identification:_identify(log) by extension 'ignore'
[0.180s] Level 1:colcon.colcon_core.package_identification:_identify(log) ignored
[0.180s] Level 1:colcon.colcon_core.package_identification:_identify(src) by extensions ['ignore', 'ignore_ament_install']
[0.180s] Level 1:colcon.colcon_core.package_identification:_identify(src) by extension 'ignore'
[0.180s] Level 1:colcon.colcon_core.package_identification:_identify(src) by extension 'ignore_ament_install'
[0.180s] Level 1:colcon.colcon_core.package_identification:_identify(src) by extensions ['colcon_pkg']
[0.180s] Level 1:colcon.colcon_core.package_identification:_identify(src) by extension 'colcon_pkg'
[0.180s] Level 1:colcon.colcon_core.package_identification:_identify(src) by extensions ['colcon_meta']
[0.180s] Level 1:colcon.colcon_core.package_identification:_identify(src) by extension 'colcon_meta'
[0.180s] Level 1:colcon.colcon_core.package_identification:_identify(src) by extensions ['ros']
[0.180s] Level 1:colcon.colcon_core.package_identification:_identify(src) by extension 'ros'
[0.180s] Level 1:colcon.colcon_core.package_identification:_identify(src) by extensions ['cmake', 'python']
[0.180s] Level 1:colcon.colcon_core.package_identification:_identify(src) by extension 'cmake'
[0.180s] Level 1:colcon.colcon_core.package_identification:_identify(src) by extension 'python'
[0.180s] Level 1:colcon.colcon_core.package_identification:_identify(src) by extensions ['python_setup_py']
[0.180s] Level 1:colcon.colcon_core.package_identification:_identify(src) by extension 'python_setup_py'
[0.181s] Level 1:colcon.colcon_core.package_identification:_identify(src/px4-ros2-interface-lib) by extensions ['ignore', 'ignore_ament_install']
[0.181s] Level 1:colcon.colcon_core.package_identification:_identify(src/px4-ros2-interface-lib) by extension 'ignore'
[0.181s] Level 1:colcon.colcon_core.package_identification:_identify(src/px4-ros2-interface-lib) by extension 'ignore_ament_install'
[0.181s] Level 1:colcon.colcon_core.package_identification:_identify(src/px4-ros2-interface-lib) by extensions ['colcon_pkg']
[0.181s] Level 1:colcon.colcon_core.package_identification:_identify(src/px4-ros2-interface-lib) by extension 'colcon_pkg'
[0.181s] Level 1:colcon.colcon_core.package_identification:_identify(src/px4-ros2-interface-lib) by extensions ['colcon_meta']
[0.181s] Level 1:colcon.colcon_core.package_identification:_identify(src/px4-ros2-interface-lib) by extension 'colcon_meta'
[0.181s] Level 1:colcon.colcon_core.package_identification:_identify(src/px4-ros2-interface-lib) by extensions ['ros']
[0.181s] Level 1:colcon.colcon_core.package_identification:_identify(src/px4-ros2-interface-lib) by extension 'ros'
[0.181s] Level 1:colcon.colcon_core.package_identification:_identify(src/px4-ros2-interface-lib) by extensions ['cmake', 'python']
[0.181s] Level 1:colcon.colcon_core.package_identification:_identify(src/px4-ros2-interface-lib) by extension 'cmake'
[0.181s] Level 1:colcon.colcon_core.package_identification:_identify(src/px4-ros2-interface-lib) by extension 'python'
[0.181s] Level 1:colcon.colcon_core.package_identification:_identify(src/px4-ros2-interface-lib) by extensions ['python_setup_py']
[0.181s] Level 1:colcon.colcon_core.package_identification:_identify(src/px4-ros2-interface-lib) by extension 'python_setup_py'
[0.181s] Level 1:colcon.colcon_core.package_identification:_identify(src/px4-ros2-interface-lib/examples) by extensions ['ignore', 'ignore_ament_install']
[0.182s] Level 1:colcon.colcon_core.package_identification:_identify(src/px4-ros2-interface-lib/examples) by extension 'ignore'
[0.182s] Level 1:colcon.colcon_core.package_identification:_identify(src/px4-ros2-interface-lib/examples) by extension 'ignore_ament_install'
[0.182s] Level 1:colcon.colcon_core.package_identification:_identify(src/px4-ros2-interface-lib/examples) by extensions ['colcon_pkg']
[0.182s] Level 1:colcon.colcon_core.package_identification:_identify(src/px4-ros2-interface-lib/examples) by extension 'colcon_pkg'
[0.182s] Level 1:colcon.colcon_core.package_identification:_identify(src/px4-ros2-interface-lib/examples) by extensions ['colcon_meta']
[0.182s] Level 1:colcon.colcon_core.package_identification:_identify(src/px4-ros2-interface-lib/examples) by extension 'colcon_meta'
[0.182s] Level 1:colcon.colcon_core.package_identification:_identify(src/px4-ros2-interface-lib/examples) by extensions ['ros']
[0.182s] Level 1:colcon.colcon_core.package_identification:_identify(src/px4-ros2-interface-lib/examples) by extension 'ros'
[0.182s] Level 1:colcon.colcon_core.package_identification:_identify(src/px4-ros2-interface-lib/examples) by extensions ['cmake', 'python']
[0.182s] Level 1:colcon.colcon_core.package_identification:_identify(src/px4-ros2-interface-lib/examples) by extension 'cmake'
[0.182s] Level 1:colcon.colcon_core.package_identification:_identify(src/px4-ros2-interface-lib/examples) by extension 'python'
[0.182s] Level 1:colcon.colcon_core.package_identification:_identify(src/px4-ros2-interface-lib/examples) by extensions ['python_setup_py']
[0.182s] Level 1:colcon.colcon_core.package_identification:_identify(src/px4-ros2-interface-lib/examples) by extension 'python_setup_py'
[0.182s] Level 1:colcon.colcon_core.package_identification:_identify(src/px4-ros2-interface-lib/examples/cpp) by extensions ['ignore', 'ignore_ament_install']
[0.182s] Level 1:colcon.colcon_core.package_identification:_identify(src/px4-ros2-interface-lib/examples/cpp) by extension 'ignore'
[0.182s] Level 1:colcon.colcon_core.package_identification:_identify(src/px4-ros2-interface-lib/examples/cpp) by extension 'ignore_ament_install'
[0.182s] Level 1:colcon.colcon_core.package_identification:_identify(src/px4-ros2-interface-lib/examples/cpp) by extensions ['colcon_pkg']
[0.182s] Level 1:colcon.colcon_core.package_identification:_identify(src/px4-ros2-interface-lib/examples/cpp) by extension 'colcon_pkg'
[0.182s] Level 1:colcon.colcon_core.package_identification:_identify(src/px4-ros2-interface-lib/examples/cpp) by extensions ['colcon_meta']
[0.182s] Level 1:colcon.colcon_core.package_identification:_identify(src/px4-ros2-interface-lib/examples/cpp) by extension 'colcon_meta'
[0.182s] Level 1:colcon.colcon_core.package_identification:_identify(src/px4-ros2-interface-lib/examples/cpp) by extensions ['ros']
[0.182s] Level 1:colcon.colcon_core.package_identification:_identify(src/px4-ros2-interface-lib/examples/cpp) by extension 'ros'
[0.182s] Level 1:colcon.colcon_core.package_identification:_identify(src/px4-ros2-interface-lib/examples/cpp) by extensions ['cmake', 'python']
[0.182s] Level 1:colcon.colcon_core.package_identification:_identify(src/px4-ros2-interface-lib/examples/cpp) by extension 'cmake'
[0.182s] Level 1:colcon.colcon_core.package_identification:_identify(src/px4-ros2-interface-lib/examples/cpp) by extension 'python'
[0.182s] Level 1:colcon.colcon_core.package_identification:_identify(src/px4-ros2-interface-lib/examples/cpp) by extensions ['python_setup_py']
[0.182s] Level 1:colcon.colcon_core.package_identification:_identify(src/px4-ros2-interface-lib/examples/cpp) by extension 'python_setup_py'
[0.182s] Level 1:colcon.colcon_core.package_identification:_identify(src/px4-ros2-interface-lib/examples/cpp/modes) by extensions ['ignore', 'ignore_ament_install']
[0.182s] Level 1:colcon.colcon_core.package_identification:_identify(src/px4-ros2-interface-lib/examples/cpp/modes) by extension 'ignore'
[0.183s] Level 1:colcon.colcon_core.package_identification:_identify(src/px4-ros2-interface-lib/examples/cpp/modes) by extension 'ignore_ament_install'
[0.183s] Level 1:colcon.colcon_core.package_identification:_identify(src/px4-ros2-interface-lib/examples/cpp/modes) by extensions ['colcon_pkg']
[0.183s] Level 1:colcon.colcon_core.package_identification:_identify(src/px4-ros2-interface-lib/examples/cpp/modes) by extension 'colcon_pkg'
[0.183s] Level 1:colcon.colcon_core.package_identification:_identify(src/px4-ros2-interface-lib/examples/cpp/modes) by extensions ['colcon_meta']
[0.183s] Level 1:colcon.colcon_core.package_identification:_identify(src/px4-ros2-interface-lib/examples/cpp/modes) by extension 'colcon_meta'
[0.183s] Level 1:colcon.colcon_core.package_identification:_identify(src/px4-ros2-interface-lib/examples/cpp/modes) by extensions ['ros']
[0.183s] Level 1:colcon.colcon_core.package_identification:_identify(src/px4-ros2-interface-lib/examples/cpp/modes) by extension 'ros'
[0.183s] Level 1:colcon.colcon_core.package_identification:_identify(src/px4-ros2-interface-lib/examples/cpp/modes) by extensions ['cmake', 'python']
[0.183s] Level 1:colcon.colcon_core.package_identification:_identify(src/px4-ros2-interface-lib/examples/cpp/modes) by extension 'cmake'
[0.183s] Level 1:colcon.colcon_core.package_identification:_identify(src/px4-ros2-interface-lib/examples/cpp/modes) by extension 'python'
[0.183s] Level 1:colcon.colcon_core.package_identification:_identify(src/px4-ros2-interface-lib/examples/cpp/modes) by extensions ['python_setup_py']
[0.183s] Level 1:colcon.colcon_core.package_identification:_identify(src/px4-ros2-interface-lib/examples/cpp/modes) by extension 'python_setup_py'
[0.183s] Level 1:colcon.colcon_core.package_identification:_identify(src/px4-ros2-interface-lib/examples/cpp/modes/executor_with_multiple_modes) by extensions ['ignore', 'ignore_ament_install']
[0.183s] Level 1:colcon.colcon_core.package_identification:_identify(src/px4-ros2-interface-lib/examples/cpp/modes/executor_with_multiple_modes) by extension 'ignore'
[0.183s] Level 1:colcon.colcon_core.package_identification:_identify(src/px4-ros2-interface-lib/examples/cpp/modes/executor_with_multiple_modes) by extension 'ignore_ament_install'
[0.183s] Level 1:colcon.colcon_core.package_identification:_identify(src/px4-ros2-interface-lib/examples/cpp/modes/executor_with_multiple_modes) by extensions ['colcon_pkg']
[0.183s] Level 1:colcon.colcon_core.package_identification:_identify(src/px4-ros2-interface-lib/examples/cpp/modes/executor_with_multiple_modes) by extension 'colcon_pkg'
[0.183s] Level 1:colcon.colcon_core.package_identification:_identify(src/px4-ros2-interface-lib/examples/cpp/modes/executor_with_multiple_modes) by extensions ['colcon_meta']
[0.183s] Level 1:colcon.colcon_core.package_identification:_identify(src/px4-ros2-interface-lib/examples/cpp/modes/executor_with_multiple_modes) by extension 'colcon_meta'
[0.183s] Level 1:colcon.colcon_core.package_identification:_identify(src/px4-ros2-interface-lib/examples/cpp/modes/executor_with_multiple_modes) by extensions ['ros']
[0.183s] Level 1:colcon.colcon_core.package_identification:_identify(src/px4-ros2-interface-lib/examples/cpp/modes/executor_with_multiple_modes) by extension 'ros'
[0.185s] DEBUG:colcon.colcon_core.package_identification:Package 'src/px4-ros2-interface-lib/examples/cpp/modes/executor_with_multiple_modes' with type 'ros.ament_cmake' and name 'example_executor_with_multiple_modes_cpp'
[0.185s] Level 1:colcon.colcon_core.package_identification:_identify(src/px4-ros2-interface-lib/examples/cpp/modes/fw_attitude) by extensions ['ignore', 'ignore_ament_install']
[0.185s] Level 1:colcon.colcon_core.package_identification:_identify(src/px4-ros2-interface-lib/examples/cpp/modes/fw_attitude) by extension 'ignore'
[0.185s] Level 1:colcon.colcon_core.package_identification:_identify(src/px4-ros2-interface-lib/examples/cpp/modes/fw_attitude) by extension 'ignore_ament_install'
[0.185s] Level 1:colcon.colcon_core.package_identification:_identify(src/px4-ros2-interface-lib/examples/cpp/modes/fw_attitude) by extensions ['colcon_pkg']
[0.185s] Level 1:colcon.colcon_core.package_identification:_identify(src/px4-ros2-interface-lib/examples/cpp/modes/fw_attitude) by extension 'colcon_pkg'
[0.185s] Level 1:colcon.colcon_core.package_identification:_identify(src/px4-ros2-interface-lib/examples/cpp/modes/fw_attitude) by extensions ['colcon_meta']
[0.185s] Level 1:colcon.colcon_core.package_identification:_identify(src/px4-ros2-interface-lib/examples/cpp/modes/fw_attitude) by extension 'colcon_meta'
[0.185s] Level 1:colcon.colcon_core.package_identification:_identify(src/px4-ros2-interface-lib/examples/cpp/modes/fw_attitude) by extensions ['ros']
[0.185s] Level 1:colcon.colcon_core.package_identification:_identify(src/px4-ros2-interface-lib/examples/cpp/modes/fw_attitude) by extension 'ros'
[0.186s] DEBUG:colcon.colcon_core.package_identification:Package 'src/px4-ros2-interface-lib/examples/cpp/modes/fw_attitude' with type 'ros.ament_cmake' and name 'example_mode_fw_attitude_cpp'
[0.186s] Level 1:colcon.colcon_core.package_identification:_identify(src/px4-ros2-interface-lib/examples/cpp/modes/goto) by extensions ['ignore', 'ignore_ament_install']
[0.186s] Level 1:colcon.colcon_core.package_identification:_identify(src/px4-ros2-interface-lib/examples/cpp/modes/goto) by extension 'ignore'
[0.186s] Level 1:colcon.colcon_core.package_identification:_identify(src/px4-ros2-interface-lib/examples/cpp/modes/goto) by extension 'ignore_ament_install'
[0.186s] Level 1:colcon.colcon_core.package_identification:_identify(src/px4-ros2-interface-lib/examples/cpp/modes/goto) by extensions ['colcon_pkg']
[0.186s] Level 1:colcon.colcon_core.package_identification:_identify(src/px4-ros2-interface-lib/examples/cpp/modes/goto) by extension 'colcon_pkg'
[0.186s] Level 1:colcon.colcon_core.package_identification:_identify(src/px4-ros2-interface-lib/examples/cpp/modes/goto) by extensions ['colcon_meta']
[0.186s] Level 1:colcon.colcon_core.package_identification:_identify(src/px4-ros2-interface-lib/examples/cpp/modes/goto) by extension 'colcon_meta'
[0.186s] Level 1:colcon.colcon_core.package_identification:_identify(src/px4-ros2-interface-lib/examples/cpp/modes/goto) by extensions ['ros']
[0.186s] Level 1:colcon.colcon_core.package_identification:_identify(src/px4-ros2-interface-lib/examples/cpp/modes/goto) by extension 'ros'
[0.186s] DEBUG:colcon.colcon_core.package_identification:Package 'src/px4-ros2-interface-lib/examples/cpp/modes/goto' with type 'ros.ament_cmake' and name 'example_mode_goto_cpp'
[0.187s] Level 1:colcon.colcon_core.package_identification:_identify(src/px4-ros2-interface-lib/examples/cpp/modes/goto_global) by extensions ['ignore', 'ignore_ament_install']
[0.187s] Level 1:colcon.colcon_core.package_identification:_identify(src/px4-ros2-interface-lib/examples/cpp/modes/goto_global) by extension 'ignore'
[0.187s] Level 1:colcon.colcon_core.package_identification:_identify(src/px4-ros2-interface-lib/examples/cpp/modes/goto_global) by extension 'ignore_ament_install'
[0.187s] Level 1:colcon.colcon_core.package_identification:_identify(src/px4-ros2-interface-lib/examples/cpp/modes/goto_global) by extensions ['colcon_pkg']
[0.187s] Level 1:colcon.colcon_core.package_identification:_identify(src/px4-ros2-interface-lib/examples/cpp/modes/goto_global) by extension 'colcon_pkg'
[0.187s] Level 1:colcon.colcon_core.package_identification:_identify(src/px4-ros2-interface-lib/examples/cpp/modes/goto_global) by extensions ['colcon_meta']
[0.187s] Level 1:colcon.colcon_core.package_identification:_identify(src/px4-ros2-interface-lib/examples/cpp/modes/goto_global) by extension 'colcon_meta'
[0.187s] Level 1:colcon.colcon_core.package_identification:_identify(src/px4-ros2-interface-lib/examples/cpp/modes/goto_global) by extensions ['ros']
[0.187s] Level 1:colcon.colcon_core.package_identification:_identify(src/px4-ros2-interface-lib/examples/cpp/modes/goto_global) by extension 'ros'
[0.187s] DEBUG:colcon.colcon_core.package_identification:Package 'src/px4-ros2-interface-lib/examples/cpp/modes/goto_global' with type 'ros.ament_cmake' and name 'example_mode_goto_global_cpp'
[0.187s] Level 1:colcon.colcon_core.package_identification:_identify(src/px4-ros2-interface-lib/examples/cpp/modes/manual) by extensions ['ignore', 'ignore_ament_install']
[0.187s] Level 1:colcon.colcon_core.package_identification:_identify(src/px4-ros2-interface-lib/examples/cpp/modes/manual) by extension 'ignore'
[0.187s] Level 1:colcon.colcon_core.package_identification:_identify(src/px4-ros2-interface-lib/examples/cpp/modes/manual) by extension 'ignore_ament_install'
[0.188s] Level 1:colcon.colcon_core.package_identification:_identify(src/px4-ros2-interface-lib/examples/cpp/modes/manual) by extensions ['colcon_pkg']
[0.188s] Level 1:colcon.colcon_core.package_identification:_identify(src/px4-ros2-interface-lib/examples/cpp/modes/manual) by extension 'colcon_pkg'
[0.188s] Level 1:colcon.colcon_core.package_identification:_identify(src/px4-ros2-interface-lib/examples/cpp/modes/manual) by extensions ['colcon_meta']
[0.188s] Level 1:colcon.colcon_core.package_identification:_identify(src/px4-ros2-interface-lib/examples/cpp/modes/manual) by extension 'colcon_meta'
[0.188s] Level 1:colcon.colcon_core.package_identification:_identify(src/px4-ros2-interface-lib/examples/cpp/modes/manual) by extensions ['ros']
[0.188s] Level 1:colcon.colcon_core.package_identification:_identify(src/px4-ros2-interface-lib/examples/cpp/modes/manual) by extension 'ros'
[0.188s] DEBUG:colcon.colcon_core.package_identification:Package 'src/px4-ros2-interface-lib/examples/cpp/modes/manual' with type 'ros.ament_cmake' and name 'example_mode_manual_cpp'
[0.188s] Level 1:colcon.colcon_core.package_identification:_identify(src/px4-ros2-interface-lib/examples/cpp/modes/mode_with_executor) by extensions ['ignore', 'ignore_ament_install']
[0.188s] Level 1:colcon.colcon_core.package_identification:_identify(src/px4-ros2-interface-lib/examples/cpp/modes/mode_with_executor) by extension 'ignore'
[0.188s] Level 1:colcon.colcon_core.package_identification:_identify(src/px4-ros2-interface-lib/examples/cpp/modes/mode_with_executor) by extension 'ignore_ament_install'
[0.188s] Level 1:colcon.colcon_core.package_identification:_identify(src/px4-ros2-interface-lib/examples/cpp/modes/mode_with_executor) by extensions ['colcon_pkg']
[0.188s] Level 1:colcon.colcon_core.package_identification:_identify(src/px4-ros2-interface-lib/examples/cpp/modes/mode_with_executor) by extension 'colcon_pkg'
[0.188s] Level 1:colcon.colcon_core.package_identification:_identify(src/px4-ros2-interface-lib/examples/cpp/modes/mode_with_executor) by extensions ['colcon_meta']
[0.188s] Level 1:colcon.colcon_core.package_identification:_identify(src/px4-ros2-interface-lib/examples/cpp/modes/mode_with_executor) by extension 'colcon_meta'
[0.188s] Level 1:colcon.colcon_core.package_identification:_identify(src/px4-ros2-interface-lib/examples/cpp/modes/mode_with_executor) by extensions ['ros']
[0.188s] Level 1:colcon.colcon_core.package_identification:_identify(src/px4-ros2-interface-lib/examples/cpp/modes/mode_with_executor) by extension 'ros'
[0.189s] DEBUG:colcon.colcon_core.package_identification:Package 'src/px4-ros2-interface-lib/examples/cpp/modes/mode_with_executor' with type 'ros.ament_cmake' and name 'example_mode_with_executor_cpp'
[0.189s] Level 1:colcon.colcon_core.package_identification:_identify(src/px4-ros2-interface-lib/examples/cpp/modes/rtl_replacement) by extensions ['ignore', 'ignore_ament_install']
[0.189s] Level 1:colcon.colcon_core.package_identification:_identify(src/px4-ros2-interface-lib/examples/cpp/modes/rtl_replacement) by extension 'ignore'
[0.189s] Level 1:colcon.colcon_core.package_identification:_identify(src/px4-ros2-interface-lib/examples/cpp/modes/rtl_replacement) by extension 'ignore_ament_install'
[0.189s] Level 1:colcon.colcon_core.package_identification:_identify(src/px4-ros2-interface-lib/examples/cpp/modes/rtl_replacement) by extensions ['colcon_pkg']
[0.189s] Level 1:colcon.colcon_core.package_identification:_identify(src/px4-ros2-interface-lib/examples/cpp/modes/rtl_replacement) by extension 'colcon_pkg'
[0.189s] Level 1:colcon.colcon_core.package_identification:_identify(src/px4-ros2-interface-lib/examples/cpp/modes/rtl_replacement) by extensions ['colcon_meta']
[0.189s] Level 1:colcon.colcon_core.package_identification:_identify(src/px4-ros2-interface-lib/examples/cpp/modes/rtl_replacement) by extension 'colcon_meta'
[0.189s] Level 1:colcon.colcon_core.package_identification:_identify(src/px4-ros2-interface-lib/examples/cpp/modes/rtl_replacement) by extensions ['ros']
[0.189s] Level 1:colcon.colcon_core.package_identification:_identify(src/px4-ros2-interface-lib/examples/cpp/modes/rtl_replacement) by extension 'ros'
[0.189s] DEBUG:colcon.colcon_core.package_identification:Package 'src/px4-ros2-interface-lib/examples/cpp/modes/rtl_replacement' with type 'ros.ament_cmake' and name 'example_mode_rtl_replacement_cpp'
[0.190s] Level 1:colcon.colcon_core.package_identification:_identify(src/px4-ros2-interface-lib/examples/cpp/modes/vtol) by extensions ['ignore', 'ignore_ament_install']
[0.190s] Level 1:colcon.colcon_core.package_identification:_identify(src/px4-ros2-interface-lib/examples/cpp/modes/vtol) by extension 'ignore'
[0.190s] Level 1:colcon.colcon_core.package_identification:_identify(src/px4-ros2-interface-lib/examples/cpp/modes/vtol) by extension 'ignore_ament_install'
[0.190s] Level 1:colcon.colcon_core.package_identification:_identify(src/px4-ros2-interface-lib/examples/cpp/modes/vtol) by extensions ['colcon_pkg']
[0.190s] Level 1:colcon.colcon_core.package_identification:_identify(src/px4-ros2-interface-lib/examples/cpp/modes/vtol) by extension 'colcon_pkg'
[0.190s] Level 1:colcon.colcon_core.package_identification:_identify(src/px4-ros2-interface-lib/examples/cpp/modes/vtol) by extensions ['colcon_meta']
[0.190s] Level 1:colcon.colcon_core.package_identification:_identify(src/px4-ros2-interface-lib/examples/cpp/modes/vtol) by extension 'colcon_meta'
[0.190s] Level 1:colcon.colcon_core.package_identification:_identify(src/px4-ros2-interface-lib/examples/cpp/modes/vtol) by extensions ['ros']
[0.190s] Level 1:colcon.colcon_core.package_identification:_identify(src/px4-ros2-interface-lib/examples/cpp/modes/vtol) by extension 'ros'
[0.190s] DEBUG:colcon.colcon_core.package_identification:Package 'src/px4-ros2-interface-lib/examples/cpp/modes/vtol' with type 'ros.ament_cmake' and name 'example_mode_vtol_cpp'
[0.190s] Level 1:colcon.colcon_core.package_identification:_identify(src/px4-ros2-interface-lib/examples/cpp/navigation) by extensions ['ignore', 'ignore_ament_install']
[0.190s] Level 1:colcon.colcon_core.package_identification:_identify(src/px4-ros2-interface-lib/examples/cpp/navigation) by extension 'ignore'
[0.191s] Level 1:colcon.colcon_core.package_identification:_identify(src/px4-ros2-interface-lib/examples/cpp/navigation) by extension 'ignore_ament_install'
[0.191s] Level 1:colcon.colcon_core.package_identification:_identify(src/px4-ros2-interface-lib/examples/cpp/navigation) by extensions ['colcon_pkg']
[0.191s] Level 1:colcon.colcon_core.package_identification:_identify(src/px4-ros2-interface-lib/examples/cpp/navigation) by extension 'colcon_pkg'
[0.191s] Level 1:colcon.colcon_core.package_identification:_identify(src/px4-ros2-interface-lib/examples/cpp/navigation) by extensions ['colcon_meta']
[0.191s] Level 1:colcon.colcon_core.package_identification:_identify(src/px4-ros2-interface-lib/examples/cpp/navigation) by extension 'colcon_meta'
[0.191s] Level 1:colcon.colcon_core.package_identification:_identify(src/px4-ros2-interface-lib/examples/cpp/navigation) by extensions ['ros']
[0.191s] Level 1:colcon.colcon_core.package_identification:_identify(src/px4-ros2-interface-lib/examples/cpp/navigation) by extension 'ros'
[0.191s] Level 1:colcon.colcon_core.package_identification:_identify(src/px4-ros2-interface-lib/examples/cpp/navigation) by extensions ['cmake', 'python']
[0.191s] Level 1:colcon.colcon_core.package_identification:_identify(src/px4-ros2-interface-lib/examples/cpp/navigation) by extension 'cmake'
[0.191s] Level 1:colcon.colcon_core.package_identification:_identify(src/px4-ros2-interface-lib/examples/cpp/navigation) by extension 'python'
[0.191s] Level 1:colcon.colcon_core.package_identification:_identify(src/px4-ros2-interface-lib/examples/cpp/navigation) by extensions ['python_setup_py']
[0.191s] Level 1:colcon.colcon_core.package_identification:_identify(src/px4-ros2-interface-lib/examples/cpp/navigation) by extension 'python_setup_py'
[0.191s] Level 1:colcon.colcon_core.package_identification:_identify(src/px4-ros2-interface-lib/examples/cpp/navigation/global_navigation) by extensions ['ignore', 'ignore_ament_install']
[0.191s] Level 1:colcon.colcon_core.package_identification:_identify(src/px4-ros2-interface-lib/examples/cpp/navigation/global_navigation) by extension 'ignore'
[0.191s] Level 1:colcon.colcon_core.package_identification:_identify(src/px4-ros2-interface-lib/examples/cpp/navigation/global_navigation) by extension 'ignore_ament_install'
[0.191s] Level 1:colcon.colcon_core.package_identification:_identify(src/px4-ros2-interface-lib/examples/cpp/navigation/global_navigation) by extensions ['colcon_pkg']
[0.191s] Level 1:colcon.colcon_core.package_identification:_identify(src/px4-ros2-interface-lib/examples/cpp/navigation/global_navigation) by extension 'colcon_pkg'
[0.191s] Level 1:colcon.colcon_core.package_identification:_identify(src/px4-ros2-interface-lib/examples/cpp/navigation/global_navigation) by extensions ['colcon_meta']
[0.191s] Level 1:colcon.colcon_core.package_identification:_identify(src/px4-ros2-interface-lib/examples/cpp/navigation/global_navigation) by extension 'colcon_meta'
[0.191s] Level 1:colcon.colcon_core.package_identification:_identify(src/px4-ros2-interface-lib/examples/cpp/navigation/global_navigation) by extensions ['ros']
[0.191s] Level 1:colcon.colcon_core.package_identification:_identify(src/px4-ros2-interface-lib/examples/cpp/navigation/global_navigation) by extension 'ros'
[0.192s] DEBUG:colcon.colcon_core.package_identification:Package 'src/px4-ros2-interface-lib/examples/cpp/navigation/global_navigation' with type 'ros.ament_cmake' and name 'example_global_navigation_cpp'
[0.192s] Level 1:colcon.colcon_core.package_identification:_identify(src/px4-ros2-interface-lib/examples/cpp/navigation/local_navigation) by extensions ['ignore', 'ignore_ament_install']
[0.192s] Level 1:colcon.colcon_core.package_identification:_identify(src/px4-ros2-interface-lib/examples/cpp/navigation/local_navigation) by extension 'ignore'
[0.192s] Level 1:colcon.colcon_core.package_identification:_identify(src/px4-ros2-interface-lib/examples/cpp/navigation/local_navigation) by extension 'ignore_ament_install'
[0.192s] Level 1:colcon.colcon_core.package_identification:_identify(src/px4-ros2-interface-lib/examples/cpp/navigation/local_navigation) by extensions ['colcon_pkg']
[0.192s] Level 1:colcon.colcon_core.package_identification:_identify(src/px4-ros2-interface-lib/examples/cpp/navigation/local_navigation) by extension 'colcon_pkg'
[0.192s] Level 1:colcon.colcon_core.package_identification:_identify(src/px4-ros2-interface-lib/examples/cpp/navigation/local_navigation) by extensions ['colcon_meta']
[0.192s] Level 1:colcon.colcon_core.package_identification:_identify(src/px4-ros2-interface-lib/examples/cpp/navigation/local_navigation) by extension 'colcon_meta'
[0.192s] Level 1:colcon.colcon_core.package_identification:_identify(src/px4-ros2-interface-lib/examples/cpp/navigation/local_navigation) by extensions ['ros']
[0.192s] Level 1:colcon.colcon_core.package_identification:_identify(src/px4-ros2-interface-lib/examples/cpp/navigation/local_navigation) by extension 'ros'
[0.192s] DEBUG:colcon.colcon_core.package_identification:Package 'src/px4-ros2-interface-lib/examples/cpp/navigation/local_navigation' with type 'ros.ament_cmake' and name 'example_local_navigation_cpp'
[0.192s] Level 1:colcon.colcon_core.package_identification:_identify(src/px4-ros2-interface-lib/px4_ros2_cpp) by extensions ['ignore', 'ignore_ament_install']
[0.192s] Level 1:colcon.colcon_core.package_identification:_identify(src/px4-ros2-interface-lib/px4_ros2_cpp) by extension 'ignore'
[0.192s] Level 1:colcon.colcon_core.package_identification:_identify(src/px4-ros2-interface-lib/px4_ros2_cpp) by extension 'ignore_ament_install'
[0.193s] Level 1:colcon.colcon_core.package_identification:_identify(src/px4-ros2-interface-lib/px4_ros2_cpp) by extensions ['colcon_pkg']
[0.193s] Level 1:colcon.colcon_core.package_identification:_identify(src/px4-ros2-interface-lib/px4_ros2_cpp) by extension 'colcon_pkg'
[0.193s] Level 1:colcon.colcon_core.package_identification:_identify(src/px4-ros2-interface-lib/px4_ros2_cpp) by extensions ['colcon_meta']
[0.193s] Level 1:colcon.colcon_core.package_identification:_identify(src/px4-ros2-interface-lib/px4_ros2_cpp) by extension 'colcon_meta'
[0.193s] Level 1:colcon.colcon_core.package_identification:_identify(src/px4-ros2-interface-lib/px4_ros2_cpp) by extensions ['ros']
[0.193s] Level 1:colcon.colcon_core.package_identification:_identify(src/px4-ros2-interface-lib/px4_ros2_cpp) by extension 'ros'
[0.193s] DEBUG:colcon.colcon_core.package_identification:Package 'src/px4-ros2-interface-lib/px4_ros2_cpp' with type 'ros.ament_cmake' and name 'px4_ros2_cpp'
[0.193s] Level 1:colcon.colcon_core.package_identification:_identify(src/px4-ros2-interface-lib/scripts) by extensions ['ignore', 'ignore_ament_install']
[0.194s] Level 1:colcon.colcon_core.package_identification:_identify(src/px4-ros2-interface-lib/scripts) by extension 'ignore'
[0.194s] Level 1:colcon.colcon_core.package_identification:_identify(src/px4-ros2-interface-lib/scripts) by extension 'ignore_ament_install'
[0.194s] Level 1:colcon.colcon_core.package_identification:_identify(src/px4-ros2-interface-lib/scripts) by extensions ['colcon_pkg']
[0.194s] Level 1:colcon.colcon_core.package_identification:_identify(src/px4-ros2-interface-lib/scripts) by extension 'colcon_pkg'
[0.194s] Level 1:colcon.colcon_core.package_identification:_identify(src/px4-ros2-interface-lib/scripts) by extensions ['colcon_meta']
[0.194s] Level 1:colcon.colcon_core.package_identification:_identify(src/px4-ros2-interface-lib/scripts) by extension 'colcon_meta'
[0.194s] Level 1:colcon.colcon_core.package_identification:_identify(src/px4-ros2-interface-lib/scripts) by extensions ['ros']
[0.194s] Level 1:colcon.colcon_core.package_identification:_identify(src/px4-ros2-interface-lib/scripts) by extension 'ros'
[0.194s] Level 1:colcon.colcon_core.package_identification:_identify(src/px4-ros2-interface-lib/scripts) by extensions ['cmake', 'python']
[0.194s] Level 1:colcon.colcon_core.package_identification:_identify(src/px4-ros2-interface-lib/scripts) by extension 'cmake'
[0.194s] Level 1:colcon.colcon_core.package_identification:_identify(src/px4-ros2-interface-lib/scripts) by extension 'python'
[0.194s] Level 1:colcon.colcon_core.package_identification:_identify(src/px4-ros2-interface-lib/scripts) by extensions ['python_setup_py']
[0.194s] Level 1:colcon.colcon_core.package_identification:_identify(src/px4-ros2-interface-lib/scripts) by extension 'python_setup_py'
[0.194s] Level 1:colcon.colcon_core.package_identification:_identify(src/px4_msgs) by extensions ['ignore', 'ignore_ament_install']
[0.194s] Level 1:colcon.colcon_core.package_identification:_identify(src/px4_msgs) by extension 'ignore'
[0.194s] Level 1:colcon.colcon_core.package_identification:_identify(src/px4_msgs) by extension 'ignore_ament_install'
[0.194s] Level 1:colcon.colcon_core.package_identification:_identify(src/px4_msgs) by extensions ['colcon_pkg']
[0.194s] Level 1:colcon.colcon_core.package_identification:_identify(src/px4_msgs) by extension 'colcon_pkg'
[0.194s] Level 1:colcon.colcon_core.package_identification:_identify(src/px4_msgs) by extensions ['colcon_meta']
[0.194s] Level 1:colcon.colcon_core.package_identification:_identify(src/px4_msgs) by extension 'colcon_meta'
[0.194s] Level 1:colcon.colcon_core.package_identification:_identify(src/px4_msgs) by extensions ['ros']
[0.194s] Level 1:colcon.colcon_core.package_identification:_identify(src/px4_msgs) by extension 'ros'
[0.195s] DEBUG:colcon.colcon_core.package_identification:Package 'src/px4_msgs' with type 'ros.ament_cmake' and name 'px4_msgs'
[0.195s] Level 1:colcon.colcon_core.package_identification:_identify(src/px4_ros_com) by extensions ['ignore', 'ignore_ament_install']
[0.195s] Level 1:colcon.colcon_core.package_identification:_identify(src/px4_ros_com) by extension 'ignore'
[0.195s] Level 1:colcon.colcon_core.package_identification:_identify(src/px4_ros_com) by extension 'ignore_ament_install'
[0.195s] Level 1:colcon.colcon_core.package_identification:_identify(src/px4_ros_com) by extensions ['colcon_pkg']
[0.195s] Level 1:colcon.colcon_core.package_identification:_identify(src/px4_ros_com) by extension 'colcon_pkg'
[0.195s] Level 1:colcon.colcon_core.package_identification:_identify(src/px4_ros_com) by extensions ['colcon_meta']
[0.195s] Level 1:colcon.colcon_core.package_identification:_identify(src/px4_ros_com) by extension 'colcon_meta'
[0.195s] Level 1:colcon.colcon_core.package_identification:_identify(src/px4_ros_com) by extensions ['ros']
[0.195s] Level 1:colcon.colcon_core.package_identification:_identify(src/px4_ros_com) by extension 'ros'
[0.196s] DEBUG:colcon.colcon_core.package_identification:Package 'src/px4_ros_com' with type 'ros.ament_cmake' and name 'px4_ros_com'
[0.196s] Level 1:colcon.colcon_core.package_discovery:discover_packages(recursive) using defaults
[0.196s] Level 1:colcon.colcon_core.package_discovery:discover_packages(ignore) discover
[0.196s] Level 1:colcon.colcon_core.package_discovery:discover_packages(ignore) using defaults
[0.196s] Level 1:colcon.colcon_core.package_discovery:discover_packages(path) discover
[0.196s] Level 1:colcon.colcon_core.package_discovery:discover_packages(path) using defaults
[0.214s] Level 1:colcon.colcon_core.package_discovery:discover_packages(prefix_path) check parameters
[0.214s] Level 1:colcon.colcon_core.package_discovery:discover_packages(prefix_path) discover
[0.215s] DEBUG:colcon.colcon_installed_package_information.package_discovery:Found 13 installed packages in /root/ws_sensor_combined/install
[0.216s] DEBUG:colcon.colcon_installed_package_information.package_discovery:Found 271 installed packages in /opt/ros/humble
[0.217s] Level 1:colcon.colcon_core.package_discovery:discover_packages(prefix_path) using defaults
[0.240s] Level 5:colcon.colcon_core.verb:set package 'px4_msgs' build argument 'cmake_args' from command line to 'None'
[0.240s] Level 5:colcon.colcon_core.verb:set package 'px4_msgs' build argument 'cmake_target' from command line to 'None'
[0.240s] Level 5:colcon.colcon_core.verb:set package 'px4_msgs' build argument 'cmake_target_skip_unavailable' from command line to 'False'
[0.240s] Level 5:colcon.colcon_core.verb:set package 'px4_msgs' build argument 'cmake_clean_cache' from command line to 'False'
[0.240s] Level 5:colcon.colcon_core.verb:set package 'px4_msgs' build argument 'cmake_clean_first' from command line to 'False'
[0.240s] Level 5:colcon.colcon_core.verb:set package 'px4_msgs' build argument 'cmake_force_configure' from command line to 'False'
[0.240s] Level 5:colcon.colcon_core.verb:set package 'px4_msgs' build argument 'ament_cmake_args' from command line to 'None'
[0.240s] Level 5:colcon.colcon_core.verb:set package 'px4_msgs' build argument 'catkin_cmake_args' from command line to 'None'
[0.240s] Level 5:colcon.colcon_core.verb:set package 'px4_msgs' build argument 'catkin_skip_building_tests' from command line to 'False'
[0.240s] DEBUG:colcon.colcon_core.verb:Building package 'px4_msgs' with the following arguments: {'ament_cmake_args': None, 'build_base': '/root/ws_sensor_combined/build/px4_msgs', 'catkin_cmake_args': None, 'catkin_skip_building_tests': False, 'cmake_args': None, 'cmake_clean_cache': False, 'cmake_clean_first': False, 'cmake_force_configure': False, 'cmake_target': None, 'cmake_target_skip_unavailable': False, 'install_base': '/root/ws_sensor_combined/install/px4_msgs', 'merge_install': False, 'path': '/root/ws_sensor_combined/src/px4_msgs', 'symlink_install': False, 'test_result_base': None}
[0.240s] Level 5:colcon.colcon_core.verb:set package 'px4_ros2_cpp' build argument 'cmake_args' from command line to 'None'
[0.240s] Level 5:colcon.colcon_core.verb:set package 'px4_ros2_cpp' build argument 'cmake_target' from command line to 'None'
[0.241s] Level 5:colcon.colcon_core.verb:set package 'px4_ros2_cpp' build argument 'cmake_target_skip_unavailable' from command line to 'False'
[0.241s] Level 5:colcon.colcon_core.verb:set package 'px4_ros2_cpp' build argument 'cmake_clean_cache' from command line to 'False'
[0.241s] Level 5:colcon.colcon_core.verb:set package 'px4_ros2_cpp' build argument 'cmake_clean_first' from command line to 'False'
[0.241s] Level 5:colcon.colcon_core.verb:set package 'px4_ros2_cpp' build argument 'cmake_force_configure' from command line to 'False'
[0.241s] Level 5:colcon.colcon_core.verb:set package 'px4_ros2_cpp' build argument 'ament_cmake_args' from command line to 'None'
[0.241s] Level 5:colcon.colcon_core.verb:set package 'px4_ros2_cpp' build argument 'catkin_cmake_args' from command line to 'None'
[0.241s] Level 5:colcon.colcon_core.verb:set package 'px4_ros2_cpp' build argument 'catkin_skip_building_tests' from command line to 'False'
[0.241s] DEBUG:colcon.colcon_core.verb:Building package 'px4_ros2_cpp' with the following arguments: {'ament_cmake_args': None, 'build_base': '/root/ws_sensor_combined/build/px4_ros2_cpp', 'catkin_cmake_args': None, 'catkin_skip_building_tests': False, 'cmake_args': None, 'cmake_clean_cache': False, 'cmake_clean_first': False, 'cmake_force_configure': False, 'cmake_target': None, 'cmake_target_skip_unavailable': False, 'install_base': '/root/ws_sensor_combined/install/px4_ros2_cpp', 'merge_install': False, 'path': '/root/ws_sensor_combined/src/px4-ros2-interface-lib/px4_ros2_cpp', 'symlink_install': False, 'test_result_base': None}
[0.241s] Level 5:colcon.colcon_core.verb:set package 'px4_ros_com' build argument 'cmake_args' from command line to 'None'
[0.241s] Level 5:colcon.colcon_core.verb:set package 'px4_ros_com' build argument 'cmake_target' from command line to 'None'
[0.241s] Level 5:colcon.colcon_core.verb:set package 'px4_ros_com' build argument 'cmake_target_skip_unavailable' from command line to 'False'
[0.241s] Level 5:colcon.colcon_core.verb:set package 'px4_ros_com' build argument 'cmake_clean_cache' from command line to 'False'
[0.241s] Level 5:colcon.colcon_core.verb:set package 'px4_ros_com' build argument 'cmake_clean_first' from command line to 'False'
[0.241s] Level 5:colcon.colcon_core.verb:set package 'px4_ros_com' build argument 'cmake_force_configure' from command line to 'False'
[0.241s] Level 5:colcon.colcon_core.verb:set package 'px4_ros_com' build argument 'ament_cmake_args' from command line to 'None'
[0.241s] Level 5:colcon.colcon_core.verb:set package 'px4_ros_com' build argument 'catkin_cmake_args' from command line to 'None'
[0.241s] Level 5:colcon.colcon_core.verb:set package 'px4_ros_com' build argument 'catkin_skip_building_tests' from command line to 'False'
[0.241s] DEBUG:colcon.colcon_core.verb:Building package 'px4_ros_com' with the following arguments: {'ament_cmake_args': None, 'build_base': '/root/ws_sensor_combined/build/px4_ros_com', 'catkin_cmake_args': None, 'catkin_skip_building_tests': False, 'cmake_args': None, 'cmake_clean_cache': False, 'cmake_clean_first': False, 'cmake_force_configure': False, 'cmake_target': None, 'cmake_target_skip_unavailable': False, 'install_base': '/root/ws_sensor_combined/install/px4_ros_com', 'merge_install': False, 'path': '/root/ws_sensor_combined/src/px4_ros_com', 'symlink_install': False, 'test_result_base': None}
[0.241s] Level 5:colcon.colcon_core.verb:set package 'example_executor_with_multiple_modes_cpp' build argument 'cmake_args' from command line to 'None'
[0.241s] Level 5:colcon.colcon_core.verb:set package 'example_executor_with_multiple_modes_cpp' build argument 'cmake_target' from command line to 'None'
[0.241s] Level 5:colcon.colcon_core.verb:set package 'example_executor_with_multiple_modes_cpp' build argument 'cmake_target_skip_unavailable' from command line to 'False'
[0.241s] Level 5:colcon.colcon_core.verb:set package 'example_executor_with_multiple_modes_cpp' build argument 'cmake_clean_cache' from command line to 'False'
[0.241s] Level 5:colcon.colcon_core.verb:set package 'example_executor_with_multiple_modes_cpp' build argument 'cmake_clean_first' from command line to 'False'
[0.241s] Level 5:colcon.colcon_core.verb:set package 'example_executor_with_multiple_modes_cpp' build argument 'cmake_force_configure' from command line to 'False'
[0.241s] Level 5:colcon.colcon_core.verb:set package 'example_executor_with_multiple_modes_cpp' build argument 'ament_cmake_args' from command line to 'None'
[0.241s] Level 5:colcon.colcon_core.verb:set package 'example_executor_with_multiple_modes_cpp' build argument 'catkin_cmake_args' from command line to 'None'
[0.241s] Level 5:colcon.colcon_core.verb:set package 'example_executor_with_multiple_modes_cpp' build argument 'catkin_skip_building_tests' from command line to 'False'
[0.241s] DEBUG:colcon.colcon_core.verb:Building package 'example_executor_with_multiple_modes_cpp' with the following arguments: {'ament_cmake_args': None, 'build_base': '/root/ws_sensor_combined/build/example_executor_with_multiple_modes_cpp', 'catkin_cmake_args': None, 'catkin_skip_building_tests': False, 'cmake_args': None, 'cmake_clean_cache': False, 'cmake_clean_first': False, 'cmake_force_configure': False, 'cmake_target': None, 'cmake_target_skip_unavailable': False, 'install_base': '/root/ws_sensor_combined/install/example_executor_with_multiple_modes_cpp', 'merge_install': False, 'path': '/root/ws_sensor_combined/src/px4-ros2-interface-lib/examples/cpp/modes/executor_with_multiple_modes', 'symlink_install': False, 'test_result_base': None}
[0.241s] Level 5:colcon.colcon_core.verb:set package 'example_global_navigation_cpp' build argument 'cmake_args' from command line to 'None'
[0.241s] Level 5:colcon.colcon_core.verb:set package 'example_global_navigation_cpp' build argument 'cmake_target' from command line to 'None'
[0.241s] Level 5:colcon.colcon_core.verb:set package 'example_global_navigation_cpp' build argument 'cmake_target_skip_unavailable' from command line to 'False'
[0.241s] Level 5:colcon.colcon_core.verb:set package 'example_global_navigation_cpp' build argument 'cmake_clean_cache' from command line to 'False'
[0.241s] Level 5:colcon.colcon_core.verb:set package 'example_global_navigation_cpp' build argument 'cmake_clean_first' from command line to 'False'
[0.241s] Level 5:colcon.colcon_core.verb:set package 'example_global_navigation_cpp' build argument 'cmake_force_configure' from command line to 'False'
[0.241s] Level 5:colcon.colcon_core.verb:set package 'example_global_navigation_cpp' build argument 'ament_cmake_args' from command line to 'None'
[0.241s] Level 5:colcon.colcon_core.verb:set package 'example_global_navigation_cpp' build argument 'catkin_cmake_args' from command line to 'None'
[0.241s] Level 5:colcon.colcon_core.verb:set package 'example_global_navigation_cpp' build argument 'catkin_skip_building_tests' from command line to 'False'
[0.242s] DEBUG:colcon.colcon_core.verb:Building package 'example_global_navigation_cpp' with the following arguments: {'ament_cmake_args': None, 'build_base': '/root/ws_sensor_combined/build/example_global_navigation_cpp', 'catkin_cmake_args': None, 'catkin_skip_building_tests': False, 'cmake_args': None, 'cmake_clean_cache': False, 'cmake_clean_first': False, 'cmake_force_configure': False, 'cmake_target': None, 'cmake_target_skip_unavailable': False, 'install_base': '/root/ws_sensor_combined/install/example_global_navigation_cpp', 'merge_install': False, 'path': '/root/ws_sensor_combined/src/px4-ros2-interface-lib/examples/cpp/navigation/global_navigation', 'symlink_install': False, 'test_result_base': None}
[0.242s] Level 5:colcon.colcon_core.verb:set package 'example_local_navigation_cpp' build argument 'cmake_args' from command line to 'None'
[0.242s] Level 5:colcon.colcon_core.verb:set package 'example_local_navigation_cpp' build argument 'cmake_target' from command line to 'None'
[0.242s] Level 5:colcon.colcon_core.verb:set package 'example_local_navigation_cpp' build argument 'cmake_target_skip_unavailable' from command line to 'False'
[0.242s] Level 5:colcon.colcon_core.verb:set package 'example_local_navigation_cpp' build argument 'cmake_clean_cache' from command line to 'False'
[0.242s] Level 5:colcon.colcon_core.verb:set package 'example_local_navigation_cpp' build argument 'cmake_clean_first' from command line to 'False'
[0.242s] Level 5:colcon.colcon_core.verb:set package 'example_local_navigation_cpp' build argument 'cmake_force_configure' from command line to 'False'
[0.242s] Level 5:colcon.colcon_core.verb:set package 'example_local_navigation_cpp' build argument 'ament_cmake_args' from command line to 'None'
[0.242s] Level 5:colcon.colcon_core.verb:set package 'example_local_navigation_cpp' build argument 'catkin_cmake_args' from command line to 'None'
[0.242s] Level 5:colcon.colcon_core.verb:set package 'example_local_navigation_cpp' build argument 'catkin_skip_building_tests' from command line to 'False'
[0.242s] DEBUG:colcon.colcon_core.verb:Building package 'example_local_navigation_cpp' with the following arguments: {'ament_cmake_args': None, 'build_base': '/root/ws_sensor_combined/build/example_local_navigation_cpp', 'catkin_cmake_args': None, 'catkin_skip_building_tests': False, 'cmake_args': None, 'cmake_clean_cache': False, 'cmake_clean_first': False, 'cmake_force_configure': False, 'cmake_target': None, 'cmake_target_skip_unavailable': False, 'install_base': '/root/ws_sensor_combined/install/example_local_navigation_cpp', 'merge_install': False, 'path': '/root/ws_sensor_combined/src/px4-ros2-interface-lib/examples/cpp/navigation/local_navigation', 'symlink_install': False, 'test_result_base': None}
[0.242s] Level 5:colcon.colcon_core.verb:set package 'example_mode_fw_attitude_cpp' build argument 'cmake_args' from command line to 'None'
[0.242s] Level 5:colcon.colcon_core.verb:set package 'example_mode_fw_attitude_cpp' build argument 'cmake_target' from command line to 'None'
[0.242s] Level 5:colcon.colcon_core.verb:set package 'example_mode_fw_attitude_cpp' build argument 'cmake_target_skip_unavailable' from command line to 'False'
[0.242s] Level 5:colcon.colcon_core.verb:set package 'example_mode_fw_attitude_cpp' build argument 'cmake_clean_cache' from command line to 'False'
[0.242s] Level 5:colcon.colcon_core.verb:set package 'example_mode_fw_attitude_cpp' build argument 'cmake_clean_first' from command line to 'False'
[0.242s] Level 5:colcon.colcon_core.verb:set package 'example_mode_fw_attitude_cpp' build argument 'cmake_force_configure' from command line to 'False'
[0.242s] Level 5:colcon.colcon_core.verb:set package 'example_mode_fw_attitude_cpp' build argument 'ament_cmake_args' from command line to 'None'
[0.242s] Level 5:colcon.colcon_core.verb:set package 'example_mode_fw_attitude_cpp' build argument 'catkin_cmake_args' from command line to 'None'
[0.242s] Level 5:colcon.colcon_core.verb:set package 'example_mode_fw_attitude_cpp' build argument 'catkin_skip_building_tests' from command line to 'False'
[0.242s] DEBUG:colcon.colcon_core.verb:Building package 'example_mode_fw_attitude_cpp' with the following arguments: {'ament_cmake_args': None, 'build_base': '/root/ws_sensor_combined/build/example_mode_fw_attitude_cpp', 'catkin_cmake_args': None, 'catkin_skip_building_tests': False, 'cmake_args': None, 'cmake_clean_cache': False, 'cmake_clean_first': False, 'cmake_force_configure': False, 'cmake_target': None, 'cmake_target_skip_unavailable': False, 'install_base': '/root/ws_sensor_combined/install/example_mode_fw_attitude_cpp', 'merge_install': False, 'path': '/root/ws_sensor_combined/src/px4-ros2-interface-lib/examples/cpp/modes/fw_attitude', 'symlink_install': False, 'test_result_base': None}
[0.243s] Level 5:colcon.colcon_core.verb:set package 'example_mode_goto_cpp' build argument 'cmake_args' from command line to 'None'
[0.243s] Level 5:colcon.colcon_core.verb:set package 'example_mode_goto_cpp' build argument 'cmake_target' from command line to 'None'
[0.243s] Level 5:colcon.colcon_core.verb:set package 'example_mode_goto_cpp' build argument 'cmake_target_skip_unavailable' from command line to 'False'
[0.243s] Level 5:colcon.colcon_core.verb:set package 'example_mode_goto_cpp' build argument 'cmake_clean_cache' from command line to 'False'
[0.243s] Level 5:colcon.colcon_core.verb:set package 'example_mode_goto_cpp' build argument 'cmake_clean_first' from command line to 'False'
[0.243s] Level 5:colcon.colcon_core.verb:set package 'example_mode_goto_cpp' build argument 'cmake_force_configure' from command line to 'False'
[0.243s] Level 5:colcon.colcon_core.verb:set package 'example_mode_goto_cpp' build argument 'ament_cmake_args' from command line to 'None'
[0.243s] Level 5:colcon.colcon_core.verb:set package 'example_mode_goto_cpp' build argument 'catkin_cmake_args' from command line to 'None'
[0.243s] Level 5:colcon.colcon_core.verb:set package 'example_mode_goto_cpp' build argument 'catkin_skip_building_tests' from command line to 'False'
[0.243s] DEBUG:colcon.colcon_core.verb:Building package 'example_mode_goto_cpp' with the following arguments: {'ament_cmake_args': None, 'build_base': '/root/ws_sensor_combined/build/example_mode_goto_cpp', 'catkin_cmake_args': None, 'catkin_skip_building_tests': False, 'cmake_args': None, 'cmake_clean_cache': False, 'cmake_clean_first': False, 'cmake_force_configure': False, 'cmake_target': None, 'cmake_target_skip_unavailable': False, 'install_base': '/root/ws_sensor_combined/install/example_mode_goto_cpp', 'merge_install': False, 'path': '/root/ws_sensor_combined/src/px4-ros2-interface-lib/examples/cpp/modes/goto', 'symlink_install': False, 'test_result_base': None}
[0.243s] Level 5:colcon.colcon_core.verb:set package 'example_mode_goto_global_cpp' build argument 'cmake_args' from command line to 'None'
[0.243s] Level 5:colcon.colcon_core.verb:set package 'example_mode_goto_global_cpp' build argument 'cmake_target' from command line to 'None'
[0.243s] Level 5:colcon.colcon_core.verb:set package 'example_mode_goto_global_cpp' build argument 'cmake_target_skip_unavailable' from command line to 'False'
[0.243s] Level 5:colcon.colcon_core.verb:set package 'example_mode_goto_global_cpp' build argument 'cmake_clean_cache' from command line to 'False'
[0.243s] Level 5:colcon.colcon_core.verb:set package 'example_mode_goto_global_cpp' build argument 'cmake_clean_first' from command line to 'False'
[0.243s] Level 5:colcon.colcon_core.verb:set package 'example_mode_goto_global_cpp' build argument 'cmake_force_configure' from command line to 'False'
[0.243s] Level 5:colcon.colcon_core.verb:set package 'example_mode_goto_global_cpp' build argument 'ament_cmake_args' from command line to 'None'
[0.243s] Level 5:colcon.colcon_core.verb:set package 'example_mode_goto_global_cpp' build argument 'catkin_cmake_args' from command line to 'None'
[0.243s] Level 5:colcon.colcon_core.verb:set package 'example_mode_goto_global_cpp' build argument 'catkin_skip_building_tests' from command line to 'False'
[0.243s] DEBUG:colcon.colcon_core.verb:Building package 'example_mode_goto_global_cpp' with the following arguments: {'ament_cmake_args': None, 'build_base': '/root/ws_sensor_combined/build/example_mode_goto_global_cpp', 'catkin_cmake_args': None, 'catkin_skip_building_tests': False, 'cmake_args': None, 'cmake_clean_cache': False, 'cmake_clean_first': False, 'cmake_force_configure': False, 'cmake_target': None, 'cmake_target_skip_unavailable': False, 'install_base': '/root/ws_sensor_combined/install/example_mode_goto_global_cpp', 'merge_install': False, 'path': '/root/ws_sensor_combined/src/px4-ros2-interface-lib/examples/cpp/modes/goto_global', 'symlink_install': False, 'test_result_base': None}
[0.243s] Level 5:colcon.colcon_core.verb:set package 'example_mode_manual_cpp' build argument 'cmake_args' from command line to 'None'
[0.243s] Level 5:colcon.colcon_core.verb:set package 'example_mode_manual_cpp' build argument 'cmake_target' from command line to 'None'
[0.243s] Level 5:colcon.colcon_core.verb:set package 'example_mode_manual_cpp' build argument 'cmake_target_skip_unavailable' from command line to 'False'
[0.243s] Level 5:colcon.colcon_core.verb:set package 'example_mode_manual_cpp' build argument 'cmake_clean_cache' from command line to 'False'
[0.243s] Level 5:colcon.colcon_core.verb:set package 'example_mode_manual_cpp' build argument 'cmake_clean_first' from command line to 'False'
[0.244s] Level 5:colcon.colcon_core.verb:set package 'example_mode_manual_cpp' build argument 'cmake_force_configure' from command line to 'False'
[0.244s] Level 5:colcon.colcon_core.verb:set package 'example_mode_manual_cpp' build argument 'ament_cmake_args' from command line to 'None'
[0.244s] Level 5:colcon.colcon_core.verb:set package 'example_mode_manual_cpp' build argument 'catkin_cmake_args' from command line to 'None'
[0.244s] Level 5:colcon.colcon_core.verb:set package 'example_mode_manual_cpp' build argument 'catkin_skip_building_tests' from command line to 'False'
[0.244s] DEBUG:colcon.colcon_core.verb:Building package 'example_mode_manual_cpp' with the following arguments: {'ament_cmake_args': None, 'build_base': '/root/ws_sensor_combined/build/example_mode_manual_cpp', 'catkin_cmake_args': None, 'catkin_skip_building_tests': False, 'cmake_args': None, 'cmake_clean_cache': False, 'cmake_clean_first': False, 'cmake_force_configure': False, 'cmake_target': None, 'cmake_target_skip_unavailable': False, 'install_base': '/root/ws_sensor_combined/install/example_mode_manual_cpp', 'merge_install': False, 'path': '/root/ws_sensor_combined/src/px4-ros2-interface-lib/examples/cpp/modes/manual', 'symlink_install': False, 'test_result_base': None}
[0.244s] Level 5:colcon.colcon_core.verb:set package 'example_mode_rtl_replacement_cpp' build argument 'cmake_args' from command line to 'None'
[0.244s] Level 5:colcon.colcon_core.verb:set package 'example_mode_rtl_replacement_cpp' build argument 'cmake_target' from command line to 'None'
[0.244s] Level 5:colcon.colcon_core.verb:set package 'example_mode_rtl_replacement_cpp' build argument 'cmake_target_skip_unavailable' from command line to 'False'
[0.244s] Level 5:colcon.colcon_core.verb:set package 'example_mode_rtl_replacement_cpp' build argument 'cmake_clean_cache' from command line to 'False'
[0.244s] Level 5:colcon.colcon_core.verb:set package 'example_mode_rtl_replacement_cpp' build argument 'cmake_clean_first' from command line to 'False'
[0.244s] Level 5:colcon.colcon_core.verb:set package 'example_mode_rtl_replacement_cpp' build argument 'cmake_force_configure' from command line to 'False'
[0.244s] Level 5:colcon.colcon_core.verb:set package 'example_mode_rtl_replacement_cpp' build argument 'ament_cmake_args' from command line to 'None'
[0.244s] Level 5:colcon.colcon_core.verb:set package 'example_mode_rtl_replacement_cpp' build argument 'catkin_cmake_args' from command line to 'None'
[0.244s] Level 5:colcon.colcon_core.verb:set package 'example_mode_rtl_replacement_cpp' build argument 'catkin_skip_building_tests' from command line to 'False'
[0.244s] DEBUG:colcon.colcon_core.verb:Building package 'example_mode_rtl_replacement_cpp' with the following arguments: {'ament_cmake_args': None, 'build_base': '/root/ws_sensor_combined/build/example_mode_rtl_replacement_cpp', 'catkin_cmake_args': None, 'catkin_skip_building_tests': False, 'cmake_args': None, 'cmake_clean_cache': False, 'cmake_clean_first': False, 'cmake_force_configure': False, 'cmake_target': None, 'cmake_target_skip_unavailable': False, 'install_base': '/root/ws_sensor_combined/install/example_mode_rtl_replacement_cpp', 'merge_install': False, 'path': '/root/ws_sensor_combined/src/px4-ros2-interface-lib/examples/cpp/modes/rtl_replacement', 'symlink_install': False, 'test_result_base': None}
[0.244s] Level 5:colcon.colcon_core.verb:set package 'example_mode_vtol_cpp' build argument 'cmake_args' from command line to 'None'
[0.244s] Level 5:colcon.colcon_core.verb:set package 'example_mode_vtol_cpp' build argument 'cmake_target' from command line to 'None'
[0.244s] Level 5:colcon.colcon_core.verb:set package 'example_mode_vtol_cpp' build argument 'cmake_target_skip_unavailable' from command line to 'False'
[0.244s] Level 5:colcon.colcon_core.verb:set package 'example_mode_vtol_cpp' build argument 'cmake_clean_cache' from command line to 'False'
[0.248s] Level 5:colcon.colcon_core.verb:set package 'example_mode_vtol_cpp' build argument 'cmake_clean_first' from command line to 'False'
[0.248s] Level 5:colcon.colcon_core.verb:set package 'example_mode_vtol_cpp' build argument 'cmake_force_configure' from command line to 'False'
[0.248s] Level 5:colcon.colcon_core.verb:set package 'example_mode_vtol_cpp' build argument 'ament_cmake_args' from command line to 'None'
[0.248s] Level 5:colcon.colcon_core.verb:set package 'example_mode_vtol_cpp' build argument 'catkin_cmake_args' from command line to 'None'
[0.248s] Level 5:colcon.colcon_core.verb:set package 'example_mode_vtol_cpp' build argument 'catkin_skip_building_tests' from command line to 'False'
[0.248s] DEBUG:colcon.colcon_core.verb:Building package 'example_mode_vtol_cpp' with the following arguments: {'ament_cmake_args': None, 'build_base': '/root/ws_sensor_combined/build/example_mode_vtol_cpp', 'catkin_cmake_args': None, 'catkin_skip_building_tests': False, 'cmake_args': None, 'cmake_clean_cache': False, 'cmake_clean_first': False, 'cmake_force_configure': False, 'cmake_target': None, 'cmake_target_skip_unavailable': False, 'install_base': '/root/ws_sensor_combined/install/example_mode_vtol_cpp', 'merge_install': False, 'path': '/root/ws_sensor_combined/src/px4-ros2-interface-lib/examples/cpp/modes/vtol', 'symlink_install': False, 'test_result_base': None}
[0.248s] Level 5:colcon.colcon_core.verb:set package 'example_mode_with_executor_cpp' build argument 'cmake_args' from command line to 'None'
[0.248s] Level 5:colcon.colcon_core.verb:set package 'example_mode_with_executor_cpp' build argument 'cmake_target' from command line to 'None'
[0.248s] Level 5:colcon.colcon_core.verb:set package 'example_mode_with_executor_cpp' build argument 'cmake_target_skip_unavailable' from command line to 'False'
[0.248s] Level 5:colcon.colcon_core.verb:set package 'example_mode_with_executor_cpp' build argument 'cmake_clean_cache' from command line to 'False'
[0.248s] Level 5:colcon.colcon_core.verb:set package 'example_mode_with_executor_cpp' build argument 'cmake_clean_first' from command line to 'False'
[0.248s] Level 5:colcon.colcon_core.verb:set package 'example_mode_with_executor_cpp' build argument 'cmake_force_configure' from command line to 'False'
[0.248s] Level 5:colcon.colcon_core.verb:set package 'example_mode_with_executor_cpp' build argument 'ament_cmake_args' from command line to 'None'
[0.248s] Level 5:colcon.colcon_core.verb:set package 'example_mode_with_executor_cpp' build argument 'catkin_cmake_args' from command line to 'None'
[0.248s] Level 5:colcon.colcon_core.verb:set package 'example_mode_with_executor_cpp' build argument 'catkin_skip_building_tests' from command line to 'False'
[0.248s] DEBUG:colcon.colcon_core.verb:Building package 'example_mode_with_executor_cpp' with the following arguments: {'ament_cmake_args': None, 'build_base': '/root/ws_sensor_combined/build/example_mode_with_executor_cpp', 'catkin_cmake_args': None, 'catkin_skip_building_tests': False, 'cmake_args': None, 'cmake_clean_cache': False, 'cmake_clean_first': False, 'cmake_force_configure': False, 'cmake_target': None, 'cmake_target_skip_unavailable': False, 'install_base': '/root/ws_sensor_combined/install/example_mode_with_executor_cpp', 'merge_install': False, 'path': '/root/ws_sensor_combined/src/px4-ros2-interface-lib/examples/cpp/modes/mode_with_executor', 'symlink_install': False, 'test_result_base': None}
[0.248s] INFO:colcon.colcon_core.executor:Executing jobs using 'parallel' executor
[0.249s] DEBUG:colcon.colcon_parallel_executor.executor.parallel:run_until_complete
[0.249s] INFO:colcon.colcon_ros.task.ament_cmake.build:Building ROS package in '/root/ws_sensor_combined/src/px4_msgs' with build type 'ament_cmake'
[0.249s] INFO:colcon.colcon_cmake.task.cmake.build:Building CMake package in '/root/ws_sensor_combined/src/px4_msgs'
[0.252s] INFO:colcon.colcon_core.plugin_system:Skipping extension 'colcon_core.shell.bat': Not used on non-Windows systems
[0.252s] INFO:colcon.colcon_core.shell:Skip shell extension 'powershell' for command environment: Not usable outside of PowerShell
[0.252s] DEBUG:colcon.colcon_core.shell:Skip shell extension 'dsv' for command environment
[0.261s] DEBUG:colcon.colcon_core.event_handler.log_command:Invoking command in '/root/ws_sensor_combined/build/px4_msgs': CMAKE_PREFIX_PATH=${CMAKE_PREFIX_PATH}:/opt/ros/humble /usr/bin/cmake --build /root/ws_sensor_combined/build/px4_msgs -- -j20 -l20
[0.971s] DEBUG:colcon.colcon_core.event_handler.log_command:Invoked command in '/root/ws_sensor_combined/build/px4_msgs' returned '0': CMAKE_PREFIX_PATH=${CMAKE_PREFIX_PATH}:/opt/ros/humble /usr/bin/cmake --build /root/ws_sensor_combined/build/px4_msgs -- -j20 -l20
[0.977s] DEBUG:colcon.colcon_core.event_handler.log_command:Invoking command in '/root/ws_sensor_combined/build/px4_msgs': CMAKE_PREFIX_PATH=${CMAKE_PREFIX_PATH}:/opt/ros/humble /usr/bin/cmake --install /root/ws_sensor_combined/build/px4_msgs
[1.382s] Level 1:colcon.colcon_core.environment:create_environment_scripts_only(px4_msgs)
[1.382s] DEBUG:colcon.colcon_core.event_handler.log_command:Invoked command in '/root/ws_sensor_combined/build/px4_msgs' returned '0': CMAKE_PREFIX_PATH=${CMAKE_PREFIX_PATH}:/opt/ros/humble /usr/bin/cmake --install /root/ws_sensor_combined/build/px4_msgs
[1.384s] Level 1:colcon.colcon_core.environment:checking '/root/ws_sensor_combined/install/px4_msgs' for CMake module files
[1.385s] Level 1:colcon.colcon_core.environment:checking '/root/ws_sensor_combined/install/px4_msgs' for CMake config files
[1.398s] Level 1:colcon.colcon_core.shell:create_environment_hook('px4_msgs', 'cmake_prefix_path')
[1.398s] INFO:colcon.colcon_core.shell:Creating environment hook '/root/ws_sensor_combined/install/px4_msgs/share/px4_msgs/hook/cmake_prefix_path.ps1'
[1.399s] INFO:colcon.colcon_core.shell:Creating environment descriptor '/root/ws_sensor_combined/install/px4_msgs/share/px4_msgs/hook/cmake_prefix_path.dsv'
[1.399s] INFO:colcon.colcon_core.shell:Creating environment hook '/root/ws_sensor_combined/install/px4_msgs/share/px4_msgs/hook/cmake_prefix_path.sh'
[1.400s] Level 1:colcon.colcon_core.environment:checking '/root/ws_sensor_combined/install/px4_msgs/lib'
[1.400s] Level 1:colcon.colcon_core.shell:create_environment_hook('px4_msgs', 'ld_library_path_lib')
[1.400s] INFO:colcon.colcon_core.shell:Creating environment hook '/root/ws_sensor_combined/install/px4_msgs/share/px4_msgs/hook/ld_library_path_lib.ps1'
[1.400s] INFO:colcon.colcon_core.shell:Creating environment descriptor '/root/ws_sensor_combined/install/px4_msgs/share/px4_msgs/hook/ld_library_path_lib.dsv'
[1.400s] INFO:colcon.colcon_core.shell:Creating environment hook '/root/ws_sensor_combined/install/px4_msgs/share/px4_msgs/hook/ld_library_path_lib.sh'
[1.400s] Level 1:colcon.colcon_core.environment:checking '/root/ws_sensor_combined/install/px4_msgs/bin'
[1.400s] Level 1:colcon.colcon_core.environment:checking '/root/ws_sensor_combined/install/px4_msgs/lib/pkgconfig/px4_msgs.pc'
[1.401s] Level 1:colcon.colcon_core.environment:checking '/root/ws_sensor_combined/install/px4_msgs/lib/python3.10/site-packages'
[1.401s] Level 1:colcon.colcon_core.environment:checking '/root/ws_sensor_combined/install/px4_msgs/bin'
[1.401s] INFO:colcon.colcon_core.shell:Creating package script '/root/ws_sensor_combined/install/px4_msgs/share/px4_msgs/package.ps1'
[1.401s] INFO:colcon.colcon_core.shell:Creating package descriptor '/root/ws_sensor_combined/install/px4_msgs/share/px4_msgs/package.dsv'
[1.402s] INFO:colcon.colcon_core.shell:Creating package script '/root/ws_sensor_combined/install/px4_msgs/share/px4_msgs/package.sh'
[1.402s] INFO:colcon.colcon_core.shell:Creating package script '/root/ws_sensor_combined/install/px4_msgs/share/px4_msgs/package.bash'
[1.403s] INFO:colcon.colcon_core.shell:Creating package script '/root/ws_sensor_combined/install/px4_msgs/share/px4_msgs/package.zsh'
[1.403s] Level 1:colcon.colcon_core.environment:create_file_with_runtime_dependencies(/root/ws_sensor_combined/install/px4_msgs/share/colcon-core/packages/px4_msgs)
[1.404s] Level 1:colcon.colcon_core.environment:create_environment_scripts_only(px4_msgs)
[1.404s] Level 1:colcon.colcon_core.environment:checking '/root/ws_sensor_combined/install/px4_msgs' for CMake module files
[1.405s] Level 1:colcon.colcon_core.environment:checking '/root/ws_sensor_combined/install/px4_msgs' for CMake config files
[1.417s] Level 1:colcon.colcon_core.shell:create_environment_hook('px4_msgs', 'cmake_prefix_path')
[1.417s] INFO:colcon.colcon_core.shell:Creating environment hook '/root/ws_sensor_combined/install/px4_msgs/share/px4_msgs/hook/cmake_prefix_path.ps1'
[1.418s] INFO:colcon.colcon_core.shell:Creating environment descriptor '/root/ws_sensor_combined/install/px4_msgs/share/px4_msgs/hook/cmake_prefix_path.dsv'
[1.418s] INFO:colcon.colcon_core.shell:Creating environment hook '/root/ws_sensor_combined/install/px4_msgs/share/px4_msgs/hook/cmake_prefix_path.sh'
[1.419s] Level 1:colcon.colcon_core.environment:checking '/root/ws_sensor_combined/install/px4_msgs/lib'
[1.419s] Level 1:colcon.colcon_core.shell:create_environment_hook('px4_msgs', 'ld_library_path_lib')
[1.419s] INFO:colcon.colcon_core.shell:Creating environment hook '/root/ws_sensor_combined/install/px4_msgs/share/px4_msgs/hook/ld_library_path_lib.ps1'
[1.419s] INFO:colcon.colcon_core.shell:Creating environment descriptor '/root/ws_sensor_combined/install/px4_msgs/share/px4_msgs/hook/ld_library_path_lib.dsv'
[1.419s] INFO:colcon.colcon_core.shell:Creating environment hook '/root/ws_sensor_combined/install/px4_msgs/share/px4_msgs/hook/ld_library_path_lib.sh'
[1.419s] Level 1:colcon.colcon_core.environment:checking '/root/ws_sensor_combined/install/px4_msgs/bin'
[1.419s] Level 1:colcon.colcon_core.environment:checking '/root/ws_sensor_combined/install/px4_msgs/lib/pkgconfig/px4_msgs.pc'
[1.420s] Level 1:colcon.colcon_core.environment:checking '/root/ws_sensor_combined/install/px4_msgs/lib/python3.10/site-packages'
[1.420s] Level 1:colcon.colcon_core.environment:checking '/root/ws_sensor_combined/install/px4_msgs/bin'
[1.420s] INFO:colcon.colcon_core.shell:Creating package script '/root/ws_sensor_combined/install/px4_msgs/share/px4_msgs/package.ps1'
[1.420s] INFO:colcon.colcon_core.shell:Creating package descriptor '/root/ws_sensor_combined/install/px4_msgs/share/px4_msgs/package.dsv'
[1.421s] INFO:colcon.colcon_core.shell:Creating package script '/root/ws_sensor_combined/install/px4_msgs/share/px4_msgs/package.sh'
[1.422s] INFO:colcon.colcon_core.shell:Creating package script '/root/ws_sensor_combined/install/px4_msgs/share/px4_msgs/package.bash'
[1.422s] INFO:colcon.colcon_core.shell:Creating package script '/root/ws_sensor_combined/install/px4_msgs/share/px4_msgs/package.zsh'
[1.423s] Level 1:colcon.colcon_core.environment:create_file_with_runtime_dependencies(/root/ws_sensor_combined/install/px4_msgs/share/colcon-core/packages/px4_msgs)
[1.423s] INFO:colcon.colcon_ros.task.ament_cmake.build:Building ROS package in '/root/ws_sensor_combined/src/px4-ros2-interface-lib/px4_ros2_cpp' with build type 'ament_cmake'
[1.423s] INFO:colcon.colcon_cmake.task.cmake.build:Building CMake package in '/root/ws_sensor_combined/src/px4-ros2-interface-lib/px4_ros2_cpp'
[1.424s] INFO:colcon.colcon_core.shell:Skip shell extension 'powershell' for command environment: Not usable outside of PowerShell
[1.424s] DEBUG:colcon.colcon_core.shell:Skip shell extension 'dsv' for command environment
[1.428s] INFO:colcon.colcon_ros.task.ament_cmake.build:Building ROS package in '/root/ws_sensor_combined/src/px4_ros_com' with build type 'ament_cmake'
[1.428s] INFO:colcon.colcon_cmake.task.cmake.build:Building CMake package in '/root/ws_sensor_combined/src/px4_ros_com'
[1.428s] INFO:colcon.colcon_core.shell:Skip shell extension 'powershell' for command environment: Not usable outside of PowerShell
[1.428s] DEBUG:colcon.colcon_core.shell:Skip shell extension 'dsv' for command environment
[1.477s] DEBUG:colcon.colcon_core.event_handler.log_command:Invoking command in '/root/ws_sensor_combined/build/px4_ros_com': CMAKE_PREFIX_PATH=/root/ws_sensor_combined/install/px4_msgs:/root/ws_sensor_combined/install/px4_ros_com:/root/ws_sensor_combined/install/example_mode_with_executor_cpp:/root/ws_sensor_combined/install/example_mode_vtol_cpp:/root/ws_sensor_combined/install/example_mode_rtl_replacement_cpp:/root/ws_sensor_combined/install/example_mode_manual_cpp:/root/ws_sensor_combined/install/example_mode_goto_global_cpp:/root/ws_sensor_combined/install/example_mode_goto_cpp:/root/ws_sensor_combined/install/example_mode_fw_attitude_cpp:/root/ws_sensor_combined/install/example_local_navigation_cpp:/root/ws_sensor_combined/install/example_global_navigation_cpp:/root/ws_sensor_combined/install/example_executor_with_multiple_modes_cpp:/root/ws_sensor_combined/install/px4_ros2_cpp:/opt/ros/humble LD_LIBRARY_PATH=/root/ws_sensor_combined/install/px4_msgs/lib:/root/ws_sensor_combined/install/px4_ros_com/lib:/root/ws_sensor_combined/install/px4_ros2_cpp/lib:/opt/ros/humble/opt/rviz_ogre_vendor/lib:/opt/ros/humble/lib/x86_64-linux-gnu:/opt/ros/humble/lib /usr/bin/cmake --build /root/ws_sensor_combined/build/px4_ros_com -- -j20 -l20
[1.481s] DEBUG:colcon.colcon_core.event_handler.log_command:Invoking command in '/root/ws_sensor_combined/build/px4_ros2_cpp': CMAKE_PREFIX_PATH=/root/ws_sensor_combined/install/px4_msgs:/root/ws_sensor_combined/install/px4_ros_com:/root/ws_sensor_combined/install/example_mode_with_executor_cpp:/root/ws_sensor_combined/install/example_mode_vtol_cpp:/root/ws_sensor_combined/install/example_mode_rtl_replacement_cpp:/root/ws_sensor_combined/install/example_mode_manual_cpp:/root/ws_sensor_combined/install/example_mode_goto_global_cpp:/root/ws_sensor_combined/install/example_mode_goto_cpp:/root/ws_sensor_combined/install/example_mode_fw_attitude_cpp:/root/ws_sensor_combined/install/example_local_navigation_cpp:/root/ws_sensor_combined/install/example_global_navigation_cpp:/root/ws_sensor_combined/install/example_executor_with_multiple_modes_cpp:/root/ws_sensor_combined/install/px4_ros2_cpp:/opt/ros/humble LD_LIBRARY_PATH=/root/ws_sensor_combined/install/px4_msgs/lib:/root/ws_sensor_combined/install/px4_ros_com/lib:/root/ws_sensor_combined/install/px4_ros2_cpp/lib:/opt/ros/humble/opt/rviz_ogre_vendor/lib:/opt/ros/humble/lib/x86_64-linux-gnu:/opt/ros/humble/lib /usr/bin/cmake --build /root/ws_sensor_combined/build/px4_ros2_cpp -- -j20 -l20
[1.596s] DEBUG:colcon.colcon_core.event_handler.log_command:Invoked command in '/root/ws_sensor_combined/build/px4_ros2_cpp' returned '0': CMAKE_PREFIX_PATH=/root/ws_sensor_combined/install/px4_msgs:/root/ws_sensor_combined/install/px4_ros_com:/root/ws_sensor_combined/install/example_mode_with_executor_cpp:/root/ws_sensor_combined/install/example_mode_vtol_cpp:/root/ws_sensor_combined/install/example_mode_rtl_replacement_cpp:/root/ws_sensor_combined/install/example_mode_manual_cpp:/root/ws_sensor_combined/install/example_mode_goto_global_cpp:/root/ws_sensor_combined/install/example_mode_goto_cpp:/root/ws_sensor_combined/install/example_mode_fw_attitude_cpp:/root/ws_sensor_combined/install/example_local_navigation_cpp:/root/ws_sensor_combined/install/example_global_navigation_cpp:/root/ws_sensor_combined/install/example_executor_with_multiple_modes_cpp:/root/ws_sensor_combined/install/px4_ros2_cpp:/opt/ros/humble LD_LIBRARY_PATH=/root/ws_sensor_combined/install/px4_msgs/lib:/root/ws_sensor_combined/install/px4_ros_com/lib:/root/ws_sensor_combined/install/px4_ros2_cpp/lib:/opt/ros/humble/opt/rviz_ogre_vendor/lib:/opt/ros/humble/lib/x86_64-linux-gnu:/opt/ros/humble/lib /usr/bin/cmake --build /root/ws_sensor_combined/build/px4_ros2_cpp -- -j20 -l20
[1.597s] DEBUG:colcon.colcon_core.event_handler.log_command:Invoking command in '/root/ws_sensor_combined/build/px4_ros2_cpp': CMAKE_PREFIX_PATH=/root/ws_sensor_combined/install/px4_msgs:/root/ws_sensor_combined/install/px4_ros_com:/root/ws_sensor_combined/install/example_mode_with_executor_cpp:/root/ws_sensor_combined/install/example_mode_vtol_cpp:/root/ws_sensor_combined/install/example_mode_rtl_replacement_cpp:/root/ws_sensor_combined/install/example_mode_manual_cpp:/root/ws_sensor_combined/install/example_mode_goto_global_cpp:/root/ws_sensor_combined/install/example_mode_goto_cpp:/root/ws_sensor_combined/install/example_mode_fw_attitude_cpp:/root/ws_sensor_combined/install/example_local_navigation_cpp:/root/ws_sensor_combined/install/example_global_navigation_cpp:/root/ws_sensor_combined/install/example_executor_with_multiple_modes_cpp:/root/ws_sensor_combined/install/px4_ros2_cpp:/opt/ros/humble LD_LIBRARY_PATH=/root/ws_sensor_combined/install/px4_msgs/lib:/root/ws_sensor_combined/install/px4_ros_com/lib:/root/ws_sensor_combined/install/px4_ros2_cpp/lib:/opt/ros/humble/opt/rviz_ogre_vendor/lib:/opt/ros/humble/lib/x86_64-linux-gnu:/opt/ros/humble/lib /usr/bin/cmake --install /root/ws_sensor_combined/build/px4_ros2_cpp
[1.610s] Level 1:colcon.colcon_core.environment:create_environment_scripts_only(px4_ros2_cpp)
[1.610s] Level 1:colcon.colcon_core.environment:checking '/root/ws_sensor_combined/install/px4_ros2_cpp' for CMake module files
[1.612s] Level 1:colcon.colcon_core.environment:checking '/root/ws_sensor_combined/install/px4_ros2_cpp' for CMake config files
[1.613s] DEBUG:colcon.colcon_core.event_handler.log_command:Invoked command in '/root/ws_sensor_combined/build/px4_ros2_cpp' returned '0': CMAKE_PREFIX_PATH=/root/ws_sensor_combined/install/px4_msgs:/root/ws_sensor_combined/install/px4_ros_com:/root/ws_sensor_combined/install/example_mode_with_executor_cpp:/root/ws_sensor_combined/install/example_mode_vtol_cpp:/root/ws_sensor_combined/install/example_mode_rtl_replacement_cpp:/root/ws_sensor_combined/install/example_mode_manual_cpp:/root/ws_sensor_combined/install/example_mode_goto_global_cpp:/root/ws_sensor_combined/install/example_mode_goto_cpp:/root/ws_sensor_combined/install/example_mode_fw_attitude_cpp:/root/ws_sensor_combined/install/example_local_navigation_cpp:/root/ws_sensor_combined/install/example_global_navigation_cpp:/root/ws_sensor_combined/install/example_executor_with_multiple_modes_cpp:/root/ws_sensor_combined/install/px4_ros2_cpp:/opt/ros/humble LD_LIBRARY_PATH=/root/ws_sensor_combined/install/px4_msgs/lib:/root/ws_sensor_combined/install/px4_ros_com/lib:/root/ws_sensor_combined/install/px4_ros2_cpp/lib:/opt/ros/humble/opt/rviz_ogre_vendor/lib:/opt/ros/humble/lib/x86_64-linux-gnu:/opt/ros/humble/lib /usr/bin/cmake --install /root/ws_sensor_combined/build/px4_ros2_cpp
[1.614s] Level 1:colcon.colcon_core.shell:create_environment_hook('px4_ros2_cpp', 'cmake_prefix_path')
[1.614s] INFO:colcon.colcon_core.shell:Creating environment hook '/root/ws_sensor_combined/install/px4_ros2_cpp/share/px4_ros2_cpp/hook/cmake_prefix_path.ps1'
[1.614s] INFO:colcon.colcon_core.shell:Creating environment descriptor '/root/ws_sensor_combined/install/px4_ros2_cpp/share/px4_ros2_cpp/hook/cmake_prefix_path.dsv'
[1.615s] INFO:colcon.colcon_core.shell:Creating environment hook '/root/ws_sensor_combined/install/px4_ros2_cpp/share/px4_ros2_cpp/hook/cmake_prefix_path.sh'
[1.615s] Level 1:colcon.colcon_core.environment:checking '/root/ws_sensor_combined/install/px4_ros2_cpp/lib'
[1.615s] Level 1:colcon.colcon_core.shell:create_environment_hook('px4_ros2_cpp', 'ld_library_path_lib')
[1.616s] INFO:colcon.colcon_core.shell:Creating environment hook '/root/ws_sensor_combined/install/px4_ros2_cpp/share/px4_ros2_cpp/hook/ld_library_path_lib.ps1'
[1.616s] INFO:colcon.colcon_core.shell:Creating environment descriptor '/root/ws_sensor_combined/install/px4_ros2_cpp/share/px4_ros2_cpp/hook/ld_library_path_lib.dsv'
[1.616s] INFO:colcon.colcon_core.shell:Creating environment hook '/root/ws_sensor_combined/install/px4_ros2_cpp/share/px4_ros2_cpp/hook/ld_library_path_lib.sh'
[1.617s] Level 1:colcon.colcon_core.environment:checking '/root/ws_sensor_combined/install/px4_ros2_cpp/bin'
[1.617s] Level 1:colcon.colcon_core.environment:checking '/root/ws_sensor_combined/install/px4_ros2_cpp/lib/pkgconfig/px4_ros2_cpp.pc'
[1.617s] Level 1:colcon.colcon_core.environment:checking '/root/ws_sensor_combined/install/px4_ros2_cpp/lib/python3.10/site-packages'
[1.617s] Level 1:colcon.colcon_core.environment:checking '/root/ws_sensor_combined/install/px4_ros2_cpp/bin'
[1.617s] INFO:colcon.colcon_core.shell:Creating package script '/root/ws_sensor_combined/install/px4_ros2_cpp/share/px4_ros2_cpp/package.ps1'
[1.618s] INFO:colcon.colcon_core.shell:Creating package descriptor '/root/ws_sensor_combined/install/px4_ros2_cpp/share/px4_ros2_cpp/package.dsv'
[1.618s] INFO:colcon.colcon_core.shell:Creating package script '/root/ws_sensor_combined/install/px4_ros2_cpp/share/px4_ros2_cpp/package.sh'
[1.619s] INFO:colcon.colcon_core.shell:Creating package script '/root/ws_sensor_combined/install/px4_ros2_cpp/share/px4_ros2_cpp/package.bash'
[1.619s] INFO:colcon.colcon_core.shell:Creating package script '/root/ws_sensor_combined/install/px4_ros2_cpp/share/px4_ros2_cpp/package.zsh'
[1.619s] Level 1:colcon.colcon_core.environment:create_file_with_runtime_dependencies(/root/ws_sensor_combined/install/px4_ros2_cpp/share/colcon-core/packages/px4_ros2_cpp)
[1.619s] Level 1:colcon.colcon_core.environment:create_environment_scripts_only(px4_ros2_cpp)
[1.620s] Level 1:colcon.colcon_core.environment:checking '/root/ws_sensor_combined/install/px4_ros2_cpp' for CMake module files
[1.620s] Level 1:colcon.colcon_core.environment:checking '/root/ws_sensor_combined/install/px4_ros2_cpp' for CMake config files
[1.620s] Level 1:colcon.colcon_core.shell:create_environment_hook('px4_ros2_cpp', 'cmake_prefix_path')
[1.621s] INFO:colcon.colcon_core.shell:Creating environment hook '/root/ws_sensor_combined/install/px4_ros2_cpp/share/px4_ros2_cpp/hook/cmake_prefix_path.ps1'
[1.621s] INFO:colcon.colcon_core.shell:Creating environment descriptor '/root/ws_sensor_combined/install/px4_ros2_cpp/share/px4_ros2_cpp/hook/cmake_prefix_path.dsv'
[1.621s] INFO:colcon.colcon_core.shell:Creating environment hook '/root/ws_sensor_combined/install/px4_ros2_cpp/share/px4_ros2_cpp/hook/cmake_prefix_path.sh'
[1.622s] Level 1:colcon.colcon_core.environment:checking '/root/ws_sensor_combined/install/px4_ros2_cpp/lib'
[1.622s] Level 1:colcon.colcon_core.shell:create_environment_hook('px4_ros2_cpp', 'ld_library_path_lib')
[1.622s] INFO:colcon.colcon_core.shell:Creating environment hook '/root/ws_sensor_combined/install/px4_ros2_cpp/share/px4_ros2_cpp/hook/ld_library_path_lib.ps1'
[1.622s] INFO:colcon.colcon_core.shell:Creating environment descriptor '/root/ws_sensor_combined/install/px4_ros2_cpp/share/px4_ros2_cpp/hook/ld_library_path_lib.dsv'
[1.623s] INFO:colcon.colcon_core.shell:Creating environment hook '/root/ws_sensor_combined/install/px4_ros2_cpp/share/px4_ros2_cpp/hook/ld_library_path_lib.sh'
[1.623s] Level 1:colcon.colcon_core.environment:checking '/root/ws_sensor_combined/install/px4_ros2_cpp/bin'
[1.623s] Level 1:colcon.colcon_core.environment:checking '/root/ws_sensor_combined/install/px4_ros2_cpp/lib/pkgconfig/px4_ros2_cpp.pc'
[1.623s] Level 1:colcon.colcon_core.environment:checking '/root/ws_sensor_combined/install/px4_ros2_cpp/lib/python3.10/site-packages'
[1.623s] Level 1:colcon.colcon_core.environment:checking '/root/ws_sensor_combined/install/px4_ros2_cpp/bin'
[1.623s] INFO:colcon.colcon_core.shell:Creating package script '/root/ws_sensor_combined/install/px4_ros2_cpp/share/px4_ros2_cpp/package.ps1'
[1.624s] INFO:colcon.colcon_core.shell:Creating package descriptor '/root/ws_sensor_combined/install/px4_ros2_cpp/share/px4_ros2_cpp/package.dsv'
[1.624s] INFO:colcon.colcon_core.shell:Creating package script '/root/ws_sensor_combined/install/px4_ros2_cpp/share/px4_ros2_cpp/package.sh'
[1.625s] INFO:colcon.colcon_core.shell:Creating package script '/root/ws_sensor_combined/install/px4_ros2_cpp/share/px4_ros2_cpp/package.bash'
[1.625s] INFO:colcon.colcon_core.shell:Creating package script '/root/ws_sensor_combined/install/px4_ros2_cpp/share/px4_ros2_cpp/package.zsh'
[1.625s] Level 1:colcon.colcon_core.environment:create_file_with_runtime_dependencies(/root/ws_sensor_combined/install/px4_ros2_cpp/share/colcon-core/packages/px4_ros2_cpp)
[1.626s] INFO:colcon.colcon_ros.task.ament_cmake.build:Building ROS package in '/root/ws_sensor_combined/src/px4-ros2-interface-lib/examples/cpp/modes/executor_with_multiple_modes' with build type 'ament_cmake'
[1.626s] INFO:colcon.colcon_cmake.task.cmake.build:Building CMake package in '/root/ws_sensor_combined/src/px4-ros2-interface-lib/examples/cpp/modes/executor_with_multiple_modes'
[1.626s] INFO:colcon.colcon_core.shell:Skip shell extension 'powershell' for command environment: Not usable outside of PowerShell
[1.626s] DEBUG:colcon.colcon_core.shell:Skip shell extension 'dsv' for command environment
[1.632s] INFO:colcon.colcon_ros.task.ament_cmake.build:Building ROS package in '/root/ws_sensor_combined/src/px4-ros2-interface-lib/examples/cpp/navigation/global_navigation' with build type 'ament_cmake'
[1.632s] INFO:colcon.colcon_cmake.task.cmake.build:Building CMake package in '/root/ws_sensor_combined/src/px4-ros2-interface-lib/examples/cpp/navigation/global_navigation'
[1.632s] INFO:colcon.colcon_core.shell:Skip shell extension 'powershell' for command environment: Not usable outside of PowerShell
[1.632s] DEBUG:colcon.colcon_core.shell:Skip shell extension 'dsv' for command environment
[1.636s] INFO:colcon.colcon_ros.task.ament_cmake.build:Building ROS package in '/root/ws_sensor_combined/src/px4-ros2-interface-lib/examples/cpp/navigation/local_navigation' with build type 'ament_cmake'
[1.636s] INFO:colcon.colcon_cmake.task.cmake.build:Building CMake package in '/root/ws_sensor_combined/src/px4-ros2-interface-lib/examples/cpp/navigation/local_navigation'
[1.637s] INFO:colcon.colcon_core.shell:Skip shell extension 'powershell' for command environment: Not usable outside of PowerShell
[1.637s] DEBUG:colcon.colcon_core.shell:Skip shell extension 'dsv' for command environment
[1.640s] INFO:colcon.colcon_ros.task.ament_cmake.build:Building ROS package in '/root/ws_sensor_combined/src/px4-ros2-interface-lib/examples/cpp/modes/fw_attitude' with build type 'ament_cmake'
[1.640s] INFO:colcon.colcon_cmake.task.cmake.build:Building CMake package in '/root/ws_sensor_combined/src/px4-ros2-interface-lib/examples/cpp/modes/fw_attitude'
[1.641s] INFO:colcon.colcon_core.shell:Skip shell extension 'powershell' for command environment: Not usable outside of PowerShell
[1.641s] DEBUG:colcon.colcon_core.shell:Skip shell extension 'dsv' for command environment
[1.645s] INFO:colcon.colcon_ros.task.ament_cmake.build:Building ROS package in '/root/ws_sensor_combined/src/px4-ros2-interface-lib/examples/cpp/modes/goto' with build type 'ament_cmake'
[1.646s] INFO:colcon.colcon_cmake.task.cmake.build:Building CMake package in '/root/ws_sensor_combined/src/px4-ros2-interface-lib/examples/cpp/modes/goto'
[1.646s] INFO:colcon.colcon_core.shell:Skip shell extension 'powershell' for command environment: Not usable outside of PowerShell
[1.646s] DEBUG:colcon.colcon_core.shell:Skip shell extension 'dsv' for command environment
[1.651s] INFO:colcon.colcon_ros.task.ament_cmake.build:Building ROS package in '/root/ws_sensor_combined/src/px4-ros2-interface-lib/examples/cpp/modes/goto_global' with build type 'ament_cmake'
[1.651s] INFO:colcon.colcon_cmake.task.cmake.build:Building CMake package in '/root/ws_sensor_combined/src/px4-ros2-interface-lib/examples/cpp/modes/goto_global'
[1.652s] INFO:colcon.colcon_core.shell:Skip shell extension 'powershell' for command environment: Not usable outside of PowerShell
[1.652s] DEBUG:colcon.colcon_core.shell:Skip shell extension 'dsv' for command environment
[1.657s] INFO:colcon.colcon_ros.task.ament_cmake.build:Building ROS package in '/root/ws_sensor_combined/src/px4-ros2-interface-lib/examples/cpp/modes/manual' with build type 'ament_cmake'
[1.657s] INFO:colcon.colcon_cmake.task.cmake.build:Building CMake package in '/root/ws_sensor_combined/src/px4-ros2-interface-lib/examples/cpp/modes/manual'
[1.657s] INFO:colcon.colcon_core.shell:Skip shell extension 'powershell' for command environment: Not usable outside of PowerShell
[1.658s] DEBUG:colcon.colcon_core.shell:Skip shell extension 'dsv' for command environment
[1.661s] INFO:colcon.colcon_ros.task.ament_cmake.build:Building ROS package in '/root/ws_sensor_combined/src/px4-ros2-interface-lib/examples/cpp/modes/rtl_replacement' with build type 'ament_cmake'
[1.662s] INFO:colcon.colcon_cmake.task.cmake.build:Building CMake package in '/root/ws_sensor_combined/src/px4-ros2-interface-lib/examples/cpp/modes/rtl_replacement'
[1.662s] INFO:colcon.colcon_core.shell:Skip shell extension 'powershell' for command environment: Not usable outside of PowerShell
[1.662s] DEBUG:colcon.colcon_core.shell:Skip shell extension 'dsv' for command environment
[1.668s] INFO:colcon.colcon_ros.task.ament_cmake.build:Building ROS package in '/root/ws_sensor_combined/src/px4-ros2-interface-lib/examples/cpp/modes/vtol' with build type 'ament_cmake'
[1.668s] INFO:colcon.colcon_cmake.task.cmake.build:Building CMake package in '/root/ws_sensor_combined/src/px4-ros2-interface-lib/examples/cpp/modes/vtol'
[1.668s] INFO:colcon.colcon_core.shell:Skip shell extension 'powershell' for command environment: Not usable outside of PowerShell
[1.669s] DEBUG:colcon.colcon_core.shell:Skip shell extension 'dsv' for command environment
[1.672s] INFO:colcon.colcon_ros.task.ament_cmake.build:Building ROS package in '/root/ws_sensor_combined/src/px4-ros2-interface-lib/examples/cpp/modes/mode_with_executor' with build type 'ament_cmake'
[1.673s] INFO:colcon.colcon_cmake.task.cmake.build:Building CMake package in '/root/ws_sensor_combined/src/px4-ros2-interface-lib/examples/cpp/modes/mode_with_executor'
[1.673s] INFO:colcon.colcon_core.shell:Skip shell extension 'powershell' for command environment: Not usable outside of PowerShell
[1.674s] DEBUG:colcon.colcon_core.shell:Skip shell extension 'dsv' for command environment
[1.722s] DEBUG:colcon.colcon_core.event_handler.log_command:Invoking command in '/root/ws_sensor_combined/build/example_executor_with_multiple_modes_cpp': CMAKE_PREFIX_PATH=/root/ws_sensor_combined/install/px4_ros2_cpp:/root/ws_sensor_combined/install/px4_msgs:/root/ws_sensor_combined/install/px4_ros_com:/root/ws_sensor_combined/install/example_mode_with_executor_cpp:/root/ws_sensor_combined/install/example_mode_vtol_cpp:/root/ws_sensor_combined/install/example_mode_rtl_replacement_cpp:/root/ws_sensor_combined/install/example_mode_manual_cpp:/root/ws_sensor_combined/install/example_mode_goto_global_cpp:/root/ws_sensor_combined/install/example_mode_goto_cpp:/root/ws_sensor_combined/install/example_mode_fw_attitude_cpp:/root/ws_sensor_combined/install/example_local_navigation_cpp:/root/ws_sensor_combined/install/example_global_navigation_cpp:/root/ws_sensor_combined/install/example_executor_with_multiple_modes_cpp:/opt/ros/humble LD_LIBRARY_PATH=/root/ws_sensor_combined/install/px4_ros2_cpp/lib:/root/ws_sensor_combined/install/px4_msgs/lib:/root/ws_sensor_combined/install/px4_ros_com/lib:/opt/ros/humble/opt/rviz_ogre_vendor/lib:/opt/ros/humble/lib/x86_64-linux-gnu:/opt/ros/humble/lib /usr/bin/cmake --build /root/ws_sensor_combined/build/example_executor_with_multiple_modes_cpp -- -j20 -l20
[1.725s] DEBUG:colcon.colcon_core.event_handler.log_command:Invoking command in '/root/ws_sensor_combined/build/example_global_navigation_cpp': CMAKE_PREFIX_PATH=/root/ws_sensor_combined/install/px4_ros2_cpp:/root/ws_sensor_combined/install/px4_msgs:/root/ws_sensor_combined/install/px4_ros_com:/root/ws_sensor_combined/install/example_mode_with_executor_cpp:/root/ws_sensor_combined/install/example_mode_vtol_cpp:/root/ws_sensor_combined/install/example_mode_rtl_replacement_cpp:/root/ws_sensor_combined/install/example_mode_manual_cpp:/root/ws_sensor_combined/install/example_mode_goto_global_cpp:/root/ws_sensor_combined/install/example_mode_goto_cpp:/root/ws_sensor_combined/install/example_mode_fw_attitude_cpp:/root/ws_sensor_combined/install/example_local_navigation_cpp:/root/ws_sensor_combined/install/example_global_navigation_cpp:/root/ws_sensor_combined/install/example_executor_with_multiple_modes_cpp:/opt/ros/humble LD_LIBRARY_PATH=/root/ws_sensor_combined/install/px4_ros2_cpp/lib:/root/ws_sensor_combined/install/px4_msgs/lib:/root/ws_sensor_combined/install/px4_ros_com/lib:/opt/ros/humble/opt/rviz_ogre_vendor/lib:/opt/ros/humble/lib/x86_64-linux-gnu:/opt/ros/humble/lib /usr/bin/cmake --build /root/ws_sensor_combined/build/example_global_navigation_cpp -- -j20 -l20
[1.740s] DEBUG:colcon.colcon_core.event_handler.log_command:Invoking command in '/root/ws_sensor_combined/build/example_mode_goto_cpp': CMAKE_PREFIX_PATH=/root/ws_sensor_combined/install/px4_ros2_cpp:/root/ws_sensor_combined/install/px4_msgs:/root/ws_sensor_combined/install/px4_ros_com:/root/ws_sensor_combined/install/example_mode_with_executor_cpp:/root/ws_sensor_combined/install/example_mode_vtol_cpp:/root/ws_sensor_combined/install/example_mode_rtl_replacement_cpp:/root/ws_sensor_combined/install/example_mode_manual_cpp:/root/ws_sensor_combined/install/example_mode_goto_global_cpp:/root/ws_sensor_combined/install/example_mode_goto_cpp:/root/ws_sensor_combined/install/example_mode_fw_attitude_cpp:/root/ws_sensor_combined/install/example_local_navigation_cpp:/root/ws_sensor_combined/install/example_global_navigation_cpp:/root/ws_sensor_combined/install/example_executor_with_multiple_modes_cpp:/opt/ros/humble LD_LIBRARY_PATH=/root/ws_sensor_combined/install/px4_ros2_cpp/lib:/root/ws_sensor_combined/install/px4_msgs/lib:/root/ws_sensor_combined/install/px4_ros_com/lib:/opt/ros/humble/opt/rviz_ogre_vendor/lib:/opt/ros/humble/lib/x86_64-linux-gnu:/opt/ros/humble/lib /usr/bin/cmake --build /root/ws_sensor_combined/build/example_mode_goto_cpp -- -j20 -l20
[1.746s] DEBUG:colcon.colcon_core.event_handler.log_command:Invoking command in '/root/ws_sensor_combined/build/example_mode_fw_attitude_cpp': CMAKE_PREFIX_PATH=/root/ws_sensor_combined/install/px4_ros2_cpp:/root/ws_sensor_combined/install/px4_msgs:/root/ws_sensor_combined/install/px4_ros_com:/root/ws_sensor_combined/install/example_mode_with_executor_cpp:/root/ws_sensor_combined/install/example_mode_vtol_cpp:/root/ws_sensor_combined/install/example_mode_rtl_replacement_cpp:/root/ws_sensor_combined/install/example_mode_manual_cpp:/root/ws_sensor_combined/install/example_mode_goto_global_cpp:/root/ws_sensor_combined/install/example_mode_goto_cpp:/root/ws_sensor_combined/install/example_mode_fw_attitude_cpp:/root/ws_sensor_combined/install/example_local_navigation_cpp:/root/ws_sensor_combined/install/example_global_navigation_cpp:/root/ws_sensor_combined/install/example_executor_with_multiple_modes_cpp:/opt/ros/humble LD_LIBRARY_PATH=/root/ws_sensor_combined/install/px4_ros2_cpp/lib:/root/ws_sensor_combined/install/px4_msgs/lib:/root/ws_sensor_combined/install/px4_ros_com/lib:/opt/ros/humble/opt/rviz_ogre_vendor/lib:/opt/ros/humble/lib/x86_64-linux-gnu:/opt/ros/humble/lib /usr/bin/cmake --build /root/ws_sensor_combined/build/example_mode_fw_attitude_cpp -- -j20 -l20
[1.752s] DEBUG:colcon.colcon_core.event_handler.log_command:Invoking command in '/root/ws_sensor_combined/build/example_local_navigation_cpp': CMAKE_PREFIX_PATH=/root/ws_sensor_combined/install/px4_ros2_cpp:/root/ws_sensor_combined/install/px4_msgs:/root/ws_sensor_combined/install/px4_ros_com:/root/ws_sensor_combined/install/example_mode_with_executor_cpp:/root/ws_sensor_combined/install/example_mode_vtol_cpp:/root/ws_sensor_combined/install/example_mode_rtl_replacement_cpp:/root/ws_sensor_combined/install/example_mode_manual_cpp:/root/ws_sensor_combined/install/example_mode_goto_global_cpp:/root/ws_sensor_combined/install/example_mode_goto_cpp:/root/ws_sensor_combined/install/example_mode_fw_attitude_cpp:/root/ws_sensor_combined/install/example_local_navigation_cpp:/root/ws_sensor_combined/install/example_global_navigation_cpp:/root/ws_sensor_combined/install/example_executor_with_multiple_modes_cpp:/opt/ros/humble LD_LIBRARY_PATH=/root/ws_sensor_combined/install/px4_ros2_cpp/lib:/root/ws_sensor_combined/install/px4_msgs/lib:/root/ws_sensor_combined/install/px4_ros_com/lib:/opt/ros/humble/opt/rviz_ogre_vendor/lib:/opt/ros/humble/lib/x86_64-linux-gnu:/opt/ros/humble/lib /usr/bin/cmake --build /root/ws_sensor_combined/build/example_local_navigation_cpp -- -j20 -l20
[1.757s] DEBUG:colcon.colcon_core.event_handler.log_command:Invoking command in '/root/ws_sensor_combined/build/example_mode_manual_cpp': CMAKE_PREFIX_PATH=/root/ws_sensor_combined/install/px4_ros2_cpp:/root/ws_sensor_combined/install/px4_msgs:/root/ws_sensor_combined/install/px4_ros_com:/root/ws_sensor_combined/install/example_mode_with_executor_cpp:/root/ws_sensor_combined/install/example_mode_vtol_cpp:/root/ws_sensor_combined/install/example_mode_rtl_replacement_cpp:/root/ws_sensor_combined/install/example_mode_manual_cpp:/root/ws_sensor_combined/install/example_mode_goto_global_cpp:/root/ws_sensor_combined/install/example_mode_goto_cpp:/root/ws_sensor_combined/install/example_mode_fw_attitude_cpp:/root/ws_sensor_combined/install/example_local_navigation_cpp:/root/ws_sensor_combined/install/example_global_navigation_cpp:/root/ws_sensor_combined/install/example_executor_with_multiple_modes_cpp:/opt/ros/humble LD_LIBRARY_PATH=/root/ws_sensor_combined/install/px4_ros2_cpp/lib:/root/ws_sensor_combined/install/px4_msgs/lib:/root/ws_sensor_combined/install/px4_ros_com/lib:/opt/ros/humble/opt/rviz_ogre_vendor/lib:/opt/ros/humble/lib/x86_64-linux-gnu:/opt/ros/humble/lib /usr/bin/cmake --build /root/ws_sensor_combined/build/example_mode_manual_cpp -- -j20 -l20
[1.764s] DEBUG:colcon.colcon_core.event_handler.log_command:Invoking command in '/root/ws_sensor_combined/build/example_mode_goto_global_cpp': CMAKE_PREFIX_PATH=/root/ws_sensor_combined/install/px4_ros2_cpp:/root/ws_sensor_combined/install/px4_msgs:/root/ws_sensor_combined/install/px4_ros_com:/root/ws_sensor_combined/install/example_mode_with_executor_cpp:/root/ws_sensor_combined/install/example_mode_vtol_cpp:/root/ws_sensor_combined/install/example_mode_rtl_replacement_cpp:/root/ws_sensor_combined/install/example_mode_manual_cpp:/root/ws_sensor_combined/install/example_mode_goto_global_cpp:/root/ws_sensor_combined/install/example_mode_goto_cpp:/root/ws_sensor_combined/install/example_mode_fw_attitude_cpp:/root/ws_sensor_combined/install/example_local_navigation_cpp:/root/ws_sensor_combined/install/example_global_navigation_cpp:/root/ws_sensor_combined/install/example_executor_with_multiple_modes_cpp:/opt/ros/humble LD_LIBRARY_PATH=/root/ws_sensor_combined/install/px4_ros2_cpp/lib:/root/ws_sensor_combined/install/px4_msgs/lib:/root/ws_sensor_combined/install/px4_ros_com/lib:/opt/ros/humble/opt/rviz_ogre_vendor/lib:/opt/ros/humble/lib/x86_64-linux-gnu:/opt/ros/humble/lib /usr/bin/cmake --build /root/ws_sensor_combined/build/example_mode_goto_global_cpp -- -j20 -l20
[1.771s] DEBUG:colcon.colcon_core.event_handler.log_command:Invoking command in '/root/ws_sensor_combined/build/example_mode_vtol_cpp': CMAKE_PREFIX_PATH=/root/ws_sensor_combined/install/px4_ros2_cpp:/root/ws_sensor_combined/install/px4_msgs:/root/ws_sensor_combined/install/px4_ros_com:/root/ws_sensor_combined/install/example_mode_with_executor_cpp:/root/ws_sensor_combined/install/example_mode_vtol_cpp:/root/ws_sensor_combined/install/example_mode_rtl_replacement_cpp:/root/ws_sensor_combined/install/example_mode_manual_cpp:/root/ws_sensor_combined/install/example_mode_goto_global_cpp:/root/ws_sensor_combined/install/example_mode_goto_cpp:/root/ws_sensor_combined/install/example_mode_fw_attitude_cpp:/root/ws_sensor_combined/install/example_local_navigation_cpp:/root/ws_sensor_combined/install/example_global_navigation_cpp:/root/ws_sensor_combined/install/example_executor_with_multiple_modes_cpp:/opt/ros/humble LD_LIBRARY_PATH=/root/ws_sensor_combined/install/px4_ros2_cpp/lib:/root/ws_sensor_combined/install/px4_msgs/lib:/root/ws_sensor_combined/install/px4_ros_com/lib:/opt/ros/humble/opt/rviz_ogre_vendor/lib:/opt/ros/humble/lib/x86_64-linux-gnu:/opt/ros/humble/lib /usr/bin/cmake --build /root/ws_sensor_combined/build/example_mode_vtol_cpp -- -j20 -l20
[1.776s] DEBUG:colcon.colcon_core.event_handler.log_command:Invoking command in '/root/ws_sensor_combined/build/example_mode_with_executor_cpp': CMAKE_PREFIX_PATH=/root/ws_sensor_combined/install/px4_ros2_cpp:/root/ws_sensor_combined/install/px4_msgs:/root/ws_sensor_combined/install/px4_ros_com:/root/ws_sensor_combined/install/example_mode_with_executor_cpp:/root/ws_sensor_combined/install/example_mode_vtol_cpp:/root/ws_sensor_combined/install/example_mode_rtl_replacement_cpp:/root/ws_sensor_combined/install/example_mode_manual_cpp:/root/ws_sensor_combined/install/example_mode_goto_global_cpp:/root/ws_sensor_combined/install/example_mode_goto_cpp:/root/ws_sensor_combined/install/example_mode_fw_attitude_cpp:/root/ws_sensor_combined/install/example_local_navigation_cpp:/root/ws_sensor_combined/install/example_global_navigation_cpp:/root/ws_sensor_combined/install/example_executor_with_multiple_modes_cpp:/opt/ros/humble LD_LIBRARY_PATH=/root/ws_sensor_combined/install/px4_ros2_cpp/lib:/root/ws_sensor_combined/install/px4_msgs/lib:/root/ws_sensor_combined/install/px4_ros_com/lib:/opt/ros/humble/opt/rviz_ogre_vendor/lib:/opt/ros/humble/lib/x86_64-linux-gnu:/opt/ros/humble/lib /usr/bin/cmake --build /root/ws_sensor_combined/build/example_mode_with_executor_cpp -- -j20 -l20
[1.778s] DEBUG:colcon.colcon_core.event_handler.log_command:Invoking command in '/root/ws_sensor_combined/build/example_mode_rtl_replacement_cpp': CMAKE_PREFIX_PATH=/root/ws_sensor_combined/install/px4_ros2_cpp:/root/ws_sensor_combined/install/px4_msgs:/root/ws_sensor_combined/install/px4_ros_com:/root/ws_sensor_combined/install/example_mode_with_executor_cpp:/root/ws_sensor_combined/install/example_mode_vtol_cpp:/root/ws_sensor_combined/install/example_mode_rtl_replacement_cpp:/root/ws_sensor_combined/install/example_mode_manual_cpp:/root/ws_sensor_combined/install/example_mode_goto_global_cpp:/root/ws_sensor_combined/install/example_mode_goto_cpp:/root/ws_sensor_combined/install/example_mode_fw_attitude_cpp:/root/ws_sensor_combined/install/example_local_navigation_cpp:/root/ws_sensor_combined/install/example_global_navigation_cpp:/root/ws_sensor_combined/install/example_executor_with_multiple_modes_cpp:/opt/ros/humble LD_LIBRARY_PATH=/root/ws_sensor_combined/install/px4_ros2_cpp/lib:/root/ws_sensor_combined/install/px4_msgs/lib:/root/ws_sensor_combined/install/px4_ros_com/lib:/opt/ros/humble/opt/rviz_ogre_vendor/lib:/opt/ros/humble/lib/x86_64-linux-gnu:/opt/ros/humble/lib /usr/bin/cmake --build /root/ws_sensor_combined/build/example_mode_rtl_replacement_cpp -- -j20 -l20
[1.795s] DEBUG:colcon.colcon_core.event_handler.log_command:Invoked command in '/root/ws_sensor_combined/build/example_executor_with_multiple_modes_cpp' returned '0': CMAKE_PREFIX_PATH=/root/ws_sensor_combined/install/px4_ros2_cpp:/root/ws_sensor_combined/install/px4_msgs:/root/ws_sensor_combined/install/px4_ros_com:/root/ws_sensor_combined/install/example_mode_with_executor_cpp:/root/ws_sensor_combined/install/example_mode_vtol_cpp:/root/ws_sensor_combined/install/example_mode_rtl_replacement_cpp:/root/ws_sensor_combined/install/example_mode_manual_cpp:/root/ws_sensor_combined/install/example_mode_goto_global_cpp:/root/ws_sensor_combined/install/example_mode_goto_cpp:/root/ws_sensor_combined/install/example_mode_fw_attitude_cpp:/root/ws_sensor_combined/install/example_local_navigation_cpp:/root/ws_sensor_combined/install/example_global_navigation_cpp:/root/ws_sensor_combined/install/example_executor_with_multiple_modes_cpp:/opt/ros/humble LD_LIBRARY_PATH=/root/ws_sensor_combined/install/px4_ros2_cpp/lib:/root/ws_sensor_combined/install/px4_msgs/lib:/root/ws_sensor_combined/install/px4_ros_com/lib:/opt/ros/humble/opt/rviz_ogre_vendor/lib:/opt/ros/humble/lib/x86_64-linux-gnu:/opt/ros/humble/lib /usr/bin/cmake --build /root/ws_sensor_combined/build/example_executor_with_multiple_modes_cpp -- -j20 -l20
[1.798s] DEBUG:colcon.colcon_core.event_handler.log_command:Invoking command in '/root/ws_sensor_combined/build/example_executor_with_multiple_modes_cpp': CMAKE_PREFIX_PATH=/root/ws_sensor_combined/install/px4_ros2_cpp:/root/ws_sensor_combined/install/px4_msgs:/root/ws_sensor_combined/install/px4_ros_com:/root/ws_sensor_combined/install/example_mode_with_executor_cpp:/root/ws_sensor_combined/install/example_mode_vtol_cpp:/root/ws_sensor_combined/install/example_mode_rtl_replacement_cpp:/root/ws_sensor_combined/install/example_mode_manual_cpp:/root/ws_sensor_combined/install/example_mode_goto_global_cpp:/root/ws_sensor_combined/install/example_mode_goto_cpp:/root/ws_sensor_combined/install/example_mode_fw_attitude_cpp:/root/ws_sensor_combined/install/example_local_navigation_cpp:/root/ws_sensor_combined/install/example_global_navigation_cpp:/root/ws_sensor_combined/install/example_executor_with_multiple_modes_cpp:/opt/ros/humble LD_LIBRARY_PATH=/root/ws_sensor_combined/install/px4_ros2_cpp/lib:/root/ws_sensor_combined/install/px4_msgs/lib:/root/ws_sensor_combined/install/px4_ros_com/lib:/opt/ros/humble/opt/rviz_ogre_vendor/lib:/opt/ros/humble/lib/x86_64-linux-gnu:/opt/ros/humble/lib /usr/bin/cmake --install /root/ws_sensor_combined/build/example_executor_with_multiple_modes_cpp
[1.804s] DEBUG:colcon.colcon_core.event_handler.log_command:Invoked command in '/root/ws_sensor_combined/build/example_global_navigation_cpp' returned '0': CMAKE_PREFIX_PATH=/root/ws_sensor_combined/install/px4_ros2_cpp:/root/ws_sensor_combined/install/px4_msgs:/root/ws_sensor_combined/install/px4_ros_com:/root/ws_sensor_combined/install/example_mode_with_executor_cpp:/root/ws_sensor_combined/install/example_mode_vtol_cpp:/root/ws_sensor_combined/install/example_mode_rtl_replacement_cpp:/root/ws_sensor_combined/install/example_mode_manual_cpp:/root/ws_sensor_combined/install/example_mode_goto_global_cpp:/root/ws_sensor_combined/install/example_mode_goto_cpp:/root/ws_sensor_combined/install/example_mode_fw_attitude_cpp:/root/ws_sensor_combined/install/example_local_navigation_cpp:/root/ws_sensor_combined/install/example_global_navigation_cpp:/root/ws_sensor_combined/install/example_executor_with_multiple_modes_cpp:/opt/ros/humble LD_LIBRARY_PATH=/root/ws_sensor_combined/install/px4_ros2_cpp/lib:/root/ws_sensor_combined/install/px4_msgs/lib:/root/ws_sensor_combined/install/px4_ros_com/lib:/opt/ros/humble/opt/rviz_ogre_vendor/lib:/opt/ros/humble/lib/x86_64-linux-gnu:/opt/ros/humble/lib /usr/bin/cmake --build /root/ws_sensor_combined/build/example_global_navigation_cpp -- -j20 -l20
[1.805s] DEBUG:colcon.colcon_core.event_handler.log_command:Invoking command in '/root/ws_sensor_combined/build/example_global_navigation_cpp': CMAKE_PREFIX_PATH=/root/ws_sensor_combined/install/px4_ros2_cpp:/root/ws_sensor_combined/install/px4_msgs:/root/ws_sensor_combined/install/px4_ros_com:/root/ws_sensor_combined/install/example_mode_with_executor_cpp:/root/ws_sensor_combined/install/example_mode_vtol_cpp:/root/ws_sensor_combined/install/example_mode_rtl_replacement_cpp:/root/ws_sensor_combined/install/example_mode_manual_cpp:/root/ws_sensor_combined/install/example_mode_goto_global_cpp:/root/ws_sensor_combined/install/example_mode_goto_cpp:/root/ws_sensor_combined/install/example_mode_fw_attitude_cpp:/root/ws_sensor_combined/install/example_local_navigation_cpp:/root/ws_sensor_combined/install/example_global_navigation_cpp:/root/ws_sensor_combined/install/example_executor_with_multiple_modes_cpp:/opt/ros/humble LD_LIBRARY_PATH=/root/ws_sensor_combined/install/px4_ros2_cpp/lib:/root/ws_sensor_combined/install/px4_msgs/lib:/root/ws_sensor_combined/install/px4_ros_com/lib:/opt/ros/humble/opt/rviz_ogre_vendor/lib:/opt/ros/humble/lib/x86_64-linux-gnu:/opt/ros/humble/lib /usr/bin/cmake --install /root/ws_sensor_combined/build/example_global_navigation_cpp
[1.810s] Level 1:colcon.colcon_core.environment:create_environment_scripts_only(example_executor_with_multiple_modes_cpp)
[1.811s] Level 1:colcon.colcon_core.environment:checking '/root/ws_sensor_combined/install/example_executor_with_multiple_modes_cpp' for CMake module files
[1.812s] DEBUG:colcon.colcon_core.event_handler.log_command:Invoked command in '/root/ws_sensor_combined/build/example_executor_with_multiple_modes_cpp' returned '0': CMAKE_PREFIX_PATH=/root/ws_sensor_combined/install/px4_ros2_cpp:/root/ws_sensor_combined/install/px4_msgs:/root/ws_sensor_combined/install/px4_ros_com:/root/ws_sensor_combined/install/example_mode_with_executor_cpp:/root/ws_sensor_combined/install/example_mode_vtol_cpp:/root/ws_sensor_combined/install/example_mode_rtl_replacement_cpp:/root/ws_sensor_combined/install/example_mode_manual_cpp:/root/ws_sensor_combined/install/example_mode_goto_global_cpp:/root/ws_sensor_combined/install/example_mode_goto_cpp:/root/ws_sensor_combined/install/example_mode_fw_attitude_cpp:/root/ws_sensor_combined/install/example_local_navigation_cpp:/root/ws_sensor_combined/install/example_global_navigation_cpp:/root/ws_sensor_combined/install/example_executor_with_multiple_modes_cpp:/opt/ros/humble LD_LIBRARY_PATH=/root/ws_sensor_combined/install/px4_ros2_cpp/lib:/root/ws_sensor_combined/install/px4_msgs/lib:/root/ws_sensor_combined/install/px4_ros_com/lib:/opt/ros/humble/opt/rviz_ogre_vendor/lib:/opt/ros/humble/lib/x86_64-linux-gnu:/opt/ros/humble/lib /usr/bin/cmake --install /root/ws_sensor_combined/build/example_executor_with_multiple_modes_cpp
[1.819s] Level 1:colcon.colcon_core.environment:checking '/root/ws_sensor_combined/install/example_executor_with_multiple_modes_cpp' for CMake config files
[1.822s] Level 1:colcon.colcon_core.shell:create_environment_hook('example_executor_with_multiple_modes_cpp', 'cmake_prefix_path')
[1.823s] INFO:colcon.colcon_core.shell:Creating environment hook '/root/ws_sensor_combined/install/example_executor_with_multiple_modes_cpp/share/example_executor_with_multiple_modes_cpp/hook/cmake_prefix_path.ps1'
[1.823s] INFO:colcon.colcon_core.shell:Creating environment descriptor '/root/ws_sensor_combined/install/example_executor_with_multiple_modes_cpp/share/example_executor_with_multiple_modes_cpp/hook/cmake_prefix_path.dsv'
[1.824s] INFO:colcon.colcon_core.shell:Creating environment hook '/root/ws_sensor_combined/install/example_executor_with_multiple_modes_cpp/share/example_executor_with_multiple_modes_cpp/hook/cmake_prefix_path.sh'
[1.825s] Level 1:colcon.colcon_core.environment:checking '/root/ws_sensor_combined/install/example_executor_with_multiple_modes_cpp/lib'
[1.825s] Level 1:colcon.colcon_core.environment:checking '/root/ws_sensor_combined/install/example_executor_with_multiple_modes_cpp/bin'
[1.825s] Level 1:colcon.colcon_core.environment:checking '/root/ws_sensor_combined/install/example_executor_with_multiple_modes_cpp/lib/pkgconfig/example_executor_with_multiple_modes_cpp.pc'
[1.825s] Level 1:colcon.colcon_core.environment:checking '/root/ws_sensor_combined/install/example_executor_with_multiple_modes_cpp/lib/python3.10/site-packages'
[1.825s] Level 1:colcon.colcon_core.environment:checking '/root/ws_sensor_combined/install/example_executor_with_multiple_modes_cpp/bin'
[1.826s] INFO:colcon.colcon_core.shell:Creating package script '/root/ws_sensor_combined/install/example_executor_with_multiple_modes_cpp/share/example_executor_with_multiple_modes_cpp/package.ps1'
[1.826s] INFO:colcon.colcon_core.shell:Creating package descriptor '/root/ws_sensor_combined/install/example_executor_with_multiple_modes_cpp/share/example_executor_with_multiple_modes_cpp/package.dsv'
[1.827s] INFO:colcon.colcon_core.shell:Creating package script '/root/ws_sensor_combined/install/example_executor_with_multiple_modes_cpp/share/example_executor_with_multiple_modes_cpp/package.sh'
[1.827s] INFO:colcon.colcon_core.shell:Creating package script '/root/ws_sensor_combined/install/example_executor_with_multiple_modes_cpp/share/example_executor_with_multiple_modes_cpp/package.bash'
[1.827s] INFO:colcon.colcon_core.shell:Creating package script '/root/ws_sensor_combined/install/example_executor_with_multiple_modes_cpp/share/example_executor_with_multiple_modes_cpp/package.zsh'
[1.828s] Level 1:colcon.colcon_core.environment:create_file_with_runtime_dependencies(/root/ws_sensor_combined/install/example_executor_with_multiple_modes_cpp/share/colcon-core/packages/example_executor_with_multiple_modes_cpp)
[1.828s] Level 1:colcon.colcon_core.environment:create_environment_scripts_only(example_executor_with_multiple_modes_cpp)
[1.828s] Level 1:colcon.colcon_core.environment:checking '/root/ws_sensor_combined/install/example_executor_with_multiple_modes_cpp' for CMake module files
[1.828s] Level 1:colcon.colcon_core.environment:checking '/root/ws_sensor_combined/install/example_executor_with_multiple_modes_cpp' for CMake config files
[1.829s] Level 1:colcon.colcon_core.shell:create_environment_hook('example_executor_with_multiple_modes_cpp', 'cmake_prefix_path')
[1.829s] INFO:colcon.colcon_core.shell:Creating environment hook '/root/ws_sensor_combined/install/example_executor_with_multiple_modes_cpp/share/example_executor_with_multiple_modes_cpp/hook/cmake_prefix_path.ps1'
[1.829s] INFO:colcon.colcon_core.shell:Creating environment descriptor '/root/ws_sensor_combined/install/example_executor_with_multiple_modes_cpp/share/example_executor_with_multiple_modes_cpp/hook/cmake_prefix_path.dsv'
[1.829s] INFO:colcon.colcon_core.shell:Creating environment hook '/root/ws_sensor_combined/install/example_executor_with_multiple_modes_cpp/share/example_executor_with_multiple_modes_cpp/hook/cmake_prefix_path.sh'
[1.830s] Level 1:colcon.colcon_core.environment:checking '/root/ws_sensor_combined/install/example_executor_with_multiple_modes_cpp/lib'
[1.830s] Level 1:colcon.colcon_core.environment:checking '/root/ws_sensor_combined/install/example_executor_with_multiple_modes_cpp/bin'
[1.830s] Level 1:colcon.colcon_core.environment:checking '/root/ws_sensor_combined/install/example_executor_with_multiple_modes_cpp/lib/pkgconfig/example_executor_with_multiple_modes_cpp.pc'
[1.830s] Level 1:colcon.colcon_core.environment:checking '/root/ws_sensor_combined/install/example_executor_with_multiple_modes_cpp/lib/python3.10/site-packages'
[1.831s] Level 1:colcon.colcon_core.environment:checking '/root/ws_sensor_combined/install/example_executor_with_multiple_modes_cpp/bin'
[1.831s] INFO:colcon.colcon_core.shell:Creating package script '/root/ws_sensor_combined/install/example_executor_with_multiple_modes_cpp/share/example_executor_with_multiple_modes_cpp/package.ps1'
[1.832s] INFO:colcon.colcon_core.shell:Creating package descriptor '/root/ws_sensor_combined/install/example_executor_with_multiple_modes_cpp/share/example_executor_with_multiple_modes_cpp/package.dsv'
[1.833s] INFO:colcon.colcon_core.shell:Creating package script '/root/ws_sensor_combined/install/example_executor_with_multiple_modes_cpp/share/example_executor_with_multiple_modes_cpp/package.sh'
[1.834s] INFO:colcon.colcon_core.shell:Creating package script '/root/ws_sensor_combined/install/example_executor_with_multiple_modes_cpp/share/example_executor_with_multiple_modes_cpp/package.bash'
[1.835s] INFO:colcon.colcon_core.shell:Creating package script '/root/ws_sensor_combined/install/example_executor_with_multiple_modes_cpp/share/example_executor_with_multiple_modes_cpp/package.zsh'
[1.835s] Level 1:colcon.colcon_core.environment:create_file_with_runtime_dependencies(/root/ws_sensor_combined/install/example_executor_with_multiple_modes_cpp/share/colcon-core/packages/example_executor_with_multiple_modes_cpp)
[1.840s] DEBUG:colcon.colcon_core.event_handler.log_command:Invoked command in '/root/ws_sensor_combined/build/example_mode_fw_attitude_cpp' returned '0': CMAKE_PREFIX_PATH=/root/ws_sensor_combined/install/px4_ros2_cpp:/root/ws_sensor_combined/install/px4_msgs:/root/ws_sensor_combined/install/px4_ros_com:/root/ws_sensor_combined/install/example_mode_with_executor_cpp:/root/ws_sensor_combined/install/example_mode_vtol_cpp:/root/ws_sensor_combined/install/example_mode_rtl_replacement_cpp:/root/ws_sensor_combined/install/example_mode_manual_cpp:/root/ws_sensor_combined/install/example_mode_goto_global_cpp:/root/ws_sensor_combined/install/example_mode_goto_cpp:/root/ws_sensor_combined/install/example_mode_fw_attitude_cpp:/root/ws_sensor_combined/install/example_local_navigation_cpp:/root/ws_sensor_combined/install/example_global_navigation_cpp:/root/ws_sensor_combined/install/example_executor_with_multiple_modes_cpp:/opt/ros/humble LD_LIBRARY_PATH=/root/ws_sensor_combined/install/px4_ros2_cpp/lib:/root/ws_sensor_combined/install/px4_msgs/lib:/root/ws_sensor_combined/install/px4_ros_com/lib:/opt/ros/humble/opt/rviz_ogre_vendor/lib:/opt/ros/humble/lib/x86_64-linux-gnu:/opt/ros/humble/lib /usr/bin/cmake --build /root/ws_sensor_combined/build/example_mode_fw_attitude_cpp -- -j20 -l20
[1.843s] DEBUG:colcon.colcon_core.event_handler.log_command:Invoking command in '/root/ws_sensor_combined/build/example_mode_fw_attitude_cpp': CMAKE_PREFIX_PATH=/root/ws_sensor_combined/install/px4_ros2_cpp:/root/ws_sensor_combined/install/px4_msgs:/root/ws_sensor_combined/install/px4_ros_com:/root/ws_sensor_combined/install/example_mode_with_executor_cpp:/root/ws_sensor_combined/install/example_mode_vtol_cpp:/root/ws_sensor_combined/install/example_mode_rtl_replacement_cpp:/root/ws_sensor_combined/install/example_mode_manual_cpp:/root/ws_sensor_combined/install/example_mode_goto_global_cpp:/root/ws_sensor_combined/install/example_mode_goto_cpp:/root/ws_sensor_combined/install/example_mode_fw_attitude_cpp:/root/ws_sensor_combined/install/example_local_navigation_cpp:/root/ws_sensor_combined/install/example_global_navigation_cpp:/root/ws_sensor_combined/install/example_executor_with_multiple_modes_cpp:/opt/ros/humble LD_LIBRARY_PATH=/root/ws_sensor_combined/install/px4_ros2_cpp/lib:/root/ws_sensor_combined/install/px4_msgs/lib:/root/ws_sensor_combined/install/px4_ros_com/lib:/opt/ros/humble/opt/rviz_ogre_vendor/lib:/opt/ros/humble/lib/x86_64-linux-gnu:/opt/ros/humble/lib /usr/bin/cmake --install /root/ws_sensor_combined/build/example_mode_fw_attitude_cpp
[1.843s] DEBUG:colcon.colcon_core.event_handler.log_command:Invoked command in '/root/ws_sensor_combined/build/example_mode_goto_cpp' returned '0': CMAKE_PREFIX_PATH=/root/ws_sensor_combined/install/px4_ros2_cpp:/root/ws_sensor_combined/install/px4_msgs:/root/ws_sensor_combined/install/px4_ros_com:/root/ws_sensor_combined/install/example_mode_with_executor_cpp:/root/ws_sensor_combined/install/example_mode_vtol_cpp:/root/ws_sensor_combined/install/example_mode_rtl_replacement_cpp:/root/ws_sensor_combined/install/example_mode_manual_cpp:/root/ws_sensor_combined/install/example_mode_goto_global_cpp:/root/ws_sensor_combined/install/example_mode_goto_cpp:/root/ws_sensor_combined/install/example_mode_fw_attitude_cpp:/root/ws_sensor_combined/install/example_local_navigation_cpp:/root/ws_sensor_combined/install/example_global_navigation_cpp:/root/ws_sensor_combined/install/example_executor_with_multiple_modes_cpp:/opt/ros/humble LD_LIBRARY_PATH=/root/ws_sensor_combined/install/px4_ros2_cpp/lib:/root/ws_sensor_combined/install/px4_msgs/lib:/root/ws_sensor_combined/install/px4_ros_com/lib:/opt/ros/humble/opt/rviz_ogre_vendor/lib:/opt/ros/humble/lib/x86_64-linux-gnu:/opt/ros/humble/lib /usr/bin/cmake --build /root/ws_sensor_combined/build/example_mode_goto_cpp -- -j20 -l20
[1.845s] Level 1:colcon.colcon_core.environment:create_environment_scripts_only(example_global_navigation_cpp)
[1.846s] Level 1:colcon.colcon_core.environment:checking '/root/ws_sensor_combined/install/example_global_navigation_cpp' for CMake module files
[1.846s] DEBUG:colcon.colcon_core.event_handler.log_command:Invoking command in '/root/ws_sensor_combined/build/example_mode_goto_cpp': CMAKE_PREFIX_PATH=/root/ws_sensor_combined/install/px4_ros2_cpp:/root/ws_sensor_combined/install/px4_msgs:/root/ws_sensor_combined/install/px4_ros_com:/root/ws_sensor_combined/install/example_mode_with_executor_cpp:/root/ws_sensor_combined/install/example_mode_vtol_cpp:/root/ws_sensor_combined/install/example_mode_rtl_replacement_cpp:/root/ws_sensor_combined/install/example_mode_manual_cpp:/root/ws_sensor_combined/install/example_mode_goto_global_cpp:/root/ws_sensor_combined/install/example_mode_goto_cpp:/root/ws_sensor_combined/install/example_mode_fw_attitude_cpp:/root/ws_sensor_combined/install/example_local_navigation_cpp:/root/ws_sensor_combined/install/example_global_navigation_cpp:/root/ws_sensor_combined/install/example_executor_with_multiple_modes_cpp:/opt/ros/humble LD_LIBRARY_PATH=/root/ws_sensor_combined/install/px4_ros2_cpp/lib:/root/ws_sensor_combined/install/px4_msgs/lib:/root/ws_sensor_combined/install/px4_ros_com/lib:/opt/ros/humble/opt/rviz_ogre_vendor/lib:/opt/ros/humble/lib/x86_64-linux-gnu:/opt/ros/humble/lib /usr/bin/cmake --install /root/ws_sensor_combined/build/example_mode_goto_cpp
[1.847s] DEBUG:colcon.colcon_core.event_handler.log_command:Invoked command in '/root/ws_sensor_combined/build/example_global_navigation_cpp' returned '0': CMAKE_PREFIX_PATH=/root/ws_sensor_combined/install/px4_ros2_cpp:/root/ws_sensor_combined/install/px4_msgs:/root/ws_sensor_combined/install/px4_ros_com:/root/ws_sensor_combined/install/example_mode_with_executor_cpp:/root/ws_sensor_combined/install/example_mode_vtol_cpp:/root/ws_sensor_combined/install/example_mode_rtl_replacement_cpp:/root/ws_sensor_combined/install/example_mode_manual_cpp:/root/ws_sensor_combined/install/example_mode_goto_global_cpp:/root/ws_sensor_combined/install/example_mode_goto_cpp:/root/ws_sensor_combined/install/example_mode_fw_attitude_cpp:/root/ws_sensor_combined/install/example_local_navigation_cpp:/root/ws_sensor_combined/install/example_global_navigation_cpp:/root/ws_sensor_combined/install/example_executor_with_multiple_modes_cpp:/opt/ros/humble LD_LIBRARY_PATH=/root/ws_sensor_combined/install/px4_ros2_cpp/lib:/root/ws_sensor_combined/install/px4_msgs/lib:/root/ws_sensor_combined/install/px4_ros_com/lib:/opt/ros/humble/opt/rviz_ogre_vendor/lib:/opt/ros/humble/lib/x86_64-linux-gnu:/opt/ros/humble/lib /usr/bin/cmake --install /root/ws_sensor_combined/build/example_global_navigation_cpp
[1.848s] Level 1:colcon.colcon_core.environment:checking '/root/ws_sensor_combined/install/example_global_navigation_cpp' for CMake config files
[1.848s] Level 1:colcon.colcon_core.shell:create_environment_hook('example_global_navigation_cpp', 'cmake_prefix_path')
[1.848s] INFO:colcon.colcon_core.shell:Creating environment hook '/root/ws_sensor_combined/install/example_global_navigation_cpp/share/example_global_navigation_cpp/hook/cmake_prefix_path.ps1'
[1.849s] INFO:colcon.colcon_core.shell:Creating environment descriptor '/root/ws_sensor_combined/install/example_global_navigation_cpp/share/example_global_navigation_cpp/hook/cmake_prefix_path.dsv'
[1.849s] INFO:colcon.colcon_core.shell:Creating environment hook '/root/ws_sensor_combined/install/example_global_navigation_cpp/share/example_global_navigation_cpp/hook/cmake_prefix_path.sh'
[1.850s] Level 1:colcon.colcon_core.environment:checking '/root/ws_sensor_combined/install/example_global_navigation_cpp/lib'
[1.850s] Level 1:colcon.colcon_core.environment:checking '/root/ws_sensor_combined/install/example_global_navigation_cpp/bin'
[1.850s] Level 1:colcon.colcon_core.environment:checking '/root/ws_sensor_combined/install/example_global_navigation_cpp/lib/pkgconfig/example_global_navigation_cpp.pc'
[1.851s] Level 1:colcon.colcon_core.environment:checking '/root/ws_sensor_combined/install/example_global_navigation_cpp/lib/python3.10/site-packages'
[1.851s] Level 1:colcon.colcon_core.environment:checking '/root/ws_sensor_combined/install/example_global_navigation_cpp/bin'
[1.851s] INFO:colcon.colcon_core.shell:Creating package script '/root/ws_sensor_combined/install/example_global_navigation_cpp/share/example_global_navigation_cpp/package.ps1'
[1.852s] INFO:colcon.colcon_core.shell:Creating package descriptor '/root/ws_sensor_combined/install/example_global_navigation_cpp/share/example_global_navigation_cpp/package.dsv'
[1.853s] INFO:colcon.colcon_core.shell:Creating package script '/root/ws_sensor_combined/install/example_global_navigation_cpp/share/example_global_navigation_cpp/package.sh'
[1.854s] INFO:colcon.colcon_core.shell:Creating package script '/root/ws_sensor_combined/install/example_global_navigation_cpp/share/example_global_navigation_cpp/package.bash'
[1.854s] INFO:colcon.colcon_core.shell:Creating package script '/root/ws_sensor_combined/install/example_global_navigation_cpp/share/example_global_navigation_cpp/package.zsh'
[1.854s] Level 1:colcon.colcon_core.environment:create_file_with_runtime_dependencies(/root/ws_sensor_combined/install/example_global_navigation_cpp/share/colcon-core/packages/example_global_navigation_cpp)
[1.855s] Level 1:colcon.colcon_core.environment:create_environment_scripts_only(example_global_navigation_cpp)
[1.855s] Level 1:colcon.colcon_core.environment:checking '/root/ws_sensor_combined/install/example_global_navigation_cpp' for CMake module files
[1.856s] Level 1:colcon.colcon_core.environment:checking '/root/ws_sensor_combined/install/example_global_navigation_cpp' for CMake config files
[1.856s] Level 1:colcon.colcon_core.shell:create_environment_hook('example_global_navigation_cpp', 'cmake_prefix_path')
[1.856s] INFO:colcon.colcon_core.shell:Creating environment hook '/root/ws_sensor_combined/install/example_global_navigation_cpp/share/example_global_navigation_cpp/hook/cmake_prefix_path.ps1'
[1.857s] INFO:colcon.colcon_core.shell:Creating environment descriptor '/root/ws_sensor_combined/install/example_global_navigation_cpp/share/example_global_navigation_cpp/hook/cmake_prefix_path.dsv'
[1.857s] INFO:colcon.colcon_core.shell:Creating environment hook '/root/ws_sensor_combined/install/example_global_navigation_cpp/share/example_global_navigation_cpp/hook/cmake_prefix_path.sh'
[1.858s] Level 1:colcon.colcon_core.environment:checking '/root/ws_sensor_combined/install/example_global_navigation_cpp/lib'
[1.858s] Level 1:colcon.colcon_core.environment:checking '/root/ws_sensor_combined/install/example_global_navigation_cpp/bin'
[1.858s] Level 1:colcon.colcon_core.environment:checking '/root/ws_sensor_combined/install/example_global_navigation_cpp/lib/pkgconfig/example_global_navigation_cpp.pc'
[1.858s] Level 1:colcon.colcon_core.environment:checking '/root/ws_sensor_combined/install/example_global_navigation_cpp/lib/python3.10/site-packages'
[1.858s] Level 1:colcon.colcon_core.environment:checking '/root/ws_sensor_combined/install/example_global_navigation_cpp/bin'
[1.859s] INFO:colcon.colcon_core.shell:Creating package script '/root/ws_sensor_combined/install/example_global_navigation_cpp/share/example_global_navigation_cpp/package.ps1'
[1.859s] INFO:colcon.colcon_core.shell:Creating package descriptor '/root/ws_sensor_combined/install/example_global_navigation_cpp/share/example_global_navigation_cpp/package.dsv'
[1.860s] INFO:colcon.colcon_core.shell:Creating package script '/root/ws_sensor_combined/install/example_global_navigation_cpp/share/example_global_navigation_cpp/package.sh'
[1.860s] INFO:colcon.colcon_core.shell:Creating package script '/root/ws_sensor_combined/install/example_global_navigation_cpp/share/example_global_navigation_cpp/package.bash'
[1.861s] INFO:colcon.colcon_core.shell:Creating package script '/root/ws_sensor_combined/install/example_global_navigation_cpp/share/example_global_navigation_cpp/package.zsh'
[1.861s] Level 1:colcon.colcon_core.environment:create_file_with_runtime_dependencies(/root/ws_sensor_combined/install/example_global_navigation_cpp/share/colcon-core/packages/example_global_navigation_cpp)
[1.865s] DEBUG:colcon.colcon_core.event_handler.log_command:Invoked command in '/root/ws_sensor_combined/build/example_local_navigation_cpp' returned '0': CMAKE_PREFIX_PATH=/root/ws_sensor_combined/install/px4_ros2_cpp:/root/ws_sensor_combined/install/px4_msgs:/root/ws_sensor_combined/install/px4_ros_com:/root/ws_sensor_combined/install/example_mode_with_executor_cpp:/root/ws_sensor_combined/install/example_mode_vtol_cpp:/root/ws_sensor_combined/install/example_mode_rtl_replacement_cpp:/root/ws_sensor_combined/install/example_mode_manual_cpp:/root/ws_sensor_combined/install/example_mode_goto_global_cpp:/root/ws_sensor_combined/install/example_mode_goto_cpp:/root/ws_sensor_combined/install/example_mode_fw_attitude_cpp:/root/ws_sensor_combined/install/example_local_navigation_cpp:/root/ws_sensor_combined/install/example_global_navigation_cpp:/root/ws_sensor_combined/install/example_executor_with_multiple_modes_cpp:/opt/ros/humble LD_LIBRARY_PATH=/root/ws_sensor_combined/install/px4_ros2_cpp/lib:/root/ws_sensor_combined/install/px4_msgs/lib:/root/ws_sensor_combined/install/px4_ros_com/lib:/opt/ros/humble/opt/rviz_ogre_vendor/lib:/opt/ros/humble/lib/x86_64-linux-gnu:/opt/ros/humble/lib /usr/bin/cmake --build /root/ws_sensor_combined/build/example_local_navigation_cpp -- -j20 -l20
[1.865s] DEBUG:colcon.colcon_core.event_handler.log_command:Invoking command in '/root/ws_sensor_combined/build/example_local_navigation_cpp': CMAKE_PREFIX_PATH=/root/ws_sensor_combined/install/px4_ros2_cpp:/root/ws_sensor_combined/install/px4_msgs:/root/ws_sensor_combined/install/px4_ros_com:/root/ws_sensor_combined/install/example_mode_with_executor_cpp:/root/ws_sensor_combined/install/example_mode_vtol_cpp:/root/ws_sensor_combined/install/example_mode_rtl_replacement_cpp:/root/ws_sensor_combined/install/example_mode_manual_cpp:/root/ws_sensor_combined/install/example_mode_goto_global_cpp:/root/ws_sensor_combined/install/example_mode_goto_cpp:/root/ws_sensor_combined/install/example_mode_fw_attitude_cpp:/root/ws_sensor_combined/install/example_local_navigation_cpp:/root/ws_sensor_combined/install/example_global_navigation_cpp:/root/ws_sensor_combined/install/example_executor_with_multiple_modes_cpp:/opt/ros/humble LD_LIBRARY_PATH=/root/ws_sensor_combined/install/px4_ros2_cpp/lib:/root/ws_sensor_combined/install/px4_msgs/lib:/root/ws_sensor_combined/install/px4_ros_com/lib:/opt/ros/humble/opt/rviz_ogre_vendor/lib:/opt/ros/humble/lib/x86_64-linux-gnu:/opt/ros/humble/lib /usr/bin/cmake --install /root/ws_sensor_combined/build/example_local_navigation_cpp
[1.865s] DEBUG:colcon.colcon_core.event_handler.log_command:Invoked command in '/root/ws_sensor_combined/build/example_mode_manual_cpp' returned '0': CMAKE_PREFIX_PATH=/root/ws_sensor_combined/install/px4_ros2_cpp:/root/ws_sensor_combined/install/px4_msgs:/root/ws_sensor_combined/install/px4_ros_com:/root/ws_sensor_combined/install/example_mode_with_executor_cpp:/root/ws_sensor_combined/install/example_mode_vtol_cpp:/root/ws_sensor_combined/install/example_mode_rtl_replacement_cpp:/root/ws_sensor_combined/install/example_mode_manual_cpp:/root/ws_sensor_combined/install/example_mode_goto_global_cpp:/root/ws_sensor_combined/install/example_mode_goto_cpp:/root/ws_sensor_combined/install/example_mode_fw_attitude_cpp:/root/ws_sensor_combined/install/example_local_navigation_cpp:/root/ws_sensor_combined/install/example_global_navigation_cpp:/root/ws_sensor_combined/install/example_executor_with_multiple_modes_cpp:/opt/ros/humble LD_LIBRARY_PATH=/root/ws_sensor_combined/install/px4_ros2_cpp/lib:/root/ws_sensor_combined/install/px4_msgs/lib:/root/ws_sensor_combined/install/px4_ros_com/lib:/opt/ros/humble/opt/rviz_ogre_vendor/lib:/opt/ros/humble/lib/x86_64-linux-gnu:/opt/ros/humble/lib /usr/bin/cmake --build /root/ws_sensor_combined/build/example_mode_manual_cpp -- -j20 -l20
[1.868s] DEBUG:colcon.colcon_core.event_handler.log_command:Invoking command in '/root/ws_sensor_combined/build/example_mode_manual_cpp': CMAKE_PREFIX_PATH=/root/ws_sensor_combined/install/px4_ros2_cpp:/root/ws_sensor_combined/install/px4_msgs:/root/ws_sensor_combined/install/px4_ros_com:/root/ws_sensor_combined/install/example_mode_with_executor_cpp:/root/ws_sensor_combined/install/example_mode_vtol_cpp:/root/ws_sensor_combined/install/example_mode_rtl_replacement_cpp:/root/ws_sensor_combined/install/example_mode_manual_cpp:/root/ws_sensor_combined/install/example_mode_goto_global_cpp:/root/ws_sensor_combined/install/example_mode_goto_cpp:/root/ws_sensor_combined/install/example_mode_fw_attitude_cpp:/root/ws_sensor_combined/install/example_local_navigation_cpp:/root/ws_sensor_combined/install/example_global_navigation_cpp:/root/ws_sensor_combined/install/example_executor_with_multiple_modes_cpp:/opt/ros/humble LD_LIBRARY_PATH=/root/ws_sensor_combined/install/px4_ros2_cpp/lib:/root/ws_sensor_combined/install/px4_msgs/lib:/root/ws_sensor_combined/install/px4_ros_com/lib:/opt/ros/humble/opt/rviz_ogre_vendor/lib:/opt/ros/humble/lib/x86_64-linux-gnu:/opt/ros/humble/lib /usr/bin/cmake --install /root/ws_sensor_combined/build/example_mode_manual_cpp
[1.868s] DEBUG:colcon.colcon_core.event_handler.log_command:Invoked command in '/root/ws_sensor_combined/build/example_mode_goto_global_cpp' returned '0': CMAKE_PREFIX_PATH=/root/ws_sensor_combined/install/px4_ros2_cpp:/root/ws_sensor_combined/install/px4_msgs:/root/ws_sensor_combined/install/px4_ros_com:/root/ws_sensor_combined/install/example_mode_with_executor_cpp:/root/ws_sensor_combined/install/example_mode_vtol_cpp:/root/ws_sensor_combined/install/example_mode_rtl_replacement_cpp:/root/ws_sensor_combined/install/example_mode_manual_cpp:/root/ws_sensor_combined/install/example_mode_goto_global_cpp:/root/ws_sensor_combined/install/example_mode_goto_cpp:/root/ws_sensor_combined/install/example_mode_fw_attitude_cpp:/root/ws_sensor_combined/install/example_local_navigation_cpp:/root/ws_sensor_combined/install/example_global_navigation_cpp:/root/ws_sensor_combined/install/example_executor_with_multiple_modes_cpp:/opt/ros/humble LD_LIBRARY_PATH=/root/ws_sensor_combined/install/px4_ros2_cpp/lib:/root/ws_sensor_combined/install/px4_msgs/lib:/root/ws_sensor_combined/install/px4_ros_com/lib:/opt/ros/humble/opt/rviz_ogre_vendor/lib:/opt/ros/humble/lib/x86_64-linux-gnu:/opt/ros/humble/lib /usr/bin/cmake --build /root/ws_sensor_combined/build/example_mode_goto_global_cpp -- -j20 -l20
[1.869s] DEBUG:colcon.colcon_core.event_handler.log_command:Invoking command in '/root/ws_sensor_combined/build/example_mode_goto_global_cpp': CMAKE_PREFIX_PATH=/root/ws_sensor_combined/install/px4_ros2_cpp:/root/ws_sensor_combined/install/px4_msgs:/root/ws_sensor_combined/install/px4_ros_com:/root/ws_sensor_combined/install/example_mode_with_executor_cpp:/root/ws_sensor_combined/install/example_mode_vtol_cpp:/root/ws_sensor_combined/install/example_mode_rtl_replacement_cpp:/root/ws_sensor_combined/install/example_mode_manual_cpp:/root/ws_sensor_combined/install/example_mode_goto_global_cpp:/root/ws_sensor_combined/install/example_mode_goto_cpp:/root/ws_sensor_combined/install/example_mode_fw_attitude_cpp:/root/ws_sensor_combined/install/example_local_navigation_cpp:/root/ws_sensor_combined/install/example_global_navigation_cpp:/root/ws_sensor_combined/install/example_executor_with_multiple_modes_cpp:/opt/ros/humble LD_LIBRARY_PATH=/root/ws_sensor_combined/install/px4_ros2_cpp/lib:/root/ws_sensor_combined/install/px4_msgs/lib:/root/ws_sensor_combined/install/px4_ros_com/lib:/opt/ros/humble/opt/rviz_ogre_vendor/lib:/opt/ros/humble/lib/x86_64-linux-gnu:/opt/ros/humble/lib /usr/bin/cmake --install /root/ws_sensor_combined/build/example_mode_goto_global_cpp
[1.883s] Level 1:colcon.colcon_core.environment:create_environment_scripts_only(example_mode_fw_attitude_cpp)
[1.884s] Level 1:colcon.colcon_core.environment:checking '/root/ws_sensor_combined/install/example_mode_fw_attitude_cpp' for CMake module files
[1.890s] Level 1:colcon.colcon_core.environment:checking '/root/ws_sensor_combined/install/example_mode_fw_attitude_cpp' for CMake config files
[1.891s] DEBUG:colcon.colcon_core.event_handler.log_command:Invoked command in '/root/ws_sensor_combined/build/example_mode_vtol_cpp' returned '0': CMAKE_PREFIX_PATH=/root/ws_sensor_combined/install/px4_ros2_cpp:/root/ws_sensor_combined/install/px4_msgs:/root/ws_sensor_combined/install/px4_ros_com:/root/ws_sensor_combined/install/example_mode_with_executor_cpp:/root/ws_sensor_combined/install/example_mode_vtol_cpp:/root/ws_sensor_combined/install/example_mode_rtl_replacement_cpp:/root/ws_sensor_combined/install/example_mode_manual_cpp:/root/ws_sensor_combined/install/example_mode_goto_global_cpp:/root/ws_sensor_combined/install/example_mode_goto_cpp:/root/ws_sensor_combined/install/example_mode_fw_attitude_cpp:/root/ws_sensor_combined/install/example_local_navigation_cpp:/root/ws_sensor_combined/install/example_global_navigation_cpp:/root/ws_sensor_combined/install/example_executor_with_multiple_modes_cpp:/opt/ros/humble LD_LIBRARY_PATH=/root/ws_sensor_combined/install/px4_ros2_cpp/lib:/root/ws_sensor_combined/install/px4_msgs/lib:/root/ws_sensor_combined/install/px4_ros_com/lib:/opt/ros/humble/opt/rviz_ogre_vendor/lib:/opt/ros/humble/lib/x86_64-linux-gnu:/opt/ros/humble/lib /usr/bin/cmake --build /root/ws_sensor_combined/build/example_mode_vtol_cpp -- -j20 -l20
[1.893s] DEBUG:colcon.colcon_core.event_handler.log_command:Invoking command in '/root/ws_sensor_combined/build/example_mode_vtol_cpp': CMAKE_PREFIX_PATH=/root/ws_sensor_combined/install/px4_ros2_cpp:/root/ws_sensor_combined/install/px4_msgs:/root/ws_sensor_combined/install/px4_ros_com:/root/ws_sensor_combined/install/example_mode_with_executor_cpp:/root/ws_sensor_combined/install/example_mode_vtol_cpp:/root/ws_sensor_combined/install/example_mode_rtl_replacement_cpp:/root/ws_sensor_combined/install/example_mode_manual_cpp:/root/ws_sensor_combined/install/example_mode_goto_global_cpp:/root/ws_sensor_combined/install/example_mode_goto_cpp:/root/ws_sensor_combined/install/example_mode_fw_attitude_cpp:/root/ws_sensor_combined/install/example_local_navigation_cpp:/root/ws_sensor_combined/install/example_global_navigation_cpp:/root/ws_sensor_combined/install/example_executor_with_multiple_modes_cpp:/opt/ros/humble LD_LIBRARY_PATH=/root/ws_sensor_combined/install/px4_ros2_cpp/lib:/root/ws_sensor_combined/install/px4_msgs/lib:/root/ws_sensor_combined/install/px4_ros_com/lib:/opt/ros/humble/opt/rviz_ogre_vendor/lib:/opt/ros/humble/lib/x86_64-linux-gnu:/opt/ros/humble/lib /usr/bin/cmake --install /root/ws_sensor_combined/build/example_mode_vtol_cpp
[1.894s] DEBUG:colcon.colcon_core.event_handler.log_command:Invoked command in '/root/ws_sensor_combined/build/example_mode_rtl_replacement_cpp' returned '0': CMAKE_PREFIX_PATH=/root/ws_sensor_combined/install/px4_ros2_cpp:/root/ws_sensor_combined/install/px4_msgs:/root/ws_sensor_combined/install/px4_ros_com:/root/ws_sensor_combined/install/example_mode_with_executor_cpp:/root/ws_sensor_combined/install/example_mode_vtol_cpp:/root/ws_sensor_combined/install/example_mode_rtl_replacement_cpp:/root/ws_sensor_combined/install/example_mode_manual_cpp:/root/ws_sensor_combined/install/example_mode_goto_global_cpp:/root/ws_sensor_combined/install/example_mode_goto_cpp:/root/ws_sensor_combined/install/example_mode_fw_attitude_cpp:/root/ws_sensor_combined/install/example_local_navigation_cpp:/root/ws_sensor_combined/install/example_global_navigation_cpp:/root/ws_sensor_combined/install/example_executor_with_multiple_modes_cpp:/opt/ros/humble LD_LIBRARY_PATH=/root/ws_sensor_combined/install/px4_ros2_cpp/lib:/root/ws_sensor_combined/install/px4_msgs/lib:/root/ws_sensor_combined/install/px4_ros_com/lib:/opt/ros/humble/opt/rviz_ogre_vendor/lib:/opt/ros/humble/lib/x86_64-linux-gnu:/opt/ros/humble/lib /usr/bin/cmake --build /root/ws_sensor_combined/build/example_mode_rtl_replacement_cpp -- -j20 -l20
[1.894s] DEBUG:colcon.colcon_core.event_handler.log_command:Invoking command in '/root/ws_sensor_combined/build/example_mode_rtl_replacement_cpp': CMAKE_PREFIX_PATH=/root/ws_sensor_combined/install/px4_ros2_cpp:/root/ws_sensor_combined/install/px4_msgs:/root/ws_sensor_combined/install/px4_ros_com:/root/ws_sensor_combined/install/example_mode_with_executor_cpp:/root/ws_sensor_combined/install/example_mode_vtol_cpp:/root/ws_sensor_combined/install/example_mode_rtl_replacement_cpp:/root/ws_sensor_combined/install/example_mode_manual_cpp:/root/ws_sensor_combined/install/example_mode_goto_global_cpp:/root/ws_sensor_combined/install/example_mode_goto_cpp:/root/ws_sensor_combined/install/example_mode_fw_attitude_cpp:/root/ws_sensor_combined/install/example_local_navigation_cpp:/root/ws_sensor_combined/install/example_global_navigation_cpp:/root/ws_sensor_combined/install/example_executor_with_multiple_modes_cpp:/opt/ros/humble LD_LIBRARY_PATH=/root/ws_sensor_combined/install/px4_ros2_cpp/lib:/root/ws_sensor_combined/install/px4_msgs/lib:/root/ws_sensor_combined/install/px4_ros_com/lib:/opt/ros/humble/opt/rviz_ogre_vendor/lib:/opt/ros/humble/lib/x86_64-linux-gnu:/opt/ros/humble/lib /usr/bin/cmake --install /root/ws_sensor_combined/build/example_mode_rtl_replacement_cpp
[1.895s] DEBUG:colcon.colcon_core.event_handler.log_command:Invoked command in '/root/ws_sensor_combined/build/example_mode_fw_attitude_cpp' returned '0': CMAKE_PREFIX_PATH=/root/ws_sensor_combined/install/px4_ros2_cpp:/root/ws_sensor_combined/install/px4_msgs:/root/ws_sensor_combined/install/px4_ros_com:/root/ws_sensor_combined/install/example_mode_with_executor_cpp:/root/ws_sensor_combined/install/example_mode_vtol_cpp:/root/ws_sensor_combined/install/example_mode_rtl_replacement_cpp:/root/ws_sensor_combined/install/example_mode_manual_cpp:/root/ws_sensor_combined/install/example_mode_goto_global_cpp:/root/ws_sensor_combined/install/example_mode_goto_cpp:/root/ws_sensor_combined/install/example_mode_fw_attitude_cpp:/root/ws_sensor_combined/install/example_local_navigation_cpp:/root/ws_sensor_combined/install/example_global_navigation_cpp:/root/ws_sensor_combined/install/example_executor_with_multiple_modes_cpp:/opt/ros/humble LD_LIBRARY_PATH=/root/ws_sensor_combined/install/px4_ros2_cpp/lib:/root/ws_sensor_combined/install/px4_msgs/lib:/root/ws_sensor_combined/install/px4_ros_com/lib:/opt/ros/humble/opt/rviz_ogre_vendor/lib:/opt/ros/humble/lib/x86_64-linux-gnu:/opt/ros/humble/lib /usr/bin/cmake --install /root/ws_sensor_combined/build/example_mode_fw_attitude_cpp
[1.895s] Level 1:colcon.colcon_core.shell:create_environment_hook('example_mode_fw_attitude_cpp', 'cmake_prefix_path')
[1.895s] INFO:colcon.colcon_core.shell:Creating environment hook '/root/ws_sensor_combined/install/example_mode_fw_attitude_cpp/share/example_mode_fw_attitude_cpp/hook/cmake_prefix_path.ps1'
[1.896s] INFO:colcon.colcon_core.shell:Creating environment descriptor '/root/ws_sensor_combined/install/example_mode_fw_attitude_cpp/share/example_mode_fw_attitude_cpp/hook/cmake_prefix_path.dsv'
[1.896s] INFO:colcon.colcon_core.shell:Creating environment hook '/root/ws_sensor_combined/install/example_mode_fw_attitude_cpp/share/example_mode_fw_attitude_cpp/hook/cmake_prefix_path.sh'
[1.897s] Level 1:colcon.colcon_core.environment:checking '/root/ws_sensor_combined/install/example_mode_fw_attitude_cpp/lib'
[1.897s] Level 1:colcon.colcon_core.environment:checking '/root/ws_sensor_combined/install/example_mode_fw_attitude_cpp/bin'
[1.897s] Level 1:colcon.colcon_core.environment:checking '/root/ws_sensor_combined/install/example_mode_fw_attitude_cpp/lib/pkgconfig/example_mode_fw_attitude_cpp.pc'
[1.897s] Level 1:colcon.colcon_core.environment:checking '/root/ws_sensor_combined/install/example_mode_fw_attitude_cpp/lib/python3.10/site-packages'
[1.897s] Level 1:colcon.colcon_core.environment:checking '/root/ws_sensor_combined/install/example_mode_fw_attitude_cpp/bin'
[1.898s] INFO:colcon.colcon_core.shell:Creating package script '/root/ws_sensor_combined/install/example_mode_fw_attitude_cpp/share/example_mode_fw_attitude_cpp/package.ps1'
[1.898s] INFO:colcon.colcon_core.shell:Creating package descriptor '/root/ws_sensor_combined/install/example_mode_fw_attitude_cpp/share/example_mode_fw_attitude_cpp/package.dsv'
[1.898s] INFO:colcon.colcon_core.shell:Creating package script '/root/ws_sensor_combined/install/example_mode_fw_attitude_cpp/share/example_mode_fw_attitude_cpp/package.sh'
[1.898s] INFO:colcon.colcon_core.shell:Creating package script '/root/ws_sensor_combined/install/example_mode_fw_attitude_cpp/share/example_mode_fw_attitude_cpp/package.bash'
[1.899s] INFO:colcon.colcon_core.shell:Creating package script '/root/ws_sensor_combined/install/example_mode_fw_attitude_cpp/share/example_mode_fw_attitude_cpp/package.zsh'
[1.899s] Level 1:colcon.colcon_core.environment:create_file_with_runtime_dependencies(/root/ws_sensor_combined/install/example_mode_fw_attitude_cpp/share/colcon-core/packages/example_mode_fw_attitude_cpp)
[1.900s] Level 1:colcon.colcon_core.environment:create_environment_scripts_only(example_mode_fw_attitude_cpp)
[1.900s] Level 1:colcon.colcon_core.environment:checking '/root/ws_sensor_combined/install/example_mode_fw_attitude_cpp' for CMake module files
[1.900s] Level 1:colcon.colcon_core.environment:checking '/root/ws_sensor_combined/install/example_mode_fw_attitude_cpp' for CMake config files
[1.900s] Level 1:colcon.colcon_core.shell:create_environment_hook('example_mode_fw_attitude_cpp', 'cmake_prefix_path')
[1.900s] INFO:colcon.colcon_core.shell:Creating environment hook '/root/ws_sensor_combined/install/example_mode_fw_attitude_cpp/share/example_mode_fw_attitude_cpp/hook/cmake_prefix_path.ps1'
[1.901s] INFO:colcon.colcon_core.shell:Creating environment descriptor '/root/ws_sensor_combined/install/example_mode_fw_attitude_cpp/share/example_mode_fw_attitude_cpp/hook/cmake_prefix_path.dsv'
[1.901s] INFO:colcon.colcon_core.shell:Creating environment hook '/root/ws_sensor_combined/install/example_mode_fw_attitude_cpp/share/example_mode_fw_attitude_cpp/hook/cmake_prefix_path.sh'
[1.901s] Level 1:colcon.colcon_core.environment:checking '/root/ws_sensor_combined/install/example_mode_fw_attitude_cpp/lib'
[1.901s] Level 1:colcon.colcon_core.environment:checking '/root/ws_sensor_combined/install/example_mode_fw_attitude_cpp/bin'
[1.901s] Level 1:colcon.colcon_core.environment:checking '/root/ws_sensor_combined/install/example_mode_fw_attitude_cpp/lib/pkgconfig/example_mode_fw_attitude_cpp.pc'
[1.902s] Level 1:colcon.colcon_core.environment:checking '/root/ws_sensor_combined/install/example_mode_fw_attitude_cpp/lib/python3.10/site-packages'
[1.902s] Level 1:colcon.colcon_core.environment:checking '/root/ws_sensor_combined/install/example_mode_fw_attitude_cpp/bin'
[1.902s] INFO:colcon.colcon_core.shell:Creating package script '/root/ws_sensor_combined/install/example_mode_fw_attitude_cpp/share/example_mode_fw_attitude_cpp/package.ps1'
[1.902s] INFO:colcon.colcon_core.shell:Creating package descriptor '/root/ws_sensor_combined/install/example_mode_fw_attitude_cpp/share/example_mode_fw_attitude_cpp/package.dsv'
[1.903s] INFO:colcon.colcon_core.shell:Creating package script '/root/ws_sensor_combined/install/example_mode_fw_attitude_cpp/share/example_mode_fw_attitude_cpp/package.sh'
[1.903s] INFO:colcon.colcon_core.shell:Creating package script '/root/ws_sensor_combined/install/example_mode_fw_attitude_cpp/share/example_mode_fw_attitude_cpp/package.bash'
[1.903s] INFO:colcon.colcon_core.shell:Creating package script '/root/ws_sensor_combined/install/example_mode_fw_attitude_cpp/share/example_mode_fw_attitude_cpp/package.zsh'
[1.904s] Level 1:colcon.colcon_core.environment:create_file_with_runtime_dependencies(/root/ws_sensor_combined/install/example_mode_fw_attitude_cpp/share/colcon-core/packages/example_mode_fw_attitude_cpp)
[1.905s] Level 1:colcon.colcon_core.environment:create_environment_scripts_only(example_mode_goto_cpp)
[1.905s] Level 1:colcon.colcon_core.environment:checking '/root/ws_sensor_combined/install/example_mode_goto_cpp' for CMake module files
[1.908s] Level 1:colcon.colcon_core.environment:checking '/root/ws_sensor_combined/install/example_mode_goto_cpp' for CMake config files
[1.908s] DEBUG:colcon.colcon_core.event_handler.log_command:Invoked command in '/root/ws_sensor_combined/build/example_mode_goto_cpp' returned '0': CMAKE_PREFIX_PATH=/root/ws_sensor_combined/install/px4_ros2_cpp:/root/ws_sensor_combined/install/px4_msgs:/root/ws_sensor_combined/install/px4_ros_com:/root/ws_sensor_combined/install/example_mode_with_executor_cpp:/root/ws_sensor_combined/install/example_mode_vtol_cpp:/root/ws_sensor_combined/install/example_mode_rtl_replacement_cpp:/root/ws_sensor_combined/install/example_mode_manual_cpp:/root/ws_sensor_combined/install/example_mode_goto_global_cpp:/root/ws_sensor_combined/install/example_mode_goto_cpp:/root/ws_sensor_combined/install/example_mode_fw_attitude_cpp:/root/ws_sensor_combined/install/example_local_navigation_cpp:/root/ws_sensor_combined/install/example_global_navigation_cpp:/root/ws_sensor_combined/install/example_executor_with_multiple_modes_cpp:/opt/ros/humble LD_LIBRARY_PATH=/root/ws_sensor_combined/install/px4_ros2_cpp/lib:/root/ws_sensor_combined/install/px4_msgs/lib:/root/ws_sensor_combined/install/px4_ros_com/lib:/opt/ros/humble/opt/rviz_ogre_vendor/lib:/opt/ros/humble/lib/x86_64-linux-gnu:/opt/ros/humble/lib /usr/bin/cmake --install /root/ws_sensor_combined/build/example_mode_goto_cpp
[1.912s] Level 1:colcon.colcon_core.shell:create_environment_hook('example_mode_goto_cpp', 'cmake_prefix_path')
[1.913s] INFO:colcon.colcon_core.shell:Creating environment hook '/root/ws_sensor_combined/install/example_mode_goto_cpp/share/example_mode_goto_cpp/hook/cmake_prefix_path.ps1'
[1.913s] INFO:colcon.colcon_core.shell:Creating environment descriptor '/root/ws_sensor_combined/install/example_mode_goto_cpp/share/example_mode_goto_cpp/hook/cmake_prefix_path.dsv'
[1.915s] INFO:colcon.colcon_core.shell:Creating environment hook '/root/ws_sensor_combined/install/example_mode_goto_cpp/share/example_mode_goto_cpp/hook/cmake_prefix_path.sh'
[1.916s] Level 1:colcon.colcon_core.environment:checking '/root/ws_sensor_combined/install/example_mode_goto_cpp/lib'
[1.916s] Level 1:colcon.colcon_core.environment:checking '/root/ws_sensor_combined/install/example_mode_goto_cpp/bin'
[1.916s] Level 1:colcon.colcon_core.environment:checking '/root/ws_sensor_combined/install/example_mode_goto_cpp/lib/pkgconfig/example_mode_goto_cpp.pc'
[1.916s] Level 1:colcon.colcon_core.environment:checking '/root/ws_sensor_combined/install/example_mode_goto_cpp/lib/python3.10/site-packages'
[1.916s] Level 1:colcon.colcon_core.environment:checking '/root/ws_sensor_combined/install/example_mode_goto_cpp/bin'
[1.916s] INFO:colcon.colcon_core.shell:Creating package script '/root/ws_sensor_combined/install/example_mode_goto_cpp/share/example_mode_goto_cpp/package.ps1'
[1.916s] INFO:colcon.colcon_core.shell:Creating package descriptor '/root/ws_sensor_combined/install/example_mode_goto_cpp/share/example_mode_goto_cpp/package.dsv'
[1.917s] INFO:colcon.colcon_core.shell:Creating package script '/root/ws_sensor_combined/install/example_mode_goto_cpp/share/example_mode_goto_cpp/package.sh'
[1.917s] INFO:colcon.colcon_core.shell:Creating package script '/root/ws_sensor_combined/install/example_mode_goto_cpp/share/example_mode_goto_cpp/package.bash'
[1.917s] INFO:colcon.colcon_core.shell:Creating package script '/root/ws_sensor_combined/install/example_mode_goto_cpp/share/example_mode_goto_cpp/package.zsh'
[1.917s] Level 1:colcon.colcon_core.environment:create_file_with_runtime_dependencies(/root/ws_sensor_combined/install/example_mode_goto_cpp/share/colcon-core/packages/example_mode_goto_cpp)
[1.918s] Level 1:colcon.colcon_core.environment:create_environment_scripts_only(example_mode_goto_cpp)
[1.918s] Level 1:colcon.colcon_core.environment:checking '/root/ws_sensor_combined/install/example_mode_goto_cpp' for CMake module files
[1.919s] Level 1:colcon.colcon_core.environment:checking '/root/ws_sensor_combined/install/example_mode_goto_cpp' for CMake config files
[1.919s] Level 1:colcon.colcon_core.shell:create_environment_hook('example_mode_goto_cpp', 'cmake_prefix_path')
[1.919s] INFO:colcon.colcon_core.shell:Creating environment hook '/root/ws_sensor_combined/install/example_mode_goto_cpp/share/example_mode_goto_cpp/hook/cmake_prefix_path.ps1'
[1.920s] INFO:colcon.colcon_core.shell:Creating environment descriptor '/root/ws_sensor_combined/install/example_mode_goto_cpp/share/example_mode_goto_cpp/hook/cmake_prefix_path.dsv'
[1.920s] INFO:colcon.colcon_core.shell:Creating environment hook '/root/ws_sensor_combined/install/example_mode_goto_cpp/share/example_mode_goto_cpp/hook/cmake_prefix_path.sh'
[1.921s] Level 1:colcon.colcon_core.environment:checking '/root/ws_sensor_combined/install/example_mode_goto_cpp/lib'
[1.921s] Level 1:colcon.colcon_core.environment:checking '/root/ws_sensor_combined/install/example_mode_goto_cpp/bin'
[1.921s] Level 1:colcon.colcon_core.environment:checking '/root/ws_sensor_combined/install/example_mode_goto_cpp/lib/pkgconfig/example_mode_goto_cpp.pc'
[1.921s] Level 1:colcon.colcon_core.environment:checking '/root/ws_sensor_combined/install/example_mode_goto_cpp/lib/python3.10/site-packages'
[1.921s] Level 1:colcon.colcon_core.environment:checking '/root/ws_sensor_combined/install/example_mode_goto_cpp/bin'
[1.922s] INFO:colcon.colcon_core.shell:Creating package script '/root/ws_sensor_combined/install/example_mode_goto_cpp/share/example_mode_goto_cpp/package.ps1'
[1.923s] INFO:colcon.colcon_core.shell:Creating package descriptor '/root/ws_sensor_combined/install/example_mode_goto_cpp/share/example_mode_goto_cpp/package.dsv'
[1.923s] INFO:colcon.colcon_core.shell:Creating package script '/root/ws_sensor_combined/install/example_mode_goto_cpp/share/example_mode_goto_cpp/package.sh'
[1.924s] INFO:colcon.colcon_core.shell:Creating package script '/root/ws_sensor_combined/install/example_mode_goto_cpp/share/example_mode_goto_cpp/package.bash'
[1.925s] INFO:colcon.colcon_core.shell:Creating package script '/root/ws_sensor_combined/install/example_mode_goto_cpp/share/example_mode_goto_cpp/package.zsh'
[1.925s] Level 1:colcon.colcon_core.environment:create_file_with_runtime_dependencies(/root/ws_sensor_combined/install/example_mode_goto_cpp/share/colcon-core/packages/example_mode_goto_cpp)
[1.929s] DEBUG:colcon.colcon_core.event_handler.log_command:Invoked command in '/root/ws_sensor_combined/build/example_mode_with_executor_cpp' returned '0': CMAKE_PREFIX_PATH=/root/ws_sensor_combined/install/px4_ros2_cpp:/root/ws_sensor_combined/install/px4_msgs:/root/ws_sensor_combined/install/px4_ros_com:/root/ws_sensor_combined/install/example_mode_with_executor_cpp:/root/ws_sensor_combined/install/example_mode_vtol_cpp:/root/ws_sensor_combined/install/example_mode_rtl_replacement_cpp:/root/ws_sensor_combined/install/example_mode_manual_cpp:/root/ws_sensor_combined/install/example_mode_goto_global_cpp:/root/ws_sensor_combined/install/example_mode_goto_cpp:/root/ws_sensor_combined/install/example_mode_fw_attitude_cpp:/root/ws_sensor_combined/install/example_local_navigation_cpp:/root/ws_sensor_combined/install/example_global_navigation_cpp:/root/ws_sensor_combined/install/example_executor_with_multiple_modes_cpp:/opt/ros/humble LD_LIBRARY_PATH=/root/ws_sensor_combined/install/px4_ros2_cpp/lib:/root/ws_sensor_combined/install/px4_msgs/lib:/root/ws_sensor_combined/install/px4_ros_com/lib:/opt/ros/humble/opt/rviz_ogre_vendor/lib:/opt/ros/humble/lib/x86_64-linux-gnu:/opt/ros/humble/lib /usr/bin/cmake --build /root/ws_sensor_combined/build/example_mode_with_executor_cpp -- -j20 -l20
[1.931s] DEBUG:colcon.colcon_core.event_handler.log_command:Invoking command in '/root/ws_sensor_combined/build/example_mode_with_executor_cpp': CMAKE_PREFIX_PATH=/root/ws_sensor_combined/install/px4_ros2_cpp:/root/ws_sensor_combined/install/px4_msgs:/root/ws_sensor_combined/install/px4_ros_com:/root/ws_sensor_combined/install/example_mode_with_executor_cpp:/root/ws_sensor_combined/install/example_mode_vtol_cpp:/root/ws_sensor_combined/install/example_mode_rtl_replacement_cpp:/root/ws_sensor_combined/install/example_mode_manual_cpp:/root/ws_sensor_combined/install/example_mode_goto_global_cpp:/root/ws_sensor_combined/install/example_mode_goto_cpp:/root/ws_sensor_combined/install/example_mode_fw_attitude_cpp:/root/ws_sensor_combined/install/example_local_navigation_cpp:/root/ws_sensor_combined/install/example_global_navigation_cpp:/root/ws_sensor_combined/install/example_executor_with_multiple_modes_cpp:/opt/ros/humble LD_LIBRARY_PATH=/root/ws_sensor_combined/install/px4_ros2_cpp/lib:/root/ws_sensor_combined/install/px4_msgs/lib:/root/ws_sensor_combined/install/px4_ros_com/lib:/opt/ros/humble/opt/rviz_ogre_vendor/lib:/opt/ros/humble/lib/x86_64-linux-gnu:/opt/ros/humble/lib /usr/bin/cmake --install /root/ws_sensor_combined/build/example_mode_with_executor_cpp
[1.932s] Level 1:colcon.colcon_core.environment:create_environment_scripts_only(example_local_navigation_cpp)
[1.932s] Level 1:colcon.colcon_core.environment:checking '/root/ws_sensor_combined/install/example_local_navigation_cpp' for CMake module files
[1.933s] DEBUG:colcon.colcon_core.event_handler.log_command:Invoked command in '/root/ws_sensor_combined/build/example_local_navigation_cpp' returned '0': CMAKE_PREFIX_PATH=/root/ws_sensor_combined/install/px4_ros2_cpp:/root/ws_sensor_combined/install/px4_msgs:/root/ws_sensor_combined/install/px4_ros_com:/root/ws_sensor_combined/install/example_mode_with_executor_cpp:/root/ws_sensor_combined/install/example_mode_vtol_cpp:/root/ws_sensor_combined/install/example_mode_rtl_replacement_cpp:/root/ws_sensor_combined/install/example_mode_manual_cpp:/root/ws_sensor_combined/install/example_mode_goto_global_cpp:/root/ws_sensor_combined/install/example_mode_goto_cpp:/root/ws_sensor_combined/install/example_mode_fw_attitude_cpp:/root/ws_sensor_combined/install/example_local_navigation_cpp:/root/ws_sensor_combined/install/example_global_navigation_cpp:/root/ws_sensor_combined/install/example_executor_with_multiple_modes_cpp:/opt/ros/humble LD_LIBRARY_PATH=/root/ws_sensor_combined/install/px4_ros2_cpp/lib:/root/ws_sensor_combined/install/px4_msgs/lib:/root/ws_sensor_combined/install/px4_ros_com/lib:/opt/ros/humble/opt/rviz_ogre_vendor/lib:/opt/ros/humble/lib/x86_64-linux-gnu:/opt/ros/humble/lib /usr/bin/cmake --install /root/ws_sensor_combined/build/example_local_navigation_cpp
[1.937s] Level 1:colcon.colcon_core.environment:checking '/root/ws_sensor_combined/install/example_local_navigation_cpp' for CMake config files
[1.937s] Level 1:colcon.colcon_core.shell:create_environment_hook('example_local_navigation_cpp', 'cmake_prefix_path')
[1.938s] INFO:colcon.colcon_core.shell:Creating environment hook '/root/ws_sensor_combined/install/example_local_navigation_cpp/share/example_local_navigation_cpp/hook/cmake_prefix_path.ps1'
[1.939s] INFO:colcon.colcon_core.shell:Creating environment descriptor '/root/ws_sensor_combined/install/example_local_navigation_cpp/share/example_local_navigation_cpp/hook/cmake_prefix_path.dsv'
[1.939s] INFO:colcon.colcon_core.shell:Creating environment hook '/root/ws_sensor_combined/install/example_local_navigation_cpp/share/example_local_navigation_cpp/hook/cmake_prefix_path.sh'
[1.940s] Level 1:colcon.colcon_core.environment:checking '/root/ws_sensor_combined/install/example_local_navigation_cpp/lib'
[1.940s] Level 1:colcon.colcon_core.environment:checking '/root/ws_sensor_combined/install/example_local_navigation_cpp/bin'
[1.940s] Level 1:colcon.colcon_core.environment:checking '/root/ws_sensor_combined/install/example_local_navigation_cpp/lib/pkgconfig/example_local_navigation_cpp.pc'
[1.941s] Level 1:colcon.colcon_core.environment:checking '/root/ws_sensor_combined/install/example_local_navigation_cpp/lib/python3.10/site-packages'
[1.941s] Level 1:colcon.colcon_core.environment:checking '/root/ws_sensor_combined/install/example_local_navigation_cpp/bin'
[1.941s] INFO:colcon.colcon_core.shell:Creating package script '/root/ws_sensor_combined/install/example_local_navigation_cpp/share/example_local_navigation_cpp/package.ps1'
[1.942s] INFO:colcon.colcon_core.shell:Creating package descriptor '/root/ws_sensor_combined/install/example_local_navigation_cpp/share/example_local_navigation_cpp/package.dsv'
[1.943s] INFO:colcon.colcon_core.shell:Creating package script '/root/ws_sensor_combined/install/example_local_navigation_cpp/share/example_local_navigation_cpp/package.sh'
[1.944s] INFO:colcon.colcon_core.shell:Creating package script '/root/ws_sensor_combined/install/example_local_navigation_cpp/share/example_local_navigation_cpp/package.bash'
[1.944s] INFO:colcon.colcon_core.shell:Creating package script '/root/ws_sensor_combined/install/example_local_navigation_cpp/share/example_local_navigation_cpp/package.zsh'
[1.945s] Level 1:colcon.colcon_core.environment:create_file_with_runtime_dependencies(/root/ws_sensor_combined/install/example_local_navigation_cpp/share/colcon-core/packages/example_local_navigation_cpp)
[1.945s] Level 1:colcon.colcon_core.environment:create_environment_scripts_only(example_local_navigation_cpp)
[1.945s] Level 1:colcon.colcon_core.environment:checking '/root/ws_sensor_combined/install/example_local_navigation_cpp' for CMake module files
[1.945s] Level 1:colcon.colcon_core.environment:checking '/root/ws_sensor_combined/install/example_local_navigation_cpp' for CMake config files
[1.946s] Level 1:colcon.colcon_core.shell:create_environment_hook('example_local_navigation_cpp', 'cmake_prefix_path')
[1.946s] INFO:colcon.colcon_core.shell:Creating environment hook '/root/ws_sensor_combined/install/example_local_navigation_cpp/share/example_local_navigation_cpp/hook/cmake_prefix_path.ps1'
[1.946s] INFO:colcon.colcon_core.shell:Creating environment descriptor '/root/ws_sensor_combined/install/example_local_navigation_cpp/share/example_local_navigation_cpp/hook/cmake_prefix_path.dsv'
[1.946s] INFO:colcon.colcon_core.shell:Creating environment hook '/root/ws_sensor_combined/install/example_local_navigation_cpp/share/example_local_navigation_cpp/hook/cmake_prefix_path.sh'
[1.947s] Level 1:colcon.colcon_core.environment:checking '/root/ws_sensor_combined/install/example_local_navigation_cpp/lib'
[1.947s] Level 1:colcon.colcon_core.environment:checking '/root/ws_sensor_combined/install/example_local_navigation_cpp/bin'
[1.947s] Level 1:colcon.colcon_core.environment:checking '/root/ws_sensor_combined/install/example_local_navigation_cpp/lib/pkgconfig/example_local_navigation_cpp.pc'
[1.947s] Level 1:colcon.colcon_core.environment:checking '/root/ws_sensor_combined/install/example_local_navigation_cpp/lib/python3.10/site-packages'
[1.947s] Level 1:colcon.colcon_core.environment:checking '/root/ws_sensor_combined/install/example_local_navigation_cpp/bin'
[1.947s] INFO:colcon.colcon_core.shell:Creating package script '/root/ws_sensor_combined/install/example_local_navigation_cpp/share/example_local_navigation_cpp/package.ps1'
[1.948s] INFO:colcon.colcon_core.shell:Creating package descriptor '/root/ws_sensor_combined/install/example_local_navigation_cpp/share/example_local_navigation_cpp/package.dsv'
[1.948s] INFO:colcon.colcon_core.shell:Creating package script '/root/ws_sensor_combined/install/example_local_navigation_cpp/share/example_local_navigation_cpp/package.sh'
[1.948s] INFO:colcon.colcon_core.shell:Creating package script '/root/ws_sensor_combined/install/example_local_navigation_cpp/share/example_local_navigation_cpp/package.bash'
[1.948s] INFO:colcon.colcon_core.shell:Creating package script '/root/ws_sensor_combined/install/example_local_navigation_cpp/share/example_local_navigation_cpp/package.zsh'
[1.949s] Level 1:colcon.colcon_core.environment:create_file_with_runtime_dependencies(/root/ws_sensor_combined/install/example_local_navigation_cpp/share/colcon-core/packages/example_local_navigation_cpp)
[1.949s] Level 1:colcon.colcon_core.environment:create_environment_scripts_only(example_mode_goto_global_cpp)
[1.949s] Level 1:colcon.colcon_core.environment:checking '/root/ws_sensor_combined/install/example_mode_goto_global_cpp' for CMake module files
[1.950s] Level 1:colcon.colcon_core.environment:checking '/root/ws_sensor_combined/install/example_mode_goto_global_cpp' for CMake config files
[1.951s] DEBUG:colcon.colcon_core.event_handler.log_command:Invoked command in '/root/ws_sensor_combined/build/example_mode_goto_global_cpp' returned '0': CMAKE_PREFIX_PATH=/root/ws_sensor_combined/install/px4_ros2_cpp:/root/ws_sensor_combined/install/px4_msgs:/root/ws_sensor_combined/install/px4_ros_com:/root/ws_sensor_combined/install/example_mode_with_executor_cpp:/root/ws_sensor_combined/install/example_mode_vtol_cpp:/root/ws_sensor_combined/install/example_mode_rtl_replacement_cpp:/root/ws_sensor_combined/install/example_mode_manual_cpp:/root/ws_sensor_combined/install/example_mode_goto_global_cpp:/root/ws_sensor_combined/install/example_mode_goto_cpp:/root/ws_sensor_combined/install/example_mode_fw_attitude_cpp:/root/ws_sensor_combined/install/example_local_navigation_cpp:/root/ws_sensor_combined/install/example_global_navigation_cpp:/root/ws_sensor_combined/install/example_executor_with_multiple_modes_cpp:/opt/ros/humble LD_LIBRARY_PATH=/root/ws_sensor_combined/install/px4_ros2_cpp/lib:/root/ws_sensor_combined/install/px4_msgs/lib:/root/ws_sensor_combined/install/px4_ros_com/lib:/opt/ros/humble/opt/rviz_ogre_vendor/lib:/opt/ros/humble/lib/x86_64-linux-gnu:/opt/ros/humble/lib /usr/bin/cmake --install /root/ws_sensor_combined/build/example_mode_goto_global_cpp
[1.951s] Level 1:colcon.colcon_core.shell:create_environment_hook('example_mode_goto_global_cpp', 'cmake_prefix_path')
[1.951s] INFO:colcon.colcon_core.shell:Creating environment hook '/root/ws_sensor_combined/install/example_mode_goto_global_cpp/share/example_mode_goto_global_cpp/hook/cmake_prefix_path.ps1'
[1.952s] INFO:colcon.colcon_core.shell:Creating environment descriptor '/root/ws_sensor_combined/install/example_mode_goto_global_cpp/share/example_mode_goto_global_cpp/hook/cmake_prefix_path.dsv'
[1.953s] INFO:colcon.colcon_core.shell:Creating environment hook '/root/ws_sensor_combined/install/example_mode_goto_global_cpp/share/example_mode_goto_global_cpp/hook/cmake_prefix_path.sh'
[1.954s] Level 1:colcon.colcon_core.environment:checking '/root/ws_sensor_combined/install/example_mode_goto_global_cpp/lib'
[1.954s] Level 1:colcon.colcon_core.environment:checking '/root/ws_sensor_combined/install/example_mode_goto_global_cpp/bin'
[1.954s] Level 1:colcon.colcon_core.environment:checking '/root/ws_sensor_combined/install/example_mode_goto_global_cpp/lib/pkgconfig/example_mode_goto_global_cpp.pc'
[1.954s] Level 1:colcon.colcon_core.environment:checking '/root/ws_sensor_combined/install/example_mode_goto_global_cpp/lib/python3.10/site-packages'
[1.955s] Level 1:colcon.colcon_core.environment:checking '/root/ws_sensor_combined/install/example_mode_goto_global_cpp/bin'
[1.955s] INFO:colcon.colcon_core.shell:Creating package script '/root/ws_sensor_combined/install/example_mode_goto_global_cpp/share/example_mode_goto_global_cpp/package.ps1'
[1.955s] INFO:colcon.colcon_core.shell:Creating package descriptor '/root/ws_sensor_combined/install/example_mode_goto_global_cpp/share/example_mode_goto_global_cpp/package.dsv'
[1.956s] INFO:colcon.colcon_core.shell:Creating package script '/root/ws_sensor_combined/install/example_mode_goto_global_cpp/share/example_mode_goto_global_cpp/package.sh'
[1.956s] INFO:colcon.colcon_core.shell:Creating package script '/root/ws_sensor_combined/install/example_mode_goto_global_cpp/share/example_mode_goto_global_cpp/package.bash'
[1.956s] INFO:colcon.colcon_core.shell:Creating package script '/root/ws_sensor_combined/install/example_mode_goto_global_cpp/share/example_mode_goto_global_cpp/package.zsh'
[1.956s] Level 1:colcon.colcon_core.environment:create_file_with_runtime_dependencies(/root/ws_sensor_combined/install/example_mode_goto_global_cpp/share/colcon-core/packages/example_mode_goto_global_cpp)
[1.957s] Level 1:colcon.colcon_core.environment:create_environment_scripts_only(example_mode_goto_global_cpp)
[1.957s] Level 1:colcon.colcon_core.environment:checking '/root/ws_sensor_combined/install/example_mode_goto_global_cpp' for CMake module files
[1.957s] Level 1:colcon.colcon_core.environment:checking '/root/ws_sensor_combined/install/example_mode_goto_global_cpp' for CMake config files
[1.957s] Level 1:colcon.colcon_core.shell:create_environment_hook('example_mode_goto_global_cpp', 'cmake_prefix_path')
[1.958s] INFO:colcon.colcon_core.shell:Creating environment hook '/root/ws_sensor_combined/install/example_mode_goto_global_cpp/share/example_mode_goto_global_cpp/hook/cmake_prefix_path.ps1'
[1.958s] INFO:colcon.colcon_core.shell:Creating environment descriptor '/root/ws_sensor_combined/install/example_mode_goto_global_cpp/share/example_mode_goto_global_cpp/hook/cmake_prefix_path.dsv'
[1.958s] INFO:colcon.colcon_core.shell:Creating environment hook '/root/ws_sensor_combined/install/example_mode_goto_global_cpp/share/example_mode_goto_global_cpp/hook/cmake_prefix_path.sh'
[1.959s] Level 1:colcon.colcon_core.environment:checking '/root/ws_sensor_combined/install/example_mode_goto_global_cpp/lib'
[1.959s] Level 1:colcon.colcon_core.environment:checking '/root/ws_sensor_combined/install/example_mode_goto_global_cpp/bin'
[1.959s] Level 1:colcon.colcon_core.environment:checking '/root/ws_sensor_combined/install/example_mode_goto_global_cpp/lib/pkgconfig/example_mode_goto_global_cpp.pc'
[1.960s] Level 1:colcon.colcon_core.environment:checking '/root/ws_sensor_combined/install/example_mode_goto_global_cpp/lib/python3.10/site-packages'
[1.960s] Level 1:colcon.colcon_core.environment:checking '/root/ws_sensor_combined/install/example_mode_goto_global_cpp/bin'
[1.960s] INFO:colcon.colcon_core.shell:Creating package script '/root/ws_sensor_combined/install/example_mode_goto_global_cpp/share/example_mode_goto_global_cpp/package.ps1'
[1.961s] INFO:colcon.colcon_core.shell:Creating package descriptor '/root/ws_sensor_combined/install/example_mode_goto_global_cpp/share/example_mode_goto_global_cpp/package.dsv'
[1.961s] INFO:colcon.colcon_core.shell:Creating package script '/root/ws_sensor_combined/install/example_mode_goto_global_cpp/share/example_mode_goto_global_cpp/package.sh'
[1.962s] INFO:colcon.colcon_core.shell:Creating package script '/root/ws_sensor_combined/install/example_mode_goto_global_cpp/share/example_mode_goto_global_cpp/package.bash'
[1.962s] INFO:colcon.colcon_core.shell:Creating package script '/root/ws_sensor_combined/install/example_mode_goto_global_cpp/share/example_mode_goto_global_cpp/package.zsh'
[1.963s] Level 1:colcon.colcon_core.environment:create_file_with_runtime_dependencies(/root/ws_sensor_combined/install/example_mode_goto_global_cpp/share/colcon-core/packages/example_mode_goto_global_cpp)
[1.963s] Level 1:colcon.colcon_core.environment:create_environment_scripts_only(example_mode_manual_cpp)
[1.963s] Level 1:colcon.colcon_core.environment:checking '/root/ws_sensor_combined/install/example_mode_manual_cpp' for CMake module files
[1.965s] Level 1:colcon.colcon_core.environment:checking '/root/ws_sensor_combined/install/example_mode_manual_cpp' for CMake config files
[1.965s] DEBUG:colcon.colcon_core.event_handler.log_command:Invoked command in '/root/ws_sensor_combined/build/example_mode_manual_cpp' returned '0': CMAKE_PREFIX_PATH=/root/ws_sensor_combined/install/px4_ros2_cpp:/root/ws_sensor_combined/install/px4_msgs:/root/ws_sensor_combined/install/px4_ros_com:/root/ws_sensor_combined/install/example_mode_with_executor_cpp:/root/ws_sensor_combined/install/example_mode_vtol_cpp:/root/ws_sensor_combined/install/example_mode_rtl_replacement_cpp:/root/ws_sensor_combined/install/example_mode_manual_cpp:/root/ws_sensor_combined/install/example_mode_goto_global_cpp:/root/ws_sensor_combined/install/example_mode_goto_cpp:/root/ws_sensor_combined/install/example_mode_fw_attitude_cpp:/root/ws_sensor_combined/install/example_local_navigation_cpp:/root/ws_sensor_combined/install/example_global_navigation_cpp:/root/ws_sensor_combined/install/example_executor_with_multiple_modes_cpp:/opt/ros/humble LD_LIBRARY_PATH=/root/ws_sensor_combined/install/px4_ros2_cpp/lib:/root/ws_sensor_combined/install/px4_msgs/lib:/root/ws_sensor_combined/install/px4_ros_com/lib:/opt/ros/humble/opt/rviz_ogre_vendor/lib:/opt/ros/humble/lib/x86_64-linux-gnu:/opt/ros/humble/lib /usr/bin/cmake --install /root/ws_sensor_combined/build/example_mode_manual_cpp
[1.965s] Level 1:colcon.colcon_core.shell:create_environment_hook('example_mode_manual_cpp', 'cmake_prefix_path')
[1.965s] INFO:colcon.colcon_core.shell:Creating environment hook '/root/ws_sensor_combined/install/example_mode_manual_cpp/share/example_mode_manual_cpp/hook/cmake_prefix_path.ps1'
[1.966s] INFO:colcon.colcon_core.shell:Creating environment descriptor '/root/ws_sensor_combined/install/example_mode_manual_cpp/share/example_mode_manual_cpp/hook/cmake_prefix_path.dsv'
[1.966s] INFO:colcon.colcon_core.shell:Creating environment hook '/root/ws_sensor_combined/install/example_mode_manual_cpp/share/example_mode_manual_cpp/hook/cmake_prefix_path.sh'
[1.967s] Level 1:colcon.colcon_core.environment:checking '/root/ws_sensor_combined/install/example_mode_manual_cpp/lib'
[1.967s] Level 1:colcon.colcon_core.environment:checking '/root/ws_sensor_combined/install/example_mode_manual_cpp/bin'
[1.967s] Level 1:colcon.colcon_core.environment:checking '/root/ws_sensor_combined/install/example_mode_manual_cpp/lib/pkgconfig/example_mode_manual_cpp.pc'
[1.967s] Level 1:colcon.colcon_core.environment:checking '/root/ws_sensor_combined/install/example_mode_manual_cpp/lib/python3.10/site-packages'
[1.967s] Level 1:colcon.colcon_core.environment:checking '/root/ws_sensor_combined/install/example_mode_manual_cpp/bin'
[1.967s] INFO:colcon.colcon_core.shell:Creating package script '/root/ws_sensor_combined/install/example_mode_manual_cpp/share/example_mode_manual_cpp/package.ps1'
[1.968s] INFO:colcon.colcon_core.shell:Creating package descriptor '/root/ws_sensor_combined/install/example_mode_manual_cpp/share/example_mode_manual_cpp/package.dsv'
[1.968s] INFO:colcon.colcon_core.shell:Creating package script '/root/ws_sensor_combined/install/example_mode_manual_cpp/share/example_mode_manual_cpp/package.sh'
[1.968s] INFO:colcon.colcon_core.shell:Creating package script '/root/ws_sensor_combined/install/example_mode_manual_cpp/share/example_mode_manual_cpp/package.bash'
[1.969s] INFO:colcon.colcon_core.shell:Creating package script '/root/ws_sensor_combined/install/example_mode_manual_cpp/share/example_mode_manual_cpp/package.zsh'
[1.969s] Level 1:colcon.colcon_core.environment:create_file_with_runtime_dependencies(/root/ws_sensor_combined/install/example_mode_manual_cpp/share/colcon-core/packages/example_mode_manual_cpp)
[1.969s] Level 1:colcon.colcon_core.environment:create_environment_scripts_only(example_mode_manual_cpp)
[1.969s] Level 1:colcon.colcon_core.environment:checking '/root/ws_sensor_combined/install/example_mode_manual_cpp' for CMake module files
[1.970s] Level 1:colcon.colcon_core.environment:checking '/root/ws_sensor_combined/install/example_mode_manual_cpp' for CMake config files
[1.970s] Level 1:colcon.colcon_core.shell:create_environment_hook('example_mode_manual_cpp', 'cmake_prefix_path')
[1.970s] INFO:colcon.colcon_core.shell:Creating environment hook '/root/ws_sensor_combined/install/example_mode_manual_cpp/share/example_mode_manual_cpp/hook/cmake_prefix_path.ps1'
[1.970s] INFO:colcon.colcon_core.shell:Creating environment descriptor '/root/ws_sensor_combined/install/example_mode_manual_cpp/share/example_mode_manual_cpp/hook/cmake_prefix_path.dsv'
[1.971s] INFO:colcon.colcon_core.shell:Creating environment hook '/root/ws_sensor_combined/install/example_mode_manual_cpp/share/example_mode_manual_cpp/hook/cmake_prefix_path.sh'
[1.971s] Level 1:colcon.colcon_core.environment:checking '/root/ws_sensor_combined/install/example_mode_manual_cpp/lib'
[1.971s] Level 1:colcon.colcon_core.environment:checking '/root/ws_sensor_combined/install/example_mode_manual_cpp/bin'
[1.971s] Level 1:colcon.colcon_core.environment:checking '/root/ws_sensor_combined/install/example_mode_manual_cpp/lib/pkgconfig/example_mode_manual_cpp.pc'
[1.971s] Level 1:colcon.colcon_core.environment:checking '/root/ws_sensor_combined/install/example_mode_manual_cpp/lib/python3.10/site-packages'
[1.971s] Level 1:colcon.colcon_core.environment:checking '/root/ws_sensor_combined/install/example_mode_manual_cpp/bin'
[1.972s] INFO:colcon.colcon_core.shell:Creating package script '/root/ws_sensor_combined/install/example_mode_manual_cpp/share/example_mode_manual_cpp/package.ps1'
[1.973s] INFO:colcon.colcon_core.shell:Creating package descriptor '/root/ws_sensor_combined/install/example_mode_manual_cpp/share/example_mode_manual_cpp/package.dsv'
[1.974s] INFO:colcon.colcon_core.shell:Creating package script '/root/ws_sensor_combined/install/example_mode_manual_cpp/share/example_mode_manual_cpp/package.sh'
[1.975s] INFO:colcon.colcon_core.shell:Creating package script '/root/ws_sensor_combined/install/example_mode_manual_cpp/share/example_mode_manual_cpp/package.bash'
[1.976s] INFO:colcon.colcon_core.shell:Creating package script '/root/ws_sensor_combined/install/example_mode_manual_cpp/share/example_mode_manual_cpp/package.zsh'
[1.976s] Level 1:colcon.colcon_core.environment:create_file_with_runtime_dependencies(/root/ws_sensor_combined/install/example_mode_manual_cpp/share/colcon-core/packages/example_mode_manual_cpp)
[1.977s] Level 1:colcon.colcon_core.environment:create_environment_scripts_only(example_mode_vtol_cpp)
[1.977s] Level 1:colcon.colcon_core.environment:checking '/root/ws_sensor_combined/install/example_mode_vtol_cpp' for CMake module files
[1.978s] Level 1:colcon.colcon_core.environment:checking '/root/ws_sensor_combined/install/example_mode_vtol_cpp' for CMake config files
[1.978s] DEBUG:colcon.colcon_core.event_handler.log_command:Invoked command in '/root/ws_sensor_combined/build/example_mode_vtol_cpp' returned '0': CMAKE_PREFIX_PATH=/root/ws_sensor_combined/install/px4_ros2_cpp:/root/ws_sensor_combined/install/px4_msgs:/root/ws_sensor_combined/install/px4_ros_com:/root/ws_sensor_combined/install/example_mode_with_executor_cpp:/root/ws_sensor_combined/install/example_mode_vtol_cpp:/root/ws_sensor_combined/install/example_mode_rtl_replacement_cpp:/root/ws_sensor_combined/install/example_mode_manual_cpp:/root/ws_sensor_combined/install/example_mode_goto_global_cpp:/root/ws_sensor_combined/install/example_mode_goto_cpp:/root/ws_sensor_combined/install/example_mode_fw_attitude_cpp:/root/ws_sensor_combined/install/example_local_navigation_cpp:/root/ws_sensor_combined/install/example_global_navigation_cpp:/root/ws_sensor_combined/install/example_executor_with_multiple_modes_cpp:/opt/ros/humble LD_LIBRARY_PATH=/root/ws_sensor_combined/install/px4_ros2_cpp/lib:/root/ws_sensor_combined/install/px4_msgs/lib:/root/ws_sensor_combined/install/px4_ros_com/lib:/opt/ros/humble/opt/rviz_ogre_vendor/lib:/opt/ros/humble/lib/x86_64-linux-gnu:/opt/ros/humble/lib /usr/bin/cmake --install /root/ws_sensor_combined/build/example_mode_vtol_cpp
[1.979s] Level 1:colcon.colcon_core.shell:create_environment_hook('example_mode_vtol_cpp', 'cmake_prefix_path')
[1.979s] INFO:colcon.colcon_core.shell:Creating environment hook '/root/ws_sensor_combined/install/example_mode_vtol_cpp/share/example_mode_vtol_cpp/hook/cmake_prefix_path.ps1'
[1.979s] INFO:colcon.colcon_core.shell:Creating environment descriptor '/root/ws_sensor_combined/install/example_mode_vtol_cpp/share/example_mode_vtol_cpp/hook/cmake_prefix_path.dsv'
[1.980s] INFO:colcon.colcon_core.shell:Creating environment hook '/root/ws_sensor_combined/install/example_mode_vtol_cpp/share/example_mode_vtol_cpp/hook/cmake_prefix_path.sh'
[1.980s] Level 1:colcon.colcon_core.environment:checking '/root/ws_sensor_combined/install/example_mode_vtol_cpp/lib'
[1.980s] Level 1:colcon.colcon_core.environment:checking '/root/ws_sensor_combined/install/example_mode_vtol_cpp/bin'
[1.980s] Level 1:colcon.colcon_core.environment:checking '/root/ws_sensor_combined/install/example_mode_vtol_cpp/lib/pkgconfig/example_mode_vtol_cpp.pc'
[1.980s] Level 1:colcon.colcon_core.environment:checking '/root/ws_sensor_combined/install/example_mode_vtol_cpp/lib/python3.10/site-packages'
[1.980s] Level 1:colcon.colcon_core.environment:checking '/root/ws_sensor_combined/install/example_mode_vtol_cpp/bin'
[1.981s] INFO:colcon.colcon_core.shell:Creating package script '/root/ws_sensor_combined/install/example_mode_vtol_cpp/share/example_mode_vtol_cpp/package.ps1'
[1.981s] INFO:colcon.colcon_core.shell:Creating package descriptor '/root/ws_sensor_combined/install/example_mode_vtol_cpp/share/example_mode_vtol_cpp/package.dsv'
[1.981s] INFO:colcon.colcon_core.shell:Creating package script '/root/ws_sensor_combined/install/example_mode_vtol_cpp/share/example_mode_vtol_cpp/package.sh'
[1.982s] INFO:colcon.colcon_core.shell:Creating package script '/root/ws_sensor_combined/install/example_mode_vtol_cpp/share/example_mode_vtol_cpp/package.bash'
[1.982s] INFO:colcon.colcon_core.shell:Creating package script '/root/ws_sensor_combined/install/example_mode_vtol_cpp/share/example_mode_vtol_cpp/package.zsh'
[1.982s] Level 1:colcon.colcon_core.environment:create_file_with_runtime_dependencies(/root/ws_sensor_combined/install/example_mode_vtol_cpp/share/colcon-core/packages/example_mode_vtol_cpp)
[1.982s] Level 1:colcon.colcon_core.environment:create_environment_scripts_only(example_mode_vtol_cpp)
[1.983s] Level 1:colcon.colcon_core.environment:checking '/root/ws_sensor_combined/install/example_mode_vtol_cpp' for CMake module files
[1.983s] Level 1:colcon.colcon_core.environment:checking '/root/ws_sensor_combined/install/example_mode_vtol_cpp' for CMake config files
[1.983s] Level 1:colcon.colcon_core.shell:create_environment_hook('example_mode_vtol_cpp', 'cmake_prefix_path')
[1.983s] INFO:colcon.colcon_core.shell:Creating environment hook '/root/ws_sensor_combined/install/example_mode_vtol_cpp/share/example_mode_vtol_cpp/hook/cmake_prefix_path.ps1'
[1.984s] INFO:colcon.colcon_core.shell:Creating environment descriptor '/root/ws_sensor_combined/install/example_mode_vtol_cpp/share/example_mode_vtol_cpp/hook/cmake_prefix_path.dsv'
[1.984s] INFO:colcon.colcon_core.shell:Creating environment hook '/root/ws_sensor_combined/install/example_mode_vtol_cpp/share/example_mode_vtol_cpp/hook/cmake_prefix_path.sh'
[1.984s] Level 1:colcon.colcon_core.environment:checking '/root/ws_sensor_combined/install/example_mode_vtol_cpp/lib'
[1.985s] Level 1:colcon.colcon_core.environment:checking '/root/ws_sensor_combined/install/example_mode_vtol_cpp/bin'
[1.985s] Level 1:colcon.colcon_core.environment:checking '/root/ws_sensor_combined/install/example_mode_vtol_cpp/lib/pkgconfig/example_mode_vtol_cpp.pc'
[1.985s] Level 1:colcon.colcon_core.environment:checking '/root/ws_sensor_combined/install/example_mode_vtol_cpp/lib/python3.10/site-packages'
[1.985s] Level 1:colcon.colcon_core.environment:checking '/root/ws_sensor_combined/install/example_mode_vtol_cpp/bin'
[1.985s] INFO:colcon.colcon_core.shell:Creating package script '/root/ws_sensor_combined/install/example_mode_vtol_cpp/share/example_mode_vtol_cpp/package.ps1'
[1.986s] INFO:colcon.colcon_core.shell:Creating package descriptor '/root/ws_sensor_combined/install/example_mode_vtol_cpp/share/example_mode_vtol_cpp/package.dsv'
[1.986s] INFO:colcon.colcon_core.shell:Creating package script '/root/ws_sensor_combined/install/example_mode_vtol_cpp/share/example_mode_vtol_cpp/package.sh'
[1.986s] INFO:colcon.colcon_core.shell:Creating package script '/root/ws_sensor_combined/install/example_mode_vtol_cpp/share/example_mode_vtol_cpp/package.bash'
[1.987s] INFO:colcon.colcon_core.shell:Creating package script '/root/ws_sensor_combined/install/example_mode_vtol_cpp/share/example_mode_vtol_cpp/package.zsh'
[1.987s] Level 1:colcon.colcon_core.environment:create_file_with_runtime_dependencies(/root/ws_sensor_combined/install/example_mode_vtol_cpp/share/colcon-core/packages/example_mode_vtol_cpp)
[1.987s] Level 1:colcon.colcon_core.environment:create_environment_scripts_only(example_mode_rtl_replacement_cpp)
[1.988s] Level 1:colcon.colcon_core.environment:checking '/root/ws_sensor_combined/install/example_mode_rtl_replacement_cpp' for CMake module files
[1.989s] DEBUG:colcon.colcon_core.event_handler.log_command:Invoked command in '/root/ws_sensor_combined/build/example_mode_rtl_replacement_cpp' returned '0': CMAKE_PREFIX_PATH=/root/ws_sensor_combined/install/px4_ros2_cpp:/root/ws_sensor_combined/install/px4_msgs:/root/ws_sensor_combined/install/px4_ros_com:/root/ws_sensor_combined/install/example_mode_with_executor_cpp:/root/ws_sensor_combined/install/example_mode_vtol_cpp:/root/ws_sensor_combined/install/example_mode_rtl_replacement_cpp:/root/ws_sensor_combined/install/example_mode_manual_cpp:/root/ws_sensor_combined/install/example_mode_goto_global_cpp:/root/ws_sensor_combined/install/example_mode_goto_cpp:/root/ws_sensor_combined/install/example_mode_fw_attitude_cpp:/root/ws_sensor_combined/install/example_local_navigation_cpp:/root/ws_sensor_combined/install/example_global_navigation_cpp:/root/ws_sensor_combined/install/example_executor_with_multiple_modes_cpp:/opt/ros/humble LD_LIBRARY_PATH=/root/ws_sensor_combined/install/px4_ros2_cpp/lib:/root/ws_sensor_combined/install/px4_msgs/lib:/root/ws_sensor_combined/install/px4_ros_com/lib:/opt/ros/humble/opt/rviz_ogre_vendor/lib:/opt/ros/humble/lib/x86_64-linux-gnu:/opt/ros/humble/lib /usr/bin/cmake --install /root/ws_sensor_combined/build/example_mode_rtl_replacement_cpp
[1.989s] Level 1:colcon.colcon_core.environment:checking '/root/ws_sensor_combined/install/example_mode_rtl_replacement_cpp' for CMake config files
[1.989s] Level 1:colcon.colcon_core.shell:create_environment_hook('example_mode_rtl_replacement_cpp', 'cmake_prefix_path')
[1.990s] INFO:colcon.colcon_core.shell:Creating environment hook '/root/ws_sensor_combined/install/example_mode_rtl_replacement_cpp/share/example_mode_rtl_replacement_cpp/hook/cmake_prefix_path.ps1'
[1.990s] INFO:colcon.colcon_core.shell:Creating environment descriptor '/root/ws_sensor_combined/install/example_mode_rtl_replacement_cpp/share/example_mode_rtl_replacement_cpp/hook/cmake_prefix_path.dsv'
[1.990s] INFO:colcon.colcon_core.shell:Creating environment hook '/root/ws_sensor_combined/install/example_mode_rtl_replacement_cpp/share/example_mode_rtl_replacement_cpp/hook/cmake_prefix_path.sh'
[1.991s] Level 1:colcon.colcon_core.environment:checking '/root/ws_sensor_combined/install/example_mode_rtl_replacement_cpp/lib'
[1.991s] Level 1:colcon.colcon_core.environment:checking '/root/ws_sensor_combined/install/example_mode_rtl_replacement_cpp/bin'
[1.991s] Level 1:colcon.colcon_core.environment:checking '/root/ws_sensor_combined/install/example_mode_rtl_replacement_cpp/lib/pkgconfig/example_mode_rtl_replacement_cpp.pc'
[1.991s] Level 1:colcon.colcon_core.environment:checking '/root/ws_sensor_combined/install/example_mode_rtl_replacement_cpp/lib/python3.10/site-packages'
[1.991s] Level 1:colcon.colcon_core.environment:checking '/root/ws_sensor_combined/install/example_mode_rtl_replacement_cpp/bin'
[1.991s] INFO:colcon.colcon_core.shell:Creating package script '/root/ws_sensor_combined/install/example_mode_rtl_replacement_cpp/share/example_mode_rtl_replacement_cpp/package.ps1'
[1.992s] INFO:colcon.colcon_core.shell:Creating package descriptor '/root/ws_sensor_combined/install/example_mode_rtl_replacement_cpp/share/example_mode_rtl_replacement_cpp/package.dsv'
[1.992s] INFO:colcon.colcon_core.shell:Creating package script '/root/ws_sensor_combined/install/example_mode_rtl_replacement_cpp/share/example_mode_rtl_replacement_cpp/package.sh'
[1.992s] INFO:colcon.colcon_core.shell:Creating package script '/root/ws_sensor_combined/install/example_mode_rtl_replacement_cpp/share/example_mode_rtl_replacement_cpp/package.bash'
[1.993s] INFO:colcon.colcon_core.shell:Creating package script '/root/ws_sensor_combined/install/example_mode_rtl_replacement_cpp/share/example_mode_rtl_replacement_cpp/package.zsh'
[1.993s] Level 1:colcon.colcon_core.environment:create_file_with_runtime_dependencies(/root/ws_sensor_combined/install/example_mode_rtl_replacement_cpp/share/colcon-core/packages/example_mode_rtl_replacement_cpp)
[1.994s] Level 1:colcon.colcon_core.environment:create_environment_scripts_only(example_mode_rtl_replacement_cpp)
[1.994s] Level 1:colcon.colcon_core.environment:checking '/root/ws_sensor_combined/install/example_mode_rtl_replacement_cpp' for CMake module files
[1.995s] Level 1:colcon.colcon_core.environment:checking '/root/ws_sensor_combined/install/example_mode_rtl_replacement_cpp' for CMake config files
[1.995s] Level 1:colcon.colcon_core.shell:create_environment_hook('example_mode_rtl_replacement_cpp', 'cmake_prefix_path')
[1.995s] INFO:colcon.colcon_core.shell:Creating environment hook '/root/ws_sensor_combined/install/example_mode_rtl_replacement_cpp/share/example_mode_rtl_replacement_cpp/hook/cmake_prefix_path.ps1'
[1.995s] INFO:colcon.colcon_core.shell:Creating environment descriptor '/root/ws_sensor_combined/install/example_mode_rtl_replacement_cpp/share/example_mode_rtl_replacement_cpp/hook/cmake_prefix_path.dsv'
[1.996s] INFO:colcon.colcon_core.shell:Creating environment hook '/root/ws_sensor_combined/install/example_mode_rtl_replacement_cpp/share/example_mode_rtl_replacement_cpp/hook/cmake_prefix_path.sh'
[1.996s] Level 1:colcon.colcon_core.environment:checking '/root/ws_sensor_combined/install/example_mode_rtl_replacement_cpp/lib'
[1.996s] Level 1:colcon.colcon_core.environment:checking '/root/ws_sensor_combined/install/example_mode_rtl_replacement_cpp/bin'
[1.996s] Level 1:colcon.colcon_core.environment:checking '/root/ws_sensor_combined/install/example_mode_rtl_replacement_cpp/lib/pkgconfig/example_mode_rtl_replacement_cpp.pc'
[1.996s] Level 1:colcon.colcon_core.environment:checking '/root/ws_sensor_combined/install/example_mode_rtl_replacement_cpp/lib/python3.10/site-packages'
[1.997s] Level 1:colcon.colcon_core.environment:checking '/root/ws_sensor_combined/install/example_mode_rtl_replacement_cpp/bin'
[1.997s] INFO:colcon.colcon_core.shell:Creating package script '/root/ws_sensor_combined/install/example_mode_rtl_replacement_cpp/share/example_mode_rtl_replacement_cpp/package.ps1'
[1.997s] INFO:colcon.colcon_core.shell:Creating package descriptor '/root/ws_sensor_combined/install/example_mode_rtl_replacement_cpp/share/example_mode_rtl_replacement_cpp/package.dsv'
[1.998s] INFO:colcon.colcon_core.shell:Creating package script '/root/ws_sensor_combined/install/example_mode_rtl_replacement_cpp/share/example_mode_rtl_replacement_cpp/package.sh'
[1.998s] INFO:colcon.colcon_core.shell:Creating package script '/root/ws_sensor_combined/install/example_mode_rtl_replacement_cpp/share/example_mode_rtl_replacement_cpp/package.bash'
[1.998s] INFO:colcon.colcon_core.shell:Creating package script '/root/ws_sensor_combined/install/example_mode_rtl_replacement_cpp/share/example_mode_rtl_replacement_cpp/package.zsh'
[1.999s] Level 1:colcon.colcon_core.environment:create_file_with_runtime_dependencies(/root/ws_sensor_combined/install/example_mode_rtl_replacement_cpp/share/colcon-core/packages/example_mode_rtl_replacement_cpp)
[2.000s] Level 1:colcon.colcon_core.environment:create_environment_scripts_only(example_mode_with_executor_cpp)
[2.000s] Level 1:colcon.colcon_core.environment:checking '/root/ws_sensor_combined/install/example_mode_with_executor_cpp' for CMake module files
[2.001s] DEBUG:colcon.colcon_core.event_handler.log_command:Invoked command in '/root/ws_sensor_combined/build/example_mode_with_executor_cpp' returned '0': CMAKE_PREFIX_PATH=/root/ws_sensor_combined/install/px4_ros2_cpp:/root/ws_sensor_combined/install/px4_msgs:/root/ws_sensor_combined/install/px4_ros_com:/root/ws_sensor_combined/install/example_mode_with_executor_cpp:/root/ws_sensor_combined/install/example_mode_vtol_cpp:/root/ws_sensor_combined/install/example_mode_rtl_replacement_cpp:/root/ws_sensor_combined/install/example_mode_manual_cpp:/root/ws_sensor_combined/install/example_mode_goto_global_cpp:/root/ws_sensor_combined/install/example_mode_goto_cpp:/root/ws_sensor_combined/install/example_mode_fw_attitude_cpp:/root/ws_sensor_combined/install/example_local_navigation_cpp:/root/ws_sensor_combined/install/example_global_navigation_cpp:/root/ws_sensor_combined/install/example_executor_with_multiple_modes_cpp:/opt/ros/humble LD_LIBRARY_PATH=/root/ws_sensor_combined/install/px4_ros2_cpp/lib:/root/ws_sensor_combined/install/px4_msgs/lib:/root/ws_sensor_combined/install/px4_ros_com/lib:/opt/ros/humble/opt/rviz_ogre_vendor/lib:/opt/ros/humble/lib/x86_64-linux-gnu:/opt/ros/humble/lib /usr/bin/cmake --install /root/ws_sensor_combined/build/example_mode_with_executor_cpp
[2.002s] Level 1:colcon.colcon_core.environment:checking '/root/ws_sensor_combined/install/example_mode_with_executor_cpp' for CMake config files
[2.002s] Level 1:colcon.colcon_core.shell:create_environment_hook('example_mode_with_executor_cpp', 'cmake_prefix_path')
[2.002s] INFO:colcon.colcon_core.shell:Creating environment hook '/root/ws_sensor_combined/install/example_mode_with_executor_cpp/share/example_mode_with_executor_cpp/hook/cmake_prefix_path.ps1'
[2.002s] INFO:colcon.colcon_core.shell:Creating environment descriptor '/root/ws_sensor_combined/install/example_mode_with_executor_cpp/share/example_mode_with_executor_cpp/hook/cmake_prefix_path.dsv'
[2.002s] INFO:colcon.colcon_core.shell:Creating environment hook '/root/ws_sensor_combined/install/example_mode_with_executor_cpp/share/example_mode_with_executor_cpp/hook/cmake_prefix_path.sh'
[2.003s] Level 1:colcon.colcon_core.environment:checking '/root/ws_sensor_combined/install/example_mode_with_executor_cpp/lib'
[2.003s] Level 1:colcon.colcon_core.environment:checking '/root/ws_sensor_combined/install/example_mode_with_executor_cpp/bin'
[2.003s] Level 1:colcon.colcon_core.environment:checking '/root/ws_sensor_combined/install/example_mode_with_executor_cpp/lib/pkgconfig/example_mode_with_executor_cpp.pc'
[2.003s] Level 1:colcon.colcon_core.environment:checking '/root/ws_sensor_combined/install/example_mode_with_executor_cpp/lib/python3.10/site-packages'
[2.003s] Level 1:colcon.colcon_core.environment:checking '/root/ws_sensor_combined/install/example_mode_with_executor_cpp/bin'
[2.003s] INFO:colcon.colcon_core.shell:Creating package script '/root/ws_sensor_combined/install/example_mode_with_executor_cpp/share/example_mode_with_executor_cpp/package.ps1'
[2.004s] INFO:colcon.colcon_core.shell:Creating package descriptor '/root/ws_sensor_combined/install/example_mode_with_executor_cpp/share/example_mode_with_executor_cpp/package.dsv'
[2.004s] INFO:colcon.colcon_core.shell:Creating package script '/root/ws_sensor_combined/install/example_mode_with_executor_cpp/share/example_mode_with_executor_cpp/package.sh'
[2.005s] INFO:colcon.colcon_core.shell:Creating package script '/root/ws_sensor_combined/install/example_mode_with_executor_cpp/share/example_mode_with_executor_cpp/package.bash'
[2.005s] INFO:colcon.colcon_core.shell:Creating package script '/root/ws_sensor_combined/install/example_mode_with_executor_cpp/share/example_mode_with_executor_cpp/package.zsh'
[2.005s] Level 1:colcon.colcon_core.environment:create_file_with_runtime_dependencies(/root/ws_sensor_combined/install/example_mode_with_executor_cpp/share/colcon-core/packages/example_mode_with_executor_cpp)
[2.005s] Level 1:colcon.colcon_core.environment:create_environment_scripts_only(example_mode_with_executor_cpp)
[2.006s] Level 1:colcon.colcon_core.environment:checking '/root/ws_sensor_combined/install/example_mode_with_executor_cpp' for CMake module files
[2.006s] Level 1:colcon.colcon_core.environment:checking '/root/ws_sensor_combined/install/example_mode_with_executor_cpp' for CMake config files
[2.006s] Level 1:colcon.colcon_core.shell:create_environment_hook('example_mode_with_executor_cpp', 'cmake_prefix_path')
[2.006s] INFO:colcon.colcon_core.shell:Creating environment hook '/root/ws_sensor_combined/install/example_mode_with_executor_cpp/share/example_mode_with_executor_cpp/hook/cmake_prefix_path.ps1'
[2.006s] INFO:colcon.colcon_core.shell:Creating environment descriptor '/root/ws_sensor_combined/install/example_mode_with_executor_cpp/share/example_mode_with_executor_cpp/hook/cmake_prefix_path.dsv'
[2.007s] INFO:colcon.colcon_core.shell:Creating environment hook '/root/ws_sensor_combined/install/example_mode_with_executor_cpp/share/example_mode_with_executor_cpp/hook/cmake_prefix_path.sh'
[2.007s] Level 1:colcon.colcon_core.environment:checking '/root/ws_sensor_combined/install/example_mode_with_executor_cpp/lib'
[2.007s] Level 1:colcon.colcon_core.environment:checking '/root/ws_sensor_combined/install/example_mode_with_executor_cpp/bin'
[2.007s] Level 1:colcon.colcon_core.environment:checking '/root/ws_sensor_combined/install/example_mode_with_executor_cpp/lib/pkgconfig/example_mode_with_executor_cpp.pc'
[2.007s] Level 1:colcon.colcon_core.environment:checking '/root/ws_sensor_combined/install/example_mode_with_executor_cpp/lib/python3.10/site-packages'
[2.008s] Level 1:colcon.colcon_core.environment:checking '/root/ws_sensor_combined/install/example_mode_with_executor_cpp/bin'
[2.008s] INFO:colcon.colcon_core.shell:Creating package script '/root/ws_sensor_combined/install/example_mode_with_executor_cpp/share/example_mode_with_executor_cpp/package.ps1'
[2.008s] INFO:colcon.colcon_core.shell:Creating package descriptor '/root/ws_sensor_combined/install/example_mode_with_executor_cpp/share/example_mode_with_executor_cpp/package.dsv'
[2.009s] INFO:colcon.colcon_core.shell:Creating package script '/root/ws_sensor_combined/install/example_mode_with_executor_cpp/share/example_mode_with_executor_cpp/package.sh'
[2.009s] INFO:colcon.colcon_core.shell:Creating package script '/root/ws_sensor_combined/install/example_mode_with_executor_cpp/share/example_mode_with_executor_cpp/package.bash'
[2.009s] INFO:colcon.colcon_core.shell:Creating package script '/root/ws_sensor_combined/install/example_mode_with_executor_cpp/share/example_mode_with_executor_cpp/package.zsh'
[2.010s] Level 1:colcon.colcon_core.environment:create_file_with_runtime_dependencies(/root/ws_sensor_combined/install/example_mode_with_executor_cpp/share/colcon-core/packages/example_mode_with_executor_cpp)
[5.745s] DEBUG:colcon.colcon_core.event_handler.log_command:Invoked command in '/root/ws_sensor_combined/build/px4_ros_com' returned '0': CMAKE_PREFIX_PATH=/root/ws_sensor_combined/install/px4_msgs:/root/ws_sensor_combined/install/px4_ros_com:/root/ws_sensor_combined/install/example_mode_with_executor_cpp:/root/ws_sensor_combined/install/example_mode_vtol_cpp:/root/ws_sensor_combined/install/example_mode_rtl_replacement_cpp:/root/ws_sensor_combined/install/example_mode_manual_cpp:/root/ws_sensor_combined/install/example_mode_goto_global_cpp:/root/ws_sensor_combined/install/example_mode_goto_cpp:/root/ws_sensor_combined/install/example_mode_fw_attitude_cpp:/root/ws_sensor_combined/install/example_local_navigation_cpp:/root/ws_sensor_combined/install/example_global_navigation_cpp:/root/ws_sensor_combined/install/example_executor_with_multiple_modes_cpp:/root/ws_sensor_combined/install/px4_ros2_cpp:/opt/ros/humble LD_LIBRARY_PATH=/root/ws_sensor_combined/install/px4_msgs/lib:/root/ws_sensor_combined/install/px4_ros_com/lib:/root/ws_sensor_combined/install/px4_ros2_cpp/lib:/opt/ros/humble/opt/rviz_ogre_vendor/lib:/opt/ros/humble/lib/x86_64-linux-gnu:/opt/ros/humble/lib /usr/bin/cmake --build /root/ws_sensor_combined/build/px4_ros_com -- -j20 -l20
[5.746s] DEBUG:colcon.colcon_core.event_handler.log_command:Invoking command in '/root/ws_sensor_combined/build/px4_ros_com': CMAKE_PREFIX_PATH=/root/ws_sensor_combined/install/px4_msgs:/root/ws_sensor_combined/install/px4_ros_com:/root/ws_sensor_combined/install/example_mode_with_executor_cpp:/root/ws_sensor_combined/install/example_mode_vtol_cpp:/root/ws_sensor_combined/install/example_mode_rtl_replacement_cpp:/root/ws_sensor_combined/install/example_mode_manual_cpp:/root/ws_sensor_combined/install/example_mode_goto_global_cpp:/root/ws_sensor_combined/install/example_mode_goto_cpp:/root/ws_sensor_combined/install/example_mode_fw_attitude_cpp:/root/ws_sensor_combined/install/example_local_navigation_cpp:/root/ws_sensor_combined/install/example_global_navigation_cpp:/root/ws_sensor_combined/install/example_executor_with_multiple_modes_cpp:/root/ws_sensor_combined/install/px4_ros2_cpp:/opt/ros/humble LD_LIBRARY_PATH=/root/ws_sensor_combined/install/px4_msgs/lib:/root/ws_sensor_combined/install/px4_ros_com/lib:/root/ws_sensor_combined/install/px4_ros2_cpp/lib:/opt/ros/humble/opt/rviz_ogre_vendor/lib:/opt/ros/humble/lib/x86_64-linux-gnu:/opt/ros/humble/lib /usr/bin/cmake --install /root/ws_sensor_combined/build/px4_ros_com
[5.784s] Level 1:colcon.colcon_core.environment:create_environment_scripts_only(px4_ros_com)
[5.785s] Level 1:colcon.colcon_core.environment:checking '/root/ws_sensor_combined/install/px4_ros_com' for CMake module files
[5.785s] DEBUG:colcon.colcon_core.event_handler.log_command:Invoked command in '/root/ws_sensor_combined/build/px4_ros_com' returned '0': CMAKE_PREFIX_PATH=/root/ws_sensor_combined/install/px4_msgs:/root/ws_sensor_combined/install/px4_ros_com:/root/ws_sensor_combined/install/example_mode_with_executor_cpp:/root/ws_sensor_combined/install/example_mode_vtol_cpp:/root/ws_sensor_combined/install/example_mode_rtl_replacement_cpp:/root/ws_sensor_combined/install/example_mode_manual_cpp:/root/ws_sensor_combined/install/example_mode_goto_global_cpp:/root/ws_sensor_combined/install/example_mode_goto_cpp:/root/ws_sensor_combined/install/example_mode_fw_attitude_cpp:/root/ws_sensor_combined/install/example_local_navigation_cpp:/root/ws_sensor_combined/install/example_global_navigation_cpp:/root/ws_sensor_combined/install/example_executor_with_multiple_modes_cpp:/root/ws_sensor_combined/install/px4_ros2_cpp:/opt/ros/humble LD_LIBRARY_PATH=/root/ws_sensor_combined/install/px4_msgs/lib:/root/ws_sensor_combined/install/px4_ros_com/lib:/root/ws_sensor_combined/install/px4_ros2_cpp/lib:/opt/ros/humble/opt/rviz_ogre_vendor/lib:/opt/ros/humble/lib/x86_64-linux-gnu:/opt/ros/humble/lib /usr/bin/cmake --install /root/ws_sensor_combined/build/px4_ros_com
[5.785s] Level 1:colcon.colcon_core.environment:checking '/root/ws_sensor_combined/install/px4_ros_com' for CMake config files
[5.786s] Level 1:colcon.colcon_core.shell:create_environment_hook('px4_ros_com', 'cmake_prefix_path')
[5.786s] INFO:colcon.colcon_core.shell:Creating environment hook '/root/ws_sensor_combined/install/px4_ros_com/share/px4_ros_com/hook/cmake_prefix_path.ps1'
[5.786s] INFO:colcon.colcon_core.shell:Creating environment descriptor '/root/ws_sensor_combined/install/px4_ros_com/share/px4_ros_com/hook/cmake_prefix_path.dsv'
[5.786s] INFO:colcon.colcon_core.shell:Creating environment hook '/root/ws_sensor_combined/install/px4_ros_com/share/px4_ros_com/hook/cmake_prefix_path.sh'
[5.787s] Level 1:colcon.colcon_core.environment:checking '/root/ws_sensor_combined/install/px4_ros_com/lib'
[5.787s] Level 1:colcon.colcon_core.shell:create_environment_hook('px4_ros_com', 'ld_library_path_lib')
[5.787s] INFO:colcon.colcon_core.shell:Creating environment hook '/root/ws_sensor_combined/install/px4_ros_com/share/px4_ros_com/hook/ld_library_path_lib.ps1'
[5.787s] INFO:colcon.colcon_core.shell:Creating environment descriptor '/root/ws_sensor_combined/install/px4_ros_com/share/px4_ros_com/hook/ld_library_path_lib.dsv'
[5.787s] INFO:colcon.colcon_core.shell:Creating environment hook '/root/ws_sensor_combined/install/px4_ros_com/share/px4_ros_com/hook/ld_library_path_lib.sh'
[5.788s] Level 1:colcon.colcon_core.environment:checking '/root/ws_sensor_combined/install/px4_ros_com/bin'
[5.788s] Level 1:colcon.colcon_core.environment:checking '/root/ws_sensor_combined/install/px4_ros_com/lib/pkgconfig/px4_ros_com.pc'
[5.788s] Level 1:colcon.colcon_core.environment:checking '/root/ws_sensor_combined/install/px4_ros_com/lib/python3.10/site-packages'
[5.788s] Level 1:colcon.colcon_core.environment:checking '/root/ws_sensor_combined/install/px4_ros_com/bin'
[5.788s] INFO:colcon.colcon_core.shell:Creating package script '/root/ws_sensor_combined/install/px4_ros_com/share/px4_ros_com/package.ps1'
[5.789s] INFO:colcon.colcon_core.shell:Creating package descriptor '/root/ws_sensor_combined/install/px4_ros_com/share/px4_ros_com/package.dsv'
[5.789s] INFO:colcon.colcon_core.shell:Creating package script '/root/ws_sensor_combined/install/px4_ros_com/share/px4_ros_com/package.sh'
[5.789s] INFO:colcon.colcon_core.shell:Creating package script '/root/ws_sensor_combined/install/px4_ros_com/share/px4_ros_com/package.bash'
[5.789s] INFO:colcon.colcon_core.shell:Creating package script '/root/ws_sensor_combined/install/px4_ros_com/share/px4_ros_com/package.zsh'
[5.789s] Level 1:colcon.colcon_core.environment:create_file_with_runtime_dependencies(/root/ws_sensor_combined/install/px4_ros_com/share/colcon-core/packages/px4_ros_com)
[5.790s] Level 1:colcon.colcon_core.environment:create_environment_scripts_only(px4_ros_com)
[5.790s] Level 1:colcon.colcon_core.environment:checking '/root/ws_sensor_combined/install/px4_ros_com' for CMake module files
[5.790s] Level 1:colcon.colcon_core.environment:checking '/root/ws_sensor_combined/install/px4_ros_com' for CMake config files
[5.791s] Level 1:colcon.colcon_core.shell:create_environment_hook('px4_ros_com', 'cmake_prefix_path')
[5.791s] INFO:colcon.colcon_core.shell:Creating environment hook '/root/ws_sensor_combined/install/px4_ros_com/share/px4_ros_com/hook/cmake_prefix_path.ps1'
[5.791s] INFO:colcon.colcon_core.shell:Creating environment descriptor '/root/ws_sensor_combined/install/px4_ros_com/share/px4_ros_com/hook/cmake_prefix_path.dsv'
[5.791s] INFO:colcon.colcon_core.shell:Creating environment hook '/root/ws_sensor_combined/install/px4_ros_com/share/px4_ros_com/hook/cmake_prefix_path.sh'
[5.792s] Level 1:colcon.colcon_core.environment:checking '/root/ws_sensor_combined/install/px4_ros_com/lib'
[5.792s] Level 1:colcon.colcon_core.shell:create_environment_hook('px4_ros_com', 'ld_library_path_lib')
[5.792s] INFO:colcon.colcon_core.shell:Creating environment hook '/root/ws_sensor_combined/install/px4_ros_com/share/px4_ros_com/hook/ld_library_path_lib.ps1'
[5.792s] INFO:colcon.colcon_core.shell:Creating environment descriptor '/root/ws_sensor_combined/install/px4_ros_com/share/px4_ros_com/hook/ld_library_path_lib.dsv'
[5.793s] INFO:colcon.colcon_core.shell:Creating environment hook '/root/ws_sensor_combined/install/px4_ros_com/share/px4_ros_com/hook/ld_library_path_lib.sh'
[5.793s] Level 1:colcon.colcon_core.environment:checking '/root/ws_sensor_combined/install/px4_ros_com/bin'
[5.793s] Level 1:colcon.colcon_core.environment:checking '/root/ws_sensor_combined/install/px4_ros_com/lib/pkgconfig/px4_ros_com.pc'
[5.793s] Level 1:colcon.colcon_core.environment:checking '/root/ws_sensor_combined/install/px4_ros_com/lib/python3.10/site-packages'
[5.793s] Level 1:colcon.colcon_core.environment:checking '/root/ws_sensor_combined/install/px4_ros_com/bin'
[5.793s] INFO:colcon.colcon_core.shell:Creating package script '/root/ws_sensor_combined/install/px4_ros_com/share/px4_ros_com/package.ps1'
[5.794s] INFO:colcon.colcon_core.shell:Creating package descriptor '/root/ws_sensor_combined/install/px4_ros_com/share/px4_ros_com/package.dsv'
[5.794s] INFO:colcon.colcon_core.shell:Creating package script '/root/ws_sensor_combined/install/px4_ros_com/share/px4_ros_com/package.sh'
[5.794s] INFO:colcon.colcon_core.shell:Creating package script '/root/ws_sensor_combined/install/px4_ros_com/share/px4_ros_com/package.bash'
[5.794s] INFO:colcon.colcon_core.shell:Creating package script '/root/ws_sensor_combined/install/px4_ros_com/share/px4_ros_com/package.zsh'
[5.795s] Level 1:colcon.colcon_core.environment:create_file_with_runtime_dependencies(/root/ws_sensor_combined/install/px4_ros_com/share/colcon-core/packages/px4_ros_com)
[5.795s] DEBUG:colcon.colcon_parallel_executor.executor.parallel:closing loop
[5.796s] DEBUG:colcon.colcon_parallel_executor.executor.parallel:loop closed
[5.796s] DEBUG:colcon.colcon_parallel_executor.executor.parallel:run_until_complete finished with '0'
[5.796s] DEBUG:colcon.colcon_core.event_reactor:joining thread
[5.827s] INFO:colcon.colcon_core.plugin_system:Skipping extension 'colcon_notification.desktop_notification.notify_send': Could not find 'notify-send'
[5.827s] INFO:colcon.colcon_core.plugin_system:Skipping extension 'colcon_notification.desktop_notification.terminal_notifier': Not used on non-Darwin systems
[5.827s] INFO:colcon.colcon_core.plugin_system:Skipping extension 'colcon_notification.desktop_notification.win32': Not used on non-Windows systems
[5.827s] INFO:colcon.colcon_notification.desktop_notification:Sending desktop notification using 'notify2'
[5.827s] DEBUG:colcon.colcon_notification.desktop_notification.notify2:Failed to initialize notify2: org.freedesktop.DBus.Error.FileNotFound: Failed to connect to socket /run/user/0/bus: No such file or directory
[5.827s] DEBUG:colcon.colcon_core.event_reactor:joined thread
[5.828s] INFO:colcon.colcon_core.shell:Creating prefix script '/root/ws_sensor_combined/install/local_setup.ps1'
[5.828s] INFO:colcon.colcon_core.shell:Creating prefix util module '/root/ws_sensor_combined/install/_local_setup_util_ps1.py'
[5.829s] INFO:colcon.colcon_core.shell:Creating prefix chain script '/root/ws_sensor_combined/install/setup.ps1'
[5.830s] INFO:colcon.colcon_core.shell:Creating prefix script '/root/ws_sensor_combined/install/local_setup.sh'
[5.830s] INFO:colcon.colcon_core.shell:Creating prefix util module '/root/ws_sensor_combined/install/_local_setup_util_sh.py'
[5.831s] INFO:colcon.colcon_core.shell:Creating prefix chain script '/root/ws_sensor_combined/install/setup.sh'
[5.831s] INFO:colcon.colcon_core.shell:Creating prefix script '/root/ws_sensor_combined/install/local_setup.bash'
[5.832s] INFO:colcon.colcon_core.shell:Creating prefix chain script '/root/ws_sensor_combined/install/setup.bash'
[5.833s] INFO:colcon.colcon_core.shell:Creating prefix script '/root/ws_sensor_combined/install/local_setup.zsh'
[5.833s] INFO:colcon.colcon_core.shell:Creating prefix chain script '/root/ws_sensor_combined/install/setup.zsh'
